model,dataset,seed,split,true_energy,pred_energy,pred_bias,region,region_name,ET
SubNetW8CleanAuxExDnRcK6Rr01QdEma,minbias,0,test,22.798729,23.675416946411133,0.03845337192862108,3,60mm,4.8165793
SubNetW8CleanAuxExDnRcK6Rr01QdEma,minbias,0,test,33.85885,36.94969940185547,0.09128635380278305,1,30mm,1.9564397
SubNetW8CleanAuxExDnRcK6Rr01QdEma,minbias,0,test,47.940945,44.757232666015625,-0.06640903777390939,1,30mm,2.7494204
SubNetW8CleanAuxExDnRcK6Rr01QdEma,minbias,0,test,68.92452,63.1954345703125,-0.08312118285491321,1,30mm,3.3277488
SubNetW8CleanAuxExDnRcK6Rr01QdEma,minbias,0,test,35.715797,35.729949951171875,0.00039625397936182694,3,60mm,4.6682754
SubNetW8CleanAuxExDnRcK6Rr01QdEma,minbias,0,test,5.3382382,5.7188029289245605,0.0712903157516187,2,40mm,0.6080402
SubNetW8CleanAuxExDnRcK6Rr01QdEma,minbias,0,test,48.307503,48.84700393676758,0.011168062092046682,2,40mm,3.9506936
SubNetW8CleanAuxExDnRcK6Rr01QdEma,minbias,0,test,36.982857,36.44165802001953,-0.014633772997041494,3,60mm,4.974726
SubNetW8CleanAuxExDnRcK6Rr01QdEma,minbias,0,test,11.16691,11.627232551574707,0.041222000803801784,2,40mm,1.3495629
SubNetW8CleanAuxExDnRcK6Rr01QdEma,minbias,0,test,6.362254,5.841236591339111,-0.08189197409143367,2,40mm,1.3200728
SubNetW8CleanAuxExDnRcK6Rr01QdEma,minbias,0,test,8.116386,8.873710632324219,0.09330805362881889,3,60mm,1.2484567
SubNetW8CleanAuxExDnRcK6Rr01QdEma,minbias,0,test,13.725328,14.418496131896973,0.05050281231652187,1,30mm,0.76916206
SubNetW8CleanAuxExDnRcK6Rr01QdEma,minbias,0,test,10.314134,9.901325225830078,-0.040023566934281884,3,60mm,1.5758595
SubNetW8CleanAuxExDnRcK6Rr01QdEma,minbias,0,test,18.883783,18.175949096679688,-0.0374837092235667,2,40mm,2.7587852
SubNetW8CleanAuxExDnRcK6Rr01QdEma,minbias,0,test,24.778387,29.25030517578125,0.18047656183186978,3,60mm,2.7967784
SubNetW8CleanAuxExDnRcK6Rr01QdEma,minbias,0,test,24.841995,24.140256881713867,-0.02824806746742259,3,60mm,3.9097621
SubNetW8CleanAuxExDnRcK6Rr01QdEma,minbias,0,test,16.504148,15.61668872833252,-0.053771920183771305,3,60mm,2.9216669
SubNetW8CleanAuxExDnRcK6Rr01QdEma,minbias,0,test,6.475121,6.23776912689209,-0.03665597810434151,3,60mm,1.0702679
SubNetW8CleanAuxExDnRcK6Rr01QdEma,minbias,0,test,23.99581,24.470958709716797,0.01980133879513213,2,40mm,3.1563208
SubNetW8CleanAuxExDnRcK6Rr01QdEma,minbias,0,test,36.3594,36.285701751708984,-0.002026984706022694,3,60mm,4.6608386
SubNetW8CleanAuxExDnRcK6Rr01QdEma,minbias,0,test,10.665589,8.763063430786133,-0.1783798196676032,2,40mm,1.0127547
SubNetW8CleanAuxExDnRcK6Rr01QdEma,minbias,0,test,4.4114504,4.420185089111328,0.0019800070950795057,3,60mm,0.7802994
SubNetW8CleanAuxExDnRcK6Rr01QdEma,minbias,0,test,25.270784,24.76622200012207,-0.019966233353955976,2,40mm,2.0768206
SubNetW8CleanAuxExDnRcK6Rr01QdEma,minbias,0,test,52.4141,51.49029541015625,-0.01762512807457206,0,15mm,2.1771002
SubNetW8CleanAuxExDnRcK6Rr01QdEma,minbias,0,test,13.729034,13.719871520996094,-0.000667410580319383,3,60mm,2.5856423
SubNetW8CleanAuxExDnRcK6Rr01QdEma,minbias,0,test,9.141914,9.521965026855469,0.04157232762138752,1,30mm,0.90707964
SubNetW8CleanAuxExDnRcK6Rr01QdEma,minbias,0,test,24.25112,26.629491806030273,0.09807267582995927,0,15mm,1.0044916
SubNetW8CleanAuxExDnRcK6Rr01QdEma,minbias,0,test,52.621677,53.45524978637695,0.015840855497248008,2,40mm,4.9936132
SubNetW8CleanAuxExDnRcK6Rr01QdEma,minbias,0,test,4.976269,4.592485427856445,-0.07712271147773975,4,120mm,1.179286
SubNetW8CleanAuxExDnRcK6Rr01QdEma,minbias,0,test,9.086413,9.118700981140137,0.0035533929938669218,2,40mm,0.6929476
SubNetW8CleanAuxExDnRcK6Rr01QdEma,minbias,0,test,5.5365515,5.757495880126953,0.03990650237404392,3,60mm,1.1590523
SubNetW8CleanAuxExDnRcK6Rr01QdEma,minbias,0,test,30.66763,32.00341796875,0.04355696086803196,0,15mm,1.0468093
SubNetW8CleanAuxExDnRcK6Rr01QdEma,minbias,0,test,12.2995,12.643743515014648,0.027988376486522748,3,60mm,2.9196975
SubNetW8CleanAuxExDnRcK6Rr01QdEma,minbias,0,test,18.23111,18.105724334716797,-0.0068775454178712225,3,60mm,3.9120169
SubNetW8CleanAuxExDnRcK6Rr01QdEma,minbias,0,test,15.152911,14.75267219543457,-0.026413339711758743,1,30mm,0.93687093
SubNetW8CleanAuxExDnRcK6Rr01QdEma,minbias,0,test,29.702723,36.45572280883789,0.22735290504631123,2,40mm,2.6241715
SubNetW8CleanAuxExDnRcK6Rr01QdEma,minbias,0,test,55.19962,54.24477005004883,-0.017298112838279422,1,30mm,2.4785306
SubNetW8CleanAuxExDnRcK6Rr01QdEma,minbias,0,test,61.137043,61.92238235473633,0.012845556751545084,2,40mm,4.215052
SubNetW8CleanAuxExDnRcK6Rr01QdEma,minbias,0,test,4.942004,5.583986282348633,0.1299031834208242,3,60mm,0.557936
SubNetW8CleanAuxExDnRcK6Rr01QdEma,minbias,0,test,21.679913,20.812801361083984,-0.039996065637691314,3,60mm,2.7507243
SubNetW8CleanAuxExDnRcK6Rr01QdEma,minbias,0,test,78.37288,79.90682983398438,0.019572469771204526,0,15mm,2.7071943
SubNetW8CleanAuxExDnRcK6Rr01QdEma,minbias,0,test,7.6578717,7.243190288543701,-0.054151002996876474,2,40mm,0.84763736
SubNetW8CleanAuxExDnRcK6Rr01QdEma,minbias,0,test,23.364199,22.880598068237305,-0.020698360897432377,3,60mm,3.948285
SubNetW8CleanAuxExDnRcK6Rr01QdEma,minbias,0,test,18.393047,18.153718948364258,-0.013011894117898382,2,40mm,3.0013418
SubNetW8CleanAuxExDnRcK6Rr01QdEma,minbias,0,test,12.635764,12.372640609741211,-0.020823711943922074,3,60mm,1.9499509
SubNetW8CleanAuxExDnRcK6Rr01QdEma,minbias,0,test,21.682827,21.10252571105957,-0.02676317460362143,2,40mm,1.7453964
SubNetW8CleanAuxExDnRcK6Rr01QdEma,minbias,0,test,23.872887,23.360504150390625,-0.021462947261915444,4,120mm,4.7565317
SubNetW8CleanAuxExDnRcK6Rr01QdEma,minbias,0,test,28.465416,28.540157318115234,0.0026256901934833543,2,40mm,2.7566667
SubNetW8CleanAuxExDnRcK6Rr01QdEma,minbias,0,test,9.821657,10.028669357299805,0.02107711282355118,1,30mm,0.8665512
SubNetW8CleanAuxExDnRcK6Rr01QdEma,minbias,0,test,21.410372,20.891321182250977,-0.02424295119526143,1,30mm,1.2528454
SubNetW8CleanAuxExDnRcK6Rr01QdEma,minbias,0,test,15.916566,15.793895721435547,-0.007707075411470088,3,60mm,1.8574278
SubNetW8CleanAuxExDnRcK6Rr01QdEma,minbias,0,test,28.213902,27.341062545776367,-0.030936486164001242,2,40mm,2.5170987
SubNetW8CleanAuxExDnRcK6Rr01QdEma,minbias,0,test,95.53376,88.83406066894531,-0.07012912918836511,0,15mm,2.7961729
SubNetW8CleanAuxExDnRcK6Rr01QdEma,minbias,0,test,10.931079,10.959796905517578,0.002627187574457457,3,60mm,1.5329155
SubNetW8CleanAuxExDnRcK6Rr01QdEma,minbias,0,test,19.783697,19.961074829101562,0.008965852017213116,2,40mm,4.051815
SubNetW8CleanAuxExDnRcK6Rr01QdEma,minbias,0,test,89.442,76.99147033691406,-0.1392022854916286,0,15mm,4.1414366
SubNetW8CleanAuxExDnRcK6Rr01QdEma,minbias,0,test,24.122469,23.980810165405273,-0.005872482757142916,2,40mm,3.3535461
SubNetW8CleanAuxExDnRcK6Rr01QdEma,minbias,0,test,35.756912,35.868492126464844,0.003120512596202385,3,60mm,4.7976737
SubNetW8CleanAuxExDnRcK6Rr01QdEma,minbias,0,test,17.920208,18.520458221435547,0.03349571862676748,1,30mm,0.96139467
SubNetW8CleanAuxExDnRcK6Rr01QdEma,minbias,0,test,46.75599,47.02849578857422,0.005828273965753805,0,15mm,1.3931799
SubNetW8CleanAuxExDnRcK6Rr01QdEma,minbias,0,test,7.3520613,6.847858905792236,-0.06857972849305283,3,60mm,0.8358574
SubNetW8CleanAuxExDnRcK6Rr01QdEma,minbias,0,test,7.383751,6.942873001098633,-0.0597092073490163,3,60mm,1.4562545
SubNetW8CleanAuxExDnRcK6Rr01QdEma,minbias,0,test,40.284847,39.18136215209961,-0.027392063827697988,2,40mm,3.7380593
SubNetW8CleanAuxExDnRcK6Rr01QdEma,minbias,0,test,25.826664,24.83981704711914,-0.03821039081695732,2,40mm,4.892666
SubNetW8CleanAuxExDnRcK6Rr01QdEma,minbias,0,test,14.042237,13.793377876281738,-0.017722204839832334,2,40mm,2.7378616
SubNetW8CleanAuxExDnRcK6Rr01QdEma,minbias,0,test,57.720646,59.052528381347656,0.02307462877337385,0,15mm,1.4472077
SubNetW8CleanAuxExDnRcK6Rr01QdEma,minbias,0,test,17.510868,16.492406845092773,-0.05816166412765511,2,40mm,1.7175976
SubNetW8CleanAuxExDnRcK6Rr01QdEma,minbias,0,test,54.73234,57.63654327392578,0.05306189017027396,1,30mm,3.6558506
SubNetW8CleanAuxExDnRcK6Rr01QdEma,minbias,0,test,3.8244553,3.555330514907837,-0.07036943249168626,2,40mm,0.5369238
SubNetW8CleanAuxExDnRcK6Rr01QdEma,minbias,0,test,36.26076,36.445613861083984,0.0050978687062630534,2,40mm,4.1194825
SubNetW8CleanAuxExDnRcK6Rr01QdEma,minbias,0,test,70.686005,67.26683044433594,-0.04837130365217057,0,15mm,2.1694822
SubNetW8CleanAuxExDnRcK6Rr01QdEma,minbias,0,test,62.865437,62.5200080871582,-0.005494727878019412,1,30mm,4.4372296
SubNetW8CleanAuxExDnRcK6Rr01QdEma,minbias,0,test,20.34066,19.391080856323242,-0.04668379661459421,3,60mm,3.5163226
SubNetW8CleanAuxExDnRcK6Rr01QdEma,minbias,0,test,65.12402,61.52751541137695,-0.05522551949780319,0,15mm,1.8560768
SubNetW8CleanAuxExDnRcK6Rr01QdEma,minbias,0,test,42.323544,16.77035140991211,-0.6037583339244477,1,30mm,3.0679424
SubNetW8CleanAuxExDnRcK6Rr01QdEma,minbias,0,test,69.668915,71.89608764648438,0.03196795670089636,1,30mm,3.0753372
SubNetW8CleanAuxExDnRcK6Rr01QdEma,minbias,0,test,23.42595,15.5991792678833,-0.33410684008980984,1,30mm,1.5631354
SubNetW8CleanAuxExDnRcK6Rr01QdEma,minbias,0,test,50.28563,51.99178695678711,0.03392932949256244,0,15mm,2.6881425
SubNetW8CleanAuxExDnRcK6Rr01QdEma,minbias,0,test,45.351418,44.23740768432617,-0.024563947888910698,2,40mm,4.626452
SubNetW8CleanAuxExDnRcK6Rr01QdEma,minbias,0,test,40.152466,39.23286819458008,-0.0229026438836345,3,60mm,4.9782734
SubNetW8CleanAuxExDnRcK6Rr01QdEma,minbias,0,test,11.936997,12.268818855285645,0.027797730882588745,4,120mm,2.5737119
SubNetW8CleanAuxExDnRcK6Rr01QdEma,minbias,0,test,46.878197,49.81428527832031,0.06263228467980464,0,15mm,1.1409969
SubNetW8CleanAuxExDnRcK6Rr01QdEma,minbias,0,test,17.335451,16.970632553100586,-0.02104465412202683,3,60mm,2.262263
SubNetW8CleanAuxExDnRcK6Rr01QdEma,minbias,0,test,10.848982,10.92434310913086,0.0069463893314880565,2,40mm,2.0402653
SubNetW8CleanAuxExDnRcK6Rr01QdEma,minbias,0,test,58.667103,58.39778518676758,-0.004590607240454014,1,30mm,3.6248677
SubNetW8CleanAuxExDnRcK6Rr01QdEma,minbias,0,test,6.9653263,6.980981826782227,0.0022476359158418724,4,120mm,1.5443342
SubNetW8CleanAuxExDnRcK6Rr01QdEma,minbias,0,test,66.91793,66.32976531982422,-0.008789352538294382,1,30mm,3.4502735
SubNetW8CleanAuxExDnRcK6Rr01QdEma,minbias,0,test,44.557613,44.876380920410156,0.0071540534485177165,2,40mm,3.8993974
SubNetW8CleanAuxExDnRcK6Rr01QdEma,minbias,0,test,90.166824,88.71464538574219,-0.016105468565567493,0,15mm,2.4181647
SubNetW8CleanAuxExDnRcK6Rr01QdEma,minbias,0,test,18.082506,17.234333038330078,-0.04690572938537352,2,40mm,2.5059545
SubNetW8CleanAuxExDnRcK6Rr01QdEma,minbias,0,test,28.753717,30.007736206054688,0.04361240548982703,0,15mm,0.7216628
SubNetW8CleanAuxExDnRcK6Rr01QdEma,minbias,0,test,97.74395,93.62889862060547,-0.042100316941933835,0,15mm,2.521484
SubNetW8CleanAuxExDnRcK6Rr01QdEma,minbias,0,test,14.229557,14.473834037780762,0.017166873134982552,3,60mm,2.8597758
SubNetW8CleanAuxExDnRcK6Rr01QdEma,minbias,0,test,19.183771,19.951385498046875,0.04001373657375695,3,60mm,4.1611137
SubNetW8CleanAuxExDnRcK6Rr01QdEma,minbias,0,test,20.412552,22.190092086791992,0.0870807441112249,1,30mm,1.784532
SubNetW8CleanAuxExDnRcK6Rr01QdEma,minbias,0,test,63.970627,62.31223678588867,-0.02592424253627834,2,40mm,4.071614
SubNetW8CleanAuxExDnRcK6Rr01QdEma,minbias,0,test,32.761593,32.29887390136719,-0.014123823756979736,3,60mm,4.529786
SubNetW8CleanAuxExDnRcK6Rr01QdEma,minbias,0,test,17.834644,17.26552963256836,-0.031910627143604264,3,60mm,3.536352
SubNetW8CleanAuxExDnRcK6Rr01QdEma,minbias,0,test,38.22021,37.21809387207031,-0.026219561064711905,1,30mm,3.0618095
SubNetW8CleanAuxExDnRcK6Rr01QdEma,minbias,0,test,19.629387,19.438289642333984,-0.009735263789793724,3,60mm,3.121235
SubNetW8CleanAuxExDnRcK6Rr01QdEma,minbias,0,test,9.122377,8.487178802490234,-0.06963081723016007,2,40mm,0.8415155
SubNetW8CleanAuxExDnRcK6Rr01QdEma,minbias,0,test,20.43986,24.103994369506836,0.1792641969442459,3,60mm,4.7176595
SubNetW8CleanAuxExDnRcK6Rr01QdEma,minbias,0,test,36.065304,35.300968170166016,-0.021193101173084927,3,60mm,4.322685
SubNetW8CleanAuxExDnRcK6Rr01QdEma,minbias,0,test,27.679155,26.340373992919922,-0.048367854433987056,2,40mm,4.177473
SubNetW8CleanAuxExDnRcK6Rr01QdEma,minbias,0,test,14.507972,16.991716384887695,0.17119861147694193,0,15mm,0.5690626
SubNetW8CleanAuxExDnRcK6Rr01QdEma,minbias,0,test,11.80159,10.992785453796387,-0.06853352085323927,1,30mm,0.62272394
SubNetW8CleanAuxExDnRcK6Rr01QdEma,minbias,0,test,10.204379,9.595132827758789,-0.05970439250520576,2,40mm,0.89216983
SubNetW8CleanAuxExDnRcK6Rr01QdEma,minbias,0,test,18.073418,19.625986099243164,0.08590342261596962,3,60mm,4.283417
SubNetW8CleanAuxExDnRcK6Rr01QdEma,minbias,0,test,51.300865,52.696929931640625,0.02721327902723747,1,30mm,2.868714
SubNetW8CleanAuxExDnRcK6Rr01QdEma,minbias,0,test,50.14983,50.27094650268555,0.0024150956944586355,2,40mm,4.141162
SubNetW8CleanAuxExDnRcK6Rr01QdEma,minbias,0,test,12.347884,12.363234519958496,0.0012431556350378514,1,30mm,1.080922
SubNetW8CleanAuxExDnRcK6Rr01QdEma,minbias,0,test,19.530634,19.027076721191406,-0.025782942176789336,3,60mm,4.02234
SubNetW8CleanAuxExDnRcK6Rr01QdEma,minbias,0,test,17.107311,14.455547332763672,-0.155007638398164,3,60mm,3.668669
SubNetW8CleanAuxExDnRcK6Rr01QdEma,minbias,0,test,15.559933,19.715282440185547,0.26705447955511996,2,40mm,1.5914228
SubNetW8CleanAuxExDnRcK6Rr01QdEma,minbias,0,test,12.868854,12.54720687866211,-0.024994199261284877,3,60mm,2.7136245
SubNetW8CleanAuxExDnRcK6Rr01QdEma,minbias,0,test,13.598748,13.35220718383789,-0.018129685137181495,2,40mm,2.087329
SubNetW8CleanAuxExDnRcK6Rr01QdEma,minbias,0,test,9.6060505,9.698575973510742,0.009632000400290996,3,60mm,2.070777
SubNetW8CleanAuxExDnRcK6Rr01QdEma,minbias,0,test,65.71759,63.74447250366211,-0.03002419623726571,0,15mm,1.6860248
SubNetW8CleanAuxExDnRcK6Rr01QdEma,minbias,0,test,12.432589,12.110662460327148,-0.025893732020692006,3,60mm,2.9757457
SubNetW8CleanAuxExDnRcK6Rr01QdEma,minbias,0,test,15.57797,15.505803108215332,-0.0046325962208637605,2,40mm,1.7284592
SubNetW8CleanAuxExDnRcK6Rr01QdEma,minbias,0,test,67.03494,66.81324768066406,-0.003307155009034446,2,40mm,4.7394443
SubNetW8CleanAuxExDnRcK6Rr01QdEma,minbias,0,test,3.8313432,4.07366418838501,0.06324701374962682,3,60mm,0.65832996
SubNetW8CleanAuxExDnRcK6Rr01QdEma,minbias,0,test,16.661303,17.74909782409668,0.06528872837071464,2,40mm,3.706366
SubNetW8CleanAuxExDnRcK6Rr01QdEma,minbias,0,test,30.649849,29.669095993041992,-0.03199862247055696,3,60mm,4.8142548
SubNetW8CleanAuxExDnRcK6Rr01QdEma,minbias,0,test,46.719116,45.933013916015625,-0.016826137964010557,3,60mm,4.846332
SubNetW8CleanAuxExDnRcK6Rr01QdEma,minbias,0,test,19.150885,17.91487693786621,-0.06454050110058396,3,60mm,4.0387373
SubNetW8CleanAuxExDnRcK6Rr01QdEma,minbias,0,test,15.107211,15.260494232177734,0.010146354482992503,3,60mm,2.650149
SubNetW8CleanAuxExDnRcK6Rr01QdEma,minbias,0,test,29.513237,28.639907836914062,-0.029591100515748425,0,15mm,1.0156821
SubNetW8CleanAuxExDnRcK6Rr01QdEma,minbias,0,test,38.469418,38.00498962402344,-0.012072653481913442,2,40mm,4.196786
SubNetW8CleanAuxExDnRcK6Rr01QdEma,minbias,0,test,20.477186,21.978254318237305,0.07330441303572499,0,15mm,0.50647646
SubNetW8CleanAuxExDnRcK6Rr01QdEma,minbias,0,test,47.093628,51.463043212890625,0.09278145420707062,1,30mm,2.7099738
SubNetW8CleanAuxExDnRcK6Rr01QdEma,minbias,0,test,40.12765,40.259849548339844,0.0032944448463541054,2,40mm,4.0862336
SubNetW8CleanAuxExDnRcK6Rr01QdEma,minbias,0,test,16.26129,16.513851165771484,0.015531460018234577,4,120mm,3.8222816
SubNetW8CleanAuxExDnRcK6Rr01QdEma,minbias,0,test,19.882076,19.52736473083496,-0.017840769137640322,3,60mm,3.8693054
SubNetW8CleanAuxExDnRcK6Rr01QdEma,minbias,0,test,10.361667,11.204706192016602,0.08136138120634206,1,30mm,0.6303798
SubNetW8CleanAuxExDnRcK6Rr01QdEma,minbias,0,test,32.099953,31.300251007080078,-0.02491286196598619,2,40mm,3.288744
SubNetW8CleanAuxExDnRcK6Rr01QdEma,minbias,0,test,27.440838,27.44635009765625,0.0002008771589603331,2,40mm,3.175311
SubNetW8CleanAuxExDnRcK6Rr01QdEma,minbias,0,test,24.084335,23.92821502685547,-0.006482234123230568,3,60mm,3.3673742
SubNetW8CleanAuxExDnRcK6Rr01QdEma,minbias,0,test,23.161951,22.961410522460938,-0.008658188683639212,2,40mm,2.5764582
SubNetW8CleanAuxExDnRcK6Rr01QdEma,minbias,0,test,22.66473,22.281414031982422,-0.016912446732037067,3,60mm,2.8096175
SubNetW8CleanAuxExDnRcK6Rr01QdEma,minbias,0,test,29.749601,28.84152603149414,-0.030523949599416178,2,40mm,4.7425704
SubNetW8CleanAuxExDnRcK6Rr01QdEma,minbias,0,test,9.484716,8.68895435333252,-0.08389940481301694,2,40mm,1.0255569
SubNetW8CleanAuxExDnRcK6Rr01QdEma,minbias,0,test,11.089402,10.8157958984375,-0.024672772747283078,3,60mm,1.4666866
SubNetW8CleanAuxExDnRcK6Rr01QdEma,minbias,0,test,26.1266,27.807100296020508,0.06432142006384489,3,60mm,3.765274
SubNetW8CleanAuxExDnRcK6Rr01QdEma,minbias,0,test,74.088455,75.99771118164062,0.025769952636835125,0,15mm,1.6502471
SubNetW8CleanAuxExDnRcK6Rr01QdEma,minbias,0,test,3.7824993,3.9641571044921875,0.04802586229066441,3,60mm,0.59474903
SubNetW8CleanAuxExDnRcK6Rr01QdEma,minbias,0,test,18.227045,16.849729537963867,-0.07556438889389439,2,40mm,1.6803327
SubNetW8CleanAuxExDnRcK6Rr01QdEma,minbias,0,test,81.05841,76.58077239990234,-0.05523965013655241,0,15mm,2.4745126
SubNetW8CleanAuxExDnRcK6Rr01QdEma,minbias,0,test,6.262488,6.723723888397217,0.07365060153171421,3,60mm,0.8317734
SubNetW8CleanAuxExDnRcK6Rr01QdEma,minbias,0,test,28.07542,34.56687545776367,0.23121488442014004,0,15mm,0.63969696
SubNetW8CleanAuxExDnRcK6Rr01QdEma,minbias,0,test,35.618416,34.42536926269531,-0.033495217065071414,2,40mm,2.804593
SubNetW8CleanAuxExDnRcK6Rr01QdEma,minbias,0,test,22.346115,22.418363571166992,0.0032331552262756524,2,40mm,2.1351988
SubNetW8CleanAuxExDnRcK6Rr01QdEma,minbias,0,test,82.609375,87.81217193603516,0.06298070813433898,0,15mm,2.634343
SubNetW8CleanAuxExDnRcK6Rr01QdEma,minbias,0,test,50.217056,52.065818786621094,0.036815429843285896,1,30mm,4.855811
SubNetW8CleanAuxExDnRcK6Rr01QdEma,minbias,0,test,10.937094,11.452573776245117,0.04713135445356076,4,120mm,2.5264437
SubNetW8CleanAuxExDnRcK6Rr01QdEma,minbias,0,test,29.896908,29.26079559326172,-0.021276856364345065,2,40mm,3.7365181
SubNetW8CleanAuxExDnRcK6Rr01QdEma,minbias,0,test,91.31422,90.52864074707031,-0.008602996289416298,1,30mm,4.36514
SubNetW8CleanAuxExDnRcK6Rr01QdEma,minbias,0,test,53.995728,49.05043029785156,-0.09158682485819503,0,15mm,2.0846775
SubNetW8CleanAuxExDnRcK6Rr01QdEma,minbias,0,test,9.5234165,9.030869483947754,-0.0517195729312141,2,40mm,1.2849337
SubNetW8CleanAuxExDnRcK6Rr01QdEma,minbias,0,test,26.331528,26.014347076416016,-0.012045660131786984,3,60mm,4.6136312
SubNetW8CleanAuxExDnRcK6Rr01QdEma,minbias,0,test,42.13963,41.64374923706055,-0.01176754837280547,2,40mm,4.7054524
SubNetW8CleanAuxExDnRcK6Rr01QdEma,minbias,0,test,21.409678,21.10796546936035,-0.0140923204497313,3,60mm,4.1325207
SubNetW8CleanAuxExDnRcK6Rr01QdEma,minbias,0,test,34.106777,33.55472946166992,-0.016185866122678916,0,15mm,0.9997259
SubNetW8CleanAuxExDnRcK6Rr01QdEma,minbias,0,test,19.102642,18.41486930847168,-0.03600406418748303,3,60mm,4.213339
SubNetW8CleanAuxExDnRcK6Rr01QdEma,minbias,0,test,68.62155,57.14181137084961,-0.1672905944211286,0,15mm,2.1005933
SubNetW8CleanAuxExDnRcK6Rr01QdEma,minbias,0,test,8.785967,7.01396369934082,-0.20168561973976507,1,30mm,0.8448723
SubNetW8CleanAuxExDnRcK6Rr01QdEma,minbias,0,test,12.729639,12.90326976776123,0.013639877272944467,4,120mm,2.9097197
SubNetW8CleanAuxExDnRcK6Rr01QdEma,minbias,0,test,44.885506,45.332054138183594,0.009948611588220357,1,30mm,2.4289715
SubNetW8CleanAuxExDnRcK6Rr01QdEma,minbias,0,test,84.367226,84.06201171875,-0.0036176835955208375,1,30mm,4.2748423
SubNetW8CleanAuxExDnRcK6Rr01QdEma,minbias,0,test,28.735682,27.728137969970703,-0.03506245580628353,3,60mm,3.822172
SubNetW8CleanAuxExDnRcK6Rr01QdEma,minbias,0,test,10.316137,13.366007804870605,0.2956407420959146,2,40mm,0.7007979
SubNetW8CleanAuxExDnRcK6Rr01QdEma,minbias,0,test,15.559527,15.216493606567383,-0.022046543049314193,3,60mm,2.7497203
SubNetW8CleanAuxExDnRcK6Rr01QdEma,minbias,0,test,26.026989,24.82452392578125,-0.04620069798128901,2,40mm,2.3087142
SubNetW8CleanAuxExDnRcK6Rr01QdEma,minbias,0,test,11.066554,12.186882972717285,0.10123556946095791,3,60mm,1.5915649
SubNetW8CleanAuxExDnRcK6Rr01QdEma,minbias,0,test,6.4125614,5.718636989593506,-0.10821329917142297,2,40mm,0.9765644
SubNetW8CleanAuxExDnRcK6Rr01QdEma,minbias,0,test,12.260945,11.708690643310547,-0.04504176981461483,3,60mm,1.542919
SubNetW8CleanAuxExDnRcK6Rr01QdEma,minbias,0,test,39.831432,40.27936553955078,0.011245721548989174,0,15mm,1.2150475
SubNetW8CleanAuxExDnRcK6Rr01QdEma,minbias,0,test,5.629313,5.560699462890625,-0.012188615076415443,3,60mm,1.0225654
SubNetW8CleanAuxExDnRcK6Rr01QdEma,minbias,0,test,16.105913,16.169525146484375,0.0039496043230942135,3,60mm,2.5081015
SubNetW8CleanAuxExDnRcK6Rr01QdEma,minbias,0,test,16.166828,18.757226943969727,0.16022925236377117,1,30mm,0.88653743
SubNetW8CleanAuxExDnRcK6Rr01QdEma,minbias,0,test,17.11428,16.563121795654297,-0.032204619911795795,4,120mm,3.828525
SubNetW8CleanAuxExDnRcK6Rr01QdEma,minbias,0,test,4.7554526,4.4148335456848145,-0.07162705919146739,3,60mm,0.83341706
SubNetW8CleanAuxExDnRcK6Rr01QdEma,minbias,0,test,23.030548,23.276718139648438,0.010688848694453856,2,40mm,1.8669527
SubNetW8CleanAuxExDnRcK6Rr01QdEma,minbias,0,test,90.964035,75.11170959472656,-0.17427025344133673,0,15mm,2.9700308
SubNetW8CleanAuxExDnRcK6Rr01QdEma,minbias,0,test,22.848736,23.03182601928711,0.00801314398699482,3,60mm,4.6102047
SubNetW8CleanAuxExDnRcK6Rr01QdEma,minbias,0,test,5.054059,5.168760776519775,0.022694975908400083,4,120mm,0.98936343
SubNetW8CleanAuxExDnRcK6Rr01QdEma,minbias,0,test,57.74999,51.401554107666016,-0.1099296226196862,2,40mm,4.9072013
SubNetW8CleanAuxExDnRcK6Rr01QdEma,minbias,0,test,89.95426,85.77474212646484,-0.04646271972696625,0,15mm,3.4078414
SubNetW8CleanAuxExDnRcK6Rr01QdEma,minbias,0,test,16.09529,16.215694427490234,0.007480772505568778,2,40mm,1.7138352
SubNetW8CleanAuxExDnRcK6Rr01QdEma,minbias,0,test,19.86978,20.092798233032227,0.011224012086600066,3,60mm,2.960754
SubNetW8CleanAuxExDnRcK6Rr01QdEma,minbias,0,test,31.035261,37.5625,0.21031686549694673,1,30mm,1.4913565
SubNetW8CleanAuxExDnRcK6Rr01QdEma,minbias,0,test,21.110348,21.845863342285156,0.034841472213975155,2,40mm,2.435858
SubNetW8CleanAuxExDnRcK6Rr01QdEma,minbias,0,test,11.430843,11.265812873840332,-0.014437296910723596,3,60mm,2.3427634
SubNetW8CleanAuxExDnRcK6Rr01QdEma,minbias,0,test,60.635204,56.474491119384766,-0.06861877093994995,0,15mm,2.5411444
SubNetW8CleanAuxExDnRcK6Rr01QdEma,minbias,0,test,15.4602995,14.689070701599121,-0.04988446638360067,3,60mm,2.1748984
SubNetW8CleanAuxExDnRcK6Rr01QdEma,minbias,0,test,12.079257,12.31318187713623,0.019365832310846764,3,60mm,2.5463994
SubNetW8CleanAuxExDnRcK6Rr01QdEma,minbias,0,test,65.15398,64.3686752319336,-0.012053005071978928,2,40mm,4.847045
SubNetW8CleanAuxExDnRcK6Rr01QdEma,minbias,0,test,16.406836,15.740818977355957,-0.04059384738756189,2,40mm,1.7943898
SubNetW8CleanAuxExDnRcK6Rr01QdEma,minbias,0,test,35.224438,39.81168746948242,0.1302291833060334,2,40mm,4.6727166
SubNetW8CleanAuxExDnRcK6Rr01QdEma,minbias,0,test,57.161556,56.34880065917969,-0.014218569929218439,1,30mm,2.6112075
SubNetW8CleanAuxExDnRcK6Rr01QdEma,minbias,0,test,44.969707,52.56715393066406,0.16894587191847954,1,30mm,2.4846025
SubNetW8CleanAuxExDnRcK6Rr01QdEma,minbias,0,test,6.4877214,6.17026424407959,-0.048932002071478964,3,60mm,0.79288036
SubNetW8CleanAuxExDnRcK6Rr01QdEma,minbias,0,test,16.892185,15.701496124267578,-0.07048756996376615,3,60mm,2.6002333
SubNetW8CleanAuxExDnRcK6Rr01QdEma,minbias,0,test,46.684547,46.6133918762207,-0.0015241777423473657,2,40mm,3.6560307
SubNetW8CleanAuxExDnRcK6Rr01QdEma,minbias,0,test,23.685747,26.256135940551758,0.10852048609805331,0,15mm,1.0274575
SubNetW8CleanAuxExDnRcK6Rr01QdEma,minbias,0,test,95.052345,93.00264739990234,-0.021563885352092527,1,30mm,4.9694476
SubNetW8CleanAuxExDnRcK6Rr01QdEma,minbias,0,test,26.636152,23.73872184753418,-0.10877811445243701,3,60mm,2.7824068
SubNetW8CleanAuxExDnRcK6Rr01QdEma,minbias,0,test,90.13543,90.78441619873047,0.007200130080408984,1,30mm,4.7153745
SubNetW8CleanAuxExDnRcK6Rr01QdEma,minbias,0,test,16.758644,16.13335418701172,-0.037311486126899496,3,60mm,2.518596
SubNetW8CleanAuxExDnRcK6Rr01QdEma,minbias,0,test,9.590015,9.194958686828613,-0.041194587036812336,2,40mm,0.7996669
SubNetW8CleanAuxExDnRcK6Rr01QdEma,minbias,0,test,29.254957,28.567853927612305,-0.023486729678264262,3,60mm,3.7569406
SubNetW8CleanAuxExDnRcK6Rr01QdEma,minbias,0,test,15.229469,16.16779327392578,0.06161238820393389,1,30mm,0.7742119
SubNetW8CleanAuxExDnRcK6Rr01QdEma,minbias,0,test,29.98255,29.06694221496582,-0.030538011695162348,2,40mm,2.5996907
SubNetW8CleanAuxExDnRcK6Rr01QdEma,minbias,0,test,36.534218,35.938899993896484,-0.016294801855986307,3,60mm,4.494983
SubNetW8CleanAuxExDnRcK6Rr01QdEma,minbias,0,test,27.069277,26.42369842529297,-0.023849118280406367,3,60mm,2.8259044
SubNetW8CleanAuxExDnRcK6Rr01QdEma,minbias,0,test,13.926273,13.663864135742188,-0.018842744479192874,4,120mm,3.0294497
SubNetW8CleanAuxExDnRcK6Rr01QdEma,minbias,0,test,3.9539366,3.497859239578247,-0.11534766134997976,4,120mm,0.85334724
SubNetW8CleanAuxExDnRcK6Rr01QdEma,minbias,0,test,36.427696,42.75204086303711,0.17361363165600996,2,40mm,3.3665514
SubNetW8CleanAuxExDnRcK6Rr01QdEma,minbias,0,test,14.765874,15.040600776672363,0.018605527134319733,3,60mm,2.553584
SubNetW8CleanAuxExDnRcK6Rr01QdEma,minbias,0,test,23.663795,26.606868743896484,0.12437029707630853,2,40mm,2.6862798
SubNetW8CleanAuxExDnRcK6Rr01QdEma,minbias,0,test,14.469627,13.862106323242188,-0.04198595037444053,3,60mm,2.2587245
SubNetW8CleanAuxExDnRcK6Rr01QdEma,minbias,0,test,13.688693,13.560220718383789,-0.009385288116912527,3,60mm,1.6317246
SubNetW8CleanAuxExDnRcK6Rr01QdEma,minbias,0,test,15.551846,15.44108772277832,-0.007121844632450358,2,40mm,2.3854668
SubNetW8CleanAuxExDnRcK6Rr01QdEma,minbias,0,test,8.458819,7.283185005187988,-0.13898327060114113,3,60mm,1.1356533
SubNetW8CleanAuxExDnRcK6Rr01QdEma,minbias,0,test,24.607393,33.750125885009766,0.3715441339871042,3,60mm,3.2708485
SubNetW8CleanAuxExDnRcK6Rr01QdEma,minbias,0,test,5.364301,5.449709415435791,0.015921591181319084,3,60mm,0.8830031
SubNetW8CleanAuxExDnRcK6Rr01QdEma,minbias,0,test,19.90615,20.12339973449707,0.010913657723869763,2,40mm,3.1121225
SubNetW8CleanAuxExDnRcK6Rr01QdEma,minbias,0,test,11.941464,6.4261322021484375,-0.46186397464272144,4,120mm,2.643358
SubNetW8CleanAuxExDnRcK6Rr01QdEma,minbias,0,test,15.099272,15.202698707580566,0.00684979612491432,3,60mm,1.7390395
SubNetW8CleanAuxExDnRcK6Rr01QdEma,minbias,0,test,97.73166,99.29918670654297,0.016039099183099648,0,15mm,4.98077
SubNetW8CleanAuxExDnRcK6Rr01QdEma,minbias,0,test,41.760166,41.204219818115234,-0.013312838551893358,2,40mm,3.176626
SubNetW8CleanAuxExDnRcK6Rr01QdEma,minbias,0,test,34.701405,34.29399490356445,-0.011740437397250614,3,60mm,4.243321
SubNetW8CleanAuxExDnRcK6Rr01QdEma,minbias,0,test,23.903824,23.989789962768555,0.0035963329867141347,3,60mm,4.3143
SubNetW8CleanAuxExDnRcK6Rr01QdEma,minbias,0,test,16.75541,16.202373504638672,-0.033006399792365304,3,60mm,2.6384075
SubNetW8CleanAuxExDnRcK6Rr01QdEma,minbias,0,test,30.281973,29.488126754760742,-0.02621513906581907,2,40mm,2.1608765
SubNetW8CleanAuxExDnRcK6Rr01QdEma,minbias,0,test,10.356723,10.061531066894531,-0.0285024297384181,1,30mm,0.60788465
SubNetW8CleanAuxExDnRcK6Rr01QdEma,minbias,0,test,9.678074,9.784236907958984,0.010969437326594722,3,60mm,1.73664
SubNetW8CleanAuxExDnRcK6Rr01QdEma,minbias,0,test,24.472605,25.020097732543945,0.022371667687785868,3,60mm,4.5891633
SubNetW8CleanAuxExDnRcK6Rr01QdEma,minbias,0,test,16.398031,17.634784698486328,0.07542085059119197,3,60mm,2.816531
SubNetW8CleanAuxExDnRcK6Rr01QdEma,minbias,0,test,45.868675,43.7348518371582,-0.046520275198395744,0,15mm,1.8363441
SubNetW8CleanAuxExDnRcK6Rr01QdEma,minbias,0,test,26.520351,24.31326675415039,-0.08322230055129698,0,15mm,0.5968342
SubNetW8CleanAuxExDnRcK6Rr01QdEma,minbias,0,test,98.12503,93.7310562133789,-0.04477934203966527,0,15mm,3.1976352
SubNetW8CleanAuxExDnRcK6Rr01QdEma,minbias,0,test,14.905573,15.21242618560791,0.020586481084064356,2,40mm,1.7341638
SubNetW8CleanAuxExDnRcK6Rr01QdEma,minbias,0,test,44.55403,44.04926300048828,-0.011329353507131934,2,40mm,3.869798
SubNetW8CleanAuxExDnRcK6Rr01QdEma,minbias,0,test,21.172623,20.537282943725586,-0.030007606828921674,3,60mm,4.8656797
SubNetW8CleanAuxExDnRcK6Rr01QdEma,minbias,0,test,19.899565,19.946243286132812,0.002345706737487463,4,120mm,4.4110565
SubNetW8CleanAuxExDnRcK6Rr01QdEma,minbias,0,test,23.368935,22.95176124572754,-0.017851621916067595,2,40mm,2.7604477
SubNetW8CleanAuxExDnRcK6Rr01QdEma,minbias,0,test,7.092189,7.131283283233643,0.0055123247559165645,2,40mm,0.6087196
SubNetW8CleanAuxExDnRcK6Rr01QdEma,minbias,0,test,58.48569,65.84214782714844,0.1257821634990519,1,30mm,2.4357922
SubNetW8CleanAuxExDnRcK6Rr01QdEma,minbias,0,test,49.081802,49.50049591064453,0.008530525006800627,1,30mm,2.6373734
SubNetW8CleanAuxExDnRcK6Rr01QdEma,minbias,0,test,27.239058,27.402170181274414,0.005988189574326563,2,40mm,3.8154712
SubNetW8CleanAuxExDnRcK6Rr01QdEma,minbias,0,test,12.34022,12.138346672058105,-0.016359009151632242,3,60mm,2.289414
SubNetW8CleanAuxExDnRcK6Rr01QdEma,minbias,0,test,41.99069,44.85662841796875,0.06825180077740778,1,30mm,4.1048098
SubNetW8CleanAuxExDnRcK6Rr01QdEma,minbias,0,test,22.185366,22.82041358947754,0.028624631292846425,2,40mm,3.0269854
SubNetW8CleanAuxExDnRcK6Rr01QdEma,minbias,0,test,24.106173,24.389787673950195,0.011765248571892206,2,40mm,2.3347988
SubNetW8CleanAuxExDnRcK6Rr01QdEma,minbias,0,test,18.281017,17.91559410095215,-0.019989215941792815,3,60mm,3.8644881
SubNetW8CleanAuxExDnRcK6Rr01QdEma,minbias,0,test,41.15577,42.03730392456055,0.021419465372131574,1,30mm,2.751791
SubNetW8CleanAuxExDnRcK6Rr01QdEma,minbias,0,test,20.260416,19.432601928710938,-0.040858692186329315,3,60mm,3.731617
SubNetW8CleanAuxExDnRcK6Rr01QdEma,minbias,0,test,99.510574,97.17168426513672,-0.02350393504586734,0,15mm,3.750803
SubNetW8CleanAuxExDnRcK6Rr01QdEma,minbias,0,test,23.021875,22.418947219848633,-0.026189359104358156,3,60mm,2.9655032
SubNetW8CleanAuxExDnRcK6Rr01QdEma,minbias,0,test,86.515564,83.65958404541016,-0.033011169187941,1,30mm,4.006224
SubNetW8CleanAuxExDnRcK6Rr01QdEma,minbias,0,test,11.438593,11.224417686462402,-0.018723913507106782,3,60mm,1.6286684
SubNetW8CleanAuxExDnRcK6Rr01QdEma,minbias,0,test,14.768152,14.453420639038086,-0.021311508227358056,3,60mm,2.3248956
SubNetW8CleanAuxExDnRcK6Rr01QdEma,minbias,0,test,26.07946,25.002315521240234,-0.04130241258267664,3,60mm,4.956013
SubNetW8CleanAuxExDnRcK6Rr01QdEma,minbias,0,test,30.696062,30.03769874572754,-0.021447811136082406,1,30mm,1.2823575
SubNetW8CleanAuxExDnRcK6Rr01QdEma,minbias,0,test,57.627453,56.69880294799805,-0.01611471367223971,2,40mm,3.7002783
SubNetW8CleanAuxExDnRcK6Rr01QdEma,minbias,0,test,13.029876,11.74643325805664,-0.09849997968939783,1,30mm,0.6516076
SubNetW8CleanAuxExDnRcK6Rr01QdEma,minbias,0,test,12.140899,11.86662483215332,-0.022590903610222757,2,40mm,1.9441327
SubNetW8CleanAuxExDnRcK6Rr01QdEma,minbias,0,test,39.174637,38.998844146728516,-0.004487410944129522,2,40mm,3.3282783
SubNetW8CleanAuxExDnRcK6Rr01QdEma,minbias,0,test,25.813253,25.378162384033203,-0.016855334424101698,2,40mm,2.2690694
SubNetW8CleanAuxExDnRcK6Rr01QdEma,minbias,0,test,9.372731,9.41334342956543,0.004333018824440815,2,40mm,1.0069796
SubNetW8CleanAuxExDnRcK6Rr01QdEma,minbias,0,test,20.969467,20.501663208007812,-0.022308814594089177,2,40mm,1.458164
SubNetW8CleanAuxExDnRcK6Rr01QdEma,minbias,0,test,8.5353565,6.6647467613220215,-0.21916012008978802,1,30mm,0.5267078
SubNetW8CleanAuxExDnRcK6Rr01QdEma,minbias,0,test,21.641033,22.593477249145508,0.044011026134540554,4,120mm,4.642288
SubNetW8CleanAuxExDnRcK6Rr01QdEma,minbias,0,test,29.7544,29.708635330200195,-0.0015380892475099772,3,60mm,3.5561597
SubNetW8CleanAuxExDnRcK6Rr01QdEma,minbias,0,test,47.137314,46.42428207397461,-0.015126694982602218,2,40mm,3.9455624
SubNetW8CleanAuxExDnRcK6Rr01QdEma,minbias,0,test,24.485798,24.017763137817383,-0.019114539232769956,3,60mm,3.991582
SubNetW8CleanAuxExDnRcK6Rr01QdEma,minbias,0,test,47.734287,47.32479476928711,-0.008578581899181037,2,40mm,2.9773088
SubNetW8CleanAuxExDnRcK6Rr01QdEma,minbias,0,test,8.345251,7.670140266418457,-0.08089760394394463,2,40mm,1.111972
SubNetW8CleanAuxExDnRcK6Rr01QdEma,minbias,0,test,6.777091,6.901796817779541,0.018401079606180204,3,60mm,1.5016742
SubNetW8CleanAuxExDnRcK6Rr01QdEma,minbias,0,test,73.41888,71.98863983154297,-0.019480505310158547,0,15mm,2.1518624
SubNetW8CleanAuxExDnRcK6Rr01QdEma,minbias,0,test,10.575158,12.024678230285645,0.13706841020675076,2,40mm,1.6436985
SubNetW8CleanAuxExDnRcK6Rr01QdEma,minbias,0,test,6.5305386,11.746176719665527,0.7986536046938519,2,40mm,0.6189906
SubNetW8CleanAuxExDnRcK6Rr01QdEma,minbias,0,test,24.92092,24.868310928344727,-0.0021110172183907983,1,30mm,1.0509605
SubNetW8CleanAuxExDnRcK6Rr01QdEma,minbias,0,test,63.494926,63.472042083740234,-0.0003604125585302542,2,40mm,4.79181
SubNetW8CleanAuxExDnRcK6Rr01QdEma,minbias,0,test,28.910759,28.04010581970215,-0.030115195291275043,3,60mm,4.7504735
SubNetW8CleanAuxExDnRcK6Rr01QdEma,minbias,0,test,20.420797,19.690977096557617,-0.03573906733546417,2,40mm,1.4078441
SubNetW8CleanAuxExDnRcK6Rr01QdEma,minbias,0,test,29.196157,28.062063217163086,-0.03884395540789809,2,40mm,4.2230105
SubNetW8CleanAuxExDnRcK6Rr01QdEma,minbias,0,test,16.169523,16.999725341796875,0.051343635206990035,3,60mm,2.8248355
SubNetW8CleanAuxExDnRcK6Rr01QdEma,minbias,0,test,24.970184,24.431766510009766,-0.021562428579983695,2,40mm,4.1459513
SubNetW8CleanAuxExDnRcK6Rr01QdEma,minbias,0,test,87.45415,85.5481185913086,-0.021794606723145038,0,15mm,2.2248206
SubNetW8CleanAuxExDnRcK6Rr01QdEma,minbias,0,test,35.68429,38.449161529541016,0.07748142242445089,2,40mm,3.3635056
SubNetW8CleanAuxExDnRcK6Rr01QdEma,minbias,0,test,9.206821,9.562851905822754,0.03867029098248076,2,40mm,1.3140738
SubNetW8CleanAuxExDnRcK6Rr01QdEma,minbias,0,test,25.067425,22.483715057373047,-0.10307040871063833,0,15mm,1.3206302
SubNetW8CleanAuxExDnRcK6Rr01QdEma,minbias,0,test,25.156847,24.825056076049805,-0.013188891440594874,3,60mm,4.4084244
SubNetW8CleanAuxExDnRcK6Rr01QdEma,minbias,0,test,24.550903,28.335535049438477,0.154154479765912,1,30mm,1.3791573
SubNetW8CleanAuxExDnRcK6Rr01QdEma,minbias,0,test,10.855033,10.967206954956055,0.010333827169084042,2,40mm,0.97680265
SubNetW8CleanAuxExDnRcK6Rr01QdEma,minbias,0,test,18.275816,17.92272186279297,-0.019320291999689876,4,120mm,4.395784
SubNetW8CleanAuxExDnRcK6Rr01QdEma,minbias,0,test,23.573843,22.586809158325195,-0.04186987433050393,3,60mm,4.0687265
SubNetW8CleanAuxExDnRcK6Rr01QdEma,minbias,0,test,13.907425,16.154743194580078,0.16159125644449368,2,40mm,1.5567684
SubNetW8CleanAuxExDnRcK6Rr01QdEma,minbias,0,test,10.100367,10.328324317932129,0.022569252654281335,2,40mm,0.90365285
SubNetW8CleanAuxExDnRcK6Rr01QdEma,minbias,0,test,28.919807,27.967056274414062,-0.03294458864705818,3,60mm,3.6558664
SubNetW8CleanAuxExDnRcK6Rr01QdEma,minbias,0,test,12.148503,12.341026306152344,0.015847466787831,3,60mm,2.86827
SubNetW8CleanAuxExDnRcK6Rr01QdEma,minbias,0,test,18.955923,19.855451583862305,0.04745369031096969,3,60mm,3.4358213
SubNetW8CleanAuxExDnRcK6Rr01QdEma,minbias,0,test,28.260435,34.495750427246094,0.2206376264147385,0,15mm,0.8061122
SubNetW8CleanAuxExDnRcK6Rr01QdEma,minbias,0,test,14.587267,17.482433319091797,0.19847216154857095,3,60mm,1.904826
SubNetW8CleanAuxExDnRcK6Rr01QdEma,minbias,0,test,10.924955,11.030444145202637,0.009655762756635378,3,60mm,1.719359
SubNetW8CleanAuxExDnRcK6Rr01QdEma,minbias,0,test,27.827074,27.834970474243164,0.0002837676474860551,2,40mm,3.7660415
SubNetW8CleanAuxExDnRcK6Rr01QdEma,minbias,0,test,80.51471,80.01286315917969,-0.006232976766152198,0,15mm,1.9802344
SubNetW8CleanAuxExDnRcK6Rr01QdEma,minbias,0,test,10.144193,10.351920127868652,0.02047747302165459,2,40mm,1.7965989
SubNetW8CleanAuxExDnRcK6Rr01QdEma,minbias,0,test,44.77855,46.31307601928711,0.03426923945863969,2,40mm,3.9058313
SubNetW8CleanAuxExDnRcK6Rr01QdEma,minbias,0,test,25.94935,26.098323822021484,0.005740932351522732,2,40mm,2.5638611
SubNetW8CleanAuxExDnRcK6Rr01QdEma,minbias,0,test,12.530257,12.332996368408203,-0.015742761946999195,3,60mm,2.671144
SubNetW8CleanAuxExDnRcK6Rr01QdEma,minbias,0,test,13.972971,13.13247013092041,-0.06015190569408835,2,40mm,1.6006694
SubNetW8CleanAuxExDnRcK6Rr01QdEma,minbias,0,test,80.93979,79.37960052490234,-0.01927591257939054,1,30mm,4.336977
SubNetW8CleanAuxExDnRcK6Rr01QdEma,minbias,0,test,21.302622,20.867870330810547,-0.020408356955132434,3,60mm,4.9524426
SubNetW8CleanAuxExDnRcK6Rr01QdEma,minbias,0,test,8.965569,8.516504287719727,-0.050087649504099496,3,60mm,1.3660094
SubNetW8CleanAuxExDnRcK6Rr01QdEma,minbias,0,test,51.3955,50.904544830322266,-0.009552496834043578,2,40mm,4.180003
SubNetW8CleanAuxExDnRcK6Rr01QdEma,minbias,0,test,33.691605,33.200950622558594,-0.014563093604974209,0,15mm,0.6912707
SubNetW8CleanAuxExDnRcK6Rr01QdEma,minbias,0,test,14.734537,16.178552627563477,0.09800209471904786,4,120mm,3.5129983
SubNetW8CleanAuxExDnRcK6Rr01QdEma,minbias,0,test,13.089979,12.957664489746094,-0.010108089575295853,4,120mm,3.1467764
SubNetW8CleanAuxExDnRcK6Rr01QdEma,minbias,0,test,3.4914553,3.250563144683838,-0.06899477439058743,4,120mm,0.8065344
SubNetW8CleanAuxExDnRcK6Rr01QdEma,minbias,0,test,9.525565,6.652059078216553,-0.30166252864983045,2,40mm,1.9659238
SubNetW8CleanAuxExDnRcK6Rr01QdEma,minbias,0,test,57.750988,59.054691314697266,0.02257456284482373,2,40mm,4.73388
SubNetW8CleanAuxExDnRcK6Rr01QdEma,minbias,0,test,13.654351,13.54327392578125,-0.008134938580944828,2,40mm,0.98714226
SubNetW8CleanAuxExDnRcK6Rr01QdEma,minbias,0,test,24.460337,24.04374885559082,-0.017031156805058734,2,40mm,1.8229513
SubNetW8CleanAuxExDnRcK6Rr01QdEma,minbias,0,test,47.79145,46.96917724609375,-0.017205446701939464,2,40mm,3.415157
SubNetW8CleanAuxExDnRcK6Rr01QdEma,minbias,0,test,77.069084,75.47402954101562,-0.020696426377645794,1,30mm,3.0573792
SubNetW8CleanAuxExDnRcK6Rr01QdEma,minbias,0,test,81.16704,79.11994934082031,-0.02522068901859109,1,30mm,3.8057344
SubNetW8CleanAuxExDnRcK6Rr01QdEma,minbias,0,test,11.350848,11.273255348205566,-0.006835863574102596,3,60mm,1.3348689
SubNetW8CleanAuxExDnRcK6Rr01QdEma,minbias,0,test,24.189882,26.223398208618164,0.08406473031859352,3,60mm,4.0986238
SubNetW8CleanAuxExDnRcK6Rr01QdEma,minbias,0,test,22.68466,22.639480590820312,-0.001991626374356348,3,60mm,3.281807
SubNetW8CleanAuxExDnRcK6Rr01QdEma,minbias,0,test,16.269823,15.781719207763672,-0.030000563887319642,2,40mm,1.5014079
SubNetW8CleanAuxExDnRcK6Rr01QdEma,minbias,0,test,40.95484,41.859718322753906,0.022094499046485083,2,40mm,4.956743
SubNetW8CleanAuxExDnRcK6Rr01QdEma,minbias,0,test,39.303795,38.781349182128906,-0.013292499631669785,2,40mm,3.9320493
SubNetW8CleanAuxExDnRcK6Rr01QdEma,minbias,0,test,6.030278,6.096661567687988,0.011008341497705576,2,40mm,1.3061626
SubNetW8CleanAuxExDnRcK6Rr01QdEma,minbias,0,test,35.54801,36.39317321777344,0.023775209798622132,2,40mm,3.081095
SubNetW8CleanAuxExDnRcK6Rr01QdEma,minbias,0,test,12.2488985,15.00714111328125,0.2251829097717275,3,60mm,1.610033
SubNetW8CleanAuxExDnRcK6Rr01QdEma,minbias,0,test,18.94684,18.636842727661133,-0.016361438314262844,3,60mm,3.599101
SubNetW8CleanAuxExDnRcK6Rr01QdEma,minbias,0,test,9.355804,9.607566833496094,0.02690975336871393,1,30mm,0.7378891
SubNetW8CleanAuxExDnRcK6Rr01QdEma,minbias,0,test,12.377377,12.8589506149292,0.038907603427791315,3,60mm,2.0308783
SubNetW8CleanAuxExDnRcK6Rr01QdEma,minbias,0,test,24.605492,25.19143295288086,0.023813436582099445,3,60mm,3.7846248
SubNetW8CleanAuxExDnRcK6Rr01QdEma,minbias,0,test,22.163113,21.955989837646484,-0.009345384201901341,3,60mm,4.3423333
SubNetW8CleanAuxExDnRcK6Rr01QdEma,minbias,0,test,29.947947,29.89537239074707,-0.0017555179494449513,2,40mm,2.5764143
SubNetW8CleanAuxExDnRcK6Rr01QdEma,minbias,0,test,18.712856,18.37676429748535,-0.01796048609478862,4,120mm,4.4793506
SubNetW8CleanAuxExDnRcK6Rr01QdEma,minbias,0,test,36.578808,37.183387756347656,0.016528147345137523,2,40mm,4.935662
SubNetW8CleanAuxExDnRcK6Rr01QdEma,minbias,0,test,23.376886,22.99736785888672,-0.016234775792636214,3,60mm,3.236443
SubNetW8CleanAuxExDnRcK6Rr01QdEma,minbias,0,test,31.259003,31.46566390991211,0.006611254570216607,2,40mm,4.2996283
SubNetW8CleanAuxExDnRcK6Rr01QdEma,minbias,0,test,62.020947,51.42633056640625,-0.17082319012691205,0,15mm,1.3642236
SubNetW8CleanAuxExDnRcK6Rr01QdEma,minbias,0,test,13.626198,12.69706916809082,-0.06818693368973239,2,40mm,2.4500244
SubNetW8CleanAuxExDnRcK6Rr01QdEma,minbias,0,test,29.897285,33.0925407409668,0.10687442790294832,3,60mm,3.1705666
SubNetW8CleanAuxExDnRcK6Rr01QdEma,minbias,0,test,3.6315558,3.631828784942627,7.517143847746155e-05,4,120mm,0.7835905
SubNetW8CleanAuxExDnRcK6Rr01QdEma,minbias,0,test,35.64387,34.12262725830078,-0.04267897939463139,2,40mm,4.1661844
SubNetW8CleanAuxExDnRcK6Rr01QdEma,minbias,0,test,85.31225,85.84429931640625,0.006236514656037473,1,30mm,3.2819893
SubNetW8CleanAuxExDnRcK6Rr01QdEma,minbias,0,test,7.2446747,6.7697434425354,-0.0655559098079771,3,60mm,1.078946
SubNetW8CleanAuxExDnRcK6Rr01QdEma,minbias,0,test,16.997484,16.74362564086914,-0.01493506704817793,2,40mm,1.5457832
SubNetW8CleanAuxExDnRcK6Rr01QdEma,minbias,0,test,60.597084,60.53330612182617,-0.0010524916270919782,0,15mm,2.8148336
SubNetW8CleanAuxExDnRcK6Rr01QdEma,minbias,0,test,18.604683,18.119287490844727,-0.026089959906551163,3,60mm,3.3283405
SubNetW8CleanAuxExDnRcK6Rr01QdEma,minbias,0,test,36.69853,36.757850646972656,0.001616477824649687,2,40mm,3.317084
SubNetW8CleanAuxExDnRcK6Rr01QdEma,minbias,0,test,31.268631,31.268075942993164,-1.775064768516632e-05,3,60mm,3.8653684
SubNetW8CleanAuxExDnRcK6Rr01QdEma,minbias,0,test,55.21232,55.544193267822266,0.006010884108960557,2,40mm,4.5873356
SubNetW8CleanAuxExDnRcK6Rr01QdEma,minbias,0,test,46.570137,46.39761734008789,-0.003704513124993758,1,30mm,2.7058854
SubNetW8CleanAuxExDnRcK6Rr01QdEma,minbias,0,test,18.893763,19.069406509399414,0.009296397161534076,2,40mm,1.8268081
SubNetW8CleanAuxExDnRcK6Rr01QdEma,minbias,0,test,46.159374,44.724098205566406,-0.031093923070165563,3,60mm,4.8315763
SubNetW8CleanAuxExDnRcK6Rr01QdEma,minbias,0,test,55.108463,52.95961380004883,-0.03899309396634565,1,30mm,2.620515
SubNetW8CleanAuxExDnRcK6Rr01QdEma,minbias,0,test,8.127943,8.284697532653809,0.019285875031650468,3,60mm,0.88647604
SubNetW8CleanAuxExDnRcK6Rr01QdEma,minbias,0,test,63.982708,63.95269012451172,-0.00046915570991235,2,40mm,4.7353415
SubNetW8CleanAuxExDnRcK6Rr01QdEma,minbias,0,test,24.788872,25.262901306152344,0.019122675106266973,3,60mm,3.4891007
SubNetW8CleanAuxExDnRcK6Rr01QdEma,minbias,0,test,51.860115,49.45366668701172,-0.046402680786164274,1,30mm,2.5195637
SubNetW8CleanAuxExDnRcK6Rr01QdEma,minbias,0,test,33.375355,32.58906173706055,-0.023559091289907186,2,40mm,4.281843
SubNetW8CleanAuxExDnRcK6Rr01QdEma,minbias,0,test,29.740124,29.011463165283203,-0.02450092641346191,2,40mm,4.940651
SubNetW8CleanAuxExDnRcK6Rr01QdEma,minbias,0,test,16.133146,16.514284133911133,0.023624520669652593,1,30mm,0.81495625
SubNetW8CleanAuxExDnRcK6Rr01QdEma,minbias,0,test,16.868889,16.699445724487305,-0.010044712010959578,3,60mm,3.9728603
SubNetW8CleanAuxExDnRcK6Rr01QdEma,minbias,0,test,19.782803,19.746570587158203,-0.0018314894706710216,3,60mm,3.8914733
SubNetW8CleanAuxExDnRcK6Rr01QdEma,minbias,0,test,9.048701,8.551613807678223,-0.05493467658054152,3,60mm,1.0263149
SubNetW8CleanAuxExDnRcK6Rr01QdEma,minbias,0,test,25.635489,23.9039249420166,-0.067545565493354,1,30mm,1.434815
SubNetW8CleanAuxExDnRcK6Rr01QdEma,minbias,0,test,16.632996,15.652931213378906,-0.05892290332642236,3,60mm,3.6140566
SubNetW8CleanAuxExDnRcK6Rr01QdEma,minbias,0,test,12.732012,14.366124153137207,0.12834675182514,3,60mm,1.9704007
SubNetW8CleanAuxExDnRcK6Rr01QdEma,minbias,0,test,38.75834,40.66518783569336,0.049198416655626964,3,60mm,4.509121
SubNetW8CleanAuxExDnRcK6Rr01QdEma,minbias,0,test,6.8801947,7.3762383460998535,0.07209733246266814,2,40mm,1.1240404
SubNetW8CleanAuxExDnRcK6Rr01QdEma,minbias,0,test,41.950985,40.65211868286133,-0.030961520292576372,3,60mm,4.9118223
SubNetW8CleanAuxExDnRcK6Rr01QdEma,minbias,0,test,34.171074,34.01777267456055,-0.004486286834338382,3,60mm,4.566511
SubNetW8CleanAuxExDnRcK6Rr01QdEma,minbias,0,test,58.76105,58.09022521972656,-0.011416166743173473,2,40mm,4.993997
SubNetW8CleanAuxExDnRcK6Rr01QdEma,minbias,0,test,17.903954,17.460147857666016,-0.024788139294764977,2,40mm,2.5481274
SubNetW8CleanAuxExDnRcK6Rr01QdEma,minbias,0,test,25.239092,25.867761611938477,0.024908572064665124,0,15mm,1.104656
SubNetW8CleanAuxExDnRcK6Rr01QdEma,minbias,0,test,16.764229,16.472352981567383,-0.0174106332210906,4,120mm,3.530911
SubNetW8CleanAuxExDnRcK6Rr01QdEma,minbias,0,test,14.520168,14.502991676330566,-0.0011829496568257492,3,60mm,1.5042276
SubNetW8CleanAuxExDnRcK6Rr01QdEma,minbias,0,test,23.925798,24.802061080932617,0.03662417652921013,2,40mm,2.1826317
SubNetW8CleanAuxExDnRcK6Rr01QdEma,minbias,0,test,18.90987,19.729232788085938,0.04332989248370378,1,30mm,1.3536096
SubNetW8CleanAuxExDnRcK6Rr01QdEma,minbias,0,test,23.30967,22.544286727905273,-0.032835419090776696,2,40mm,2.3997805
SubNetW8CleanAuxExDnRcK6Rr01QdEma,minbias,0,test,54.753883,53.619361877441406,-0.020720383920132646,0,15mm,1.2984416
SubNetW8CleanAuxExDnRcK6Rr01QdEma,minbias,0,test,13.612878,13.016085624694824,-0.04384026859206969,3,60mm,2.070239
SubNetW8CleanAuxExDnRcK6Rr01QdEma,minbias,0,test,64.10609,66.04754638671875,0.030285106372343717,2,40mm,4.067565
SubNetW8CleanAuxExDnRcK6Rr01QdEma,minbias,0,test,55.115368,55.62750244140625,0.009292046331426329,1,30mm,3.6247232
SubNetW8CleanAuxExDnRcK6Rr01QdEma,minbias,0,test,23.492746,23.600845336914062,0.004601377043776722,3,60mm,2.5125554
SubNetW8CleanAuxExDnRcK6Rr01QdEma,minbias,0,test,12.592572,12.281962394714355,-0.024666113663694644,3,60mm,1.6622754
SubNetW8CleanAuxExDnRcK6Rr01QdEma,minbias,0,test,40.362587,54.1063117980957,0.3405065396694582,1,30mm,2.2440002
SubNetW8CleanAuxExDnRcK6Rr01QdEma,minbias,0,test,39.978783,39.40370178222656,-0.014384651893027178,3,60mm,4.0604353
SubNetW8CleanAuxExDnRcK6Rr01QdEma,minbias,0,test,13.281835,11.955595970153809,-0.09985357233457026,1,30mm,1.1233993
SubNetW8CleanAuxExDnRcK6Rr01QdEma,minbias,0,test,54.73102,57.978729248046875,0.059339424979102606,1,30mm,3.119506
SubNetW8CleanAuxExDnRcK6Rr01QdEma,minbias,0,test,57.481747,53.26802062988281,-0.07330546282160233,1,30mm,3.4199457
SubNetW8CleanAuxExDnRcK6Rr01QdEma,minbias,0,test,22.009108,20.73497200012207,-0.05789128815902711,1,30mm,1.0469136
SubNetW8CleanAuxExDnRcK6Rr01QdEma,minbias,0,test,46.504288,44.96193313598633,-0.033165857587922676,0,15mm,0.9595268
SubNetW8CleanAuxExDnRcK6Rr01QdEma,minbias,0,test,7.23746,9.270142555236816,0.28085576714906924,3,60mm,0.8524592
SubNetW8CleanAuxExDnRcK6Rr01QdEma,minbias,0,test,52.08972,52.19981002807617,0.0021134370627977628,1,30mm,4.2098856
SubNetW8CleanAuxExDnRcK6Rr01QdEma,minbias,0,test,12.822718,12.19105339050293,-0.04926134167073615,2,40mm,1.2941619
SubNetW8CleanAuxExDnRcK6Rr01QdEma,minbias,0,test,58.046406,58.15463638305664,0.001864552840837419,1,30mm,4.2582126
SubNetW8CleanAuxExDnRcK6Rr01QdEma,minbias,0,test,28.348137,30.559585571289062,0.07801037073758632,2,40mm,2.069947
SubNetW8CleanAuxExDnRcK6Rr01QdEma,minbias,0,test,12.107295,11.519804954528809,-0.048523644631185414,3,60mm,2.0538824
SubNetW8CleanAuxExDnRcK6Rr01QdEma,minbias,0,test,25.47818,25.922897338867188,0.0174548342314782,2,40mm,3.2843363
SubNetW8CleanAuxExDnRcK6Rr01QdEma,minbias,0,test,24.446072,24.022869110107422,-0.017311677767476996,2,40mm,2.0782661
SubNetW8CleanAuxExDnRcK6Rr01QdEma,minbias,0,test,90.38027,89.00344848632812,-0.01523367208542259,1,30mm,4.899606
SubNetW8CleanAuxExDnRcK6Rr01QdEma,minbias,0,test,47.818657,55.51128387451172,0.16087082842522293,2,40mm,3.357823
SubNetW8CleanAuxExDnRcK6Rr01QdEma,minbias,0,test,53.73556,53.06370544433594,-0.01250300377206326,2,40mm,4.888108
SubNetW8CleanAuxExDnRcK6Rr01QdEma,minbias,0,test,62.232548,61.080177307128906,-0.01851716656892788,1,30mm,4.3647
SubNetW8CleanAuxExDnRcK6Rr01QdEma,minbias,0,test,7.403837,7.5596513748168945,0.021045056305891485,3,60mm,1.3548396
SubNetW8CleanAuxExDnRcK6Rr01QdEma,minbias,0,test,37.910454,35.46044921875,-0.06462609471243608,2,40mm,4.811406
SubNetW8CleanAuxExDnRcK6Rr01QdEma,minbias,0,test,97.32223,95.53877258300781,-0.018325257664516426,0,15mm,3.1613815
SubNetW8CleanAuxExDnRcK6Rr01QdEma,minbias,0,test,68.12642,68.18497467041016,0.0008595138835849614,0,15mm,3.166322
SubNetW8CleanAuxExDnRcK6Rr01QdEma,minbias,0,test,96.55589,96.19667053222656,-0.003720357206125846,1,30mm,4.63877
SubNetW8CleanAuxExDnRcK6Rr01QdEma,minbias,0,test,13.161091,11.15672492980957,-0.15229481687637547,2,40mm,0.97563237
SubNetW8CleanAuxExDnRcK6Rr01QdEma,minbias,0,test,14.228295,14.82032585144043,0.04160937846967405,2,40mm,3.0710576
SubNetW8CleanAuxExDnRcK6Rr01QdEma,minbias,0,test,19.02265,19.945287704467773,0.048502072574031496,0,15mm,0.56290984
SubNetW8CleanAuxExDnRcK6Rr01QdEma,minbias,0,test,42.658558,42.6567497253418,-4.23869580516989e-05,1,30mm,3.668682
SubNetW8CleanAuxExDnRcK6Rr01QdEma,minbias,0,test,8.123507,7.469521522521973,-0.08050526208031494,2,40mm,1.248697
SubNetW8CleanAuxExDnRcK6Rr01QdEma,minbias,0,test,9.603248,9.862090110778809,0.026953638799829482,3,60mm,1.1332833
SubNetW8CleanAuxExDnRcK6Rr01QdEma,minbias,0,test,21.757177,21.610977172851562,-0.0067196299263603265,0,15mm,1.0547578
SubNetW8CleanAuxExDnRcK6Rr01QdEma,minbias,0,test,34.38691,35.13810348510742,0.02184534788085002,2,40mm,2.721003
SubNetW8CleanAuxExDnRcK6Rr01QdEma,minbias,0,test,13.256564,13.390440940856934,0.01009890640742439,3,60mm,1.9583477
SubNetW8CleanAuxExDnRcK6Rr01QdEma,minbias,0,test,19.197563,19.177711486816406,-0.0010340731473618137,4,120mm,4.4506364
SubNetW8CleanAuxExDnRcK6Rr01QdEma,minbias,0,test,13.575826,12.90527629852295,-0.049392899404543056,4,120mm,2.9021468
SubNetW8CleanAuxExDnRcK6Rr01QdEma,minbias,0,test,13.081887,12.314416885375977,-0.05866663925613058,3,60mm,2.7385926
SubNetW8CleanAuxExDnRcK6Rr01QdEma,minbias,0,test,12.288259,12.05517292022705,-0.018968158207887442,3,60mm,1.9662875
SubNetW8CleanAuxExDnRcK6Rr01QdEma,minbias,0,test,13.017526,12.699456214904785,-0.024433941288063976,3,60mm,1.9253049
SubNetW8CleanAuxExDnRcK6Rr01QdEma,minbias,0,test,11.5262375,10.9973726272583,-0.045883564441108415,3,60mm,2.2462397
SubNetW8CleanAuxExDnRcK6Rr01QdEma,minbias,0,test,37.22424,36.809539794921875,-0.011140578335294582,2,40mm,4.037053
SubNetW8CleanAuxExDnRcK6Rr01QdEma,minbias,0,test,7.2581143,7.548743724822998,0.04004199622254734,3,60mm,1.5842235
SubNetW8CleanAuxExDnRcK6Rr01QdEma,minbias,0,test,51.068714,46.11207580566406,-0.09705821694304562,1,30mm,2.4354012
SubNetW8CleanAuxExDnRcK6Rr01QdEma,minbias,0,test,10.350359,10.000853538513184,-0.03376746891083482,3,60mm,1.9038349
SubNetW8CleanAuxExDnRcK6Rr01QdEma,minbias,0,test,17.182158,17.571109771728516,0.022636985772943596,3,60mm,3.1783202
SubNetW8CleanAuxExDnRcK6Rr01QdEma,minbias,0,test,19.632975,19.55485725402832,-0.003978886139212601,2,40mm,2.7731683
SubNetW8CleanAuxExDnRcK6Rr01QdEma,minbias,0,test,25.567265,25.797319412231445,0.008998023814195344,3,60mm,3.7759173
SubNetW8CleanAuxExDnRcK6Rr01QdEma,minbias,0,test,74.85865,74.43604278564453,-0.005645405316599628,1,30mm,4.1343293
SubNetW8CleanAuxExDnRcK6Rr01QdEma,minbias,0,test,32.96757,30.292245864868164,-0.08115021190659699,0,15mm,1.0273231
SubNetW8CleanAuxExDnRcK6Rr01QdEma,minbias,0,test,14.869988,14.672259330749512,-0.013297193302879484,3,60mm,2.900165
SubNetW8CleanAuxExDnRcK6Rr01QdEma,minbias,0,test,18.66645,18.0235652923584,-0.03444067784140681,3,60mm,3.7809503
SubNetW8CleanAuxExDnRcK6Rr01QdEma,minbias,0,test,4.9324956,6.7915358543396,0.37689648675348564,3,60mm,1.0455476
SubNetW8CleanAuxExDnRcK6Rr01QdEma,minbias,0,test,22.274124,22.811756134033203,0.024137065278672987,2,40mm,2.3325772
SubNetW8CleanAuxExDnRcK6Rr01QdEma,minbias,0,test,11.099571,18.5866641998291,0.6745389365038015,1,30mm,1.0173054
SubNetW8CleanAuxExDnRcK6Rr01QdEma,minbias,0,test,5.974857,5.740340232849121,-0.03925058396992287,3,60mm,0.7088698
SubNetW8CleanAuxExDnRcK6Rr01QdEma,minbias,0,test,9.35158,9.277078628540039,-0.007966679454961656,2,40mm,1.6562303
SubNetW8CleanAuxExDnRcK6Rr01QdEma,minbias,0,test,57.28821,56.517520904541016,-0.01345287090399161,2,40mm,4.73555
SubNetW8CleanAuxExDnRcK6Rr01QdEma,minbias,0,test,22.465837,22.64851951599121,0.008131548068360361,3,60mm,2.4086804
SubNetW8CleanAuxExDnRcK6Rr01QdEma,minbias,0,test,25.93174,24.652400970458984,-0.049334863228814974,1,30mm,1.3115401
SubNetW8CleanAuxExDnRcK6Rr01QdEma,minbias,0,test,31.244648,42.78904342651367,0.3694839338329061,0,15mm,0.67433476
SubNetW8CleanAuxExDnRcK6Rr01QdEma,minbias,0,test,14.750215,14.449898719787598,-0.020360100890162824,2,40mm,1.4556526
SubNetW8CleanAuxExDnRcK6Rr01QdEma,minbias,0,test,26.415386,29.171356201171875,0.10433199728216724,1,30mm,1.9600865
SubNetW8CleanAuxExDnRcK6Rr01QdEma,minbias,0,test,93.34627,73.89158630371094,-0.20841413241039164,0,15mm,3.297697
SubNetW8CleanAuxExDnRcK6Rr01QdEma,minbias,0,test,27.115128,27.737455368041992,0.02295131391539873,3,60mm,4.4631443
SubNetW8CleanAuxExDnRcK6Rr01QdEma,minbias,0,test,47.528282,48.51847457885742,0.02083375136264176,1,30mm,3.4803476
SubNetW8CleanAuxExDnRcK6Rr01QdEma,minbias,0,test,67.172,64.9227523803711,-0.033484856607538416,0,15mm,1.7278651
SubNetW8CleanAuxExDnRcK6Rr01QdEma,minbias,0,test,9.858146,8.9364595413208,-0.09349488222663893,3,60mm,1.2758738
SubNetW8CleanAuxExDnRcK6Rr01QdEma,minbias,0,test,30.70814,37.90169143676758,0.23425554765557988,1,30mm,1.5886955
SubNetW8CleanAuxExDnRcK6Rr01QdEma,minbias,0,test,7.3958697,7.3612799644470215,-0.0046769032865529025,3,60mm,1.544236
SubNetW8CleanAuxExDnRcK6Rr01QdEma,minbias,0,test,11.208741,10.702266693115234,-0.04518567129322981,2,40mm,0.92761976
SubNetW8CleanAuxExDnRcK6Rr01QdEma,minbias,0,test,52.242474,52.562503814697266,0.0061258625469886585,0,15mm,1.8959666
SubNetW8CleanAuxExDnRcK6Rr01QdEma,minbias,0,test,16.40596,16.166648864746094,-0.014586846307737988,3,60mm,2.00024
SubNetW8CleanAuxExDnRcK6Rr01QdEma,minbias,0,test,8.550129,8.839635848999023,0.03385994695196892,3,60mm,1.5026861
SubNetW8CleanAuxExDnRcK6Rr01QdEma,minbias,0,test,66.476875,66.31632232666016,-0.0024151703547823367,2,40mm,4.9891043
SubNetW8CleanAuxExDnRcK6Rr01QdEma,minbias,0,test,3.950082,4.037176132202148,0.022048673197992752,2,40mm,0.64390826
SubNetW8CleanAuxExDnRcK6Rr01QdEma,minbias,0,test,40.951656,40.705909729003906,-0.006000895555950292,1,30mm,4.1922092
SubNetW8CleanAuxExDnRcK6Rr01QdEma,minbias,0,test,68.033806,82.98522186279297,0.2197645101497343,0,15mm,2.5750215
SubNetW8CleanAuxExDnRcK6Rr01QdEma,minbias,0,test,17.366198,17.002769470214844,-0.02092732816402265,3,60mm,2.6198952
SubNetW8CleanAuxExDnRcK6Rr01QdEma,minbias,0,test,49.091026,46.38324737548828,-0.05515832799618425,1,30mm,2.5862308
SubNetW8CleanAuxExDnRcK6Rr01QdEma,minbias,0,test,46.14867,45.073848724365234,-0.02329041048399938,2,40mm,4.0248346
SubNetW8CleanAuxExDnRcK6Rr01QdEma,minbias,0,test,55.137005,62.104862213134766,0.12637351955380693,2,40mm,4.3649745
SubNetW8CleanAuxExDnRcK6Rr01QdEma,minbias,0,test,32.611588,32.46478271484375,-0.004501614938567711,2,40mm,3.6307168
SubNetW8CleanAuxExDnRcK6Rr01QdEma,minbias,0,test,8.604731,8.709668159484863,0.01219533280119478,2,40mm,0.9106317
SubNetW8CleanAuxExDnRcK6Rr01QdEma,minbias,0,test,7.1976414,7.011944770812988,-0.025799646335882387,3,60mm,1.2365853
SubNetW8CleanAuxExDnRcK6Rr01QdEma,minbias,0,test,8.48582,7.864709377288818,-0.07319392265274083,3,60mm,1.0176938
SubNetW8CleanAuxExDnRcK6Rr01QdEma,minbias,0,test,10.7241535,10.770303726196289,0.004303389301464122,3,60mm,2.286828
SubNetW8CleanAuxExDnRcK6Rr01QdEma,minbias,0,test,16.77758,15.457013130187988,-0.07871022581808407,2,40mm,2.2771347
SubNetW8CleanAuxExDnRcK6Rr01QdEma,minbias,0,test,9.466107,8.979543685913086,-0.05140060888986453,3,60mm,0.9207978
SubNetW8CleanAuxExDnRcK6Rr01QdEma,minbias,0,test,66.08527,65.82717895507812,-0.003905481100110575,1,30mm,3.9337177
SubNetW8CleanAuxExDnRcK6Rr01QdEma,minbias,0,test,34.941525,35.360313415527344,0.011985421810797314,1,30mm,1.6888336
SubNetW8CleanAuxExDnRcK6Rr01QdEma,minbias,0,test,11.433075,11.83368968963623,0.03503998182250112,2,40mm,1.9751688
SubNetW8CleanAuxExDnRcK6Rr01QdEma,minbias,0,test,5.3440413,5.775264739990234,0.08069237575940691,3,60mm,0.7691471
SubNetW8CleanAuxExDnRcK6Rr01QdEma,minbias,0,test,21.016788,20.588991165161133,-0.02035502797478861,3,60mm,3.7220943
SubNetW8CleanAuxExDnRcK6Rr01QdEma,minbias,0,test,17.203043,22.10927391052246,0.2851955279699234,3,60mm,1.8025432
SubNetW8CleanAuxExDnRcK6Rr01QdEma,minbias,0,test,45.75426,45.499725341796875,-0.005563103181911555,2,40mm,3.894996
SubNetW8CleanAuxExDnRcK6Rr01QdEma,minbias,0,test,42.989086,43.08686447143555,0.002274491715613003,2,40mm,3.121245
SubNetW8CleanAuxExDnRcK6Rr01QdEma,minbias,0,test,6.2064962,5.674978256225586,-0.08563897600838843,3,60mm,0.8791976
SubNetW8CleanAuxExDnRcK6Rr01QdEma,minbias,0,test,98.232124,97.34884643554688,-0.008991741745415172,0,15mm,3.9979084
SubNetW8CleanAuxExDnRcK6Rr01QdEma,minbias,0,test,11.854683,12.132929801940918,0.02347147379646386,3,60mm,1.9796895
SubNetW8CleanAuxExDnRcK6Rr01QdEma,minbias,0,test,6.0938697,6.276906967163086,0.03003629720751655,4,120mm,1.3338464
SubNetW8CleanAuxExDnRcK6Rr01QdEma,minbias,0,test,14.564276,14.334810256958008,-0.015755365298672386,2,40mm,1.1761787
SubNetW8CleanAuxExDnRcK6Rr01QdEma,minbias,0,test,45.11091,44.579124450683594,-0.01178836949203399,2,40mm,4.614507
SubNetW8CleanAuxExDnRcK6Rr01QdEma,minbias,0,test,4.090722,3.855264186859131,-0.05755900605045006,3,60mm,0.5444651
SubNetW8CleanAuxExDnRcK6Rr01QdEma,minbias,0,test,18.685633,19.079235076904297,0.021064439048724015,2,40mm,2.1370313
SubNetW8CleanAuxExDnRcK6Rr01QdEma,minbias,0,test,10.022214,9.973014831542969,-0.004909005597364513,3,60mm,1.6717209
SubNetW8CleanAuxExDnRcK6Rr01QdEma,minbias,0,test,30.407364,29.907426834106445,-0.016441315310242954,1,30mm,1.8868268
SubNetW8CleanAuxExDnRcK6Rr01QdEma,minbias,0,test,10.629175,10.1838960647583,-0.04189216130136131,2,40mm,1.2645074
SubNetW8CleanAuxExDnRcK6Rr01QdEma,minbias,0,test,18.361359,18.613494873046875,0.013731893994166189,2,40mm,1.3970131
SubNetW8CleanAuxExDnRcK6Rr01QdEma,minbias,0,test,20.021643,18.485963821411133,-0.07670094245967007,4,120mm,4.506784
SubNetW8CleanAuxExDnRcK6Rr01QdEma,minbias,0,test,13.315003,12.937320709228516,-0.02836519636124102,3,60mm,2.0350862
SubNetW8CleanAuxExDnRcK6Rr01QdEma,minbias,0,test,34.27965,36.72019577026367,0.07119512630749014,1,30mm,2.0229535
SubNetW8CleanAuxExDnRcK6Rr01QdEma,minbias,0,test,20.922922,20.76972007751465,-0.007322211300155201,2,40mm,1.7370648
SubNetW8CleanAuxExDnRcK6Rr01QdEma,minbias,0,test,7.6646857,8.944758415222168,0.1670091553377686,3,60mm,0.9201954
SubNetW8CleanAuxExDnRcK6Rr01QdEma,minbias,0,test,56.236084,55.840538024902344,-0.007033668268625504,2,40mm,4.0694747
SubNetW8CleanAuxExDnRcK6Rr01QdEma,minbias,0,test,70.00084,69.46134185791016,-0.0077070129643657115,0,15mm,2.8227637
SubNetW8CleanAuxExDnRcK6Rr01QdEma,minbias,0,test,59.16338,58.67766189575195,-0.0082097705735098,2,40mm,4.8872113
SubNetW8CleanAuxExDnRcK6Rr01QdEma,minbias,0,test,11.099117,9.956804275512695,-0.10291926599387469,3,60mm,2.445426
SubNetW8CleanAuxExDnRcK6Rr01QdEma,minbias,0,test,8.432244,9.361553192138672,0.1102089619490223,2,40mm,1.8169692
SubNetW8CleanAuxExDnRcK6Rr01QdEma,minbias,0,test,33.996513,32.239646911621094,-0.0516778422577604,1,30mm,1.6877487
SubNetW8CleanAuxExDnRcK6Rr01QdEma,minbias,0,test,18.649511,19.888477325439453,0.06643423335615739,2,40mm,2.2578862
SubNetW8CleanAuxExDnRcK6Rr01QdEma,minbias,0,test,10.7249975,10.980670928955078,0.023839017959758957,4,120mm,2.2283986
SubNetW8CleanAuxExDnRcK6Rr01QdEma,minbias,0,test,14.670835,14.508522033691406,-0.011063617899325195,3,60mm,1.9685515
SubNetW8CleanAuxExDnRcK6Rr01QdEma,minbias,0,test,6.4507,7.2285966873168945,0.12059108383159267,3,60mm,1.13841
SubNetW8CleanAuxExDnRcK6Rr01QdEma,minbias,0,test,12.436007,12.16148853302002,-0.022074450667471934,1,30mm,1.2159607
SubNetW8CleanAuxExDnRcK6Rr01QdEma,minbias,0,test,15.666463,13.759451866149902,-0.12172569165672853,1,30mm,0.78195626
SubNetW8CleanAuxExDnRcK6Rr01QdEma,minbias,0,test,35.58387,34.647193908691406,-0.02632305106571564,3,60mm,4.121429
SubNetW8CleanAuxExDnRcK6Rr01QdEma,minbias,0,test,77.45921,77.70922088623047,0.003227603520391753,0,15mm,2.1174386
SubNetW8CleanAuxExDnRcK6Rr01QdEma,minbias,0,test,43.68626,41.493282318115234,-0.05019834369112153,3,60mm,4.9182706
SubNetW8CleanAuxExDnRcK6Rr01QdEma,minbias,0,test,4.3718524,4.2145538330078125,-0.03597984346081162,3,60mm,0.7986023
SubNetW8CleanAuxExDnRcK6Rr01QdEma,minbias,0,test,13.056334,15.110108375549316,0.1573010391541383,0,15mm,0.570379
SubNetW8CleanAuxExDnRcK6Rr01QdEma,minbias,0,test,32.402428,47.92931365966797,0.4791889713591855,1,30mm,2.3031423
SubNetW8CleanAuxExDnRcK6Rr01QdEma,minbias,0,test,35.269222,35.648033142089844,0.01074055106123284,2,40mm,2.4624727
SubNetW8CleanAuxExDnRcK6Rr01QdEma,minbias,0,test,18.208942,18.434865951538086,0.012407285007536517,4,120mm,4.228145
SubNetW8CleanAuxExDnRcK6Rr01QdEma,minbias,0,test,32.033466,33.16037368774414,0.03517906356755751,1,30mm,3.3499138
SubNetW8CleanAuxExDnRcK6Rr01QdEma,minbias,0,test,29.990757,29.458782196044922,-0.017737958154374178,3,60mm,3.9558806
SubNetW8CleanAuxExDnRcK6Rr01QdEma,minbias,0,test,13.117817,12.401476860046387,-0.05460817673362783,3,60mm,2.5361211
SubNetW8CleanAuxExDnRcK6Rr01QdEma,minbias,0,test,7.030804,7.003856182098389,-0.003832843947285336,2,40mm,0.5332122
SubNetW8CleanAuxExDnRcK6Rr01QdEma,minbias,0,test,29.447159,29.78444480895996,0.011453940178739463,3,60mm,3.82709
SubNetW8CleanAuxExDnRcK6Rr01QdEma,minbias,0,test,5.9647293,5.601135730743408,-0.060957263858563926,4,120mm,1.4119964
SubNetW8CleanAuxExDnRcK6Rr01QdEma,minbias,0,test,29.70581,29.673355102539062,-0.0010925621532771324,3,60mm,4.9745736
SubNetW8CleanAuxExDnRcK6Rr01QdEma,minbias,0,test,33.996006,36.903297424316406,0.0855186168437101,2,40mm,3.296933
SubNetW8CleanAuxExDnRcK6Rr01QdEma,minbias,0,test,74.36349,73.70645141601562,-0.008835462832504581,1,30mm,4.5439034
SubNetW8CleanAuxExDnRcK6Rr01QdEma,minbias,0,test,5.4361167,5.511803150177002,0.013922889999204324,3,60mm,0.982023
SubNetW8CleanAuxExDnRcK6Rr01QdEma,minbias,0,test,48.202732,47.86458206176758,-0.007015163037013883,2,40mm,4.6410494
SubNetW8CleanAuxExDnRcK6Rr01QdEma,minbias,0,test,52.94523,50.509796142578125,-0.045999091883336285,2,40mm,4.1966968
SubNetW8CleanAuxExDnRcK6Rr01QdEma,minbias,0,test,35.67938,34.94947052001953,-0.020457418822672824,3,60mm,4.505358
SubNetW8CleanAuxExDnRcK6Rr01QdEma,minbias,0,test,25.347656,24.37921142578125,-0.038206484049930656,3,60mm,4.2151055
SubNetW8CleanAuxExDnRcK6Rr01QdEma,minbias,0,test,12.440449,12.602728843688965,0.013044552155670797,3,60mm,1.9883007
SubNetW8CleanAuxExDnRcK6Rr01QdEma,minbias,0,test,44.8224,43.82015609741211,-0.022360316744203357,2,40mm,3.5819907
SubNetW8CleanAuxExDnRcK6Rr01QdEma,minbias,0,test,15.028673,14.7427978515625,-0.019021993303257267,3,60mm,2.9606972
SubNetW8CleanAuxExDnRcK6Rr01QdEma,minbias,0,test,26.161367,25.935441970825195,-0.008635842383956205,2,40mm,2.566867
SubNetW8CleanAuxExDnRcK6Rr01QdEma,minbias,0,test,15.621749,15.046099662780762,-0.03684921990909851,3,60mm,2.55197
SubNetW8CleanAuxExDnRcK6Rr01QdEma,minbias,0,test,15.167552,14.219478607177734,-0.06250668449996422,2,40mm,1.9542819
SubNetW8CleanAuxExDnRcK6Rr01QdEma,minbias,0,test,13.337486,13.648642539978027,0.023329454040823316,2,40mm,1.8466827
SubNetW8CleanAuxExDnRcK6Rr01QdEma,minbias,0,test,13.407943,15.942033767700195,0.18899924014422687,1,30mm,0.69168997
SubNetW8CleanAuxExDnRcK6Rr01QdEma,minbias,0,test,73.21452,71.61011505126953,-0.02191379785739911,0,15mm,1.7497165
SubNetW8CleanAuxExDnRcK6Rr01QdEma,minbias,0,test,25.716585,25.781829833984375,0.00253706603261894,3,60mm,4.186764
SubNetW8CleanAuxExDnRcK6Rr01QdEma,minbias,0,test,40.73222,46.48523712158203,0.14123996846888565,0,15mm,1.6053585
SubNetW8CleanAuxExDnRcK6Rr01QdEma,minbias,0,test,60.046795,59.25539016723633,-0.013179799613834198,2,40mm,4.690414
SubNetW8CleanAuxExDnRcK6Rr01QdEma,minbias,0,test,33.81597,32.881561279296875,-0.027632212154022007,0,15mm,0.84706795
SubNetW8CleanAuxExDnRcK6Rr01QdEma,minbias,0,test,23.694788,22.649831771850586,-0.04410067767628678,4,120mm,4.897213
SubNetW8CleanAuxExDnRcK6Rr01QdEma,minbias,0,test,26.746788,26.745275497436523,-5.654987299452685e-05,2,40mm,2.3593185
SubNetW8CleanAuxExDnRcK6Rr01QdEma,minbias,0,test,15.968785,16.37261199951172,0.02528850543925354,3,60mm,2.8343806
SubNetW8CleanAuxExDnRcK6Rr01QdEma,minbias,0,test,52.267914,52.12331008911133,-0.002766586968643403,2,40mm,4.52092
SubNetW8CleanAuxExDnRcK6Rr01QdEma,minbias,0,test,17.970083,17.32052230834961,-0.036146795748744465,3,60mm,2.6329477
SubNetW8CleanAuxExDnRcK6Rr01QdEma,minbias,0,test,45.186306,44.99173355102539,-0.0043060047601926055,0,15mm,1.5607866
SubNetW8CleanAuxExDnRcK6Rr01QdEma,minbias,0,test,17.884953,17.61857795715332,-0.01489378220825599,3,60mm,2.9859207
SubNetW8CleanAuxExDnRcK6Rr01QdEma,minbias,0,test,45.35896,44.272029876708984,-0.02396283646069719,3,60mm,4.740104
SubNetW8CleanAuxExDnRcK6Rr01QdEma,minbias,0,test,57.881165,63.73577880859375,0.1011488677404897,0,15mm,1.68864
SubNetW8CleanAuxExDnRcK6Rr01QdEma,minbias,0,test,3.7281373,3.398726463317871,-0.08835801068764026,3,60mm,0.7396218
SubNetW8CleanAuxExDnRcK6Rr01QdEma,minbias,0,test,15.194372,19.489540100097656,0.282681500288656,2,40mm,1.6167973
SubNetW8CleanAuxExDnRcK6Rr01QdEma,minbias,0,test,2.7854097,2.8296594619750977,0.015886270950037362,3,60mm,0.6156957
SubNetW8CleanAuxExDnRcK6Rr01QdEma,minbias,0,test,93.507935,90.74321746826172,-0.02956665778957912,1,30mm,4.0172462
SubNetW8CleanAuxExDnRcK6Rr01QdEma,minbias,0,test,33.740883,33.78465270996094,0.0012972344733785945,3,60mm,3.837741
SubNetW8CleanAuxExDnRcK6Rr01QdEma,minbias,0,test,51.835915,51.59176254272461,-0.004710094746474103,1,30mm,2.709265
SubNetW8CleanAuxExDnRcK6Rr01QdEma,minbias,0,test,37.423157,37.09394073486328,-0.008797120075153986,0,15mm,1.3760183
SubNetW8CleanAuxExDnRcK6Rr01QdEma,minbias,0,test,5.1661544,5.455434322357178,0.05599521737208191,3,60mm,0.9368222
SubNetW8CleanAuxExDnRcK6Rr01QdEma,minbias,0,test,13.071532,12.588398933410645,-0.03696072555383412,3,60mm,1.3329461
SubNetW8CleanAuxExDnRcK6Rr01QdEma,minbias,0,test,14.950389,15.226722717285156,0.018483385990308188,3,60mm,2.131171
SubNetW8CleanAuxExDnRcK6Rr01QdEma,minbias,0,test,29.006102,28.025615692138672,-0.03380274706953146,2,40mm,2.4768436
SubNetW8CleanAuxExDnRcK6Rr01QdEma,minbias,0,test,14.850295,14.94796371459961,0.00657688263610634,2,40mm,1.7072719
SubNetW8CleanAuxExDnRcK6Rr01QdEma,minbias,0,test,15.116296,14.883649826049805,-0.015390409880771005,3,60mm,2.9206526
SubNetW8CleanAuxExDnRcK6Rr01QdEma,minbias,0,test,18.239595,18.523725509643555,0.015577653451117612,3,60mm,2.5185223
SubNetW8CleanAuxExDnRcK6Rr01QdEma,minbias,0,test,46.791126,44.8599739074707,-0.04127176450897285,0,15mm,1.364435
SubNetW8CleanAuxExDnRcK6Rr01QdEma,minbias,0,test,8.75655,8.802545547485352,0.005252720894175722,4,120mm,2.0413804
SubNetW8CleanAuxExDnRcK6Rr01QdEma,minbias,0,test,90.25747,90.82329559326172,0.006269025945148776,0,15mm,4.135095
SubNetW8CleanAuxExDnRcK6Rr01QdEma,minbias,0,test,25.092216,24.27604866027832,-0.0325267332079211,3,60mm,3.0459914
SubNetW8CleanAuxExDnRcK6Rr01QdEma,minbias,0,test,62.08229,56.570091247558594,-0.08878859565578057,0,15mm,2.4670188
SubNetW8CleanAuxExDnRcK6Rr01QdEma,minbias,0,test,12.244326,11.867561340332031,-0.03077052249588097,4,120mm,2.8435411
SubNetW8CleanAuxExDnRcK6Rr01QdEma,minbias,0,test,6.2439632,6.234428882598877,-0.0015269723105966193,3,60mm,1.5062543
SubNetW8CleanAuxExDnRcK6Rr01QdEma,minbias,0,test,13.406241,13.088798522949219,-0.023678739186437814,4,120mm,3.1323526
SubNetW8CleanAuxExDnRcK6Rr01QdEma,minbias,0,test,20.808567,20.517494201660156,-0.01398812541007155,2,40mm,1.726587
SubNetW8CleanAuxExDnRcK6Rr01QdEma,minbias,0,test,20.326708,20.474834442138672,0.007287289380015105,4,120mm,4.898236
SubNetW8CleanAuxExDnRcK6Rr01QdEma,minbias,0,test,31.18395,30.861248016357422,-0.010348349181139804,2,40mm,3.2443411
SubNetW8CleanAuxExDnRcK6Rr01QdEma,minbias,0,test,67.384895,68.04985809326172,0.009868127943961857,0,15mm,1.366956
SubNetW8CleanAuxExDnRcK6Rr01QdEma,minbias,0,test,82.900345,80.05010986328125,-0.03438146114537621,0,15mm,2.9108453
SubNetW8CleanAuxExDnRcK6Rr01QdEma,minbias,0,test,17.17969,17.241907119750977,0.0036215854039671758,3,60mm,3.0881739
SubNetW8CleanAuxExDnRcK6Rr01QdEma,minbias,0,test,17.936043,17.266490936279297,-0.037329964996577925,1,30mm,1.756227
SubNetW8CleanAuxExDnRcK6Rr01QdEma,minbias,0,test,19.667492,19.597217559814453,-0.0035731222536544704,3,60mm,3.1740904
SubNetW8CleanAuxExDnRcK6Rr01QdEma,minbias,0,test,56.073647,55.242366790771484,-0.014824785007792829,0,15mm,1.2339532
SubNetW8CleanAuxExDnRcK6Rr01QdEma,minbias,0,test,22.184662,21.88676643371582,-0.013427990623800623,2,40mm,2.1009007
SubNetW8CleanAuxExDnRcK6Rr01QdEma,minbias,0,test,9.104816,9.111403465270996,0.0007234663707023081,3,60mm,1.3794655
SubNetW8CleanAuxExDnRcK6Rr01QdEma,minbias,0,test,19.017256,18.843172073364258,-0.009153986868687625,3,60mm,2.8969233
SubNetW8CleanAuxExDnRcK6Rr01QdEma,minbias,0,test,24.684092,24.56764793395996,-0.00471735545594032,3,60mm,4.9437437
SubNetW8CleanAuxExDnRcK6Rr01QdEma,minbias,0,test,18.121887,18.38031005859375,0.014260261561623189,3,60mm,3.552358
SubNetW8CleanAuxExDnRcK6Rr01QdEma,minbias,0,test,26.492249,25.72341537475586,-0.029021060986202052,2,40mm,2.2290492
SubNetW8CleanAuxExDnRcK6Rr01QdEma,minbias,0,test,21.017094,20.2879695892334,-0.0346919550848942,2,40mm,2.2610703
SubNetW8CleanAuxExDnRcK6Rr01QdEma,minbias,0,test,31.92674,30.060443878173828,-0.05845559961352087,2,40mm,2.7952695
SubNetW8CleanAuxExDnRcK6Rr01QdEma,minbias,0,test,22.01572,21.112192153930664,-0.04104013852018151,3,60mm,3.6055555
SubNetW8CleanAuxExDnRcK6Rr01QdEma,minbias,0,test,16.79003,16.666433334350586,-0.00736128493500543,3,60mm,1.7893384
SubNetW8CleanAuxExDnRcK6Rr01QdEma,minbias,0,test,69.747314,71.04210662841797,0.018564043439452504,1,30mm,4.800233
SubNetW8CleanAuxExDnRcK6Rr01QdEma,minbias,0,test,25.383482,24.889053344726562,-0.019478361362928465,3,60mm,4.461292
SubNetW8CleanAuxExDnRcK6Rr01QdEma,minbias,0,test,59.75537,60.94696044921875,0.019941125519901348,2,40mm,3.81121
SubNetW8CleanAuxExDnRcK6Rr01QdEma,minbias,0,test,3.5909464,3.6099045276641846,0.005279413679401879,3,60mm,0.8114476
SubNetW8CleanAuxExDnRcK6Rr01QdEma,minbias,0,test,17.269083,17.081989288330078,-0.01083402833209246,4,120mm,3.793394
SubNetW8CleanAuxExDnRcK6Rr01QdEma,minbias,0,test,52.94444,57.91203308105469,0.09382655188565625,2,40mm,4.040404
SubNetW8CleanAuxExDnRcK6Rr01QdEma,minbias,0,test,80.993614,79.99047088623047,-0.01238546174899291,1,30mm,4.7119923
SubNetW8CleanAuxExDnRcK6Rr01QdEma,minbias,0,test,56.58559,45.504173278808594,-0.19583461112167644,1,30mm,3.485607
SubNetW8CleanAuxExDnRcK6Rr01QdEma,minbias,0,test,24.401682,23.926801681518555,-0.01946096258657415,3,60mm,4.0289264
SubNetW8CleanAuxExDnRcK6Rr01QdEma,minbias,0,test,31.2876,30.697376251220703,-0.018864448555031443,3,60mm,4.991052
SubNetW8CleanAuxExDnRcK6Rr01QdEma,minbias,0,test,25.999529,26.567617416381836,0.021849954820694517,2,40mm,2.4862823
SubNetW8CleanAuxExDnRcK6Rr01QdEma,minbias,0,test,5.9339533,5.604585647583008,-0.05550560002802862,3,60mm,1.0275611
SubNetW8CleanAuxExDnRcK6Rr01QdEma,minbias,0,test,35.359776,35.96591567993164,0.017142081006085386,2,40mm,2.975147
SubNetW8CleanAuxExDnRcK6Rr01QdEma,minbias,0,test,14.767077,14.389933586120605,-0.025539505785273087,3,60mm,2.1177125
SubNetW8CleanAuxExDnRcK6Rr01QdEma,minbias,0,test,5.113283,4.801537036895752,-0.060967896918607045,3,60mm,0.58458745
SubNetW8CleanAuxExDnRcK6Rr01QdEma,minbias,0,test,17.573069,16.447729110717773,-0.06403773481282427,2,40mm,3.8196404
SubNetW8CleanAuxExDnRcK6Rr01QdEma,minbias,0,test,28.727972,28.43479347229004,-0.010205334300552815,2,40mm,3.255085
SubNetW8CleanAuxExDnRcK6Rr01QdEma,minbias,0,test,10.400488,10.92574405670166,0.050503030433070695,3,60mm,1.5618055
SubNetW8CleanAuxExDnRcK6Rr01QdEma,minbias,0,test,31.363031,30.741657257080078,-0.019812310952188827,3,60mm,4.967179
SubNetW8CleanAuxExDnRcK6Rr01QdEma,minbias,0,test,69.58158,72.57920837402344,0.04308075801432798,2,40mm,4.5422435
SubNetW8CleanAuxExDnRcK6Rr01QdEma,minbias,0,test,10.539284,9.97601318359375,-0.053444862295995765,2,40mm,1.0582986
SubNetW8CleanAuxExDnRcK6Rr01QdEma,minbias,0,test,31.25726,30.145362854003906,-0.035572425009180564,3,60mm,4.1431403
SubNetW8CleanAuxExDnRcK6Rr01QdEma,minbias,0,test,20.425606,20.900327682495117,0.02324150939872438,3,60mm,4.466266
SubNetW8CleanAuxExDnRcK6Rr01QdEma,minbias,0,test,20.461393,21.219675064086914,0.037059143263542094,3,60mm,2.2872596
SubNetW8CleanAuxExDnRcK6Rr01QdEma,minbias,0,test,14.89937,15.194510459899902,0.019808908872375186,2,40mm,1.3886064
SubNetW8CleanAuxExDnRcK6Rr01QdEma,minbias,0,test,15.057981,15.465928077697754,0.027091782943242437,3,60mm,2.0092459
SubNetW8CleanAuxExDnRcK6Rr01QdEma,minbias,0,test,8.3453865,8.414583206176758,0.008291611300123014,3,60mm,1.8480364
SubNetW8CleanAuxExDnRcK6Rr01QdEma,minbias,0,test,32.357258,32.24936294555664,-0.0033344882926851227,3,60mm,3.4831736
SubNetW8CleanAuxExDnRcK6Rr01QdEma,minbias,0,test,17.71304,17.993770599365234,0.015848844168466547,3,60mm,2.7478356
SubNetW8CleanAuxExDnRcK6Rr01QdEma,minbias,0,test,17.620226,19.334997177124023,0.09731834766839365,2,40mm,3.637561
SubNetW8CleanAuxExDnRcK6Rr01QdEma,minbias,0,test,26.105495,26.682132720947266,0.02208873105309217,2,40mm,4.492082
SubNetW8CleanAuxExDnRcK6Rr01QdEma,minbias,0,test,11.447314,11.165952682495117,-0.02457882901139752,4,120mm,2.4936824
SubNetW8CleanAuxExDnRcK6Rr01QdEma,minbias,0,test,62.482803,75.81753540039062,0.21341443312161323,1,30mm,3.5147476
SubNetW8CleanAuxExDnRcK6Rr01QdEma,minbias,0,test,47.685635,48.30921936035156,0.013076993781770296,3,60mm,4.933975
SubNetW8CleanAuxExDnRcK6Rr01QdEma,minbias,0,test,88.94601,86.65135192871094,-0.025798289652266715,0,15mm,4.0222425
SubNetW8CleanAuxExDnRcK6Rr01QdEma,minbias,0,test,26.279095,28.865779876708984,0.09843128960806125,1,30mm,1.7222981
SubNetW8CleanAuxExDnRcK6Rr01QdEma,minbias,0,test,28.999825,29.585660934448242,0.020201377771756013,3,60mm,4.584133
SubNetW8CleanAuxExDnRcK6Rr01QdEma,minbias,0,test,31.04244,32.75678253173828,0.05522575204856417,1,30mm,3.1807933
SubNetW8CleanAuxExDnRcK6Rr01QdEma,minbias,0,test,54.007042,57.140445709228516,0.05801842993124118,2,40mm,4.180487
SubNetW8CleanAuxExDnRcK6Rr01QdEma,minbias,0,test,61.73489,60.19260025024414,-0.024982465090375494,1,30mm,3.591894
SubNetW8CleanAuxExDnRcK6Rr01QdEma,minbias,0,test,7.6703315,7.770407199859619,0.01304711824074456,3,60mm,1.3056993
SubNetW8CleanAuxExDnRcK6Rr01QdEma,minbias,0,test,22.83875,24.989734649658203,0.09418132478286645,2,40mm,2.812811
SubNetW8CleanAuxExDnRcK6Rr01QdEma,minbias,0,test,22.84416,22.915279388427734,0.0031132380539602433,2,40mm,1.6349186
SubNetW8CleanAuxExDnRcK6Rr01QdEma,minbias,0,test,25.66262,27.89590072631836,0.08702463483875111,1,30mm,1.5818087
SubNetW8CleanAuxExDnRcK6Rr01QdEma,minbias,0,test,20.930962,20.8804988861084,-0.0024109127770266525,3,60mm,4.2651033
SubNetW8CleanAuxExDnRcK6Rr01QdEma,minbias,0,test,16.50737,15.627262115478516,-0.053316057003569006,3,60mm,2.9265552
SubNetW8CleanAuxExDnRcK6Rr01QdEma,minbias,0,test,57.52993,65.48926544189453,0.13835120799335532,1,30mm,2.6738677
SubNetW8CleanAuxExDnRcK6Rr01QdEma,minbias,0,test,96.24769,94.08794403076172,-0.022439440375027986,1,30mm,3.921585
SubNetW8CleanAuxExDnRcK6Rr01QdEma,minbias,0,test,30.728102,25.738292694091797,-0.16238585383642523,0,15mm,1.2225405
SubNetW8CleanAuxExDnRcK6Rr01QdEma,minbias,0,test,19.24376,17.970699310302734,-0.06615442620637046,2,40mm,2.1522348
SubNetW8CleanAuxExDnRcK6Rr01QdEma,minbias,0,test,7.585056,7.41141939163208,-0.02289191278187641,3,60mm,0.88804513
SubNetW8CleanAuxExDnRcK6Rr01QdEma,minbias,0,test,15.857345,15.392831802368164,-0.02929322884300234,2,40mm,1.6275065
SubNetW8CleanAuxExDnRcK6Rr01QdEma,minbias,0,test,18.22609,17.40373992919922,-0.04511936306212405,3,60mm,2.0517633
SubNetW8CleanAuxExDnRcK6Rr01QdEma,minbias,0,test,22.035667,21.12467384338379,-0.04134177371212211,3,60mm,4.694135
SubNetW8CleanAuxExDnRcK6Rr01QdEma,minbias,0,test,51.301,49.78636169433594,-0.029524512819475657,2,40mm,4.6661
SubNetW8CleanAuxExDnRcK6Rr01QdEma,minbias,0,test,28.833122,27.997787475585938,-0.028971360454485895,3,60mm,4.4387403
SubNetW8CleanAuxExDnRcK6Rr01QdEma,minbias,0,test,53.673893,52.68635177612305,-0.018398911351429903,1,30mm,3.1929939
SubNetW8CleanAuxExDnRcK6Rr01QdEma,minbias,0,test,7.76106,7.176565647125244,-0.07531117822100508,2,40mm,0.71354514
SubNetW8CleanAuxExDnRcK6Rr01QdEma,minbias,0,test,25.554667,27.15719223022461,0.06270970939330156,2,40mm,3.1385057
SubNetW8CleanAuxExDnRcK6Rr01QdEma,minbias,0,test,25.450512,25.030752182006836,-0.01649317512675552,2,40mm,3.7160103
SubNetW8CleanAuxExDnRcK6Rr01QdEma,minbias,0,test,43.031845,40.5984001159668,-0.05654986374765747,1,30mm,2.1232648
SubNetW8CleanAuxExDnRcK6Rr01QdEma,minbias,0,test,14.063059,13.83587646484375,-0.016154550064674367,1,30mm,0.83199286
SubNetW8CleanAuxExDnRcK6Rr01QdEma,minbias,0,test,4.4002624,4.226978778839111,-0.0393802830271589,3,60mm,0.7490018
SubNetW8CleanAuxExDnRcK6Rr01QdEma,minbias,0,test,24.681244,22.80593490600586,-0.07598113767457393,3,60mm,3.8197932
SubNetW8CleanAuxExDnRcK6Rr01QdEma,minbias,0,test,13.71099,13.51158618927002,-0.014543352705690293,2,40mm,1.4888047
SubNetW8CleanAuxExDnRcK6Rr01QdEma,minbias,0,test,29.658453,28.773149490356445,-0.029849955346034962,0,15mm,0.8985977
SubNetW8CleanAuxExDnRcK6Rr01QdEma,minbias,0,test,41.325245,41.06039810180664,-0.006408838045021903,2,40mm,4.5350113
SubNetW8CleanAuxExDnRcK6Rr01QdEma,minbias,0,test,70.76584,71.70343017578125,0.013249211356466839,1,30mm,3.4102304
SubNetW8CleanAuxExDnRcK6Rr01QdEma,minbias,0,test,65.24908,63.340850830078125,-0.029245256875701786,0,15mm,2.8946822
SubNetW8CleanAuxExDnRcK6Rr01QdEma,minbias,0,test,40.824436,40.342445373535156,-0.01180642916885355,2,40mm,4.81154
SubNetW8CleanAuxExDnRcK6Rr01QdEma,minbias,0,test,52.36137,52.97403335571289,0.011700672996693307,2,40mm,4.467394
SubNetW8CleanAuxExDnRcK6Rr01QdEma,minbias,0,test,54.69093,53.48358917236328,-0.022075694332505225,2,40mm,4.5491133
SubNetW8CleanAuxExDnRcK6Rr01QdEma,minbias,0,test,8.013855,7.72483491897583,-0.03606504762031704,2,40mm,1.1455815
SubNetW8CleanAuxExDnRcK6Rr01QdEma,minbias,0,test,17.356436,17.102771759033203,-0.014614983168257711,1,30mm,1.641914
SubNetW8CleanAuxExDnRcK6Rr01QdEma,minbias,0,test,37.943672,40.41372299194336,0.06509783238792832,1,30mm,1.463575
SubNetW8CleanAuxExDnRcK6Rr01QdEma,minbias,0,test,26.09594,28.74534797668457,0.10152569240219189,3,60mm,4.6101904
SubNetW8CleanAuxExDnRcK6Rr01QdEma,minbias,0,test,28.995584,28.7740478515625,-0.00764035767048854,3,60mm,2.955792
SubNetW8CleanAuxExDnRcK6Rr01QdEma,minbias,0,test,83.15241,81.31773376464844,-0.02206404596845224,1,30mm,4.985188
SubNetW8CleanAuxExDnRcK6Rr01QdEma,minbias,0,test,14.587684,18.94548225402832,0.29873135945665275,2,40mm,1.2639328
SubNetW8CleanAuxExDnRcK6Rr01QdEma,minbias,0,test,13.314263,12.780665397644043,-0.04007716629812852,4,120mm,2.9368532
SubNetW8CleanAuxExDnRcK6Rr01QdEma,minbias,0,test,25.287949,25.082990646362305,-0.008104965934961794,3,60mm,4.1701326
SubNetW8CleanAuxExDnRcK6Rr01QdEma,minbias,0,test,54.04688,54.07169723510742,0.0004592017329112519,0,15mm,1.2779919
SubNetW8CleanAuxExDnRcK6Rr01QdEma,minbias,0,test,4.8531275,4.871594429016113,0.0038051647191823523,4,120mm,1.0327648
SubNetW8CleanAuxExDnRcK6Rr01QdEma,minbias,0,test,18.504307,17.965784072875977,-0.02910256116886456,3,60mm,2.5976315
SubNetW8CleanAuxExDnRcK6Rr01QdEma,minbias,0,test,8.833054,8.282410621643066,-0.062338913908337235,2,40mm,0.74907744
SubNetW8CleanAuxExDnRcK6Rr01QdEma,minbias,0,test,8.804879,8.0569429397583,-0.08494565714802516,2,40mm,0.5950127
SubNetW8CleanAuxExDnRcK6Rr01QdEma,minbias,0,test,20.292267,20.05495262145996,-0.011694810936975997,3,60mm,3.2624037
SubNetW8CleanAuxExDnRcK6Rr01QdEma,minbias,0,test,52.945763,59.678775787353516,0.1271681210748523,2,40mm,3.851053
SubNetW8CleanAuxExDnRcK6Rr01QdEma,minbias,0,test,28.053022,27.342735290527344,-0.02531944987521295,3,60mm,4.98618
SubNetW8CleanAuxExDnRcK6Rr01QdEma,minbias,0,test,9.175591,9.11125373840332,-0.007011834673155026,1,30mm,0.8468598
SubNetW8CleanAuxExDnRcK6Rr01QdEma,minbias,0,test,25.440403,25.174238204956055,-0.010462286301989976,3,60mm,4.8173733
SubNetW8CleanAuxExDnRcK6Rr01QdEma,minbias,0,test,27.429369,27.33219337463379,-0.0035427573357947884,2,40mm,2.6589782
SubNetW8CleanAuxExDnRcK6Rr01QdEma,minbias,0,test,46.852314,42.50440979003906,-0.09280020205091122,1,30mm,3.0740497
SubNetW8CleanAuxExDnRcK6Rr01QdEma,minbias,0,test,57.012497,58.15022659301758,0.019955794004396177,2,40mm,4.506373
SubNetW8CleanAuxExDnRcK6Rr01QdEma,minbias,0,test,15.84959,17.17519187927246,0.0836363308162098,3,60mm,2.1883967
SubNetW8CleanAuxExDnRcK6Rr01QdEma,minbias,0,test,23.037878,21.915752410888672,-0.04870785511723619,3,60mm,4.60398
SubNetW8CleanAuxExDnRcK6Rr01QdEma,minbias,0,test,27.018028,27.815109252929688,0.029501819525954653,3,60mm,4.3981013
SubNetW8CleanAuxExDnRcK6Rr01QdEma,minbias,0,test,66.51358,70.06143951416016,0.05334037311936535,0,15mm,2.3283515
SubNetW8CleanAuxExDnRcK6Rr01QdEma,minbias,0,test,38.57474,38.74322509765625,0.00436772167940358,2,40mm,4.3447437
SubNetW8CleanAuxExDnRcK6Rr01QdEma,minbias,0,test,9.224919,9.246611595153809,0.0023514867990162003,2,40mm,0.8164344
SubNetW8CleanAuxExDnRcK6Rr01QdEma,minbias,0,test,18.544903,19.21775245666504,0.036282188283912165,4,120mm,4.2111464
SubNetW8CleanAuxExDnRcK6Rr01QdEma,minbias,0,test,56.404175,57.1124153137207,0.012556526382766053,2,40mm,4.148609
SubNetW8CleanAuxExDnRcK6Rr01QdEma,minbias,0,test,17.226171,16.620071411132812,-0.03518483968565489,1,30mm,1.0586371
SubNetW8CleanAuxExDnRcK6Rr01QdEma,minbias,0,test,17.328077,17.1060733795166,-0.012811804374796343,3,60mm,3.55849
SubNetW8CleanAuxExDnRcK6Rr01QdEma,minbias,0,test,18.91615,20.525564193725586,0.08508153760369286,1,30mm,1.8930645
SubNetW8CleanAuxExDnRcK6Rr01QdEma,minbias,0,test,14.737131,14.202423095703125,-0.036283047138672475,3,60mm,2.1123912
SubNetW8CleanAuxExDnRcK6Rr01QdEma,minbias,0,test,76.97046,78.75798797607422,0.02322357194286817,2,40mm,4.9936113
SubNetW8CleanAuxExDnRcK6Rr01QdEma,minbias,0,test,24.788841,25.02582550048828,0.009560118222671221,3,60mm,3.188138
SubNetW8CleanAuxExDnRcK6Rr01QdEma,minbias,0,test,22.714476,22.07895278930664,-0.027978759127501585,3,60mm,4.376524
SubNetW8CleanAuxExDnRcK6Rr01QdEma,minbias,0,test,7.102844,7.119741439819336,0.0023789345466731504,4,120mm,1.6485322
SubNetW8CleanAuxExDnRcK6Rr01QdEma,minbias,0,test,25.17887,25.67182159423828,0.01957801766065992,2,40mm,2.8639295
SubNetW8CleanAuxExDnRcK6Rr01QdEma,minbias,0,test,37.209232,36.40156173706055,-0.02170618802590929,3,60mm,4.719502
SubNetW8CleanAuxExDnRcK6Rr01QdEma,minbias,0,test,27.12035,26.399290084838867,-0.02658740769487089,3,60mm,4.6801844
SubNetW8CleanAuxExDnRcK6Rr01QdEma,minbias,0,test,34.859516,34.084529876708984,-0.022231698910935904,2,40mm,4.3876557
SubNetW8CleanAuxExDnRcK6Rr01QdEma,minbias,0,test,21.599426,22.28693389892578,0.03182990236941374,1,30mm,1.0675664
SubNetW8CleanAuxExDnRcK6Rr01QdEma,minbias,0,test,38.825104,42.02602767944336,0.08244469710844271,2,40mm,2.8000178
SubNetW8CleanAuxExDnRcK6Rr01QdEma,minbias,0,test,10.521317,10.297272682189941,-0.02129427867009903,4,120mm,2.33371
SubNetW8CleanAuxExDnRcK6Rr01QdEma,minbias,0,test,29.337126,29.809619903564453,0.016105672005447103,3,60mm,3.651833
SubNetW8CleanAuxExDnRcK6Rr01QdEma,minbias,0,test,12.538456,16.252626419067383,0.2962223153195993,2,40mm,0.9024821
SubNetW8CleanAuxExDnRcK6Rr01QdEma,minbias,0,test,22.407383,22.497272491455078,0.004011603073292402,2,40mm,2.6610265
SubNetW8CleanAuxExDnRcK6Rr01QdEma,minbias,0,test,46.120647,45.47673034667969,-0.013961579457696938,2,40mm,3.2865663
SubNetW8CleanAuxExDnRcK6Rr01QdEma,minbias,0,test,30.889355,29.77904510498047,-0.035944732785927025,2,40mm,2.3173237
SubNetW8CleanAuxExDnRcK6Rr01QdEma,minbias,0,test,27.093508,26.945327758789062,-0.005469207206774684,1,30mm,1.8197166
SubNetW8CleanAuxExDnRcK6Rr01QdEma,minbias,0,test,25.710098,26.04184913635254,0.012903523989324261,2,40mm,4.3238544
SubNetW8CleanAuxExDnRcK6Rr01QdEma,minbias,0,test,10.654654,11.982144355773926,0.12459258299205511,3,60mm,2.447755
SubNetW8CleanAuxExDnRcK6Rr01QdEma,minbias,0,test,23.479963,22.279521942138672,-0.051126202583974045,3,60mm,4.764591
SubNetW8CleanAuxExDnRcK6Rr01QdEma,minbias,0,test,22.462976,22.97356605529785,0.022730273551084812,3,60mm,4.9046106
SubNetW8CleanAuxExDnRcK6Rr01QdEma,minbias,0,test,12.928349,13.252315521240234,0.02505865145471242,1,30mm,0.5679986
SubNetW8CleanAuxExDnRcK6Rr01QdEma,minbias,0,test,26.538345,25.710206985473633,-0.03120534987870982,3,60mm,3.6795983
SubNetW8CleanAuxExDnRcK6Rr01QdEma,minbias,0,test,21.02116,19.646949768066406,-0.06537271727376348,3,60mm,4.110328
SubNetW8CleanAuxExDnRcK6Rr01QdEma,minbias,0,test,13.116125,13.149529457092285,0.002546815466361707,3,60mm,2.2402537
SubNetW8CleanAuxExDnRcK6Rr01QdEma,minbias,0,test,18.547516,17.930299758911133,-0.033277562051121756,3,60mm,4.318802
SubNetW8CleanAuxExDnRcK6Rr01QdEma,minbias,0,test,15.1173315,15.19014835357666,0.004816779253114634,2,40mm,2.2161884
SubNetW8CleanAuxExDnRcK6Rr01QdEma,minbias,0,test,51.66107,50.73097229003906,-0.0180038751676187,1,30mm,2.773208
SubNetW8CleanAuxExDnRcK6Rr01QdEma,minbias,0,test,39.202133,40.22414016723633,0.0260701881672194,1,30mm,1.5373377
SubNetW8CleanAuxExDnRcK6Rr01QdEma,minbias,0,test,51.913296,52.33769989013672,0.008175249484541514,1,30mm,4.242913
SubNetW8CleanAuxExDnRcK6Rr01QdEma,minbias,0,test,10.619066,10.251917839050293,-0.03457445232098222,3,60mm,1.6536956
SubNetW8CleanAuxExDnRcK6Rr01QdEma,minbias,0,test,45.88055,44.036964416503906,-0.040182298437281605,1,30mm,3.1891503
SubNetW8CleanAuxExDnRcK6Rr01QdEma,minbias,0,test,31.38703,30.504104614257812,-0.028130251364211434,3,60mm,4.7991557
SubNetW8CleanAuxExDnRcK6Rr01QdEma,minbias,0,test,3.8797395,4.450651168823242,0.14715205557344846,2,40mm,0.61071545
SubNetW8CleanAuxExDnRcK6Rr01QdEma,minbias,0,test,13.238414,15.280533790588379,0.1542571496143459,2,40mm,1.5649807
SubNetW8CleanAuxExDnRcK6Rr01QdEma,minbias,0,test,5.52438,7.04656457901001,0.27553939354182155,2,40mm,0.7240801
SubNetW8CleanAuxExDnRcK6Rr01QdEma,minbias,0,test,8.117341,7.928101539611816,-0.023312991407422934,4,120mm,1.8641782
SubNetW8CleanAuxExDnRcK6Rr01QdEma,minbias,0,test,22.926638,23.59434700012207,0.029123736362599573,2,40mm,2.0595949
SubNetW8CleanAuxExDnRcK6Rr01QdEma,minbias,0,test,20.211163,22.970975875854492,0.13654896394742777,2,40mm,2.3283446
SubNetW8CleanAuxExDnRcK6Rr01QdEma,minbias,0,test,30.57042,30.728946685791016,0.00518564605385774,3,60mm,4.3346024
SubNetW8CleanAuxExDnRcK6Rr01QdEma,minbias,0,test,18.469093,18.5301513671875,0.0033059578706211568,0,15mm,0.5466986
SubNetW8CleanAuxExDnRcK6Rr01QdEma,minbias,0,test,90.79581,87.01069641113281,-0.04168816384259599,1,30mm,4.891532
SubNetW8CleanAuxExDnRcK6Rr01QdEma,minbias,0,test,28.63581,28.011411666870117,-0.021804836901831548,2,40mm,3.8159828
SubNetW8CleanAuxExDnRcK6Rr01QdEma,minbias,0,test,49.67365,50.40287399291992,0.014680321977654343,2,40mm,3.2011745
SubNetW8CleanAuxExDnRcK6Rr01QdEma,minbias,0,test,17.533478,17.593719482421875,0.003435810052268229,2,40mm,1.9229803
SubNetW8CleanAuxExDnRcK6Rr01QdEma,minbias,0,test,34.84201,31.972681045532227,-0.08235257987410038,2,40mm,4.8266287
SubNetW8CleanAuxExDnRcK6Rr01QdEma,minbias,0,test,6.865896,6.437687397003174,-0.06236750657761869,3,60mm,0.9162185
SubNetW8CleanAuxExDnRcK6Rr01QdEma,minbias,0,test,51.983643,49.86000442504883,-0.04085204590818359,2,40mm,4.8055305
SubNetW8CleanAuxExDnRcK6Rr01QdEma,minbias,0,test,11.689372,12.433201789855957,0.06363299270346934,3,60mm,2.2064023
SubNetW8CleanAuxExDnRcK6Rr01QdEma,minbias,0,test,33.874477,32.10645294189453,-0.052193408754580894,2,40mm,4.1897635
SubNetW8CleanAuxExDnRcK6Rr01QdEma,minbias,0,test,98.05483,100.22976684570312,0.022180797546389464,0,15mm,3.331047
SubNetW8CleanAuxExDnRcK6Rr01QdEma,minbias,0,test,21.382343,21.225360870361328,-0.007341684666151593,1,30mm,1.1299548
SubNetW8CleanAuxExDnRcK6Rr01QdEma,minbias,0,test,14.934105,14.620585441589355,-0.02099352318305059,4,120mm,3.2512171
SubNetW8CleanAuxExDnRcK6Rr01QdEma,minbias,0,test,20.79857,22.91648292541504,0.1018297040627758,2,40mm,1.8391151
SubNetW8CleanAuxExDnRcK6Rr01QdEma,minbias,0,test,10.193917,10.987581253051758,0.07785662343601141,4,120mm,2.0751092
SubNetW8CleanAuxExDnRcK6Rr01QdEma,minbias,0,test,18.165018,17.817903518676758,-0.019108957746573507,3,60mm,2.4298408
SubNetW8CleanAuxExDnRcK6Rr01QdEma,minbias,0,test,22.137619,22.38768196105957,0.011295837293761934,3,60mm,3.6364853
SubNetW8CleanAuxExDnRcK6Rr01QdEma,minbias,0,test,8.975391,10.779800415039062,0.20103959249334324,3,60mm,1.5737382
SubNetW8CleanAuxExDnRcK6Rr01QdEma,minbias,0,test,8.105452,8.356712341308594,0.03099898319626515,3,60mm,1.2799819
SubNetW8CleanAuxExDnRcK6Rr01QdEma,minbias,0,test,5.7626,6.277532577514648,0.08935769224913304,3,60mm,1.1060883
SubNetW8CleanAuxExDnRcK6Rr01QdEma,minbias,0,test,48.775394,48.99348831176758,0.0044713912532259315,1,30mm,2.7234566
SubNetW8CleanAuxExDnRcK6Rr01QdEma,minbias,0,test,7.26135,7.226230621337891,-0.004836501861190667,2,40mm,1.091094
SubNetW8CleanAuxExDnRcK6Rr01QdEma,minbias,0,test,32.350292,32.03167724609375,-0.009848905156398247,3,60mm,3.9809937
SubNetW8CleanAuxExDnRcK6Rr01QdEma,minbias,0,test,34.43663,34.02708435058594,-0.011892740244208833,2,40mm,4.2013106
SubNetW8CleanAuxExDnRcK6Rr01QdEma,minbias,0,test,7.4355,6.876583576202393,-0.07516865817494023,3,60mm,1.3846741
SubNetW8CleanAuxExDnRcK6Rr01QdEma,minbias,0,test,8.09003,8.27470874786377,0.02282797935780123,3,60mm,1.4092791
SubNetW8CleanAuxExDnRcK6Rr01QdEma,minbias,0,test,68.30082,81.1304702758789,0.18784036549164607,0,15mm,2.683285
SubNetW8CleanAuxExDnRcK6Rr01QdEma,minbias,0,test,33.652874,33.8048210144043,0.004515127638618388,1,30mm,2.177029
SubNetW8CleanAuxExDnRcK6Rr01QdEma,minbias,0,test,15.621376,15.69648551940918,0.004808122000952375,3,60mm,2.8394895
SubNetW8CleanAuxExDnRcK6Rr01QdEma,minbias,0,test,81.06693,80.07129669189453,-0.012281653609370946,1,30mm,4.979837
SubNetW8CleanAuxExDnRcK6Rr01QdEma,minbias,0,test,20.907276,22.19772720336914,0.061722581187826364,3,60mm,3.21685
SubNetW8CleanAuxExDnRcK6Rr01QdEma,minbias,0,test,35.174915,34.95868682861328,-0.006147235414183827,2,40mm,2.6602657
SubNetW8CleanAuxExDnRcK6Rr01QdEma,minbias,0,test,4.3731036,3.959338903427124,-0.09461580407854575,3,60mm,0.5250189
SubNetW8CleanAuxExDnRcK6Rr01QdEma,minbias,0,test,48.452995,47.90559768676758,-0.011297497917988952,1,30mm,4.8760037
SubNetW8CleanAuxExDnRcK6Rr01QdEma,minbias,0,test,19.871403,19.957935333251953,0.004354629308436664,2,40mm,2.8388038
SubNetW8CleanAuxExDnRcK6Rr01QdEma,minbias,0,test,13.826377,13.287044525146484,-0.03900749944457882,3,60mm,2.0800867
SubNetW8CleanAuxExDnRcK6Rr01QdEma,minbias,0,test,32.96996,35.61786651611328,0.0803127245707651,2,40mm,2.487942
SubNetW8CleanAuxExDnRcK6Rr01QdEma,minbias,0,test,16.9866,18.40374183654785,0.0834269887807717,3,60mm,2.359182
SubNetW8CleanAuxExDnRcK6Rr01QdEma,minbias,0,test,58.461155,58.465965270996094,8.228255594810996e-05,1,30mm,3.0268652
SubNetW8CleanAuxExDnRcK6Rr01QdEma,minbias,0,test,51.278282,50.97309875488281,-0.005951513930583574,2,40mm,4.993364
SubNetW8CleanAuxExDnRcK6Rr01QdEma,minbias,0,test,45.57067,43.67238998413086,-0.041655763506650456,1,30mm,2.8139594
SubNetW8CleanAuxExDnRcK6Rr01QdEma,minbias,0,test,67.820526,66.31256103515625,-0.02223464154723187,1,30mm,3.5950437
SubNetW8CleanAuxExDnRcK6Rr01QdEma,minbias,0,test,10.062164,10.380528450012207,0.03163972816081673,1,30mm,0.68417954
SubNetW8CleanAuxExDnRcK6Rr01QdEma,minbias,0,test,5.800215,5.816325664520264,0.0027776380203374806,3,60mm,1.1663635
SubNetW8CleanAuxExDnRcK6Rr01QdEma,minbias,0,test,9.676847,9.527013778686523,-0.015483728543960629,3,60mm,1.1512101
SubNetW8CleanAuxExDnRcK6Rr01QdEma,minbias,0,test,34.944633,32.28974151611328,-0.07597423990718433,0,15mm,1.7491461
SubNetW8CleanAuxExDnRcK6Rr01QdEma,minbias,0,test,40.60342,42.77621078491211,0.053512500019964326,0,15mm,1.6000578
SubNetW8CleanAuxExDnRcK6Rr01QdEma,minbias,0,test,29.561987,30.077007293701172,0.017421710246374067,3,60mm,4.42918
SubNetW8CleanAuxExDnRcK6Rr01QdEma,minbias,0,test,67.71332,67.68546295166016,-0.00041136544935849173,1,30mm,3.5221257
SubNetW8CleanAuxExDnRcK6Rr01QdEma,minbias,0,test,5.997993,6.964665412902832,0.16116598030814466,4,120mm,1.4467423
SubNetW8CleanAuxExDnRcK6Rr01QdEma,minbias,0,test,19.391695,18.71039581298828,-0.035133556339520866,4,120mm,3.9805503
SubNetW8CleanAuxExDnRcK6Rr01QdEma,minbias,0,test,11.081145,11.123505592346191,0.003822737153127198,3,60mm,1.5921875
SubNetW8CleanAuxExDnRcK6Rr01QdEma,minbias,0,test,26.45731,27.115480422973633,0.024876705415878275,1,30mm,1.5795432
SubNetW8CleanAuxExDnRcK6Rr01QdEma,minbias,0,test,35.101044,34.472259521484375,-0.01791354653270627,2,40mm,4.390444
SubNetW8CleanAuxExDnRcK6Rr01QdEma,minbias,0,test,53.053288,53.018585205078125,-0.0006541027456856696,1,30mm,3.126873
SubNetW8CleanAuxExDnRcK6Rr01QdEma,minbias,0,test,34.99985,33.99837112426758,-0.028613838843178363,1,30mm,2.27744
SubNetW8CleanAuxExDnRcK6Rr01QdEma,minbias,0,test,38.287495,37.1673469543457,-0.029256228829859454,1,30mm,2.2652233
SubNetW8CleanAuxExDnRcK6Rr01QdEma,minbias,0,test,14.894948,14.1301851272583,-0.051343776300966426,3,60mm,3.2454836
SubNetW8CleanAuxExDnRcK6Rr01QdEma,minbias,0,test,63.43288,64.5101089477539,0.016982179262905017,1,30mm,3.3580441
SubNetW8CleanAuxExDnRcK6Rr01QdEma,minbias,0,test,35.85684,34.795772552490234,-0.0295917243771181,1,30mm,2.1688085
SubNetW8CleanAuxExDnRcK6Rr01QdEma,minbias,0,test,9.638476,10.399323463439941,0.0789385233026687,2,40mm,0.9261593
SubNetW8CleanAuxExDnRcK6Rr01QdEma,minbias,0,test,58.48642,57.22330856323242,-0.021596656479603515,0,15mm,1.662246
SubNetW8CleanAuxExDnRcK6Rr01QdEma,minbias,0,test,22.34574,24.223045349121094,0.08401180886720039,1,30mm,0.9945779
SubNetW8CleanAuxExDnRcK6Rr01QdEma,minbias,0,test,2.8310652,2.9405248165130615,0.03866376494945234,4,120mm,0.64192265
SubNetW8CleanAuxExDnRcK6Rr01QdEma,minbias,0,test,26.629143,26.312776565551758,-0.011880449870857679,3,60mm,4.8161798
SubNetW8CleanAuxExDnRcK6Rr01QdEma,minbias,0,test,74.1815,73.83935546875,-0.004612306463831817,1,30mm,4.9688053
SubNetW8CleanAuxExDnRcK6Rr01QdEma,minbias,0,test,29.746317,28.815214157104492,-0.03130144668024781,2,40mm,3.3830528
SubNetW8CleanAuxExDnRcK6Rr01QdEma,minbias,0,test,16.206547,19.673166275024414,0.21390241474006166,2,40mm,3.3166072
SubNetW8CleanAuxExDnRcK6Rr01QdEma,minbias,0,test,27.768938,29.364822387695312,0.05747012433132914,2,40mm,4.37469
SubNetW8CleanAuxExDnRcK6Rr01QdEma,minbias,0,test,13.665664,13.653286933898926,-0.0009056848999549061,3,60mm,2.2011442
SubNetW8CleanAuxExDnRcK6Rr01QdEma,minbias,0,test,9.847895,11.724038124084473,0.19051213672008838,2,40mm,0.9770741
SubNetW8CleanAuxExDnRcK6Rr01QdEma,minbias,0,test,33.449146,29.950801849365234,-0.1045869569605632,1,30mm,2.0719333
SubNetW8CleanAuxExDnRcK6Rr01QdEma,minbias,0,test,10.829622,9.383894920349121,-0.13349748610431322,2,40mm,0.9062922
SubNetW8CleanAuxExDnRcK6Rr01QdEma,minbias,0,test,22.302624,22.65680503845215,0.015880700569691264,2,40mm,1.9871227
SubNetW8CleanAuxExDnRcK6Rr01QdEma,minbias,0,test,22.278582,22.195280075073242,-0.003739086518749879,3,60mm,3.764804
SubNetW8CleanAuxExDnRcK6Rr01QdEma,minbias,0,test,8.326732,11.523077964782715,0.3838656516261032,3,60mm,1.0843029
SubNetW8CleanAuxExDnRcK6Rr01QdEma,minbias,0,test,33.216236,31.974773406982422,-0.03737517710435345,2,40mm,2.99377
SubNetW8CleanAuxExDnRcK6Rr01QdEma,minbias,0,test,33.44725,32.576202392578125,-0.026042438887973973,0,15mm,0.92727566
SubNetW8CleanAuxExDnRcK6Rr01QdEma,minbias,0,test,18.670748,18.609752655029297,-0.0032668805086277786,2,40mm,1.6586746
SubNetW8CleanAuxExDnRcK6Rr01QdEma,minbias,0,test,21.56694,20.286949157714844,-0.05934968667995366,0,15mm,0.59119296
SubNetW8CleanAuxExDnRcK6Rr01QdEma,minbias,0,test,33.799316,33.40012741088867,-0.01181056417127746,2,40mm,3.8575933
SubNetW8CleanAuxExDnRcK6Rr01QdEma,minbias,0,test,27.226542,27.026992797851562,-0.007329198281500915,3,60mm,4.2586956
SubNetW8CleanAuxExDnRcK6Rr01QdEma,minbias,0,test,3.6563325,3.6604256629943848,0.0011194742748490416,3,60mm,0.59552205
SubNetW8CleanAuxExDnRcK6Rr01QdEma,minbias,0,test,18.328136,18.402259826660156,0.00404424000194803,3,60mm,3.1795475
SubNetW8CleanAuxExDnRcK6Rr01QdEma,minbias,0,test,50.519836,52.870811462402344,0.04653568188160939,1,30mm,2.6623313
SubNetW8CleanAuxExDnRcK6Rr01QdEma,minbias,0,test,9.488263,9.110329627990723,-0.03983168436748208,2,40mm,1.1488398
SubNetW8CleanAuxExDnRcK6Rr01QdEma,minbias,0,test,15.529732,15.47171401977539,-0.0037359132562651,3,60mm,2.586858
SubNetW8CleanAuxExDnRcK6Rr01QdEma,minbias,0,test,11.981441,12.231398582458496,0.020862102299758156,3,60mm,2.8767874
SubNetW8CleanAuxExDnRcK6Rr01QdEma,minbias,0,test,47.31394,47.71903610229492,0.008561915945776377,1,30mm,2.8519409
SubNetW8CleanAuxExDnRcK6Rr01QdEma,minbias,0,test,52.735416,52.288970947265625,-0.008465761635349622,1,30mm,3.157786
SubNetW8CleanAuxExDnRcK6Rr01QdEma,minbias,0,test,28.91285,28.708709716796875,-0.007060518541876393,2,40mm,1.956862
SubNetW8CleanAuxExDnRcK6Rr01QdEma,minbias,0,test,7.613355,7.410029888153076,-0.02670639518843454,2,40mm,1.5165967
SubNetW8CleanAuxExDnRcK6Rr01QdEma,minbias,0,test,33.965168,33.44472122192383,-0.01532295607532319,2,40mm,2.9503417
SubNetW8CleanAuxExDnRcK6Rr01QdEma,minbias,0,test,22.484138,21.81974220275879,-0.02954955496038225,4,120mm,4.8751764
SubNetW8CleanAuxExDnRcK6Rr01QdEma,minbias,0,test,61.82078,62.138187408447266,0.005134288048702196,1,30mm,4.583627
SubNetW8CleanAuxExDnRcK6Rr01QdEma,minbias,0,test,2.9846213,2.8654232025146484,-0.039937423357872426,4,120mm,0.6337022
SubNetW8CleanAuxExDnRcK6Rr01QdEma,minbias,0,test,17.080711,17.560550689697266,0.028092467269339894,2,40mm,1.6361704
SubNetW8CleanAuxExDnRcK6Rr01QdEma,minbias,0,test,80.70598,85.61949920654297,0.06088174520390521,0,15mm,3.5812428
SubNetW8CleanAuxExDnRcK6Rr01QdEma,minbias,0,test,35.474293,36.51097106933594,0.029223368070083966,2,40mm,2.612319
SubNetW8CleanAuxExDnRcK6Rr01QdEma,minbias,0,test,38.1043,36.70236587524414,-0.03679205559338672,2,40mm,3.3028905
SubNetW8CleanAuxExDnRcK6Rr01QdEma,minbias,0,test,16.96346,17.562816619873047,0.03533215894912134,3,60mm,1.8803124
SubNetW8CleanAuxExDnRcK6Rr01QdEma,minbias,0,test,29.136366,28.421226501464844,-0.02454456371551772,3,60mm,3.9733484
SubNetW8CleanAuxExDnRcK6Rr01QdEma,minbias,0,test,33.739376,32.754600524902344,-0.029187722417414075,3,60mm,3.934562
SubNetW8CleanAuxExDnRcK6Rr01QdEma,minbias,0,test,14.20159,15.470337867736816,0.08933846988398564,2,40mm,0.8490292
SubNetW8CleanAuxExDnRcK6Rr01QdEma,minbias,0,test,22.558416,22.905759811401367,0.015397510143435822,3,60mm,3.7791321
SubNetW8CleanAuxExDnRcK6Rr01QdEma,minbias,0,test,5.6812754,5.573572158813477,-0.018957575887796563,4,120mm,1.2425599
SubNetW8CleanAuxExDnRcK6Rr01QdEma,minbias,0,test,52.462784,52.003414154052734,-0.00875610530041726,0,15mm,1.5024453
SubNetW8CleanAuxExDnRcK6Rr01QdEma,minbias,0,test,38.35359,37.673423767089844,-0.01773404708079629,2,40mm,4.3816533
SubNetW8CleanAuxExDnRcK6Rr01QdEma,minbias,0,test,13.202542,13.000604629516602,-0.015295362878686602,1,30mm,1.1919509
SubNetW8CleanAuxExDnRcK6Rr01QdEma,minbias,0,test,67.37419,67.83887481689453,0.0068970554430083375,1,30mm,3.448528
SubNetW8CleanAuxExDnRcK6Rr01QdEma,minbias,0,test,64.21817,62.62569046020508,-0.024797961413314917,2,40mm,4.57413
SubNetW8CleanAuxExDnRcK6Rr01QdEma,minbias,0,test,8.58136,6.248832702636719,-0.27181323214577835,2,40mm,1.9058704
SubNetW8CleanAuxExDnRcK6Rr01QdEma,minbias,0,test,12.562625,12.251479148864746,-0.02476757717207656,3,60mm,1.4841746
SubNetW8CleanAuxExDnRcK6Rr01QdEma,minbias,0,test,89.82237,88.47916412353516,-0.0149540507175705,0,15mm,3.1350234
SubNetW8CleanAuxExDnRcK6Rr01QdEma,minbias,0,test,25.139975,24.737834930419922,-0.015996025063223618,3,60mm,4.5504594
SubNetW8CleanAuxExDnRcK6Rr01QdEma,minbias,0,test,77.027885,81.44000244140625,0.05727947715769077,1,30mm,4.8349876
SubNetW8CleanAuxExDnRcK6Rr01QdEma,minbias,0,test,10.788319,10.344161033630371,-0.04117023379358453,4,120mm,2.5214648
SubNetW8CleanAuxExDnRcK6Rr01QdEma,minbias,0,test,37.416763,37.33528518676758,-0.0021775832995194477,1,30mm,1.8820277
SubNetW8CleanAuxExDnRcK6Rr01QdEma,minbias,0,test,16.897314,16.583845138549805,-0.018551405967608958,3,60mm,2.6929405
SubNetW8CleanAuxExDnRcK6Rr01QdEma,minbias,0,test,35.40556,35.0143928527832,-0.011048171306883514,2,40mm,4.872912
SubNetW8CleanAuxExDnRcK6Rr01QdEma,minbias,0,test,25.08172,23.562910079956055,-0.06055446958546529,3,60mm,4.1521935
SubNetW8CleanAuxExDnRcK6Rr01QdEma,minbias,0,test,34.830677,38.532814025878906,0.10628955015594177,1,30mm,2.1445007
SubNetW8CleanAuxExDnRcK6Rr01QdEma,minbias,0,test,31.646229,31.170679092407227,-0.015027057442686287,2,40mm,4.5060377
SubNetW8CleanAuxExDnRcK6Rr01QdEma,minbias,0,test,20.58781,17.38083839416504,-0.15577043122892453,4,120mm,4.9182925
SubNetW8CleanAuxExDnRcK6Rr01QdEma,minbias,0,test,16.01878,15.906816482543945,-0.006989500686674033,4,120mm,3.4600518
SubNetW8CleanAuxExDnRcK6Rr01QdEma,minbias,0,test,14.3496475,15.836565017700195,0.10362048917582967,1,30mm,0.7780013
SubNetW8CleanAuxExDnRcK6Rr01QdEma,minbias,0,test,22.016224,22.098522186279297,0.0037380742108399367,3,60mm,3.0803113
SubNetW8CleanAuxExDnRcK6Rr01QdEma,minbias,0,test,54.367397,54.55631637573242,0.003474859506541028,2,40mm,4.5216393
SubNetW8CleanAuxExDnRcK6Rr01QdEma,minbias,0,test,6.112181,5.2146477699279785,-0.1468433918000639,3,60mm,0.77957016
SubNetW8CleanAuxExDnRcK6Rr01QdEma,minbias,0,test,79.016846,78.34556579589844,-0.008495402483523984,1,30mm,3.635774
SubNetW8CleanAuxExDnRcK6Rr01QdEma,minbias,0,test,15.944826,16.201515197753906,0.01609858079512838,1,30mm,1.3910282
SubNetW8CleanAuxExDnRcK6Rr01QdEma,minbias,0,test,68.29764,70.29568481445312,0.029254992343531683,1,30mm,4.8458796
SubNetW8CleanAuxExDnRcK6Rr01QdEma,minbias,0,test,4.26733,4.155815124511719,-0.026132274919434484,4,120mm,0.9486204
SubNetW8CleanAuxExDnRcK6Rr01QdEma,minbias,0,test,63.222954,68.75955200195312,0.08757259623454727,1,30mm,2.3231661
SubNetW8CleanAuxExDnRcK6Rr01QdEma,minbias,0,test,28.378387,27.53969955444336,-0.029553754531386645,3,60mm,3.8174334
SubNetW8CleanAuxExDnRcK6Rr01QdEma,minbias,0,test,21.704721,22.142648696899414,0.020176589093130026,3,60mm,4.505438
SubNetW8CleanAuxExDnRcK6Rr01QdEma,minbias,0,test,27.421385,28.062599182128906,0.02338373408701555,2,40mm,2.1562088
SubNetW8CleanAuxExDnRcK6Rr01QdEma,minbias,0,test,10.035315,12.07910442352295,0.203659770840243,2,40mm,1.5706987
SubNetW8CleanAuxExDnRcK6Rr01QdEma,minbias,0,test,55.165302,57.439720153808594,0.04122913830495878,1,30mm,3.47594
SubNetW8CleanAuxExDnRcK6Rr01QdEma,minbias,0,test,5.6286592,5.574212551116943,-0.009673120157530968,3,60mm,0.9480569
SubNetW8CleanAuxExDnRcK6Rr01QdEma,minbias,0,test,31.855095,30.98832130432129,-0.02720988927531387,1,30mm,1.3429649
SubNetW8CleanAuxExDnRcK6Rr01QdEma,minbias,0,test,63.88361,23.94903564453125,-0.6251145523850812,0,15mm,1.6845324
SubNetW8CleanAuxExDnRcK6Rr01QdEma,minbias,0,test,36.004253,34.912269592285156,-0.03032929980285648,3,60mm,3.960452
SubNetW8CleanAuxExDnRcK6Rr01QdEma,minbias,0,test,2.4933417,2.3875982761383057,-0.04241031578913146,4,120mm,0.5838617
SubNetW8CleanAuxExDnRcK6Rr01QdEma,minbias,0,test,19.702349,17.686500549316406,-0.10231511935723236,4,120mm,4.7319064
SubNetW8CleanAuxExDnRcK6Rr01QdEma,minbias,0,test,25.22697,26.86638832092285,0.06498670290585395,2,40mm,2.4659476
SubNetW8CleanAuxExDnRcK6Rr01QdEma,minbias,0,test,11.493142,11.45113754272461,-0.003654752094626401,3,60mm,1.3881395
SubNetW8CleanAuxExDnRcK6Rr01QdEma,minbias,0,test,20.9438,22.65663719177246,0.08178254287591114,0,15mm,0.69939625
SubNetW8CleanAuxExDnRcK6Rr01QdEma,minbias,0,test,10.059231,10.109521865844727,0.0049994937365540615,3,60mm,2.32167
SubNetW8CleanAuxExDnRcK6Rr01QdEma,minbias,0,test,20.161438,19.748781204223633,-0.020467626579883436,1,30mm,1.0808278
SubNetW8CleanAuxExDnRcK6Rr01QdEma,minbias,0,test,45.258705,43.150108337402344,-0.046589861448186776,3,60mm,4.9972034
SubNetW8CleanAuxExDnRcK6Rr01QdEma,minbias,0,test,25.766226,25.319395065307617,-0.017341722948602145,0,15mm,0.83617574
SubNetW8CleanAuxExDnRcK6Rr01QdEma,minbias,0,test,31.241217,31.467378616333008,0.007239217321518998,2,40mm,4.0109887
SubNetW8CleanAuxExDnRcK6Rr01QdEma,minbias,0,test,26.765835,28.01991081237793,0.0468536106946722,2,40mm,3.0237024
SubNetW8CleanAuxExDnRcK6Rr01QdEma,minbias,0,test,17.349802,17.903491973876953,0.03191332996859275,4,120mm,3.7177284
SubNetW8CleanAuxExDnRcK6Rr01QdEma,minbias,0,test,22.350868,22.273786544799805,-0.003448710784814013,3,60mm,3.8528798
SubNetW8CleanAuxExDnRcK6Rr01QdEma,minbias,0,test,35.278416,34.04747009277344,-0.03489231484560218,3,60mm,4.6386085
SubNetW8CleanAuxExDnRcK6Rr01QdEma,minbias,0,test,15.594859,14.590766906738281,-0.0643861036869523,3,60mm,2.750206
SubNetW8CleanAuxExDnRcK6Rr01QdEma,minbias,0,test,27.694359,28.891647338867188,0.043232216377337984,2,40mm,2.755177
SubNetW8CleanAuxExDnRcK6Rr01QdEma,minbias,0,test,50.037384,50.66193771362305,0.012481741251810563,0,15mm,1.4569918
SubNetW8CleanAuxExDnRcK6Rr01QdEma,minbias,0,test,12.697367,12.905011177062988,0.016353348474112517,3,60mm,1.4460701
SubNetW8CleanAuxExDnRcK6Rr01QdEma,minbias,0,test,43.20288,42.291812896728516,-0.021088129877542272,1,30mm,3.3996544
SubNetW8CleanAuxExDnRcK6Rr01QdEma,minbias,0,test,36.85595,39.205135345458984,0.06373966704776435,2,40mm,3.9792738
SubNetW8CleanAuxExDnRcK6Rr01QdEma,minbias,0,test,36.108025,37.46436309814453,0.03756335374499953,2,40mm,4.5149856
SubNetW8CleanAuxExDnRcK6Rr01QdEma,minbias,0,test,18.125,17.515077590942383,-0.03365089153421341,2,40mm,1.4378979
SubNetW8CleanAuxExDnRcK6Rr01QdEma,minbias,0,test,6.03565,5.411227703094482,-0.10345565042553229,2,40mm,0.9217186
SubNetW8CleanAuxExDnRcK6Rr01QdEma,minbias,0,test,5.4925284,4.885481357574463,-0.11052233735032013,3,60mm,0.78026456
SubNetW8CleanAuxExDnRcK6Rr01QdEma,minbias,0,test,54.302216,24.263492584228516,-0.5531767474534598,0,15mm,1.7524511
SubNetW8CleanAuxExDnRcK6Rr01QdEma,minbias,0,test,54.746666,55.13175964355469,0.007034103031666961,1,30mm,2.7952526
SubNetW8CleanAuxExDnRcK6Rr01QdEma,minbias,0,test,78.181854,78.34451293945312,0.0020805171861257854,1,30mm,4.3425016
SubNetW8CleanAuxExDnRcK6Rr01QdEma,minbias,0,test,2.539139,2.469791889190674,-0.027311282402939896,4,120mm,0.6008961
SubNetW8CleanAuxExDnRcK6Rr01QdEma,minbias,0,test,19.001709,18.646156311035156,-0.018711615551643912,3,60mm,4.3190446
SubNetW8CleanAuxExDnRcK6Rr01QdEma,minbias,0,test,18.171093,18.191614151000977,0.00112933019246797,2,40mm,2.1265771
SubNetW8CleanAuxExDnRcK6Rr01QdEma,minbias,0,test,53.055584,51.74222946166992,-0.024754312257305955,1,30mm,2.6573322
SubNetW8CleanAuxExDnRcK6Rr01QdEma,minbias,0,test,28.16887,27.446643829345703,-0.025639192229514496,2,40mm,1.9655043
SubNetW8CleanAuxExDnRcK6Rr01QdEma,minbias,0,test,11.907418,11.445393562316895,-0.03880141597280695,3,60mm,1.4161209
SubNetW8CleanAuxExDnRcK6Rr01QdEma,minbias,0,test,18.262756,18.852998733520508,0.03231945795192126,3,60mm,3.3063679
SubNetW8CleanAuxExDnRcK6Rr01QdEma,minbias,0,test,8.694207,8.092315673828125,-0.06922902852256285,3,60mm,1.9018598
SubNetW8CleanAuxExDnRcK6Rr01QdEma,minbias,0,test,14.76031,14.573134422302246,-0.012681017440566378,3,60mm,2.4203537
SubNetW8CleanAuxExDnRcK6Rr01QdEma,minbias,0,test,21.791155,22.269405364990234,0.021947001275553824,2,40mm,3.0717413
SubNetW8CleanAuxExDnRcK6Rr01QdEma,minbias,0,test,9.495017,9.703947067260742,0.02200417486629247,4,120mm,2.1020846
SubNetW8CleanAuxExDnRcK6Rr01QdEma,minbias,0,test,38.917404,37.39784622192383,-0.03904571707957405,1,30mm,2.225844
SubNetW8CleanAuxExDnRcK6Rr01QdEma,minbias,0,test,62.18328,57.91001892089844,-0.06872043351519974,2,40mm,4.315033
SubNetW8CleanAuxExDnRcK6Rr01QdEma,minbias,0,test,40.08559,39.847496032714844,-0.005939648828433675,0,15mm,1.1341624
SubNetW8CleanAuxExDnRcK6Rr01QdEma,minbias,0,test,30.1214,34.32038497924805,0.13940202082168085,2,40mm,2.6059048
SubNetW8CleanAuxExDnRcK6Rr01QdEma,minbias,0,test,8.5912695,8.6924467086792,0.011776747971576906,3,60mm,1.3883386
SubNetW8CleanAuxExDnRcK6Rr01QdEma,minbias,0,test,64.31476,64.32243347167969,0.00011933763106974915,0,15mm,3.435243
SubNetW8CleanAuxExDnRcK6Rr01QdEma,minbias,0,test,13.816121,13.004084587097168,-0.058774565474904006,2,40mm,1.7035217
SubNetW8CleanAuxExDnRcK6Rr01QdEma,minbias,0,test,38.61573,40.282875061035156,0.043172685407179445,0,15mm,1.2810344
SubNetW8CleanAuxExDnRcK6Rr01QdEma,minbias,0,test,12.57335,13.384675979614258,0.06452743540653816,2,40mm,1.3606213
SubNetW8CleanAuxExDnRcK6Rr01QdEma,minbias,0,test,23.389069,22.874046325683594,-0.022019785676913095,3,60mm,3.6777048
SubNetW8CleanAuxExDnRcK6Rr01QdEma,minbias,0,test,36.211,35.10857009887695,-0.030444574324814067,2,40mm,4.447197
SubNetW8CleanAuxExDnRcK6Rr01QdEma,minbias,0,test,25.687857,25.26141357421875,-0.01660096073348094,3,60mm,4.407177
SubNetW8CleanAuxExDnRcK6Rr01QdEma,minbias,0,test,22.757643,22.407384872436523,-0.015390780031343754,3,60mm,4.6577387
SubNetW8CleanAuxExDnRcK6Rr01QdEma,minbias,0,test,28.940058,28.19611167907715,-0.025706447504354024,1,30mm,2.032708
SubNetW8CleanAuxExDnRcK6Rr01QdEma,minbias,0,test,37.468544,36.66598129272461,-0.021419639724647,2,40mm,3.502371
SubNetW8CleanAuxExDnRcK6Rr01QdEma,minbias,0,test,64.4289,58.11594009399414,-0.09798338035424059,1,30mm,2.504135
SubNetW8CleanAuxExDnRcK6Rr01QdEma,minbias,0,test,46.93166,48.068389892578125,0.02422096728295453,2,40mm,3.160148
SubNetW8CleanAuxExDnRcK6Rr01QdEma,minbias,0,test,19.689528,14.293746948242188,-0.2740431714360084,2,40mm,1.2818556
SubNetW8CleanAuxExDnRcK6Rr01QdEma,minbias,0,test,36.832916,35.943321228027344,-0.024152174795619707,0,15mm,1.407744
SubNetW8CleanAuxExDnRcK6Rr01QdEma,minbias,0,test,20.41565,23.760663986206055,0.16384561197644176,3,60mm,2.1470056
SubNetW8CleanAuxExDnRcK6Rr01QdEma,minbias,0,test,49.827797,51.070899963378906,0.02494798292887701,0,15mm,1.0942372
SubNetW8CleanAuxExDnRcK6Rr01QdEma,minbias,0,test,50.638176,49.767513275146484,-0.017193800381393065,1,30mm,2.2006893
SubNetW8CleanAuxExDnRcK6Rr01QdEma,minbias,0,test,30.859068,30.942365646362305,0.0026992950570179364,2,40mm,2.154284
SubNetW8CleanAuxExDnRcK6Rr01QdEma,minbias,0,test,6.5131307,7.485530376434326,0.14929835767926325,3,60mm,0.85035014
SubNetW8CleanAuxExDnRcK6Rr01QdEma,minbias,0,test,5.114695,5.446793079376221,0.0649301673933389,3,60mm,0.9781206
SubNetW8CleanAuxExDnRcK6Rr01QdEma,minbias,0,test,31.504808,30.998680114746094,-0.01606511311908465,0,15mm,0.9167434
SubNetW8CleanAuxExDnRcK6Rr01QdEma,minbias,0,test,56.69729,56.63344192504883,-0.0011260959705315932,1,30mm,2.6130652
SubNetW8CleanAuxExDnRcK6Rr01QdEma,minbias,0,test,32.36144,30.91817855834961,-0.04459814670065165,3,60mm,4.4314623
SubNetW8CleanAuxExDnRcK6Rr01QdEma,minbias,0,test,24.475567,24.593917846679688,0.0048354746316428,3,60mm,3.4072537
SubNetW8CleanAuxExDnRcK6Rr01QdEma,minbias,0,test,6.462459,6.375759601593018,-0.013415866097818197,3,60mm,1.1936036
SubNetW8CleanAuxExDnRcK6Rr01QdEma,minbias,0,test,40.243805,39.104801177978516,-0.028302586089880344,2,40mm,3.703946
SubNetW8CleanAuxExDnRcK6Rr01QdEma,minbias,0,test,35.249542,33.122684478759766,-0.06033717383644266,1,30mm,1.9618554
SubNetW8CleanAuxExDnRcK6Rr01QdEma,minbias,0,test,36.122986,33.03937530517578,-0.08536422067487948,2,40mm,3.6325579
SubNetW8CleanAuxExDnRcK6Rr01QdEma,minbias,0,test,5.2638245,4.988049507141113,-0.05239060642954463,3,60mm,0.64887893
SubNetW8CleanAuxExDnRcK6Rr01QdEma,minbias,0,test,35.39207,33.658668518066406,-0.04897713568242712,0,15mm,0.82458913
SubNetW8CleanAuxExDnRcK6Rr01QdEma,minbias,0,test,33.117744,32.34281539916992,-0.023399209686489342,2,40mm,4.470086
SubNetW8CleanAuxExDnRcK6Rr01QdEma,minbias,0,test,75.4758,76.89219665527344,0.018766241669163408,0,15mm,1.6442724
SubNetW8CleanAuxExDnRcK6Rr01QdEma,minbias,0,test,10.210423,9.568182945251465,-0.06290047873212345,3,60mm,1.7772218
SubNetW8CleanAuxExDnRcK6Rr01QdEma,minbias,0,test,26.483997,26.061147689819336,-0.015966232349425402,2,40mm,1.7857813
SubNetW8CleanAuxExDnRcK6Rr01QdEma,minbias,0,test,6.355847,6.050686359405518,-0.048012566717359983,3,60mm,1.1026312
SubNetW8CleanAuxExDnRcK6Rr01QdEma,minbias,0,test,61.937748,59.61886978149414,-0.03743885191790974,0,15mm,1.5125556
SubNetW8CleanAuxExDnRcK6Rr01QdEma,minbias,0,test,62.716003,60.421878814697266,-0.036579572648824055,2,40mm,4.569619
SubNetW8CleanAuxExDnRcK6Rr01QdEma,minbias,0,test,60.819016,59.816776275634766,-0.01647904391426136,1,30mm,3.08
SubNetW8CleanAuxExDnRcK6Rr01QdEma,minbias,0,test,6.049234,6.042555332183838,-0.0011040375249790069,2,40mm,0.55319226
SubNetW8CleanAuxExDnRcK6Rr01QdEma,minbias,0,test,55.651493,55.93258285522461,0.00505089382505175,2,40mm,4.7039704
SubNetW8CleanAuxExDnRcK6Rr01QdEma,minbias,0,test,49.24345,48.196083068847656,-0.02126916559343861,2,40mm,4.403535
SubNetW8CleanAuxExDnRcK6Rr01QdEma,minbias,0,test,22.926186,22.670486450195312,-0.011153148722071737,2,40mm,2.252682
SubNetW8CleanAuxExDnRcK6Rr01QdEma,minbias,0,test,3.8152034,3.3459360599517822,-0.12299930452978025,3,60mm,0.6928216
SubNetW8CleanAuxExDnRcK6Rr01QdEma,minbias,0,test,31.050026,31.931621551513672,0.028392749599549294,3,60mm,4.621751
SubNetW8CleanAuxExDnRcK6Rr01QdEma,minbias,0,test,26.68764,24.985355377197266,-0.06378547926891698,2,40mm,4.7231946
SubNetW8CleanAuxExDnRcK6Rr01QdEma,minbias,0,test,10.2225685,10.254629135131836,0.003136259065559255,3,60mm,0.9958707
SubNetW8CleanAuxExDnRcK6Rr01QdEma,minbias,0,test,67.750496,66.3803939819336,-0.020222758672024388,1,30mm,3.6429822
SubNetW8CleanAuxExDnRcK6Rr01QdEma,minbias,0,test,11.701365,12.30925464630127,0.051950276822607444,2,40mm,1.769353
SubNetW8CleanAuxExDnRcK6Rr01QdEma,minbias,0,test,19.356266,19.120012283325195,-0.012205543059705448,3,60mm,4.3116374
SubNetW8CleanAuxExDnRcK6Rr01QdEma,minbias,0,test,14.110385,5.064915657043457,-0.6410504973333331,1,30mm,0.8973489
SubNetW8CleanAuxExDnRcK6Rr01QdEma,minbias,0,test,19.765226,20.735149383544922,0.04907219383882788,3,60mm,2.4291725
SubNetW8CleanAuxExDnRcK6Rr01QdEma,minbias,0,test,46.923225,48.001922607421875,0.02298855620706619,1,30mm,2.5002556
SubNetW8CleanAuxExDnRcK6Rr01QdEma,minbias,0,test,40.873486,39.122596740722656,-0.042836787718300906,0,15mm,2.0196555
SubNetW8CleanAuxExDnRcK6Rr01QdEma,minbias,0,test,18.83744,18.936094284057617,0.005237112408320366,2,40mm,2.072531
SubNetW8CleanAuxExDnRcK6Rr01QdEma,minbias,0,test,45.11033,44.90183639526367,-0.004621830192326648,2,40mm,3.6090317
SubNetW8CleanAuxExDnRcK6Rr01QdEma,minbias,0,test,24.495375,24.456167221069336,-0.001600606604674648,3,60mm,3.3452463
SubNetW8CleanAuxExDnRcK6Rr01QdEma,minbias,0,test,21.015944,21.80477523803711,0.03753491770634354,3,60mm,3.4716315
SubNetW8CleanAuxExDnRcK6Rr01QdEma,minbias,0,test,49.341217,48.53874588012695,-0.016263708295269796,1,30mm,2.00779
SubNetW8CleanAuxExDnRcK6Rr01QdEma,minbias,0,test,6.9126215,6.132007122039795,-0.11292595381965886,3,60mm,1.5922663
SubNetW8CleanAuxExDnRcK6Rr01QdEma,minbias,0,test,12.523485,12.950740814208984,0.03411635213564357,2,40mm,2.061806
SubNetW8CleanAuxExDnRcK6Rr01QdEma,minbias,0,test,19.528887,18.663246154785156,-0.044326164073953844,3,60mm,2.7525012
SubNetW8CleanAuxExDnRcK6Rr01QdEma,minbias,0,test,36.662273,38.466514587402344,0.04921247409813656,2,40mm,3.9287345
SubNetW8CleanAuxExDnRcK6Rr01QdEma,minbias,0,test,34.520977,35.14836120605469,0.018173998534941394,3,60mm,4.506807
SubNetW8CleanAuxExDnRcK6Rr01QdEma,minbias,0,test,16.707447,16.440004348754883,-0.0160073949308146,3,60mm,3.138669
SubNetW8CleanAuxExDnRcK6Rr01QdEma,minbias,0,test,96.46145,93.29281616210938,-0.032848692934136725,0,15mm,2.2383976
SubNetW8CleanAuxExDnRcK6Rr01QdEma,minbias,0,test,10.507152,9.878386497497559,-0.05984163262475761,3,60mm,1.8965627
SubNetW8CleanAuxExDnRcK6Rr01QdEma,minbias,0,test,18.645912,24.371824264526367,0.30708672452093055,3,60mm,4.0913453
SubNetW8CleanAuxExDnRcK6Rr01QdEma,minbias,0,test,16.082336,15.669878005981445,-0.025646672776885926,2,40mm,1.5056844
SubNetW8CleanAuxExDnRcK6Rr01QdEma,minbias,0,test,46.436584,46.37312698364258,-0.0013665408370212573,2,40mm,4.8735833
SubNetW8CleanAuxExDnRcK6Rr01QdEma,minbias,0,test,26.70973,25.632381439208984,-0.04033543967400932,3,60mm,4.304724
SubNetW8CleanAuxExDnRcK6Rr01QdEma,minbias,0,test,5.5397973,4.70054292678833,-0.1514955029770274,2,40mm,0.5143509
SubNetW8CleanAuxExDnRcK6Rr01QdEma,minbias,0,test,45.18872,45.12715530395508,-0.0013624063308714796,1,30mm,3.6141908
SubNetW8CleanAuxExDnRcK6Rr01QdEma,minbias,0,test,35.19069,33.42243194580078,-0.05024786916635915,3,60mm,4.278714
SubNetW8CleanAuxExDnRcK6Rr01QdEma,minbias,0,test,45.672756,46.3433723449707,0.014683067232424962,2,40mm,4.8518467
SubNetW8CleanAuxExDnRcK6Rr01QdEma,minbias,0,test,20.609058,20.821218490600586,0.010294507714055268,2,40mm,4.484236
SubNetW8CleanAuxExDnRcK6Rr01QdEma,minbias,0,test,7.7181797,7.725305080413818,0.0009231940599261357,3,60mm,1.6226796
SubNetW8CleanAuxExDnRcK6Rr01QdEma,minbias,0,test,41.44054,39.660701751708984,-0.042949212257795466,0,15mm,2.3804984
SubNetW8CleanAuxExDnRcK6Rr01QdEma,minbias,0,test,13.80075,13.063481330871582,-0.053422347314153296,3,60mm,1.4953755
SubNetW8CleanAuxExDnRcK6Rr01QdEma,minbias,0,test,13.9531975,14.942824363708496,0.07092473864376081,4,120mm,3.2528162
SubNetW8CleanAuxExDnRcK6Rr01QdEma,minbias,0,test,7.65305,7.477462291717529,-0.022943487283708874,3,60mm,1.456104
SubNetW8CleanAuxExDnRcK6Rr01QdEma,minbias,0,test,12.367657,12.635139465332031,0.021627602050148242,2,40mm,1.5290807
SubNetW8CleanAuxExDnRcK6Rr01QdEma,minbias,0,test,5.4079156,5.423320293426514,0.002848546906898397,3,60mm,0.88155526
SubNetW8CleanAuxExDnRcK6Rr01QdEma,minbias,0,test,16.638899,16.100784301757812,-0.03234075479376286,3,60mm,3.8458023
SubNetW8CleanAuxExDnRcK6Rr01QdEma,minbias,0,test,52.6298,54.56679916381836,0.03680424997894405,0,15mm,1.1895425
SubNetW8CleanAuxExDnRcK6Rr01QdEma,minbias,0,test,57.075302,64.95849609375,0.13811918073769536,0,15mm,1.8788891
SubNetW8CleanAuxExDnRcK6Rr01QdEma,minbias,0,test,21.122429,20.905227661132812,-0.010282966698560547,3,60mm,4.4946876
SubNetW8CleanAuxExDnRcK6Rr01QdEma,minbias,0,test,28.069773,26.00818634033203,-0.07344506849217336,3,60mm,3.6532965
SubNetW8CleanAuxExDnRcK6Rr01QdEma,minbias,0,test,5.5340204,5.972445011138916,0.07922352171979208,3,60mm,0.5706778
SubNetW8CleanAuxExDnRcK6Rr01QdEma,minbias,0,test,31.925089,31.803462982177734,-0.0038097278512333466,2,40mm,4.1516743
SubNetW8CleanAuxExDnRcK6Rr01QdEma,minbias,0,test,68.498215,64.4190902709961,-0.0595508140943205,1,30mm,4.3143516
SubNetW8CleanAuxExDnRcK6Rr01QdEma,minbias,0,test,3.9053497,3.8441808223724365,-0.01566285052023708,3,60mm,0.8961234
SubNetW8CleanAuxExDnRcK6Rr01QdEma,minbias,0,test,19.08141,19.274839401245117,0.010137089053207315,3,60mm,2.3116212
SubNetW8CleanAuxExDnRcK6Rr01QdEma,minbias,0,test,17.349358,16.581981658935547,-0.0442307988293833,3,60mm,2.122907
SubNetW8CleanAuxExDnRcK6Rr01QdEma,minbias,0,test,23.38324,22.25257682800293,-0.0483535613699424,0,15mm,0.6597843
SubNetW8CleanAuxExDnRcK6Rr01QdEma,minbias,0,test,30.468143,30.14447021484375,-0.010623333472308483,2,40mm,2.1809435
SubNetW8CleanAuxExDnRcK6Rr01QdEma,minbias,0,test,22.574974,21.422964096069336,-0.05103040034174322,2,40mm,3.3137245
SubNetW8CleanAuxExDnRcK6Rr01QdEma,minbias,0,test,23.797367,27.36618423461914,0.1499668902144915,2,40mm,2.6050828
SubNetW8CleanAuxExDnRcK6Rr01QdEma,minbias,0,test,10.833163,10.557487487792969,-0.025447393985331135,3,60mm,1.9603407
SubNetW8CleanAuxExDnRcK6Rr01QdEma,minbias,0,test,10.27665,14.595999717712402,0.4203071145484685,1,30mm,0.82982135
SubNetW8CleanAuxExDnRcK6Rr01QdEma,minbias,0,test,29.655224,27.28854751586914,-0.07980638901334314,1,30mm,1.2669643
SubNetW8CleanAuxExDnRcK6Rr01QdEma,minbias,0,test,52.585358,50.910186767578125,-0.031856223344090995,1,30mm,4.0917616
SubNetW8CleanAuxExDnRcK6Rr01QdEma,minbias,0,test,61.810234,66.07379150390625,0.0689781797180331,1,30mm,4.88534
SubNetW8CleanAuxExDnRcK6Rr01QdEma,minbias,0,test,21.206522,21.078922271728516,-0.006017003460503267,3,60mm,3.3894937
SubNetW8CleanAuxExDnRcK6Rr01QdEma,minbias,0,test,26.786722,30.577909469604492,0.1415323330881746,1,30mm,2.6176064
SubNetW8CleanAuxExDnRcK6Rr01QdEma,minbias,0,test,24.009365,23.488725662231445,-0.021684847466066803,1,30mm,1.1671396
SubNetW8CleanAuxExDnRcK6Rr01QdEma,minbias,0,test,16.000578,13.093052864074707,-0.18171375283394953,2,40mm,1.6735201
SubNetW8CleanAuxExDnRcK6Rr01QdEma,minbias,0,test,36.411293,36.9277229309082,0.014183234325147343,3,60mm,4.779817
SubNetW8CleanAuxExDnRcK6Rr01QdEma,minbias,0,test,9.332507,8.791313171386719,-0.057990200742031095,3,60mm,1.4911172
SubNetW8CleanAuxExDnRcK6Rr01QdEma,minbias,0,test,33.478436,37.80711364746094,0.12929750343287516,1,30mm,2.7019389
SubNetW8CleanAuxExDnRcK6Rr01QdEma,minbias,0,test,28.682966,28.805164337158203,0.004260302224976753,2,40mm,4.015736
SubNetW8CleanAuxExDnRcK6Rr01QdEma,minbias,0,test,26.025084,26.48304557800293,0.01759694778293519,2,40mm,1.8228354
SubNetW8CleanAuxExDnRcK6Rr01QdEma,minbias,0,test,22.37699,22.36463165283203,-0.0005522508676493176,2,40mm,2.678954
SubNetW8CleanAuxExDnRcK6Rr01QdEma,minbias,0,test,26.537146,34.63764190673828,0.30525122821236117,3,60mm,2.874656
SubNetW8CleanAuxExDnRcK6Rr01QdEma,minbias,0,test,24.314169,23.340497970581055,-0.04004541394253225,2,40mm,2.121274
SubNetW8CleanAuxExDnRcK6Rr01QdEma,minbias,0,test,18.919952,18.803123474121094,-0.006174905519469531,2,40mm,3.068753
SubNetW8CleanAuxExDnRcK6Rr01QdEma,minbias,0,test,23.102776,23.859033584594727,0.03273450882344098,3,60mm,3.8612592
SubNetW8CleanAuxExDnRcK6Rr01QdEma,minbias,0,test,11.754922,11.571982383728027,-0.015562802609036641,3,60mm,1.7584502
SubNetW8CleanAuxExDnRcK6Rr01QdEma,minbias,0,test,18.29778,18.023456573486328,-0.014992120547390075,3,60mm,2.3687084
SubNetW8CleanAuxExDnRcK6Rr01QdEma,minbias,0,test,49.93337,49.501609802246094,-0.008646700433079912,2,40mm,2.9614217
SubNetW8CleanAuxExDnRcK6Rr01QdEma,minbias,0,test,28.525223,26.765342712402344,-0.06169557656375291,3,60mm,4.67619
SubNetW8CleanAuxExDnRcK6Rr01QdEma,minbias,0,test,81.04473,82.69448852539062,0.02035613373065881,1,30mm,3.8054893
SubNetW8CleanAuxExDnRcK6Rr01QdEma,minbias,0,test,6.3523855,6.057352542877197,-0.04644443840594126,3,60mm,1.1722662
SubNetW8CleanAuxExDnRcK6Rr01QdEma,minbias,0,test,55.101868,55.088722229003906,-0.00023856626520701862,2,40mm,4.947662
SubNetW8CleanAuxExDnRcK6Rr01QdEma,minbias,0,test,10.669576,11.375445365905762,0.06615723952952224,3,60mm,1.2661599
SubNetW8CleanAuxExDnRcK6Rr01QdEma,minbias,0,test,9.771836,9.191783905029297,-0.05935960848339328,3,60mm,2.0818415
SubNetW8CleanAuxExDnRcK6Rr01QdEma,minbias,0,test,82.43273,81.3037338256836,-0.013695989207582748,1,30mm,4.364061
SubNetW8CleanAuxExDnRcK6Rr01QdEma,minbias,0,test,22.438126,21.73199462890625,-0.031470141209992475,3,60mm,3.2489567
SubNetW8CleanAuxExDnRcK6Rr01QdEma,minbias,0,test,34.56515,34.78057098388672,0.0062322819868387835,2,40mm,3.3602853
SubNetW8CleanAuxExDnRcK6Rr01QdEma,minbias,0,test,6.0312104,6.104004859924316,0.01206962322798244,3,60mm,0.9839397
SubNetW8CleanAuxExDnRcK6Rr01QdEma,minbias,0,test,24.459705,24.77043914794922,0.012703905900921075,3,60mm,3.6376996
SubNetW8CleanAuxExDnRcK6Rr01QdEma,minbias,0,test,7.9227796,11.816428184509277,0.4914498245078489,2,40mm,0.7942303
SubNetW8CleanAuxExDnRcK6Rr01QdEma,minbias,0,test,10.303886,9.454276084899902,-0.08245532749226059,3,60mm,1.7459137
SubNetW8CleanAuxExDnRcK6Rr01QdEma,minbias,0,test,26.229721,26.352935791015625,0.004697523140028137,1,30mm,1.6875244
SubNetW8CleanAuxExDnRcK6Rr01QdEma,minbias,0,test,13.234363,13.365283966064453,0.009892532626275985,2,40mm,1.3655894
SubNetW8CleanAuxExDnRcK6Rr01QdEma,minbias,0,test,20.457558,20.4943904876709,0.0018004499866302037,3,60mm,3.885544
SubNetW8CleanAuxExDnRcK6Rr01QdEma,minbias,0,test,35.5778,35.061214447021484,-0.014519905469432492,2,40mm,2.789902
SubNetW8CleanAuxExDnRcK6Rr01QdEma,minbias,0,test,32.275223,30.706342697143555,-0.04860942686445513,2,40mm,3.8682091
SubNetW8CleanAuxExDnRcK6Rr01QdEma,minbias,0,test,13.994774,13.753005027770996,-0.017275651561911354,1,30mm,0.8481767
SubNetW8CleanAuxExDnRcK6Rr01QdEma,minbias,0,test,10.821149,10.277421951293945,-0.050246690762159596,3,60mm,2.4354293
SubNetW8CleanAuxExDnRcK6Rr01QdEma,minbias,0,test,24.542295,24.942691802978516,0.01631454350978845,2,40mm,3.9146616
SubNetW8CleanAuxExDnRcK6Rr01QdEma,minbias,0,test,31.24732,31.273630142211914,0.0008419911497536958,2,40mm,2.7595987
SubNetW8CleanAuxExDnRcK6Rr01QdEma,minbias,0,test,25.498926,25.5490779876709,0.001966821058703827,2,40mm,2.460664
SubNetW8CleanAuxExDnRcK6Rr01QdEma,minbias,0,test,48.66313,47.758941650390625,-0.01858059750024066,2,40mm,4.2269945
SubNetW8CleanAuxExDnRcK6Rr01QdEma,minbias,0,test,63.194218,60.20104217529297,-0.047364705449147726,1,30mm,3.0235984
SubNetW8CleanAuxExDnRcK6Rr01QdEma,minbias,0,test,66.4583,67.03311920166016,0.00864935593908367,1,30mm,4.1991844
SubNetW8CleanAuxExDnRcK6Rr01QdEma,minbias,0,test,12.08697,12.540162086486816,0.03749423923910378,3,60mm,1.8373945
SubNetW8CleanAuxExDnRcK6Rr01QdEma,minbias,0,test,18.823917,19.145498275756836,0.017083632497780554,4,120mm,4.2661543
SubNetW8CleanAuxExDnRcK6Rr01QdEma,minbias,0,test,80.94249,83.38059997558594,0.030121514211973066,0,15mm,1.8151088
SubNetW8CleanAuxExDnRcK6Rr01QdEma,minbias,0,test,40.423725,39.96361541748047,-0.011382169981476564,2,40mm,3.3978276
SubNetW8CleanAuxExDnRcK6Rr01QdEma,minbias,0,test,15.321804,18.588773727416992,0.21322356498251338,1,30mm,1.0678486
SubNetW8CleanAuxExDnRcK6Rr01QdEma,minbias,0,test,30.320536,29.710426330566406,-0.020121983861674853,3,60mm,3.4723814
SubNetW8CleanAuxExDnRcK6Rr01QdEma,minbias,0,test,35.527065,34.74435043334961,-0.022031508587750714,1,30mm,2.7382944
SubNetW8CleanAuxExDnRcK6Rr01QdEma,minbias,0,test,6.105957,5.885833263397217,-0.03605065786185524,4,120mm,1.4326712
SubNetW8CleanAuxExDnRcK6Rr01QdEma,minbias,0,test,14.426833,14.847640037536621,0.029168347641478132,3,60mm,2.9540362
SubNetW8CleanAuxExDnRcK6Rr01QdEma,minbias,0,test,12.4246235,11.956599235534668,-0.0376690894694125,3,60mm,1.913242
SubNetW8CleanAuxExDnRcK6Rr01QdEma,minbias,0,test,14.927282,15.227721214294434,0.020126830471257184,3,60mm,3.5275419
SubNetW8CleanAuxExDnRcK6Rr01QdEma,minbias,0,test,94.7847,96.39688110351562,0.01700889112835058,0,15mm,2.021017
SubNetW8CleanAuxExDnRcK6Rr01QdEma,minbias,0,test,11.392214,10.494587898254395,-0.07879293149060218,2,40mm,1.7040949
SubNetW8CleanAuxExDnRcK6Rr01QdEma,minbias,0,test,68.76573,68.67445373535156,-0.001327377369036875,2,40mm,4.9925747
SubNetW8CleanAuxExDnRcK6Rr01QdEma,minbias,0,test,47.542824,45.44268798828125,-0.0441735605026885,2,40mm,4.7344046
SubNetW8CleanAuxExDnRcK6Rr01QdEma,minbias,0,test,42.163914,42.3798942565918,0.005122402326894093,3,60mm,4.2433934
SubNetW8CleanAuxExDnRcK6Rr01QdEma,minbias,0,test,10.578123,15.199216842651367,0.43685384538683225,3,60mm,1.2991908
SubNetW8CleanAuxExDnRcK6Rr01QdEma,minbias,0,test,16.474798,17.30523109436035,0.05040625576336044,2,40mm,2.6925037
SubNetW8CleanAuxExDnRcK6Rr01QdEma,minbias,0,test,18.915,32.32727813720703,0.7090814999997983,0,15mm,0.8427241
SubNetW8CleanAuxExDnRcK6Rr01QdEma,minbias,0,test,23.712757,23.140527725219727,-0.0241317103155535,3,60mm,4.008154
SubNetW8CleanAuxExDnRcK6Rr01QdEma,minbias,0,test,18.567547,19.003324508666992,0.023469856725530036,3,60mm,2.0405457
SubNetW8CleanAuxExDnRcK6Rr01QdEma,minbias,0,test,68.64501,69.08712005615234,0.006440499346536344,0,15mm,1.9629171
SubNetW8CleanAuxExDnRcK6Rr01QdEma,minbias,0,test,48.297348,47.22573471069336,-0.022187829262783065,0,15mm,1.273717
SubNetW8CleanAuxExDnRcK6Rr01QdEma,minbias,0,test,37.0869,45.6868896484375,0.23188757006196603,0,15mm,0.9506728
SubNetW8CleanAuxExDnRcK6Rr01QdEma,minbias,0,test,18.087202,36.75094985961914,1.0318758928568603,1,30mm,0.7296132
SubNetW8CleanAuxExDnRcK6Rr01QdEma,minbias,0,test,37.28456,37.14534378051758,-0.0037339148534406563,3,60mm,4.878775
SubNetW8CleanAuxExDnRcK6Rr01QdEma,minbias,0,test,22.579563,22.035839080810547,-0.024080362257959287,3,60mm,2.7426965
SubNetW8CleanAuxExDnRcK6Rr01QdEma,minbias,0,test,11.756275,11.706413269042969,-0.004241301535415354,2,40mm,1.7111485
SubNetW8CleanAuxExDnRcK6Rr01QdEma,minbias,0,test,31.094446,30.578914642333984,-0.016579537609235917,0,15mm,1.0853685
SubNetW8CleanAuxExDnRcK6Rr01QdEma,minbias,0,test,24.308033,24.2053165435791,-0.004225617349096544,3,60mm,4.872937
SubNetW8CleanAuxExDnRcK6Rr01QdEma,minbias,0,test,28.066563,29.869535446166992,0.06423917370632704,2,40mm,2.373006
SubNetW8CleanAuxExDnRcK6Rr01QdEma,minbias,0,test,6.9860353,7.032249450683594,0.006615211833801649,4,120mm,1.5204711
SubNetW8CleanAuxExDnRcK6Rr01QdEma,minbias,0,test,31.918945,30.241975784301758,-0.052538375305950735,1,30mm,1.7343335
SubNetW8CleanAuxExDnRcK6Rr01QdEma,minbias,0,test,22.062967,22.265443801879883,0.00917721078528877,3,60mm,3.8430355
SubNetW8CleanAuxExDnRcK6Rr01QdEma,minbias,0,test,8.135089,7.659716606140137,-0.058434802507168926,4,120mm,1.7092906
SubNetW8CleanAuxExDnRcK6Rr01QdEma,minbias,0,test,13.491553,13.255484580993652,-0.017497520131415145,3,60mm,2.5011823
SubNetW8CleanAuxExDnRcK6Rr01QdEma,minbias,0,test,36.8707,36.65679931640625,-0.005801395550514954,3,60mm,3.611513
SubNetW8CleanAuxExDnRcK6Rr01QdEma,minbias,0,test,64.30431,65.18798828125,0.013742073762872176,0,15mm,1.9924401
SubNetW8CleanAuxExDnRcK6Rr01QdEma,minbias,0,test,28.800682,27.497636795043945,-0.045243556029555765,3,60mm,4.586448
SubNetW8CleanAuxExDnRcK6Rr01QdEma,minbias,0,test,27.2285,29.93267822265625,0.0993142413307877,2,40mm,3.035035
SubNetW8CleanAuxExDnRcK6Rr01QdEma,minbias,0,test,18.194994,18.211957931518555,0.0009323420917650704,3,60mm,2.842511
SubNetW8CleanAuxExDnRcK6Rr01QdEma,minbias,0,test,30.814575,30.06072998046875,-0.024463917158216275,3,60mm,3.1300936
SubNetW8CleanAuxExDnRcK6Rr01QdEma,minbias,0,test,37.000362,36.55866622924805,-0.011937617320123106,2,40mm,4.73189
SubNetW8CleanAuxExDnRcK6Rr01QdEma,minbias,0,test,80.68697,80.99386596679688,0.003803493692157378,0,15mm,3.2506006
SubNetW8CleanAuxExDnRcK6Rr01QdEma,minbias,0,test,14.50545,14.751411437988281,0.01695646705566789,4,120mm,3.4251804
SubNetW8CleanAuxExDnRcK6Rr01QdEma,minbias,0,test,22.091286,20.186159133911133,-0.08623882724830423,2,40mm,4.917774
SubNetW8CleanAuxExDnRcK6Rr01QdEma,minbias,0,test,19.932661,19.3640193939209,-0.028528135856285664,3,60mm,3.0703201
SubNetW8CleanAuxExDnRcK6Rr01QdEma,minbias,0,test,51.674835,50.02189636230469,-0.03198730748174694,1,30mm,2.7076123
SubNetW8CleanAuxExDnRcK6Rr01QdEma,minbias,0,test,10.448791,10.777857780456543,0.0314933320409323,2,40mm,1.1913992
SubNetW8CleanAuxExDnRcK6Rr01QdEma,minbias,0,test,17.628141,17.647960662841797,0.0011242966113238495,4,120mm,3.738838
SubNetW8CleanAuxExDnRcK6Rr01QdEma,minbias,0,test,29.082699,28.21282196044922,-0.029910458685271424,3,60mm,4.7828407
SubNetW8CleanAuxExDnRcK6Rr01QdEma,minbias,0,test,18.589321,17.669525146484375,-0.04947980527301121,3,60mm,3.8425221
SubNetW8CleanAuxExDnRcK6Rr01QdEma,minbias,0,test,29.748528,29.98272132873535,0.007872450213492588,3,60mm,2.8716438
SubNetW8CleanAuxExDnRcK6Rr01QdEma,minbias,0,test,73.847626,72.73448181152344,-0.015073523486479834,0,15mm,2.4218907
SubNetW8CleanAuxExDnRcK6Rr01QdEma,minbias,0,test,22.75619,23.422134399414062,0.029264348391813133,2,40mm,1.7322701
SubNetW8CleanAuxExDnRcK6Rr01QdEma,minbias,0,test,11.070771,10.834076881408691,-0.021380112667005235,4,120mm,2.2717414
SubNetW8CleanAuxExDnRcK6Rr01QdEma,minbias,0,test,32.07826,31.816600799560547,-0.008156855358162796,3,60mm,3.9340475
SubNetW8CleanAuxExDnRcK6Rr01QdEma,minbias,0,test,58.48331,57.04706573486328,-0.02455820211650228,1,30mm,2.4999523
SubNetW8CleanAuxExDnRcK6Rr01QdEma,minbias,0,test,16.236887,16.069631576538086,-0.010300952506253847,3,60mm,1.9746313
SubNetW8CleanAuxExDnRcK6Rr01QdEma,minbias,0,test,28.528694,29.526988983154297,0.03499265774221083,1,30mm,1.5168293
SubNetW8CleanAuxExDnRcK6Rr01QdEma,minbias,0,test,95.90263,95.2543716430664,-0.006759585207813723,0,15mm,3.5188506
SubNetW8CleanAuxExDnRcK6Rr01QdEma,minbias,0,test,62.63818,63.25031280517578,0.00977252257779937,0,15mm,1.4580119
SubNetW8CleanAuxExDnRcK6Rr01QdEma,minbias,0,test,10.578056,9.632847785949707,-0.08935559799695203,4,120mm,2.3270729
SubNetW8CleanAuxExDnRcK6Rr01QdEma,minbias,0,test,27.694658,32.804542541503906,0.1845079368927376,1,30mm,1.4360046
SubNetW8CleanAuxExDnRcK6Rr01QdEma,minbias,0,test,32.795597,29.56402587890625,-0.09853673924520967,1,30mm,2.2803645
SubNetW8CleanAuxExDnRcK6Rr01QdEma,minbias,0,test,3.967816,3.517993211746216,-0.11336788039244983,4,120mm,0.93359494
SubNetW8CleanAuxExDnRcK6Rr01QdEma,minbias,0,test,12.095807,12.264019966125488,0.013906710777961129,3,60mm,1.6270524
SubNetW8CleanAuxExDnRcK6Rr01QdEma,minbias,0,test,22.409626,21.509185791015625,-0.040180956870050744,1,30mm,1.0831273
SubNetW8CleanAuxExDnRcK6Rr01QdEma,minbias,0,test,23.76785,23.5637264251709,-0.00858825864188506,2,40mm,3.3912053
SubNetW8CleanAuxExDnRcK6Rr01QdEma,minbias,0,test,14.639783,14.787927627563477,0.010119325056959116,3,60mm,1.9546499
SubNetW8CleanAuxExDnRcK6Rr01QdEma,minbias,0,test,18.192827,17.882753372192383,-0.017043741948889912,1,30mm,0.9216323
SubNetW8CleanAuxExDnRcK6Rr01QdEma,minbias,0,test,29.374012,29.375158309936523,3.902485396189981e-05,3,60mm,4.6041875
SubNetW8CleanAuxExDnRcK6Rr01QdEma,minbias,0,test,28.776455,27.5742244720459,-0.0417782682614013,2,40mm,2.1245327
SubNetW8CleanAuxExDnRcK6Rr01QdEma,minbias,0,test,82.119576,87.519775390625,0.06576020220787204,0,15mm,1.7897724
SubNetW8CleanAuxExDnRcK6Rr01QdEma,minbias,0,test,14.514358,13.902870178222656,-0.04212982805440446,2,40mm,0.9721227
SubNetW8CleanAuxExDnRcK6Rr01QdEma,minbias,0,test,24.15293,23.902387619018555,-0.01037313875419521,2,40mm,2.3352592
SubNetW8CleanAuxExDnRcK6Rr01QdEma,minbias,0,test,56.546173,65.88014221191406,0.16506809577393344,0,15mm,2.2727127
SubNetW8CleanAuxExDnRcK6Rr01QdEma,minbias,0,test,3.2844481,3.0759098529815674,-0.06349264306102786,3,60mm,0.7279103
SubNetW8CleanAuxExDnRcK6Rr01QdEma,minbias,0,test,42.858536,41.133766174316406,-0.04024331586309626,2,40mm,4.465799
SubNetW8CleanAuxExDnRcK6Rr01QdEma,minbias,0,test,60.65843,87.05705261230469,0.43520126068131915,0,15mm,1.2998734
SubNetW8CleanAuxExDnRcK6Rr01QdEma,minbias,0,test,29.143547,36.06684112548828,0.23755838826273856,1,30mm,1.8196056
SubNetW8CleanAuxExDnRcK6Rr01QdEma,minbias,0,test,5.5563245,5.8280439376831055,0.04890273356082764,2,40mm,0.6213233
SubNetW8CleanAuxExDnRcK6Rr01QdEma,minbias,0,test,10.10942,10.166621208190918,0.005658226337543759,3,60mm,2.0985627
SubNetW8CleanAuxExDnRcK6Rr01QdEma,minbias,0,test,12.448481,10.979764938354492,-0.11798352860889505,2,40mm,1.1224144
SubNetW8CleanAuxExDnRcK6Rr01QdEma,minbias,0,test,38.233894,37.87864685058594,-0.009291428550903924,1,30mm,2.4836993
SubNetW8CleanAuxExDnRcK6Rr01QdEma,minbias,0,test,86.18779,85.02192687988281,-0.013527009315730476,1,30mm,4.161192
SubNetW8CleanAuxExDnRcK6Rr01QdEma,minbias,0,test,28.10879,29.67164421081543,0.055600216080489595,3,60mm,4.605651
SubNetW8CleanAuxExDnRcK6Rr01QdEma,minbias,0,test,24.7461,24.206151962280273,-0.021819499690267086,1,30mm,1.2641232
SubNetW8CleanAuxExDnRcK6Rr01QdEma,minbias,0,test,16.517605,16.613117218017578,0.0057824600559215344,3,60mm,2.9832413
SubNetW8CleanAuxExDnRcK6Rr01QdEma,minbias,0,test,64.509964,64.43122863769531,-0.001220514579354126,1,30mm,3.4795911
SubNetW8CleanAuxExDnRcK6Rr01QdEma,minbias,0,test,9.722174,9.721463203430176,-7.307906527065366e-05,3,60mm,1.3972716
SubNetW8CleanAuxExDnRcK6Rr01QdEma,minbias,0,test,16.50104,14.846055030822754,-0.1002957706803963,3,60mm,2.945297
SubNetW8CleanAuxExDnRcK6Rr01QdEma,minbias,0,test,18.66656,18.16512680053711,-0.026862605632385295,3,60mm,3.3439019
SubNetW8CleanAuxExDnRcK6Rr01QdEma,minbias,0,test,15.276014,14.547365188598633,-0.04769890389986009,4,120mm,3.5273516
SubNetW8CleanAuxExDnRcK6Rr01QdEma,minbias,0,test,28.964735,28.821691513061523,-0.004938540536023495,3,60mm,4.865158
SubNetW8CleanAuxExDnRcK6Rr01QdEma,minbias,0,test,3.7946603,4.126250267028809,0.08738329873807782,3,60mm,0.5500498
SubNetW8CleanAuxExDnRcK6Rr01QdEma,minbias,0,test,24.88881,23.68162727355957,-0.04850300071178393,2,40mm,1.772294
SubNetW8CleanAuxExDnRcK6Rr01QdEma,minbias,0,test,16.271503,15.08951187133789,-0.07264181708165351,2,40mm,2.0637605
SubNetW8CleanAuxExDnRcK6Rr01QdEma,minbias,0,test,16.988863,17.759645462036133,0.04536986795975362,1,30mm,0.7633704
SubNetW8CleanAuxExDnRcK6Rr01QdEma,minbias,0,test,23.39205,23.018415451049805,-0.0159727061861743,3,60mm,4.0612097
SubNetW8CleanAuxExDnRcK6Rr01QdEma,minbias,0,test,16.515085,15.761046409606934,-0.04565757915686963,2,40mm,1.5148659
SubNetW8CleanAuxExDnRcK6Rr01QdEma,minbias,0,test,15.658431,15.304213523864746,-0.022621521153318502,3,60mm,2.5574863
SubNetW8CleanAuxExDnRcK6Rr01QdEma,minbias,0,test,36.713837,37.060791015625,0.009450233949190423,1,30mm,2.9755967
SubNetW8CleanAuxExDnRcK6Rr01QdEma,minbias,0,test,12.150169,11.792670249938965,-0.029423385934606694,3,60mm,2.557697
SubNetW8CleanAuxExDnRcK6Rr01QdEma,minbias,0,test,21.54542,20.853181838989258,-0.032129235070274875,2,40mm,4.1935124
SubNetW8CleanAuxExDnRcK6Rr01QdEma,minbias,0,test,29.223082,30.027538299560547,0.027528127325396667,2,40mm,2.4611073
SubNetW8CleanAuxExDnRcK6Rr01QdEma,minbias,0,test,51.93358,50.99827194213867,-0.018009668816304503,2,40mm,4.7803597
SubNetW8CleanAuxExDnRcK6Rr01QdEma,minbias,0,test,11.536389,11.219146728515625,-0.027499299193727622,4,120mm,2.639055
SubNetW8CleanAuxExDnRcK6Rr01QdEma,minbias,0,test,13.506802,12.364838600158691,-0.08454725540828201,1,30mm,0.9575548
SubNetW8CleanAuxExDnRcK6Rr01QdEma,minbias,0,test,18.663486,17.455650329589844,-0.06471653366434194,3,60mm,2.3942816
SubNetW8CleanAuxExDnRcK6Rr01QdEma,minbias,0,test,28.566153,29.191221237182617,0.021881443885783725,1,30mm,1.4880545
SubNetW8CleanAuxExDnRcK6Rr01QdEma,minbias,0,test,4.233747,4.2911763191223145,0.013564654096139606,3,60mm,0.714511
SubNetW8CleanAuxExDnRcK6Rr01QdEma,minbias,0,test,24.388657,25.449146270751953,0.04348290564869073,1,30mm,2.0464609
SubNetW8CleanAuxExDnRcK6Rr01QdEma,minbias,0,test,28.966143,28.724931716918945,-0.008327340660362337,2,40mm,3.6128213
SubNetW8CleanAuxExDnRcK6Rr01QdEma,minbias,0,test,52.6881,51.44325256347656,-0.02362670830428526,0,15mm,2.5762873
SubNetW8CleanAuxExDnRcK6Rr01QdEma,minbias,0,test,9.881442,10.200700759887695,0.0323089168178603,3,60mm,1.0803324
SubNetW8CleanAuxExDnRcK6Rr01QdEma,minbias,0,test,12.988785,12.194361686706543,-0.06116223466430459,2,40mm,1.1512588
SubNetW8CleanAuxExDnRcK6Rr01QdEma,minbias,0,test,40.597046,41.492183685302734,0.022049333074741995,0,15mm,1.205295
SubNetW8CleanAuxExDnRcK6Rr01QdEma,minbias,0,test,13.57593,13.759003639221191,0.013485190504737732,2,40mm,2.2710183
SubNetW8CleanAuxExDnRcK6Rr01QdEma,minbias,0,test,14.740097,14.072606086730957,-0.04528402744493565,3,60mm,2.2877967
SubNetW8CleanAuxExDnRcK6Rr01QdEma,minbias,0,test,56.529247,61.21190643310547,0.08283604283017998,0,15mm,1.2648153
SubNetW8CleanAuxExDnRcK6Rr01QdEma,minbias,0,test,3.9816635,4.088994026184082,0.02695621104450363,3,60mm,0.9491665
SubNetW8CleanAuxExDnRcK6Rr01QdEma,minbias,0,test,16.183073,15.825298309326172,-0.022107960183348818,3,60mm,2.9704437
SubNetW8CleanAuxExDnRcK6Rr01QdEma,minbias,0,test,14.459528,14.47892951965332,0.0013417831020543503,4,120mm,3.3240705
SubNetW8CleanAuxExDnRcK6Rr01QdEma,minbias,0,test,38.043804,37.117164611816406,-0.024357173977020863,3,60mm,4.3244715
SubNetW8CleanAuxExDnRcK6Rr01QdEma,minbias,0,test,22.624155,22.99017333984375,0.016178208404568295,3,60mm,2.8185523
SubNetW8CleanAuxExDnRcK6Rr01QdEma,minbias,0,test,15.187342,15.253138542175293,0.004332348178803791,3,60mm,2.0921757
SubNetW8CleanAuxExDnRcK6Rr01QdEma,minbias,0,test,29.8249,28.218626022338867,-0.053856799811880074,3,60mm,3.6631653
SubNetW8CleanAuxExDnRcK6Rr01QdEma,minbias,0,test,23.065756,23.051361083984375,-0.0006240749372844467,1,30mm,1.1854477
SubNetW8CleanAuxExDnRcK6Rr01QdEma,minbias,0,test,19.151688,19.375959396362305,0.011710287819938214,2,40mm,1.6891565
SubNetW8CleanAuxExDnRcK6Rr01QdEma,minbias,0,test,14.77747,14.257506370544434,-0.03518621775635189,2,40mm,1.5690129
SubNetW8CleanAuxExDnRcK6Rr01QdEma,minbias,0,test,20.224766,20.25332260131836,0.001411973025770008,3,60mm,3.3514974
SubNetW8CleanAuxExDnRcK6Rr01QdEma,minbias,0,test,76.19863,74.20675659179688,-0.026140557398357744,0,15mm,3.1808095
SubNetW8CleanAuxExDnRcK6Rr01QdEma,minbias,0,test,68.93618,68.23106384277344,-0.010228537043958208,1,30mm,2.6865335
SubNetW8CleanAuxExDnRcK6Rr01QdEma,minbias,0,test,27.811333,27.13942527770996,-0.02415948319021244,3,60mm,4.1058784
SubNetW8CleanAuxExDnRcK6Rr01QdEma,minbias,0,test,65.230225,69.4391860961914,0.06452471246299352,1,30mm,3.0121303
SubNetW8CleanAuxExDnRcK6Rr01QdEma,minbias,0,test,18.764019,18.87204360961914,0.005757007445808204,0,15mm,0.53547275
SubNetW8CleanAuxExDnRcK6Rr01QdEma,minbias,0,test,12.641746,12.830162048339844,0.014904308903757046,1,30mm,1.2415345
SubNetW8CleanAuxExDnRcK6Rr01QdEma,minbias,0,test,45.65632,45.63670349121094,-0.0004296266960103212,2,40mm,4.9560766
SubNetW8CleanAuxExDnRcK6Rr01QdEma,minbias,0,test,23.669182,24.56237030029297,0.037736347762853395,1,30mm,1.660307
SubNetW8CleanAuxExDnRcK6Rr01QdEma,minbias,0,test,70.25151,69.1084976196289,-0.016270297825609625,2,40mm,4.7088137
SubNetW8CleanAuxExDnRcK6Rr01QdEma,minbias,0,test,21.445242,21.47693634033203,0.0014779228109296216,3,60mm,2.4324741
SubNetW8CleanAuxExDnRcK6Rr01QdEma,minbias,0,test,23.59423,24.050216674804688,0.01932616620043759,2,40mm,2.141682
SubNetW8CleanAuxExDnRcK6Rr01QdEma,minbias,0,test,10.295229,9.675700187683105,-0.06017629845498007,3,60mm,1.5332543
SubNetW8CleanAuxExDnRcK6Rr01QdEma,minbias,0,test,11.526479,10.999717712402344,-0.04570008461584352,3,60mm,2.7358592
SubNetW8CleanAuxExDnRcK6Rr01QdEma,minbias,0,test,17.72738,17.097322463989258,-0.03554153303121832,2,40mm,1.8041158
SubNetW8CleanAuxExDnRcK6Rr01QdEma,minbias,0,test,3.0190446,3.4088661670684814,0.1291208233635066,3,60mm,0.5535211
SubNetW8CleanAuxExDnRcK6Rr01QdEma,minbias,0,test,39.621902,39.16740798950195,-0.011470788832273482,2,40mm,3.0424619
SubNetW8CleanAuxExDnRcK6Rr01QdEma,minbias,0,test,70.753265,71.01254272460938,0.0036645283062815004,1,30mm,3.4243267
SubNetW8CleanAuxExDnRcK6Rr01QdEma,minbias,0,test,91.293495,88.68511962890625,-0.02857131873661256,0,15mm,2.8726273
SubNetW8CleanAuxExDnRcK6Rr01QdEma,minbias,0,test,52.440105,49.624595642089844,-0.053690010205240335,1,30mm,4.227154
SubNetW8CleanAuxExDnRcK6Rr01QdEma,minbias,0,test,27.903133,28.00273895263672,0.0035696908623925605,0,15mm,0.90614253
SubNetW8CleanAuxExDnRcK6Rr01QdEma,minbias,0,test,4.0501423,4.277466297149658,0.056127413005588656,3,60mm,0.65693414
SubNetW8CleanAuxExDnRcK6Rr01QdEma,minbias,0,test,6.41989,6.260451316833496,-0.024835100273071897,3,60mm,0.9512232
SubNetW8CleanAuxExDnRcK6Rr01QdEma,minbias,0,test,26.516233,24.74810218811035,-0.06668108650587179,3,60mm,3.9701684
SubNetW8CleanAuxExDnRcK6Rr01QdEma,minbias,0,test,95.34614,90.3616943359375,-0.052277352487263395,0,15mm,2.832652
SubNetW8CleanAuxExDnRcK6Rr01QdEma,minbias,0,test,17.273983,17.277969360351562,0.00023077240739355354,3,60mm,2.019084
SubNetW8CleanAuxExDnRcK6Rr01QdEma,minbias,0,test,38.78623,39.35836410522461,0.014751007049172093,2,40mm,4.219806
SubNetW8CleanAuxExDnRcK6Rr01QdEma,minbias,0,test,26.466583,25.21737289428711,-0.047199532549175194,3,60mm,3.8769934
SubNetW8CleanAuxExDnRcK6Rr01QdEma,minbias,0,test,4.3943553,4.151969909667969,-0.0551583499816779,4,120mm,1.024456
SubNetW8CleanAuxExDnRcK6Rr01QdEma,minbias,0,test,29.786966,27.59033966064453,-0.07374455791588996,1,30mm,1.5737827
SubNetW8CleanAuxExDnRcK6Rr01QdEma,minbias,0,test,16.446005,15.791716575622559,-0.0397840264064373,3,60mm,3.1703866
SubNetW8CleanAuxExDnRcK6Rr01QdEma,minbias,0,test,16.535122,16.283981323242188,-0.015188312232110923,3,60mm,2.8336077
SubNetW8CleanAuxExDnRcK6Rr01QdEma,minbias,0,test,69.69644,66.7636947631836,-0.0420788610976468,0,15mm,1.8977538
SubNetW8CleanAuxExDnRcK6Rr01QdEma,minbias,0,test,25.736097,26.077991485595703,0.013284615197055594,3,60mm,2.5052545
SubNetW8CleanAuxExDnRcK6Rr01QdEma,minbias,0,test,21.959352,21.601308822631836,-0.0163048373472654,3,60mm,2.746068
SubNetW8CleanAuxExDnRcK6Rr01QdEma,minbias,0,test,24.258045,23.94462776184082,-0.012920143900843839,3,60mm,3.4038153
SubNetW8CleanAuxExDnRcK6Rr01QdEma,minbias,0,test,15.104345,15.120361328125,0.0010603575413998811,4,120mm,3.6428745
SubNetW8CleanAuxExDnRcK6Rr01QdEma,minbias,0,test,82.499435,77.39275360107422,-0.06189959722069893,0,15mm,3.2591598
SubNetW8CleanAuxExDnRcK6Rr01QdEma,minbias,0,test,7.9468904,8.207632064819336,0.032810533308348155,4,120mm,1.8735738
SubNetW8CleanAuxExDnRcK6Rr01QdEma,minbias,0,test,79.133316,71.98894500732422,-0.09028272022747041,1,30mm,3.386366
SubNetW8CleanAuxExDnRcK6Rr01QdEma,minbias,0,test,83.10666,66.8582763671875,-0.19551240269399783,1,30mm,4.170957
SubNetW8CleanAuxExDnRcK6Rr01QdEma,minbias,0,test,22.91907,23.891447067260742,0.042426582196207985,2,40mm,3.3625913
SubNetW8CleanAuxExDnRcK6Rr01QdEma,minbias,0,test,17.594982,17.6037654876709,0.0004991957582345385,2,40mm,2.3630822
SubNetW8CleanAuxExDnRcK6Rr01QdEma,minbias,0,test,6.7982817,10.915966987609863,0.6056950150206599,2,40mm,0.75459987
SubNetW8CleanAuxExDnRcK6Rr01QdEma,minbias,0,test,51.748837,61.91582107543945,0.19646788686157035,1,30mm,4.487419
SubNetW8CleanAuxExDnRcK6Rr01QdEma,minbias,0,test,8.035312,7.33314323425293,-0.08738534246973673,3,60mm,1.2410203
SubNetW8CleanAuxExDnRcK6Rr01QdEma,minbias,0,test,81.81462,82.52424621582031,0.008673574915005311,1,30mm,4.0670943
SubNetW8CleanAuxExDnRcK6Rr01QdEma,minbias,0,test,47.130775,53.628971099853516,0.13787584833731947,0,15mm,1.8069692
SubNetW8CleanAuxExDnRcK6Rr01QdEma,minbias,0,test,12.925585,12.464564323425293,-0.03566728136834152,2,40mm,1.7272887
SubNetW8CleanAuxExDnRcK6Rr01QdEma,minbias,0,test,7.8809395,7.456913948059082,-0.0538039324453119,4,120mm,1.8228112
SubNetW8CleanAuxExDnRcK6Rr01QdEma,minbias,0,test,40.3134,39.97529220581055,-0.008386989449953974,1,30mm,2.2118375
SubNetW8CleanAuxExDnRcK6Rr01QdEma,minbias,0,test,59.715435,55.013065338134766,-0.07874630215337985,0,15mm,2.3337445
SubNetW8CleanAuxExDnRcK6Rr01QdEma,minbias,0,test,38.5983,37.955474853515625,-0.01665425847174329,1,30mm,1.6892327
SubNetW8CleanAuxExDnRcK6Rr01QdEma,minbias,0,test,57.281616,54.86774826049805,-0.04214036038282287,1,30mm,4.740654
SubNetW8CleanAuxExDnRcK6Rr01QdEma,minbias,0,test,17.685308,17.664627075195312,-0.0011694102636969905,3,60mm,2.4700985
SubNetW8CleanAuxExDnRcK6Rr01QdEma,minbias,0,test,42.912937,43.152896881103516,0.005591780303410898,1,30mm,4.373052
SubNetW8CleanAuxExDnRcK6Rr01QdEma,minbias,0,test,21.579838,20.64852523803711,-0.04315660616666883,3,60mm,3.053635
SubNetW8CleanAuxExDnRcK6Rr01QdEma,minbias,0,test,18.481936,17.881040573120117,-0.03251255410683562,3,60mm,3.1213357
SubNetW8CleanAuxExDnRcK6Rr01QdEma,minbias,0,test,34.731308,35.189151763916016,0.01318245142787089,2,40mm,3.2953074
SubNetW8CleanAuxExDnRcK6Rr01QdEma,minbias,0,test,28.945017,27.93975257873535,-0.03473013289490812,3,60mm,3.2674625
SubNetW8CleanAuxExDnRcK6Rr01QdEma,minbias,0,test,28.90554,29.71746253967285,0.028088804439087012,3,60mm,4.440011
SubNetW8CleanAuxExDnRcK6Rr01QdEma,minbias,0,test,30.452904,30.568788528442383,0.00380537704530326,2,40mm,3.0970283
SubNetW8CleanAuxExDnRcK6Rr01QdEma,minbias,0,test,10.060281,9.901816368103027,-0.015751491923049588,3,60mm,1.8894922
SubNetW8CleanAuxExDnRcK6Rr01QdEma,minbias,0,test,35.377773,35.03009033203125,-0.00982772290615419,3,60mm,3.460527
SubNetW8CleanAuxExDnRcK6Rr01QdEma,minbias,0,test,24.303423,24.4593505859375,0.006415872305062464,3,60mm,4.26173
SubNetW8CleanAuxExDnRcK6Rr01QdEma,minbias,0,test,99.41212,96.78536987304688,-0.02642280649985096,0,15mm,4.2277308
SubNetW8CleanAuxExDnRcK6Rr01QdEma,minbias,0,test,27.027313,27.128084182739258,0.003728485678572646,3,60mm,4.9806013
SubNetW8CleanAuxExDnRcK6Rr01QdEma,minbias,0,test,19.590067,19.48365020751953,-0.005432176559709734,3,60mm,3.5017498
SubNetW8CleanAuxExDnRcK6Rr01QdEma,minbias,0,test,11.355845,11.042150497436523,-0.027624095032134033,3,60mm,1.3554962
SubNetW8CleanAuxExDnRcK6Rr01QdEma,minbias,0,test,27.381067,26.022062301635742,-0.04963301688230315,2,40mm,2.9804664
SubNetW8CleanAuxExDnRcK6Rr01QdEma,minbias,0,test,37.244934,36.73783493041992,-0.013615251687503327,0,15mm,1.3336078
SubNetW8CleanAuxExDnRcK6Rr01QdEma,minbias,0,test,90.37218,84.37158966064453,-0.06639861575033124,0,15mm,1.9422839
SubNetW8CleanAuxExDnRcK6Rr01QdEma,minbias,0,test,33.87088,33.13299560546875,-0.02178521841530756,2,40mm,2.8601673
SubNetW8CleanAuxExDnRcK6Rr01QdEma,minbias,0,test,13.88883,14.404440879821777,0.03712412694371281,3,60mm,2.16663
SubNetW8CleanAuxExDnRcK6Rr01QdEma,minbias,0,test,34.21268,34.58295822143555,0.010822811774660712,2,40mm,4.5475245
SubNetW8CleanAuxExDnRcK6Rr01QdEma,minbias,0,test,99.19508,97.65592956542969,-0.015516434853355299,0,15mm,2.189663
SubNetW8CleanAuxExDnRcK6Rr01QdEma,minbias,0,test,2.8569994,2.6742706298828125,-0.06395827999443215,3,60mm,0.61596584
SubNetW8CleanAuxExDnRcK6Rr01QdEma,minbias,0,test,37.88693,38.94210433959961,0.0278506551309623,1,30mm,2.6742303
SubNetW8CleanAuxExDnRcK6Rr01QdEma,minbias,0,test,7.234778,5.6005473136901855,-0.22588538723760054,4,120mm,1.7231705
SubNetW8CleanAuxExDnRcK6Rr01QdEma,minbias,0,test,43.225533,44.25291061401367,0.023767852519134047,1,30mm,4.1748166
SubNetW8CleanAuxExDnRcK6Rr01QdEma,minbias,0,test,8.685582,8.190155982971191,-0.05704006580076426,4,120mm,1.8101995
SubNetW8CleanAuxExDnRcK6Rr01QdEma,minbias,0,test,48.997845,47.01994323730469,-0.04036711147214789,1,30mm,4.756825
SubNetW8CleanAuxExDnRcK6Rr01QdEma,minbias,0,test,19.156591,18.39237403869629,-0.039893181419238255,2,40mm,2.3676822
SubNetW8CleanAuxExDnRcK6Rr01QdEma,minbias,0,test,34.594986,34.023685455322266,-0.01651396844677855,1,30mm,2.1779487
SubNetW8CleanAuxExDnRcK6Rr01QdEma,minbias,0,test,18.781794,18.592479705810547,-0.010079649081366271,2,40mm,3.127752
SubNetW8CleanAuxExDnRcK6Rr01QdEma,minbias,0,test,90.73515,87.88250732421875,-0.03143925781213874,0,15mm,2.8700817
SubNetW8CleanAuxExDnRcK6Rr01QdEma,minbias,0,test,10.456772,10.394736289978027,-0.005932572833597161,4,120mm,2.331734
SubNetW8CleanAuxExDnRcK6Rr01QdEma,minbias,0,test,24.383873,25.051862716674805,0.027394734676598587,3,60mm,3.2339497
SubNetW8CleanAuxExDnRcK6Rr01QdEma,minbias,0,test,58.635063,56.9488410949707,-0.028757913528417167,1,30mm,4.4292135
SubNetW8CleanAuxExDnRcK6Rr01QdEma,minbias,0,test,29.224411,36.068721771240234,0.23419841576900358,0,15mm,1.3595871
SubNetW8CleanAuxExDnRcK6Rr01QdEma,minbias,0,test,53.090668,52.04240417480469,-0.019744779915788824,2,40mm,4.6058254
SubNetW8CleanAuxExDnRcK6Rr01QdEma,minbias,0,test,20.436708,23.127784729003906,0.1316785570058241,2,40mm,1.7376354
SubNetW8CleanAuxExDnRcK6Rr01QdEma,minbias,0,test,13.94214,13.526077270507812,-0.02984207347049228,3,60mm,2.9970446
SubNetW8CleanAuxExDnRcK6Rr01QdEma,minbias,0,test,22.215754,21.15987777709961,-0.04752824501631392,3,60mm,2.4732337
SubNetW8CleanAuxExDnRcK6Rr01QdEma,minbias,0,test,73.25791,73.05318450927734,-0.002794608365849771,1,30mm,4.4150825
SubNetW8CleanAuxExDnRcK6Rr01QdEma,minbias,0,test,18.806091,19.352678298950195,0.029064359062569878,2,40mm,1.6184299
SubNetW8CleanAuxExDnRcK6Rr01QdEma,minbias,0,test,20.609016,19.761444091796875,-0.04112628712843802,2,40mm,4.0537796
SubNetW8CleanAuxExDnRcK6Rr01QdEma,minbias,0,test,50.839676,50.84052276611328,1.6657517537765898e-05,0,15mm,1.5211223
SubNetW8CleanAuxExDnRcK6Rr01QdEma,minbias,0,test,25.988668,34.151397705078125,0.31408801422797916,0,15mm,0.56087005
SubNetW8CleanAuxExDnRcK6Rr01QdEma,minbias,0,test,38.470608,39.38115692138672,0.02366869714033104,1,30mm,3.962279
SubNetW8CleanAuxExDnRcK6Rr01QdEma,minbias,0,test,20.4859,20.50580596923828,0.0009716482789647873,3,60mm,2.9820955
SubNetW8CleanAuxExDnRcK6Rr01QdEma,minbias,0,test,24.2043,24.07176399230957,-0.005475718564440846,3,60mm,4.020815
SubNetW8CleanAuxExDnRcK6Rr01QdEma,minbias,0,test,22.54844,22.191102981567383,-0.015847568030017523,3,60mm,3.513923
SubNetW8CleanAuxExDnRcK6Rr01QdEma,minbias,0,test,23.439167,23.890432357788086,0.019252618262665777,1,30mm,1.0587232
SubNetW8CleanAuxExDnRcK6Rr01QdEma,minbias,0,test,13.287252,13.508047103881836,0.016617030417807266,3,60mm,3.0816007
SubNetW8CleanAuxExDnRcK6Rr01QdEma,minbias,0,test,10.649488,10.331501960754395,-0.029859320460529526,3,60mm,1.3705431
SubNetW8CleanAuxExDnRcK6Rr01QdEma,minbias,0,test,8.617386,8.276637077331543,-0.03954201335460528,3,60mm,1.4305087
SubNetW8CleanAuxExDnRcK6Rr01QdEma,minbias,0,test,7.296095,7.106534004211426,-0.025981143740744117,3,60mm,1.3784455
SubNetW8CleanAuxExDnRcK6Rr01QdEma,minbias,0,test,25.38525,24.30655288696289,-0.04249306982202217,2,40mm,2.491144
SubNetW8CleanAuxExDnRcK6Rr01QdEma,minbias,0,test,33.90926,32.443870544433594,-0.04321501738813194,1,30mm,2.4067745
SubNetW8CleanAuxExDnRcK6Rr01QdEma,minbias,0,test,60.71975,58.74760055541992,-0.03247952952878119,1,30mm,4.595811
SubNetW8CleanAuxExDnRcK6Rr01QdEma,minbias,0,test,17.609993,25.63715362548828,0.4558298605349589,1,30mm,1.0346432
SubNetW8CleanAuxExDnRcK6Rr01QdEma,minbias,0,test,5.2628303,5.08729887008667,-0.033353039855648636,3,60mm,0.7043905
SubNetW8CleanAuxExDnRcK6Rr01QdEma,minbias,0,test,27.96247,28.640491485595703,0.02424758636999136,2,40mm,2.772899
SubNetW8CleanAuxExDnRcK6Rr01QdEma,minbias,0,test,28.14773,28.758495330810547,0.021698568939476637,3,60mm,4.833958
SubNetW8CleanAuxExDnRcK6Rr01QdEma,minbias,0,test,83.79519,81.98502349853516,-0.021602259377341948,0,15mm,1.8273218
SubNetW8CleanAuxExDnRcK6Rr01QdEma,minbias,0,test,15.085509,15.537339210510254,0.02995125330447901,3,60mm,3.197995
SubNetW8CleanAuxExDnRcK6Rr01QdEma,minbias,0,test,16.043343,15.728273391723633,-0.0196386256065032,4,120mm,3.1462936
SubNetW8CleanAuxExDnRcK6Rr01QdEma,minbias,0,test,38.988186,40.010009765625,0.02620855164008784,0,15mm,1.5184056
SubNetW8CleanAuxExDnRcK6Rr01QdEma,minbias,0,test,7.1239476,6.68175745010376,-0.06207094631385901,3,60mm,0.93096423
SubNetW8CleanAuxExDnRcK6Rr01QdEma,minbias,0,test,25.590164,25.361595153808594,-0.00893190950683842,2,40mm,1.7735935
SubNetW8CleanAuxExDnRcK6Rr01QdEma,minbias,0,test,24.96323,26.11132049560547,0.04599125819973571,0,15mm,0.66716063
SubNetW8CleanAuxExDnRcK6Rr01QdEma,minbias,0,test,13.765071,13.527426719665527,-0.017264291409776922,3,60mm,2.1412365
SubNetW8CleanAuxExDnRcK6Rr01QdEma,minbias,0,test,81.644775,78.80630493164062,-0.034766100407574996,1,30mm,4.0321183
SubNetW8CleanAuxExDnRcK6Rr01QdEma,minbias,0,test,13.640274,13.816046714782715,0.012886300254270733,4,120mm,2.7126634
SubNetW8CleanAuxExDnRcK6Rr01QdEma,minbias,0,test,11.466321,12.689980506896973,0.1067177097419687,1,30mm,0.83336586
SubNetW8CleanAuxExDnRcK6Rr01QdEma,minbias,0,test,18.011803,18.793275833129883,0.04338672669042376,2,40mm,1.6502978
SubNetW8CleanAuxExDnRcK6Rr01QdEma,minbias,0,test,27.41123,26.745805740356445,-0.02427561057293115,3,60mm,4.447816
SubNetW8CleanAuxExDnRcK6Rr01QdEma,minbias,0,test,15.687401,15.76426887512207,0.004899986820213531,2,40mm,1.5899699
SubNetW8CleanAuxExDnRcK6Rr01QdEma,minbias,0,test,18.212654,17.944690704345703,-0.01471303456102191,2,40mm,1.8878986
SubNetW8CleanAuxExDnRcK6Rr01QdEma,minbias,0,test,43.496758,40.289100646972656,-0.07374473510609247,1,30mm,1.9625931
SubNetW8CleanAuxExDnRcK6Rr01QdEma,minbias,0,test,16.35197,16.032041549682617,-0.019565172255399443,2,40mm,0.9710359
SubNetW8CleanAuxExDnRcK6Rr01QdEma,minbias,0,test,24.474125,28.295886993408203,0.1561552087871323,3,60mm,3.126496
SubNetW8CleanAuxExDnRcK6Rr01QdEma,minbias,0,test,12.754314,10.526716232299805,-0.17465448290651586,2,40mm,1.7524374
SubNetW8CleanAuxExDnRcK6Rr01QdEma,minbias,0,test,84.88712,46.71152877807617,-0.4497218533522974,1,30mm,2.9763308
SubNetW8CleanAuxExDnRcK6Rr01QdEma,minbias,0,test,68.65928,70.7088394165039,0.029851180796214516,0,15mm,3.8274019
SubNetW8CleanAuxExDnRcK6Rr01QdEma,minbias,0,test,38.42575,37.796104431152344,-0.016386050741183378,2,40mm,3.9912791
SubNetW8CleanAuxExDnRcK6Rr01QdEma,minbias,0,test,11.803869,11.919919967651367,0.009831582998943045,2,40mm,0.8238478
SubNetW8CleanAuxExDnRcK6Rr01QdEma,minbias,0,test,32.447826,32.46401596069336,0.0004989417473753033,1,30mm,1.8794689
SubNetW8CleanAuxExDnRcK6Rr01QdEma,minbias,0,test,48.612858,48.59898376464844,-0.00028539885490475037,1,30mm,2.194653
SubNetW8CleanAuxExDnRcK6Rr01QdEma,minbias,0,test,10.482607,10.937366485595703,0.04338230009434296,2,40mm,1.3326014
SubNetW8CleanAuxExDnRcK6Rr01QdEma,minbias,0,test,26.521315,25.947763442993164,-0.021626046301829294,3,60mm,4.9880085
SubNetW8CleanAuxExDnRcK6Rr01QdEma,minbias,0,test,54.69784,51.252647399902344,-0.06298592669871095,1,30mm,4.5738516
SubNetW8CleanAuxExDnRcK6Rr01QdEma,minbias,0,test,8.001943,7.715102195739746,-0.03584635031037542,4,120mm,1.8937807
SubNetW8CleanAuxExDnRcK6Rr01QdEma,minbias,0,test,4.6774716,4.332035064697266,-0.07385113150499278,3,60mm,1.0212023
SubNetW8CleanAuxExDnRcK6Rr01QdEma,minbias,0,test,11.140987,12.249771118164062,0.09952293118094824,3,60mm,1.212146
SubNetW8CleanAuxExDnRcK6Rr01QdEma,minbias,0,test,15.4439945,14.370266914367676,-0.06952395678403911,2,40mm,2.3462524
SubNetW8CleanAuxExDnRcK6Rr01QdEma,minbias,0,test,96.91819,93.25421905517578,-0.03780478099284901,0,15mm,2.5276325
SubNetW8CleanAuxExDnRcK6Rr01QdEma,minbias,0,test,26.691053,26.999404907226562,0.01155261698413712,2,40mm,2.1956038
SubNetW8CleanAuxExDnRcK6Rr01QdEma,minbias,0,test,11.569781,11.510848045349121,-0.005093722734352157,2,40mm,1.6197689
SubNetW8CleanAuxExDnRcK6Rr01QdEma,minbias,0,test,25.59896,25.208683013916016,-0.015245847846411698,2,40mm,2.6326575
SubNetW8CleanAuxExDnRcK6Rr01QdEma,minbias,0,test,34.624134,34.59758758544922,-0.0007667044675436774,3,60mm,4.0522623
SubNetW8CleanAuxExDnRcK6Rr01QdEma,minbias,0,test,63.61255,65.26020050048828,0.025901362273897943,1,30mm,3.2111864
SubNetW8CleanAuxExDnRcK6Rr01QdEma,minbias,0,test,26.350769,26.810102462768555,0.01743149959118062,3,60mm,3.8995917
SubNetW8CleanAuxExDnRcK6Rr01QdEma,minbias,0,test,83.12005,94.39630889892578,0.13566234111212316,0,15mm,2.855837
SubNetW8CleanAuxExDnRcK6Rr01QdEma,minbias,0,test,20.45368,19.460948944091797,-0.0485355736715376,3,60mm,3.8273423
SubNetW8CleanAuxExDnRcK6Rr01QdEma,minbias,0,test,23.909473,24.195663452148438,0.011969733834844343,3,60mm,3.9625506
SubNetW8CleanAuxExDnRcK6Rr01QdEma,minbias,0,test,57.80294,58.77886962890625,0.016883730378241646,2,40mm,3.7499475
SubNetW8CleanAuxExDnRcK6Rr01QdEma,minbias,0,test,53.776775,51.83995056152344,-0.03601600850207831,1,30mm,3.6294172
SubNetW8CleanAuxExDnRcK6Rr01QdEma,minbias,0,test,5.556552,5.789966583251953,0.042007103103819166,3,60mm,0.79068923
SubNetW8CleanAuxExDnRcK6Rr01QdEma,minbias,0,test,4.4436703,5.732552528381348,0.29004903073831967,3,60mm,1.0091648
SubNetW8CleanAuxExDnRcK6Rr01QdEma,minbias,0,test,3.0293515,4.828461647033691,0.5938928481229488,3,60mm,0.5484273
SubNetW8CleanAuxExDnRcK6Rr01QdEma,minbias,0,test,9.33037,8.905402183532715,-0.04554672195373444,3,60mm,1.870836
SubNetW8CleanAuxExDnRcK6Rr01QdEma,minbias,0,test,18.282513,18.688684463500977,0.02221641008285391,2,40mm,1.3669629
SubNetW8CleanAuxExDnRcK6Rr01QdEma,minbias,0,test,20.15076,19.76134490966797,-0.019325113712495456,3,60mm,3.2930534
SubNetW8CleanAuxExDnRcK6Rr01QdEma,minbias,0,test,4.623506,8.080767631530762,0.7477575481928735,3,60mm,0.68887794
SubNetW8CleanAuxExDnRcK6Rr01QdEma,minbias,0,test,9.664289,9.234530448913574,-0.04446876583200954,3,60mm,1.9932128
SubNetW8CleanAuxExDnRcK6Rr01QdEma,minbias,0,test,76.116196,75.10614776611328,-0.013269816017357217,1,30mm,4.297666
SubNetW8CleanAuxExDnRcK6Rr01QdEma,minbias,0,test,25.382675,24.983139038085938,-0.015740505290418483,3,60mm,4.4858384
SubNetW8CleanAuxExDnRcK6Rr01QdEma,minbias,0,test,46.36293,45.97162628173828,-0.008440019075572014,0,15mm,1.2883817
SubNetW8CleanAuxExDnRcK6Rr01QdEma,minbias,0,test,12.160055,12.481284141540527,0.026416737159296266,1,30mm,0.80070406
SubNetW8CleanAuxExDnRcK6Rr01QdEma,minbias,0,test,38.88783,38.53355026245117,-0.009110268563207069,2,40mm,3.5022483
SubNetW8CleanAuxExDnRcK6Rr01QdEma,minbias,0,test,25.284315,24.832237243652344,-0.017879775016533705,3,60mm,4.4301724
SubNetW8CleanAuxExDnRcK6Rr01QdEma,minbias,0,test,5.1196356,5.353658676147461,0.04571088907214493,2,40mm,0.74031734
SubNetW8CleanAuxExDnRcK6Rr01QdEma,minbias,0,test,22.497534,21.96112060546875,-0.023843199772924373,2,40mm,3.1174123
SubNetW8CleanAuxExDnRcK6Rr01QdEma,minbias,0,test,12.584262,11.648634910583496,-0.07434897584830646,2,40mm,1.534877
SubNetW8CleanAuxExDnRcK6Rr01QdEma,minbias,0,test,8.70949,8.832096099853516,0.01407732025252062,2,40mm,1.0754199
SubNetW8CleanAuxExDnRcK6Rr01QdEma,minbias,0,test,33.069164,32.40888595581055,-0.019966586237234907,3,60mm,3.7518356
SubNetW8CleanAuxExDnRcK6Rr01QdEma,minbias,0,test,34.916206,36.75211715698242,0.05258047733471827,1,30mm,2.5831096
SubNetW8CleanAuxExDnRcK6Rr01QdEma,minbias,0,test,7.445923,7.496934413909912,0.006850938878141477,1,30mm,0.5086603
SubNetW8CleanAuxExDnRcK6Rr01QdEma,minbias,0,test,33.584312,33.19875717163086,-0.011480219165858507,2,40mm,4.1425996
SubNetW8CleanAuxExDnRcK6Rr01QdEma,minbias,0,test,4.4625907,4.349763870239258,-0.025282808107210286,3,60mm,0.846539
SubNetW8CleanAuxExDnRcK6Rr01QdEma,minbias,0,test,43.896187,43.49793243408203,-0.00907264214283987,2,40mm,3.6175342
SubNetW8CleanAuxExDnRcK6Rr01QdEma,minbias,0,test,35.90005,36.8167839050293,0.02553569589914262,1,30mm,2.9340096
SubNetW8CleanAuxExDnRcK6Rr01QdEma,minbias,0,test,45.664135,43.85361099243164,-0.039648708721608195,2,40mm,4.8914733
SubNetW8CleanAuxExDnRcK6Rr01QdEma,minbias,0,test,32.71631,32.097923278808594,-0.018901439114666463,3,60mm,4.0150666
SubNetW8CleanAuxExDnRcK6Rr01QdEma,minbias,0,test,6.109648,8.211052894592285,0.34394855294223525,2,40mm,0.6080737
SubNetW8CleanAuxExDnRcK6Rr01QdEma,minbias,0,test,31.510397,30.67658233642578,-0.026461571464777456,1,30mm,2.3111846
SubNetW8CleanAuxExDnRcK6Rr01QdEma,minbias,0,test,27.262646,26.978097915649414,-0.010437277757030183,2,40mm,3.2774138
SubNetW8CleanAuxExDnRcK6Rr01QdEma,minbias,0,test,47.279694,50.38212585449219,0.06561870465983466,2,40mm,3.0585058
SubNetW8CleanAuxExDnRcK6Rr01QdEma,minbias,0,test,13.587376,13.1343994140625,-0.033338021909407156,2,40mm,2.720543
SubNetW8CleanAuxExDnRcK6Rr01QdEma,minbias,0,test,26.2594,25.978336334228516,-0.010703332372615781,3,60mm,4.5931287
SubNetW8CleanAuxExDnRcK6Rr01QdEma,minbias,0,test,3.8438215,4.311192989349365,0.12159031335511217,4,120mm,0.92014927
SubNetW8CleanAuxExDnRcK6Rr01QdEma,minbias,0,test,52.489452,53.91351318359375,0.027130418730802353,2,40mm,3.303586
SubNetW8CleanAuxExDnRcK6Rr01QdEma,minbias,0,test,24.51287,23.759370803833008,-0.030738953068378594,3,60mm,4.9011135
SubNetW8CleanAuxExDnRcK6Rr01QdEma,minbias,0,test,9.81424,9.417673110961914,-0.040407339361462014,2,40mm,1.3150104
SubNetW8CleanAuxExDnRcK6Rr01QdEma,minbias,0,test,40.011673,40.89561462402344,0.022092094248924,3,60mm,4.5315733
SubNetW8CleanAuxExDnRcK6Rr01QdEma,minbias,0,test,9.833431,10.436908721923828,0.06136997992454729,3,60mm,2.3082268
SubNetW8CleanAuxExDnRcK6Rr01QdEma,minbias,0,test,8.499502,7.259316921234131,-0.14591269396908169,1,30mm,0.87440985
SubNetW8CleanAuxExDnRcK6Rr01QdEma,minbias,0,test,12.850631,12.456781387329102,-0.030648252230839,4,120mm,2.7366045
SubNetW8CleanAuxExDnRcK6Rr01QdEma,minbias,0,test,21.368824,20.638273239135742,-0.03418769164910207,2,40mm,1.481399
SubNetW8CleanAuxExDnRcK6Rr01QdEma,minbias,0,test,23.523026,23.566909790039062,0.0018655881370390759,2,40mm,2.610149
SubNetW8CleanAuxExDnRcK6Rr01QdEma,minbias,0,test,24.723558,25.004531860351562,0.011364603331285084,2,40mm,2.8662577
SubNetW8CleanAuxExDnRcK6Rr01QdEma,minbias,0,test,22.661915,23.298851013183594,0.02810601807703983,3,60mm,3.5783365
SubNetW8CleanAuxExDnRcK6Rr01QdEma,minbias,0,test,18.109856,18.016033172607422,-0.005180741417915913,2,40mm,1.9518267
SubNetW8CleanAuxExDnRcK6Rr01QdEma,minbias,0,test,6.4302073,6.229747772216797,-0.03117465307321654,3,60mm,1.2474724
SubNetW8CleanAuxExDnRcK6Rr01QdEma,minbias,0,test,42.697964,42.28429412841797,-0.009688274338951586,1,30mm,4.0381184
SubNetW8CleanAuxExDnRcK6Rr01QdEma,minbias,0,test,3.6220958,4.015096664428711,0.10850095091741663,4,120mm,0.81361836
SubNetW8CleanAuxExDnRcK6Rr01QdEma,minbias,0,test,42.98779,42.108882904052734,-0.020445486201914664,2,40mm,4.3244424
SubNetW8CleanAuxExDnRcK6Rr01QdEma,minbias,0,test,8.312919,8.043855667114258,-0.032366850539198966,3,60mm,1.3164732
SubNetW8CleanAuxExDnRcK6Rr01QdEma,minbias,0,test,19.074265,18.92680549621582,-0.007730784583989014,3,60mm,2.7903652
SubNetW8CleanAuxExDnRcK6Rr01QdEma,minbias,0,test,50.93677,47.81943130493164,-0.06120019001302279,0,15mm,1.4425358
SubNetW8CleanAuxExDnRcK6Rr01QdEma,minbias,0,test,6.633032,6.764341831207275,0.019796375048560577,3,60mm,1.1007652
SubNetW8CleanAuxExDnRcK6Rr01QdEma,minbias,0,test,29.67269,31.76485252380371,0.0705080370391915,3,60mm,4.5637126
SubNetW8CleanAuxExDnRcK6Rr01QdEma,minbias,0,test,14.233539,16.82219886779785,0.1818704615835487,3,60mm,2.2476623
SubNetW8CleanAuxExDnRcK6Rr01QdEma,minbias,0,test,36.930172,37.67721176147461,0.020228440734000985,2,40mm,4.4109726
SubNetW8CleanAuxExDnRcK6Rr01QdEma,minbias,0,test,21.576693,22.649518966674805,0.04972154010452767,2,40mm,2.4028344
SubNetW8CleanAuxExDnRcK6Rr01QdEma,minbias,0,test,16.728352,16.7747859954834,0.002775790681324608,2,40mm,1.4648311
SubNetW8CleanAuxExDnRcK6Rr01QdEma,minbias,0,test,17.06344,17.483366012573242,0.02460967318145668,2,40mm,1.5639023
SubNetW8CleanAuxExDnRcK6Rr01QdEma,minbias,0,test,31.592072,32.176570892333984,0.018501457193668136,1,30mm,1.7394252
SubNetW8CleanAuxExDnRcK6Rr01QdEma,minbias,0,test,32.684074,32.18764877319336,-0.01518860906258146,2,40mm,3.713634
SubNetW8CleanAuxExDnRcK6Rr01QdEma,minbias,0,test,26.144257,26.127914428710938,-0.0006250766025248655,2,40mm,4.1786814
SubNetW8CleanAuxExDnRcK6Rr01QdEma,minbias,0,test,97.22224,95.64752960205078,-0.016196984206292453,1,30mm,4.1503024
SubNetW8CleanAuxExDnRcK6Rr01QdEma,minbias,0,test,84.30761,86.46879577636719,0.025634533224100142,1,30mm,4.8615556
SubNetW8CleanAuxExDnRcK6Rr01QdEma,minbias,0,test,8.033757,8.110727310180664,0.009580834769210123,2,40mm,0.79111004
SubNetW8CleanAuxExDnRcK6Rr01QdEma,minbias,0,test,22.015018,21.542024612426758,-0.021485053555601596,3,60mm,4.7429676
SubNetW8CleanAuxExDnRcK6Rr01QdEma,minbias,0,test,50.31584,50.53049850463867,0.004266187798692256,2,40mm,4.544756
SubNetW8CleanAuxExDnRcK6Rr01QdEma,minbias,0,test,26.82495,26.790555953979492,-0.0012821388852487514,2,40mm,1.9784658
SubNetW8CleanAuxExDnRcK6Rr01QdEma,minbias,0,test,72.24001,77.36227416992188,0.07090614779752502,0,15mm,2.523728
SubNetW8CleanAuxExDnRcK6Rr01QdEma,minbias,0,test,5.297321,4.688487529754639,-0.11493230843707614,3,60mm,0.79765415
SubNetW8CleanAuxExDnRcK6Rr01QdEma,minbias,0,test,80.740845,80.6877212524414,-0.0006579504376130751,1,30mm,3.9106224
SubNetW8CleanAuxExDnRcK6Rr01QdEma,minbias,0,test,18.055717,17.491104125976562,-0.03127061238511464,3,60mm,4.2345347
SubNetW8CleanAuxExDnRcK6Rr01QdEma,minbias,0,test,26.554977,25.518566131591797,-0.039028889730375105,3,60mm,3.834806
SubNetW8CleanAuxExDnRcK6Rr01QdEma,minbias,0,test,18.695292,18.647722244262695,-0.0025444521607795867,3,60mm,2.740871
SubNetW8CleanAuxExDnRcK6Rr01QdEma,minbias,0,test,89.00454,87.2515869140625,-0.01969509179793627,0,15mm,3.2031772
SubNetW8CleanAuxExDnRcK6Rr01QdEma,minbias,0,test,77.68854,80.23422241210938,0.03276783027680419,0,15mm,2.6715426
SubNetW8CleanAuxExDnRcK6Rr01QdEma,minbias,0,test,30.503052,30.943252563476562,0.014431369331801891,1,30mm,1.386086
SubNetW8CleanAuxExDnRcK6Rr01QdEma,minbias,0,test,22.896858,23.211687088012695,0.01374987213179546,1,30mm,1.3151373
SubNetW8CleanAuxExDnRcK6Rr01QdEma,minbias,0,test,88.3286,90.93769836425781,0.029538568484166472,0,15mm,2.9352431
SubNetW8CleanAuxExDnRcK6Rr01QdEma,minbias,0,test,6.9465895,7.165316104888916,0.03148690964489842,2,40mm,0.94197226
SubNetW8CleanAuxExDnRcK6Rr01QdEma,minbias,0,test,33.317303,32.95337677001953,-0.010923031107069603,3,60mm,4.2961016
SubNetW8CleanAuxExDnRcK6Rr01QdEma,minbias,0,test,32.64647,31.308353424072266,-0.040988067878808265,2,40mm,3.887778
SubNetW8CleanAuxExDnRcK6Rr01QdEma,minbias,0,test,20.399002,19.23279571533203,-0.05716977504901377,2,40mm,2.3456316
SubNetW8CleanAuxExDnRcK6Rr01QdEma,minbias,0,test,3.9401503,3.6004528999328613,-0.08621431633235688,3,60mm,0.73178124
SubNetW8CleanAuxExDnRcK6Rr01QdEma,minbias,0,test,19.338125,18.33077621459961,-0.0520913481715245,3,60mm,4.0912223
SubNetW8CleanAuxExDnRcK6Rr01QdEma,minbias,0,test,24.750618,25.576675415039062,0.033375224599143216,0,15mm,1.2400725
SubNetW8CleanAuxExDnRcK6Rr01QdEma,minbias,0,test,88.44407,90.91455841064453,0.027932788851037893,0,15mm,3.2197812
SubNetW8CleanAuxExDnRcK6Rr01QdEma,minbias,0,test,40.894188,41.28521728515625,0.009561978797716364,1,30mm,2.8900769
SubNetW8CleanAuxExDnRcK6Rr01QdEma,minbias,0,test,97.621796,95.12007141113281,-0.025626697669271392,1,30mm,4.127509
SubNetW8CleanAuxExDnRcK6Rr01QdEma,minbias,0,test,58.73912,58.77556228637695,0.0006204008960062346,0,15mm,2.8171217
SubNetW8CleanAuxExDnRcK6Rr01QdEma,minbias,0,test,54.152416,53.30169677734375,-0.015709722873728738,2,40mm,3.883946
SubNetW8CleanAuxExDnRcK6Rr01QdEma,minbias,0,test,23.706377,24.045005798339844,0.014284290193337768,1,30mm,1.5041356
SubNetW8CleanAuxExDnRcK6Rr01QdEma,minbias,0,test,23.455845,23.28550148010254,-0.007262300715471848,3,60mm,4.2085423
SubNetW8CleanAuxExDnRcK6Rr01QdEma,minbias,0,test,32.09592,32.18885040283203,0.0028953785546117494,1,30mm,1.3576835
SubNetW8CleanAuxExDnRcK6Rr01QdEma,minbias,0,test,8.475906,8.59476089477539,0.014022632800277934,3,60mm,1.9015647
SubNetW8CleanAuxExDnRcK6Rr01QdEma,minbias,0,test,41.676647,41.622745513916016,-0.0012933303421064357,2,40mm,3.3424711
SubNetW8CleanAuxExDnRcK6Rr01QdEma,minbias,0,test,60.978626,59.89020919799805,-0.017849156665789345,1,30mm,2.8873463
SubNetW8CleanAuxExDnRcK6Rr01QdEma,minbias,0,test,21.579962,21.51847267150879,-0.002849361174073306,3,60mm,2.421169
SubNetW8CleanAuxExDnRcK6Rr01QdEma,minbias,0,test,80.372765,78.93157958984375,-0.01793126073187834,0,15mm,2.8894806
SubNetW8CleanAuxExDnRcK6Rr01QdEma,minbias,0,test,54.468925,53.015846252441406,-0.02667721477764573,2,40mm,3.4709885
SubNetW8CleanAuxExDnRcK6Rr01QdEma,minbias,0,test,36.77405,35.502994537353516,-0.034563967561737186,2,40mm,2.3821802
SubNetW8CleanAuxExDnRcK6Rr01QdEma,minbias,0,test,70.60387,69.75029754638672,-0.012089550787265035,0,15mm,2.4919708
SubNetW8CleanAuxExDnRcK6Rr01QdEma,minbias,0,test,1.2026281,1.7140800952911377,0.4252785582139287,3,60mm,0.22967808
SubNetW8CleanAuxExDnRcK6Rr01QdEma,minbias,0,test,27.865837,28.248802185058594,0.01374317543575776,1,30mm,1.8427771
SubNetW8CleanAuxExDnRcK6Rr01QdEma,minbias,0,test,45.29149,45.70091247558594,0.009039752067145912,2,40mm,3.813316
SubNetW8CleanAuxExDnRcK6Rr01QdEma,minbias,0,test,58.267174,57.456809997558594,-0.013907723974574404,0,15mm,1.238286
SubNetW8CleanAuxExDnRcK6Rr01QdEma,minbias,0,test,73.48714,71.59854888916016,-0.025699571827801693,1,30mm,2.9779856
SubNetW8CleanAuxExDnRcK6Rr01QdEma,minbias,0,test,17.564913,18.757083892822266,0.0678723037595641,3,60mm,2.6567688
SubNetW8CleanAuxExDnRcK6Rr01QdEma,minbias,0,test,12.862021,15.391684532165527,0.19667694510642875,2,40mm,1.0366526
SubNetW8CleanAuxExDnRcK6Rr01QdEma,minbias,0,test,11.455969,12.368762016296387,0.07967839044378433,4,120mm,2.7059615
SubNetW8CleanAuxExDnRcK6Rr01QdEma,minbias,0,test,14.770969,15.484396934509277,0.04829930417980233,3,60mm,3.3273587
SubNetW8CleanAuxExDnRcK6Rr01QdEma,minbias,0,test,30.91893,30.07529067993164,-0.027285529360613903,1,30mm,1.4108546
SubNetW8CleanAuxExDnRcK6Rr01QdEma,minbias,0,test,5.9690638,7.224377632141113,0.21030331120685575,3,60mm,1.1018665
SubNetW8CleanAuxExDnRcK6Rr01QdEma,minbias,0,test,14.4903145,14.238412857055664,-0.01738413799585048,4,120mm,2.9934678
SubNetW8CleanAuxExDnRcK6Rr01QdEma,minbias,0,test,24.5925,24.450668334960938,-0.0057673009138753395,3,60mm,4.7094374
SubNetW8CleanAuxExDnRcK6Rr01QdEma,minbias,0,test,50.11565,50.1280403137207,0.0002472308884549079,1,30mm,2.6497662
SubNetW8CleanAuxExDnRcK6Rr01QdEma,minbias,0,test,45.900913,45.35785675048828,-0.011831060641758984,1,30mm,3.19912
SubNetW8CleanAuxExDnRcK6Rr01QdEma,minbias,0,test,18.254972,18.004032135009766,-0.013746409284094874,3,60mm,3.2780063
SubNetW8CleanAuxExDnRcK6Rr01QdEma,minbias,0,test,13.516836,13.30954360961914,-0.015335878471195774,3,60mm,3.1781912
SubNetW8CleanAuxExDnRcK6Rr01QdEma,minbias,0,test,76.28447,76.95796203613281,0.008828696524108226,1,30mm,4.4311433
SubNetW8CleanAuxExDnRcK6Rr01QdEma,minbias,0,test,26.041908,25.559539794921875,-0.018522777376577038,1,30mm,1.502779
SubNetW8CleanAuxExDnRcK6Rr01QdEma,minbias,0,test,23.47913,23.337324142456055,-0.006039646701748613,2,40mm,2.148534
SubNetW8CleanAuxExDnRcK6Rr01QdEma,minbias,0,test,24.736858,26.36087417602539,0.0656516597197152,1,30mm,1.2758641
SubNetW8CleanAuxExDnRcK6Rr01QdEma,minbias,0,test,9.413658,9.068185806274414,-0.036699052653162756,3,60mm,1.0651393
SubNetW8CleanAuxExDnRcK6Rr01QdEma,minbias,0,test,25.106606,26.261493682861328,0.045999374615022015,3,60mm,4.525478
SubNetW8CleanAuxExDnRcK6Rr01QdEma,minbias,0,test,46.508835,49.67352294921875,0.06804488053325408,0,15mm,1.026854
SubNetW8CleanAuxExDnRcK6Rr01QdEma,minbias,0,test,8.974906,8.7321138381958,-0.02705233128793283,3,60mm,1.3623914
SubNetW8CleanAuxExDnRcK6Rr01QdEma,minbias,0,test,19.231865,18.860790252685547,-0.019294783832964568,4,120mm,4.269848
SubNetW8CleanAuxExDnRcK6Rr01QdEma,minbias,0,test,30.997719,30.19585418701172,-0.025868504353874444,3,60mm,3.5146418
SubNetW8CleanAuxExDnRcK6Rr01QdEma,minbias,0,test,13.358109,12.68856143951416,-0.050122963579691926,4,120mm,2.802563
SubNetW8CleanAuxExDnRcK6Rr01QdEma,minbias,0,test,27.844131,29.042985916137695,0.043055910999220126,1,30mm,1.5088674
SubNetW8CleanAuxExDnRcK6Rr01QdEma,minbias,0,test,35.786453,35.565452575683594,-0.006175539941355113,2,40mm,4.2953453
SubNetW8CleanAuxExDnRcK6Rr01QdEma,minbias,0,test,27.976048,28.36334228515625,0.013843798666248963,3,60mm,4.980206
SubNetW8CleanAuxExDnRcK6Rr01QdEma,minbias,0,test,24.12076,21.087833404541016,-0.12573926211181596,3,60mm,4.430551
SubNetW8CleanAuxExDnRcK6Rr01QdEma,minbias,0,test,7.1906424,7.550716400146484,0.05007536537118695,3,60mm,1.2325091
SubNetW8CleanAuxExDnRcK6Rr01QdEma,minbias,0,test,19.209198,13.850728988647461,-0.27895329154003434,4,120mm,4.2303877
SubNetW8CleanAuxExDnRcK6Rr01QdEma,minbias,0,test,6.4866576,6.6532301902771,0.02567926050245717,3,60mm,0.94316614
SubNetW8CleanAuxExDnRcK6Rr01QdEma,minbias,0,test,42.589134,42.86128234863281,0.006390083699330251,3,60mm,4.271575
SubNetW8CleanAuxExDnRcK6Rr01QdEma,minbias,0,test,4.8744445,4.605475425720215,-0.05517942810388621,4,120mm,1.1219667
SubNetW8CleanAuxExDnRcK6Rr01QdEma,minbias,0,test,50.975452,48.925270080566406,-0.04021901219262958,2,40mm,4.5059566
SubNetW8CleanAuxExDnRcK6Rr01QdEma,minbias,0,test,15.142559,14.741279602050781,-0.02650010794726132,2,40mm,1.2324448
SubNetW8CleanAuxExDnRcK6Rr01QdEma,minbias,0,test,20.876127,21.73232650756836,0.041013318924454145,2,40mm,1.6978102
SubNetW8CleanAuxExDnRcK6Rr01QdEma,minbias,0,test,62.523823,67.32725524902344,0.07682563622447369,0,15mm,2.2285104
SubNetW8CleanAuxExDnRcK6Rr01QdEma,minbias,0,test,37.638264,37.92023468017578,0.007491604288995868,2,40mm,2.4732318
SubNetW8CleanAuxExDnRcK6Rr01QdEma,minbias,0,test,8.83176,8.704486846923828,-0.014410893605846242,2,40mm,0.9700762
SubNetW8CleanAuxExDnRcK6Rr01QdEma,minbias,0,test,27.21652,26.64482879638672,-0.021005312455871117,3,60mm,4.9439077
SubNetW8CleanAuxExDnRcK6Rr01QdEma,minbias,0,test,33.722805,33.194610595703125,-0.015662826005338526,2,40mm,3.8665533
SubNetW8CleanAuxExDnRcK6Rr01QdEma,minbias,0,test,47.870033,20.23003387451172,-0.5773967032177152,0,15mm,1.1243951
SubNetW8CleanAuxExDnRcK6Rr01QdEma,minbias,0,test,58.74747,58.37871170043945,-0.0062770218002938805,2,40mm,4.375903
SubNetW8CleanAuxExDnRcK6Rr01QdEma,minbias,0,test,94.22246,91.9829330444336,-0.023768482499409327,0,15mm,2.166358
SubNetW8CleanAuxExDnRcK6Rr01QdEma,minbias,0,test,27.208548,25.640649795532227,-0.05762519264653665,1,30mm,1.7215003
SubNetW8CleanAuxExDnRcK6Rr01QdEma,minbias,0,test,7.233999,7.330452919006348,0.013333447587947855,3,60mm,1.6249337
SubNetW8CleanAuxExDnRcK6Rr01QdEma,minbias,0,test,24.511827,39.04605484008789,0.5929475225653025,0,15mm,0.8535787
SubNetW8CleanAuxExDnRcK6Rr01QdEma,minbias,0,test,11.671759,11.279606819152832,-0.03359835002434075,3,60mm,2.0851123
SubNetW8CleanAuxExDnRcK6Rr01QdEma,minbias,0,test,37.852097,36.98116683959961,-0.02300875769699784,2,40mm,3.200128
SubNetW8CleanAuxExDnRcK6Rr01QdEma,minbias,0,test,33.98994,33.051246643066406,-0.027616817872522015,3,60mm,4.960271
SubNetW8CleanAuxExDnRcK6Rr01QdEma,minbias,0,test,18.239248,18.42188835144043,0.010013574733030772,3,60mm,2.254028
SubNetW8CleanAuxExDnRcK6Rr01QdEma,minbias,0,test,56.831665,59.104949951171875,0.04000032218916805,0,15mm,2.2066464
SubNetW8CleanAuxExDnRcK6Rr01QdEma,minbias,0,test,27.295551,28.155752182006836,0.03151432526502851,3,60mm,3.493143
SubNetW8CleanAuxExDnRcK6Rr01QdEma,minbias,0,test,20.703459,19.76907730102539,-0.045131661073786855,2,40mm,2.3691144
SubNetW8CleanAuxExDnRcK6Rr01QdEma,minbias,0,test,52.973118,56.29216384887695,0.06265528925938235,0,15mm,2.3211956
SubNetW8CleanAuxExDnRcK6Rr01QdEma,minbias,0,test,58.697685,57.12742233276367,-0.02675170072669275,1,30mm,2.4097905
SubNetW8CleanAuxExDnRcK6Rr01QdEma,minbias,0,test,17.549185,17.1124210357666,-0.024887980178303515,4,120mm,4.1837554
SubNetW8CleanAuxExDnRcK6Rr01QdEma,minbias,0,test,12.294993,13.322908401489258,0.08360435564508406,1,30mm,0.959074
SubNetW8CleanAuxExDnRcK6Rr01QdEma,minbias,0,test,15.509004,15.106392860412598,-0.025959809422600122,3,60mm,2.8974838
SubNetW8CleanAuxExDnRcK6Rr01QdEma,minbias,0,test,27.244076,28.868967056274414,0.059642004175096464,0,15mm,0.71710014
SubNetW8CleanAuxExDnRcK6Rr01QdEma,minbias,0,test,24.306732,23.538612365722656,-0.03160111389696951,3,60mm,4.2817197
SubNetW8CleanAuxExDnRcK6Rr01QdEma,minbias,0,test,25.762867,25.73711395263672,-0.0009996178323766758,1,30mm,1.3380985
SubNetW8CleanAuxExDnRcK6Rr01QdEma,minbias,0,test,10.837142,13.055865287780762,0.20473324969175621,3,60mm,2.290676
SubNetW8CleanAuxExDnRcK6Rr01QdEma,minbias,0,test,25.226603,25.00759506225586,-0.0086816086943865,2,40mm,4.4981766
SubNetW8CleanAuxExDnRcK6Rr01QdEma,minbias,0,test,35.717617,35.124759674072266,-0.01659845784953562,3,60mm,4.407315
SubNetW8CleanAuxExDnRcK6Rr01QdEma,minbias,0,test,8.2239895,8.035361289978027,-0.022936337287577047,4,120mm,1.9125752
SubNetW8CleanAuxExDnRcK6Rr01QdEma,minbias,0,test,13.974884,13.424424171447754,-0.03938922573149983,1,30mm,1.0053016
SubNetW8CleanAuxExDnRcK6Rr01QdEma,minbias,0,test,38.982834,36.63764953613281,-0.0601594110488618,2,40mm,2.5783691
SubNetW8CleanAuxExDnRcK6Rr01QdEma,minbias,0,test,21.741993,22.224712371826172,0.022202169897077573,3,60mm,3.9779732
SubNetW8CleanAuxExDnRcK6Rr01QdEma,minbias,0,test,2.4762397,2.4487102031707764,-0.011117452919295445,3,60mm,0.59464175
SubNetW8CleanAuxExDnRcK6Rr01QdEma,minbias,0,test,7.2819777,7.002071857452393,-0.03843815641433068,3,60mm,1.3861074
SubNetW8CleanAuxExDnRcK6Rr01QdEma,minbias,0,test,15.766863,15.400651931762695,-0.02322662031988132,3,60mm,2.5598693
SubNetW8CleanAuxExDnRcK6Rr01QdEma,minbias,0,test,12.95983,13.87866497039795,0.07089866658248312,3,60mm,1.845163
SubNetW8CleanAuxExDnRcK6Rr01QdEma,minbias,0,test,12.48818,14.260276794433594,0.14190191133797625,4,120mm,2.9870384
SubNetW8CleanAuxExDnRcK6Rr01QdEma,minbias,0,test,90.18445,80.79255676269531,-0.1041409207746169,0,15mm,2.6438892
SubNetW8CleanAuxExDnRcK6Rr01QdEma,minbias,0,test,13.130512,11.002581596374512,-0.16205998689747636,1,30mm,0.7704058
SubNetW8CleanAuxExDnRcK6Rr01QdEma,minbias,0,test,3.7700815,3.444634199142456,-0.0863236827120798,4,120mm,0.8147656
SubNetW8CleanAuxExDnRcK6Rr01QdEma,minbias,0,test,21.444424,20.908735275268555,-0.024980312288814033,1,30mm,1.1780566
SubNetW8CleanAuxExDnRcK6Rr01QdEma,minbias,0,test,15.935612,16.542015075683594,0.03805334625995682,4,120mm,3.654897
SubNetW8CleanAuxExDnRcK6Rr01QdEma,minbias,0,test,14.890369,16.366281509399414,0.09911856804582442,2,40mm,0.9613021
SubNetW8CleanAuxExDnRcK6Rr01QdEma,minbias,0,test,15.546806,15.9760160446167,0.02760758061215518,3,60mm,2.8051589
SubNetW8CleanAuxExDnRcK6Rr01QdEma,minbias,0,test,48.158764,47.91081619262695,-0.005148547696544159,1,30mm,3.2555285
SubNetW8CleanAuxExDnRcK6Rr01QdEma,minbias,0,test,20.460773,20.386884689331055,-0.003611240738382593,3,60mm,3.4423294
SubNetW8CleanAuxExDnRcK6Rr01QdEma,minbias,0,test,11.786474,17.021240234375,0.4441333264935212,3,60mm,1.5000343
SubNetW8CleanAuxExDnRcK6Rr01QdEma,minbias,0,test,20.399939,22.73154640197754,0.11429484501015996,3,60mm,3.2975996
SubNetW8CleanAuxExDnRcK6Rr01QdEma,minbias,0,test,25.111713,25.29890251159668,0.007454254479608791,3,60mm,3.374443
SubNetW8CleanAuxExDnRcK6Rr01QdEma,minbias,0,test,42.12213,43.0024299621582,0.020898719659657727,2,40mm,3.964346
SubNetW8CleanAuxExDnRcK6Rr01QdEma,minbias,0,test,36.70393,39.67947769165039,0.08106891546881201,2,40mm,3.7786558
SubNetW8CleanAuxExDnRcK6Rr01QdEma,minbias,0,test,45.90103,47.5596923828125,0.03613559074121486,1,30mm,4.7650228
SubNetW8CleanAuxExDnRcK6Rr01QdEma,minbias,0,test,22.956781,21.759660720825195,-0.052146711958700465,3,60mm,4.2878394
SubNetW8CleanAuxExDnRcK6Rr01QdEma,minbias,0,test,12.172156,12.128210067749023,-0.0036103928481299175,3,60mm,2.7851498
SubNetW8CleanAuxExDnRcK6Rr01QdEma,minbias,0,test,72.50582,73.61337280273438,0.01527534694385202,1,30mm,4.150906
SubNetW8CleanAuxExDnRcK6Rr01QdEma,minbias,0,test,33.794224,33.3205680847168,-0.014015877497036033,2,40mm,2.6216369
SubNetW8CleanAuxExDnRcK6Rr01QdEma,minbias,0,test,5.9238663,6.413708209991455,0.08268956717277165,3,60mm,0.886833
SubNetW8CleanAuxExDnRcK6Rr01QdEma,minbias,0,test,11.703196,12.332375526428223,0.0537613808693016,3,60mm,2.1439517
SubNetW8CleanAuxExDnRcK6Rr01QdEma,minbias,0,test,69.57915,64.16596221923828,-0.07779895739833365,0,15mm,3.3174734
SubNetW8CleanAuxExDnRcK6Rr01QdEma,minbias,0,test,17.528801,17.146442413330078,-0.02181316062649752,4,120mm,4.1000032
SubNetW8CleanAuxExDnRcK6Rr01QdEma,minbias,0,test,21.252398,20.602571487426758,-0.03057659958911818,3,60mm,3.5722456
SubNetW8CleanAuxExDnRcK6Rr01QdEma,minbias,0,test,49.22856,51.783424377441406,0.05189798164614379,0,15mm,1.70094
SubNetW8CleanAuxExDnRcK6Rr01QdEma,minbias,0,test,23.810501,24.054105758666992,0.010230975779345064,1,30mm,1.192066
SubNetW8CleanAuxExDnRcK6Rr01QdEma,minbias,0,test,24.212221,24.196683883666992,-0.0006417115501068382,2,40mm,2.6762893
SubNetW8CleanAuxExDnRcK6Rr01QdEma,minbias,0,test,80.29146,78.78935241699219,-0.018708163332402772,1,30mm,4.5751247
SubNetW8CleanAuxExDnRcK6Rr01QdEma,minbias,0,test,32.324474,32.33671951293945,0.0003788206451822429,1,30mm,1.9486933
SubNetW8CleanAuxExDnRcK6Rr01QdEma,minbias,0,test,78.15016,78.8131332397461,0.008483302936222348,1,30mm,4.077928
SubNetW8CleanAuxExDnRcK6Rr01QdEma,minbias,0,test,30.612709,31.662878036499023,0.03430500023800809,3,60mm,4.105197
SubNetW8CleanAuxExDnRcK6Rr01QdEma,minbias,0,test,51.021507,52.51670455932617,0.02930523570050414,1,30mm,2.343729
SubNetW8CleanAuxExDnRcK6Rr01QdEma,minbias,0,test,31.861677,33.39091491699219,0.04799614719095446,3,60mm,4.429937
SubNetW8CleanAuxExDnRcK6Rr01QdEma,minbias,0,test,27.789677,29.486499786376953,0.06105947688759361,2,40mm,2.5665283
SubNetW8CleanAuxExDnRcK6Rr01QdEma,minbias,0,test,7.7021103,7.8418779373168945,0.01814666909683793,2,40mm,0.7759038
SubNetW8CleanAuxExDnRcK6Rr01QdEma,minbias,0,test,11.82203,11.694128036499023,-0.010818956661009294,3,60mm,2.2735684
SubNetW8CleanAuxExDnRcK6Rr01QdEma,minbias,0,test,63.619663,63.2513313293457,-0.005789592249156095,1,30mm,3.9042363
SubNetW8CleanAuxExDnRcK6Rr01QdEma,minbias,0,test,77.01622,76.32630157470703,-0.008958093726689431,0,15mm,2.6821983
SubNetW8CleanAuxExDnRcK6Rr01QdEma,minbias,0,test,13.340042,13.332509994506836,-0.0005646248854737079,4,120mm,3.159164
SubNetW8CleanAuxExDnRcK6Rr01QdEma,minbias,0,test,20.215761,19.008861541748047,-0.05970092503161417,2,40mm,4.4765167
SubNetW8CleanAuxExDnRcK6Rr01QdEma,minbias,0,test,73.76463,74.9748306274414,0.01640620167931295,1,30mm,4.055208
SubNetW8CleanAuxExDnRcK6Rr01QdEma,minbias,0,test,30.482838,29.876361846923828,-0.019895648709099212,3,60mm,4.623889
SubNetW8CleanAuxExDnRcK6Rr01QdEma,minbias,0,test,29.632069,29.032428741455078,-0.02023618060500243,2,40mm,3.3962512
SubNetW8CleanAuxExDnRcK6Rr01QdEma,minbias,0,test,15.353025,15.649969100952148,0.019341052079985488,3,60mm,3.476637
SubNetW8CleanAuxExDnRcK6Rr01QdEma,minbias,0,test,10.996435,10.405953407287598,-0.05369756191309416,3,60mm,1.6147757
SubNetW8CleanAuxExDnRcK6Rr01QdEma,minbias,0,test,20.779837,24.798507690429688,0.19339281162562916,1,30mm,1.4800766
SubNetW8CleanAuxExDnRcK6Rr01QdEma,minbias,0,test,11.187597,11.781185150146484,0.05305767277700557,2,40mm,1.7019418
SubNetW8CleanAuxExDnRcK6Rr01QdEma,minbias,0,test,7.0222917,7.084157943725586,0.008809984889466493,4,120mm,1.430991
SubNetW8CleanAuxExDnRcK6Rr01QdEma,minbias,0,test,18.152168,18.39712905883789,0.013494849828159516,3,60mm,2.3337352
SubNetW8CleanAuxExDnRcK6Rr01QdEma,minbias,0,test,12.899124,12.51330852508545,-0.029910218404768596,1,30mm,0.8176256
SubNetW8CleanAuxExDnRcK6Rr01QdEma,minbias,0,test,22.024572,21.755355834960938,-0.01222346263632823,3,60mm,3.900799
SubNetW8CleanAuxExDnRcK6Rr01QdEma,minbias,0,test,8.672326,9.271780967712402,0.06912273289556725,2,40mm,0.8377904
SubNetW8CleanAuxExDnRcK6Rr01QdEma,minbias,0,test,33.553738,35.38597106933594,0.0546059413288742,1,30mm,3.1583545
SubNetW8CleanAuxExDnRcK6Rr01QdEma,minbias,0,test,37.67419,38.45795822143555,0.0208038365085359,1,30mm,2.7326093
SubNetW8CleanAuxExDnRcK6Rr01QdEma,minbias,0,test,93.49874,90.97452545166016,-0.026997322821654124,1,30mm,4.789229
SubNetW8CleanAuxExDnRcK6Rr01QdEma,minbias,0,test,4.7334003,4.501905918121338,-0.04890658086405697,3,60mm,1.1280864
SubNetW8CleanAuxExDnRcK6Rr01QdEma,minbias,0,test,42.111336,42.622257232666016,0.012132635289731075,2,40mm,2.658223
SubNetW8CleanAuxExDnRcK6Rr01QdEma,minbias,0,test,13.724175,14.493097305297852,0.056026815944947295,2,40mm,1.662422
SubNetW8CleanAuxExDnRcK6Rr01QdEma,minbias,0,test,2.1421096,2.0466370582580566,-0.04456941548922444,3,60mm,0.5053435
SubNetW8CleanAuxExDnRcK6Rr01QdEma,minbias,0,test,13.888529,13.608115196228027,-0.02019030461620397,3,60mm,1.7440469
SubNetW8CleanAuxExDnRcK6Rr01QdEma,minbias,0,test,14.38353,14.407509803771973,0.00166719444028951,3,60mm,2.9435585
SubNetW8CleanAuxExDnRcK6Rr01QdEma,minbias,0,test,17.483158,18.522567749023438,0.05945205270226195,2,40mm,1.6828488
SubNetW8CleanAuxExDnRcK6Rr01QdEma,minbias,0,test,27.0999,24.757226943969727,-0.08644579534340568,1,30mm,2.5891044
SubNetW8CleanAuxExDnRcK6Rr01QdEma,minbias,0,test,10.82433,11.438337326049805,0.05672470974569199,2,40mm,1.5167342
SubNetW8CleanAuxExDnRcK6Rr01QdEma,minbias,0,test,64.081024,64.37773132324219,0.00463018744103616,1,30mm,4.706717
SubNetW8CleanAuxExDnRcK6Rr01QdEma,minbias,0,test,56.17205,55.98749542236328,-0.0032855317216797797,0,15mm,1.3434376
SubNetW8CleanAuxExDnRcK6Rr01QdEma,minbias,0,test,17.049517,16.684059143066406,-0.021435067145609388,3,60mm,3.5569372
SubNetW8CleanAuxExDnRcK6Rr01QdEma,minbias,0,test,19.443855,18.810941696166992,-0.032550828021478906,2,40mm,3.350563
SubNetW8CleanAuxExDnRcK6Rr01QdEma,minbias,0,test,20.448557,19.741655349731445,-0.03456975246464089,2,40mm,1.9735554
SubNetW8CleanAuxExDnRcK6Rr01QdEma,minbias,0,test,25.019053,24.10369873046875,-0.03658626859763936,3,60mm,3.149316
SubNetW8CleanAuxExDnRcK6Rr01QdEma,minbias,0,test,14.486451,14.286821365356445,-0.013780447783743988,4,120mm,2.848098
SubNetW8CleanAuxExDnRcK6Rr01QdEma,minbias,0,test,51.72426,51.799747467041016,0.0014594514545249737,1,30mm,3.022411
SubNetW8CleanAuxExDnRcK6Rr01QdEma,minbias,0,test,17.550241,17.087617874145508,-0.026359956184837885,4,120mm,4.1445413
SubNetW8CleanAuxExDnRcK6Rr01QdEma,minbias,0,test,6.148128,6.039608001708984,-0.017650906161751023,2,40mm,0.9566799
SubNetW8CleanAuxExDnRcK6Rr01QdEma,minbias,0,test,53.581684,31.20231056213379,-0.4176683491957244,1,30mm,3.1350603
SubNetW8CleanAuxExDnRcK6Rr01QdEma,minbias,0,test,21.982084,26.170839309692383,0.19055313332135349,1,30mm,1.8850204
SubNetW8CleanAuxExDnRcK6Rr01QdEma,minbias,0,test,22.664064,22.564617156982422,-0.004387882445920255,3,60mm,3.1912003
SubNetW8CleanAuxExDnRcK6Rr01QdEma,minbias,0,test,59.371128,58.488521575927734,-0.014865921111092195,1,30mm,4.3307776
SubNetW8CleanAuxExDnRcK6Rr01QdEma,minbias,0,test,16.802189,18.603866577148438,0.10722874962567475,3,60mm,2.9333837
SubNetW8CleanAuxExDnRcK6Rr01QdEma,minbias,0,test,33.65988,34.683128356933594,0.030399594910817784,3,60mm,3.7493122
SubNetW8CleanAuxExDnRcK6Rr01QdEma,minbias,0,test,20.84978,20.647890090942383,-0.009683030061688025,2,40mm,1.6119312
SubNetW8CleanAuxExDnRcK6Rr01QdEma,minbias,0,test,35.86222,35.14173126220703,-0.020090487610660346,2,40mm,3.394003
SubNetW8CleanAuxExDnRcK6Rr01QdEma,minbias,0,test,13.925642,13.476832389831543,-0.03222900770259385,3,60mm,2.398524
SubNetW8CleanAuxExDnRcK6Rr01QdEma,minbias,0,test,6.9234924,6.531787872314453,-0.056576151876192915,2,40mm,0.57167023
SubNetW8CleanAuxExDnRcK6Rr01QdEma,minbias,0,test,68.489174,72.2457275390625,0.054848867880663565,1,30mm,3.594168
SubNetW8CleanAuxExDnRcK6Rr01QdEma,minbias,0,test,14.047184,13.199084281921387,-0.06037506941832538,3,60mm,2.5394084
SubNetW8CleanAuxExDnRcK6Rr01QdEma,minbias,0,test,6.2988787,7.21714448928833,0.14578242695181864,2,40mm,0.5693882
SubNetW8CleanAuxExDnRcK6Rr01QdEma,minbias,0,test,4.920426,7.095261096954346,0.4420014146882787,3,60mm,0.9995614
SubNetW8CleanAuxExDnRcK6Rr01QdEma,minbias,0,test,24.817064,24.333696365356445,-0.01947724011049179,3,60mm,4.5947423
SubNetW8CleanAuxExDnRcK6Rr01QdEma,minbias,0,test,21.677454,21.673986434936523,-0.00015996158106446057,3,60mm,3.4315612
SubNetW8CleanAuxExDnRcK6Rr01QdEma,minbias,0,test,13.754575,13.858890533447266,0.007584077258119937,3,60mm,2.2399008
SubNetW8CleanAuxExDnRcK6Rr01QdEma,minbias,0,test,5.3250256,5.34719705581665,0.004163641488949876,3,60mm,0.72082734
SubNetW8CleanAuxExDnRcK6Rr01QdEma,minbias,0,test,29.691423,30.264863967895508,0.019313339873296087,3,60mm,3.9324255
SubNetW8CleanAuxExDnRcK6Rr01QdEma,minbias,0,test,26.243414,26.048368453979492,-0.007432168381276472,1,30mm,1.7823931
SubNetW8CleanAuxExDnRcK6Rr01QdEma,minbias,0,test,72.988914,74.22675323486328,0.016959270510744195,0,15mm,2.2174706
SubNetW8CleanAuxExDnRcK6Rr01QdEma,minbias,0,test,7.905272,8.56711196899414,0.08372133955928729,3,60mm,1.2876219
SubNetW8CleanAuxExDnRcK6Rr01QdEma,minbias,0,test,50.08217,55.66868209838867,0.11154695728607611,2,40mm,4.0965753
SubNetW8CleanAuxExDnRcK6Rr01QdEma,minbias,0,test,14.648831,14.366698265075684,-0.019259768601273985,4,120mm,3.07282
SubNetW8CleanAuxExDnRcK6Rr01QdEma,minbias,0,test,29.383623,33.4128532409668,0.13712502712508612,1,30mm,1.6885632
SubNetW8CleanAuxExDnRcK6Rr01QdEma,minbias,0,test,14.52965,14.674440383911133,0.009965185125577536,3,60mm,1.8904896
SubNetW8CleanAuxExDnRcK6Rr01QdEma,minbias,0,test,54.146572,53.022972106933594,-0.020751082889566397,2,40mm,4.2743177
SubNetW8CleanAuxExDnRcK6Rr01QdEma,minbias,0,test,60.94993,60.298118591308594,-0.010694183089912213,1,30mm,3.2756875
SubNetW8CleanAuxExDnRcK6Rr01QdEma,minbias,0,test,29.961872,29.26322364807129,-0.023317917198486193,2,40mm,4.5183215
SubNetW8CleanAuxExDnRcK6Rr01QdEma,minbias,0,test,28.779247,27.507465362548828,-0.044190937616934156,1,30mm,1.030931
SubNetW8CleanAuxExDnRcK6Rr01QdEma,minbias,0,test,11.211926,11.282102584838867,0.006259060369460112,2,40mm,1.0967424
SubNetW8CleanAuxExDnRcK6Rr01QdEma,minbias,0,test,14.91697,15.723249435424805,0.05405113563677122,2,40mm,2.0812733
SubNetW8CleanAuxExDnRcK6Rr01QdEma,minbias,0,test,24.326118,23.262161254882812,-0.04373723722923162,1,30mm,1.6525047
SubNetW8CleanAuxExDnRcK6Rr01QdEma,minbias,0,test,10.362336,9.636544227600098,-0.07004134203263723,2,40mm,1.1457781
SubNetW8CleanAuxExDnRcK6Rr01QdEma,minbias,0,test,18.064125,18.072988510131836,0.0004906658399856934,2,40mm,1.7201699
SubNetW8CleanAuxExDnRcK6Rr01QdEma,minbias,0,test,90.369484,91.5955810546875,0.013567601068104507,0,15mm,2.214597
SubNetW8CleanAuxExDnRcK6Rr01QdEma,minbias,0,test,28.400808,25.767358779907227,-0.09272445781968186,1,30mm,1.1422966
SubNetW8CleanAuxExDnRcK6Rr01QdEma,minbias,0,test,17.067007,26.868640899658203,0.5743030279188921,0,15mm,0.55127823
SubNetW8CleanAuxExDnRcK6Rr01QdEma,minbias,0,test,41.88535,44.37272262573242,0.059385283761109964,2,40mm,4.191586
SubNetW8CleanAuxExDnRcK6Rr01QdEma,minbias,0,test,11.926814,11.540738105773926,-0.032370419371364756,3,60mm,2.1463475
SubNetW8CleanAuxExDnRcK6Rr01QdEma,minbias,0,test,23.772703,22.863277435302734,-0.038255041041844295,3,60mm,4.3556976
SubNetW8CleanAuxExDnRcK6Rr01QdEma,minbias,0,test,21.813839,21.177249908447266,-0.02918280690973485,3,60mm,3.6835718
SubNetW8CleanAuxExDnRcK6Rr01QdEma,minbias,0,test,73.49891,72.07011413574219,-0.01943967441620509,0,15mm,2.9965653
SubNetW8CleanAuxExDnRcK6Rr01QdEma,minbias,0,test,37.27301,37.21412658691406,-0.001579793705715371,1,30mm,2.0755074
SubNetW8CleanAuxExDnRcK6Rr01QdEma,minbias,0,test,86.45174,90.6510009765625,0.0485735127921505,0,15mm,3.1206427
SubNetW8CleanAuxExDnRcK6Rr01QdEma,minbias,0,test,27.65486,30.93038558959961,0.11844305488798579,2,40mm,3.3735743
SubNetW8CleanAuxExDnRcK6Rr01QdEma,minbias,0,test,33.523605,32.555416107177734,-0.028880820827281495,0,15mm,1.5933259
SubNetW8CleanAuxExDnRcK6Rr01QdEma,minbias,0,test,58.563736,57.26518249511719,-0.022173337227689327,1,30mm,2.3629143
SubNetW8CleanAuxExDnRcK6Rr01QdEma,minbias,0,test,7.7779512,7.479522228240967,-0.038368588728499464,3,60mm,1.0667169
SubNetW8CleanAuxExDnRcK6Rr01QdEma,minbias,0,test,30.30282,30.04828453063965,-0.00839973551376072,2,40mm,4.6362524
SubNetW8CleanAuxExDnRcK6Rr01QdEma,minbias,0,test,71.14639,73.33673858642578,0.030786462633909828,2,40mm,4.615216
SubNetW8CleanAuxExDnRcK6Rr01QdEma,minbias,0,test,18.171131,17.90559959411621,-0.014612823932554808,3,60mm,3.0908535
SubNetW8CleanAuxExDnRcK6Rr01QdEma,minbias,0,test,14.840483,14.983202934265137,0.009616952847479876,1,30mm,1.4326618
SubNetW8CleanAuxExDnRcK6Rr01QdEma,minbias,0,test,15.607341,15.891888618469238,0.018231664778851853,3,60mm,2.4002132
SubNetW8CleanAuxExDnRcK6Rr01QdEma,minbias,0,test,71.69253,74.43250274658203,0.03821841774554402,0,15mm,1.5709457
SubNetW8CleanAuxExDnRcK6Rr01QdEma,minbias,0,test,34.486168,35.804649353027344,0.03823218192409095,0,15mm,0.92882276
SubNetW8CleanAuxExDnRcK6Rr01QdEma,minbias,0,test,21.384909,31.23659324645996,0.46068396734847794,1,30mm,1.0300721
SubNetW8CleanAuxExDnRcK6Rr01QdEma,minbias,0,test,54.27782,54.456756591796875,0.003296668928542079,0,15mm,1.9139582
SubNetW8CleanAuxExDnRcK6Rr01QdEma,minbias,0,test,7.0303545,7.445827007293701,0.059096949874665405,2,40mm,1.2931622
SubNetW8CleanAuxExDnRcK6Rr01QdEma,minbias,0,test,31.835936,32.10337829589844,0.008400654740261526,0,15mm,1.4458153
SubNetW8CleanAuxExDnRcK6Rr01QdEma,minbias,0,test,14.447629,12.899444580078125,-0.10715837162793573,2,40mm,2.150063
SubNetW8CleanAuxExDnRcK6Rr01QdEma,minbias,0,test,35.612827,35.82305908203125,0.005903260059327176,1,30mm,3.5449321
SubNetW8CleanAuxExDnRcK6Rr01QdEma,minbias,0,test,15.488869,14.981090545654297,-0.0327834251242638,2,40mm,1.6920075
SubNetW8CleanAuxExDnRcK6Rr01QdEma,minbias,0,test,50.80556,62.984012603759766,0.2397070573109794,0,15mm,1.3551818
SubNetW8CleanAuxExDnRcK6Rr01QdEma,minbias,0,test,60.32522,58.679874420166016,-0.02727455995341821,1,30mm,3.8005521
SubNetW8CleanAuxExDnRcK6Rr01QdEma,minbias,0,test,17.833221,18.39544677734375,0.03152685249991882,4,120mm,4.146474
SubNetW8CleanAuxExDnRcK6Rr01QdEma,minbias,0,test,57.158962,56.96861267089844,-0.003330179054435778,1,30mm,2.9287817
SubNetW8CleanAuxExDnRcK6Rr01QdEma,minbias,0,test,11.926818,11.7144775390625,-0.017803605019120594,3,60mm,2.1508286
SubNetW8CleanAuxExDnRcK6Rr01QdEma,minbias,0,test,35.951157,35.26103210449219,-0.019196169933725082,3,60mm,4.4002733
SubNetW8CleanAuxExDnRcK6Rr01QdEma,minbias,0,test,14.300041,14.028783798217773,-0.018968994336658107,2,40mm,1.4698765
SubNetW8CleanAuxExDnRcK6Rr01QdEma,minbias,0,test,17.44232,17.4862117767334,0.0025164030395856685,4,120mm,4.1564965
SubNetW8CleanAuxExDnRcK6Rr01QdEma,minbias,0,test,35.09421,35.80775833129883,0.020332320369593093,1,30mm,1.6560581
SubNetW8CleanAuxExDnRcK6Rr01QdEma,minbias,0,test,24.162361,23.78708839416504,-0.015531294669513085,3,60mm,3.864737
SubNetW8CleanAuxExDnRcK6Rr01QdEma,minbias,0,test,99.543495,95.5739517211914,-0.03987747717642609,0,15mm,2.8117986
SubNetW8CleanAuxExDnRcK6Rr01QdEma,minbias,0,test,21.83177,22.119802474975586,0.013193274410969291,3,60mm,3.727675
SubNetW8CleanAuxExDnRcK6Rr01QdEma,minbias,0,test,21.71808,24.057161331176758,0.10770200471100533,2,40mm,2.0087783
SubNetW8CleanAuxExDnRcK6Rr01QdEma,minbias,0,test,35.397858,34.76003646850586,-0.018018638402575338,2,40mm,2.3678544
SubNetW8CleanAuxExDnRcK6Rr01QdEma,minbias,0,test,13.857995,14.121233940124512,0.018995453976457854,3,60mm,1.8211808
SubNetW8CleanAuxExDnRcK6Rr01QdEma,minbias,0,test,16.799181,17.487823486328125,0.040992623537216444,3,60mm,2.138371
SubNetW8CleanAuxExDnRcK6Rr01QdEma,minbias,0,test,20.196136,22.10154151916504,0.09434502717641768,1,30mm,1.0891172
SubNetW8CleanAuxExDnRcK6Rr01QdEma,minbias,0,test,11.663309,11.621827125549316,-0.0035566211436821593,3,60mm,2.5695856
SubNetW8CleanAuxExDnRcK6Rr01QdEma,minbias,0,test,17.221998,16.575162887573242,-0.037558668807404216,2,40mm,1.4292591
SubNetW8CleanAuxExDnRcK6Rr01QdEma,minbias,0,test,34.724834,34.89644241333008,0.004941937778777605,3,60mm,4.656928
SubNetW8CleanAuxExDnRcK6Rr01QdEma,minbias,0,test,8.821333,9.018441200256348,0.022344499438800902,2,40mm,1.045015
SubNetW8CleanAuxExDnRcK6Rr01QdEma,minbias,0,test,64.849434,76.0701904296875,0.17302782547416484,2,40mm,4.311942
SubNetW8CleanAuxExDnRcK6Rr01QdEma,minbias,0,test,32.578087,32.11245346069336,-0.014292840289690467,3,60mm,4.0766916
SubNetW8CleanAuxExDnRcK6Rr01QdEma,minbias,0,test,63.28796,62.78877258300781,-0.00788755821910525,1,30mm,3.3618777
SubNetW8CleanAuxExDnRcK6Rr01QdEma,minbias,0,test,4.4312544,4.588839530944824,0.03556219758196866,4,120mm,0.8908078
SubNetW8CleanAuxExDnRcK6Rr01QdEma,minbias,0,test,8.599473,8.283148765563965,-0.03678414177525824,3,60mm,1.596905
SubNetW8CleanAuxExDnRcK6Rr01QdEma,minbias,0,test,2.78385,2.7505075931549072,-0.011977068446178185,3,60mm,0.5633825
SubNetW8CleanAuxExDnRcK6Rr01QdEma,minbias,0,test,4.4861846,4.4244303703308105,-0.013765422565459096,4,120mm,1.0421807
SubNetW8CleanAuxExDnRcK6Rr01QdEma,minbias,0,test,14.850727,14.347519874572754,-0.0338843481515293,1,30mm,0.9234151
SubNetW8CleanAuxExDnRcK6Rr01QdEma,minbias,0,test,14.710539,15.37673282623291,0.04528684966948071,4,120mm,3.5264697
SubNetW8CleanAuxExDnRcK6Rr01QdEma,minbias,0,test,14.966183,14.642252922058105,-0.02164411546926759,3,60mm,2.5265167
SubNetW8CleanAuxExDnRcK6Rr01QdEma,minbias,0,test,78.80332,77.48089599609375,-0.016781346413256237,1,30mm,4.051929
SubNetW8CleanAuxExDnRcK6Rr01QdEma,minbias,0,test,16.221573,15.996528625488281,-0.013873146100496947,3,60mm,3.4074545
SubNetW8CleanAuxExDnRcK6Rr01QdEma,minbias,0,test,23.734697,23.27895164489746,-0.01920166456964134,0,15mm,0.75027025
SubNetW8CleanAuxExDnRcK6Rr01QdEma,minbias,0,test,4.0149126,4.448514461517334,0.10799783179859279,3,60mm,0.5133896
SubNetW8CleanAuxExDnRcK6Rr01QdEma,minbias,0,test,36.180534,34.544254302978516,-0.04522542545687658,3,60mm,3.9674785
SubNetW8CleanAuxExDnRcK6Rr01QdEma,minbias,0,test,13.922664,14.454930305480957,0.03823022869214543,3,60mm,2.9495132
SubNetW8CleanAuxExDnRcK6Rr01QdEma,minbias,0,test,5.1581364,5.468273162841797,0.06012574560457984,4,120mm,0.9993978
SubNetW8CleanAuxExDnRcK6Rr01QdEma,minbias,0,test,27.321138,26.878751754760742,-0.016192100819979127,2,40mm,2.303525
SubNetW8CleanAuxExDnRcK6Rr01QdEma,minbias,0,test,83.35625,87.64385223388672,0.05143712010338963,0,15mm,2.0727766
SubNetW8CleanAuxExDnRcK6Rr01QdEma,minbias,0,test,4.8098693,4.517588138580322,-0.060766963348070746,3,60mm,1.0908593
SubNetW8CleanAuxExDnRcK6Rr01QdEma,minbias,0,test,45.506447,46.408634185791016,0.019825484301517315,2,40mm,3.631647
SubNetW8CleanAuxExDnRcK6Rr01QdEma,minbias,0,test,26.702896,25.685039520263672,-0.03811783536123692,3,60mm,3.8947453
SubNetW8CleanAuxExDnRcK6Rr01QdEma,minbias,0,test,23.876049,24.243682861328125,0.015397598611782914,3,60mm,2.9184232
SubNetW8CleanAuxExDnRcK6Rr01QdEma,minbias,0,test,3.567028,4.8560791015625,0.3613795684838115,2,40mm,0.5678301
SubNetW8CleanAuxExDnRcK6Rr01QdEma,minbias,0,test,6.1752625,6.467144966125488,0.04726641454700009,3,60mm,1.0399888
SubNetW8CleanAuxExDnRcK6Rr01QdEma,minbias,0,test,11.344463,11.050812721252441,-0.025884928895992254,3,60mm,1.408347
SubNetW8CleanAuxExDnRcK6Rr01QdEma,minbias,0,test,85.5945,86.79803466796875,0.01406091536157894,1,30mm,4.6844177
SubNetW8CleanAuxExDnRcK6Rr01QdEma,minbias,0,test,7.2158847,9.365997314453125,0.29796937210657615,3,60mm,1.3503059
SubNetW8CleanAuxExDnRcK6Rr01QdEma,minbias,0,test,23.024845,23.743165969848633,0.0311976407533352,3,60mm,4.2987046
SubNetW8CleanAuxExDnRcK6Rr01QdEma,minbias,0,test,13.217893,13.413780212402344,0.014819878693777433,3,60mm,2.4293299
SubNetW8CleanAuxExDnRcK6Rr01QdEma,minbias,0,test,21.47359,20.673627853393555,-0.037253340766041476,3,60mm,4.3292828
SubNetW8CleanAuxExDnRcK6Rr01QdEma,minbias,0,test,37.604706,38.61370086669922,0.026831616799122937,0,15mm,1.3696243
SubNetW8CleanAuxExDnRcK6Rr01QdEma,minbias,0,test,38.964314,38.027313232421875,-0.024047652590823754,2,40mm,4.201717
SubNetW8CleanAuxExDnRcK6Rr01QdEma,minbias,0,test,23.508965,21.81592559814453,-0.07201673802568798,4,120mm,4.79976
SubNetW8CleanAuxExDnRcK6Rr01QdEma,minbias,0,test,11.865648,11.416234016418457,-0.03787523808406246,3,60mm,1.6374302
SubNetW8CleanAuxExDnRcK6Rr01QdEma,minbias,0,test,62.741074,61.59300231933594,-0.018298559827462424,0,15mm,1.8909732
SubNetW8CleanAuxExDnRcK6Rr01QdEma,minbias,0,test,63.092926,65.90082550048828,0.044504188535615885,0,15mm,3.0890572
SubNetW8CleanAuxExDnRcK6Rr01QdEma,minbias,0,test,21.743631,16.340961456298828,-0.24847137152218102,1,30mm,2.2963135
SubNetW8CleanAuxExDnRcK6Rr01QdEma,minbias,0,test,22.096418,22.30488395690918,0.009434360473261405,2,40mm,4.3216405
SubNetW8CleanAuxExDnRcK6Rr01QdEma,minbias,0,test,10.925448,12.26303482055664,0.12242851293229684,2,40mm,0.83692974
SubNetW8CleanAuxExDnRcK6Rr01QdEma,minbias,0,test,48.30607,47.486236572265625,-0.01697161195172192,2,40mm,3.9797235
SubNetW8CleanAuxExDnRcK6Rr01QdEma,minbias,0,test,15.141019,16.487590789794922,0.08893535726273316,3,60mm,2.9073987
SubNetW8CleanAuxExDnRcK6Rr01QdEma,minbias,0,test,18.982286,18.562835693359375,-0.022096956597973172,3,60mm,3.6140397
SubNetW8CleanAuxExDnRcK6Rr01QdEma,minbias,0,test,55.252224,54.54540252685547,-0.01279263332555236,2,40mm,3.814284
SubNetW8CleanAuxExDnRcK6Rr01QdEma,minbias,0,test,25.201443,24.73247718811035,-0.0186086779091873,1,30mm,1.71645
SubNetW8CleanAuxExDnRcK6Rr01QdEma,minbias,0,test,26.873514,26.734657287597656,-0.00516705358707481,3,60mm,4.18511
SubNetW8CleanAuxExDnRcK6Rr01QdEma,minbias,0,test,12.062014,12.298002243041992,0.01956461203399318,2,40mm,1.3590416
SubNetW8CleanAuxExDnRcK6Rr01QdEma,minbias,0,test,22.37726,22.84581756591797,0.02093899581226899,3,60mm,4.6952357
SubNetW8CleanAuxExDnRcK6Rr01QdEma,minbias,0,test,3.1866908,3.1798131465911865,-0.0021582453922093237,3,60mm,0.53982735
SubNetW8CleanAuxExDnRcK6Rr01QdEma,minbias,0,test,14.275306,13.642093658447266,-0.04435716479332963,2,40mm,1.4945725
SubNetW8CleanAuxExDnRcK6Rr01QdEma,minbias,0,test,12.852784,12.673120498657227,-0.013978578956143517,3,60mm,1.969168
SubNetW8CleanAuxExDnRcK6Rr01QdEma,minbias,0,test,18.473438,18.08867073059082,-0.020828149414964914,1,30mm,0.7594179
SubNetW8CleanAuxExDnRcK6Rr01QdEma,minbias,0,test,31.638062,30.881229400634766,-0.023921570613359866,3,60mm,4.1039386
SubNetW8CleanAuxExDnRcK6Rr01QdEma,minbias,0,test,6.5094757,6.81484317779541,0.04691122349714605,2,40mm,0.78009695
SubNetW8CleanAuxExDnRcK6Rr01QdEma,minbias,0,test,16.461535,16.097888946533203,-0.02209062305741727,3,60mm,3.7643125
SubNetW8CleanAuxExDnRcK6Rr01QdEma,minbias,0,test,12.676587,12.593856811523438,-0.006526227650233807,3,60mm,2.782439
SubNetW8CleanAuxExDnRcK6Rr01QdEma,minbias,0,test,15.991413,15.798788070678711,-0.01204552995871,2,40mm,1.6006573
SubNetW8CleanAuxExDnRcK6Rr01QdEma,minbias,0,test,11.608721,11.474922180175781,-0.011525697084589615,3,60mm,1.9807221
SubNetW8CleanAuxExDnRcK6Rr01QdEma,minbias,0,test,10.606281,14.48703670501709,0.36589218425009884,1,30mm,0.7017134
SubNetW8CleanAuxExDnRcK6Rr01QdEma,minbias,0,test,24.745754,22.602603912353516,-0.08660678953795087,1,30mm,1.5020746
SubNetW8CleanAuxExDnRcK6Rr01QdEma,minbias,0,test,14.396829,15.54206657409668,0.07954793033914753,3,60mm,2.6176922
SubNetW8CleanAuxExDnRcK6Rr01QdEma,minbias,0,test,19.37921,19.099063873291016,-0.014455989284554605,3,60mm,4.572568
SubNetW8CleanAuxExDnRcK6Rr01QdEma,minbias,0,test,12.589484,12.083291053771973,-0.04020761711717824,2,40mm,1.5941066
SubNetW8CleanAuxExDnRcK6Rr01QdEma,minbias,0,test,25.060785,23.223621368408203,-0.07330831431054974,2,40mm,2.2087102
SubNetW8CleanAuxExDnRcK6Rr01QdEma,minbias,0,test,43.035404,42.08720397949219,-0.022033027070135214,0,15mm,1.3206152
SubNetW8CleanAuxExDnRcK6Rr01QdEma,minbias,0,test,32.79449,33.16188430786133,0.011202902820895755,3,60mm,4.683088
SubNetW8CleanAuxExDnRcK6Rr01QdEma,minbias,0,test,64.53919,65.31462097167969,0.01201485090754173,1,30mm,3.2644866
SubNetW8CleanAuxExDnRcK6Rr01QdEma,minbias,0,test,33.137558,33.152565002441406,0.0004528703971031778,1,30mm,1.5637236
SubNetW8CleanAuxExDnRcK6Rr01QdEma,minbias,0,test,3.6943269,3.6162867546081543,-0.021124314542698253,2,40mm,0.6582881
SubNetW8CleanAuxExDnRcK6Rr01QdEma,minbias,0,test,14.225516,11.82197093963623,-0.1689601505979773,2,40mm,1.0332508
SubNetW8CleanAuxExDnRcK6Rr01QdEma,minbias,0,test,6.212401,5.9755778312683105,-0.038121023623177375,3,60mm,1.3607002
SubNetW8CleanAuxExDnRcK6Rr01QdEma,minbias,0,test,14.238874,14.324731826782227,0.0060297878000679095,3,60mm,2.0509517
SubNetW8CleanAuxExDnRcK6Rr01QdEma,minbias,0,test,18.552237,17.573179244995117,-0.052773007125221594,2,40mm,3.4991245
SubNetW8CleanAuxExDnRcK6Rr01QdEma,minbias,0,test,19.001236,18.780330657958984,-0.01162583867690814,3,60mm,2.570817
SubNetW8CleanAuxExDnRcK6Rr01QdEma,minbias,0,test,44.57909,43.98255920410156,-0.013381406231535276,1,30mm,3.0688891
SubNetW8CleanAuxExDnRcK6Rr01QdEma,minbias,0,test,77.32046,81.32498168945312,0.051791264079193766,1,30mm,3.1390238
SubNetW8CleanAuxExDnRcK6Rr01QdEma,minbias,0,test,12.1070595,11.995529174804688,-0.009212005949978508,3,60mm,1.9609491
SubNetW8CleanAuxExDnRcK6Rr01QdEma,minbias,0,test,51.29213,48.260643005371094,-0.05910237184145917,2,40mm,4.6219397
SubNetW8CleanAuxExDnRcK6Rr01QdEma,minbias,0,test,19.625845,21.780982971191406,0.1098112219188414,1,30mm,1.8013043
SubNetW8CleanAuxExDnRcK6Rr01QdEma,minbias,0,test,68.17557,39.97486114501953,-0.41364828286056665,1,30mm,4.3173428
SubNetW8CleanAuxExDnRcK6Rr01QdEma,minbias,0,test,23.633598,25.299802780151367,0.07050151354083978,3,60mm,3.1648333
SubNetW8CleanAuxExDnRcK6Rr01QdEma,minbias,0,test,28.611471,29.429351806640625,0.028585759378042974,1,30mm,1.3851515
SubNetW8CleanAuxExDnRcK6Rr01QdEma,minbias,0,test,62.070507,54.106929779052734,-0.1282988918416479,0,15mm,2.6560974
SubNetW8CleanAuxExDnRcK6Rr01QdEma,minbias,0,test,10.473695,9.8499755859375,-0.05955102064973572,1,30mm,0.65215313
SubNetW8CleanAuxExDnRcK6Rr01QdEma,minbias,0,test,15.371211,15.111635208129883,-0.016887143305358454,3,60mm,2.5180418
SubNetW8CleanAuxExDnRcK6Rr01QdEma,minbias,0,test,38.251038,37.737186431884766,-0.013433652994630618,3,60mm,4.572467
SubNetW8CleanAuxExDnRcK6Rr01QdEma,minbias,0,test,20.218042,20.3021240234375,0.004158743375165974,3,60mm,4.574826
SubNetW8CleanAuxExDnRcK6Rr01QdEma,minbias,0,test,3.4522576,3.5440926551818848,0.026601439327483156,3,60mm,0.8207659
SubNetW8CleanAuxExDnRcK6Rr01QdEma,minbias,0,test,76.47667,72.3190689086914,-0.05436429750746963,0,15mm,2.6841087
SubNetW8CleanAuxExDnRcK6Rr01QdEma,minbias,0,test,57.64915,59.16357421875,0.02626965615407073,2,40mm,4.6839423
SubNetW8CleanAuxExDnRcK6Rr01QdEma,minbias,0,test,9.344444,9.771355628967285,0.045686114819214696,1,30mm,0.84154046
SubNetW8CleanAuxExDnRcK6Rr01QdEma,minbias,0,test,52.138523,47.87474822998047,-0.08177782219685525,1,30mm,3.4298067
SubNetW8CleanAuxExDnRcK6Rr01QdEma,minbias,0,test,41.195614,38.80531311035156,-0.058023185642839814,2,40mm,3.6310782
SubNetW8CleanAuxExDnRcK6Rr01QdEma,minbias,0,test,5.785152,5.683375358581543,-0.017592727142646702,3,60mm,0.9787413
SubNetW8CleanAuxExDnRcK6Rr01QdEma,minbias,0,test,17.54775,16.853715896606445,-0.03955119931087514,3,60mm,2.832864
SubNetW8CleanAuxExDnRcK6Rr01QdEma,minbias,0,test,26.739143,26.546382904052734,-0.007208924566153407,2,40mm,2.7514663
SubNetW8CleanAuxExDnRcK6Rr01QdEma,minbias,0,test,50.94997,54.139793395996094,0.06260696787993081,1,30mm,3.9230688
SubNetW8CleanAuxExDnRcK6Rr01QdEma,minbias,0,test,27.751356,27.599863052368164,-0.0054589430450917575,1,30mm,2.3052151
SubNetW8CleanAuxExDnRcK6Rr01QdEma,minbias,0,test,18.598867,17.447351455688477,-0.06191323024750994,3,60mm,4.2414284
SubNetW8CleanAuxExDnRcK6Rr01QdEma,minbias,0,test,67.60905,66.78974914550781,-0.012118168021248432,0,15mm,1.9085792
SubNetW8CleanAuxExDnRcK6Rr01QdEma,minbias,0,test,47.504852,47.793582916259766,0.006077918515468239,2,40mm,3.4656541
SubNetW8CleanAuxExDnRcK6Rr01QdEma,minbias,0,test,12.377486,11.465389251708984,-0.07369000137532666,2,40mm,1.3109369
SubNetW8CleanAuxExDnRcK6Rr01QdEma,minbias,0,test,47.258186,47.11280059814453,-0.0030764139178024452,1,30mm,4.049355
SubNetW8CleanAuxExDnRcK6Rr01QdEma,minbias,0,test,11.461097,11.45844841003418,-0.0002310733109827101,2,40mm,1.3500248
SubNetW8CleanAuxExDnRcK6Rr01QdEma,minbias,0,test,5.155241,5.629582405090332,0.09201148721470198,2,40mm,0.6337529
SubNetW8CleanAuxExDnRcK6Rr01QdEma,minbias,0,test,63.096733,58.53550720214844,-0.0722894144831785,0,15mm,2.3312905
SubNetW8CleanAuxExDnRcK6Rr01QdEma,minbias,0,test,42.32476,44.13710403442383,0.042819937518825846,1,30mm,3.0067244
SubNetW8CleanAuxExDnRcK6Rr01QdEma,minbias,0,test,21.646238,21.909635543823242,0.012168267429080837,3,60mm,3.2254488
SubNetW8CleanAuxExDnRcK6Rr01QdEma,minbias,0,test,32.266056,32.07616424560547,-0.005885188286655851,3,60mm,4.3467913
SubNetW8CleanAuxExDnRcK6Rr01QdEma,minbias,0,test,16.549059,16.57520294189453,0.0015797893913804817,4,120mm,3.4441276
SubNetW8CleanAuxExDnRcK6Rr01QdEma,minbias,0,test,71.947525,75.00200653076172,0.04245429575668069,0,15mm,2.0239615
SubNetW8CleanAuxExDnRcK6Rr01QdEma,minbias,0,test,13.620228,16.092870712280273,0.18154196334871053,3,60mm,2.0037632
SubNetW8CleanAuxExDnRcK6Rr01QdEma,minbias,0,test,95.58457,92.70702362060547,-0.030104735130675686,0,15mm,2.7637675
SubNetW8CleanAuxExDnRcK6Rr01QdEma,minbias,0,test,21.140718,21.269018173217773,0.006068843562578863,2,40mm,2.061394
SubNetW8CleanAuxExDnRcK6Rr01QdEma,minbias,0,test,5.836112,5.536713600158691,-0.051301006747655475,3,60mm,0.9775086
SubNetW8CleanAuxExDnRcK6Rr01QdEma,minbias,0,test,25.721294,26.19771385192871,0.018522374550308918,3,60mm,3.2214506
SubNetW8CleanAuxExDnRcK6Rr01QdEma,minbias,0,test,49.669056,48.56780242919922,-0.02217182285244479,1,30mm,2.7767844
SubNetW8CleanAuxExDnRcK6Rr01QdEma,minbias,0,test,8.978126,9.459939002990723,0.053665258623445844,3,60mm,2.0152166
SubNetW8CleanAuxExDnRcK6Rr01QdEma,minbias,0,test,96.37027,98.19151306152344,0.018898393564504623,0,15mm,4.6681523
SubNetW8CleanAuxExDnRcK6Rr01QdEma,minbias,0,test,33.722675,22.534896850585938,-0.33175833072498273,2,40mm,2.1955833
SubNetW8CleanAuxExDnRcK6Rr01QdEma,minbias,0,test,30.939695,30.899473190307617,-0.0013000182291061924,3,60mm,4.7535453
SubNetW8CleanAuxExDnRcK6Rr01QdEma,minbias,0,test,25.887987,26.070425033569336,0.007047202849884471,3,60mm,4.9332056
SubNetW8CleanAuxExDnRcK6Rr01QdEma,minbias,0,test,13.59053,14.002033233642578,0.03027864447959905,3,60mm,2.9822986
SubNetW8CleanAuxExDnRcK6Rr01QdEma,minbias,0,test,44.101513,45.632774353027344,0.034721290565556506,2,40mm,2.7503798
SubNetW8CleanAuxExDnRcK6Rr01QdEma,minbias,0,test,6.4086204,6.319764614105225,-0.013865034664446774,2,40mm,1.0138289
SubNetW8CleanAuxExDnRcK6Rr01QdEma,minbias,0,test,11.192962,11.065667152404785,-0.011372730819497301,2,40mm,1.3627406
SubNetW8CleanAuxExDnRcK6Rr01QdEma,minbias,0,test,36.66087,35.713050842285156,-0.02585368995571169,2,40mm,3.1930144
SubNetW8CleanAuxExDnRcK6Rr01QdEma,minbias,0,test,24.496666,23.31793975830078,-0.04811782135879639,3,60mm,4.0598516
SubNetW8CleanAuxExDnRcK6Rr01QdEma,minbias,0,test,37.225113,37.50273895263672,0.007458030771627211,3,60mm,4.665372
SubNetW8CleanAuxExDnRcK6Rr01QdEma,minbias,0,test,19.068478,20.453794479370117,0.07264957777912473,3,60mm,3.6543393
SubNetW8CleanAuxExDnRcK6Rr01QdEma,minbias,0,test,26.848894,27.252365112304688,0.015027471569211581,3,60mm,4.705751
SubNetW8CleanAuxExDnRcK6Rr01QdEma,minbias,0,test,29.01846,28.29598617553711,-0.024897019395912823,2,40mm,1.958137
SubNetW8CleanAuxExDnRcK6Rr01QdEma,minbias,0,test,53.43913,56.73420333862305,0.06166033264788062,2,40mm,3.3343358
SubNetW8CleanAuxExDnRcK6Rr01QdEma,minbias,0,test,25.052408,25.486360549926758,0.017321781114221446,3,60mm,3.2733834
SubNetW8CleanAuxExDnRcK6Rr01QdEma,minbias,0,test,28.00172,28.615297317504883,0.021912113957623713,2,40mm,2.6385858
SubNetW8CleanAuxExDnRcK6Rr01QdEma,minbias,0,test,97.25417,95.74102783203125,-0.015558668546175936,0,15mm,4.218577
SubNetW8CleanAuxExDnRcK6Rr01QdEma,minbias,0,test,50.9389,51.24312210083008,0.005972294395246935,0,15mm,1.7429848
SubNetW8CleanAuxExDnRcK6Rr01QdEma,minbias,0,test,22.390116,19.26935577392578,-0.13938114481045827,0,15mm,0.5456952
SubNetW8CleanAuxExDnRcK6Rr01QdEma,minbias,0,test,6.1636443,5.969114303588867,-0.031560875404095246,3,60mm,1.3662473
SubNetW8CleanAuxExDnRcK6Rr01QdEma,minbias,0,test,4.742171,4.972443580627441,0.04855851446945536,3,60mm,0.9111218
SubNetW8CleanAuxExDnRcK6Rr01QdEma,minbias,0,test,3.2284136,3.6344549655914307,0.1257711793886218,3,60mm,0.576189
SubNetW8CleanAuxExDnRcK6Rr01QdEma,minbias,0,test,50.031113,49.08290100097656,-0.01895244017775799,2,40mm,4.948556
SubNetW8CleanAuxExDnRcK6Rr01QdEma,minbias,0,test,20.423227,20.646881103515625,0.010950952557016835,4,120mm,4.2795315
SubNetW8CleanAuxExDnRcK6Rr01QdEma,minbias,0,test,70.162766,71.79885864257812,0.023318538371754016,0,15mm,3.8796587
SubNetW8CleanAuxExDnRcK6Rr01QdEma,minbias,0,test,23.230927,22.70867156982422,-0.022481020872770596,2,40mm,2.8469663
SubNetW8CleanAuxExDnRcK6Rr01QdEma,minbias,0,test,62.41681,62.40581512451172,-0.00017613776931602043,0,15mm,2.1287892
SubNetW8CleanAuxExDnRcK6Rr01QdEma,minbias,0,test,38.943947,39.88300704956055,0.02411312379504915,2,40mm,3.2924395
SubNetW8CleanAuxExDnRcK6Rr01QdEma,minbias,0,test,28.625208,28.352205276489258,-0.009537140322469884,2,40mm,2.0467362
SubNetW8CleanAuxExDnRcK6Rr01QdEma,minbias,0,test,24.233042,23.08664321899414,-0.04730724914803852,3,60mm,3.7933073
SubNetW8CleanAuxExDnRcK6Rr01QdEma,minbias,0,test,93.349556,86.5069351196289,-0.07330105407104714,0,15mm,3.269148
SubNetW8CleanAuxExDnRcK6Rr01QdEma,minbias,0,test,25.924301,27.161231994628906,0.04771318000559166,2,40mm,3.511373
SubNetW8CleanAuxExDnRcK6Rr01QdEma,minbias,0,test,15.720882,15.326554298400879,-0.025083077841419943,2,40mm,1.3411587
SubNetW8CleanAuxExDnRcK6Rr01QdEma,minbias,0,test,12.356616,12.082077980041504,-0.02221789846931177,2,40mm,0.9531402
SubNetW8CleanAuxExDnRcK6Rr01QdEma,minbias,0,test,63.538704,63.403194427490234,-0.002132707823891189,1,30mm,3.7920766
SubNetW8CleanAuxExDnRcK6Rr01QdEma,minbias,0,test,35.665333,35.92524719238281,0.007287592119025632,3,60mm,4.564233
SubNetW8CleanAuxExDnRcK6Rr01QdEma,minbias,0,test,12.8497505,13.014081954956055,0.012788686902272195,2,40mm,2.629831
SubNetW8CleanAuxExDnRcK6Rr01QdEma,minbias,0,test,26.150654,26.29855728149414,0.005655821965017349,2,40mm,2.4468904
SubNetW8CleanAuxExDnRcK6Rr01QdEma,minbias,0,test,8.824411,9.107346534729004,0.03206277789437584,2,40mm,0.8748797
SubNetW8CleanAuxExDnRcK6Rr01QdEma,minbias,0,test,37.945034,38.43361282348633,0.012875961477272213,0,15mm,1.19154
SubNetW8CleanAuxExDnRcK6Rr01QdEma,minbias,0,test,10.289953,11.894811630249023,0.1559636241568192,1,30mm,0.62848234
SubNetW8CleanAuxExDnRcK6Rr01QdEma,minbias,0,test,44.6146,44.46662902832031,-0.003316674433219702,2,40mm,4.324509
SubNetW8CleanAuxExDnRcK6Rr01QdEma,minbias,0,test,77.71117,76.18093872070312,-0.01969121983852351,1,30mm,3.446628
SubNetW8CleanAuxExDnRcK6Rr01QdEma,minbias,0,test,10.707844,14.152314186096191,0.32167731208832784,3,60mm,1.4798453
SubNetW8CleanAuxExDnRcK6Rr01QdEma,minbias,0,test,21.83581,21.209897994995117,-0.028664460857040774,2,40mm,2.3205967
SubNetW8CleanAuxExDnRcK6Rr01QdEma,minbias,0,test,18.693441,19.141704559326172,0.023979702771635747,2,40mm,3.4208703
SubNetW8CleanAuxExDnRcK6Rr01QdEma,minbias,0,test,31.698772,31.199745178222656,-0.015742794245191982,3,60mm,4.3544416
SubNetW8CleanAuxExDnRcK6Rr01QdEma,minbias,0,test,39.25565,38.10689163208008,-0.029263505947593305,1,30mm,1.6479425
SubNetW8CleanAuxExDnRcK6Rr01QdEma,minbias,0,test,42.125412,40.733360290527344,-0.03304541442103559,0,15mm,2.1243203
SubNetW8CleanAuxExDnRcK6Rr01QdEma,minbias,0,test,14.124363,15.220390319824219,0.07759835813426008,2,40mm,1.4242678
SubNetW8CleanAuxExDnRcK6Rr01QdEma,minbias,0,test,6.789895,6.709719657897949,-0.011808046972627162,2,40mm,1.4070907
SubNetW8CleanAuxExDnRcK6Rr01QdEma,minbias,0,test,30.034355,31.421119689941406,0.04617260862817063,1,30mm,1.6317315
SubNetW8CleanAuxExDnRcK6Rr01QdEma,minbias,0,test,8.0579195,7.896191120147705,-0.020070736877586093,3,60mm,1.931125
SubNetW8CleanAuxExDnRcK6Rr01QdEma,minbias,0,test,50.698868,51.28553009033203,0.01157150678038077,1,30mm,4.8993087
SubNetW8CleanAuxExDnRcK6Rr01QdEma,minbias,0,test,27.970556,27.225048065185547,-0.026653320265152325,1,30mm,1.3940616
SubNetW8CleanAuxExDnRcK6Rr01QdEma,minbias,0,test,23.58098,19.64105987548828,-0.16708043411003193,0,15mm,0.8424462
SubNetW8CleanAuxExDnRcK6Rr01QdEma,minbias,0,test,32.0798,30.929567337036133,-0.03585534596654483,1,30mm,1.3049977
SubNetW8CleanAuxExDnRcK6Rr01QdEma,minbias,0,test,35.38155,35.97171401977539,0.016679998115376238,1,30mm,2.235945
SubNetW8CleanAuxExDnRcK6Rr01QdEma,minbias,0,test,11.49434,11.24963092803955,-0.02128952302677023,3,60mm,1.575218
SubNetW8CleanAuxExDnRcK6Rr01QdEma,minbias,0,test,42.691257,42.14802169799805,-0.012724754690201512,2,40mm,3.447796
SubNetW8CleanAuxExDnRcK6Rr01QdEma,minbias,0,test,30.776768,29.8754825592041,-0.0292845947759931,2,40mm,2.9548562
SubNetW8CleanAuxExDnRcK6Rr01QdEma,minbias,0,test,54.540318,55.74449157714844,0.022078603428857146,0,15mm,2.5797806
SubNetW8CleanAuxExDnRcK6Rr01QdEma,minbias,0,test,12.265078,12.890847206115723,0.05102043672642265,1,30mm,0.6419911
SubNetW8CleanAuxExDnRcK6Rr01QdEma,minbias,0,test,34.844036,38.00547409057617,0.0907311075846644,1,30mm,2.0419552
SubNetW8CleanAuxExDnRcK6Rr01QdEma,minbias,0,test,19.020773,19.519330978393555,0.026211240003999103,4,120mm,4.143385
SubNetW8CleanAuxExDnRcK6Rr01QdEma,minbias,0,test,58.790726,62.85523986816406,0.06913529491612702,1,30mm,3.4721751
SubNetW8CleanAuxExDnRcK6Rr01QdEma,minbias,0,test,46.55501,46.001853942871094,-0.011881810048199326,2,40mm,3.611277
SubNetW8CleanAuxExDnRcK6Rr01QdEma,minbias,0,test,21.54523,21.513395309448242,-0.0014776149872351985,3,60mm,2.9401875
SubNetW8CleanAuxExDnRcK6Rr01QdEma,minbias,0,test,45.1291,44.05946350097656,-0.023701719724812276,3,60mm,4.832389
SubNetW8CleanAuxExDnRcK6Rr01QdEma,minbias,0,test,96.481514,85.56443786621094,-0.11315199835521439,0,15mm,3.2103658
SubNetW8CleanAuxExDnRcK6Rr01QdEma,minbias,0,test,11.933168,12.425300598144531,0.041240697351215605,1,30mm,1.0133606
SubNetW8CleanAuxExDnRcK6Rr01QdEma,minbias,0,test,4.1542735,4.069144248962402,-0.020491973100074223,3,60mm,0.86448944
SubNetW8CleanAuxExDnRcK6Rr01QdEma,minbias,0,test,20.674896,21.65996742248535,0.04764576183623004,2,40mm,2.071124
SubNetW8CleanAuxExDnRcK6Rr01QdEma,minbias,0,test,83.98567,80.32666778564453,-0.04356700523338575,1,30mm,3.6599312
SubNetW8CleanAuxExDnRcK6Rr01QdEma,minbias,0,test,59.564304,57.40135192871094,-0.036312896568397535,0,15mm,2.2058835
SubNetW8CleanAuxExDnRcK6Rr01QdEma,minbias,0,test,6.01775,5.804015159606934,-0.035517366849295406,3,60mm,1.2656475
SubNetW8CleanAuxExDnRcK6Rr01QdEma,minbias,0,test,28.602737,30.546367645263672,0.06795259451941815,3,60mm,4.200546
SubNetW8CleanAuxExDnRcK6Rr01QdEma,minbias,0,test,21.195488,23.895736694335938,0.12739733670250009,3,60mm,2.4601433
SubNetW8CleanAuxExDnRcK6Rr01QdEma,minbias,0,test,12.621955,12.404504776000977,-0.017227928900159895,2,40mm,1.8660083
SubNetW8CleanAuxExDnRcK6Rr01QdEma,minbias,0,test,8.965347,9.328995704650879,0.04056155359601599,3,60mm,0.91941595
SubNetW8CleanAuxExDnRcK6Rr01QdEma,minbias,0,test,17.496218,16.548049926757812,-0.05419272986093948,2,40mm,1.3687812
SubNetW8CleanAuxExDnRcK6Rr01QdEma,minbias,0,test,13.007053,14.956209182739258,0.1498537563630573,1,30mm,1.0550172
SubNetW8CleanAuxExDnRcK6Rr01QdEma,minbias,0,test,61.466805,61.751773834228516,0.0046361500672058575,1,30mm,4.3644953
SubNetW8CleanAuxExDnRcK6Rr01QdEma,minbias,0,test,23.007153,24.268314361572266,0.0548160751772413,2,40mm,3.5508342
SubNetW8CleanAuxExDnRcK6Rr01QdEma,minbias,0,test,25.05205,26.46221160888672,0.05628928540729672,1,30mm,2.4491663
SubNetW8CleanAuxExDnRcK6Rr01QdEma,minbias,0,test,14.903117,14.948946952819824,0.0030751803395279165,3,60mm,2.2155237
SubNetW8CleanAuxExDnRcK6Rr01QdEma,minbias,0,test,6.7430716,6.572268962860107,-0.025330087603313012,3,60mm,1.2551934
SubNetW8CleanAuxExDnRcK6Rr01QdEma,minbias,0,test,52.13806,51.20574951171875,-0.01788160097397662,0,15mm,1.3066744
SubNetW8CleanAuxExDnRcK6Rr01QdEma,minbias,0,test,17.332075,17.497392654418945,0.009538242493478899,2,40mm,1.2801797
SubNetW8CleanAuxExDnRcK6Rr01QdEma,minbias,0,test,18.937624,18.849609375,-0.004647605357723572,3,60mm,3.7483397
SubNetW8CleanAuxExDnRcK6Rr01QdEma,minbias,0,test,47.550594,68.7220458984375,0.44524052468720066,1,30mm,2.5603826
SubNetW8CleanAuxExDnRcK6Rr01QdEma,minbias,0,test,51.691036,59.94538497924805,0.1596862697635768,1,30mm,3.0786922
SubNetW8CleanAuxExDnRcK6Rr01QdEma,minbias,0,test,26.891155,26.482698440551758,-0.015189261996310321,3,60mm,3.5308275
SubNetW8CleanAuxExDnRcK6Rr01QdEma,minbias,0,test,71.67832,71.13298797607422,-0.007608072403457067,1,30mm,4.7666073
SubNetW8CleanAuxExDnRcK6Rr01QdEma,minbias,0,test,51.247955,51.29281997680664,0.0008754428202821796,1,30mm,3.6301506
SubNetW8CleanAuxExDnRcK6Rr01QdEma,minbias,0,test,51.735554,54.72758865356445,0.05783324417598523,1,30mm,2.5138352
SubNetW8CleanAuxExDnRcK6Rr01QdEma,minbias,0,test,5.89464,5.535363674163818,-0.06094965877568237,2,40mm,0.7218308
SubNetW8CleanAuxExDnRcK6Rr01QdEma,minbias,0,test,11.55109,11.407617568969727,-0.012420703892176088,3,60mm,2.3826602
SubNetW8CleanAuxExDnRcK6Rr01QdEma,minbias,0,test,10.521784,10.546339988708496,0.002333840000217524,2,40mm,1.0012167
SubNetW8CleanAuxExDnRcK6Rr01QdEma,minbias,0,test,30.921984,29.996274948120117,-0.02993691411159305,1,30mm,1.7408581
SubNetW8CleanAuxExDnRcK6Rr01QdEma,minbias,0,test,54.76597,58.12624740600586,0.061357065092845886,1,30mm,3.8353417
SubNetW8CleanAuxExDnRcK6Rr01QdEma,minbias,0,test,91.34198,91.0835189819336,-0.0028295970657787883,0,15mm,2.7605052
SubNetW8CleanAuxExDnRcK6Rr01QdEma,minbias,0,test,31.829672,31.95452308654785,0.0039224792312280155,3,60mm,4.6021934
SubNetW8CleanAuxExDnRcK6Rr01QdEma,minbias,0,test,84.25751,87.9034194946289,0.04327106611854625,1,30mm,3.7673967
SubNetW8CleanAuxExDnRcK6Rr01QdEma,minbias,0,test,82.74635,93.7899398803711,0.1334631232752428,0,15mm,3.1749542
SubNetW8CleanAuxExDnRcK6Rr01QdEma,minbias,0,test,4.854172,4.695979118347168,-0.032589101484616245,3,60mm,0.8749626
SubNetW8CleanAuxExDnRcK6Rr01QdEma,minbias,0,test,18.089577,18.331363677978516,0.013366092557813403,1,30mm,1.0280585
SubNetW8CleanAuxExDnRcK6Rr01QdEma,minbias,0,test,21.077349,20.56231689453125,-0.024435322567523676,3,60mm,3.5592449
SubNetW8CleanAuxExDnRcK6Rr01QdEma,minbias,0,test,24.81664,24.540550231933594,-0.011125221321202972,3,60mm,4.960628
SubNetW8CleanAuxExDnRcK6Rr01QdEma,minbias,0,test,19.978724,20.387304306030273,0.020450795041913272,3,60mm,4.467079
SubNetW8CleanAuxExDnRcK6Rr01QdEma,minbias,0,test,11.667582,11.977587699890137,0.0265698714095548,3,60mm,1.4384236
SubNetW8CleanAuxExDnRcK6Rr01QdEma,minbias,0,test,29.194292,28.31603240966797,-0.030083266165637168,2,40mm,1.8814085
SubNetW8CleanAuxExDnRcK6Rr01QdEma,minbias,0,test,69.937065,68.25770568847656,-0.02401243794038721,0,15mm,2.562468
SubNetW8CleanAuxExDnRcK6Rr01QdEma,minbias,0,test,7.6590586,7.193820476531982,-0.06074350914351134,2,40mm,0.74692875
SubNetW8CleanAuxExDnRcK6Rr01QdEma,minbias,0,test,20.112272,21.666173934936523,0.07726136818736906,0,15mm,0.51683915
SubNetW8CleanAuxExDnRcK6Rr01QdEma,minbias,0,test,63.992012,62.509246826171875,-0.0231710982489427,2,40mm,4.468845
SubNetW8CleanAuxExDnRcK6Rr01QdEma,minbias,0,test,33.210518,31.483469009399414,-0.0520030696290279,1,30mm,1.6668264
SubNetW8CleanAuxExDnRcK6Rr01QdEma,minbias,0,test,36.876225,36.702327728271484,-0.004715688545250507,2,40mm,4.4346814
SubNetW8CleanAuxExDnRcK6Rr01QdEma,minbias,0,test,14.548896,14.089998245239258,-0.03154174693488432,3,60mm,2.3602295
SubNetW8CleanAuxExDnRcK6Rr01QdEma,minbias,0,test,71.74787,73.50768280029297,0.024527715833999375,0,15mm,2.2108874
SubNetW8CleanAuxExDnRcK6Rr01QdEma,minbias,0,test,17.894745,17.932544708251953,0.0021123427840545883,1,30mm,0.9388317
SubNetW8CleanAuxExDnRcK6Rr01QdEma,minbias,0,test,30.004135,29.558502197265625,-0.014852383933488977,2,40mm,2.4846027
SubNetW8CleanAuxExDnRcK6Rr01QdEma,minbias,0,test,65.62878,65.8238754272461,0.0029727641929089277,0,15mm,2.110994
SubNetW8CleanAuxExDnRcK6Rr01QdEma,minbias,0,test,17.069687,17.34976577758789,0.016407968684493124,2,40mm,1.4469311
SubNetW8CleanAuxExDnRcK6Rr01QdEma,minbias,0,test,50.330677,49.63395309448242,-0.01384292799277842,2,40mm,4.8018804
SubNetW8CleanAuxExDnRcK6Rr01QdEma,minbias,0,test,19.282644,9.695069313049316,-0.49721266562996835,1,30mm,1.3397833
SubNetW8CleanAuxExDnRcK6Rr01QdEma,minbias,0,test,12.309078,12.713729858398438,0.032874244092587324,2,40mm,1.7099805
SubNetW8CleanAuxExDnRcK6Rr01QdEma,minbias,0,test,32.49766,32.202125549316406,-0.009094070982186175,2,40mm,3.5475361
SubNetW8CleanAuxExDnRcK6Rr01QdEma,minbias,0,test,8.040978,8.524277687072754,0.06010453323263243,2,40mm,0.8055229
SubNetW8CleanAuxExDnRcK6Rr01QdEma,minbias,0,test,25.842974,25.769737243652344,-0.0028339024091602605,2,40mm,1.7508434
SubNetW8CleanAuxExDnRcK6Rr01QdEma,minbias,0,test,5.924584,6.1250810623168945,0.03384155805753242,3,60mm,0.9564232
SubNetW8CleanAuxExDnRcK6Rr01QdEma,minbias,0,test,43.61573,44.962059020996094,0.030867962694520967,0,15mm,1.3534532
SubNetW8CleanAuxExDnRcK6Rr01QdEma,minbias,0,test,23.283426,23.229209899902344,-0.0023285398044321504,2,40mm,2.4447687
SubNetW8CleanAuxExDnRcK6Rr01QdEma,minbias,0,test,54.59169,60.11275100708008,0.10113372451345426,2,40mm,4.31697
SubNetW8CleanAuxExDnRcK6Rr01QdEma,minbias,0,test,15.261485,14.363780975341797,-0.05882154446836174,3,60mm,3.5844724
SubNetW8CleanAuxExDnRcK6Rr01QdEma,minbias,0,test,24.83766,23.23046112060547,-0.06470813779695994,3,60mm,4.520984
SubNetW8CleanAuxExDnRcK6Rr01QdEma,minbias,0,test,24.24146,24.87410545349121,0.02609762912125535,3,60mm,4.4377694
SubNetW8CleanAuxExDnRcK6Rr01QdEma,minbias,0,test,15.676389,15.914682388305664,0.015200799859592662,1,30mm,0.84538484
SubNetW8CleanAuxExDnRcK6Rr01QdEma,minbias,0,test,14.300319,14.116438865661621,-0.012858444341106057,3,60mm,2.2133715
SubNetW8CleanAuxExDnRcK6Rr01QdEma,minbias,0,test,6.9715576,7.620864391326904,0.09313654276321559,3,60mm,1.1319625
SubNetW8CleanAuxExDnRcK6Rr01QdEma,minbias,0,test,22.307001,23.68949317932129,0.06197570253263418,3,60mm,4.877059
SubNetW8CleanAuxExDnRcK6Rr01QdEma,minbias,0,test,66.10888,65.30057525634766,-0.012226857332057861,1,30mm,3.3067765
SubNetW8CleanAuxExDnRcK6Rr01QdEma,minbias,0,test,9.527599,9.715213775634766,0.019691680383151278,3,60mm,1.3661011
SubNetW8CleanAuxExDnRcK6Rr01QdEma,minbias,0,test,10.584395,10.038337707519531,-0.051590825930935225,2,40mm,1.160129
SubNetW8CleanAuxExDnRcK6Rr01QdEma,minbias,0,test,14.415106,13.872772216796875,-0.037622589087346614,3,60mm,3.1424515
SubNetW8CleanAuxExDnRcK6Rr01QdEma,minbias,0,test,27.763578,35.06806945800781,0.2630961662768303,0,15mm,1.1507736
SubNetW8CleanAuxExDnRcK6Rr01QdEma,minbias,0,test,20.913816,24.56800651550293,0.17472612288908662,3,60mm,2.9757466
SubNetW8CleanAuxExDnRcK6Rr01QdEma,minbias,0,test,37.21471,37.432579040527344,0.005854373272084601,2,40mm,4.0415616
SubNetW8CleanAuxExDnRcK6Rr01QdEma,minbias,0,test,66.20018,82.84850311279297,0.25148455858540797,1,30mm,3.0460634
SubNetW8CleanAuxExDnRcK6Rr01QdEma,minbias,0,test,83.51488,83.73120880126953,0.00259033466703662,0,15mm,4.2954693
SubNetW8CleanAuxExDnRcK6Rr01QdEma,minbias,0,test,21.640104,21.050556182861328,-0.027243311906319678,2,40mm,1.8183122
SubNetW8CleanAuxExDnRcK6Rr01QdEma,minbias,0,test,83.35901,81.65507507324219,-0.02044090663472342,1,30mm,3.8895366
SubNetW8CleanAuxExDnRcK6Rr01QdEma,minbias,0,test,15.622578,15.186306953430176,-0.027925654978249836,2,40mm,2.1606524
SubNetW8CleanAuxExDnRcK6Rr01QdEma,minbias,0,test,66.179146,69.36317443847656,0.04811226537262714,1,30mm,3.808135
SubNetW8CleanAuxExDnRcK6Rr01QdEma,minbias,0,test,14.197218,15.26716136932373,0.07536289380528949,2,40mm,1.0632355
SubNetW8CleanAuxExDnRcK6Rr01QdEma,minbias,0,test,29.85853,28.88408088684082,-0.03263553685532228,1,30mm,1.8064295
SubNetW8CleanAuxExDnRcK6Rr01QdEma,minbias,0,test,41.90892,42.20116424560547,0.006973311541089933,2,40mm,3.9820054
SubNetW8CleanAuxExDnRcK6Rr01QdEma,minbias,0,test,72.823204,69.84182739257812,-0.04093992687124881,1,30mm,3.5654702
SubNetW8CleanAuxExDnRcK6Rr01QdEma,minbias,0,test,3.8561642,4.309047698974609,0.11744403414755533,2,40mm,0.5039627
SubNetW8CleanAuxExDnRcK6Rr01QdEma,minbias,0,test,5.993263,6.916685104370117,0.15407673121574295,2,40mm,0.8086877
SubNetW8CleanAuxExDnRcK6Rr01QdEma,minbias,0,test,95.16623,95.95303344726562,0.008267682826520018,1,30mm,4.0829215
SubNetW8CleanAuxExDnRcK6Rr01QdEma,minbias,0,test,58.03708,41.000545501708984,-0.29354567271667964,0,15mm,1.3909861
SubNetW8CleanAuxExDnRcK6Rr01QdEma,minbias,0,test,27.66025,28.46502113342285,0.029094871947106027,3,60mm,4.8961706
SubNetW8CleanAuxExDnRcK6Rr01QdEma,minbias,0,test,32.96802,22.13630485534668,-0.3285522175690485,1,30mm,2.9153385
SubNetW8CleanAuxExDnRcK6Rr01QdEma,minbias,0,test,15.60557,16.180639266967773,0.03685026778294742,2,40mm,1.4412732
SubNetW8CleanAuxExDnRcK6Rr01QdEma,minbias,0,test,41.07611,39.73086929321289,-0.03274997362520449,2,40mm,4.252521
SubNetW8CleanAuxExDnRcK6Rr01QdEma,minbias,0,test,50.69792,52.49688720703125,0.035484007862661704,2,40mm,3.7075672
SubNetW8CleanAuxExDnRcK6Rr01QdEma,minbias,0,test,58.162376,62.60643005371094,0.07640770416683562,0,15mm,2.9211345
SubNetW8CleanAuxExDnRcK6Rr01QdEma,minbias,0,test,47.119648,47.75168991088867,0.013413553756262075,2,40mm,4.331643
SubNetW8CleanAuxExDnRcK6Rr01QdEma,minbias,0,test,71.91492,69.23261260986328,-0.03729830325210015,0,15mm,1.9527893
SubNetW8CleanAuxExDnRcK6Rr01QdEma,minbias,0,test,5.887382,5.2252068519592285,-0.11247362156877916,4,120mm,1.4034517
SubNetW8CleanAuxExDnRcK6Rr01QdEma,minbias,0,test,10.22712,9.917322158813477,-0.03029183470623087,3,60mm,1.9702438
SubNetW8CleanAuxExDnRcK6Rr01QdEma,minbias,0,test,17.07063,16.848867416381836,-0.012990833667228086,2,40mm,3.1898434
SubNetW8CleanAuxExDnRcK6Rr01QdEma,minbias,0,test,10.351495,10.189181327819824,-0.015680195431702848,3,60mm,1.1296113
SubNetW8CleanAuxExDnRcK6Rr01QdEma,minbias,0,test,25.100718,21.830730438232422,-0.130274646552186,3,60mm,4.4909344
SubNetW8CleanAuxExDnRcK6Rr01QdEma,minbias,0,test,12.856273,12.79265308380127,-0.004948527084376986,3,60mm,2.2508714
SubNetW8CleanAuxExDnRcK6Rr01QdEma,minbias,0,test,35.820713,35.569664001464844,-0.0070084881181786685,2,40mm,2.6019063
SubNetW8CleanAuxExDnRcK6Rr01QdEma,minbias,0,test,11.918008,11.787843704223633,-0.01092163623774367,3,60mm,2.818991
SubNetW8CleanAuxExDnRcK6Rr01QdEma,minbias,0,test,13.507419,13.758583068847656,0.018594554827513265,4,120mm,2.8582063
SubNetW8CleanAuxExDnRcK6Rr01QdEma,minbias,0,test,15.161168,14.509696006774902,-0.04296978223870629,2,40mm,1.5234417
SubNetW8CleanAuxExDnRcK6Rr01QdEma,minbias,0,test,21.010273,26.9774227142334,0.2840110521292216,2,40mm,1.3073213
SubNetW8CleanAuxExDnRcK6Rr01QdEma,minbias,0,test,9.788764,7.984572887420654,-0.18431245380208983,1,30mm,0.67989093
SubNetW8CleanAuxExDnRcK6Rr01QdEma,minbias,0,test,47.40845,47.580631256103516,0.0036318456278929823,0,15mm,1.7308977
SubNetW8CleanAuxExDnRcK6Rr01QdEma,minbias,0,test,39.17496,39.26359939575195,0.0022626265144265467,2,40mm,3.3280656
SubNetW8CleanAuxExDnRcK6Rr01QdEma,minbias,0,test,23.116959,23.623870849609375,0.021928154123484367,4,120mm,4.9316816
SubNetW8CleanAuxExDnRcK6Rr01QdEma,minbias,0,test,44.85791,44.95710754394531,0.0022113689057243757,1,30mm,1.898337
SubNetW8CleanAuxExDnRcK6Rr01QdEma,minbias,0,test,4.5555286,4.074713230133057,-0.10554546980856294,3,60mm,0.67202884
SubNetW8CleanAuxExDnRcK6Rr01QdEma,minbias,0,test,18.966759,18.867168426513672,-0.00525078127168388,3,60mm,4.4406037
SubNetW8CleanAuxExDnRcK6Rr01QdEma,minbias,0,test,47.243237,47.888160705566406,0.013651142703748675,2,40mm,2.9591997
SubNetW8CleanAuxExDnRcK6Rr01QdEma,minbias,0,test,36.5804,30.354530334472656,-0.17019683957130693,1,30mm,2.7492113
SubNetW8CleanAuxExDnRcK6Rr01QdEma,minbias,0,test,25.310234,25.402408599853516,0.0036417889212327914,3,60mm,3.7767675
SubNetW8CleanAuxExDnRcK6Rr01QdEma,minbias,0,test,76.37422,77.67925262451172,0.017087320721137278,1,30mm,3.845047
SubNetW8CleanAuxExDnRcK6Rr01QdEma,minbias,0,test,50.105453,48.76407241821289,-0.026771159215899343,2,40mm,4.681794
SubNetW8CleanAuxExDnRcK6Rr01QdEma,minbias,0,test,64.09834,64.64766693115234,0.008570019298939302,0,15mm,2.1606014
SubNetW8CleanAuxExDnRcK6Rr01QdEma,minbias,0,test,14.0865755,13.580092430114746,-0.035955018145542805,3,60mm,2.9119914
SubNetW8CleanAuxExDnRcK6Rr01QdEma,minbias,0,test,27.258461,25.584774017333984,-0.06140064111804089,2,40mm,2.993232
SubNetW8CleanAuxExDnRcK6Rr01QdEma,minbias,0,test,19.245872,19.532560348510742,0.014896069325436745,2,40mm,2.612797
SubNetW8CleanAuxExDnRcK6Rr01QdEma,minbias,0,test,11.22877,11.101890563964844,-0.011299518040219891,3,60mm,1.9998275
SubNetW8CleanAuxExDnRcK6Rr01QdEma,minbias,0,test,15.170141,16.279895782470703,0.073153871561068,3,60mm,1.7233032
SubNetW8CleanAuxExDnRcK6Rr01QdEma,minbias,0,test,3.1882854,3.5477395057678223,0.11274215304414881,4,120mm,0.6673822
SubNetW8CleanAuxExDnRcK6Rr01QdEma,minbias,0,test,13.573581,14.89095687866211,0.09705442961818611,2,40mm,1.5064491
SubNetW8CleanAuxExDnRcK6Rr01QdEma,minbias,0,test,6.749577,7.246917724609375,0.07368471769718576,2,40mm,1.2556233
SubNetW8CleanAuxExDnRcK6Rr01QdEma,minbias,0,test,61.45666,61.457313537597656,1.0614199005054559e-05,2,40mm,4.2320757
SubNetW8CleanAuxExDnRcK6Rr01QdEma,minbias,0,test,9.067126,8.776468276977539,-0.03205624233571325,3,60mm,1.7778784
SubNetW8CleanAuxExDnRcK6Rr01QdEma,minbias,0,test,14.608139,14.137190818786621,-0.0322387552631771,2,40mm,1.4480013
SubNetW8CleanAuxExDnRcK6Rr01QdEma,minbias,0,test,29.405191,29.671791076660156,0.009066414543261958,2,40mm,4.011279
SubNetW8CleanAuxExDnRcK6Rr01QdEma,minbias,0,test,8.978058,9.267766952514648,0.03226857029229113,2,40mm,0.8834266
SubNetW8CleanAuxExDnRcK6Rr01QdEma,minbias,0,test,37.689457,36.640323638916016,-0.02783625411371282,2,40mm,2.8074377
SubNetW8CleanAuxExDnRcK6Rr01QdEma,minbias,0,test,18.120682,17.20773696899414,-0.050381371167868116,3,60mm,3.0520442
SubNetW8CleanAuxExDnRcK6Rr01QdEma,minbias,0,test,4.678639,4.7712788581848145,0.01980061389241161,3,60mm,0.84977907
SubNetW8CleanAuxExDnRcK6Rr01QdEma,minbias,0,test,59.12592,59.48492431640625,0.006071871327503642,1,30mm,4.0550785
SubNetW8CleanAuxExDnRcK6Rr01QdEma,minbias,0,test,17.054201,16.363483428955078,-0.04050132234493975,2,40mm,1.7430837
SubNetW8CleanAuxExDnRcK6Rr01QdEma,minbias,0,test,68.41964,66.4016342163086,-0.029494533780989318,1,30mm,4.9360414
SubNetW8CleanAuxExDnRcK6Rr01QdEma,minbias,0,test,12.710655,12.744726181030273,0.002680504510474524,3,60mm,2.5194523
SubNetW8CleanAuxExDnRcK6Rr01QdEma,minbias,0,test,68.76008,66.5328140258789,-0.03239182466259993,2,40mm,4.898527
SubNetW8CleanAuxExDnRcK6Rr01QdEma,minbias,0,test,20.183249,19.785940170288086,-0.01968505462426884,2,40mm,4.3240523
SubNetW8CleanAuxExDnRcK6Rr01QdEma,minbias,0,test,44.341045,43.92848587036133,-0.009304235065842437,2,40mm,4.3616066
SubNetW8CleanAuxExDnRcK6Rr01QdEma,minbias,0,test,23.316471,19.772602081298828,-0.15198993893106538,1,30mm,1.1068879
SubNetW8CleanAuxExDnRcK6Rr01QdEma,minbias,0,test,79.74675,82.56391906738281,0.03532644520015471,1,30mm,3.051475
SubNetW8CleanAuxExDnRcK6Rr01QdEma,minbias,0,test,93.592575,94.48587799072266,0.009544591724091278,0,15mm,4.2180767
SubNetW8CleanAuxExDnRcK6Rr01QdEma,minbias,0,test,98.341866,94.76834869384766,-0.036337696321877666,0,15mm,4.78485
SubNetW8CleanAuxExDnRcK6Rr01QdEma,minbias,0,test,25.561808,24.080219268798828,-0.057961016879214844,3,60mm,3.7614136
SubNetW8CleanAuxExDnRcK6Rr01QdEma,minbias,0,test,61.103157,60.155296325683594,-0.015512467172511424,0,15mm,2.4932203
SubNetW8CleanAuxExDnRcK6Rr01QdEma,minbias,0,test,15.84284,15.205721855163574,-0.040214906652383364,3,60mm,2.1525426
SubNetW8CleanAuxExDnRcK6Rr01QdEma,minbias,0,test,28.408327,28.662418365478516,0.008944252926233798,2,40mm,4.8228703
SubNetW8CleanAuxExDnRcK6Rr01QdEma,minbias,0,test,30.877987,28.9464054107666,-0.06255529231714607,2,40mm,3.2211084
SubNetW8CleanAuxExDnRcK6Rr01QdEma,minbias,0,test,5.8426,5.532249927520752,-0.05311846578991608,2,40mm,1.0416021
SubNetW8CleanAuxExDnRcK6Rr01QdEma,minbias,0,test,27.853294,27.179908752441406,-0.024176157086129635,2,40mm,2.3016293
SubNetW8CleanAuxExDnRcK6Rr01QdEma,minbias,0,test,29.395666,30.08053207397461,0.023298194661945715,1,30mm,1.6242552
SubNetW8CleanAuxExDnRcK6Rr01QdEma,minbias,0,test,35.267445,35.38770294189453,0.00340989636835487,2,40mm,4.6633444
SubNetW8CleanAuxExDnRcK6Rr01QdEma,minbias,0,test,10.4894,10.064014434814453,-0.04055384281366203,2,40mm,1.28447
SubNetW8CleanAuxExDnRcK6Rr01QdEma,minbias,0,test,10.920987,10.673494338989258,-0.022662126353044987,2,40mm,0.7228409
SubNetW8CleanAuxExDnRcK6Rr01QdEma,minbias,0,test,21.209927,20.566659927368164,-0.030328566893672804,2,40mm,2.6728504
SubNetW8CleanAuxExDnRcK6Rr01QdEma,minbias,0,test,81.436325,85.52935791015625,0.05026052972347261,0,15mm,2.1761146
SubNetW8CleanAuxExDnRcK6Rr01QdEma,minbias,0,test,25.39379,24.774885177612305,-0.024372263102126923,2,40mm,2.007376
SubNetW8CleanAuxExDnRcK6Rr01QdEma,minbias,0,test,3.7597861,3.5396900177001953,-0.05853952957592179,4,120mm,0.8918179
SubNetW8CleanAuxExDnRcK6Rr01QdEma,minbias,0,test,20.313168,20.070919036865234,-0.01192568979197084,3,60mm,3.5495656
SubNetW8CleanAuxExDnRcK6Rr01QdEma,minbias,0,test,95.84277,92.86607360839844,-0.031058156210835186,0,15mm,2.2042892
SubNetW8CleanAuxExDnRcK6Rr01QdEma,minbias,0,test,17.66367,17.370887756347656,-0.016575368351717135,3,60mm,3.0279264
SubNetW8CleanAuxExDnRcK6Rr01QdEma,minbias,0,test,69.99905,64.93894958496094,-0.07228808114298602,0,15mm,1.5796404
SubNetW8CleanAuxExDnRcK6Rr01QdEma,minbias,0,test,61.19962,61.43891525268555,0.003910089020753071,1,30mm,4.171734
SubNetW8CleanAuxExDnRcK6Rr01QdEma,minbias,0,test,22.65584,23.801607131958008,0.05057270955116455,2,40mm,4.6756635
SubNetW8CleanAuxExDnRcK6Rr01QdEma,minbias,0,test,83.395546,63.39937973022461,-0.23977499036897598,1,30mm,4.753212
SubNetW8CleanAuxExDnRcK6Rr01QdEma,minbias,0,test,8.85743,8.28789234161377,-0.06430060265799165,3,60mm,0.98983574
SubNetW8CleanAuxExDnRcK6Rr01QdEma,minbias,0,test,42.324898,40.31459045410156,-0.04749703881437928,2,40mm,2.6000562
SubNetW8CleanAuxExDnRcK6Rr01QdEma,minbias,0,test,5.280455,6.774110794067383,0.28286495194067274,2,40mm,0.6367506
SubNetW8CleanAuxExDnRcK6Rr01QdEma,minbias,0,test,16.008183,14.692577362060547,-0.08218329354175402,1,30mm,0.96459424
SubNetW8CleanAuxExDnRcK6Rr01QdEma,minbias,0,test,25.725485,52.330726623535156,1.0341978754798031,0,15mm,0.5583222
SubNetW8CleanAuxExDnRcK6Rr01QdEma,minbias,0,test,24.83355,25.192306518554688,0.014446465619021742,3,60mm,3.6000154
SubNetW8CleanAuxExDnRcK6Rr01QdEma,minbias,0,test,18.56517,17.59844398498535,-0.052072040713840084,4,120mm,3.9970872
SubNetW8CleanAuxExDnRcK6Rr01QdEma,minbias,0,test,54.25142,51.98054504394531,-0.04185833407633022,1,30mm,2.5224214
SubNetW8CleanAuxExDnRcK6Rr01QdEma,minbias,0,test,62.971684,61.16370391845703,-0.028710993309828625,0,15mm,2.1230247
SubNetW8CleanAuxExDnRcK6Rr01QdEma,minbias,0,test,98.50556,94.2892837524414,-0.04280243671426032,0,15mm,4.048008
SubNetW8CleanAuxExDnRcK6Rr01QdEma,minbias,0,test,63.88827,66.69197845458984,0.04388453568014716,0,15mm,1.9327607
SubNetW8CleanAuxExDnRcK6Rr01QdEma,minbias,0,test,11.8969555,11.997174263000488,0.00842390080146771,3,60mm,2.105197
SubNetW8CleanAuxExDnRcK6Rr01QdEma,minbias,0,test,23.674383,20.54488182067871,-0.13218935087629546,0,15mm,0.6339007
SubNetW8CleanAuxExDnRcK6Rr01QdEma,minbias,0,test,85.20553,90.2323989868164,0.05899700207529346,0,15mm,1.9826742
SubNetW8CleanAuxExDnRcK6Rr01QdEma,minbias,0,test,40.761078,39.87397003173828,-0.021763601338365524,2,40mm,2.893288
SubNetW8CleanAuxExDnRcK6Rr01QdEma,minbias,0,test,74.74369,73.3834228515625,-0.018199096542188986,1,30mm,4.4084883
SubNetW8CleanAuxExDnRcK6Rr01QdEma,minbias,0,test,3.665881,4.168364524841309,0.13707035703268877,3,60mm,0.84878
SubNetW8CleanAuxExDnRcK6Rr01QdEma,minbias,0,test,7.9030366,7.878445625305176,-0.0031115848689282632,3,60mm,1.6393614
SubNetW8CleanAuxExDnRcK6Rr01QdEma,minbias,0,test,92.81783,94.23503875732422,0.015268680226131925,0,15mm,3.1717293
SubNetW8CleanAuxExDnRcK6Rr01QdEma,minbias,0,test,34.759476,35.080997467041016,0.009249902436219148,1,30mm,2.434293
SubNetW8CleanAuxExDnRcK6Rr01QdEma,minbias,0,test,44.916595,44.941978454589844,0.0005651139705957764,0,15mm,1.5375632
SubNetW8CleanAuxExDnRcK6Rr01QdEma,minbias,0,test,9.630984,8.869871139526367,-0.07902755757876245,3,60mm,1.7694378
SubNetW8CleanAuxExDnRcK6Rr01QdEma,minbias,0,test,91.392136,99.51486206054688,0.08887773970172685,0,15mm,2.2820015
SubNetW8CleanAuxExDnRcK6Rr01QdEma,minbias,0,test,25.13548,24.41684913635254,-0.028590332040772437,3,60mm,4.3542466
SubNetW8CleanAuxExDnRcK6Rr01QdEma,minbias,0,test,50.66686,51.61993408203125,0.018810627575804872,2,40mm,4.0136456
SubNetW8CleanAuxExDnRcK6Rr01QdEma,minbias,0,test,19.413912,18.611474990844727,-0.0413330830012848,2,40mm,2.7179072
SubNetW8CleanAuxExDnRcK6Rr01QdEma,minbias,0,test,19.879507,19.48876953125,-0.01965529287498391,3,60mm,4.3468833
SubNetW8CleanAuxExDnRcK6Rr01QdEma,minbias,0,test,30.63806,30.809904098510742,0.0056088565847569605,2,40mm,2.756583
SubNetW8CleanAuxExDnRcK6Rr01QdEma,minbias,0,test,15.544684,15.720001220703125,0.011278248305514271,3,60mm,2.9081013
SubNetW8CleanAuxExDnRcK6Rr01QdEma,minbias,0,test,11.682274,12.527162551879883,0.07232228048371914,3,60mm,1.9345033
SubNetW8CleanAuxExDnRcK6Rr01QdEma,minbias,0,test,21.178463,21.592247009277344,0.01953796304518507,3,60mm,3.141004
SubNetW8CleanAuxExDnRcK6Rr01QdEma,minbias,0,test,20.317537,19.443283081054688,-0.04302953716499658,2,40mm,4.057601
SubNetW8CleanAuxExDnRcK6Rr01QdEma,minbias,0,test,27.562199,27.435588836669922,-0.00459360314119972,3,60mm,4.780813
SubNetW8CleanAuxExDnRcK6Rr01QdEma,minbias,0,test,34.746326,35.941314697265625,0.03439178678561139,3,60mm,4.131399
SubNetW8CleanAuxExDnRcK6Rr01QdEma,minbias,0,test,30.619558,26.861160278320312,-0.12274501202762,1,30mm,1.3789047
SubNetW8CleanAuxExDnRcK6Rr01QdEma,minbias,0,test,28.016031,27.086353302001953,-0.03318378518550846,2,40mm,3.32646
SubNetW8CleanAuxExDnRcK6Rr01QdEma,minbias,0,test,11.945186,11.103765487670898,-0.07044010846729076,4,120mm,2.4958923
SubNetW8CleanAuxExDnRcK6Rr01QdEma,minbias,0,test,71.33368,72.70691680908203,0.01925090119112105,1,30mm,4.824181
SubNetW8CleanAuxExDnRcK6Rr01QdEma,minbias,0,test,9.461407,9.192611694335938,-0.02840962467105146,2,40mm,1.954819
SubNetW8CleanAuxExDnRcK6Rr01QdEma,minbias,0,test,18.913412,18.900470733642578,-0.0006842425052251411,1,30mm,1.0339096
SubNetW8CleanAuxExDnRcK6Rr01QdEma,minbias,0,test,8.7959,10.182394027709961,0.1576295351815049,4,120mm,1.906115
SubNetW8CleanAuxExDnRcK6Rr01QdEma,minbias,0,test,14.067241,13.806829452514648,-0.01851189353957894,2,40mm,1.8047842
SubNetW8CleanAuxExDnRcK6Rr01QdEma,minbias,0,test,7.5067706,7.785132884979248,0.037081494640198054,2,40mm,0.84203315
SubNetW8CleanAuxExDnRcK6Rr01QdEma,minbias,0,test,29.21798,28.97696304321289,-0.00824890675645007,3,60mm,4.6909356
SubNetW8CleanAuxExDnRcK6Rr01QdEma,minbias,0,test,25.299816,25.676015853881836,0.014869662306370657,3,60mm,3.5544214
SubNetW8CleanAuxExDnRcK6Rr01QdEma,minbias,0,test,17.183285,16.544702529907227,-0.03716298941390761,1,30mm,1.5873684
SubNetW8CleanAuxExDnRcK6Rr01QdEma,minbias,0,test,19.67484,19.50511932373047,-0.00862632658745277,3,60mm,3.207361
SubNetW8CleanAuxExDnRcK6Rr01QdEma,minbias,0,test,21.546347,20.83216667175293,-0.03314622213216478,3,60mm,4.774007
SubNetW8CleanAuxExDnRcK6Rr01QdEma,minbias,0,test,26.714437,25.77996253967285,-0.03498014680646422,2,40mm,3.393929
SubNetW8CleanAuxExDnRcK6Rr01QdEma,minbias,0,test,50.73436,51.618865966796875,0.017434066973500473,2,40mm,4.929371
SubNetW8CleanAuxExDnRcK6Rr01QdEma,minbias,0,test,30.562855,26.186986923217773,-0.14317601798032398,1,30mm,2.3224406
SubNetW8CleanAuxExDnRcK6Rr01QdEma,minbias,0,test,13.201929,13.100115776062012,-0.007712002968094267,2,40mm,1.2955148
SubNetW8CleanAuxExDnRcK6Rr01QdEma,minbias,0,test,22.192322,22.26854133605957,0.0034345013325118856,3,60mm,2.4269772
SubNetW8CleanAuxExDnRcK6Rr01QdEma,minbias,0,test,12.480705,12.324420928955078,-0.01252207539592054,3,60mm,1.5489304
SubNetW8CleanAuxExDnRcK6Rr01QdEma,minbias,0,test,15.714154,15.139098167419434,-0.03659478373064817,1,30mm,0.81090367
SubNetW8CleanAuxExDnRcK6Rr01QdEma,minbias,0,test,18.062658,18.45041275024414,0.021467185707338965,2,40mm,2.1199553
SubNetW8CleanAuxExDnRcK6Rr01QdEma,minbias,0,test,34.67088,34.840545654296875,0.004893625238109989,3,60mm,4.903815
SubNetW8CleanAuxExDnRcK6Rr01QdEma,minbias,0,test,44.601395,43.05332565307617,-0.03470898191137384,0,15mm,1.1330357
SubNetW8CleanAuxExDnRcK6Rr01QdEma,minbias,0,test,14.342132,16.838947296142578,0.17408958086125792,2,40mm,1.6096385
SubNetW8CleanAuxExDnRcK6Rr01QdEma,minbias,0,test,14.26341,13.67101764678955,-0.041532283218495225,4,120mm,3.190401
SubNetW8CleanAuxExDnRcK6Rr01QdEma,minbias,0,test,13.5669565,14.099600791931152,0.03926040973612732,3,60mm,3.1797042
SubNetW8CleanAuxExDnRcK6Rr01QdEma,minbias,0,test,29.29214,28.536022186279297,-0.025812961821888303,2,40mm,2.189166
SubNetW8CleanAuxExDnRcK6Rr01QdEma,minbias,0,test,17.675966,17.41004180908203,-0.015044408310211699,2,40mm,1.6099933
SubNetW8CleanAuxExDnRcK6Rr01QdEma,minbias,0,test,39.183167,43.995113372802734,0.12280648294253527,1,30mm,1.767869
SubNetW8CleanAuxExDnRcK6Rr01QdEma,minbias,0,test,4.360543,3.8579769134521484,-0.11525305145996256,3,60mm,0.68945676
SubNetW8CleanAuxExDnRcK6Rr01QdEma,minbias,0,test,21.40462,18.91227149963379,-0.11643971294360234,1,30mm,1.452865
SubNetW8CleanAuxExDnRcK6Rr01QdEma,minbias,0,test,26.88267,25.269323348999023,-0.060014356197887975,2,40mm,2.935886
SubNetW8CleanAuxExDnRcK6Rr01QdEma,minbias,0,test,88.27138,87.51067352294922,-0.008617788251693681,0,15mm,4.0433555
SubNetW8CleanAuxExDnRcK6Rr01QdEma,minbias,0,test,73.63633,73.76660919189453,0.0017692291513347058,1,30mm,4.0398417
SubNetW8CleanAuxExDnRcK6Rr01QdEma,minbias,0,test,70.665535,69.31806945800781,-0.019068213601564077,1,30mm,3.6786754
SubNetW8CleanAuxExDnRcK6Rr01QdEma,minbias,0,test,55.761135,58.43153762817383,0.047890031686107726,2,40mm,3.7160175
SubNetW8CleanAuxExDnRcK6Rr01QdEma,minbias,0,test,44.76348,45.292457580566406,0.011817142611712184,1,30mm,2.2411954
SubNetW8CleanAuxExDnRcK6Rr01QdEma,minbias,0,test,10.399086,10.284272193908691,-0.011040759220823593,1,30mm,1.0048481
SubNetW8CleanAuxExDnRcK6Rr01QdEma,minbias,0,test,73.763084,75.48576354980469,0.02335421778962643,0,15mm,2.651879
SubNetW8CleanAuxExDnRcK6Rr01QdEma,minbias,0,test,28.980267,28.28421974182129,-0.024017958134280093,2,40mm,2.1494663
SubNetW8CleanAuxExDnRcK6Rr01QdEma,minbias,0,test,74.678406,74.5259780883789,-0.002041121148544711,0,15mm,2.1265283
SubNetW8CleanAuxExDnRcK6Rr01QdEma,minbias,0,test,23.75362,22.352121353149414,-0.05900148212528644,3,60mm,3.6455038
SubNetW8CleanAuxExDnRcK6Rr01QdEma,minbias,0,test,13.957609,13.852134704589844,-0.007556772131322997,3,60mm,2.340335
SubNetW8CleanAuxExDnRcK6Rr01QdEma,minbias,0,test,61.39232,62.75620651245117,0.022215935400022868,0,15mm,1.6708044
SubNetW8CleanAuxExDnRcK6Rr01QdEma,minbias,0,test,84.70152,85.35758972167969,0.007745632813120684,1,30mm,4.8487573
SubNetW8CleanAuxExDnRcK6Rr01QdEma,minbias,0,test,23.84939,24.664722442626953,0.034186719731502446,4,120mm,4.894683
SubNetW8CleanAuxExDnRcK6Rr01QdEma,minbias,0,test,19.816813,19.40209197998047,-0.020927711505520308,4,120mm,4.645565
SubNetW8CleanAuxExDnRcK6Rr01QdEma,minbias,0,test,12.1947975,12.184152603149414,-0.000872906065547574,3,60mm,1.8798198
SubNetW8CleanAuxExDnRcK6Rr01QdEma,minbias,0,test,13.715331,25.994176864624023,0.8952642643183459,0,15mm,0.51961017
SubNetW8CleanAuxExDnRcK6Rr01QdEma,minbias,0,test,20.162287,20.760337829589844,0.029661867144963328,2,40mm,1.775985
SubNetW8CleanAuxExDnRcK6Rr01QdEma,minbias,0,test,23.11459,22.26934242248535,-0.03656769512114422,3,60mm,4.1145353
SubNetW8CleanAuxExDnRcK6Rr01QdEma,minbias,0,test,26.732973,25.82581329345703,-0.0339341158181955,2,40mm,4.7334824
SubNetW8CleanAuxExDnRcK6Rr01QdEma,minbias,0,test,4.104573,5.054462432861328,0.2314222971352058,3,60mm,0.5969962
SubNetW8CleanAuxExDnRcK6Rr01QdEma,minbias,0,test,22.582117,9.378012657165527,-0.5847150812451809,2,40mm,2.1974485
SubNetW8CleanAuxExDnRcK6Rr01QdEma,minbias,0,test,18.724125,18.32866668701172,-0.02112025119300176,3,60mm,2.9563985
SubNetW8CleanAuxExDnRcK6Rr01QdEma,minbias,0,test,13.2142315,13.148519515991211,-0.004972818520847744,3,60mm,1.5099871
SubNetW8CleanAuxExDnRcK6Rr01QdEma,minbias,0,test,21.473454,21.462848663330078,-0.0004938590053856773,3,60mm,3.7114515
SubNetW8CleanAuxExDnRcK6Rr01QdEma,minbias,0,test,10.372876,10.742416381835938,0.03562562673828373,3,60mm,1.5988927
SubNetW8CleanAuxExDnRcK6Rr01QdEma,minbias,0,test,31.207191,31.454936981201172,0.00793873149962021,3,60mm,3.4737365
SubNetW8CleanAuxExDnRcK6Rr01QdEma,minbias,0,test,15.429475,15.56119441986084,0.008536880916512724,2,40mm,1.3594409
SubNetW8CleanAuxExDnRcK6Rr01QdEma,minbias,0,test,26.965727,26.04191017150879,-0.03425892007154996,2,40mm,3.5749629
SubNetW8CleanAuxExDnRcK6Rr01QdEma,minbias,0,test,58.89104,59.748817443847656,0.014565486195593724,1,30mm,3.1100454
SubNetW8CleanAuxExDnRcK6Rr01QdEma,minbias,0,test,52.52576,54.03437805175781,0.028721476518109412,0,15mm,2.0972013
SubNetW8CleanAuxExDnRcK6Rr01QdEma,minbias,0,test,37.49425,37.51327133178711,0.0005072799144318907,1,30mm,2.4214342
SubNetW8CleanAuxExDnRcK6Rr01QdEma,minbias,0,test,71.93631,71.45973205566406,-0.006624995916781229,1,30mm,4.387976
SubNetW8CleanAuxExDnRcK6Rr01QdEma,minbias,0,test,37.086735,35.97897720336914,-0.02986937445902693,2,40mm,3.3162816
SubNetW8CleanAuxExDnRcK6Rr01QdEma,minbias,0,test,37.470795,38.9979248046875,0.04075521056030773,1,30mm,2.0863929
SubNetW8CleanAuxExDnRcK6Rr01QdEma,minbias,0,test,11.166602,11.505805969238281,0.030376638340098294,2,40mm,0.87529445
SubNetW8CleanAuxExDnRcK6Rr01QdEma,minbias,0,test,22.942175,23.11476707458496,0.007522920723589843,1,30mm,1.9398737
SubNetW8CleanAuxExDnRcK6Rr01QdEma,minbias,0,test,21.907845,21.71438217163086,-0.00883073510232435,3,60mm,3.4785101
SubNetW8CleanAuxExDnRcK6Rr01QdEma,minbias,0,test,22.99342,23.387052536010742,0.01711937131724528,1,30mm,1.2844496
SubNetW8CleanAuxExDnRcK6Rr01QdEma,minbias,0,test,39.400646,39.98920822143555,0.014937877124807208,2,40mm,4.274652
SubNetW8CleanAuxExDnRcK6Rr01QdEma,minbias,0,test,24.787693,25.877674102783203,0.043972671359945315,3,60mm,3.2311609
SubNetW8CleanAuxExDnRcK6Rr01QdEma,minbias,0,test,27.597912,27.08794403076172,-0.018478492394977675,3,60mm,4.9644427
SubNetW8CleanAuxExDnRcK6Rr01QdEma,minbias,0,test,42.01844,42.268218994140625,0.005944503082284447,0,15mm,1.7358431
SubNetW8CleanAuxExDnRcK6Rr01QdEma,minbias,0,test,5.723027,5.786168575286865,0.011032857864876178,3,60mm,0.92036414
SubNetW8CleanAuxExDnRcK6Rr01QdEma,minbias,0,test,20.781916,20.37688636779785,-0.019489507291356678,3,60mm,3.209583
SubNetW8CleanAuxExDnRcK6Rr01QdEma,minbias,0,test,6.7791758,6.609391212463379,-0.025045013132904193,3,60mm,0.80209744
SubNetW8CleanAuxExDnRcK6Rr01QdEma,minbias,0,test,15.718198,16.21379280090332,0.03153001278688983,2,40mm,1.5776371
SubNetW8CleanAuxExDnRcK6Rr01QdEma,minbias,0,test,74.27607,76.33882904052734,0.027771520617352108,1,30mm,3.7469258
SubNetW8CleanAuxExDnRcK6Rr01QdEma,minbias,0,test,11.387611,11.139065742492676,-0.021825968429522558,4,120mm,2.6940463
SubNetW8CleanAuxExDnRcK6Rr01QdEma,minbias,0,test,17.38618,18.009077072143555,0.035827085824090776,2,40mm,3.709194
SubNetW8CleanAuxExDnRcK6Rr01QdEma,minbias,0,test,14.57392,15.535115242004395,0.06595308438506486,3,60mm,2.6177068
SubNetW8CleanAuxExDnRcK6Rr01QdEma,minbias,0,test,13.485499,12.925909996032715,-0.04149563691593505,3,60mm,1.499832
SubNetW8CleanAuxExDnRcK6Rr01QdEma,minbias,0,test,24.804426,24.24119758605957,-0.022706778330203514,3,60mm,3.681655
SubNetW8CleanAuxExDnRcK6Rr01QdEma,minbias,0,test,5.8844705,5.622992992401123,-0.04443517425246313,3,60mm,0.96535015
SubNetW8CleanAuxExDnRcK6Rr01QdEma,minbias,0,test,48.03919,56.6954231262207,0.1801911113034551,1,30mm,3.6042902
SubNetW8CleanAuxExDnRcK6Rr01QdEma,minbias,0,test,12.190508,12.301494598388672,0.009104354847819796,2,40mm,1.2297317
SubNetW8CleanAuxExDnRcK6Rr01QdEma,minbias,0,test,39.759647,44.59085464477539,0.12151031498108034,1,30mm,1.6822708
SubNetW8CleanAuxExDnRcK6Rr01QdEma,minbias,0,test,77.12624,80.216552734375,0.04006819208571777,0,15mm,1.828853
SubNetW8CleanAuxExDnRcK6Rr01QdEma,minbias,0,test,4.4563036,4.551815032958984,0.02143288364318141,2,40mm,0.6465154
SubNetW8CleanAuxExDnRcK6Rr01QdEma,minbias,0,test,25.327158,25.824434280395508,0.019634113968020284,3,60mm,3.603223
SubNetW8CleanAuxExDnRcK6Rr01QdEma,minbias,0,test,14.850229,14.15319538116455,-0.046937583910805825,2,40mm,3.1587381
SubNetW8CleanAuxExDnRcK6Rr01QdEma,minbias,0,test,52.479954,54.036617279052734,0.02966205953855061,0,15mm,1.9149764
SubNetW8CleanAuxExDnRcK6Rr01QdEma,minbias,0,test,42.446793,41.81068420410156,-0.014986018010685886,3,60mm,4.748272
SubNetW8CleanAuxExDnRcK6Rr01QdEma,minbias,0,test,41.63082,42.89693069458008,0.030412791033301634,3,60mm,4.3067136
SubNetW8CleanAuxExDnRcK6Rr01QdEma,minbias,0,test,25.44404,25.54835319519043,0.004099698613306391,3,60mm,4.5801015
SubNetW8CleanAuxExDnRcK6Rr01QdEma,minbias,0,test,36.649326,37.11754608154297,0.012775671589017712,2,40mm,4.0406313
SubNetW8CleanAuxExDnRcK6Rr01QdEma,minbias,0,test,20.965918,21.782649993896484,0.03895524263205674,3,60mm,4.4371743
SubNetW8CleanAuxExDnRcK6Rr01QdEma,minbias,0,test,18.21921,17.398122787475586,-0.045067096672746665,1,30mm,0.9665131
SubNetW8CleanAuxExDnRcK6Rr01QdEma,minbias,0,test,6.707101,7.006039619445801,0.044570486875622484,3,60mm,1.1080598
SubNetW8CleanAuxExDnRcK6Rr01QdEma,minbias,0,test,24.987501,25.463293075561523,0.019041196972943375,2,40mm,2.194017
SubNetW8CleanAuxExDnRcK6Rr01QdEma,minbias,0,test,25.50734,25.05175018310547,-0.017861106009694594,3,60mm,4.581349
SubNetW8CleanAuxExDnRcK6Rr01QdEma,minbias,0,test,18.39521,18.638032913208008,0.013200319190808107,3,60mm,2.0950792
SubNetW8CleanAuxExDnRcK6Rr01QdEma,minbias,0,test,22.257702,22.57358741760254,0.014192190443316655,3,60mm,4.3342357
SubNetW8CleanAuxExDnRcK6Rr01QdEma,minbias,0,test,53.42813,25.576459884643555,-0.5212922601561746,1,30mm,3.7430046
SubNetW8CleanAuxExDnRcK6Rr01QdEma,minbias,0,test,45.057056,44.3997688293457,-0.014587894766741716,2,40mm,3.24879
SubNetW8CleanAuxExDnRcK6Rr01QdEma,minbias,0,test,80.65272,79.91764831542969,-0.009114005043649787,0,15mm,2.0162556
SubNetW8CleanAuxExDnRcK6Rr01QdEma,minbias,0,test,31.773308,31.973514556884766,0.0063010989554557195,3,60mm,3.9303916
SubNetW8CleanAuxExDnRcK6Rr01QdEma,minbias,0,test,33.80395,39.0440788269043,0.1550152383856327,2,40mm,2.1203325
SubNetW8CleanAuxExDnRcK6Rr01QdEma,minbias,0,test,13.677498,14.126916885375977,0.0328582775945383,2,40mm,1.0024756
SubNetW8CleanAuxExDnRcK6Rr01QdEma,minbias,0,test,39.858074,34.620574951171875,-0.13140372041875648,2,40mm,4.377811
SubNetW8CleanAuxExDnRcK6Rr01QdEma,minbias,0,test,2.5966659,2.196892023086548,-0.15395659580766352,3,60mm,0.5669168
SubNetW8CleanAuxExDnRcK6Rr01QdEma,minbias,0,test,25.155571,25.31546401977539,0.006356168023023301,3,60mm,2.8683853
SubNetW8CleanAuxExDnRcK6Rr01QdEma,minbias,0,test,18.18611,18.31220054626465,0.006933368740625667,3,60mm,2.6329598
SubNetW8CleanAuxExDnRcK6Rr01QdEma,minbias,0,test,11.264157,10.827948570251465,-0.038725375857492694,3,60mm,1.3446336
SubNetW8CleanAuxExDnRcK6Rr01QdEma,minbias,0,test,9.884506,9.813739776611328,-0.007159330710059253,3,60mm,1.2728802
SubNetW8CleanAuxExDnRcK6Rr01QdEma,minbias,0,test,16.471058,16.136554718017578,-0.02030854217285749,2,40mm,1.1135387
SubNetW8CleanAuxExDnRcK6Rr01QdEma,minbias,0,test,23.892908,22.970630645751953,-0.038600468676469935,3,60mm,4.113089
SubNetW8CleanAuxExDnRcK6Rr01QdEma,minbias,0,test,5.958758,6.794136047363281,0.1401933401571538,4,120mm,1.3789805
SubNetW8CleanAuxExDnRcK6Rr01QdEma,minbias,0,test,9.334048,9.65746021270752,0.034648625348009165,3,60mm,1.245962
SubNetW8CleanAuxExDnRcK6Rr01QdEma,minbias,0,test,41.583782,41.42280960083008,-0.0038710426688930433,2,40mm,3.9300056
SubNetW8CleanAuxExDnRcK6Rr01QdEma,minbias,0,test,25.452692,25.05405044555664,-0.015662059864029798,2,40mm,2.7418017
SubNetW8CleanAuxExDnRcK6Rr01QdEma,minbias,0,test,19.495998,18.979135513305664,-0.02651122856702892,2,40mm,1.6352906
SubNetW8CleanAuxExDnRcK6Rr01QdEma,minbias,0,test,5.520202,6.754755973815918,0.22364286273907164,3,60mm,0.6070523
SubNetW8CleanAuxExDnRcK6Rr01QdEma,minbias,0,test,11.179066,12.23355484008789,0.09432712568567059,3,60mm,2.457179
SubNetW8CleanAuxExDnRcK6Rr01QdEma,minbias,0,test,60.769913,61.4901123046875,0.01185125258090336,1,30mm,2.9706812
SubNetW8CleanAuxExDnRcK6Rr01QdEma,minbias,0,test,36.72373,38.76311111450195,0.0555331126670513,3,60mm,4.580904
SubNetW8CleanAuxExDnRcK6Rr01QdEma,minbias,0,test,31.771147,31.276044845581055,-0.015583382376098354,0,15mm,1.2653879
SubNetW8CleanAuxExDnRcK6Rr01QdEma,minbias,0,test,50.27844,51.854835510253906,0.03135333926496209,3,60mm,4.9406514
SubNetW8CleanAuxExDnRcK6Rr01QdEma,minbias,0,test,21.854256,21.800092697143555,-0.002478372172829868,2,40mm,3.7520084
SubNetW8CleanAuxExDnRcK6Rr01QdEma,minbias,0,test,26.72036,25.50551414489746,-0.04546516837121761,3,60mm,3.3696759
SubNetW8CleanAuxExDnRcK6Rr01QdEma,minbias,0,test,96.02954,97.82865905761719,0.01873504780887636,1,30mm,4.854535
SubNetW8CleanAuxExDnRcK6Rr01QdEma,minbias,0,test,7.976001,7.889158725738525,-0.010887920202242052,3,60mm,0.83812946
SubNetW8CleanAuxExDnRcK6Rr01QdEma,minbias,0,test,6.6329193,7.1385369300842285,0.07622851942166342,3,60mm,0.78904665
SubNetW8CleanAuxExDnRcK6Rr01QdEma,minbias,0,test,20.951092,20.63395881652832,-0.015136822145867534,2,40mm,2.668162
SubNetW8CleanAuxExDnRcK6Rr01QdEma,minbias,0,test,72.653435,73.74761199951172,0.015060227363060452,0,15mm,3.5211473
SubNetW8CleanAuxExDnRcK6Rr01QdEma,minbias,0,test,8.562022,8.617070198059082,0.0064293209649306515,2,40mm,0.7202879
SubNetW8CleanAuxExDnRcK6Rr01QdEma,minbias,0,test,48.67256,48.923301696777344,0.005151568826307518,1,30mm,2.2807894
SubNetW8CleanAuxExDnRcK6Rr01QdEma,minbias,0,test,65.20217,66.3246078491211,0.017214710808186817,0,15mm,1.5598837
SubNetW8CleanAuxExDnRcK6Rr01QdEma,minbias,0,test,25.856487,25.986581802368164,0.005031407662563714,3,60mm,4.7496243
SubNetW8CleanAuxExDnRcK6Rr01QdEma,minbias,0,test,19.3892,19.089426040649414,-0.015460883722188457,2,40mm,4.234234
SubNetW8CleanAuxExDnRcK6Rr01QdEma,minbias,0,test,20.852474,20.865123748779297,0.0006066203944825599,3,60mm,2.5784001
SubNetW8CleanAuxExDnRcK6Rr01QdEma,minbias,0,test,5.4754453,5.680608749389648,0.037469734188603665,3,60mm,1.1440885
SubNetW8CleanAuxExDnRcK6Rr01QdEma,minbias,0,test,56.74534,58.3450927734375,0.028191819407143992,1,30mm,4.9099627
SubNetW8CleanAuxExDnRcK6Rr01QdEma,minbias,0,test,13.350829,12.596033096313477,-0.05653551709046112,2,40mm,1.1757944
SubNetW8CleanAuxExDnRcK6Rr01QdEma,minbias,0,test,25.701805,25.46249008178711,-0.0093112149862844,3,60mm,3.9381561
SubNetW8CleanAuxExDnRcK6Rr01QdEma,minbias,0,test,90.0507,89.0574951171875,-0.011029367222663455,0,15mm,4.2420983
SubNetW8CleanAuxExDnRcK6Rr01QdEma,minbias,0,test,5.6304035,5.228903770446777,-0.07130923154941826,3,60mm,0.97056675
SubNetW8CleanAuxExDnRcK6Rr01QdEma,minbias,0,test,47.508038,47.533836364746094,0.0005430406922399822,0,15mm,1.2521869
SubNetW8CleanAuxExDnRcK6Rr01QdEma,minbias,0,test,22.319185,22.043170928955078,-0.012366684752387336,1,30mm,1.0395092
SubNetW8CleanAuxExDnRcK6Rr01QdEma,minbias,0,test,64.42413,39.77826690673828,-0.3825564292650576,0,15mm,2.5406392
SubNetW8CleanAuxExDnRcK6Rr01QdEma,minbias,0,test,9.600509,10.719526290893555,0.11655815719355678,3,60mm,1.8463541
SubNetW8CleanAuxExDnRcK6Rr01QdEma,minbias,0,test,16.0176,15.609594345092773,-0.0254722794625043,3,60mm,3.4263992
SubNetW8CleanAuxExDnRcK6Rr01QdEma,minbias,0,test,5.6379933,5.427596092224121,-0.03731775313862484,3,60mm,0.9192966
SubNetW8CleanAuxExDnRcK6Rr01QdEma,minbias,0,test,14.464711,14.193192481994629,-0.01877111155021227,3,60mm,2.253671
SubNetW8CleanAuxExDnRcK6Rr01QdEma,minbias,0,test,21.337748,21.3429012298584,0.00024152764897156231,4,120mm,4.942883
SubNetW8CleanAuxExDnRcK6Rr01QdEma,minbias,0,test,19.02219,18.960105895996094,-0.0032637776034868393,3,60mm,2.6450002
SubNetW8CleanAuxExDnRcK6Rr01QdEma,minbias,0,test,23.012547,24.567537307739258,0.0675714339469824,2,40mm,1.6504748
SubNetW8CleanAuxExDnRcK6Rr01QdEma,minbias,0,test,32.43598,31.725717544555664,-0.021897416621956434,3,60mm,4.555519
SubNetW8CleanAuxExDnRcK6Rr01QdEma,minbias,0,test,12.788752,12.877506256103516,0.006940056128354577,2,40mm,1.2611465
SubNetW8CleanAuxExDnRcK6Rr01QdEma,minbias,0,test,10.432051,9.831539154052734,-0.057564094336507554,2,40mm,0.873467
SubNetW8CleanAuxExDnRcK6Rr01QdEma,minbias,0,test,11.073208,11.279559135437012,0.01863518529682806,2,40mm,1.4618232
SubNetW8CleanAuxExDnRcK6Rr01QdEma,minbias,0,test,16.046688,17.73310089111328,0.10509413549320668,3,60mm,1.899638
SubNetW8CleanAuxExDnRcK6Rr01QdEma,minbias,0,test,21.773018,21.279497146606445,-0.022666620646688118,2,40mm,2.1032012
SubNetW8CleanAuxExDnRcK6Rr01QdEma,minbias,0,test,4.3308263,4.0519819259643555,-0.06438594816502818,3,60mm,0.77175283
SubNetW8CleanAuxExDnRcK6Rr01QdEma,minbias,0,test,32.05285,33.215843200683594,0.0362836511489133,1,30mm,1.447791
SubNetW8CleanAuxExDnRcK6Rr01QdEma,minbias,0,test,46.41013,44.335689544677734,-0.044698000688303985,1,30mm,3.1699631
SubNetW8CleanAuxExDnRcK6Rr01QdEma,minbias,0,test,32.097294,32.05928039550781,-0.0011843197256798943,2,40mm,3.2408078
SubNetW8CleanAuxExDnRcK6Rr01QdEma,minbias,0,test,10.765996,10.429450035095215,-0.03126008451616247,3,60mm,1.8220694
SubNetW8CleanAuxExDnRcK6Rr01QdEma,minbias,0,test,23.211098,24.15738868713379,0.04076890207324979,1,30mm,1.1364676
SubNetW8CleanAuxExDnRcK6Rr01QdEma,minbias,0,test,16.25518,16.29966163635254,0.0027364370301496965,3,60mm,2.4660933
SubNetW8CleanAuxExDnRcK6Rr01QdEma,minbias,0,test,22.661133,22.334924697875977,-0.014395048884938588,1,30mm,2.2392492
SubNetW8CleanAuxExDnRcK6Rr01QdEma,minbias,0,test,23.785204,24.388751983642578,0.02537493694015458,2,40mm,2.8469887
SubNetW8CleanAuxExDnRcK6Rr01QdEma,minbias,0,test,16.647388,16.046236038208008,-0.03611091442669856,3,60mm,2.2244973
SubNetW8CleanAuxExDnRcK6Rr01QdEma,minbias,0,test,8.32285,7.947017192840576,-0.045156770126665746,3,60mm,1.2208169
SubNetW8CleanAuxExDnRcK6Rr01QdEma,minbias,0,test,31.77098,31.000244140625,-0.02425914070263191,1,30mm,2.030944
SubNetW8CleanAuxExDnRcK6Rr01QdEma,minbias,0,test,29.23804,27.196483612060547,-0.06982537979591041,1,30mm,1.7424996
SubNetW8CleanAuxExDnRcK6Rr01QdEma,minbias,0,test,16.1739,15.968076705932617,-0.012725680919627447,3,60mm,2.097399
SubNetW8CleanAuxExDnRcK6Rr01QdEma,minbias,0,test,35.651592,36.30885696411133,0.01843577433451493,0,15mm,1.3394997
SubNetW8CleanAuxExDnRcK6Rr01QdEma,minbias,0,test,80.57847,80.13656616210938,-0.005484122121489188,1,30mm,3.842133
SubNetW8CleanAuxExDnRcK6Rr01QdEma,minbias,0,test,82.43471,80.87699890136719,-0.018896272999557095,1,30mm,4.482002
SubNetW8CleanAuxExDnRcK6Rr01QdEma,minbias,0,test,23.858162,23.170007705688477,-0.028843555622922845,2,40mm,2.749995
SubNetW8CleanAuxExDnRcK6Rr01QdEma,minbias,0,test,70.801285,70.73487854003906,-0.0009379243638999446,1,30mm,3.247814
SubNetW8CleanAuxExDnRcK6Rr01QdEma,minbias,0,test,61.881714,64.86675262451172,0.048237816485348306,1,30mm,4.0732746
SubNetW8CleanAuxExDnRcK6Rr01QdEma,minbias,0,test,52.02263,53.171783447265625,0.02208951546553517,1,30mm,2.972731
SubNetW8CleanAuxExDnRcK6Rr01QdEma,minbias,0,test,16.570026,15.747309684753418,-0.04965089935316003,3,60mm,3.521714
SubNetW8CleanAuxExDnRcK6Rr01QdEma,minbias,0,test,17.84136,18.05956268310547,0.012230154529431214,3,60mm,3.1217034
SubNetW8CleanAuxExDnRcK6Rr01QdEma,minbias,0,test,14.72567,14.570743560791016,-0.010520832092048016,3,60mm,2.1434963
SubNetW8CleanAuxExDnRcK6Rr01QdEma,minbias,0,test,48.504337,48.27143096923828,-0.004801763192029407,2,40mm,4.471119
SubNetW8CleanAuxExDnRcK6Rr01QdEma,minbias,0,test,19.153313,18.58618927001953,-0.02960967757740307,3,60mm,2.1234505
SubNetW8CleanAuxExDnRcK6Rr01QdEma,minbias,0,test,18.903725,18.32367706298828,-0.030684302566563404,3,60mm,3.6172225
SubNetW8CleanAuxExDnRcK6Rr01QdEma,minbias,0,test,38.120766,38.821102142333984,0.01837152123508856,3,60mm,4.8926806
SubNetW8CleanAuxExDnRcK6Rr01QdEma,minbias,0,test,18.22854,17.19033432006836,-0.05695497700377894,3,60mm,3.4202209
SubNetW8CleanAuxExDnRcK6Rr01QdEma,minbias,0,test,6.884322,6.654028415679932,-0.03345191366631406,3,60mm,1.4119918
SubNetW8CleanAuxExDnRcK6Rr01QdEma,minbias,0,test,29.977406,30.33531951904297,0.011939457881804616,3,60mm,4.909113
SubNetW8CleanAuxExDnRcK6Rr01QdEma,minbias,0,test,25.08259,24.73189926147461,-0.01398144450922445,3,60mm,3.6040764
SubNetW8CleanAuxExDnRcK6Rr01QdEma,minbias,0,test,38.282684,37.960689544677734,-0.008410977107841111,2,40mm,3.020199
SubNetW8CleanAuxExDnRcK6Rr01QdEma,minbias,0,test,20.027794,20.04042625427246,0.0006307419613018617,3,60mm,2.9639266
SubNetW8CleanAuxExDnRcK6Rr01QdEma,minbias,0,test,21.294365,20.686176300048828,-0.028561012792470364,2,40mm,1.786922
SubNetW8CleanAuxExDnRcK6Rr01QdEma,minbias,0,test,47.90569,48.71975326538086,0.01699305528846562,2,40mm,4.0543137
SubNetW8CleanAuxExDnRcK6Rr01QdEma,minbias,0,test,42.54297,43.03954315185547,0.011672302531906986,2,40mm,2.5190287
SubNetW8CleanAuxExDnRcK6Rr01QdEma,minbias,0,test,9.853215,10.29042911529541,0.044372713682793385,4,120mm,2.0848699
SubNetW8CleanAuxExDnRcK6Rr01QdEma,minbias,0,test,51.74318,50.05220031738281,-0.03268023005324916,1,30mm,2.913932
SubNetW8CleanAuxExDnRcK6Rr01QdEma,minbias,0,test,45.73467,45.22673797607422,-0.011106033337534349,2,40mm,2.8670273
SubNetW8CleanAuxExDnRcK6Rr01QdEma,minbias,0,test,7.1354976,8.31541633605957,0.16535900327066755,3,60mm,1.3260279
SubNetW8CleanAuxExDnRcK6Rr01QdEma,minbias,0,test,30.281551,29.532184600830078,-0.02474664363520518,2,40mm,2.7753382
SubNetW8CleanAuxExDnRcK6Rr01QdEma,minbias,0,test,31.479198,32.29940414428711,0.026055481991637652,2,40mm,4.3320436
SubNetW8CleanAuxExDnRcK6Rr01QdEma,minbias,0,test,12.829305,17.19379234313965,0.34019674111155984,3,60mm,2.254323
SubNetW8CleanAuxExDnRcK6Rr01QdEma,minbias,0,test,65.82968,65.29955291748047,-0.008053031212638007,2,40mm,4.3328366
SubNetW8CleanAuxExDnRcK6Rr01QdEma,minbias,0,test,33.57402,34.37384796142578,0.023822811998507554,2,40mm,3.5315843
SubNetW8CleanAuxExDnRcK6Rr01QdEma,minbias,0,test,23.539186,24.0389347076416,0.021230480095594473,1,30mm,1.9980369
SubNetW8CleanAuxExDnRcK6Rr01QdEma,minbias,0,test,10.045278,9.056218147277832,-0.09846014098040323,2,40mm,0.7069429
SubNetW8CleanAuxExDnRcK6Rr01QdEma,minbias,0,test,88.4377,90.53350830078125,0.023698151074569962,0,15mm,2.9734023
SubNetW8CleanAuxExDnRcK6Rr01QdEma,minbias,0,test,16.908005,17.276079177856445,0.02176924021034532,1,30mm,0.90703917
SubNetW8CleanAuxExDnRcK6Rr01QdEma,minbias,0,test,46.87366,47.561737060546875,0.014679374386426636,1,30mm,2.9278417
SubNetW8CleanAuxExDnRcK6Rr01QdEma,minbias,0,test,22.296425,21.545734405517578,-0.033668647091451454,3,60mm,4.4724092
SubNetW8CleanAuxExDnRcK6Rr01QdEma,minbias,0,test,84.54456,86.07022094726562,0.01804560334072569,0,15mm,3.249622
SubNetW8CleanAuxExDnRcK6Rr01QdEma,minbias,0,test,26.25942,26.96990394592285,0.02705633027465626,2,40mm,3.1583853
SubNetW8CleanAuxExDnRcK6Rr01QdEma,minbias,0,test,10.617547,11.11740779876709,0.047078742565662246,2,40mm,1.1417816
SubNetW8CleanAuxExDnRcK6Rr01QdEma,minbias,0,test,9.215236,9.095121383666992,-0.013034319496009195,2,40mm,1.054672
SubNetW8CleanAuxExDnRcK6Rr01QdEma,minbias,0,test,97.87734,95.20233917236328,-0.02733015620338919,1,30mm,4.358648
SubNetW8CleanAuxExDnRcK6Rr01QdEma,minbias,0,test,19.15807,19.16950035095215,0.0005966540778263862,2,40mm,3.4115255
SubNetW8CleanAuxExDnRcK6Rr01QdEma,minbias,0,test,55.48886,54.432899475097656,-0.019030154669934296,0,15mm,1.4836073
SubNetW8CleanAuxExDnRcK6Rr01QdEma,minbias,0,test,14.260432,13.994782447814941,-0.018628453261376965,2,40mm,1.3825152
SubNetW8CleanAuxExDnRcK6Rr01QdEma,minbias,0,test,12.731569,12.797259330749512,0.0051596185113758075,3,60mm,3.0369403
SubNetW8CleanAuxExDnRcK6Rr01QdEma,minbias,0,test,45.980633,48.92390441894531,0.06401111639586254,1,30mm,3.095145
SubNetW8CleanAuxExDnRcK6Rr01QdEma,minbias,0,test,25.142221,24.466543197631836,-0.026874246354718023,0,15mm,1.3016326
SubNetW8CleanAuxExDnRcK6Rr01QdEma,minbias,0,test,27.25832,25.719858169555664,-0.05644007750218494,2,40mm,3.6466227
SubNetW8CleanAuxExDnRcK6Rr01QdEma,minbias,0,test,32.167625,32.90185546875,0.02282512407278947,2,40mm,3.4520307
SubNetW8CleanAuxExDnRcK6Rr01QdEma,minbias,0,test,6.312669,7.677186012268066,0.21615536234651533,3,60mm,1.1662946
SubNetW8CleanAuxExDnRcK6Rr01QdEma,minbias,0,test,6.8063335,7.151491641998291,0.05071131145790675,2,40mm,0.81359774
SubNetW8CleanAuxExDnRcK6Rr01QdEma,minbias,0,test,9.113866,9.431640625,0.03486717687005436,3,60mm,1.3634634
SubNetW8CleanAuxExDnRcK6Rr01QdEma,minbias,0,test,22.755995,22.748600006103516,-0.0003249601133882285,3,60mm,4.2302756
SubNetW8CleanAuxExDnRcK6Rr01QdEma,minbias,0,test,9.926648,9.783824920654297,-0.014387859555983429,3,60mm,1.7411759
SubNetW8CleanAuxExDnRcK6Rr01QdEma,minbias,0,test,46.85099,44.90986633300781,-0.041431866224447944,2,40mm,4.912163
SubNetW8CleanAuxExDnRcK6Rr01QdEma,minbias,0,test,96.34524,96.59090423583984,0.002549856222159974,1,30mm,4.3180933
SubNetW8CleanAuxExDnRcK6Rr01QdEma,minbias,0,test,19.301016,18.2497501373291,-0.05446685938767848,3,60mm,4.3594093
SubNetW8CleanAuxExDnRcK6Rr01QdEma,minbias,0,test,17.410711,17.24327850341797,-0.009616653924141016,3,60mm,3.1688006
SubNetW8CleanAuxExDnRcK6Rr01QdEma,minbias,0,test,17.722559,17.62835121154785,-0.005315697569611699,3,60mm,3.7213736
SubNetW8CleanAuxExDnRcK6Rr01QdEma,minbias,0,test,37.976345,38.24713897705078,0.007130594435852178,2,40mm,3.2634332
SubNetW8CleanAuxExDnRcK6Rr01QdEma,minbias,0,test,17.190964,18.817459106445312,0.09461339023474502,3,60mm,1.8193926
SubNetW8CleanAuxExDnRcK6Rr01QdEma,minbias,0,test,8.011042,9.445283889770508,0.1790331785510464,1,30mm,0.5468571
SubNetW8CleanAuxExDnRcK6Rr01QdEma,minbias,0,test,27.96192,27.30856704711914,-0.02336580400991839,3,60mm,3.937845
SubNetW8CleanAuxExDnRcK6Rr01QdEma,minbias,0,test,15.516316,14.1287260055542,-0.08942782367366464,2,40mm,2.033199
SubNetW8CleanAuxExDnRcK6Rr01QdEma,minbias,0,test,22.055363,20.941354751586914,-0.05050961822348898,3,60mm,2.5024433
SubNetW8CleanAuxExDnRcK6Rr01QdEma,minbias,0,test,14.732982,12.962639808654785,-0.12016181865976516,3,60mm,3.383825
SubNetW8CleanAuxExDnRcK6Rr01QdEma,minbias,0,test,41.57542,26.23120880126953,-0.3690693067744393,2,40mm,2.7325783
SubNetW8CleanAuxExDnRcK6Rr01QdEma,minbias,0,test,28.885035,31.77946662902832,0.10020524856021273,2,40mm,3.1433902
SubNetW8CleanAuxExDnRcK6Rr01QdEma,minbias,0,test,23.937984,23.688201904296875,-0.01043456948536614,2,40mm,3.032871
SubNetW8CleanAuxExDnRcK6Rr01QdEma,minbias,0,test,11.123297,10.843958854675293,-0.025112868026758717,1,30mm,0.6296462
SubNetW8CleanAuxExDnRcK6Rr01QdEma,minbias,0,test,13.073644,12.45911979675293,-0.047004790896064685,1,30mm,0.78634965
SubNetW8CleanAuxExDnRcK6Rr01QdEma,minbias,0,test,44.200165,44.59230041503906,0.00887181353138855,2,40mm,4.581619
SubNetW8CleanAuxExDnRcK6Rr01QdEma,minbias,0,test,5.6861277,5.866003036499023,0.03163407234445148,3,60mm,0.9586763
SubNetW8CleanAuxExDnRcK6Rr01QdEma,minbias,0,test,36.189434,35.76218795776367,-0.011805824129270448,2,40mm,3.9770937
SubNetW8CleanAuxExDnRcK6Rr01QdEma,minbias,0,test,19.63755,19.504253387451172,-0.006787861222494862,3,60mm,3.9562843
SubNetW8CleanAuxExDnRcK6Rr01QdEma,minbias,0,test,7.5675993,7.290050029754639,-0.03667599934116372,2,40mm,1.3948989
SubNetW8CleanAuxExDnRcK6Rr01QdEma,minbias,0,test,18.474628,18.440107345581055,-0.0018685681826582368,3,60mm,3.9030645
SubNetW8CleanAuxExDnRcK6Rr01QdEma,minbias,0,test,15.848922,16.19314193725586,0.021718837805307034,2,40mm,2.9109044
SubNetW8CleanAuxExDnRcK6Rr01QdEma,minbias,0,test,9.165119,9.51282787322998,0.03793826305960124,3,60mm,1.5181494
SubNetW8CleanAuxExDnRcK6Rr01QdEma,minbias,0,test,84.49757,82.98601531982422,-0.01788869160241313,0,15mm,2.4029696
SubNetW8CleanAuxExDnRcK6Rr01QdEma,minbias,0,test,15.543243,13.605687141418457,-0.12465585308675664,1,30mm,0.9592685
SubNetW8CleanAuxExDnRcK6Rr01QdEma,minbias,0,test,20.620712,20.012845993041992,-0.029478433090449285,1,30mm,1.1264619
SubNetW8CleanAuxExDnRcK6Rr01QdEma,minbias,0,test,77.495605,76.77092742919922,-0.009351214629105709,1,30mm,3.710347
SubNetW8CleanAuxExDnRcK6Rr01QdEma,minbias,0,test,34.870617,36.23811721801758,0.039216406999446285,1,30mm,1.434899
SubNetW8CleanAuxExDnRcK6Rr01QdEma,minbias,0,test,14.694048,13.846548080444336,-0.057676404185769026,3,60mm,2.1694977
SubNetW8CleanAuxExDnRcK6Rr01QdEma,minbias,0,test,4.3208756,4.326079368591309,0.0012043216087167519,3,60mm,0.88309616
SubNetW8CleanAuxExDnRcK6Rr01QdEma,minbias,0,test,9.389531,9.933917999267578,0.057978066833055175,1,30mm,0.55560434
SubNetW8CleanAuxExDnRcK6Rr01QdEma,minbias,0,test,60.48678,62.526084899902344,0.0337149158760528,0,15mm,1.3026768
SubNetW8CleanAuxExDnRcK6Rr01QdEma,minbias,0,test,45.352844,45.123069763183594,-0.005066374093109394,2,40mm,4.903619
SubNetW8CleanAuxExDnRcK6Rr01QdEma,minbias,0,test,15.507894,15.803589820861816,0.019067467632318813,2,40mm,2.8273292
SubNetW8CleanAuxExDnRcK6Rr01QdEma,minbias,0,test,9.705451,10.18156909942627,0.049056771003909594,3,60mm,1.4215147
SubNetW8CleanAuxExDnRcK6Rr01QdEma,minbias,0,test,32.31549,30.772066116333008,-0.047761137826112465,2,40mm,4.3864913
SubNetW8CleanAuxExDnRcK6Rr01QdEma,minbias,0,test,44.79251,42.142879486083984,-0.05915344868817196,1,30mm,2.79347
SubNetW8CleanAuxExDnRcK6Rr01QdEma,minbias,0,test,12.064933,12.137617111206055,0.006024425422846091,3,60mm,1.7414935
SubNetW8CleanAuxExDnRcK6Rr01QdEma,minbias,0,test,13.541285,13.086552619934082,-0.0335811524504499,3,60mm,3.2598057
SubNetW8CleanAuxExDnRcK6Rr01QdEma,minbias,0,test,12.908552,12.134284019470215,-0.05998102189500609,2,40mm,1.628232
SubNetW8CleanAuxExDnRcK6Rr01QdEma,minbias,0,test,10.826193,10.094794273376465,-0.06755824436143276,3,60mm,2.0526536
SubNetW8CleanAuxExDnRcK6Rr01QdEma,minbias,0,test,42.286266,41.79482650756836,-0.011621735897341723,3,60mm,4.667293
SubNetW8CleanAuxExDnRcK6Rr01QdEma,minbias,0,test,10.894315,11.613480567932129,0.06601294505011013,2,40mm,0.875432
SubNetW8CleanAuxExDnRcK6Rr01QdEma,minbias,0,test,15.969416,15.516111373901367,-0.02838577818312249,4,120mm,3.3348992
SubNetW8CleanAuxExDnRcK6Rr01QdEma,minbias,0,test,24.562426,24.917022705078125,0.014436566536869533,3,60mm,3.2985802
SubNetW8CleanAuxExDnRcK6Rr01QdEma,minbias,0,test,26.00989,26.214242935180664,0.007856755089749479,3,60mm,4.569671
SubNetW8CleanAuxExDnRcK6Rr01QdEma,minbias,0,test,21.14287,21.3470458984375,0.009656964716043381,3,60mm,3.7534316
SubNetW8CleanAuxExDnRcK6Rr01QdEma,minbias,0,test,6.045235,5.3924560546875,-0.10798241679120879,2,40mm,0.759515
SubNetW8CleanAuxExDnRcK6Rr01QdEma,minbias,0,test,8.943411,8.298527717590332,-0.07210707021633755,2,40mm,1.1845397
SubNetW8CleanAuxExDnRcK6Rr01QdEma,minbias,0,test,20.585005,18.92137336730957,-0.08081763666541242,2,40mm,1.6287836
SubNetW8CleanAuxExDnRcK6Rr01QdEma,minbias,0,test,40.27988,38.95865249633789,-0.032801190325452034,0,15mm,1.7426004
SubNetW8CleanAuxExDnRcK6Rr01QdEma,minbias,0,test,67.20327,65.22557830810547,-0.029428503279855578,1,30mm,3.8917625
SubNetW8CleanAuxExDnRcK6Rr01QdEma,minbias,0,test,92.943634,97.14398193359375,0.045192421665910976,0,15mm,2.0452685
SubNetW8CleanAuxExDnRcK6Rr01QdEma,minbias,0,test,40.63979,40.105369567871094,-0.013150166842243127,1,30mm,4.130379
SubNetW8CleanAuxExDnRcK6Rr01QdEma,minbias,0,test,86.95463,88.58309936523438,0.018727828663535506,1,30mm,4.469045
SubNetW8CleanAuxExDnRcK6Rr01QdEma,minbias,0,test,53.832066,53.84714126586914,0.00028005025314725707,1,30mm,3.668419
SubNetW8CleanAuxExDnRcK6Rr01QdEma,minbias,0,test,20.159143,20.509241104125977,0.017366693042054182,2,40mm,2.0619397
SubNetW8CleanAuxExDnRcK6Rr01QdEma,minbias,0,test,20.94764,20.09192657470703,-0.040850086810076625,4,120mm,4.752045
SubNetW8CleanAuxExDnRcK6Rr01QdEma,minbias,0,test,37.610546,38.30067443847656,0.018349330115010387,3,60mm,4.0850315
SubNetW8CleanAuxExDnRcK6Rr01QdEma,minbias,0,test,32.59588,31.920076370239258,-0.020732750882582085,3,60mm,4.675793
SubNetW8CleanAuxExDnRcK6Rr01QdEma,minbias,0,test,17.59615,14.581491470336914,-0.17132486762163368,2,40mm,1.3662758
SubNetW8CleanAuxExDnRcK6Rr01QdEma,minbias,0,test,60.370872,57.823787689208984,-0.042190624434864876,2,40mm,4.9102716
SubNetW8CleanAuxExDnRcK6Rr01QdEma,minbias,0,test,6.1051464,6.436375141143799,0.054254019629130346,3,60mm,1.167475
SubNetW8CleanAuxExDnRcK6Rr01QdEma,minbias,0,test,15.156878,15.21256160736084,0.003673786531408263,4,120mm,3.2615201
SubNetW8CleanAuxExDnRcK6Rr01QdEma,minbias,0,test,40.620995,39.96165084838867,-0.016231599607458347,0,15mm,1.4076625
SubNetW8CleanAuxExDnRcK6Rr01QdEma,minbias,0,test,23.8718,23.794586181640625,-0.0032344979880466473,1,30mm,2.0340955
SubNetW8CleanAuxExDnRcK6Rr01QdEma,minbias,0,test,61.089302,60.87704849243164,-0.003474480201751007,1,30mm,2.6038525
SubNetW8CleanAuxExDnRcK6Rr01QdEma,minbias,0,test,3.6289427,3.332110643386841,-0.08179574793561661,3,60mm,0.8493674
SubNetW8CleanAuxExDnRcK6Rr01QdEma,minbias,0,test,59.971138,60.03969955444336,0.001143242503661046,1,30mm,4.0755405
SubNetW8CleanAuxExDnRcK6Rr01QdEma,minbias,0,test,11.569878,11.760885238647461,0.01650904359879113,3,60mm,2.0237806
SubNetW8CleanAuxExDnRcK6Rr01QdEma,minbias,0,test,21.430967,20.9582576751709,-0.02205731773383035,2,40mm,2.2638705
SubNetW8CleanAuxExDnRcK6Rr01QdEma,minbias,0,test,18.837746,20.01761245727539,0.06263312031383084,3,60mm,4.007795
SubNetW8CleanAuxExDnRcK6Rr01QdEma,minbias,0,test,7.610078,7.939388275146484,0.04327293666652254,2,40mm,0.5828843
SubNetW8CleanAuxExDnRcK6Rr01QdEma,minbias,0,test,26.471624,27.10368537902832,0.023876925559965567,2,40mm,2.071574
SubNetW8CleanAuxExDnRcK6Rr01QdEma,minbias,0,test,39.650036,39.407283782958984,-0.006122367103619908,2,40mm,4.1107197
SubNetW8CleanAuxExDnRcK6Rr01QdEma,minbias,0,test,15.801342,15.51102352142334,-0.018373027359437355,3,60mm,2.3413637
SubNetW8CleanAuxExDnRcK6Rr01QdEma,minbias,0,test,24.696613,24.235244750976562,-0.01868145056841375,3,60mm,2.9412508
SubNetW8CleanAuxExDnRcK6Rr01QdEma,minbias,0,test,12.777488,12.624267578125,-0.011991416437785896,4,120mm,2.9116125
SubNetW8CleanAuxExDnRcK6Rr01QdEma,minbias,0,test,21.907896,26.36482048034668,0.20343918146948203,2,40mm,2.2630553
SubNetW8CleanAuxExDnRcK6Rr01QdEma,minbias,0,test,19.524178,18.89829444885254,-0.032056822919862005,4,120mm,4.580274
SubNetW8CleanAuxExDnRcK6Rr01QdEma,minbias,0,test,31.8267,34.39191436767578,0.0805994382117079,1,30mm,1.2619872
SubNetW8CleanAuxExDnRcK6Rr01QdEma,minbias,0,test,15.952919,16.783950805664062,0.05209277367895737,2,40mm,1.7540778
SubNetW8CleanAuxExDnRcK6Rr01QdEma,minbias,0,test,5.171138,5.184351444244385,0.0025552663605374892,4,120mm,1.1798134
SubNetW8CleanAuxExDnRcK6Rr01QdEma,minbias,0,test,22.032799,20.783416748046875,-0.05670555212936257,3,60mm,3.572262
SubNetW8CleanAuxExDnRcK6Rr01QdEma,minbias,0,test,91.78832,89.21837615966797,-0.027998619219759435,0,15mm,2.6273003
SubNetW8CleanAuxExDnRcK6Rr01QdEma,minbias,0,test,48.97421,49.90763854980469,0.019059618119072752,1,30mm,2.4381104
SubNetW8CleanAuxExDnRcK6Rr01QdEma,minbias,0,test,16.78974,16.543235778808594,-0.01468181375650246,3,60mm,2.7929022
SubNetW8CleanAuxExDnRcK6Rr01QdEma,minbias,0,test,24.134256,22.4303035736084,-0.07060307820070033,0,15mm,1.1567748
SubNetW8CleanAuxExDnRcK6Rr01QdEma,minbias,0,test,2.507522,2.3012473583221436,-0.08226238458313007,3,60mm,0.5523506
SubNetW8CleanAuxExDnRcK6Rr01QdEma,minbias,0,test,11.991759,11.63436222076416,-0.029803556802617037,3,60mm,2.1799977
SubNetW8CleanAuxExDnRcK6Rr01QdEma,minbias,0,test,52.54707,53.71701431274414,0.022264700452613084,0,15mm,1.1929433
SubNetW8CleanAuxExDnRcK6Rr01QdEma,minbias,0,test,52.300087,50.59906005859375,-0.03252436114138468,1,30mm,2.9183981
SubNetW8CleanAuxExDnRcK6Rr01QdEma,minbias,0,test,8.502281,9.697762489318848,0.1406071234042019,3,60mm,1.4883978
SubNetW8CleanAuxExDnRcK6Rr01QdEma,minbias,0,test,33.751812,33.10142517089844,-0.01926968574798238,3,60mm,4.5666866
SubNetW8CleanAuxExDnRcK6Rr01QdEma,minbias,0,test,33.297165,33.887420654296875,0.01772690674344668,2,40mm,2.891045
SubNetW8CleanAuxExDnRcK6Rr01QdEma,minbias,0,test,5.1916995,4.01361608505249,-0.22691671940926816,2,40mm,0.92022836
SubNetW8CleanAuxExDnRcK6Rr01QdEma,minbias,0,test,17.617205,19.513729095458984,0.10765183610352369,3,60mm,3.8111079
SubNetW8CleanAuxExDnRcK6Rr01QdEma,minbias,0,test,14.377309,14.51784896850586,0.009775134171207123,3,60mm,2.2608726
SubNetW8CleanAuxExDnRcK6Rr01QdEma,minbias,0,test,40.90731,40.80717849731445,-0.002447777361458403,2,40mm,2.7449293
SubNetW8CleanAuxExDnRcK6Rr01QdEma,minbias,0,test,10.289897,10.331558227539062,0.0040487540986857695,4,120mm,2.3210742
SubNetW8CleanAuxExDnRcK6Rr01QdEma,minbias,0,test,19.208931,18.50355339050293,-0.03672133445973458,3,60mm,4.3380437
SubNetW8CleanAuxExDnRcK6Rr01QdEma,minbias,0,test,66.44731,66.01596069335938,-0.0064916201861394685,2,40mm,4.4496617
SubNetW8CleanAuxExDnRcK6Rr01QdEma,minbias,0,test,13.951867,13.238299369812012,-0.05114496349966813,1,30mm,0.8830881
SubNetW8CleanAuxExDnRcK6Rr01QdEma,minbias,0,test,19.086899,18.7121639251709,-0.019633094008293384,2,40mm,1.9928411
SubNetW8CleanAuxExDnRcK6Rr01QdEma,minbias,0,test,15.30532,15.534496307373047,0.014973651286255718,1,30mm,0.8885813
SubNetW8CleanAuxExDnRcK6Rr01QdEma,minbias,0,test,40.79384,40.9999885559082,0.005053460583923863,1,30mm,3.5306818
SubNetW8CleanAuxExDnRcK6Rr01QdEma,minbias,0,test,11.377502,10.812532424926758,-0.049656769522930744,3,60mm,1.8679751
SubNetW8CleanAuxExDnRcK6Rr01QdEma,minbias,0,test,7.5575705,7.423198699951172,-0.017779755843984724,3,60mm,0.8618434
SubNetW8CleanAuxExDnRcK6Rr01QdEma,minbias,0,test,37.779793,36.61700439453125,-0.030778051052601674,2,40mm,3.1566677
SubNetW8CleanAuxExDnRcK6Rr01QdEma,minbias,0,test,8.256083,7.73920202255249,-0.06260602532247983,3,60mm,1.4822097
SubNetW8CleanAuxExDnRcK6Rr01QdEma,minbias,0,test,15.312211,15.696279525756836,0.02508249710996191,4,120mm,3.1654208
SubNetW8CleanAuxExDnRcK6Rr01QdEma,minbias,0,test,48.615044,46.00902557373047,-0.053605177971180806,0,15mm,1.5267992
SubNetW8CleanAuxExDnRcK6Rr01QdEma,minbias,0,test,63.672974,63.11518478393555,-0.008760213589106058,1,30mm,3.4934573
SubNetW8CleanAuxExDnRcK6Rr01QdEma,minbias,0,test,10.077602,10.85090446472168,0.07673472802270287,3,60mm,1.4673676
SubNetW8CleanAuxExDnRcK6Rr01QdEma,minbias,0,test,6.0098276,8.95706558227539,0.4904030793932046,2,40mm,0.87681496
SubNetW8CleanAuxExDnRcK6Rr01QdEma,minbias,0,test,54.565903,53.83659362792969,-0.013365655946494859,0,15mm,1.4739549
SubNetW8CleanAuxExDnRcK6Rr01QdEma,minbias,0,test,22.833801,22.815610885620117,-0.000796642823348237,2,40mm,1.7985288
SubNetW8CleanAuxExDnRcK6Rr01QdEma,minbias,0,test,14.980752,17.89797592163086,0.19473147489915776,1,30mm,0.59250325
SubNetW8CleanAuxExDnRcK6Rr01QdEma,minbias,0,test,16.727274,16.414953231811523,-0.018671345392523464,3,60mm,2.7029479
SubNetW8CleanAuxExDnRcK6Rr01QdEma,minbias,0,test,7.5640965,8.072851181030273,0.06725915428675178,3,60mm,0.9419009
SubNetW8CleanAuxExDnRcK6Rr01QdEma,minbias,0,test,23.610167,23.667926788330078,0.002446413858450125,3,60mm,2.9004536
SubNetW8CleanAuxExDnRcK6Rr01QdEma,minbias,0,test,81.07307,79.67147064208984,-0.01728806034098629,0,15mm,2.9636683
SubNetW8CleanAuxExDnRcK6Rr01QdEma,minbias,0,test,12.103499,11.782584190368652,-0.02651425106325611,3,60mm,1.7299677
SubNetW8CleanAuxExDnRcK6Rr01QdEma,minbias,0,test,12.257853,12.171574592590332,-0.007038587007684449,3,60mm,2.3369284
SubNetW8CleanAuxExDnRcK6Rr01QdEma,minbias,0,test,92.62857,90.17414855957031,-0.026497461661350807,0,15mm,2.7752132
SubNetW8CleanAuxExDnRcK6Rr01QdEma,minbias,0,test,40.952965,34.413604736328125,-0.15967977119807475,0,15mm,1.3446394
SubNetW8CleanAuxExDnRcK6Rr01QdEma,minbias,0,test,19.425701,19.015892028808594,-0.02109623274685013,3,60mm,3.5173235
SubNetW8CleanAuxExDnRcK6Rr01QdEma,minbias,0,test,12.0707655,13.589154243469238,0.12579059287997296,3,60mm,1.2421101
SubNetW8CleanAuxExDnRcK6Rr01QdEma,minbias,0,test,18.979816,18.424713134765625,-0.029247032175011456,3,60mm,4.240155
SubNetW8CleanAuxExDnRcK6Rr01QdEma,minbias,0,test,44.79636,44.985145568847656,0.004214305646968564,0,15mm,1.9023831
SubNetW8CleanAuxExDnRcK6Rr01QdEma,minbias,0,test,9.285223,10.967279434204102,0.18115412259859065,1,30mm,0.8896676
SubNetW8CleanAuxExDnRcK6Rr01QdEma,minbias,0,test,36.686993,37.380531311035156,0.01890421143203236,3,60mm,4.1777472
SubNetW8CleanAuxExDnRcK6Rr01QdEma,minbias,0,test,19.658073,19.942520141601562,0.014469714816641721,3,60mm,4.391599
SubNetW8CleanAuxExDnRcK6Rr01QdEma,minbias,0,test,28.3895,26.2083683013916,-0.07682880602708608,0,15mm,0.79337895
SubNetW8CleanAuxExDnRcK6Rr01QdEma,minbias,0,test,30.243505,30.526779174804688,0.009366430657529623,2,40mm,2.7797914
SubNetW8CleanAuxExDnRcK6Rr01QdEma,minbias,0,test,36.728966,33.47694778442383,-0.08854096236107845,0,15mm,1.5318968
SubNetW8CleanAuxExDnRcK6Rr01QdEma,minbias,0,test,18.094854,16.793838500976562,-0.07189976931383912,1,30mm,0.8407092
SubNetW8CleanAuxExDnRcK6Rr01QdEma,minbias,0,test,53.785984,51.19437026977539,-0.04818381248983572,0,15mm,1.506761
SubNetW8CleanAuxExDnRcK6Rr01QdEma,minbias,0,test,23.180685,24.362274169921875,0.050973002927998,1,30mm,2.3337018
SubNetW8CleanAuxExDnRcK6Rr01QdEma,minbias,0,test,31.60396,30.938640594482422,-0.021051774586641536,1,30mm,2.3758035
SubNetW8CleanAuxExDnRcK6Rr01QdEma,minbias,0,test,41.437607,40.7206916809082,-0.01730107469468689,2,40mm,3.479307
SubNetW8CleanAuxExDnRcK6Rr01QdEma,minbias,0,test,71.772705,70.00646209716797,-0.024608839516839565,0,15mm,2.4983618
SubNetW8CleanAuxExDnRcK6Rr01QdEma,minbias,0,test,12.257647,8.160834312438965,-0.33422502663565157,2,40mm,2.5336185
SubNetW8CleanAuxExDnRcK6Rr01QdEma,minbias,0,test,22.613035,22.089139938354492,-0.02316784363493707,3,60mm,4.833371
SubNetW8CleanAuxExDnRcK6Rr01QdEma,minbias,0,test,33.01517,33.275447845458984,0.007883551293171642,1,30mm,2.5433831
SubNetW8CleanAuxExDnRcK6Rr01QdEma,minbias,0,test,18.05556,18.252540588378906,0.010909738564528704,3,60mm,3.7725682
SubNetW8CleanAuxExDnRcK6Rr01QdEma,minbias,0,test,33.28937,32.083343505859375,-0.036228619845348864,2,40mm,3.7932158
SubNetW8CleanAuxExDnRcK6Rr01QdEma,minbias,0,test,8.614815,8.79867172241211,0.021341952121973762,3,60mm,1.4553996
SubNetW8CleanAuxExDnRcK6Rr01QdEma,minbias,0,test,47.535984,47.3839225769043,-0.0031988706129782996,3,60mm,4.8186173
SubNetW8CleanAuxExDnRcK6Rr01QdEma,minbias,0,test,36.044582,40.088401794433594,0.11218938220238162,1,30mm,2.595105
SubNetW8CleanAuxExDnRcK6Rr01QdEma,minbias,0,test,11.932764,11.25131893157959,-0.05710706410675481,2,40mm,1.0742459
SubNetW8CleanAuxExDnRcK6Rr01QdEma,minbias,0,test,35.57779,34.74052429199219,-0.023533362554715054,0,15mm,1.5713024
SubNetW8CleanAuxExDnRcK6Rr01QdEma,minbias,0,test,51.90217,37.09037399291992,-0.2853791040642689,1,30mm,4.213286
SubNetW8CleanAuxExDnRcK6Rr01QdEma,minbias,0,test,6.2292886,6.686802864074707,0.0734456720554908,3,60mm,0.76105756
SubNetW8CleanAuxExDnRcK6Rr01QdEma,minbias,0,test,17.3612,16.492435455322266,-0.0500405997669372,1,30mm,1.5192137
SubNetW8CleanAuxExDnRcK6Rr01QdEma,minbias,0,test,24.530798,24.466169357299805,-0.002634590247895141,3,60mm,3.8758266
SubNetW8CleanAuxExDnRcK6Rr01QdEma,minbias,0,test,4.7993555,4.5689311027526855,-0.048011530675973635,3,60mm,0.91456246
SubNetW8CleanAuxExDnRcK6Rr01QdEma,minbias,0,test,31.692976,32.334205627441406,0.020232547096826314,1,30mm,1.2926499
SubNetW8CleanAuxExDnRcK6Rr01QdEma,minbias,0,test,46.82008,46.2065544128418,-0.013103894593950893,1,30mm,3.3641496
SubNetW8CleanAuxExDnRcK6Rr01QdEma,minbias,0,test,10.947852,11.133061408996582,0.016917407361109804,4,120mm,2.39
SubNetW8CleanAuxExDnRcK6Rr01QdEma,minbias,0,test,27.310974,26.662649154663086,-0.023738624757801197,1,30mm,1.6371346
SubNetW8CleanAuxExDnRcK6Rr01QdEma,minbias,0,test,27.689114,29.24803924560547,0.05630103044209345,1,30mm,1.5069444
SubNetW8CleanAuxExDnRcK6Rr01QdEma,minbias,0,test,29.584585,29.419279098510742,-0.005587575091824504,1,30mm,2.6410182
SubNetW8CleanAuxExDnRcK6Rr01QdEma,minbias,0,test,74.61251,73.91240692138672,-0.0093831953029625,0,15mm,1.7862383
SubNetW8CleanAuxExDnRcK6Rr01QdEma,minbias,0,test,10.752925,10.760601997375488,0.0007139525575421413,3,60mm,2.0057495
SubNetW8CleanAuxExDnRcK6Rr01QdEma,minbias,0,test,82.80905,82.82649993896484,0.00021070674007273027,0,15mm,2.7932072
SubNetW8CleanAuxExDnRcK6Rr01QdEma,minbias,0,test,56.823982,54.65800857543945,-0.03811724518406401,1,30mm,2.9923174
SubNetW8CleanAuxExDnRcK6Rr01QdEma,minbias,0,test,9.6316805,9.719233512878418,0.009090108875158709,1,30mm,0.6985937
SubNetW8CleanAuxExDnRcK6Rr01QdEma,minbias,0,test,31.590248,31.366291046142578,-0.007089436619888367,3,60mm,4.30901
SubNetW8CleanAuxExDnRcK6Rr01QdEma,minbias,0,test,13.935884,13.970398902893066,0.00247665853180834,3,60mm,2.357807
SubNetW8CleanAuxExDnRcK6Rr01QdEma,minbias,0,test,26.242783,25.682252883911133,-0.021359385456962143,3,60mm,3.058816
SubNetW8CleanAuxExDnRcK6Rr01QdEma,minbias,0,test,50.39257,51.4942626953125,0.021862194940087454,1,30mm,2.8476043
SubNetW8CleanAuxExDnRcK6Rr01QdEma,minbias,0,test,5.520843,5.264944076538086,-0.04635142697209638,3,60mm,0.97928685
SubNetW8CleanAuxExDnRcK6Rr01QdEma,minbias,0,test,41.352173,51.70841598510742,0.2504401200565598,1,30mm,1.7521869
SubNetW8CleanAuxExDnRcK6Rr01QdEma,minbias,0,test,26.008074,26.032480239868164,0.0009384175578248666,2,40mm,1.92362
SubNetW8CleanAuxExDnRcK6Rr01QdEma,minbias,0,test,60.91646,66.71768188476562,0.09523245331358154,1,30mm,4.6812963
SubNetW8CleanAuxExDnRcK6Rr01QdEma,minbias,0,test,8.383492,8.29522705078125,-0.01052847835486681,3,60mm,1.0826101
SubNetW8CleanAuxExDnRcK6Rr01QdEma,minbias,0,test,79.33211,81.36407470703125,0.025613427223780016,0,15mm,1.8427885
SubNetW8CleanAuxExDnRcK6Rr01QdEma,minbias,0,test,48.3395,45.196414947509766,-0.06502105838819883,0,15mm,1.0541525
SubNetW8CleanAuxExDnRcK6Rr01QdEma,minbias,0,test,85.22147,96.56475067138672,0.133103506497541,0,15mm,3.095917
SubNetW8CleanAuxExDnRcK6Rr01QdEma,minbias,0,test,70.60122,71.31880187988281,0.010163885425763075,1,30mm,2.938732
SubNetW8CleanAuxExDnRcK6Rr01QdEma,minbias,0,test,24.545218,22.56792640686035,-0.08055708229299119,1,30mm,1.4200573
SubNetW8CleanAuxExDnRcK6Rr01QdEma,minbias,0,test,32.821907,36.70650863647461,0.11835392708517123,1,30mm,1.5268599
SubNetW8CleanAuxExDnRcK6Rr01QdEma,minbias,0,test,36.163876,35.734344482421875,-0.011877352482974168,1,30mm,1.8964366
SubNetW8CleanAuxExDnRcK6Rr01QdEma,minbias,0,test,25.390377,24.598222732543945,-0.031198997586364685,3,60mm,4.569621
SubNetW8CleanAuxExDnRcK6Rr01QdEma,minbias,0,test,79.05809,78.70625305175781,-0.004450362477372294,1,30mm,4.1804647
SubNetW8CleanAuxExDnRcK6Rr01QdEma,minbias,0,test,7.4643164,9.794450759887695,0.31216983269116794,3,60mm,0.890376
SubNetW8CleanAuxExDnRcK6Rr01QdEma,minbias,0,test,15.855551,12.360516548156738,-0.22042969490098197,3,60mm,1.5345862
SubNetW8CleanAuxExDnRcK6Rr01QdEma,minbias,0,test,21.111086,24.991758346557617,0.1838215464016164,1,30mm,1.3413944
SubNetW8CleanAuxExDnRcK6Rr01QdEma,minbias,0,test,11.92118,12.069907188415527,0.012475897507116418,3,60mm,2.8236897
SubNetW8CleanAuxExDnRcK6Rr01QdEma,minbias,0,test,16.846489,16.8374080657959,-0.0005390373546886318,3,60mm,2.6266925
SubNetW8CleanAuxExDnRcK6Rr01QdEma,minbias,0,test,38.969933,37.90593719482422,-0.02730298185132851,2,40mm,4.9266014
SubNetW8CleanAuxExDnRcK6Rr01QdEma,minbias,0,test,10.458499,11.103950500488281,0.061715505112783564,2,40mm,1.2674103
SubNetW8CleanAuxExDnRcK6Rr01QdEma,minbias,0,test,28.176783,26.860984802246094,-0.046697943625793714,2,40mm,4.9829965
SubNetW8CleanAuxExDnRcK6Rr01QdEma,minbias,0,test,42.23348,39.7490119934082,-0.05882694578472736,1,30mm,1.8375208
SubNetW8CleanAuxExDnRcK6Rr01QdEma,minbias,0,test,14.180099,14.22569465637207,0.003215501121770048,2,40mm,1.691021
SubNetW8CleanAuxExDnRcK6Rr01QdEma,minbias,0,test,24.710028,25.276281356811523,0.022915946072807447,2,40mm,1.804634
SubNetW8CleanAuxExDnRcK6Rr01QdEma,minbias,0,test,92.12416,90.82096099853516,-0.014146123635992658,0,15mm,3.292766
SubNetW8CleanAuxExDnRcK6Rr01QdEma,minbias,0,test,44.402588,43.83220672607422,-0.0128456739043179,2,40mm,3.9464986
SubNetW8CleanAuxExDnRcK6Rr01QdEma,minbias,0,test,13.306263,13.770528793334961,0.034890774698501215,2,40mm,1.6176263
SubNetW8CleanAuxExDnRcK6Rr01QdEma,minbias,0,test,4.5799346,4.831423759460449,0.05491108161434388,3,60mm,0.68972605
SubNetW8CleanAuxExDnRcK6Rr01QdEma,minbias,0,test,49.73203,49.769020080566406,0.0007438087718809605,1,30mm,2.2345574
SubNetW8CleanAuxExDnRcK6Rr01QdEma,minbias,0,test,7.847395,7.848884105682373,0.00018976519671043413,2,40mm,1.1506578
SubNetW8CleanAuxExDnRcK6Rr01QdEma,minbias,0,test,18.274866,19.131315231323242,0.04686486468997453,0,15mm,0.55922455
SubNetW8CleanAuxExDnRcK6Rr01QdEma,minbias,0,test,3.2771814,3.1773276329040527,-0.03046940106558549,3,60mm,0.5708924
SubNetW8CleanAuxExDnRcK6Rr01QdEma,minbias,0,test,24.620914,21.93393325805664,-0.1091340943335567,2,40mm,2.669065
SubNetW8CleanAuxExDnRcK6Rr01QdEma,minbias,0,test,75.896385,78.35785675048828,0.03243199990832224,1,30mm,3.6103432
SubNetW8CleanAuxExDnRcK6Rr01QdEma,minbias,0,test,12.538926,12.54899787902832,0.0008032389979417687,3,60mm,2.5927253
SubNetW8CleanAuxExDnRcK6Rr01QdEma,minbias,0,test,32.930584,32.33937454223633,-0.017953201572419752,2,40mm,2.354735
SubNetW8CleanAuxExDnRcK6Rr01QdEma,minbias,0,test,34.643944,34.45635223388672,-0.005414844045752654,2,40mm,2.8782885
SubNetW8CleanAuxExDnRcK6Rr01QdEma,minbias,0,test,20.2393,21.958242416381836,0.08493093443903077,2,40mm,2.2019992
SubNetW8CleanAuxExDnRcK6Rr01QdEma,minbias,0,test,13.5294285,13.178184509277344,-0.02596147895265355,3,60mm,2.7284198
SubNetW8CleanAuxExDnRcK6Rr01QdEma,minbias,0,test,60.00034,59.308223724365234,-0.011535197789980356,1,30mm,2.998806
SubNetW8CleanAuxExDnRcK6Rr01QdEma,minbias,0,test,28.787218,31.998123168945312,0.11153926248110602,2,40mm,2.0529528
SubNetW8CleanAuxExDnRcK6Rr01QdEma,minbias,0,test,11.077324,10.9856538772583,-0.008275467706021056,3,60mm,2.0213325
SubNetW8CleanAuxExDnRcK6Rr01QdEma,minbias,0,test,20.485754,20.377506256103516,-0.005284050413228103,3,60mm,2.47501
SubNetW8CleanAuxExDnRcK6Rr01QdEma,minbias,0,test,11.558249,12.221843719482422,0.057413040567083184,3,60mm,2.0147908
SubNetW8CleanAuxExDnRcK6Rr01QdEma,minbias,0,test,13.841486,13.950604438781738,0.00788343547714776,2,40mm,1.8424834
SubNetW8CleanAuxExDnRcK6Rr01QdEma,minbias,0,test,77.149864,81.15979766845703,0.05197589799318392,2,40mm,4.5882936
SubNetW8CleanAuxExDnRcK6Rr01QdEma,minbias,0,test,17.345356,17.68169593811035,0.019390778188868696,3,60mm,3.4966476
SubNetW8CleanAuxExDnRcK6Rr01QdEma,minbias,0,test,21.153753,21.3803653717041,0.010712618609949098,3,60mm,2.6993346
SubNetW8CleanAuxExDnRcK6Rr01QdEma,minbias,0,test,59.81845,59.584285736083984,-0.0039145980549258885,1,30mm,3.1919203
SubNetW8CleanAuxExDnRcK6Rr01QdEma,minbias,0,test,15.034619,14.798303604125977,-0.0157181051296037,3,60mm,3.003122
SubNetW8CleanAuxExDnRcK6Rr01QdEma,minbias,0,test,20.700432,19.75373649597168,-0.04573311976388439,2,40mm,4.373559
SubNetW8CleanAuxExDnRcK6Rr01QdEma,minbias,0,test,10.112915,8.935993194580078,-0.11637810066992571,3,60mm,1.9044055
SubNetW8CleanAuxExDnRcK6Rr01QdEma,minbias,0,test,38.62961,20.818464279174805,-0.46107492998581945,0,15mm,1.8716375
SubNetW8CleanAuxExDnRcK6Rr01QdEma,minbias,0,test,39.052746,40.39927291870117,0.034479703574417986,2,40mm,3.682364
SubNetW8CleanAuxExDnRcK6Rr01QdEma,minbias,0,test,5.681721,5.295475482940674,-0.06798040826548224,3,60mm,1.010622
SubNetW8CleanAuxExDnRcK6Rr01QdEma,minbias,0,test,27.434288,27.12291145324707,-0.011349905321859755,2,40mm,3.9152699
SubNetW8CleanAuxExDnRcK6Rr01QdEma,minbias,0,test,13.226059,12.965678215026855,-0.01968694875187904,3,60mm,2.4660015
SubNetW8CleanAuxExDnRcK6Rr01QdEma,minbias,0,test,39.57051,38.95259475708008,-0.015615570627769415,2,40mm,3.165229
SubNetW8CleanAuxExDnRcK6Rr01QdEma,minbias,0,test,66.573875,66.447021484375,-0.0019054612947946303,0,15mm,1.4040053
SubNetW8CleanAuxExDnRcK6Rr01QdEma,minbias,0,test,4.950792,5.091174602508545,0.028355618935324456,4,120mm,1.1422517
SubNetW8CleanAuxExDnRcK6Rr01QdEma,minbias,0,test,22.719845,22.43976593017578,-0.012327500041555584,3,60mm,4.117296
SubNetW8CleanAuxExDnRcK6Rr01QdEma,minbias,0,test,15.564856,15.515856742858887,-0.0031480428754874223,3,60mm,3.5493288
SubNetW8CleanAuxExDnRcK6Rr01QdEma,minbias,0,test,41.641933,39.567378997802734,-0.04981887899827253,0,15mm,1.4950438
SubNetW8CleanAuxExDnRcK6Rr01QdEma,minbias,0,test,23.054832,22.70199203491211,-0.015304401982498717,3,60mm,3.089085
SubNetW8CleanAuxExDnRcK6Rr01QdEma,minbias,0,test,85.34,84.8377456665039,-0.005885290519560549,0,15mm,2.512506
SubNetW8CleanAuxExDnRcK6Rr01QdEma,minbias,0,test,3.3083575,3.3896214962005615,0.024563252179604422,4,120mm,0.6868647
SubNetW8CleanAuxExDnRcK6Rr01QdEma,minbias,0,test,89.66198,94.05721282958984,0.0490200324620762,1,30mm,4.6584864
SubNetW8CleanAuxExDnRcK6Rr01QdEma,minbias,0,test,47.807426,47.29967498779297,-0.010620765486023087,1,30mm,2.224496
SubNetW8CleanAuxExDnRcK6Rr01QdEma,minbias,0,test,20.034052,25.03251838684082,0.24949852969640074,1,30mm,1.171991
SubNetW8CleanAuxExDnRcK6Rr01QdEma,minbias,0,test,34.35287,33.46062469482422,-0.025972974656647607,2,40mm,2.19366
SubNetW8CleanAuxExDnRcK6Rr01QdEma,minbias,0,test,36.28933,34.909847259521484,-0.038013440512644214,3,60mm,4.5712767
SubNetW8CleanAuxExDnRcK6Rr01QdEma,minbias,0,test,52.14364,54.87125015258789,0.05230957436831085,1,30mm,4.9108686
SubNetW8CleanAuxExDnRcK6Rr01QdEma,minbias,0,test,66.58349,76.8096694946289,0.153584338491785,1,30mm,3.84892
SubNetW8CleanAuxExDnRcK6Rr01QdEma,minbias,0,test,41.101315,40.43532180786133,-0.016203684582702604,2,40mm,3.6061223
SubNetW8CleanAuxExDnRcK6Rr01QdEma,minbias,0,test,49.525852,48.447486877441406,-0.021773786375237303,1,30mm,4.5189404
SubNetW8CleanAuxExDnRcK6Rr01QdEma,minbias,0,test,18.352417,18.641366958618164,0.015744518367998506,2,40mm,1.6910529
SubNetW8CleanAuxExDnRcK6Rr01QdEma,minbias,0,test,14.378043,13.856340408325195,-0.03628468492394543,3,60mm,1.9523304
SubNetW8CleanAuxExDnRcK6Rr01QdEma,minbias,0,test,4.4747376,4.001883029937744,-0.1056720308220036,3,60mm,0.63498217
SubNetW8CleanAuxExDnRcK6Rr01QdEma,minbias,0,test,19.590956,19.3107967376709,-0.014300425174878062,4,120mm,4.6557627
SubNetW8CleanAuxExDnRcK6Rr01QdEma,minbias,0,test,16.155897,15.85470962524414,-0.01864257445064499,3,60mm,2.9086285
SubNetW8CleanAuxExDnRcK6Rr01QdEma,minbias,0,test,24.073704,23.854263305664062,-0.009115359328970118,2,40mm,2.7022607
SubNetW8CleanAuxExDnRcK6Rr01QdEma,minbias,0,test,19.498924,20.084646224975586,0.03003868120792097,3,60mm,3.973291
SubNetW8CleanAuxExDnRcK6Rr01QdEma,minbias,0,test,14.42314,13.593100547790527,-0.05754912238082621,3,60mm,3.3750784
SubNetW8CleanAuxExDnRcK6Rr01QdEma,minbias,0,test,6.3975906,7.647305965423584,0.1953415588906975,3,60mm,1.3017756
SubNetW8CleanAuxExDnRcK6Rr01QdEma,minbias,0,test,18.909737,18.18974494934082,-0.03807518306162061,1,30mm,1.1148151
SubNetW8CleanAuxExDnRcK6Rr01QdEma,minbias,0,test,15.360039,15.424919128417969,0.004223971834889539,3,60mm,2.8283951
SubNetW8CleanAuxExDnRcK6Rr01QdEma,minbias,0,test,3.4777203,3.224881649017334,-0.07270240061162914,3,60mm,0.7239285
SubNetW8CleanAuxExDnRcK6Rr01QdEma,minbias,0,test,43.280865,42.81233215332031,-0.010825397443763207,2,40mm,3.5205112
SubNetW8CleanAuxExDnRcK6Rr01QdEma,minbias,0,test,35.29568,34.70185089111328,-0.016824441173034388,1,30mm,3.0309932
SubNetW8CleanAuxExDnRcK6Rr01QdEma,minbias,0,test,38.00559,34.192115783691406,-0.10033978936130983,0,15mm,0.8487569
SubNetW8CleanAuxExDnRcK6Rr01QdEma,minbias,0,test,20.293728,31.77185821533203,0.5655998942833098,0,15mm,0.6774839
SubNetW8CleanAuxExDnRcK6Rr01QdEma,minbias,0,test,10.129842,9.304621696472168,-0.08146426409791307,4,120mm,2.2112956
SubNetW8CleanAuxExDnRcK6Rr01QdEma,minbias,0,test,34.737484,33.15767288208008,-0.04547856998450406,1,30mm,2.0233982
SubNetW8CleanAuxExDnRcK6Rr01QdEma,minbias,0,test,32.272552,31.547765731811523,-0.022458302876482095,3,60mm,3.8005848
SubNetW8CleanAuxExDnRcK6Rr01QdEma,minbias,0,test,42.718563,42.415283203125,-0.007099486847022551,2,40mm,2.7151337
SubNetW8CleanAuxExDnRcK6Rr01QdEma,minbias,0,test,18.817429,18.50046157836914,-0.01684433178535194,2,40mm,2.9303715
SubNetW8CleanAuxExDnRcK6Rr01QdEma,minbias,0,test,12.594996,12.762393951416016,0.013290793666995038,3,60mm,2.5437183
SubNetW8CleanAuxExDnRcK6Rr01QdEma,minbias,0,test,18.336596,17.414752960205078,-0.050273376718141694,2,40mm,1.7295821
SubNetW8CleanAuxExDnRcK6Rr01QdEma,minbias,0,test,46.665825,46.41494369506836,-0.005376122583475085,1,30mm,2.738966
SubNetW8CleanAuxExDnRcK6Rr01QdEma,minbias,0,test,38.970074,39.61600112915039,0.016574960421489537,3,60mm,4.6592393
SubNetW8CleanAuxExDnRcK6Rr01QdEma,minbias,0,test,12.041308,12.371928215026855,0.02745713347304779,4,120mm,2.6372092
SubNetW8CleanAuxExDnRcK6Rr01QdEma,minbias,0,test,7.2119346,7.337236404418945,0.01737423388492987,3,60mm,1.5147588
SubNetW8CleanAuxExDnRcK6Rr01QdEma,minbias,0,test,83.24122,83.00481414794922,-0.0028399922900615993,1,30mm,3.5164845
SubNetW8CleanAuxExDnRcK6Rr01QdEma,minbias,0,test,22.04894,21.036056518554688,-0.045937995647922,2,40mm,2.4154649
SubNetW8CleanAuxExDnRcK6Rr01QdEma,minbias,0,test,47.5846,46.755069732666016,-0.017432716341496124,1,30mm,2.5424528
SubNetW8CleanAuxExDnRcK6Rr01QdEma,minbias,0,test,15.307293,15.40339469909668,0.006278168272603413,3,60mm,2.8786519
SubNetW8CleanAuxExDnRcK6Rr01QdEma,minbias,0,test,31.250124,32.22479248046875,0.0311892683531223,2,40mm,4.4863653
SubNetW8CleanAuxExDnRcK6Rr01QdEma,minbias,0,test,37.21665,36.44239044189453,-0.02080406751822783,0,15mm,1.3700469
SubNetW8CleanAuxExDnRcK6Rr01QdEma,minbias,0,test,13.54282,13.318082809448242,-0.01659456211802879,3,60mm,2.1260982
SubNetW8CleanAuxExDnRcK6Rr01QdEma,minbias,0,test,15.157239,15.304911613464355,0.009742714592371193,3,60mm,3.4335215
SubNetW8CleanAuxExDnRcK6Rr01QdEma,minbias,0,test,20.344654,19.113677978515625,-0.06050612115099496,4,120mm,4.5185213
SubNetW8CleanAuxExDnRcK6Rr01QdEma,minbias,0,test,37.175846,40.56720733642578,0.09122485679177661,3,60mm,4.0267925
SubNetW8CleanAuxExDnRcK6Rr01QdEma,minbias,0,test,46.07102,45.32246780395508,-0.016247750624501123,2,40mm,3.8005605
SubNetW8CleanAuxExDnRcK6Rr01QdEma,minbias,0,test,11.956943,11.50364875793457,-0.03791051083036101,3,60mm,2.6992068
SubNetW8CleanAuxExDnRcK6Rr01QdEma,minbias,0,test,13.567512,12.129325866699219,-0.10600217185214111,2,40mm,2.0954256
SubNetW8CleanAuxExDnRcK6Rr01QdEma,minbias,0,test,11.611704,12.385995864868164,0.06668203053379695,2,40mm,1.0963718
SubNetW8CleanAuxExDnRcK6Rr01QdEma,minbias,0,test,22.576355,22.221830368041992,-0.01570335923285504,4,120mm,4.7288985
SubNetW8CleanAuxExDnRcK6Rr01QdEma,minbias,0,test,20.91864,22.792621612548828,0.08958428767750792,3,60mm,2.6999197
SubNetW8CleanAuxExDnRcK6Rr01QdEma,minbias,0,test,5.5319266,4.933172225952148,-0.10823614371883272,4,120mm,1.1943557
SubNetW8CleanAuxExDnRcK6Rr01QdEma,minbias,0,test,27.415037,26.28952407836914,-0.04105458877960122,2,40mm,2.5658681
SubNetW8CleanAuxExDnRcK6Rr01QdEma,minbias,0,test,36.154274,35.13791275024414,-0.028111786643617243,2,40mm,4.1425185
SubNetW8CleanAuxExDnRcK6Rr01QdEma,minbias,0,test,6.380727,6.488734245300293,0.016927136073076055,3,60mm,1.3697151
SubNetW8CleanAuxExDnRcK6Rr01QdEma,minbias,0,test,61.72674,59.284332275390625,-0.03956809390101346,2,40mm,4.553373
SubNetW8CleanAuxExDnRcK6Rr01QdEma,minbias,0,test,13.119787,13.420979499816895,0.0229571012599028,2,40mm,1.399435
SubNetW8CleanAuxExDnRcK6Rr01QdEma,minbias,0,test,81.16982,77.47693634033203,-0.04549580410582066,1,30mm,4.2299743
SubNetW8CleanAuxExDnRcK6Rr01QdEma,minbias,0,test,45.591625,45.771114349365234,0.003936888296944385,1,30mm,3.6321073
SubNetW8CleanAuxExDnRcK6Rr01QdEma,minbias,0,test,41.299915,43.24055099487305,0.046988853764250216,2,40mm,3.8106246
SubNetW8CleanAuxExDnRcK6Rr01QdEma,minbias,0,test,7.42688,6.852730751037598,-0.07730690960865205,4,120mm,1.5584947
SubNetW8CleanAuxExDnRcK6Rr01QdEma,minbias,0,test,28.799713,29.778926849365234,0.03400081486983808,3,60mm,4.927383
SubNetW8CleanAuxExDnRcK6Rr01QdEma,minbias,0,test,14.343352,14.072813987731934,-0.018861582988671244,4,120mm,3.0081742
SubNetW8CleanAuxExDnRcK6Rr01QdEma,minbias,0,test,54.80423,55.001739501953125,0.003603914635334826,2,40mm,4.098022
SubNetW8CleanAuxExDnRcK6Rr01QdEma,minbias,0,test,62.58535,55.26468276977539,-0.11697094068439495,0,15mm,1.4247535
SubNetW8CleanAuxExDnRcK6Rr01QdEma,minbias,0,test,58.827164,56.22898483276367,-0.04416631195988274,0,15mm,2.3375356
SubNetW8CleanAuxExDnRcK6Rr01QdEma,minbias,0,test,7.2519665,8.157217979431152,0.12482841804793599,3,60mm,1.6685894
SubNetW8CleanAuxExDnRcK6Rr01QdEma,minbias,0,test,5.583758,5.549300193786621,-0.006171056181179968,3,60mm,0.84797394
SubNetW8CleanAuxExDnRcK6Rr01QdEma,minbias,0,test,16.723331,19.175622940063477,0.14663893350267942,1,30mm,1.1691524
SubNetW8CleanAuxExDnRcK6Rr01QdEma,minbias,0,test,21.48681,25.631410598754883,0.19289041893954306,2,40mm,2.6451604
SubNetW8CleanAuxExDnRcK6Rr01QdEma,minbias,0,test,23.74701,23.836362838745117,0.003762729039172852,0,15mm,0.7100245
SubNetW8CleanAuxExDnRcK6Rr01QdEma,minbias,0,test,91.39319,87.6910400390625,-0.04050792514421797,0,15mm,2.3638463
SubNetW8CleanAuxExDnRcK6Rr01QdEma,minbias,0,test,33.749775,34.888484954833984,0.03373978120559018,2,40mm,2.4508677
SubNetW8CleanAuxExDnRcK6Rr01QdEma,minbias,0,test,12.322132,11.91073989868164,-0.033386447103607164,3,60mm,2.0249047
SubNetW8CleanAuxExDnRcK6Rr01QdEma,minbias,0,test,52.710587,51.8885612487793,-0.01559507022988671,2,40mm,4.7264915
SubNetW8CleanAuxExDnRcK6Rr01QdEma,minbias,0,test,4.6992884,4.910071849822998,0.044854340717446206,4,120mm,1.064413
SubNetW8CleanAuxExDnRcK6Rr01QdEma,minbias,0,test,34.295624,38.84796905517578,0.13273837225340124,0,15mm,1.3226136
SubNetW8CleanAuxExDnRcK6Rr01QdEma,minbias,0,test,25.31752,25.21147346496582,-0.00418866761209713,3,60mm,4.126627
SubNetW8CleanAuxExDnRcK6Rr01QdEma,minbias,0,test,10.11024,10.115238189697266,0.0004943707667557362,3,60mm,1.4062779
SubNetW8CleanAuxExDnRcK6Rr01QdEma,minbias,0,test,33.890213,33.464385986328125,-0.01256489672129446,2,40mm,3.6942813
SubNetW8CleanAuxExDnRcK6Rr01QdEma,minbias,0,test,20.767012,23.301546096801758,0.12204618064373318,3,60mm,3.2759044
SubNetW8CleanAuxExDnRcK6Rr01QdEma,minbias,0,test,24.595818,25.001127243041992,0.01647880482272135,2,40mm,2.1341124
SubNetW8CleanAuxExDnRcK6Rr01QdEma,minbias,0,test,12.850132,12.930346488952637,0.006242309456344408,2,40mm,1.3800534
SubNetW8CleanAuxExDnRcK6Rr01QdEma,minbias,0,test,31.356075,31.01905059814453,-0.010748305890880383,3,60mm,3.4564598
SubNetW8CleanAuxExDnRcK6Rr01QdEma,minbias,0,test,4.934119,4.9036970138549805,-0.006165682122556415,3,60mm,0.85458213
SubNetW8CleanAuxExDnRcK6Rr01QdEma,minbias,0,test,37.802498,37.190330505371094,-0.016193833555775416,2,40mm,3.945813
SubNetW8CleanAuxExDnRcK6Rr01QdEma,minbias,0,test,18.032022,16.97197723388672,-0.05878681904422611,3,60mm,3.0219796
SubNetW8CleanAuxExDnRcK6Rr01QdEma,minbias,0,test,6.28708,6.229466438293457,-0.009163773092406347,3,60mm,0.70957196
SubNetW8CleanAuxExDnRcK6Rr01QdEma,minbias,0,test,31.57898,31.55756378173828,-0.0006781634743616705,3,60mm,4.6631455
SubNetW8CleanAuxExDnRcK6Rr01QdEma,minbias,0,test,12.100968,11.89768123626709,-0.016799244372097122,3,60mm,2.3232276
SubNetW8CleanAuxExDnRcK6Rr01QdEma,minbias,0,test,10.44631,10.223834991455078,-0.02129699874472213,3,60mm,1.6523805
SubNetW8CleanAuxExDnRcK6Rr01QdEma,minbias,0,test,15.048791,14.752989768981934,-0.01965614141775296,2,40mm,1.5332363
SubNetW8CleanAuxExDnRcK6Rr01QdEma,minbias,0,test,9.200119,8.595768928527832,-0.06568937736653291,3,60mm,1.0503831
SubNetW8CleanAuxExDnRcK6Rr01QdEma,minbias,0,test,35.170864,33.86310958862305,-0.037182894133309,1,30mm,1.3925008
SubNetW8CleanAuxExDnRcK6Rr01QdEma,minbias,0,test,49.954018,49.55788803100586,-0.007929884859626646,1,30mm,2.422556
SubNetW8CleanAuxExDnRcK6Rr01QdEma,minbias,0,test,7.780495,7.923667907714844,0.01840149474645303,2,40mm,0.96878254
SubNetW8CleanAuxExDnRcK6Rr01QdEma,minbias,0,test,81.12489,79.93563842773438,-0.014659554102329664,0,15mm,1.724797
SubNetW8CleanAuxExDnRcK6Rr01QdEma,minbias,0,test,18.185646,17.434123992919922,-0.04132501324660842,2,40mm,2.3801584
SubNetW8CleanAuxExDnRcK6Rr01QdEma,minbias,0,test,20.665358,20.71987533569336,0.0026381225553433474,2,40mm,1.7975572
SubNetW8CleanAuxExDnRcK6Rr01QdEma,minbias,0,test,14.555866,12.843138694763184,-0.11766579317787695,1,30mm,0.57289577
SubNetW8CleanAuxExDnRcK6Rr01QdEma,minbias,0,test,62.94409,63.858070373535156,0.014520482392686329,2,40mm,4.571087
SubNetW8CleanAuxExDnRcK6Rr01QdEma,minbias,0,test,19.456099,19.722305297851562,0.013682431786603999,4,120mm,4.5640655
SubNetW8CleanAuxExDnRcK6Rr01QdEma,minbias,0,test,61.175163,63.51427459716797,0.038236290728604905,0,15mm,1.3309808
SubNetW8CleanAuxExDnRcK6Rr01QdEma,minbias,0,test,40.107063,39.21724319458008,-0.022186119496366064,2,40mm,3.6350749
SubNetW8CleanAuxExDnRcK6Rr01QdEma,minbias,0,test,87.471535,88.05638122558594,0.006686135076901856,0,15mm,2.9974556
SubNetW8CleanAuxExDnRcK6Rr01QdEma,minbias,0,test,20.858006,19.736421585083008,-0.05377234833528144,1,30mm,1.1183792
SubNetW8CleanAuxExDnRcK6Rr01QdEma,minbias,0,test,24.42711,22.29282569885254,-0.08737361539820787,2,40mm,3.0497723
SubNetW8CleanAuxExDnRcK6Rr01QdEma,minbias,0,test,16.899292,7.831084251403809,-0.5366028201048838,1,30mm,1.316349
SubNetW8CleanAuxExDnRcK6Rr01QdEma,minbias,0,test,14.102691,16.153648376464844,0.14543023908381425,1,30mm,0.8505071
SubNetW8CleanAuxExDnRcK6Rr01QdEma,minbias,0,test,21.018883,21.74376106262207,0.034487004838861246,1,30mm,2.090174
SubNetW8CleanAuxExDnRcK6Rr01QdEma,minbias,0,test,5.52322,5.921635627746582,0.0721346535173173,3,60mm,0.8415396
SubNetW8CleanAuxExDnRcK6Rr01QdEma,minbias,0,test,10.975392,11.762954711914062,0.07175710405487834,2,40mm,1.0330013
SubNetW8CleanAuxExDnRcK6Rr01QdEma,minbias,0,test,50.647106,49.55171203613281,-0.021627970822865494,2,40mm,4.3801713
SubNetW8CleanAuxExDnRcK6Rr01QdEma,minbias,0,test,8.002503,8.141975402832031,0.01742854715153297,4,120mm,1.8893247
SubNetW8CleanAuxExDnRcK6Rr01QdEma,minbias,0,test,22.97471,24.981245040893555,0.08733666435180676,2,40mm,2.1947126
SubNetW8CleanAuxExDnRcK6Rr01QdEma,minbias,0,test,24.658398,24.334083557128906,-0.013152278656217264,3,60mm,4.725239
SubNetW8CleanAuxExDnRcK6Rr01QdEma,minbias,0,test,25.640495,24.817338943481445,-0.03210376192702169,3,60mm,3.2772965
SubNetW8CleanAuxExDnRcK6Rr01QdEma,minbias,0,test,21.07852,20.36868667602539,-0.03367566371661401,3,60mm,4.8341045
SubNetW8CleanAuxExDnRcK6Rr01QdEma,minbias,0,test,44.74249,44.92707443237305,0.004125509688613027,1,30mm,2.8914983
SubNetW8CleanAuxExDnRcK6Rr01QdEma,minbias,0,test,85.31786,84.74790954589844,-0.006680358547599519,1,30mm,4.7824335
SubNetW8CleanAuxExDnRcK6Rr01QdEma,minbias,0,test,20.331013,19.608386993408203,-0.0355430269100071,2,40mm,1.7227266
SubNetW8CleanAuxExDnRcK6Rr01QdEma,minbias,0,test,19.430794,18.906951904296875,-0.02695936482682615,3,60mm,3.3165047
SubNetW8CleanAuxExDnRcK6Rr01QdEma,minbias,0,test,6.337788,6.074424743652344,-0.041554459851760206,2,40mm,1.282766
SubNetW8CleanAuxExDnRcK6Rr01QdEma,minbias,0,test,59.877857,57.524959564208984,-0.03929495399041616,2,40mm,4.7880745
SubNetW8CleanAuxExDnRcK6Rr01QdEma,minbias,0,test,95.62315,72.18563842773438,-0.24510293119617332,0,15mm,2.3803422
SubNetW8CleanAuxExDnRcK6Rr01QdEma,minbias,0,test,27.240248,26.29108428955078,-0.03484415583960909,3,60mm,3.617403
SubNetW8CleanAuxExDnRcK6Rr01QdEma,minbias,0,test,41.755424,41.556617736816406,-0.004761220011010536,2,40mm,4.7070923
SubNetW8CleanAuxExDnRcK6Rr01QdEma,minbias,0,test,30.625187,32.64167785644531,0.06584420011985248,3,60mm,2.9529564
SubNetW8CleanAuxExDnRcK6Rr01QdEma,minbias,0,test,7.283145,7.19626522064209,-0.011928875617705614,2,40mm,1.0084859
SubNetW8CleanAuxExDnRcK6Rr01QdEma,minbias,0,test,33.273582,33.22712326049805,-0.0013962788063472953,2,40mm,4.7041497
SubNetW8CleanAuxExDnRcK6Rr01QdEma,minbias,0,test,21.377483,21.139318466186523,-0.01114092326184668,3,60mm,4.2296987
SubNetW8CleanAuxExDnRcK6Rr01QdEma,minbias,0,test,24.782928,24.944021224975586,0.006500150230209334,2,40mm,1.710276
SubNetW8CleanAuxExDnRcK6Rr01QdEma,minbias,0,test,28.682512,28.010622024536133,-0.023425083972845373,3,60mm,3.7249184
SubNetW8CleanAuxExDnRcK6Rr01QdEma,minbias,0,test,12.720989,13.177475929260254,0.035884528617150746,3,60mm,1.9789304
SubNetW8CleanAuxExDnRcK6Rr01QdEma,minbias,0,test,9.7502165,10.041257858276367,0.029849734586104182,3,60mm,1.6919136
SubNetW8CleanAuxExDnRcK6Rr01QdEma,minbias,0,test,31.786814,31.395536422729492,-0.012309422280653126,2,40mm,2.5526583
SubNetW8CleanAuxExDnRcK6Rr01QdEma,minbias,0,test,29.344131,29.9959659576416,0.02221345309154965,2,40mm,3.0027134
SubNetW8CleanAuxExDnRcK6Rr01QdEma,minbias,0,test,15.879479,15.819156646728516,-0.003798787100303236,4,120mm,3.6486847
SubNetW8CleanAuxExDnRcK6Rr01QdEma,minbias,0,test,14.444,14.61843490600586,0.01207661720554154,4,120mm,3.1145802
SubNetW8CleanAuxExDnRcK6Rr01QdEma,minbias,0,test,15.208463,15.25275707244873,0.0029124809081251257,3,60mm,3.040646
SubNetW8CleanAuxExDnRcK6Rr01QdEma,minbias,0,test,24.709713,22.720115661621094,-0.08051883573037322,2,40mm,4.597948
SubNetW8CleanAuxExDnRcK6Rr01QdEma,minbias,0,test,33.702618,34.09574890136719,0.011664709852552413,2,40mm,4.4135995
SubNetW8CleanAuxExDnRcK6Rr01QdEma,minbias,0,test,8.675401,8.87331771850586,0.02281358413607748,3,60mm,1.8749703
SubNetW8CleanAuxExDnRcK6Rr01QdEma,minbias,0,test,8.532669,8.661966323852539,0.01515320182332891,1,30mm,0.7428617
SubNetW8CleanAuxExDnRcK6Rr01QdEma,minbias,0,test,16.00516,16.602378845214844,0.03731418432371658,3,60mm,2.1696415
SubNetW8CleanAuxExDnRcK6Rr01QdEma,minbias,0,test,15.457854,14.6936674118042,-0.04943680058931188,3,60mm,3.7247562
SubNetW8CleanAuxExDnRcK6Rr01QdEma,minbias,0,test,14.612308,14.102705001831055,-0.03487488509256065,4,120mm,3.28981
SubNetW8CleanAuxExDnRcK6Rr01QdEma,minbias,0,test,55.56288,57.25661087036133,0.03048310951183475,0,15mm,1.33152
SubNetW8CleanAuxExDnRcK6Rr01QdEma,minbias,0,test,63.383747,59.17813491821289,-0.06635158656566886,0,15mm,1.3101779
SubNetW8CleanAuxExDnRcK6Rr01QdEma,minbias,0,test,5.0008454,5.172277927398682,0.034280702620911985,3,60mm,0.585018
SubNetW8CleanAuxExDnRcK6Rr01QdEma,minbias,0,test,30.774092,31.177762985229492,0.013117243826841207,2,40mm,2.2075293
SubNetW8CleanAuxExDnRcK6Rr01QdEma,minbias,0,test,50.44973,50.13130569458008,-0.006311713171944233,2,40mm,4.6052856
SubNetW8CleanAuxExDnRcK6Rr01QdEma,minbias,0,test,79.325584,76.46397399902344,-0.03607424305566709,0,15mm,1.9569987
SubNetW8CleanAuxExDnRcK6Rr01QdEma,minbias,0,test,40.492485,41.0789680480957,0.014483749294150083,2,40mm,4.6744833
SubNetW8CleanAuxExDnRcK6Rr01QdEma,minbias,0,test,18.508595,18.724233627319336,0.011650755773439547,3,60mm,4.078537
SubNetW8CleanAuxExDnRcK6Rr01QdEma,minbias,0,test,42.77239,42.68515396118164,-0.0020395049286400235,2,40mm,4.919921
SubNetW8CleanAuxExDnRcK6Rr01QdEma,minbias,0,test,9.647311,9.214658737182617,-0.04484694895847041,3,60mm,1.6671681
SubNetW8CleanAuxExDnRcK6Rr01QdEma,minbias,0,test,65.88168,70.14952087402344,0.06478033510112735,0,15mm,3.1345
SubNetW8CleanAuxExDnRcK6Rr01QdEma,minbias,0,test,14.858715,14.337586402893066,-0.035072255741346314,3,60mm,1.8068117
SubNetW8CleanAuxExDnRcK6Rr01QdEma,minbias,0,test,46.945927,49.119449615478516,0.046298435318369524,2,40mm,3.4274802
SubNetW8CleanAuxExDnRcK6Rr01QdEma,minbias,0,test,14.917247,14.042757034301758,-0.05862273346269986,3,60mm,3.5228155
SubNetW8CleanAuxExDnRcK6Rr01QdEma,minbias,0,test,60.376408,58.24858093261719,-0.03524268459213509,2,40mm,4.3672085
SubNetW8CleanAuxExDnRcK6Rr01QdEma,minbias,0,test,24.798866,26.09610366821289,0.05231035088512703,3,60mm,3.6767411
SubNetW8CleanAuxExDnRcK6Rr01QdEma,minbias,0,test,23.513727,22.249387741088867,-0.053770269464587184,3,60mm,3.1771712
SubNetW8CleanAuxExDnRcK6Rr01QdEma,minbias,0,test,28.01428,28.327659606933594,0.011186412220798525,0,15mm,0.9698286
SubNetW8CleanAuxExDnRcK6Rr01QdEma,minbias,0,test,76.97334,78.73129272460938,0.02283842383574264,1,30mm,3.4954474
SubNetW8CleanAuxExDnRcK6Rr01QdEma,minbias,0,test,23.99099,23.313093185424805,-0.028256295739895076,3,60mm,4.046953
SubNetW8CleanAuxExDnRcK6Rr01QdEma,minbias,0,test,33.676064,33.72380065917969,0.0014175386481478647,3,60mm,4.531088
SubNetW8CleanAuxExDnRcK6Rr01QdEma,minbias,0,test,23.248287,23.342313766479492,0.004044451306847385,3,60mm,2.823933
SubNetW8CleanAuxExDnRcK6Rr01QdEma,minbias,0,test,11.090001,10.981152534484863,-0.009815019018878157,3,60mm,1.2788051
SubNetW8CleanAuxExDnRcK6Rr01QdEma,minbias,0,test,2.746358,4.012503623962402,0.4610272018723749,3,60mm,0.51295185
SubNetW8CleanAuxExDnRcK6Rr01QdEma,minbias,0,test,11.244517,11.066581726074219,-0.015824209711849058,2,40mm,0.9653445
SubNetW8CleanAuxExDnRcK6Rr01QdEma,minbias,0,test,5.864317,6.8237481117248535,0.1636049315177206,2,40mm,0.6805556
SubNetW8CleanAuxExDnRcK6Rr01QdEma,minbias,0,test,11.246691,10.706870079040527,-0.04799817858205835,3,60mm,1.6439853
SubNetW8CleanAuxExDnRcK6Rr01QdEma,minbias,0,test,80.65246,79.05226135253906,-0.01984064558318821,2,40mm,4.967679
SubNetW8CleanAuxExDnRcK6Rr01QdEma,minbias,0,test,20.263754,20.05942726135254,-0.01008335527256432,3,60mm,4.546253
SubNetW8CleanAuxExDnRcK6Rr01QdEma,minbias,0,test,4.920153,4.762914657592773,-0.03195804661403334,2,40mm,0.9039573
SubNetW8CleanAuxExDnRcK6Rr01QdEma,minbias,0,test,21.256353,22.270292282104492,0.04770051032572176,3,60mm,4.23209
SubNetW8CleanAuxExDnRcK6Rr01QdEma,minbias,0,test,22.38547,21.58949851989746,-0.03555748156190219,3,60mm,4.7747245
SubNetW8CleanAuxExDnRcK6Rr01QdEma,minbias,0,test,5.389209,5.106776714324951,-0.05240696549899615,2,40mm,0.873433
SubNetW8CleanAuxExDnRcK6Rr01QdEma,minbias,0,test,27.241058,23.869731903076172,-0.12375901124199706,1,30mm,1.3563478
SubNetW8CleanAuxExDnRcK6Rr01QdEma,minbias,0,test,27.971888,27.884462356567383,-0.0031254677274454856,3,60mm,3.681168
SubNetW8CleanAuxExDnRcK6Rr01QdEma,minbias,0,test,21.264545,21.384124755859375,0.005623412713860354,3,60mm,3.3713994
SubNetW8CleanAuxExDnRcK6Rr01QdEma,minbias,0,test,10.275657,11.293027877807617,0.09900789870296522,1,30mm,0.72636265
SubNetW8CleanAuxExDnRcK6Rr01QdEma,minbias,0,test,61.309498,58.579708099365234,-0.044524744621316836,1,30mm,3.5029523
SubNetW8CleanAuxExDnRcK6Rr01QdEma,minbias,0,test,6.610623,6.554453372955322,-0.008496855876240605,3,60mm,1.1461291
SubNetW8CleanAuxExDnRcK6Rr01QdEma,minbias,0,test,35.53998,35.77289962768555,0.006553683304615809,2,40mm,2.925465
SubNetW8CleanAuxExDnRcK6Rr01QdEma,minbias,0,test,56.81686,56.45296096801758,-0.006404775443110466,2,40mm,3.6269386
SubNetW8CleanAuxExDnRcK6Rr01QdEma,minbias,0,test,32.41888,33.983970642089844,0.048277119910006716,2,40mm,4.108667
SubNetW8CleanAuxExDnRcK6Rr01QdEma,minbias,0,test,32.00008,33.88508605957031,0.05890628850077895,0,15mm,0.66777515
SubNetW8CleanAuxExDnRcK6Rr01QdEma,minbias,0,test,84.14868,78.72307586669922,-0.06447642040426727,2,40mm,4.9899015
SubNetW8CleanAuxExDnRcK6Rr01QdEma,minbias,0,test,71.79874,81.43856811523438,0.13426185477882657,0,15mm,2.0942986
SubNetW8CleanAuxExDnRcK6Rr01QdEma,minbias,0,test,24.59573,24.145723342895508,-0.018296122462495124,3,60mm,3.7944021
SubNetW8CleanAuxExDnRcK6Rr01QdEma,minbias,0,test,18.912123,18.149141311645508,-0.04034351013005122,3,60mm,2.2221246
SubNetW8CleanAuxExDnRcK6Rr01QdEma,minbias,0,test,30.095148,29.67051124572754,-0.014109810644531096,0,15mm,1.4101748
SubNetW8CleanAuxExDnRcK6Rr01QdEma,minbias,0,test,8.791733,8.899861335754395,0.012298889226363574,2,40mm,1.0286081
SubNetW8CleanAuxExDnRcK6Rr01QdEma,minbias,0,test,72.90866,72.08674621582031,-0.011273210381775978,1,30mm,3.8560426
SubNetW8CleanAuxExDnRcK6Rr01QdEma,minbias,0,test,33.28553,35.24065399169922,0.05873795298020701,2,40mm,2.6994185
SubNetW8CleanAuxExDnRcK6Rr01QdEma,minbias,0,test,13.190323,22.540346145629883,0.7088547685729853,0,15mm,0.59142685
SubNetW8CleanAuxExDnRcK6Rr01QdEma,minbias,0,test,90.24018,88.27662658691406,-0.021759202621652207,1,30mm,3.8282886
SubNetW8CleanAuxExDnRcK6Rr01QdEma,minbias,0,test,6.306731,5.56774377822876,-0.11717439979241162,4,120mm,1.4476618
SubNetW8CleanAuxExDnRcK6Rr01QdEma,minbias,0,test,32.497604,32.46050262451172,-0.001141676327365948,3,60mm,4.2566175
SubNetW8CleanAuxExDnRcK6Rr01QdEma,minbias,0,test,25.099882,24.604063034057617,-0.019753841444783093,3,60mm,3.2785423
SubNetW8CleanAuxExDnRcK6Rr01QdEma,minbias,0,test,32.58022,31.989816665649414,-0.01812150490082265,3,60mm,4.2523813
SubNetW8CleanAuxExDnRcK6Rr01QdEma,minbias,0,test,96.1476,97.28782653808594,0.011859144607260008,0,15mm,4.597628
SubNetW8CleanAuxExDnRcK6Rr01QdEma,minbias,0,test,18.541527,18.159753799438477,-0.02059015954984522,3,60mm,2.9433477
SubNetW8CleanAuxExDnRcK6Rr01QdEma,minbias,0,test,9.939998,8.753731727600098,-0.11934267838439094,3,60mm,2.1728811
SubNetW8CleanAuxExDnRcK6Rr01QdEma,minbias,0,test,49.521942,48.48859405517578,-0.020866469263311593,0,15mm,2.0092552
SubNetW8CleanAuxExDnRcK6Rr01QdEma,minbias,0,test,72.25763,71.69905853271484,-0.007730268298266063,1,30mm,4.527617
SubNetW8CleanAuxExDnRcK6Rr01QdEma,minbias,0,test,82.031006,83.43807220458984,0.01715285982993997,1,30mm,3.9464254
SubNetW8CleanAuxExDnRcK6Rr01QdEma,minbias,0,test,2.665602,3.1097748279571533,0.1666313517158906,2,40mm,0.57355076
SubNetW8CleanAuxExDnRcK6Rr01QdEma,minbias,0,test,9.885023,10.659185409545898,0.07831669013944542,2,40mm,0.8469936
SubNetW8CleanAuxExDnRcK6Rr01QdEma,minbias,0,test,13.409378,13.063225746154785,-0.025814195428523257,2,40mm,1.6159586
SubNetW8CleanAuxExDnRcK6Rr01QdEma,minbias,0,test,14.655915,14.384760856628418,-0.018501362683281286,3,60mm,3.0497591
SubNetW8CleanAuxExDnRcK6Rr01QdEma,minbias,0,test,42.347404,41.22956466674805,-0.026396890835679754,3,60mm,4.529767
SubNetW8CleanAuxExDnRcK6Rr01QdEma,minbias,0,test,24.593708,24.631654739379883,0.0015429434630460648,3,60mm,4.120356
SubNetW8CleanAuxExDnRcK6Rr01QdEma,minbias,0,test,18.512938,17.708765029907227,-0.04343840699946666,3,60mm,2.1466591
SubNetW8CleanAuxExDnRcK6Rr01QdEma,minbias,0,test,6.2912455,7.099987030029297,0.12855031242946446,2,40mm,0.7330129
SubNetW8CleanAuxExDnRcK6Rr01QdEma,minbias,0,test,19.996634,18.621856689453125,-0.06875041432202134,1,30mm,0.8625657
SubNetW8CleanAuxExDnRcK6Rr01QdEma,minbias,0,test,9.577767,9.932809829711914,0.037069438396848176,2,40mm,1.3188422
SubNetW8CleanAuxExDnRcK6Rr01QdEma,minbias,0,test,58.666523,58.30340576171875,-0.006189513193802232,1,30mm,3.7651186
SubNetW8CleanAuxExDnRcK6Rr01QdEma,minbias,0,test,19.373407,19.44001007080078,0.0034378416588356497,1,30mm,0.92213356
SubNetW8CleanAuxExDnRcK6Rr01QdEma,minbias,0,test,57.684757,56.74505615234375,-0.01629028404387778,2,40mm,4.877327
SubNetW8CleanAuxExDnRcK6Rr01QdEma,minbias,0,test,24.9997,24.6478214263916,-0.014075333391368239,3,60mm,4.9536138
SubNetW8CleanAuxExDnRcK6Rr01QdEma,minbias,0,test,23.198917,22.91078758239746,-0.012419967780747276,3,60mm,4.1407366
SubNetW8CleanAuxExDnRcK6Rr01QdEma,minbias,0,test,11.834581,11.866466522216797,0.0026942353163208477,2,40mm,1.3202322
SubNetW8CleanAuxExDnRcK6Rr01QdEma,minbias,0,test,21.206099,21.085264205932617,-0.005698094360161998,2,40mm,2.3597717
SubNetW8CleanAuxExDnRcK6Rr01QdEma,minbias,0,test,14.521783,14.073657989501953,-0.030858806347302536,3,60mm,3.0508041
SubNetW8CleanAuxExDnRcK6Rr01QdEma,minbias,0,test,11.657723,11.36699104309082,-0.024939035957843303,2,40mm,1.1016678
SubNetW8CleanAuxExDnRcK6Rr01QdEma,minbias,0,test,76.39909,75.97985076904297,-0.005487537076401261,0,15mm,2.4895165
SubNetW8CleanAuxExDnRcK6Rr01QdEma,minbias,0,test,8.691636,9.169087409973145,0.05493227279255808,3,60mm,1.5415235
SubNetW8CleanAuxExDnRcK6Rr01QdEma,minbias,0,test,37.080128,38.4873161315918,0.0379499344312586,1,30mm,1.6964272
SubNetW8CleanAuxExDnRcK6Rr01QdEma,minbias,0,test,97.49832,94.56602478027344,-0.03007535624016966,1,30mm,4.647935
SubNetW8CleanAuxExDnRcK6Rr01QdEma,minbias,0,test,16.348665,17.003890991210938,0.04007824151198469,2,40mm,2.2182407
SubNetW8CleanAuxExDnRcK6Rr01QdEma,minbias,0,test,20.859962,21.241838455200195,0.01830664808202309,3,60mm,4.122016
SubNetW8CleanAuxExDnRcK6Rr01QdEma,minbias,0,test,28.023142,29.730310440063477,0.060919956355063754,2,40mm,3.1787622
SubNetW8CleanAuxExDnRcK6Rr01QdEma,minbias,0,test,19.546368,19.68755531311035,0.007223217653991698,3,60mm,3.299876
SubNetW8CleanAuxExDnRcK6Rr01QdEma,minbias,0,test,6.518466,8.811103820800781,0.3517143184444662,2,40mm,0.5566946
SubNetW8CleanAuxExDnRcK6Rr01QdEma,minbias,0,test,31.797285,34.728294372558594,0.09217797322105814,2,40mm,4.5966573
SubNetW8CleanAuxExDnRcK6Rr01QdEma,minbias,0,test,32.224663,33.46516036987305,0.03849528535181168,1,30mm,1.6135287
SubNetW8CleanAuxExDnRcK6Rr01QdEma,minbias,0,test,20.164705,19.81327247619629,-0.01742811489056162,3,60mm,2.9665222
SubNetW8CleanAuxExDnRcK6Rr01QdEma,minbias,0,test,15.8564005,15.954527854919434,0.0061885019349368076,3,60mm,2.7802298
SubNetW8CleanAuxExDnRcK6Rr01QdEma,minbias,0,test,17.172071,17.533262252807617,0.021033618268174292,3,60mm,2.5279927
SubNetW8CleanAuxExDnRcK6Rr01QdEma,minbias,0,test,27.990162,28.233749389648438,0.008702611110422032,3,60mm,4.540343
SubNetW8CleanAuxExDnRcK6Rr01QdEma,minbias,0,test,7.5280433,7.245934009552002,-0.037474447268276534,3,60mm,1.5966812
SubNetW8CleanAuxExDnRcK6Rr01QdEma,minbias,0,test,20.727663,18.293560028076172,-0.11743258308323212,2,40mm,3.4089088
SubNetW8CleanAuxExDnRcK6Rr01QdEma,minbias,0,test,35.108315,34.42734146118164,-0.019396347059152053,3,60mm,4.4690976
SubNetW8CleanAuxExDnRcK6Rr01QdEma,minbias,0,test,68.142044,67.22883605957031,-0.013401535282819954,1,30mm,3.7564175
SubNetW8CleanAuxExDnRcK6Rr01QdEma,minbias,0,test,5.738156,4.2565155029296875,-0.2582084522866247,3,60mm,1.277526
SubNetW8CleanAuxExDnRcK6Rr01QdEma,minbias,0,test,68.56082,67.01404571533203,-0.022560637158089092,1,30mm,4.9123783
SubNetW8CleanAuxExDnRcK6Rr01QdEma,minbias,0,test,23.1564,26.457059860229492,0.14253766054674455,1,30mm,1.0246246
SubNetW8CleanAuxExDnRcK6Rr01QdEma,minbias,0,test,3.5674942,3.9257731437683105,0.10042875316068045,3,60mm,0.5954698
SubNetW8CleanAuxExDnRcK6Rr01QdEma,minbias,0,test,21.098505,23.020633697509766,0.09110260065977238,1,30mm,1.4274508
SubNetW8CleanAuxExDnRcK6Rr01QdEma,minbias,0,test,16.942125,18.05536460876465,0.06570836109843636,3,60mm,2.417204
SubNetW8CleanAuxExDnRcK6Rr01QdEma,minbias,0,test,11.386498,11.816309928894043,0.037747467274682034,3,60mm,1.4382067
SubNetW8CleanAuxExDnRcK6Rr01QdEma,minbias,0,test,6.618656,6.435471534729004,-0.027677011667159412,3,60mm,1.4933349
SubNetW8CleanAuxExDnRcK6Rr01QdEma,minbias,0,test,15.348326,15.393372535705566,0.0029349654893791044,1,30mm,1.2205819
SubNetW8CleanAuxExDnRcK6Rr01QdEma,minbias,0,test,6.572972,7.423910617828369,0.12946028374870622,3,60mm,0.8003143
SubNetW8CleanAuxExDnRcK6Rr01QdEma,minbias,0,test,26.523787,25.958175659179688,-0.021324665867928583,3,60mm,4.854314
SubNetW8CleanAuxExDnRcK6Rr01QdEma,minbias,0,test,30.098782,31.47243881225586,0.04563830009701886,1,30mm,1.7483078
SubNetW8CleanAuxExDnRcK6Rr01QdEma,minbias,0,test,4.5841827,4.363680839538574,-0.04810059115464882,3,60mm,1.0037184
SubNetW8CleanAuxExDnRcK6Rr01QdEma,minbias,0,test,58.48403,57.36181640625,-0.019188404745918097,0,15mm,1.443199
SubNetW8CleanAuxExDnRcK6Rr01QdEma,minbias,0,test,47.16564,46.548213958740234,-0.01309062704471542,2,40mm,3.9410791
SubNetW8CleanAuxExDnRcK6Rr01QdEma,minbias,0,test,54.99377,50.69914245605469,-0.07809299301546924,2,40mm,3.6479712
SubNetW8CleanAuxExDnRcK6Rr01QdEma,minbias,0,test,46.174343,46.11994552612305,-0.001178091107419732,2,40mm,4.4810567
SubNetW8CleanAuxExDnRcK6Rr01QdEma,minbias,0,test,26.23131,26.53895378112793,0.011728117721234277,2,40mm,2.6231482
SubNetW8CleanAuxExDnRcK6Rr01QdEma,minbias,0,test,13.912104,13.977048873901367,0.00466825309581953,2,40mm,1.072171
SubNetW8CleanAuxExDnRcK6Rr01QdEma,minbias,0,test,34.202126,37.93031692504883,0.109004669033119,0,15mm,1.2574202
SubNetW8CleanAuxExDnRcK6Rr01QdEma,minbias,0,test,83.46539,84.97187042236328,0.018049125519105313,1,30mm,4.0603104
SubNetW8CleanAuxExDnRcK6Rr01QdEma,minbias,0,test,38.067394,41.445926666259766,0.08875134417909192,0,15mm,1.1883844
SubNetW8CleanAuxExDnRcK6Rr01QdEma,minbias,0,test,4.9810658,6.673088073730469,0.3396908229061084,3,60mm,0.6504899
SubNetW8CleanAuxExDnRcK6Rr01QdEma,minbias,0,test,84.414474,88.15910339355469,0.044360033382819575,1,30mm,3.739255
SubNetW8CleanAuxExDnRcK6Rr01QdEma,minbias,0,test,15.575731,17.54165267944336,0.12621695681291922,1,30mm,0.8330191
SubNetW8CleanAuxExDnRcK6Rr01QdEma,minbias,0,test,56.51525,54.57038116455078,-0.03441318856785236,1,30mm,4.0029864
SubNetW8CleanAuxExDnRcK6Rr01QdEma,minbias,0,test,73.827255,70.1001968383789,-0.05048350230647147,2,40mm,4.7289104
SubNetW8CleanAuxExDnRcK6Rr01QdEma,minbias,0,test,5.428662,5.1034626960754395,-0.059904104875926345,3,60mm,0.7632277
SubNetW8CleanAuxExDnRcK6Rr01QdEma,minbias,0,test,49.409523,63.90092849731445,0.2932917503383541,1,30mm,2.3682106
SubNetW8CleanAuxExDnRcK6Rr01QdEma,minbias,0,test,33.98913,34.77773666381836,0.02320178818380958,2,40mm,4.5002003
SubNetW8CleanAuxExDnRcK6Rr01QdEma,minbias,0,test,72.82261,74.86323547363281,0.02802188160194774,1,30mm,2.9411397
SubNetW8CleanAuxExDnRcK6Rr01QdEma,minbias,0,test,57.630184,56.744808197021484,-0.01536305998772658,0,15mm,2.997656
SubNetW8CleanAuxExDnRcK6Rr01QdEma,minbias,0,test,2.8878007,2.7801413536071777,-0.03728073760307071,4,120mm,0.58156437
SubNetW8CleanAuxExDnRcK6Rr01QdEma,minbias,0,test,15.47132,15.996455192565918,0.03394248422981039,3,60mm,3.3745346
SubNetW8CleanAuxExDnRcK6Rr01QdEma,minbias,0,test,26.795658,26.70693016052246,-0.0033112809053003067,3,60mm,3.833143
SubNetW8CleanAuxExDnRcK6Rr01QdEma,minbias,0,test,13.507077,13.42188835144043,-0.006306979984815553,4,120mm,3.1073813
SubNetW8CleanAuxExDnRcK6Rr01QdEma,minbias,0,test,25.01808,26.60122299194336,0.06327996591210328,2,40mm,2.4399338
SubNetW8CleanAuxExDnRcK6Rr01QdEma,minbias,0,test,8.190123,7.514557361602783,-0.08248536382188754,3,60mm,1.299589
SubNetW8CleanAuxExDnRcK6Rr01QdEma,minbias,0,test,41.850067,44.344486236572266,0.05960370600207243,1,30mm,2.2525995
SubNetW8CleanAuxExDnRcK6Rr01QdEma,minbias,0,test,11.853907,11.28502368927002,-0.04799117792014973,3,60mm,2.4929118
SubNetW8CleanAuxExDnRcK6Rr01QdEma,minbias,0,test,54.948765,58.16967010498047,0.058616518781055005,0,15mm,1.4929396
SubNetW8CleanAuxExDnRcK6Rr01QdEma,minbias,0,test,28.828594,28.99128532409668,0.005643394026101811,3,60mm,3.1139581
SubNetW8CleanAuxExDnRcK6Rr01QdEma,minbias,0,test,58.809986,57.70298385620117,-0.01882337221004382,1,30mm,4.322018
SubNetW8CleanAuxExDnRcK6Rr01QdEma,minbias,0,test,26.148403,28.125896453857422,0.07562577620700228,2,40mm,3.1805282
SubNetW8CleanAuxExDnRcK6Rr01QdEma,minbias,0,test,10.124102,10.467255592346191,0.03389475588010038,3,60mm,1.6327237
SubNetW8CleanAuxExDnRcK6Rr01QdEma,minbias,0,test,66.01202,64.70166778564453,-0.01985015129455925,0,15mm,1.6361902
SubNetW8CleanAuxExDnRcK6Rr01QdEma,minbias,0,test,59.015755,59.06705856323242,0.0008693248741196147,0,15mm,1.3272979
SubNetW8CleanAuxExDnRcK6Rr01QdEma,minbias,0,test,22.41893,20.630329132080078,-0.0797808333112131,2,40mm,1.4393109
SubNetW8CleanAuxExDnRcK6Rr01QdEma,minbias,0,test,70.50393,65.31216430664062,-0.07363795032426368,1,30mm,4.933128
SubNetW8CleanAuxExDnRcK6Rr01QdEma,minbias,0,test,16.401937,16.278461456298828,-0.007528136755627357,3,60mm,3.4072492
SubNetW8CleanAuxExDnRcK6Rr01QdEma,minbias,0,test,14.352516,14.861529350280762,0.03546508290129835,3,60mm,2.9096904
SubNetW8CleanAuxExDnRcK6Rr01QdEma,minbias,0,test,12.972477,13.139766693115234,0.012895743381352576,3,60mm,2.2134027
SubNetW8CleanAuxExDnRcK6Rr01QdEma,minbias,0,test,39.578487,41.9448127746582,0.059788171152866276,0,15mm,1.1535277
SubNetW8CleanAuxExDnRcK6Rr01QdEma,minbias,0,test,30.782042,31.08544921875,0.009856645426771893,3,60mm,4.9347463
SubNetW8CleanAuxExDnRcK6Rr01QdEma,minbias,0,test,53.080177,53.413639068603516,0.006282227724017542,2,40mm,3.8615332
SubNetW8CleanAuxExDnRcK6Rr01QdEma,minbias,0,test,16.456118,16.09958267211914,-0.02166580027573828,3,60mm,2.072495
SubNetW8CleanAuxExDnRcK6Rr01QdEma,minbias,0,test,34.851124,34.558650970458984,-0.00839206336505871,2,40mm,3.981533
SubNetW8CleanAuxExDnRcK6Rr01QdEma,minbias,0,test,21.861229,22.070871353149414,0.009589690077633328,4,120mm,4.8491054
SubNetW8CleanAuxExDnRcK6Rr01QdEma,minbias,0,test,21.643934,21.375768661499023,-0.012389872621259679,1,30mm,1.892883
SubNetW8CleanAuxExDnRcK6Rr01QdEma,minbias,0,test,31.403852,31.306407928466797,-0.0031029484174683875,2,40mm,4.394751
SubNetW8CleanAuxExDnRcK6Rr01QdEma,minbias,0,test,59.761738,60.7225227355957,0.01607692391655635,0,15mm,1.2706786
SubNetW8CleanAuxExDnRcK6Rr01QdEma,minbias,0,test,82.812515,68.54800415039062,-0.17225066843848236,0,15mm,2.3274257
SubNetW8CleanAuxExDnRcK6Rr01QdEma,minbias,0,test,14.306278,15.163492202758789,0.05991872661023567,3,60mm,2.41346
SubNetW8CleanAuxExDnRcK6Rr01QdEma,minbias,0,test,31.58204,30.70203971862793,-0.027863970984567388,2,40mm,2.2711172
SubNetW8CleanAuxExDnRcK6Rr01QdEma,minbias,0,test,21.6763,21.419572830200195,-0.011843682641854203,3,60mm,3.3168662
SubNetW8CleanAuxExDnRcK6Rr01QdEma,minbias,0,test,39.724983,38.91838836669922,-0.020304472987706768,2,40mm,2.9494863
SubNetW8CleanAuxExDnRcK6Rr01QdEma,minbias,0,test,18.082336,17.83904457092285,-0.013454669193717739,4,120mm,3.9865797
SubNetW8CleanAuxExDnRcK6Rr01QdEma,minbias,0,test,20.773283,20.765796661376953,-0.00036038325680509686,3,60mm,3.257135
SubNetW8CleanAuxExDnRcK6Rr01QdEma,minbias,0,test,21.437569,21.479280471801758,0.0019457340477211371,3,60mm,3.566261
SubNetW8CleanAuxExDnRcK6Rr01QdEma,minbias,0,test,58.19101,58.881988525390625,0.011874325769363647,1,30mm,4.2494655
SubNetW8CleanAuxExDnRcK6Rr01QdEma,minbias,0,test,23.445705,21.334197998046875,-0.09005945346933386,1,30mm,1.8646245
SubNetW8CleanAuxExDnRcK6Rr01QdEma,minbias,0,test,12.845368,12.910712242126465,0.005086958571482114,2,40mm,1.7852733
SubNetW8CleanAuxExDnRcK6Rr01QdEma,minbias,0,test,72.95206,72.14813232421875,-0.011019902589131214,1,30mm,3.6720707
SubNetW8CleanAuxExDnRcK6Rr01QdEma,minbias,0,test,21.558676,24.139835357666016,0.11972718638621482,3,60mm,3.1906884
SubNetW8CleanAuxExDnRcK6Rr01QdEma,minbias,0,test,23.979311,24.385255813598633,0.016928961153159783,3,60mm,3.1610146
SubNetW8CleanAuxExDnRcK6Rr01QdEma,minbias,0,test,9.0468025,8.698572158813477,-0.03849209277418075,2,40mm,1.0757276
SubNetW8CleanAuxExDnRcK6Rr01QdEma,minbias,0,test,16.953936,15.5243558883667,-0.08432140870280336,2,40mm,2.8289661
SubNetW8CleanAuxExDnRcK6Rr01QdEma,minbias,0,test,38.01944,37.613319396972656,-0.010681911767420837,2,40mm,3.297349
SubNetW8CleanAuxExDnRcK6Rr01QdEma,minbias,0,test,24.051153,24.03606414794922,-0.0006273726219853115,2,40mm,3.0580473
SubNetW8CleanAuxExDnRcK6Rr01QdEma,minbias,0,test,16.427113,15.730338096618652,-0.04241612634974734,2,40mm,3.2793002
SubNetW8CleanAuxExDnRcK6Rr01QdEma,minbias,0,test,28.469662,28.21592903137207,-0.008912388346423605,2,40mm,2.9063485
SubNetW8CleanAuxExDnRcK6Rr01QdEma,minbias,0,test,52.981262,54.301734924316406,0.02492339106843544,1,30mm,2.9325087
SubNetW8CleanAuxExDnRcK6Rr01QdEma,minbias,0,test,24.499708,24.22612953186035,-0.011166608264772448,2,40mm,2.2363896
SubNetW8CleanAuxExDnRcK6Rr01QdEma,minbias,0,test,11.611745,11.529032707214355,-0.007123147667458696,3,60mm,1.5788465
SubNetW8CleanAuxExDnRcK6Rr01QdEma,minbias,0,test,60.62415,57.19496536254883,-0.05656465283691292,1,30mm,3.6089156
SubNetW8CleanAuxExDnRcK6Rr01QdEma,minbias,0,test,9.417719,8.692769050598145,-0.07697722191584289,3,60mm,1.5234977
SubNetW8CleanAuxExDnRcK6Rr01QdEma,minbias,0,test,3.2968848,4.701574802398682,0.4260658539903097,3,60mm,0.50155866
SubNetW8CleanAuxExDnRcK6Rr01QdEma,minbias,0,test,37.842636,39.80022048950195,0.051729598738737614,2,40mm,4.810566
SubNetW8CleanAuxExDnRcK6Rr01QdEma,minbias,0,test,44.464096,43.755271911621094,-0.015941494832359293,2,40mm,4.6877966
SubNetW8CleanAuxExDnRcK6Rr01QdEma,minbias,0,test,8.007071,7.787677764892578,-0.027399880562485435,3,60mm,0.92582643
SubNetW8CleanAuxExDnRcK6Rr01QdEma,minbias,0,test,34.840733,33.16310119628906,-0.04815143810734557,3,60mm,4.3087893
SubNetW8CleanAuxExDnRcK6Rr01QdEma,minbias,0,test,31.096819,32.414154052734375,0.04236237577888047,3,60mm,4.8498707
SubNetW8CleanAuxExDnRcK6Rr01QdEma,minbias,0,test,71.591705,73.30264282226562,0.023898543725118904,0,15mm,1.9864775
SubNetW8CleanAuxExDnRcK6Rr01QdEma,minbias,0,test,18.24181,17.388690948486328,-0.04676722889530516,2,40mm,3.6802683
SubNetW8CleanAuxExDnRcK6Rr01QdEma,minbias,0,test,4.0586586,4.094501972198486,0.008831334654820333,3,60mm,0.7265471
SubNetW8CleanAuxExDnRcK6Rr01QdEma,minbias,0,test,16.176764,15.986372947692871,-0.011769386777920277,4,120mm,3.2445524
SubNetW8CleanAuxExDnRcK6Rr01QdEma,minbias,0,test,17.234661,16.416763305664062,-0.04745656394264408,4,120mm,3.8844337
SubNetW8CleanAuxExDnRcK6Rr01QdEma,minbias,0,test,35.9331,37.74837112426758,0.05051802896647817,3,60mm,4.145074
SubNetW8CleanAuxExDnRcK6Rr01QdEma,minbias,0,test,14.3829365,14.642380714416504,0.018038335715264253,2,40mm,1.6831537
SubNetW8CleanAuxExDnRcK6Rr01QdEma,minbias,0,test,21.67215,22.092084884643555,0.019376722340115338,3,60mm,3.1930163
SubNetW8CleanAuxExDnRcK6Rr01QdEma,minbias,0,test,22.238321,21.317617416381836,-0.04140168114940157,3,60mm,4.9252634
SubNetW8CleanAuxExDnRcK6Rr01QdEma,minbias,0,test,9.997928,10.61725902557373,0.0619459732627774,1,30mm,0.60825235
SubNetW8CleanAuxExDnRcK6Rr01QdEma,minbias,0,test,16.532942,16.184797286987305,-0.021057627558210168,2,40mm,2.5409894
SubNetW8CleanAuxExDnRcK6Rr01QdEma,minbias,0,test,46.607403,47.0256462097168,0.008973754877187545,0,15mm,1.9079387
SubNetW8CleanAuxExDnRcK6Rr01QdEma,minbias,0,test,23.475922,23.27938461303711,-0.008371855252912175,3,60mm,4.096431
SubNetW8CleanAuxExDnRcK6Rr01QdEma,minbias,0,test,9.256621,10.34720516204834,0.1178166156704259,3,60mm,1.2593428
SubNetW8CleanAuxExDnRcK6Rr01QdEma,minbias,0,test,18.982277,19.38701820373535,0.021322062100966876,3,60mm,3.403196
SubNetW8CleanAuxExDnRcK6Rr01QdEma,minbias,0,test,45.014793,45.50613021850586,0.010915007832813295,1,30mm,1.6869402
SubNetW8CleanAuxExDnRcK6Rr01QdEma,minbias,0,test,23.87537,23.515504837036133,-0.015072653877709508,2,40mm,4.093667
SubNetW8CleanAuxExDnRcK6Rr01QdEma,minbias,0,test,27.310352,28.19721794128418,0.032473605806198735,1,30mm,1.5105482
SubNetW8CleanAuxExDnRcK6Rr01QdEma,minbias,0,test,80.6501,80.68601989746094,0.0004453706708087424,0,15mm,2.6899722
SubNetW8CleanAuxExDnRcK6Rr01QdEma,minbias,0,test,11.729362,12.412261962890625,0.05822144937604112,3,60mm,2.8217568
SubNetW8CleanAuxExDnRcK6Rr01QdEma,minbias,0,test,18.427744,18.02374839782715,-0.0219232216298908,2,40mm,1.6413832
SubNetW8CleanAuxExDnRcK6Rr01QdEma,minbias,0,test,71.1546,70.49463653564453,-0.009275092490373504,1,30mm,4.0406675
SubNetW8CleanAuxExDnRcK6Rr01QdEma,minbias,0,test,49.301445,47.932369232177734,-0.027769485761382717,2,40mm,4.119784
SubNetW8CleanAuxExDnRcK6Rr01QdEma,minbias,0,test,36.630882,35.01962661743164,-0.043986263671606074,1,30mm,3.302148
SubNetW8CleanAuxExDnRcK6Rr01QdEma,minbias,0,test,14.189255,14.536340713500977,0.02446118267740749,4,120mm,3.0650885
SubNetW8CleanAuxExDnRcK6Rr01QdEma,minbias,0,test,14.174138,14.391447067260742,0.01533137302936538,3,60mm,2.0984435
SubNetW8CleanAuxExDnRcK6Rr01QdEma,minbias,0,test,7.169367,7.098636150360107,-0.00986568100089047,3,60mm,1.2836245
SubNetW8CleanAuxExDnRcK6Rr01QdEma,minbias,0,test,28.602573,29.09903907775879,0.017357378167730975,3,60mm,4.2346587
SubNetW8CleanAuxExDnRcK6Rr01QdEma,minbias,0,test,21.894869,21.770462036132812,-0.005682007753664786,3,60mm,4.0003457
SubNetW8CleanAuxExDnRcK6Rr01QdEma,minbias,0,test,42.468872,43.31711196899414,0.019973214670671702,1,30mm,2.1899967
SubNetW8CleanAuxExDnRcK6Rr01QdEma,minbias,0,test,40.02495,41.86873245239258,0.0460658768811415,2,40mm,3.769595
SubNetW8CleanAuxExDnRcK6Rr01QdEma,minbias,0,test,26.150406,25.676149368286133,-0.01813572292569754,3,60mm,3.1283228
SubNetW8CleanAuxExDnRcK6Rr01QdEma,minbias,0,test,22.97909,24.22337532043457,0.05414860195684468,3,60mm,3.7917097
SubNetW8CleanAuxExDnRcK6Rr01QdEma,minbias,0,test,8.559612,8.472691535949707,-0.010154751808386542,3,60mm,1.8616993
SubNetW8CleanAuxExDnRcK6Rr01QdEma,minbias,0,test,27.369226,26.23468017578125,-0.041453355714824,1,30mm,1.4945693
SubNetW8CleanAuxExDnRcK6Rr01QdEma,minbias,0,test,41.179325,43.40097427368164,0.05395059691541748,2,40mm,3.7225509
SubNetW8CleanAuxExDnRcK6Rr01QdEma,minbias,0,test,69.20759,67.5364761352539,-0.024146370421390784,1,30mm,4.2497835
SubNetW8CleanAuxExDnRcK6Rr01QdEma,minbias,0,test,26.03919,29.828758239746094,0.14553324833989945,1,30mm,1.2808297
SubNetW8CleanAuxExDnRcK6Rr01QdEma,minbias,0,test,23.517021,22.69219207763672,-0.0350737066262482,3,60mm,3.0727408
SubNetW8CleanAuxExDnRcK6Rr01QdEma,minbias,0,test,8.789666,9.264217376708984,0.053989672801336486,3,60mm,1.1012292
SubNetW8CleanAuxExDnRcK6Rr01QdEma,minbias,0,test,60.720627,58.026634216308594,-0.04436700929062687,2,40mm,4.867849
SubNetW8CleanAuxExDnRcK6Rr01QdEma,minbias,0,test,6.2257156,5.984897136688232,-0.038681256027754296,3,60mm,1.1660118
SubNetW8CleanAuxExDnRcK6Rr01QdEma,minbias,0,test,8.578969,11.099088668823242,0.29375553945156696,1,30mm,0.5730623
SubNetW8CleanAuxExDnRcK6Rr01QdEma,minbias,0,test,28.040216,28.187602996826172,0.00525625582054845,2,40mm,1.7106773
SubNetW8CleanAuxExDnRcK6Rr01QdEma,minbias,0,test,18.624632,19.16705894470215,0.029124176329135887,3,60mm,3.2859156
SubNetW8CleanAuxExDnRcK6Rr01QdEma,minbias,0,test,10.095142,9.814960479736328,-0.02775412912955466,2,40mm,1.4514115
SubNetW8CleanAuxExDnRcK6Rr01QdEma,minbias,0,test,66.1109,64.84942626953125,-0.019081189223024042,1,30mm,3.88043
SubNetW8CleanAuxExDnRcK6Rr01QdEma,minbias,0,test,34.531914,35.003135681152344,0.013645983455758515,3,60mm,4.369091
SubNetW8CleanAuxExDnRcK6Rr01QdEma,minbias,0,test,42.032127,41.57526779174805,-0.010869294920256678,2,40mm,4.502428
SubNetW8CleanAuxExDnRcK6Rr01QdEma,minbias,0,test,16.307465,15.063090324401855,-0.07630703519891913,3,60mm,3.0113404
SubNetW8CleanAuxExDnRcK6Rr01QdEma,minbias,0,test,20.819004,18.26693344116211,-0.12258370335407087,1,30mm,0.913981
SubNetW8CleanAuxExDnRcK6Rr01QdEma,minbias,0,test,5.38427,5.666896820068359,0.052491167575141606,3,60mm,1.1932712
SubNetW8CleanAuxExDnRcK6Rr01QdEma,minbias,0,test,20.386356,21.805471420288086,0.06961102032667066,0,15mm,1.1619958
SubNetW8CleanAuxExDnRcK6Rr01QdEma,minbias,0,test,8.006469,8.164536476135254,0.01974249918794735,4,120mm,1.8026035
SubNetW8CleanAuxExDnRcK6Rr01QdEma,minbias,0,test,14.272874,14.333531379699707,0.004249844967253891,2,40mm,1.5276184
SubNetW8CleanAuxExDnRcK6Rr01QdEma,minbias,0,test,15.854397,15.511478424072266,-0.021629230041853797,4,120mm,3.4943628
SubNetW8CleanAuxExDnRcK6Rr01QdEma,minbias,0,test,73.8102,73.69482421875,-0.0015631894771083177,1,30mm,4.2166095
SubNetW8CleanAuxExDnRcK6Rr01QdEma,minbias,0,test,20.502058,19.690305709838867,-0.0395936992364766,3,60mm,2.3882537
SubNetW8CleanAuxExDnRcK6Rr01QdEma,minbias,0,test,30.040817,30.101524353027344,0.0020208202645835005,3,60mm,4.8061285
SubNetW8CleanAuxExDnRcK6Rr01QdEma,minbias,0,test,6.6564326,6.311300754547119,-0.051849375384638074,3,60mm,1.5789964
SubNetW8CleanAuxExDnRcK6Rr01QdEma,minbias,0,test,94.4036,84.51964569091797,-0.10469893772008931,1,30mm,3.6667788
SubNetW8CleanAuxExDnRcK6Rr01QdEma,minbias,0,test,7.967866,7.897706508636475,-0.00880529815211717,4,120mm,1.5955005
SubNetW8CleanAuxExDnRcK6Rr01QdEma,minbias,0,test,32.21267,31.808427810668945,-0.0125491482004908,2,40mm,2.152221
SubNetW8CleanAuxExDnRcK6Rr01QdEma,minbias,0,test,11.486938,11.252691268920898,-0.020392483873710177,3,60mm,2.3670743
SubNetW8CleanAuxExDnRcK6Rr01QdEma,minbias,0,test,69.82722,70.73926544189453,0.013061502057440055,0,15mm,3.4716556
SubNetW8CleanAuxExDnRcK6Rr01QdEma,minbias,0,test,58.604137,59.64295196533203,0.017725959128469526,1,30mm,3.051199
SubNetW8CleanAuxExDnRcK6Rr01QdEma,minbias,0,test,67.82078,67.34420776367188,-0.007026904500357478,1,30mm,3.518075
SubNetW8CleanAuxExDnRcK6Rr01QdEma,minbias,0,test,14.309858,14.269266128540039,-0.0028366593637549897,3,60mm,1.7287452
SubNetW8CleanAuxExDnRcK6Rr01QdEma,minbias,0,test,25.955975,25.549762725830078,-0.01565003278120891,3,60mm,3.087401
SubNetW8CleanAuxExDnRcK6Rr01QdEma,minbias,0,test,19.589611,19.741010665893555,0.007728566535268877,1,30mm,1.7228721
SubNetW8CleanAuxExDnRcK6Rr01QdEma,minbias,0,test,22.13332,21.009204864501953,-0.050788358800761824,3,60mm,4.302681
SubNetW8CleanAuxExDnRcK6Rr01QdEma,minbias,0,test,30.582104,30.29660987854004,-0.009335324124055244,2,40mm,3.9392915
SubNetW8CleanAuxExDnRcK6Rr01QdEma,minbias,0,test,99.18563,100.76239776611328,0.015897131016681776,0,15mm,2.5085104
SubNetW8CleanAuxExDnRcK6Rr01QdEma,minbias,0,test,51.49768,51.16764831542969,-0.006408683738316823,0,15mm,1.3515784
SubNetW8CleanAuxExDnRcK6Rr01QdEma,minbias,0,test,12.2619705,12.278048515319824,0.0013112081189596836,3,60mm,2.446478
SubNetW8CleanAuxExDnRcK6Rr01QdEma,minbias,0,test,5.471262,5.484864234924316,0.0024861278493382155,3,60mm,0.56772256
SubNetW8CleanAuxExDnRcK6Rr01QdEma,minbias,0,test,24.371973,23.384918212890625,-0.040499586278938904,4,120mm,4.785104
SubNetW8CleanAuxExDnRcK6Rr01QdEma,minbias,0,test,7.142778,7.0406084060668945,-0.014303890566108035,3,60mm,1.2067232
SubNetW8CleanAuxExDnRcK6Rr01QdEma,minbias,0,test,22.939196,22.97209358215332,0.0014341370004935516,3,60mm,2.7441993
SubNetW8CleanAuxExDnRcK6Rr01QdEma,minbias,0,test,87.37955,86.09928131103516,-0.014651778938151838,1,30mm,4.8611646
SubNetW8CleanAuxExDnRcK6Rr01QdEma,minbias,0,test,50.040398,50.09419250488281,0.0010750286443066415,2,40mm,3.3084505
SubNetW8CleanAuxExDnRcK6Rr01QdEma,minbias,0,test,22.487549,21.642549514770508,-0.03757631922504856,3,60mm,3.633479
SubNetW8CleanAuxExDnRcK6Rr01QdEma,minbias,0,test,11.75866,12.410003662109375,0.05539264917194031,2,40mm,1.1276442
SubNetW8CleanAuxExDnRcK6Rr01QdEma,minbias,0,test,47.25548,47.33103561401367,0.001598838722895568,1,30mm,4.702607
SubNetW8CleanAuxExDnRcK6Rr01QdEma,minbias,0,test,2.7771797,2.675715923309326,-0.03653483209962349,4,120mm,0.5597663
SubNetW8CleanAuxExDnRcK6Rr01QdEma,minbias,0,test,19.470253,19.67585563659668,0.010559834326343331,3,60mm,2.3054845
SubNetW8CleanAuxExDnRcK6Rr01QdEma,minbias,0,test,9.385596,9.118598937988281,-0.028447562574486773,4,120mm,2.1156828
SubNetW8CleanAuxExDnRcK6Rr01QdEma,minbias,0,test,97.36951,96.1008529663086,-0.013029272827339233,0,15mm,4.900143
SubNetW8CleanAuxExDnRcK6Rr01QdEma,minbias,0,test,9.1895895,8.756278038024902,-0.04715242855866386,3,60mm,1.8784626
SubNetW8CleanAuxExDnRcK6Rr01QdEma,minbias,0,test,40.74743,45.03947830200195,0.1053330117863327,0,15mm,0.9455125
SubNetW8CleanAuxExDnRcK6Rr01QdEma,minbias,0,test,21.004318,20.736108779907227,-0.012769253177716045,3,60mm,4.037165
SubNetW8CleanAuxExDnRcK6Rr01QdEma,minbias,0,test,42.197815,40.97377014160156,-0.02900730290192355,2,40mm,4.2481217
SubNetW8CleanAuxExDnRcK6Rr01QdEma,minbias,0,test,49.32342,47.88515853881836,-0.029159837179720483,0,15mm,1.5865245
SubNetW8CleanAuxExDnRcK6Rr01QdEma,minbias,0,test,7.0459843,7.162047386169434,0.016472236321185774,4,120mm,1.4403859
SubNetW8CleanAuxExDnRcK6Rr01QdEma,minbias,0,test,9.522121,8.985480308532715,-0.05635730702312791,3,60mm,1.7826287
SubNetW8CleanAuxExDnRcK6Rr01QdEma,minbias,0,test,12.948151,13.024917602539062,0.005928797859928947,4,120mm,3.0150547
SubNetW8CleanAuxExDnRcK6Rr01QdEma,minbias,0,test,29.066536,28.342777252197266,-0.024900067168721618,3,60mm,4.3097544
SubNetW8CleanAuxExDnRcK6Rr01QdEma,minbias,0,test,26.07687,26.731971740722656,0.025121948186740628,1,30mm,1.728445
SubNetW8CleanAuxExDnRcK6Rr01QdEma,minbias,0,test,39.588978,38.051246643066406,-0.038842406537744734,1,30mm,2.7840767
SubNetW8CleanAuxExDnRcK6Rr01QdEma,minbias,0,test,17.97935,18.297327041625977,0.01768572949231606,3,60mm,3.5779266
SubNetW8CleanAuxExDnRcK6Rr01QdEma,minbias,0,test,8.914622,8.855828285217285,-0.006595234165046038,3,60mm,1.8066108
SubNetW8CleanAuxExDnRcK6Rr01QdEma,minbias,0,test,12.62452,12.326607704162598,-0.023597934062756343,3,60mm,1.967205
SubNetW8CleanAuxExDnRcK6Rr01QdEma,minbias,0,test,13.10691,14.416165351867676,0.09989048713687709,1,30mm,0.61800885
SubNetW8CleanAuxExDnRcK6Rr01QdEma,minbias,0,test,52.95689,52.09695816040039,-0.01623833922415474,1,30mm,4.807714
SubNetW8CleanAuxExDnRcK6Rr01QdEma,minbias,0,test,19.515388,19.937917709350586,0.02165107913809683,3,60mm,3.0289278
SubNetW8CleanAuxExDnRcK6Rr01QdEma,minbias,0,test,87.07092,86.5670166015625,-0.005787308018533999,1,30mm,4.637304
SubNetW8CleanAuxExDnRcK6Rr01QdEma,minbias,0,test,13.736202,18.747940063476562,0.36485614698476443,4,120mm,2.855445
SubNetW8CleanAuxExDnRcK6Rr01QdEma,minbias,0,test,13.249652,13.24887466430664,-5.8661508484658675e-05,2,40mm,2.494308
SubNetW8CleanAuxExDnRcK6Rr01QdEma,minbias,0,test,56.630455,55.1796875,-0.025618150457241362,2,40mm,3.843721
SubNetW8CleanAuxExDnRcK6Rr01QdEma,minbias,0,test,56.7821,53.27521896362305,-0.06176033771250378,2,40mm,3.7814755
SubNetW8CleanAuxExDnRcK6Rr01QdEma,minbias,0,test,6.055429,6.13446044921875,0.013051340817558321,2,40mm,0.5357222
SubNetW8CleanAuxExDnRcK6Rr01QdEma,minbias,0,test,38.35077,39.309627532958984,0.025002327565215587,2,40mm,4.259061
SubNetW8CleanAuxExDnRcK6Rr01QdEma,minbias,0,test,43.46693,42.752220153808594,-0.01644262038273414,1,30mm,2.3801198
SubNetW8CleanAuxExDnRcK6Rr01QdEma,minbias,0,test,3.5385594,3.650895118713379,0.0317461622227071,4,120mm,0.7623034
SubNetW8CleanAuxExDnRcK6Rr01QdEma,minbias,0,test,21.119736,20.12669563293457,-0.04701953178340046,3,60mm,3.9953926
SubNetW8CleanAuxExDnRcK6Rr01QdEma,minbias,0,test,37.929577,37.82498550415039,-0.0027575148010999806,3,60mm,4.8410635
SubNetW8CleanAuxExDnRcK6Rr01QdEma,minbias,0,test,26.515766,27.253767013549805,0.02783253049331824,1,30mm,1.2069209
SubNetW8CleanAuxExDnRcK6Rr01QdEma,minbias,0,test,97.438896,93.28508758544922,-0.04262988146038471,0,15mm,2.757173
SubNetW8CleanAuxExDnRcK6Rr01QdEma,minbias,0,test,18.269808,18.108596801757812,-0.008823903098571062,2,40mm,1.676742
SubNetW8CleanAuxExDnRcK6Rr01QdEma,minbias,0,test,24.20085,25.208480834960938,0.041636195477456894,1,30mm,2.3271344
SubNetW8CleanAuxExDnRcK6Rr01QdEma,minbias,0,test,16.604317,16.412931442260742,-0.01152623576695222,2,40mm,1.3510679
SubNetW8CleanAuxExDnRcK6Rr01QdEma,minbias,0,test,34.20992,38.026397705078125,0.11156058954551917,2,40mm,3.2325594
SubNetW8CleanAuxExDnRcK6Rr01QdEma,minbias,0,test,84.179756,83.91484069824219,-0.003147021069896505,0,15mm,2.7761374
SubNetW8CleanAuxExDnRcK6Rr01QdEma,minbias,0,test,19.009604,18.872106552124023,-0.0072330255725501225,3,60mm,3.3126442
SubNetW8CleanAuxExDnRcK6Rr01QdEma,minbias,0,test,18.518888,14.093719482421875,-0.2389543517916094,2,40mm,2.008953
SubNetW8CleanAuxExDnRcK6Rr01QdEma,minbias,0,test,4.8198056,4.517855644226074,-0.0626477500441488,3,60mm,0.7170248
SubNetW8CleanAuxExDnRcK6Rr01QdEma,minbias,0,test,23.21141,22.497802734375,-0.030743835554302157,3,60mm,2.5447078
SubNetW8CleanAuxExDnRcK6Rr01QdEma,minbias,0,test,50.36376,50.946128845214844,0.011563213734792965,1,30mm,2.9837918
SubNetW8CleanAuxExDnRcK6Rr01QdEma,minbias,0,test,69.476364,70.49793243408203,0.014703824977713387,1,30mm,2.8156793
SubNetW8CleanAuxExDnRcK6Rr01QdEma,minbias,0,test,32.096695,33.2884407043457,0.03712985901043453,3,60mm,4.981517
SubNetW8CleanAuxExDnRcK6Rr01QdEma,minbias,0,test,18.725767,18.4257869720459,-0.016019646159307288,3,60mm,2.844246
SubNetW8CleanAuxExDnRcK6Rr01QdEma,minbias,0,test,65.46366,80.87480163574219,0.2354151931139299,0,15mm,1.6674978
SubNetW8CleanAuxExDnRcK6Rr01QdEma,minbias,0,test,98.667305,95.4902114868164,-0.03220006369987727,0,15mm,2.902363
SubNetW8CleanAuxExDnRcK6Rr01QdEma,minbias,0,test,20.466042,19.60271644592285,-0.042183297452959456,3,60mm,4.6191654
SubNetW8CleanAuxExDnRcK6Rr01QdEma,minbias,0,test,16.346079,17.110910415649414,0.04678990900056279,4,120mm,3.564104
SubNetW8CleanAuxExDnRcK6Rr01QdEma,minbias,0,test,50.448322,48.93939971923828,-0.02991026278429232,0,15mm,1.6579566
SubNetW8CleanAuxExDnRcK6Rr01QdEma,minbias,0,test,45.101196,44.75429153442383,-0.007691697408984233,3,60mm,4.8767376
SubNetW8CleanAuxExDnRcK6Rr01QdEma,minbias,0,test,11.36386,11.31917667388916,-0.003932066736875517,1,30mm,1.062861
SubNetW8CleanAuxExDnRcK6Rr01QdEma,minbias,0,test,48.952602,47.448612213134766,-0.03072339569336946,0,15mm,2.2059984
SubNetW8CleanAuxExDnRcK6Rr01QdEma,minbias,0,test,49.47293,49.509033203125,0.0007297383490147968,1,30mm,2.9910116
SubNetW8CleanAuxExDnRcK6Rr01QdEma,minbias,0,test,20.074474,19.66884422302246,-0.0202062631843285,2,40mm,1.607406
SubNetW8CleanAuxExDnRcK6Rr01QdEma,minbias,0,test,20.407253,19.5983943939209,-0.039635852064036525,3,60mm,2.704351
SubNetW8CleanAuxExDnRcK6Rr01QdEma,minbias,0,test,81.739624,80.21410369873047,-0.018663167869106045,0,15mm,2.7232273
SubNetW8CleanAuxExDnRcK6Rr01QdEma,minbias,0,test,24.729319,25.51530647277832,0.031783643784151216,1,30mm,2.1584206
SubNetW8CleanAuxExDnRcK6Rr01QdEma,minbias,0,test,28.616888,27.85543441772461,-0.02660854063897533,3,60mm,3.9223661
SubNetW8CleanAuxExDnRcK6Rr01QdEma,minbias,0,test,45.358162,44.767181396484375,-0.013029199259568913,2,40mm,3.6977558
SubNetW8CleanAuxExDnRcK6Rr01QdEma,minbias,0,test,84.306725,84.9957046508789,0.008172303054473584,1,30mm,4.7378807
SubNetW8CleanAuxExDnRcK6Rr01QdEma,minbias,0,test,20.836433,19.99703025817871,-0.04028535670778477,3,60mm,2.870881
SubNetW8CleanAuxExDnRcK6Rr01QdEma,minbias,0,test,22.905338,23.487096786499023,0.025398380580421653,1,30mm,1.0627495
SubNetW8CleanAuxExDnRcK6Rr01QdEma,minbias,0,test,25.67401,27.045852661132812,0.05343315571585916,0,15mm,0.7686989
SubNetW8CleanAuxExDnRcK6Rr01QdEma,minbias,0,test,70.24273,71.76295471191406,0.02164246097065714,1,30mm,3.6667075
SubNetW8CleanAuxExDnRcK6Rr01QdEma,minbias,0,test,17.332891,17.267364501953125,-0.003780498044165803,3,60mm,2.384613
SubNetW8CleanAuxExDnRcK6Rr01QdEma,minbias,0,test,30.435532,30.387752532958984,-0.001569845529706626,1,30mm,2.8612943
SubNetW8CleanAuxExDnRcK6Rr01QdEma,minbias,0,test,9.571308,8.877570152282715,-0.07248099986409262,3,60mm,1.7153499
SubNetW8CleanAuxExDnRcK6Rr01QdEma,minbias,0,test,84.39383,89.11449432373047,0.055936139106688154,0,15mm,2.0148447
SubNetW8CleanAuxExDnRcK6Rr01QdEma,minbias,0,test,2.4981868,2.4371726512908936,-0.024423383696843604,3,60mm,0.5395926
SubNetW8CleanAuxExDnRcK6Rr01QdEma,minbias,0,test,51.760887,51.748497009277344,-0.00023937257264938783,2,40mm,4.7240987
SubNetW8CleanAuxExDnRcK6Rr01QdEma,minbias,0,test,43.499687,43.42262268066406,-0.0017716107661879255,3,60mm,4.7184796
SubNetW8CleanAuxExDnRcK6Rr01QdEma,minbias,0,test,28.413809,27.01983070373535,-0.04905988238318015,3,60mm,4.5020056
SubNetW8CleanAuxExDnRcK6Rr01QdEma,minbias,0,test,23.668837,24.45944595336914,0.033402966665208034,3,60mm,2.5890913
SubNetW8CleanAuxExDnRcK6Rr01QdEma,minbias,0,test,80.852905,80.2004165649414,-0.008070071276838231,1,30mm,4.3610907
SubNetW8CleanAuxExDnRcK6Rr01QdEma,minbias,0,test,44.617096,43.08351135253906,-0.034372129385990435,2,40mm,4.37866
SubNetW8CleanAuxExDnRcK6Rr01QdEma,minbias,0,test,13.765356,14.048474311828613,0.020567448213671735,3,60mm,2.5777328
SubNetW8CleanAuxExDnRcK6Rr01QdEma,minbias,0,test,54.088707,54.01694869995117,-0.001326677494863926,2,40mm,3.6609194
SubNetW8CleanAuxExDnRcK6Rr01QdEma,minbias,0,test,49.168655,47.618446350097656,-0.03152840021636605,2,40mm,4.946191
SubNetW8CleanAuxExDnRcK6Rr01QdEma,minbias,0,test,19.359667,18.532838821411133,-0.04270879299896424,4,120mm,4.626311
SubNetW8CleanAuxExDnRcK6Rr01QdEma,minbias,0,test,16.682442,16.1041202545166,-0.03466647550238933,3,60mm,3.1004817
SubNetW8CleanAuxExDnRcK6Rr01QdEma,minbias,0,test,25.971561,30.22408676147461,0.16373776142581487,3,60mm,4.1418056
SubNetW8CleanAuxExDnRcK6Rr01QdEma,minbias,0,test,74.052666,72.72810363769531,-0.017886757485990223,0,15mm,2.0433807
SubNetW8CleanAuxExDnRcK6Rr01QdEma,minbias,0,test,34.758057,36.033138275146484,0.03668449153256681,1,30mm,2.0366316
SubNetW8CleanAuxExDnRcK6Rr01QdEma,minbias,0,test,17.984163,18.208637237548828,0.01248175684898345,3,60mm,2.3805764
SubNetW8CleanAuxExDnRcK6Rr01QdEma,minbias,0,test,27.259829,27.824974060058594,0.02073180655388973,2,40mm,3.0215638
SubNetW8CleanAuxExDnRcK6Rr01QdEma,minbias,0,test,24.836004,23.260398864746094,-0.06344037374688194,2,40mm,4.7234955
SubNetW8CleanAuxExDnRcK6Rr01QdEma,minbias,0,test,3.2026668,3.1279850006103516,-0.02331861679311442,3,60mm,0.56809163
SubNetW8CleanAuxExDnRcK6Rr01QdEma,minbias,0,test,31.308876,30.104732513427734,-0.038460132606610076,2,40mm,4.329713
SubNetW8CleanAuxExDnRcK6Rr01QdEma,minbias,0,test,9.311733,10.916892051696777,0.17238023936764013,4,120mm,2.0193622
SubNetW8CleanAuxExDnRcK6Rr01QdEma,minbias,0,test,8.454215,7.583235263824463,-0.10302314062209705,3,60mm,1.4034147
SubNetW8CleanAuxExDnRcK6Rr01QdEma,minbias,0,test,19.530886,19.12289047241211,-0.020889745111456692,3,60mm,3.2804837
SubNetW8CleanAuxExDnRcK6Rr01QdEma,minbias,0,test,35.32084,37.19205856323242,0.05297778002420528,1,30mm,1.9496801
SubNetW8CleanAuxExDnRcK6Rr01QdEma,minbias,0,test,67.91888,67.14822387695312,-0.01134666544899876,2,40mm,4.863944
SubNetW8CleanAuxExDnRcK6Rr01QdEma,minbias,0,test,27.417763,29.170793533325195,0.063937776125504,0,15mm,0.72579426
SubNetW8CleanAuxExDnRcK6Rr01QdEma,minbias,0,test,19.797216,19.009506225585938,-0.039788936651032225,3,60mm,4.7440386
SubNetW8CleanAuxExDnRcK6Rr01QdEma,minbias,0,test,45.627296,48.09259033203125,0.05403111900570878,1,30mm,2.2934406
SubNetW8CleanAuxExDnRcK6Rr01QdEma,minbias,0,test,24.887318,24.91732406616211,0.0012056907499791159,3,60mm,4.163904
SubNetW8CleanAuxExDnRcK6Rr01QdEma,minbias,0,test,24.70976,25.62395477294922,0.036997286999930656,2,40mm,2.2847867
SubNetW8CleanAuxExDnRcK6Rr01QdEma,minbias,0,test,21.58241,19.685958862304688,-0.08787025539267335,2,40mm,2.9359715
SubNetW8CleanAuxExDnRcK6Rr01QdEma,minbias,0,test,36.284714,36.34788513183594,0.0017409917344946013,2,40mm,3.7935522
SubNetW8CleanAuxExDnRcK6Rr01QdEma,minbias,0,test,28.084486,26.844409942626953,-0.04415519887826691,2,40mm,3.360978
SubNetW8CleanAuxExDnRcK6Rr01QdEma,minbias,0,test,52.73149,49.99980163574219,-0.05180375894399314,1,30mm,4.0049677
SubNetW8CleanAuxExDnRcK6Rr01QdEma,minbias,0,test,50.837418,51.20248794555664,0.007181134688465152,1,30mm,4.2735753
SubNetW8CleanAuxExDnRcK6Rr01QdEma,minbias,0,test,13.150087,14.067567825317383,0.0697699143642414,1,30mm,0.80553234
SubNetW8CleanAuxExDnRcK6Rr01QdEma,minbias,0,test,25.157198,24.0430908203125,-0.04428581967164025,3,60mm,4.4429655
SubNetW8CleanAuxExDnRcK6Rr01QdEma,minbias,0,test,25.396187,26.42465591430664,0.04049698849020156,3,60mm,3.8409429
SubNetW8CleanAuxExDnRcK6Rr01QdEma,minbias,0,test,11.1636915,13.29135513305664,0.19058781841313732,3,60mm,1.2967373
SubNetW8CleanAuxExDnRcK6Rr01QdEma,minbias,0,test,16.79634,16.6722354888916,-0.007388838671287701,3,60mm,3.1075408
SubNetW8CleanAuxExDnRcK6Rr01QdEma,minbias,0,test,79.57492,81.14311218261719,0.019707107659373335,1,30mm,3.4703362
SubNetW8CleanAuxExDnRcK6Rr01QdEma,minbias,0,test,61.497513,64.20332336425781,0.04399869885648733,2,40mm,4.0952024
SubNetW8CleanAuxExDnRcK6Rr01QdEma,minbias,0,test,57.31603,55.67142105102539,-0.02869367582264104,0,15mm,1.6939234
SubNetW8CleanAuxExDnRcK6Rr01QdEma,minbias,0,test,5.2463694,5.198821544647217,-0.009062994606466201,3,60mm,0.9487902
SubNetW8CleanAuxExDnRcK6Rr01QdEma,minbias,0,test,20.388367,19.77401351928711,-0.030132535332277555,4,120mm,4.426207
SubNetW8CleanAuxExDnRcK6Rr01QdEma,minbias,0,test,13.946043,13.826573371887207,-0.008566562035892122,3,60mm,2.782142
SubNetW8CleanAuxExDnRcK6Rr01QdEma,minbias,0,test,15.309002,16.93260383605957,0.10605537328037751,3,60mm,3.504151
SubNetW8CleanAuxExDnRcK6Rr01QdEma,minbias,0,test,12.646111,13.185724258422852,0.04267033110896734,3,60mm,1.4658272
SubNetW8CleanAuxExDnRcK6Rr01QdEma,minbias,0,test,8.025088,7.846519470214844,-0.022251323988418226,3,60mm,0.9119854
SubNetW8CleanAuxExDnRcK6Rr01QdEma,minbias,0,test,20.22663,20.175315856933594,-0.002536922965070132,3,60mm,3.4713192
SubNetW8CleanAuxExDnRcK6Rr01QdEma,minbias,0,test,38.124615,41.95595932006836,0.10049530029550313,1,30mm,2.5009532
SubNetW8CleanAuxExDnRcK6Rr01QdEma,minbias,0,test,43.571724,43.200721740722656,-0.008514746806751128,2,40mm,3.9488018
SubNetW8CleanAuxExDnRcK6Rr01QdEma,minbias,0,test,21.313158,21.273115158081055,-0.001878786669295307,2,40mm,2.2619228
SubNetW8CleanAuxExDnRcK6Rr01QdEma,minbias,0,test,41.330223,41.0242805480957,-0.007402392548966352,2,40mm,4.318642
SubNetW8CleanAuxExDnRcK6Rr01QdEma,minbias,0,test,58.968216,57.15489196777344,-0.03075087054322878,2,40mm,4.5693126
SubNetW8CleanAuxExDnRcK6Rr01QdEma,minbias,0,test,10.200687,10.225648880004883,0.0024470381806764863,3,60mm,1.605892
SubNetW8CleanAuxExDnRcK6Rr01QdEma,minbias,0,test,74.08916,87.96183013916016,0.18724295938611557,1,30mm,3.8085785
SubNetW8CleanAuxExDnRcK6Rr01QdEma,minbias,0,test,69.73887,69.69187927246094,-0.0006737912699887882,1,30mm,3.751288
SubNetW8CleanAuxExDnRcK6Rr01QdEma,minbias,0,test,27.980032,27.33295440673828,-0.023126405330208488,2,40mm,2.8854308
SubNetW8CleanAuxExDnRcK6Rr01QdEma,minbias,0,test,14.820507,13.899357795715332,-0.062153693579095726,3,60mm,2.2131958
SubNetW8CleanAuxExDnRcK6Rr01QdEma,minbias,0,test,20.280779,21.525531768798828,0.06137599009270134,1,30mm,1.2512734
SubNetW8CleanAuxExDnRcK6Rr01QdEma,minbias,0,test,25.323406,27.162120819091797,0.07260929211784983,2,40mm,4.770887
SubNetW8CleanAuxExDnRcK6Rr01QdEma,minbias,0,test,27.129036,27.23720932006836,0.003987365071205007,3,60mm,3.5389419
SubNetW8CleanAuxExDnRcK6Rr01QdEma,minbias,0,test,9.610519,13.136826515197754,0.36692159454460294,1,30mm,0.78968686
SubNetW8CleanAuxExDnRcK6Rr01QdEma,minbias,0,test,4.9704237,5.138675212860107,0.03385053762883827,4,120mm,1.1946146
SubNetW8CleanAuxExDnRcK6Rr01QdEma,minbias,0,test,26.20932,25.75978660583496,-0.017151664421356072,3,60mm,4.3613653
SubNetW8CleanAuxExDnRcK6Rr01QdEma,minbias,0,test,38.596603,36.68190002441406,-0.049608079488682844,2,40mm,2.6440282
SubNetW8CleanAuxExDnRcK6Rr01QdEma,minbias,0,test,32.479057,31.05243682861328,-0.04392431928345508,2,40mm,3.112489
SubNetW8CleanAuxExDnRcK6Rr01QdEma,minbias,0,test,16.02325,15.55416202545166,-0.02927549263772322,3,60mm,3.4265916
SubNetW8CleanAuxExDnRcK6Rr01QdEma,minbias,0,test,54.07616,53.21409225463867,-0.015941741599257542,1,30mm,3.0960484
SubNetW8CleanAuxExDnRcK6Rr01QdEma,minbias,0,test,66.11842,64.15735626220703,-0.029659920745639945,0,15mm,3.5276077
SubNetW8CleanAuxExDnRcK6Rr01QdEma,minbias,0,test,23.218594,23.88526153564453,0.02871267527188759,2,40mm,4.268027
SubNetW8CleanAuxExDnRcK6Rr01QdEma,minbias,0,test,19.837776,18.262359619140625,-0.07941497828801658,1,30mm,2.0602243
SubNetW8CleanAuxExDnRcK6Rr01QdEma,minbias,0,test,98.92568,97.47988891601562,-0.014614942466239844,0,15mm,3.588997
SubNetW8CleanAuxExDnRcK6Rr01QdEma,minbias,0,test,35.89599,37.87251663208008,0.055062647729767766,3,60mm,4.744416
SubNetW8CleanAuxExDnRcK6Rr01QdEma,minbias,0,test,56.510643,51.883522033691406,-0.08188052242194266,0,15mm,1.6161547
SubNetW8CleanAuxExDnRcK6Rr01QdEma,minbias,0,test,15.10029,14.14296817779541,-0.06339759711533588,2,40mm,2.5759711
SubNetW8CleanAuxExDnRcK6Rr01QdEma,minbias,0,test,78.20965,78.57920837402344,0.004725251302421851,1,30mm,3.8444767
SubNetW8CleanAuxExDnRcK6Rr01QdEma,minbias,0,test,8.921511,9.003326416015625,0.009170612734612726,1,30mm,0.9070526
SubNetW8CleanAuxExDnRcK6Rr01QdEma,minbias,0,test,39.694916,30.877490997314453,-0.22212982702696882,1,30mm,2.972522
SubNetW8CleanAuxExDnRcK6Rr01QdEma,minbias,0,test,67.66728,68.61245727539062,0.013967978933140834,0,15mm,1.3931451
SubNetW8CleanAuxExDnRcK6Rr01QdEma,minbias,0,test,6.3210945,6.237621307373047,-0.013205498730565424,3,60mm,1.4610548
SubNetW8CleanAuxExDnRcK6Rr01QdEma,minbias,0,test,7.698831,7.539012908935547,-0.02075875814981143,3,60mm,0.98792976
SubNetW8CleanAuxExDnRcK6Rr01QdEma,minbias,0,test,37.601665,37.21391677856445,-0.01031200913944752,3,60mm,4.8725963
SubNetW8CleanAuxExDnRcK6Rr01QdEma,minbias,0,test,11.313109,10.612141609191895,-0.061960665635138135,2,40mm,1.0232887
SubNetW8CleanAuxExDnRcK6Rr01QdEma,minbias,0,test,27.787062,28.299625396728516,0.018446128314643317,2,40mm,2.4422607
SubNetW8CleanAuxExDnRcK6Rr01QdEma,minbias,0,test,98.06217,96.08338928222656,-0.020178858113598874,0,15mm,3.7595127
SubNetW8CleanAuxExDnRcK6Rr01QdEma,minbias,0,test,84.37155,53.05486297607422,-0.37117592335045524,0,15mm,2.6143553
SubNetW8CleanAuxExDnRcK6Rr01QdEma,minbias,0,test,7.4317474,7.44564962387085,0.0018706485205739476,2,40mm,0.58606565
SubNetW8CleanAuxExDnRcK6Rr01QdEma,minbias,0,test,3.0042012,3.5280489921569824,0.1743717507822884,3,60mm,0.7064786
SubNetW8CleanAuxExDnRcK6Rr01QdEma,minbias,0,test,19.939873,19.673139572143555,-0.013376874216346368,3,60mm,2.6165326
SubNetW8CleanAuxExDnRcK6Rr01QdEma,minbias,0,test,30.849466,31.328489303588867,0.015527755803216303,0,15mm,1.1765012
SubNetW8CleanAuxExDnRcK6Rr01QdEma,minbias,0,test,88.92515,87.12664794921875,-0.02022487565415998,0,15mm,4.694912
SubNetW8CleanAuxExDnRcK6Rr01QdEma,minbias,0,test,10.609576,10.175190925598145,-0.04094275685088655,3,60mm,2.147864
SubNetW8CleanAuxExDnRcK6Rr01QdEma,minbias,0,test,44.173653,42.143184661865234,-0.045965589560770126,0,15mm,1.8053917
SubNetW8CleanAuxExDnRcK6Rr01QdEma,minbias,0,test,41.04394,40.410987854003906,-0.015421365997042802,2,40mm,3.7794516
SubNetW8CleanAuxExDnRcK6Rr01QdEma,minbias,0,test,15.7501545,15.840484619140625,0.005735189704245247,3,60mm,2.1280415
SubNetW8CleanAuxExDnRcK6Rr01QdEma,minbias,0,test,15.262397,14.904582977294922,-0.023444144425102453,4,120mm,3.359776
SubNetW8CleanAuxExDnRcK6Rr01QdEma,minbias,0,test,17.115292,18.40981101989746,0.07563525384410852,2,40mm,3.0159037
SubNetW8CleanAuxExDnRcK6Rr01QdEma,minbias,0,test,20.334301,19.354679107666016,-0.04817583291670691,2,40mm,3.387311
SubNetW8CleanAuxExDnRcK6Rr01QdEma,minbias,0,test,14.143619,14.078499794006348,-0.0046041109838746985,4,120mm,3.0827498
SubNetW8CleanAuxExDnRcK6Rr01QdEma,minbias,0,test,32.95834,32.954872131347656,-0.00010521039126809573,2,40mm,2.236896
SubNetW8CleanAuxExDnRcK6Rr01QdEma,minbias,0,test,55.604206,54.32523727416992,-0.02300129614431201,1,30mm,3.1877124
SubNetW8CleanAuxExDnRcK6Rr01QdEma,minbias,0,test,93.273796,94.38488006591797,0.011912069960181126,0,15mm,3.0879893
SubNetW8CleanAuxExDnRcK6Rr01QdEma,minbias,0,test,32.70342,36.25330352783203,0.10854781958018211,1,30mm,1.5381426
SubNetW8CleanAuxExDnRcK6Rr01QdEma,minbias,0,test,42.357395,42.533843994140625,0.004165714659848385,2,40mm,4.766852
SubNetW8CleanAuxExDnRcK6Rr01QdEma,minbias,0,test,26.475138,26.01567268371582,-0.01735458496489739,3,60mm,3.1283379
SubNetW8CleanAuxExDnRcK6Rr01QdEma,minbias,0,test,84.20268,83.66168975830078,-0.00642488719819323,0,15mm,1.8509544
SubNetW8CleanAuxExDnRcK6Rr01QdEma,minbias,0,test,57.775448,55.690452575683594,-0.036087911864438604,1,30mm,3.6913435
SubNetW8CleanAuxExDnRcK6Rr01QdEma,minbias,0,test,16.805983,17.630117416381836,0.04903818162730844,2,40mm,2.2596426
SubNetW8CleanAuxExDnRcK6Rr01QdEma,minbias,0,test,6.332834,4.9881591796875,-0.2123337887487421,2,40mm,0.7283016
SubNetW8CleanAuxExDnRcK6Rr01QdEma,minbias,0,test,24.619415,24.112396240234375,-0.020594276392691957,3,60mm,4.6062627
SubNetW8CleanAuxExDnRcK6Rr01QdEma,minbias,0,test,26.139977,25.756855010986328,-0.01465653538200562,2,40mm,2.7425044
SubNetW8CleanAuxExDnRcK6Rr01QdEma,minbias,0,test,37.185974,36.456241607666016,-0.019623864391757118,2,40mm,3.914706
SubNetW8CleanAuxExDnRcK6Rr01QdEma,minbias,0,test,18.776491,20.041414260864258,0.06736738427732059,4,120mm,4.02119
SubNetW8CleanAuxExDnRcK6Rr01QdEma,minbias,0,test,17.680195,18.62215232849121,0.0532775504735199,3,60mm,3.7832139
SubNetW8CleanAuxExDnRcK6Rr01QdEma,minbias,0,test,43.528423,48.923343658447266,0.12394017377526301,1,30mm,2.6474273
SubNetW8CleanAuxExDnRcK6Rr01QdEma,minbias,0,test,46.797558,42.14749526977539,-0.09936549633309388,1,30mm,2.796275
SubNetW8CleanAuxExDnRcK6Rr01QdEma,minbias,0,test,28.281208,28.92354393005371,0.022712463019721962,2,40mm,2.7677844
SubNetW8CleanAuxExDnRcK6Rr01QdEma,minbias,0,test,13.2229,12.767752647399902,-0.03442117309964732,3,60mm,2.7985246
SubNetW8CleanAuxExDnRcK6Rr01QdEma,minbias,0,test,11.498962,11.910521507263184,0.03579097752642002,3,60mm,2.0037408
SubNetW8CleanAuxExDnRcK6Rr01QdEma,minbias,0,test,3.2451553,3.4246859550476074,0.05532265856978613,4,120mm,0.7144922
SubNetW8CleanAuxExDnRcK6Rr01QdEma,minbias,0,test,60.681732,60.360660552978516,-0.00529107547252361,1,30mm,3.4699118
SubNetW8CleanAuxExDnRcK6Rr01QdEma,minbias,0,test,6.349715,6.732789993286133,0.06032943941410829,3,60mm,0.70197487
SubNetW8CleanAuxExDnRcK6Rr01QdEma,minbias,0,test,70.516914,75.71001434326172,0.07364332404717921,0,15mm,1.8579185
SubNetW8CleanAuxExDnRcK6Rr01QdEma,minbias,0,test,5.6155066,6.1900458335876465,0.10231297378498372,3,60mm,1.3022251
SubNetW8CleanAuxExDnRcK6Rr01QdEma,minbias,0,test,30.007156,30.409576416015625,0.013410802375125153,3,60mm,4.602942
SubNetW8CleanAuxExDnRcK6Rr01QdEma,minbias,0,test,31.356602,29.855213165283203,-0.04788109896112447,3,60mm,4.932228
SubNetW8CleanAuxExDnRcK6Rr01QdEma,minbias,0,test,51.682487,50.94590377807617,-0.014252094771769142,2,40mm,4.748402
SubNetW8CleanAuxExDnRcK6Rr01QdEma,minbias,0,test,3.651802,3.6307852268218994,-0.00575519587422102,3,60mm,0.7240331
SubNetW8CleanAuxExDnRcK6Rr01QdEma,minbias,0,test,6.4699793,6.16390323638916,-0.04730711432999746,3,60mm,0.799032
SubNetW8CleanAuxExDnRcK6Rr01QdEma,minbias,0,test,94.353584,96.02806854248047,0.017746906654770633,1,30mm,4.501407
SubNetW8CleanAuxExDnRcK6Rr01QdEma,minbias,0,test,77.34027,75.10859680175781,-0.028855267321841294,1,30mm,4.99081
SubNetW8CleanAuxExDnRcK6Rr01QdEma,minbias,0,test,96.781715,95.05418395996094,-0.01784977075565697,0,15mm,2.041937
SubNetW8CleanAuxExDnRcK6Rr01QdEma,minbias,0,test,48.17949,49.71305847167969,0.031830336175146634,0,15mm,1.5532163
SubNetW8CleanAuxExDnRcK6Rr01QdEma,minbias,0,test,66.77574,68.44720458984375,0.02503099139324738,1,30mm,3.0827196
SubNetW8CleanAuxExDnRcK6Rr01QdEma,minbias,0,test,43.802364,46.609004974365234,0.06407509427149627,1,30mm,2.1878977
SubNetW8CleanAuxExDnRcK6Rr01QdEma,minbias,0,test,43.27253,44.01141357421875,0.01707512777651332,3,60mm,4.9493732
SubNetW8CleanAuxExDnRcK6Rr01QdEma,minbias,0,test,38.899593,38.25624084472656,-0.016538797789021453,2,40mm,3.8744607
SubNetW8CleanAuxExDnRcK6Rr01QdEma,minbias,0,test,78.1221,77.65465545654297,-0.00598352282604242,1,30mm,3.9222553
SubNetW8CleanAuxExDnRcK6Rr01QdEma,minbias,0,test,18.493082,17.845600128173828,-0.03501211516320479,2,40mm,1.7155237
SubNetW8CleanAuxExDnRcK6Rr01QdEma,minbias,0,test,78.01681,77.34059143066406,-0.008667569805411168,1,30mm,4.1117935
SubNetW8CleanAuxExDnRcK6Rr01QdEma,minbias,0,test,70.51206,77.41006469726562,0.0978272712744439,1,30mm,3.8037984
SubNetW8CleanAuxExDnRcK6Rr01QdEma,minbias,0,test,46.397327,46.18382263183594,-0.004601661412796942,2,40mm,4.472795
SubNetW8CleanAuxExDnRcK6Rr01QdEma,minbias,0,test,46.452213,46.01731872558594,-0.00936219247675707,0,15mm,2.2864614
SubNetW8CleanAuxExDnRcK6Rr01QdEma,minbias,0,test,41.9403,41.80186462402344,-0.003300771902199684,0,15mm,1.0903537
SubNetW8CleanAuxExDnRcK6Rr01QdEma,minbias,0,test,21.347778,20.75812530517578,-0.027621282472081066,2,40mm,3.3202543
SubNetW8CleanAuxExDnRcK6Rr01QdEma,minbias,0,test,34.099472,35.078182220458984,0.02870162251319286,0,15mm,1.7576511
SubNetW8CleanAuxExDnRcK6Rr01QdEma,minbias,0,test,12.766125,12.274881362915039,-0.038480225831696524,3,60mm,1.7786539
SubNetW8CleanAuxExDnRcK6Rr01QdEma,minbias,0,test,13.876753,14.2926607131958,0.02997155488724701,3,60mm,2.8595285
SubNetW8CleanAuxExDnRcK6Rr01QdEma,minbias,0,test,42.472572,52.07648468017578,0.22612033666459186,1,30mm,2.509224
SubNetW8CleanAuxExDnRcK6Rr01QdEma,minbias,0,test,46.32207,51.7115592956543,0.11634817043127454,2,40mm,4.3544416
SubNetW8CleanAuxExDnRcK6Rr01QdEma,minbias,0,test,8.657642,9.380022048950195,0.08343838357312405,3,60mm,1.4528666
SubNetW8CleanAuxExDnRcK6Rr01QdEma,minbias,0,test,2.5798943,2.448025703430176,-0.05111395479527925,3,60mm,0.51226014
SubNetW8CleanAuxExDnRcK6Rr01QdEma,minbias,0,test,18.27357,17.185150146484375,-0.05956247267267767,3,60mm,3.2117102
SubNetW8CleanAuxExDnRcK6Rr01QdEma,minbias,0,test,35.129364,34.392799377441406,-0.0209672066919232,2,40mm,2.197138
SubNetW8CleanAuxExDnRcK6Rr01QdEma,minbias,0,test,20.207438,19.4341983795166,-0.038265076171004275,3,60mm,3.9047315
SubNetW8CleanAuxExDnRcK6Rr01QdEma,minbias,0,test,28.119295,27.168920516967773,-0.033797952587632185,2,40mm,3.5577757
SubNetW8CleanAuxExDnRcK6Rr01QdEma,minbias,0,test,12.463041,12.624404907226562,0.012947369564828115,4,120mm,2.4708009
SubNetW8CleanAuxExDnRcK6Rr01QdEma,minbias,0,test,41.357353,41.38147735595703,0.0005833097051703984,2,40mm,2.7025414
SubNetW8CleanAuxExDnRcK6Rr01QdEma,minbias,0,test,83.203964,83.36441040039062,0.0019283476270688382,0,15mm,1.9436046
SubNetW8CleanAuxExDnRcK6Rr01QdEma,minbias,0,test,7.4329557,7.533365726470947,0.013508755880631051,3,60mm,1.7888336
SubNetW8CleanAuxExDnRcK6Rr01QdEma,minbias,0,test,73.89993,76.39432525634766,0.033753649001281305,1,30mm,4.5464363
SubNetW8CleanAuxExDnRcK6Rr01QdEma,minbias,0,test,5.5525184,6.59128999710083,0.18708116939578634,3,60mm,0.86432016
SubNetW8CleanAuxExDnRcK6Rr01QdEma,minbias,0,test,52.76895,52.578460693359375,-0.0036099016096505787,2,40mm,3.7621694
SubNetW8CleanAuxExDnRcK6Rr01QdEma,minbias,0,test,75.669716,75.73193359375,0.0008222273822184878,1,30mm,4.031359
SubNetW8CleanAuxExDnRcK6Rr01QdEma,minbias,0,test,88.87625,85.72991943359375,-0.03540126573628999,0,15mm,2.9751122
SubNetW8CleanAuxExDnRcK6Rr01QdEma,minbias,0,test,30.351412,29.695337295532227,-0.021615947483048514,3,60mm,4.234125
SubNetW8CleanAuxExDnRcK6Rr01QdEma,minbias,0,test,50.82816,51.93020248413086,0.0216817442601287,1,30mm,2.3558996
SubNetW8CleanAuxExDnRcK6Rr01QdEma,minbias,0,test,24.59884,23.704057693481445,-0.03637500768596924,3,60mm,3.3091953
SubNetW8CleanAuxExDnRcK6Rr01QdEma,minbias,0,test,35.62719,35.502967834472656,-0.003486713463121127,3,60mm,4.5635877
SubNetW8CleanAuxExDnRcK6Rr01QdEma,minbias,0,test,50.45533,50.570045471191406,0.002273606701423958,2,40mm,3.9874418
SubNetW8CleanAuxExDnRcK6Rr01QdEma,minbias,0,test,28.042587,27.276750564575195,-0.02730977381095534,2,40mm,3.8852348
SubNetW8CleanAuxExDnRcK6Rr01QdEma,minbias,0,test,64.59271,63.0115852355957,-0.024478414173092933,1,30mm,4.0219774
SubNetW8CleanAuxExDnRcK6Rr01QdEma,minbias,0,test,28.142448,28.091276168823242,-0.001818329936912555,2,40mm,2.4380295
SubNetW8CleanAuxExDnRcK6Rr01QdEma,minbias,0,test,16.478281,15.57737922668457,-0.054672073699861046,3,60mm,3.3473272
SubNetW8CleanAuxExDnRcK6Rr01QdEma,minbias,0,test,28.890882,28.279531478881836,-0.021160690171077134,3,60mm,4.829532
SubNetW8CleanAuxExDnRcK6Rr01QdEma,minbias,0,test,85.25019,83.4544677734375,-0.02106415183293442,1,30mm,4.161612
SubNetW8CleanAuxExDnRcK6Rr01QdEma,minbias,0,test,73.44005,71.28616333007812,-0.0293284786702257,2,40mm,4.583703
SubNetW8CleanAuxExDnRcK6Rr01QdEma,minbias,0,test,20.320978,19.853971481323242,-0.022981506085247405,4,120mm,4.73
SubNetW8CleanAuxExDnRcK6Rr01QdEma,minbias,0,test,16.947975,16.058307647705078,-0.05249402967941463,2,40mm,1.1736207
SubNetW8CleanAuxExDnRcK6Rr01QdEma,minbias,0,test,27.060717,26.931333541870117,-0.004781214368115183,3,60mm,3.0752947
SubNetW8CleanAuxExDnRcK6Rr01QdEma,minbias,0,test,48.065907,45.713890075683594,-0.04893315489156547,1,30mm,3.0933015
SubNetW8CleanAuxExDnRcK6Rr01QdEma,minbias,0,test,90.00518,86.50944519042969,-0.03883926630131884,0,15mm,2.3035066
SubNetW8CleanAuxExDnRcK6Rr01QdEma,minbias,0,test,19.397205,19.90462875366211,0.02615961380261922,4,120mm,4.4890304
SubNetW8CleanAuxExDnRcK6Rr01QdEma,minbias,0,test,70.53846,68.11146545410156,-0.034406681565978814,0,15mm,3.1846962
SubNetW8CleanAuxExDnRcK6Rr01QdEma,minbias,0,test,12.196994,11.716829299926758,-0.03936744862474806,3,60mm,2.6099246
SubNetW8CleanAuxExDnRcK6Rr01QdEma,minbias,0,test,15.227003,13.81360149383545,-0.09282204742754752,3,60mm,2.0751646
SubNetW8CleanAuxExDnRcK6Rr01QdEma,minbias,0,test,31.517303,31.436622619628906,-0.002559890545616117,2,40mm,3.3677733
SubNetW8CleanAuxExDnRcK6Rr01QdEma,minbias,0,test,24.409008,24.72431755065918,0.012917752503448066,1,30mm,1.7440892
SubNetW8CleanAuxExDnRcK6Rr01QdEma,minbias,0,test,23.60778,23.02081298828125,-0.02486330594874031,1,30mm,1.2366174
SubNetW8CleanAuxExDnRcK6Rr01QdEma,minbias,0,test,19.315535,22.86726951599121,0.1838797112996935,1,30mm,2.0194776
SubNetW8CleanAuxExDnRcK6Rr01QdEma,minbias,0,test,64.382416,62.99464797973633,-0.021555074861957957,1,30mm,4.638958
SubNetW8CleanAuxExDnRcK6Rr01QdEma,minbias,0,test,25.629005,25.803075790405273,0.006791927948095466,3,60mm,2.8752644
SubNetW8CleanAuxExDnRcK6Rr01QdEma,minbias,0,test,5.76979,5.823456764221191,0.009301307333385855,3,60mm,1.1802273
SubNetW8CleanAuxExDnRcK6Rr01QdEma,minbias,0,test,44.056015,43.841224670410156,-0.00487539202460463,2,40mm,4.763083
SubNetW8CleanAuxExDnRcK6Rr01QdEma,minbias,0,test,55.311535,55.169349670410156,-0.0025706249426277195,2,40mm,4.194613
SubNetW8CleanAuxExDnRcK6Rr01QdEma,minbias,0,test,19.734108,19.946456909179688,0.010760503504808838,2,40mm,2.1479986
SubNetW8CleanAuxExDnRcK6Rr01QdEma,minbias,0,test,94.49264,92.99909973144531,-0.015805865305745792,1,30mm,4.5809464
SubNetW8CleanAuxExDnRcK6Rr01QdEma,minbias,0,test,43.905655,46.084800720214844,0.04963246346268724,0,15mm,2.1663778
SubNetW8CleanAuxExDnRcK6Rr01QdEma,minbias,0,test,26.519524,26.702224731445312,0.006889305911132126,3,60mm,4.5773673
SubNetW8CleanAuxExDnRcK6Rr01QdEma,minbias,0,test,23.097652,23.214155197143555,0.005043922198030737,4,120mm,4.921254
SubNetW8CleanAuxExDnRcK6Rr01QdEma,minbias,0,test,14.084546,14.123408317565918,0.0027592105664966393,2,40mm,1.5778708
SubNetW8CleanAuxExDnRcK6Rr01QdEma,minbias,0,test,41.64543,40.46820831298828,-0.02826776341702464,2,40mm,3.843422
SubNetW8CleanAuxExDnRcK6Rr01QdEma,minbias,0,test,16.624798,17.205673217773438,0.03494029840129542,3,60mm,3.5227995
SubNetW8CleanAuxExDnRcK6Rr01QdEma,minbias,0,test,38.87878,37.93846130371094,-0.02418591973440709,0,15mm,1.4054554
SubNetW8CleanAuxExDnRcK6Rr01QdEma,minbias,0,test,59.130135,57.87625503540039,-0.021205423528493417,1,30mm,3.5994635
SubNetW8CleanAuxExDnRcK6Rr01QdEma,minbias,0,test,21.353668,20.805755615234375,-0.02565894497346788,3,60mm,3.7235994
SubNetW8CleanAuxExDnRcK6Rr01QdEma,minbias,0,test,6.67476,6.756230354309082,0.012205755885168035,4,120mm,1.583915
SubNetW8CleanAuxExDnRcK6Rr01QdEma,minbias,0,test,27.011173,26.803802490234375,-0.0076772214279793305,2,40mm,2.6807265
SubNetW8CleanAuxExDnRcK6Rr01QdEma,minbias,0,test,18.57919,18.381168365478516,-0.010658211822669239,3,60mm,3.9340222
SubNetW8CleanAuxExDnRcK6Rr01QdEma,minbias,0,test,37.339153,34.255279541015625,-0.08259088589515884,0,15mm,1.03156
SubNetW8CleanAuxExDnRcK6Rr01QdEma,minbias,0,test,39.642994,39.66401290893555,0.0005302067238488473,1,30mm,2.309436
SubNetW8CleanAuxExDnRcK6Rr01QdEma,minbias,0,test,99.852844,98.30188751220703,-0.01553242411776612,0,15mm,3.3140504
SubNetW8CleanAuxExDnRcK6Rr01QdEma,minbias,0,test,24.55139,24.08867835998535,-0.018846645342343482,3,60mm,3.4322124
SubNetW8CleanAuxExDnRcK6Rr01QdEma,minbias,0,test,14.493121,13.799019813537598,-0.04789177752470386,3,60mm,1.6772199
SubNetW8CleanAuxExDnRcK6Rr01QdEma,minbias,0,test,21.967342,20.820629119873047,-0.05220081870494031,1,30mm,1.1977011
SubNetW8CleanAuxExDnRcK6Rr01QdEma,minbias,0,test,8.537123,7.904942035675049,-0.07405079100098277,3,60mm,1.1348003
SubNetW8CleanAuxExDnRcK6Rr01QdEma,minbias,0,test,10.40015,9.96094799041748,-0.042230380910357024,3,60mm,2.4888299
SubNetW8CleanAuxExDnRcK6Rr01QdEma,minbias,0,test,16.663288,17.147815704345703,0.029077549671133074,3,60mm,2.293061
SubNetW8CleanAuxExDnRcK6Rr01QdEma,minbias,0,test,9.671174,10.076458930969238,0.04190648203853664,3,60mm,1.1508281
SubNetW8CleanAuxExDnRcK6Rr01QdEma,minbias,0,test,64.730354,64.25894927978516,-0.0072825961533588,1,30mm,3.0517879
SubNetW8CleanAuxExDnRcK6Rr01QdEma,minbias,0,test,12.646359,12.169290542602539,-0.0377238131801646,4,120mm,2.935286
SubNetW8CleanAuxExDnRcK6Rr01QdEma,minbias,0,test,50.71935,51.05038833618164,0.006526886402167031,1,30mm,2.7101057
SubNetW8CleanAuxExDnRcK6Rr01QdEma,minbias,0,test,8.94636,10.279308319091797,0.14899341622340967,2,40mm,1.0989285
SubNetW8CleanAuxExDnRcK6Rr01QdEma,minbias,0,test,21.6752,23.208322525024414,0.07073166804044373,1,30mm,1.845318
SubNetW8CleanAuxExDnRcK6Rr01QdEma,minbias,0,test,16.509853,21.927736282348633,0.32816057176142377,3,60mm,2.1988935
SubNetW8CleanAuxExDnRcK6Rr01QdEma,minbias,0,test,3.736519,3.5197596549987793,-0.0580110625910496,3,60mm,0.7068506
SubNetW8CleanAuxExDnRcK6Rr01QdEma,minbias,0,test,12.129788,12.497645378112793,0.03032674332622709,3,60mm,2.1078079
SubNetW8CleanAuxExDnRcK6Rr01QdEma,minbias,0,test,56.294228,58.20845413208008,0.034003957662954054,1,30mm,3.8505752
SubNetW8CleanAuxExDnRcK6Rr01QdEma,minbias,0,test,3.7063448,4.991330146789551,0.34669879850403373,2,40mm,0.55619687
SubNetW8CleanAuxExDnRcK6Rr01QdEma,minbias,0,test,23.889235,24.170825958251953,0.011787377067282057,2,40mm,3.013049
SubNetW8CleanAuxExDnRcK6Rr01QdEma,minbias,0,test,42.1529,41.41132354736328,-0.01759255320978126,2,40mm,2.63543
SubNetW8CleanAuxExDnRcK6Rr01QdEma,minbias,0,test,16.52013,16.504762649536133,-0.000930229228709889,3,60mm,2.1185365
SubNetW8CleanAuxExDnRcK6Rr01QdEma,minbias,0,test,18.154354,17.952037811279297,-0.011144229264003047,3,60mm,3.419085
SubNetW8CleanAuxExDnRcK6Rr01QdEma,minbias,0,test,34.293243,32.26458740234375,-0.05915614285040505,2,40mm,4.6965375
SubNetW8CleanAuxExDnRcK6Rr01QdEma,minbias,0,test,21.43603,20.911598205566406,-0.024464942551389424,2,40mm,3.783076
SubNetW8CleanAuxExDnRcK6Rr01QdEma,minbias,0,test,41.25042,40.60999298095703,-0.015525336267923073,2,40mm,3.1007254
SubNetW8CleanAuxExDnRcK6Rr01QdEma,minbias,0,test,34.995667,34.85578155517578,-0.003997207731844643,3,60mm,3.7984262
SubNetW8CleanAuxExDnRcK6Rr01QdEma,minbias,0,test,21.216969,28.05532455444336,0.32230598854600245,1,30mm,1.0775088
SubNetW8CleanAuxExDnRcK6Rr01QdEma,minbias,0,test,16.638245,15.986372947692871,-0.0391791138880635,3,60mm,3.0519207
SubNetW8CleanAuxExDnRcK6Rr01QdEma,minbias,0,test,30.935856,30.517845153808594,-0.01351217543447314,2,40mm,4.0463095
SubNetW8CleanAuxExDnRcK6Rr01QdEma,minbias,0,test,98.975395,97.7689208984375,-0.012189638664530267,0,15mm,3.3871708
SubNetW8CleanAuxExDnRcK6Rr01QdEma,minbias,0,test,13.125086,12.489657402038574,-0.04841327796608941,2,40mm,1.346415
SubNetW8CleanAuxExDnRcK6Rr01QdEma,minbias,0,test,37.629368,37.06462860107422,-0.015007938211206384,2,40mm,3.870805
SubNetW8CleanAuxExDnRcK6Rr01QdEma,minbias,0,test,48.285328,49.0575065612793,0.015991993495821477,2,40mm,3.6933913
SubNetW8CleanAuxExDnRcK6Rr01QdEma,minbias,0,test,72.26412,71.50042724609375,-0.010568104087468888,0,15mm,2.2319343
SubNetW8CleanAuxExDnRcK6Rr01QdEma,minbias,0,test,18.155853,17.19202995300293,-0.05308609317719193,1,30mm,0.7407038
SubNetW8CleanAuxExDnRcK6Rr01QdEma,minbias,0,test,21.88062,23.773283004760742,0.08649956161860617,3,60mm,4.794955
SubNetW8CleanAuxExDnRcK6Rr01QdEma,minbias,0,test,19.614025,19.433494567871094,-0.009204156058143398,2,40mm,1.9809101
SubNetW8CleanAuxExDnRcK6Rr01QdEma,minbias,0,test,26.1354,25.572256088256836,-0.021547199094003266,3,60mm,4.369495
SubNetW8CleanAuxExDnRcK6Rr01QdEma,minbias,0,test,17.614796,17.90727996826172,0.016604466420204522,3,60mm,2.258905
SubNetW8CleanAuxExDnRcK6Rr01QdEma,minbias,0,test,39.164707,37.91130065917969,-0.03200346982743296,3,60mm,4.958561
SubNetW8CleanAuxExDnRcK6Rr01QdEma,minbias,0,test,76.323586,73.60722351074219,-0.035590073256539845,2,40mm,4.786579
SubNetW8CleanAuxExDnRcK6Rr01QdEma,minbias,0,test,28.95287,30.588186264038086,0.056482030340373024,1,30mm,1.2232866
SubNetW8CleanAuxExDnRcK6Rr01QdEma,minbias,0,test,84.1946,76.3248519897461,-0.09347096725085413,0,15mm,1.9123472
SubNetW8CleanAuxExDnRcK6Rr01QdEma,minbias,0,test,24.580587,24.58810043334961,0.0003056495821818217,3,60mm,3.2847016
SubNetW8CleanAuxExDnRcK6Rr01QdEma,minbias,0,test,16.202776,15.760684967041016,-0.02728489176061788,2,40mm,2.881952
SubNetW8CleanAuxExDnRcK6Rr01QdEma,minbias,0,test,2.8096728,2.6468417644500732,-0.05795374684058596,3,60mm,0.5778686
SubNetW8CleanAuxExDnRcK6Rr01QdEma,minbias,0,test,18.16102,18.768774032592773,0.03346473624982349,2,40mm,2.4893026
SubNetW8CleanAuxExDnRcK6Rr01QdEma,minbias,0,test,24.776386,25.300195693969727,0.021141478319951945,3,60mm,3.4170456
SubNetW8CleanAuxExDnRcK6Rr01QdEma,minbias,0,test,11.445377,10.69674015045166,-0.06540956899174988,3,60mm,1.6414666
SubNetW8CleanAuxExDnRcK6Rr01QdEma,minbias,0,test,26.033447,26.232940673828125,0.007662965498485441,2,40mm,4.427044
SubNetW8CleanAuxExDnRcK6Rr01QdEma,minbias,0,test,37.735046,38.20306396484375,0.012402729635698106,2,40mm,4.1647606
SubNetW8CleanAuxExDnRcK6Rr01QdEma,minbias,0,test,41.78936,40.66453552246094,-0.026916529056133176,2,40mm,4.0001497
SubNetW8CleanAuxExDnRcK6Rr01QdEma,minbias,0,test,13.463354,14.172531127929688,0.05267461669505957,4,120mm,3.053906
SubNetW8CleanAuxExDnRcK6Rr01QdEma,minbias,0,test,27.060165,27.7786865234375,0.02655272454558011,3,60mm,4.738411
SubNetW8CleanAuxExDnRcK6Rr01QdEma,minbias,0,test,23.423428,24.377206802368164,0.04071902872672095,1,30mm,1.8902209
SubNetW8CleanAuxExDnRcK6Rr01QdEma,minbias,0,test,38.185234,35.910823822021484,-0.059562558753570194,0,15mm,1.3012923
SubNetW8CleanAuxExDnRcK6Rr01QdEma,minbias,0,test,15.652733,15.132501602172852,-0.03323580948852989,4,120mm,3.4892192
SubNetW8CleanAuxExDnRcK6Rr01QdEma,minbias,0,test,17.616562,17.626556396484375,0.0005673358342306312,3,60mm,3.5987794
SubNetW8CleanAuxExDnRcK6Rr01QdEma,minbias,0,test,31.860737,32.78639221191406,0.029053168777532834,3,60mm,4.067512
SubNetW8CleanAuxExDnRcK6Rr01QdEma,minbias,0,test,14.688264,15.063470840454102,0.02554467635226909,3,60mm,2.2865212
SubNetW8CleanAuxExDnRcK6Rr01QdEma,minbias,0,test,24.61294,24.22486686706543,-0.0157670302750198,1,30mm,1.4336879
SubNetW8CleanAuxExDnRcK6Rr01QdEma,minbias,0,test,64.06842,64.43570709228516,0.005732725729424848,0,15mm,2.0263488
SubNetW8CleanAuxExDnRcK6Rr01QdEma,minbias,0,test,14.0141115,4.661585807800293,-0.6673648699365037,1,30mm,1.2710724
SubNetW8CleanAuxExDnRcK6Rr01QdEma,minbias,0,test,62.68474,58.972999572753906,-0.05921279557713566,0,15mm,2.1482062
SubNetW8CleanAuxExDnRcK6Rr01QdEma,minbias,0,test,13.912756,13.391746520996094,-0.03744832774014639,2,40mm,2.1540473
SubNetW8CleanAuxExDnRcK6Rr01QdEma,minbias,0,test,30.436453,29.891956329345703,-0.017889618697002452,0,15mm,0.96886945
SubNetW8CleanAuxExDnRcK6Rr01QdEma,minbias,0,test,21.90269,21.695161819458008,-0.009475048936204655,3,60mm,3.6181087
SubNetW8CleanAuxExDnRcK6Rr01QdEma,minbias,0,test,2.5162904,2.707759141921997,0.07609166003653378,4,120mm,0.5207026
SubNetW8CleanAuxExDnRcK6Rr01QdEma,minbias,0,test,56.874405,56.61170959472656,-0.004618867009307803,2,40mm,4.7327595
SubNetW8CleanAuxExDnRcK6Rr01QdEma,minbias,0,test,73.93526,74.84331512451172,0.012281801725794406,1,30mm,3.2502365
SubNetW8CleanAuxExDnRcK6Rr01QdEma,minbias,0,test,15.663829,15.654190063476562,-0.0006153531431138948,3,60mm,1.80371
SubNetW8CleanAuxExDnRcK6Rr01QdEma,minbias,0,test,12.007659,12.002690315246582,-0.0004137894993250235,2,40mm,0.92968696
SubNetW8CleanAuxExDnRcK6Rr01QdEma,minbias,0,test,20.404564,20.23822784423828,-0.008151904659881803,3,60mm,2.4688466
SubNetW8CleanAuxExDnRcK6Rr01QdEma,minbias,0,test,36.203182,36.34626007080078,0.003952079390991736,1,30mm,2.984329
SubNetW8CleanAuxExDnRcK6Rr01QdEma,minbias,0,test,38.30443,38.88725280761719,0.015215596105514928,2,40mm,4.989244
SubNetW8CleanAuxExDnRcK6Rr01QdEma,minbias,0,test,37.387085,37.97511291503906,0.015728103828258844,1,30mm,2.7622495
SubNetW8CleanAuxExDnRcK6Rr01QdEma,minbias,0,test,23.05396,22.436067581176758,-0.026802041712049807,2,40mm,2.574348
SubNetW8CleanAuxExDnRcK6Rr01QdEma,minbias,0,test,33.174843,31.873456954956055,-0.03922809479489997,2,40mm,2.5177891
SubNetW8CleanAuxExDnRcK6Rr01QdEma,minbias,0,test,50.78211,51.60625457763672,0.016229067642711925,1,30mm,2.996552
SubNetW8CleanAuxExDnRcK6Rr01QdEma,minbias,0,test,19.084631,19.2844181060791,0.010468483265228201,1,30mm,1.16446
SubNetW8CleanAuxExDnRcK6Rr01QdEma,minbias,0,test,40.11912,41.041751861572266,0.022997270986452767,2,40mm,3.673669
SubNetW8CleanAuxExDnRcK6Rr01QdEma,minbias,0,test,46.42675,44.80710220336914,-0.03488609418812416,0,15mm,1.6935865
SubNetW8CleanAuxExDnRcK6Rr01QdEma,minbias,0,test,15.121294,15.35155963897705,0.015227904241633228,2,40mm,1.4848642
SubNetW8CleanAuxExDnRcK6Rr01QdEma,minbias,0,test,29.78589,29.652414321899414,-0.0044811907493315095,3,60mm,4.094472
SubNetW8CleanAuxExDnRcK6Rr01QdEma,minbias,0,test,66.78962,65.19728088378906,-0.023841108472011707,0,15mm,1.742981
SubNetW8CleanAuxExDnRcK6Rr01QdEma,minbias,0,test,9.081176,8.632266998291016,-0.04943289454242317,3,60mm,1.3093652
SubNetW8CleanAuxExDnRcK6Rr01QdEma,minbias,0,test,45.06609,51.30671310424805,0.13847714601688454,1,30mm,3.2108457
SubNetW8CleanAuxExDnRcK6Rr01QdEma,minbias,0,test,30.415762,30.164552688598633,-0.008259180206161565,3,60mm,3.5071425
SubNetW8CleanAuxExDnRcK6Rr01QdEma,minbias,0,test,22.293116,23.05508804321289,0.034179718999285846,2,40mm,1.4539918
SubNetW8CleanAuxExDnRcK6Rr01QdEma,minbias,0,test,5.7427306,5.832643508911133,0.015656818572262754,3,60mm,1.3260858
SubNetW8CleanAuxExDnRcK6Rr01QdEma,minbias,0,test,8.845384,8.324923515319824,-0.0588397462139586,2,40mm,0.5684537
SubNetW8CleanAuxExDnRcK6Rr01QdEma,minbias,0,test,36.916008,38.77726364135742,0.05041865973085491,2,40mm,3.6938303
SubNetW8CleanAuxExDnRcK6Rr01QdEma,minbias,0,test,43.553177,44.34892654418945,0.018270760511943207,2,40mm,4.2025104
SubNetW8CleanAuxExDnRcK6Rr01QdEma,minbias,0,test,34.220173,34.71049880981445,0.014328563722456833,2,40mm,3.0573194
SubNetW8CleanAuxExDnRcK6Rr01QdEma,minbias,0,test,19.015747,18.32415008544922,-0.03636969835084769,2,40mm,3.2842646
SubNetW8CleanAuxExDnRcK6Rr01QdEma,minbias,0,test,9.244901,8.668244361877441,-0.06237561224846633,2,40mm,0.651912
SubNetW8CleanAuxExDnRcK6Rr01QdEma,minbias,0,test,17.426497,18.94354820251465,0.0870543138879285,2,40mm,1.8462436
SubNetW8CleanAuxExDnRcK6Rr01QdEma,minbias,0,test,4.9239144,4.827213287353516,-0.019639079130487236,3,60mm,0.7362272
SubNetW8CleanAuxExDnRcK6Rr01QdEma,minbias,0,test,25.054173,24.30206871032715,-0.030019103806586123,3,60mm,2.8618166
SubNetW8CleanAuxExDnRcK6Rr01QdEma,minbias,0,test,14.969603,15.052362442016602,0.0055285273412370994,3,60mm,2.4165351
SubNetW8CleanAuxExDnRcK6Rr01QdEma,minbias,0,test,15.799597,15.905899047851562,0.006728162926497916,3,60mm,3.0178952
SubNetW8CleanAuxExDnRcK6Rr01QdEma,minbias,0,test,6.334073,6.494184494018555,0.025277799232944043,3,60mm,0.91434896
SubNetW8CleanAuxExDnRcK6Rr01QdEma,minbias,0,test,51.37048,47.318355560302734,-0.07888040088923132,1,30mm,3.3283024
SubNetW8CleanAuxExDnRcK6Rr01QdEma,minbias,0,test,10.802013,11.209430694580078,0.037716792451697456,2,40mm,1.7242074
SubNetW8CleanAuxExDnRcK6Rr01QdEma,minbias,0,test,84.77617,84.2500991821289,-0.006205395318230722,1,30mm,4.9980106
SubNetW8CleanAuxExDnRcK6Rr01QdEma,minbias,0,test,5.792601,5.794351100921631,0.00030210821318621406,3,60mm,0.64817727
SubNetW8CleanAuxExDnRcK6Rr01QdEma,minbias,0,test,15.951324,15.810891151428223,-0.008803865270818667,4,120mm,3.5544622
SubNetW8CleanAuxExDnRcK6Rr01QdEma,minbias,0,test,23.021416,23.59335708618164,0.024843883752675655,2,40mm,2.4771593
SubNetW8CleanAuxExDnRcK6Rr01QdEma,minbias,0,test,18.516205,18.729873657226562,0.011539558195533761,4,120mm,4.1567554
SubNetW8CleanAuxExDnRcK6Rr01QdEma,minbias,0,test,34.812943,36.436153411865234,0.04662665061290783,2,40mm,4.6281657
SubNetW8CleanAuxExDnRcK6Rr01QdEma,minbias,0,test,20.262278,19.131175994873047,-0.05582302396748118,3,60mm,4.0178986
SubNetW8CleanAuxExDnRcK6Rr01QdEma,minbias,0,test,21.182533,38.89619827270508,0.8362392159447523,2,40mm,1.2655988
SubNetW8CleanAuxExDnRcK6Rr01QdEma,minbias,0,test,49.465847,50.74607849121094,0.02588111905638657,2,40mm,3.722208
SubNetW8CleanAuxExDnRcK6Rr01QdEma,minbias,0,test,15.411491,15.184919357299805,-0.014701499741338608,2,40mm,2.4549615
SubNetW8CleanAuxExDnRcK6Rr01QdEma,minbias,0,test,46.868225,47.41033172607422,0.01156661314330587,1,30mm,3.585228
SubNetW8CleanAuxExDnRcK6Rr01QdEma,minbias,0,test,30.008883,29.837038040161133,-0.0057264539021922856,2,40mm,2.795553
SubNetW8CleanAuxExDnRcK6Rr01QdEma,minbias,0,test,61.723217,62.47914505004883,0.012247061578501528,0,15mm,2.8455532
SubNetW8CleanAuxExDnRcK6Rr01QdEma,minbias,0,test,87.30671,87.7464599609375,0.005036848541940753,0,15mm,2.5483668
SubNetW8CleanAuxExDnRcK6Rr01QdEma,minbias,0,test,47.27612,47.265403747558594,-0.00022665744974781354,1,30mm,2.7485683
SubNetW8CleanAuxExDnRcK6Rr01QdEma,minbias,0,test,55.994858,59.712249755859375,0.06638809552552138,1,30mm,2.8737764
SubNetW8CleanAuxExDnRcK6Rr01QdEma,minbias,0,test,37.64148,36.70469284057617,-0.024887083723841408,2,40mm,3.5957384
SubNetW8CleanAuxExDnRcK6Rr01QdEma,minbias,0,test,19.756409,20.066295623779297,0.015685387825968844,2,40mm,1.388615
SubNetW8CleanAuxExDnRcK6Rr01QdEma,minbias,0,test,22.016735,17.291688919067383,-0.21461157348409565,0,15mm,0.67951566
SubNetW8CleanAuxExDnRcK6Rr01QdEma,minbias,0,test,38.2547,43.31868362426758,0.13237547166800945,2,40mm,2.3786285
SubNetW8CleanAuxExDnRcK6Rr01QdEma,minbias,0,test,20.4618,20.460832595825195,-4.72600540871726e-05,3,60mm,4.4963536
SubNetW8CleanAuxExDnRcK6Rr01QdEma,minbias,0,test,18.604599,18.182117462158203,-0.02270844627650459,4,120mm,4.4079585
SubNetW8CleanAuxExDnRcK6Rr01QdEma,minbias,0,test,43.15425,43.443397521972656,0.006700299877269833,2,40mm,4.883497
SubNetW8CleanAuxExDnRcK6Rr01QdEma,minbias,0,test,17.571747,17.28378677368164,-0.016387673652419,3,60mm,2.298947
SubNetW8CleanAuxExDnRcK6Rr01QdEma,minbias,0,test,33.800503,35.34356689453125,0.04565210546149312,2,40mm,2.1473866
SubNetW8CleanAuxExDnRcK6Rr01QdEma,minbias,0,test,15.078216,15.345467567443848,0.017724376377828754,3,60mm,2.821516
SubNetW8CleanAuxExDnRcK6Rr01QdEma,minbias,0,test,11.389576,13.173230171203613,0.1566040930311694,1,30mm,0.79631627
SubNetW8CleanAuxExDnRcK6Rr01QdEma,minbias,0,test,22.525732,23.298839569091797,0.03432108343026408,0,15mm,0.85084397
SubNetW8CleanAuxExDnRcK6Rr01QdEma,minbias,0,test,50.811085,50.73846435546875,-0.0014292234107350366,1,30mm,3.2095692
SubNetW8CleanAuxExDnRcK6Rr01QdEma,minbias,0,test,29.322615,29.73598861694336,0.01409744498567167,2,40mm,2.6374152
SubNetW8CleanAuxExDnRcK6Rr01QdEma,minbias,0,test,22.275288,23.346027374267578,0.04806850371437976,3,60mm,2.8219154
SubNetW8CleanAuxExDnRcK6Rr01QdEma,minbias,0,test,64.10384,63.99029541015625,-0.0017713177911692357,2,40mm,3.8876119
SubNetW8CleanAuxExDnRcK6Rr01QdEma,minbias,0,test,31.034304,26.548742294311523,-0.14453558936735755,1,30mm,1.5457
SubNetW8CleanAuxExDnRcK6Rr01QdEma,minbias,0,test,48.278263,59.58720779418945,0.23424506139726442,0,15mm,2.2193518
SubNetW8CleanAuxExDnRcK6Rr01QdEma,minbias,0,test,23.535906,23.555095672607422,0.0008153429371617893,3,60mm,3.83503
SubNetW8CleanAuxExDnRcK6Rr01QdEma,minbias,0,test,37.45543,38.050941467285156,0.015899227556841478,1,30mm,1.627403
SubNetW8CleanAuxExDnRcK6Rr01QdEma,minbias,0,test,44.302704,43.92141342163086,-0.00860648228194183,3,60mm,4.8792834
SubNetW8CleanAuxExDnRcK6Rr01QdEma,minbias,0,test,23.150751,23.04671287536621,-0.004493946568453366,3,60mm,3.9836314
SubNetW8CleanAuxExDnRcK6Rr01QdEma,minbias,0,test,9.457981,9.65000057220459,0.020302373240115523,3,60mm,1.698276
SubNetW8CleanAuxExDnRcK6Rr01QdEma,minbias,0,test,21.982458,23.538930892944336,0.07080521978954013,2,40mm,2.0533388
SubNetW8CleanAuxExDnRcK6Rr01QdEma,minbias,0,test,66.75322,65.12379455566406,-0.024409684783480823,2,40mm,4.886555
SubNetW8CleanAuxExDnRcK6Rr01QdEma,minbias,0,test,7.1023903,7.087047576904297,-0.0021602181487327954,3,60mm,1.2642375
SubNetW8CleanAuxExDnRcK6Rr01QdEma,minbias,0,test,33.500565,34.81638717651367,0.0392776246610671,1,30mm,2.730078
SubNetW8CleanAuxExDnRcK6Rr01QdEma,minbias,0,test,28.11608,27.261741638183594,-0.030386089120742255,3,60mm,4.6501913
SubNetW8CleanAuxExDnRcK6Rr01QdEma,minbias,0,test,29.807056,30.747228622436523,0.03154193362692714,2,40mm,2.0256958
SubNetW8CleanAuxExDnRcK6Rr01QdEma,minbias,0,test,14.143964,13.776455879211426,-0.025983376329923646,3,60mm,2.8572302
SubNetW8CleanAuxExDnRcK6Rr01QdEma,minbias,0,test,18.682175,18.185962677001953,-0.026560719725896464,4,120mm,3.8832545
SubNetW8CleanAuxExDnRcK6Rr01QdEma,minbias,0,test,41.846634,42.05992889404297,0.005097064279127483,1,30mm,1.7085688
SubNetW8CleanAuxExDnRcK6Rr01QdEma,minbias,0,test,12.856413,13.927071571350098,0.08327818133561449,2,40mm,1.1557503
SubNetW8CleanAuxExDnRcK6Rr01QdEma,minbias,0,test,2.546783,2.285078763961792,-0.10275873896810539,3,60mm,0.561991
SubNetW8CleanAuxExDnRcK6Rr01QdEma,minbias,0,test,25.067038,25.349462509155273,0.01126678514880175,3,60mm,3.4693387
SubNetW8CleanAuxExDnRcK6Rr01QdEma,minbias,0,test,17.787922,17.185375213623047,-0.03387392271536949,3,60mm,1.9413295
SubNetW8CleanAuxExDnRcK6Rr01QdEma,minbias,0,test,15.217139,14.309514045715332,-0.05964492956305045,1,30mm,1.330436
SubNetW8CleanAuxExDnRcK6Rr01QdEma,minbias,0,test,7.3343096,7.679274559020996,0.047034417815767116,2,40mm,0.5313966
SubNetW8CleanAuxExDnRcK6Rr01QdEma,minbias,0,test,20.893372,19.63555335998535,-0.060201782996462394,0,15mm,0.68536747
SubNetW8CleanAuxExDnRcK6Rr01QdEma,minbias,0,test,17.006994,17.503326416015625,0.02918400284952849,2,40mm,2.341495
SubNetW8CleanAuxExDnRcK6Rr01QdEma,minbias,0,test,17.28671,17.44132423400879,0.0089440667577676,3,60mm,1.9883863
SubNetW8CleanAuxExDnRcK6Rr01QdEma,minbias,0,test,91.922104,91.12300109863281,-0.008693260374353029,1,30mm,3.8018668
SubNetW8CleanAuxExDnRcK6Rr01QdEma,minbias,0,test,76.22017,77.72130584716797,0.019694744818239185,1,30mm,3.8395054
SubNetW8CleanAuxExDnRcK6Rr01QdEma,minbias,0,test,22.72981,22.227548599243164,-0.022097065469762533,3,60mm,4.919724
SubNetW8CleanAuxExDnRcK6Rr01QdEma,minbias,0,test,39.316948,39.09654235839844,-0.005605866939783488,2,40mm,2.5814002
SubNetW8CleanAuxExDnRcK6Rr01QdEma,minbias,0,test,35.490494,36.630584716796875,0.03212383996766843,2,40mm,3.1752927
SubNetW8CleanAuxExDnRcK6Rr01QdEma,minbias,0,test,86.97354,89.48252868652344,0.028847709204620875,1,30mm,4.824719
SubNetW8CleanAuxExDnRcK6Rr01QdEma,minbias,0,test,3.9928303,4.077143669128418,0.021116197484180033,3,60mm,0.8352753
SubNetW8CleanAuxExDnRcK6Rr01QdEma,minbias,0,test,12.613012,12.372478485107422,-0.019070292072209116,3,60mm,1.5780997
SubNetW8CleanAuxExDnRcK6Rr01QdEma,minbias,0,test,14.412554,14.03613567352295,-0.02611737789606572,4,120mm,3.3795593
SubNetW8CleanAuxExDnRcK6Rr01QdEma,minbias,0,test,20.430998,19.932628631591797,-0.024392798658890436,2,40mm,2.598223
SubNetW8CleanAuxExDnRcK6Rr01QdEma,minbias,0,test,49.31231,48.44221115112305,-0.01764464343649841,2,40mm,4.1343126
SubNetW8CleanAuxExDnRcK6Rr01QdEma,minbias,0,test,17.884306,17.19321060180664,-0.03864255923328541,2,40mm,1.33536
SubNetW8CleanAuxExDnRcK6Rr01QdEma,minbias,0,test,4.051302,4.051254749298096,-1.1652273558704351e-05,3,60mm,0.64719427
SubNetW8CleanAuxExDnRcK6Rr01QdEma,minbias,0,test,12.958952,12.6698579788208,-0.022308437624140365,4,120mm,2.7351522
SubNetW8CleanAuxExDnRcK6Rr01QdEma,minbias,0,test,19.16579,17.979089736938477,-0.06191765569701979,3,60mm,2.7268574
SubNetW8CleanAuxExDnRcK6Rr01QdEma,minbias,0,test,16.82647,20.46710777282715,0.21636376950313285,3,60mm,2.8263884
SubNetW8CleanAuxExDnRcK6Rr01QdEma,minbias,0,test,11.981139,11.569563865661621,-0.034351935245462206,2,40mm,1.6532589
SubNetW8CleanAuxExDnRcK6Rr01QdEma,minbias,0,test,27.684948,27.536914825439453,-0.005347062319332019,3,60mm,4.501116
SubNetW8CleanAuxExDnRcK6Rr01QdEma,minbias,0,test,8.100411,7.913291931152344,-0.02309999756295611,2,40mm,1.0718875
SubNetW8CleanAuxExDnRcK6Rr01QdEma,minbias,0,test,8.4919405,8.410405158996582,-0.009601496780540453,3,60mm,1.2630526
SubNetW8CleanAuxExDnRcK6Rr01QdEma,minbias,0,test,19.69128,19.19976806640625,-0.02496091109737386,3,60mm,3.7639654
SubNetW8CleanAuxExDnRcK6Rr01QdEma,minbias,0,test,87.62002,85.9912109375,-0.01858944000412377,1,30mm,4.338867
SubNetW8CleanAuxExDnRcK6Rr01QdEma,minbias,0,test,40.933014,39.02529525756836,-0.046605868367314174,1,30mm,2.0115309
SubNetW8CleanAuxExDnRcK6Rr01QdEma,minbias,0,test,4.664763,4.42967414855957,-0.05039673538547629,3,60mm,1.016696
SubNetW8CleanAuxExDnRcK6Rr01QdEma,minbias,0,test,89.461586,90.96107482910156,0.016761259191078404,0,15mm,4.102222
SubNetW8CleanAuxExDnRcK6Rr01QdEma,minbias,0,test,18.21147,18.444690704345703,0.012806273110073096,3,60mm,3.67435
SubNetW8CleanAuxExDnRcK6Rr01QdEma,minbias,0,test,10.6251335,10.17569351196289,-0.04229970398321192,3,60mm,1.0533944
SubNetW8CleanAuxExDnRcK6Rr01QdEma,minbias,0,test,39.753353,39.650150299072266,-0.002596078361378873,0,15mm,1.151349
SubNetW8CleanAuxExDnRcK6Rr01QdEma,minbias,0,test,20.486677,20.97254753112793,0.02371640638943462,3,60mm,3.2372975
SubNetW8CleanAuxExDnRcK6Rr01QdEma,minbias,0,test,69.34357,91.1965560913086,0.31514082957421063,0,15mm,1.4922945
SubNetW8CleanAuxExDnRcK6Rr01QdEma,minbias,0,test,39.62667,40.07562255859375,0.01132953416736826,1,30mm,2.8405704
SubNetW8CleanAuxExDnRcK6Rr01QdEma,minbias,0,test,79.62279,80.26793670654297,0.00810257027430561,1,30mm,4.6060424
SubNetW8CleanAuxExDnRcK6Rr01QdEma,minbias,0,test,64.32361,65.16952514648438,0.013150952956604067,2,40mm,4.4466267
SubNetW8CleanAuxExDnRcK6Rr01QdEma,minbias,0,test,25.87719,25.476919174194336,-0.015468080872109713,2,40mm,3.6501594
SubNetW8CleanAuxExDnRcK6Rr01QdEma,minbias,0,test,3.414401,2.44511342048645,-0.2838821856184147,4,120mm,0.7931013
SubNetW8CleanAuxExDnRcK6Rr01QdEma,minbias,0,test,78.5312,77.87106323242188,-0.008406001569379318,1,30mm,4.5264883
SubNetW8CleanAuxExDnRcK6Rr01QdEma,minbias,0,test,12.941002,13.732149124145508,0.0611349290149823,3,60mm,2.8413327
SubNetW8CleanAuxExDnRcK6Rr01QdEma,minbias,0,test,82.28402,84.58500671386719,0.027963962607408188,0,15mm,3.3582964
SubNetW8CleanAuxExDnRcK6Rr01QdEma,minbias,0,test,21.238012,21.750362396240234,0.024124201211782603,3,60mm,2.9066842
SubNetW8CleanAuxExDnRcK6Rr01QdEma,minbias,0,test,15.125183,15.175396919250488,0.003319881381375289,2,40mm,1.406065
SubNetW8CleanAuxExDnRcK6Rr01QdEma,minbias,0,test,22.908821,23.643089294433594,0.03205176665706411,3,60mm,3.858036
SubNetW8CleanAuxExDnRcK6Rr01QdEma,minbias,0,test,21.68991,21.758716583251953,0.0031722442260477823,3,60mm,4.4465585
SubNetW8CleanAuxExDnRcK6Rr01QdEma,minbias,0,test,20.50393,19.650461196899414,-0.041624604510303476,3,60mm,2.8461254
SubNetW8CleanAuxExDnRcK6Rr01QdEma,minbias,0,test,34.410767,33.020572662353516,-0.04039997002408713,2,40mm,4.930654
SubNetW8CleanAuxExDnRcK6Rr01QdEma,minbias,0,test,21.54583,21.2155818939209,-0.015327693688685251,3,60mm,3.2616854
SubNetW8CleanAuxExDnRcK6Rr01QdEma,minbias,0,test,10.214229,10.242570877075195,0.00277478094878858,3,60mm,1.6361318
SubNetW8CleanAuxExDnRcK6Rr01QdEma,minbias,0,test,40.166813,40.12508010864258,-0.0010389867922365736,2,40mm,4.4938445
SubNetW8CleanAuxExDnRcK6Rr01QdEma,minbias,0,test,28.030628,27.708723068237305,-0.011484050009927804,3,60mm,4.0800667
SubNetW8CleanAuxExDnRcK6Rr01QdEma,minbias,0,test,17.318247,16.280380249023438,-0.05992907953733084,3,60mm,3.9592514
SubNetW8CleanAuxExDnRcK6Rr01QdEma,minbias,0,test,31.329128,31.623153686523438,0.009385049550436397,3,60mm,4.0073476
SubNetW8CleanAuxExDnRcK6Rr01QdEma,minbias,0,test,35.641506,34.32538986206055,-0.03692650714042833,3,60mm,3.6031082
SubNetW8CleanAuxExDnRcK6Rr01QdEma,minbias,0,test,31.472334,29.884702682495117,-0.050445296819194185,3,60mm,4.0531836
SubNetW8CleanAuxExDnRcK6Rr01QdEma,minbias,0,test,3.2929332,3.6913583278656006,0.1209939816369805,3,60mm,0.76238686
SubNetW8CleanAuxExDnRcK6Rr01QdEma,minbias,0,test,89.04937,91.92847442626953,0.03233155518490216,0,15mm,2.9900234
SubNetW8CleanAuxExDnRcK6Rr01QdEma,minbias,0,test,2.6330042,4.604190349578857,0.7486452811668638,4,120mm,0.6290355
SubNetW8CleanAuxExDnRcK6Rr01QdEma,minbias,0,test,25.019798,25.404708862304688,0.015384240080868583,2,40mm,2.7961154
SubNetW8CleanAuxExDnRcK6Rr01QdEma,minbias,0,test,12.957115,14.80273723602295,0.14244081633854733,2,40mm,1.1312263
SubNetW8CleanAuxExDnRcK6Rr01QdEma,minbias,0,test,10.414349,8.796547889709473,-0.15534343763266656,1,30mm,0.5874537
SubNetW8CleanAuxExDnRcK6Rr01QdEma,minbias,0,test,60.83346,62.773292541503906,0.03188756194140807,1,30mm,3.2983406
SubNetW8CleanAuxExDnRcK6Rr01QdEma,minbias,0,test,11.836558,11.123213768005371,-0.060266215344424445,2,40mm,2.2107105
SubNetW8CleanAuxExDnRcK6Rr01QdEma,minbias,0,test,20.44599,20.260601043701172,-0.009067233653684559,3,60mm,3.5378273
SubNetW8CleanAuxExDnRcK6Rr01QdEma,minbias,0,test,17.286951,17.236906051635742,-0.0028949589340178106,3,60mm,2.7107048
SubNetW8CleanAuxExDnRcK6Rr01QdEma,minbias,0,test,31.538792,28.948230743408203,-0.08213887650805152,3,60mm,3.6946099
SubNetW8CleanAuxExDnRcK6Rr01QdEma,minbias,0,test,17.811941,17.798799514770508,-0.000737798983936222,3,60mm,2.6849732
SubNetW8CleanAuxExDnRcK6Rr01QdEma,minbias,0,test,20.765244,22.446571350097656,0.08096836511322536,2,40mm,1.2672518
SubNetW8CleanAuxExDnRcK6Rr01QdEma,minbias,0,test,18.171192,18.432926177978516,0.014403788499515846,3,60mm,3.6156929
SubNetW8CleanAuxExDnRcK6Rr01QdEma,minbias,0,test,24.330153,23.932552337646484,-0.016341869363978856,3,60mm,4.2674565
SubNetW8CleanAuxExDnRcK6Rr01QdEma,minbias,0,test,40.172924,40.56492614746094,0.009757868391793378,1,30mm,1.9514115
SubNetW8CleanAuxExDnRcK6Rr01QdEma,minbias,0,test,9.385545,10.736318588256836,0.14392066134110015,3,60mm,2.2454793
SubNetW8CleanAuxExDnRcK6Rr01QdEma,minbias,0,test,19.019644,18.729923248291016,-0.015232700389930742,2,40mm,2.5435205
SubNetW8CleanAuxExDnRcK6Rr01QdEma,minbias,0,test,55.11346,62.921512603759766,0.14167232444444466,0,15mm,1.1926105
SubNetW8CleanAuxExDnRcK6Rr01QdEma,minbias,0,test,16.87457,16.100234985351562,-0.045887736538438695,0,15mm,0.5914185
SubNetW8CleanAuxExDnRcK6Rr01QdEma,minbias,0,test,17.279995,16.432950973510742,-0.049018763768400975,3,60mm,2.5996351
SubNetW8CleanAuxExDnRcK6Rr01QdEma,minbias,0,test,64.097084,62.82345199584961,-0.019870358668082844,0,15mm,2.5342097
SubNetW8CleanAuxExDnRcK6Rr01QdEma,minbias,0,test,2.2950592,2.222252130508423,-0.031723396704984363,3,60mm,0.52181417
SubNetW8CleanAuxExDnRcK6Rr01QdEma,minbias,0,test,22.737461,22.526935577392578,-0.009258971872945332,2,40mm,1.9545271
SubNetW8CleanAuxExDnRcK6Rr01QdEma,minbias,0,test,18.382528,18.23494529724121,-0.008028439035338009,3,60mm,1.8694067
SubNetW8CleanAuxExDnRcK6Rr01QdEma,minbias,0,test,21.705814,21.927364349365234,0.010206941978882833,2,40mm,2.92893
SubNetW8CleanAuxExDnRcK6Rr01QdEma,minbias,0,test,31.453262,31.374643325805664,-0.0024995500458201425,2,40mm,3.2379773
SubNetW8CleanAuxExDnRcK6Rr01QdEma,minbias,0,test,10.997122,10.842862129211426,-0.014027277714481534,2,40mm,1.6232829
SubNetW8CleanAuxExDnRcK6Rr01QdEma,minbias,0,test,31.418974,31.68369483947754,0.008425511202214686,3,60mm,4.9680414
SubNetW8CleanAuxExDnRcK6Rr01QdEma,minbias,0,test,8.853772,13.636078834533691,0.5401434081302234,1,30mm,0.68930256
SubNetW8CleanAuxExDnRcK6Rr01QdEma,minbias,0,test,8.478338,8.218085289001465,-0.030696221967109305,3,60mm,1.3026749
SubNetW8CleanAuxExDnRcK6Rr01QdEma,minbias,0,test,38.080795,39.04104232788086,0.025216044794509562,1,30mm,2.056385
SubNetW8CleanAuxExDnRcK6Rr01QdEma,minbias,0,test,12.299164,12.153486251831055,-0.011844509812192427,2,40mm,1.2406169
SubNetW8CleanAuxExDnRcK6Rr01QdEma,minbias,0,test,32.42986,32.290672302246094,-0.004291935356186438,3,60mm,4.792624
SubNetW8CleanAuxExDnRcK6Rr01QdEma,minbias,0,test,66.217575,66.12578582763672,-0.0013861764871930804,2,40mm,4.487652
SubNetW8CleanAuxExDnRcK6Rr01QdEma,minbias,0,test,11.769047,10.910381317138672,-0.07295964423527279,2,40mm,1.253796
SubNetW8CleanAuxExDnRcK6Rr01QdEma,minbias,0,test,8.33011,9.035123825073242,0.08463444816355992,4,120mm,1.7519706
SubNetW8CleanAuxExDnRcK6Rr01QdEma,minbias,0,test,24.14529,23.94617462158203,-0.00824656693224135,3,60mm,4.259347
SubNetW8CleanAuxExDnRcK6Rr01QdEma,minbias,0,test,22.247797,22.05034637451172,-0.008875064695527457,3,60mm,2.891448
SubNetW8CleanAuxExDnRcK6Rr01QdEma,minbias,0,test,31.295845,31.219097137451172,-0.0024523349412446382,1,30mm,2.9188747
SubNetW8CleanAuxExDnRcK6Rr01QdEma,minbias,0,test,18.357218,19.815359115600586,0.07943149902607605,3,60mm,3.7839036
SubNetW8CleanAuxExDnRcK6Rr01QdEma,minbias,0,test,11.61497,18.6135311126709,0.6025466084372353,1,30mm,0.5506028
SubNetW8CleanAuxExDnRcK6Rr01QdEma,minbias,0,test,41.11937,41.84461975097656,0.017637679099628656,1,30mm,2.958081
SubNetW8CleanAuxExDnRcK6Rr01QdEma,minbias,0,test,33.63219,34.96664810180664,0.03967798021817548,3,60mm,3.923484
SubNetW8CleanAuxExDnRcK6Rr01QdEma,minbias,0,test,63.768665,63.224674224853516,-0.008530695854945813,1,30mm,4.3152776
SubNetW8CleanAuxExDnRcK6Rr01QdEma,minbias,0,test,21.933605,20.605873107910156,-0.06053414723354689,2,40mm,2.9284844
SubNetW8CleanAuxExDnRcK6Rr01QdEma,minbias,0,test,10.866822,8.569029808044434,-0.21145026424152513,3,60mm,1.1725191
SubNetW8CleanAuxExDnRcK6Rr01QdEma,minbias,0,test,45.123337,43.976627349853516,-0.025412780252150435,2,40mm,3.3116603
SubNetW8CleanAuxExDnRcK6Rr01QdEma,minbias,0,test,47.486267,50.75746536254883,0.06888724831783444,0,15mm,1.0522428
SubNetW8CleanAuxExDnRcK6Rr01QdEma,minbias,0,test,33.11297,33.15743637084961,0.001342915724982019,2,40mm,3.5115547
SubNetW8CleanAuxExDnRcK6Rr01QdEma,minbias,0,test,38.05222,39.193721771240234,0.029998312809186745,0,15mm,0.8885593
SubNetW8CleanAuxExDnRcK6Rr01QdEma,minbias,0,test,32.73789,33.56736755371094,0.025336979862948583,3,60mm,3.6513863
SubNetW8CleanAuxExDnRcK6Rr01QdEma,minbias,0,test,16.87005,16.51789093017578,-0.020874833870656806,3,60mm,3.2751167
SubNetW8CleanAuxExDnRcK6Rr01QdEma,minbias,0,test,12.934178,12.463170051574707,-0.03641578830521197,3,60mm,2.2436926
SubNetW8CleanAuxExDnRcK6Rr01QdEma,minbias,0,test,5.05946,4.782519817352295,-0.05473713337700725,3,60mm,0.6969015
SubNetW8CleanAuxExDnRcK6Rr01QdEma,minbias,0,test,11.816702,13.085909843444824,0.10740796935768815,3,60mm,2.2418134
SubNetW8CleanAuxExDnRcK6Rr01QdEma,minbias,0,test,20.210262,17.77920913696289,-0.12028805592451042,2,40mm,3.2751741
SubNetW8CleanAuxExDnRcK6Rr01QdEma,minbias,0,test,14.889284,14.944235801696777,0.0036906856831679935,3,60mm,2.098335
SubNetW8CleanAuxExDnRcK6Rr01QdEma,minbias,0,test,47.277405,46.109954833984375,-0.024693613291108973,2,40mm,4.544657
SubNetW8CleanAuxExDnRcK6Rr01QdEma,minbias,0,test,17.762486,18.910490036010742,0.0646308497530994,3,60mm,3.7079506
SubNetW8CleanAuxExDnRcK6Rr01QdEma,minbias,0,test,8.831443,8.492676734924316,-0.03835908859180437,2,40mm,1.0000608
SubNetW8CleanAuxExDnRcK6Rr01QdEma,minbias,0,test,8.8679495,8.794053077697754,-0.00833297575719838,3,60mm,1.9796178
SubNetW8CleanAuxExDnRcK6Rr01QdEma,minbias,0,test,11.630528,11.500389099121094,-0.011189461549442892,3,60mm,1.7288203
SubNetW8CleanAuxExDnRcK6Rr01QdEma,minbias,0,test,11.925016,11.903130531311035,-0.0018352907155194664,2,40mm,0.92754894
SubNetW8CleanAuxExDnRcK6Rr01QdEma,minbias,0,test,19.923868,19.9661922454834,0.002124289609887864,3,60mm,2.3276794
SubNetW8CleanAuxExDnRcK6Rr01QdEma,minbias,0,test,4.123262,4.110949993133545,-0.0029859697584405653,3,60mm,0.5825726
SubNetW8CleanAuxExDnRcK6Rr01QdEma,minbias,0,test,19.918467,22.81134033203125,0.14523576672747596,1,30mm,1.5537279
SubNetW8CleanAuxExDnRcK6Rr01QdEma,minbias,0,test,41.019787,43.792301177978516,0.0675896818877475,2,40mm,3.4991443
SubNetW8CleanAuxExDnRcK6Rr01QdEma,minbias,0,test,23.373251,21.587722778320312,-0.07639194846876385,1,30mm,1.1703184
SubNetW8CleanAuxExDnRcK6Rr01QdEma,minbias,0,test,11.880522,11.635245323181152,-0.02064525917048432,3,60mm,2.2034488
SubNetW8CleanAuxExDnRcK6Rr01QdEma,minbias,0,test,42.309692,58.06685256958008,0.3724243618743166,1,30mm,2.0231235
SubNetW8CleanAuxExDnRcK6Rr01QdEma,minbias,0,test,13.947042,15.372217178344727,0.1021847260227231,3,60mm,2.030032
SubNetW8CleanAuxExDnRcK6Rr01QdEma,minbias,0,test,31.61432,30.67378044128418,-0.029750451417552726,2,40mm,3.7730436
SubNetW8CleanAuxExDnRcK6Rr01QdEma,minbias,0,test,18.517899,17.24986457824707,-0.06847612742040343,3,60mm,4.0689497
SubNetW8CleanAuxExDnRcK6Rr01QdEma,minbias,0,test,18.761171,18.754348754882812,-0.0003636545893422882,3,60mm,2.868147
SubNetW8CleanAuxExDnRcK6Rr01QdEma,minbias,0,test,24.856405,25.679035186767578,0.0330952895257528,1,30mm,1.5327975
SubNetW8CleanAuxExDnRcK6Rr01QdEma,minbias,0,test,16.775974,16.838537216186523,0.0037293179808359778,3,60mm,2.4363437
SubNetW8CleanAuxExDnRcK6Rr01QdEma,minbias,0,test,21.087234,22.07097816467285,0.046651146585352965,4,120mm,4.873589
SubNetW8CleanAuxExDnRcK6Rr01QdEma,minbias,0,test,40.172062,40.4650764465332,0.007293987720856654,0,15mm,1.2574629
SubNetW8CleanAuxExDnRcK6Rr01QdEma,minbias,0,test,35.25999,34.55806350708008,-0.01990718577288486,2,40mm,4.035048
SubNetW8CleanAuxExDnRcK6Rr01QdEma,minbias,0,test,13.807802,15.376546859741211,0.11361291512328942,2,40mm,1.2863864
SubNetW8CleanAuxExDnRcK6Rr01QdEma,minbias,0,test,23.649055,23.812297821044922,0.006902700203792023,3,60mm,3.6436062
SubNetW8CleanAuxExDnRcK6Rr01QdEma,minbias,0,test,25.611385,23.338775634765625,-0.08873435310270339,1,30mm,1.1640759
SubNetW8CleanAuxExDnRcK6Rr01QdEma,minbias,0,test,32.90883,33.264320373535156,0.010802318157306923,2,40mm,4.66473
SubNetW8CleanAuxExDnRcK6Rr01QdEma,minbias,0,test,39.02981,38.682586669921875,-0.008896409505180669,2,40mm,2.6529574
SubNetW8CleanAuxExDnRcK6Rr01QdEma,minbias,0,test,10.813238,12.525359153747559,0.15833564257430122,1,30mm,1.1318166
SubNetW8CleanAuxExDnRcK6Rr01QdEma,minbias,0,test,20.27903,18.954301834106445,-0.06532501910261534,2,40mm,2.17557
SubNetW8CleanAuxExDnRcK6Rr01QdEma,minbias,0,test,17.470139,17.739133834838867,0.0153974328404618,3,60mm,3.4132898
SubNetW8CleanAuxExDnRcK6Rr01QdEma,minbias,0,test,32.795856,32.24033737182617,-0.016938697863046026,2,40mm,3.0879776
SubNetW8CleanAuxExDnRcK6Rr01QdEma,minbias,0,test,37.98147,37.95093536376953,-0.000803887747380827,1,30mm,1.9227552
SubNetW8CleanAuxExDnRcK6Rr01QdEma,minbias,0,test,53.517048,50.119449615478516,-0.06348627962603359,1,30mm,3.6276846
SubNetW8CleanAuxExDnRcK6Rr01QdEma,minbias,0,test,21.983232,21.617734909057617,-0.016626198587572194,2,40mm,3.7639537
SubNetW8CleanAuxExDnRcK6Rr01QdEma,minbias,0,test,13.1413145,13.168011665344238,0.0020315440133640283,3,60mm,2.1465037
SubNetW8CleanAuxExDnRcK6Rr01QdEma,minbias,0,test,18.7009,18.30689239501953,-0.02106886554012033,4,120mm,3.8590014
SubNetW8CleanAuxExDnRcK6Rr01QdEma,minbias,0,test,32.770767,35.652496337890625,0.08793596766721068,1,30mm,1.8130078
SubNetW8CleanAuxExDnRcK6Rr01QdEma,minbias,0,test,39.791748,35.45384979248047,-0.10901502113665507,1,30mm,1.9435169
SubNetW8CleanAuxExDnRcK6Rr01QdEma,minbias,0,test,14.259937,13.777750015258789,-0.03381412284181751,2,40mm,1.0495846
SubNetW8CleanAuxExDnRcK6Rr01QdEma,minbias,0,test,42.12421,44.909820556640625,0.0661284846724175,2,40mm,3.2418566
SubNetW8CleanAuxExDnRcK6Rr01QdEma,minbias,0,test,8.942068,8.808148384094238,-0.01497636949127168,2,40mm,0.8678802
SubNetW8CleanAuxExDnRcK6Rr01QdEma,minbias,0,test,69.66951,76.2015380859375,0.09375734390512536,0,15mm,1.8014226
SubNetW8CleanAuxExDnRcK6Rr01QdEma,minbias,0,test,34.103294,33.196746826171875,-0.0265824039309287,2,40mm,3.1123533
SubNetW8CleanAuxExDnRcK6Rr01QdEma,minbias,0,test,31.62607,30.512197494506836,-0.035220074049061356,2,40mm,4.3192477
SubNetW8CleanAuxExDnRcK6Rr01QdEma,minbias,0,test,6.6222467,6.537041187286377,-0.012866563007772669,2,40mm,0.8411947
SubNetW8CleanAuxExDnRcK6Rr01QdEma,minbias,0,test,14.724353,14.143357276916504,-0.03945813891717298,3,60mm,3.1363199
SubNetW8CleanAuxExDnRcK6Rr01QdEma,minbias,0,test,41.088295,40.72893524169922,-0.008746036830206916,2,40mm,3.4905846
SubNetW8CleanAuxExDnRcK6Rr01QdEma,minbias,0,test,7.992843,7.1021199226379395,-0.11144009855026848,3,60mm,1.7329216
SubNetW8CleanAuxExDnRcK6Rr01QdEma,minbias,0,test,15.55807,15.008265495300293,-0.03533887436166849,2,40mm,1.3253846
SubNetW8CleanAuxExDnRcK6Rr01QdEma,minbias,0,test,35.24593,34.69480895996094,-0.01563643695785133,2,40mm,4.0154157
SubNetW8CleanAuxExDnRcK6Rr01QdEma,minbias,0,test,16.415503,16.476531982421875,0.0037177926185834043,4,120mm,3.9180326
SubNetW8CleanAuxExDnRcK6Rr01QdEma,minbias,0,test,85.01648,81.55013275146484,-0.04077264503808575,0,15mm,2.4881747
SubNetW8CleanAuxExDnRcK6Rr01QdEma,minbias,0,test,5.0476837,5.798737525939941,0.14879177309895564,2,40mm,0.6928782
SubNetW8CleanAuxExDnRcK6Rr01QdEma,minbias,0,test,4.250501,6.574249267578125,0.546699795275875,3,60mm,0.7191571
SubNetW8CleanAuxExDnRcK6Rr01QdEma,minbias,0,test,10.866257,10.423526763916016,-0.040743557014088716,3,60mm,1.472198
SubNetW8CleanAuxExDnRcK6Rr01QdEma,minbias,0,test,95.77477,94.89785766601562,-0.00915601210860073,1,30mm,4.903314
SubNetW8CleanAuxExDnRcK6Rr01QdEma,minbias,0,test,80.88139,88.4156494140625,0.09315190628759562,0,15mm,2.877957
SubNetW8CleanAuxExDnRcK6Rr01QdEma,minbias,0,test,54.122044,53.57433319091797,-0.010119913849739204,1,30mm,2.3521101
SubNetW8CleanAuxExDnRcK6Rr01QdEma,minbias,0,test,15.98656,15.266936302185059,-0.04501428522596895,3,60mm,2.8721094
SubNetW8CleanAuxExDnRcK6Rr01QdEma,minbias,0,test,32.935917,31.107789993286133,-0.055505572013190285,2,40mm,3.6249526
SubNetW8CleanAuxExDnRcK6Rr01QdEma,minbias,0,test,45.337383,43.2092170715332,-0.046940649089607045,2,40mm,3.9787664
SubNetW8CleanAuxExDnRcK6Rr01QdEma,minbias,0,test,21.494173,21.22554588317871,-0.012497673956754607,4,120mm,4.966116
SubNetW8CleanAuxExDnRcK6Rr01QdEma,minbias,0,test,29.346533,38.10285949707031,0.2983768722741109,1,30mm,1.7870274
SubNetW8CleanAuxExDnRcK6Rr01QdEma,minbias,0,test,34.067455,34.224159240722656,0.004599813741079872,2,40mm,3.4506326
SubNetW8CleanAuxExDnRcK6Rr01QdEma,minbias,0,test,9.36761,10.252365112304688,0.094448331718189,4,120mm,1.8896055
SubNetW8CleanAuxExDnRcK6Rr01QdEma,minbias,0,test,49.88075,50.1089973449707,0.004575885525314849,2,40mm,3.159857
SubNetW8CleanAuxExDnRcK6Rr01QdEma,minbias,0,test,35.592236,40.032737731933594,0.12476041744035626,1,30mm,2.96849
SubNetW8CleanAuxExDnRcK6Rr01QdEma,minbias,0,test,62.344475,62.30180740356445,-0.0006843812392042237,2,40mm,4.247649
SubNetW8CleanAuxExDnRcK6Rr01QdEma,minbias,0,test,11.366739,10.914722442626953,-0.039766622563007115,3,60mm,2.2862697
SubNetW8CleanAuxExDnRcK6Rr01QdEma,minbias,0,test,10.336902,9.205708503723145,-0.10943251640576224,2,40mm,1.3525869
SubNetW8CleanAuxExDnRcK6Rr01QdEma,minbias,0,test,4.810306,4.598126411437988,-0.04410938880205806,3,60mm,0.8934924
SubNetW8CleanAuxExDnRcK6Rr01QdEma,minbias,0,test,20.335482,21.29399299621582,0.04713492256216645,3,60mm,4.0823393
SubNetW8CleanAuxExDnRcK6Rr01QdEma,minbias,0,test,66.32544,65.42137145996094,-0.013630787833724178,0,15mm,2.533194
SubNetW8CleanAuxExDnRcK6Rr01QdEma,minbias,0,test,16.21294,15.834099769592285,-0.02336654804270466,3,60mm,3.7099297
SubNetW8CleanAuxExDnRcK6Rr01QdEma,minbias,0,test,56.944817,56.385833740234375,-0.009816220028454392,1,30mm,4.1865683
SubNetW8CleanAuxExDnRcK6Rr01QdEma,minbias,0,test,23.394506,22.45526885986328,-0.04014778411472408,3,60mm,3.056532
SubNetW8CleanAuxExDnRcK6Rr01QdEma,minbias,0,test,14.073687,14.341894149780273,0.019057376910321944,4,120mm,3.232191
SubNetW8CleanAuxExDnRcK6Rr01QdEma,minbias,0,test,50.389816,51.81416702270508,0.028266638848067682,1,30mm,2.7264893
SubNetW8CleanAuxExDnRcK6Rr01QdEma,minbias,0,test,59.01758,57.65861129760742,-0.02302647568008076,2,40mm,4.995325
SubNetW8CleanAuxExDnRcK6Rr01QdEma,minbias,0,test,8.726014,8.983673095703125,0.029527680609021667,3,60mm,1.0718569
SubNetW8CleanAuxExDnRcK6Rr01QdEma,minbias,0,test,42.460476,42.43520736694336,-0.0005951076651645737,1,30mm,3.2685459
SubNetW8CleanAuxExDnRcK6Rr01QdEma,minbias,0,test,11.386305,12.114202499389648,0.06392746841844565,3,60mm,1.9915526
SubNetW8CleanAuxExDnRcK6Rr01QdEma,minbias,0,test,10.038628,9.810013771057129,-0.022773417045211852,3,60mm,1.3344679
SubNetW8CleanAuxExDnRcK6Rr01QdEma,minbias,0,test,36.129,35.99586486816406,-0.003685038149610631,2,40mm,2.6888673
SubNetW8CleanAuxExDnRcK6Rr01QdEma,minbias,0,test,15.33459,14.728490829467773,-0.03952496482629453,2,40mm,1.2284133
SubNetW8CleanAuxExDnRcK6Rr01QdEma,minbias,0,test,6.4979196,6.735062122344971,0.03649515213223631,2,40mm,0.9732012
SubNetW8CleanAuxExDnRcK6Rr01QdEma,minbias,0,test,21.560064,21.279756546020508,-0.013001249238854262,3,60mm,3.1386502
SubNetW8CleanAuxExDnRcK6Rr01QdEma,minbias,0,test,52.46173,53.84801483154297,0.02642466897722362,0,15mm,1.3946285
SubNetW8CleanAuxExDnRcK6Rr01QdEma,minbias,0,test,15.423046,14.946125030517578,-0.03092262566536874,3,60mm,3.2781484
SubNetW8CleanAuxExDnRcK6Rr01QdEma,minbias,0,test,18.160076,18.63212013244629,0.02599350285838531,2,40mm,1.7866964
SubNetW8CleanAuxExDnRcK6Rr01QdEma,minbias,0,test,33.768574,34.16710662841797,0.011801886281974872,3,60mm,3.712183
SubNetW8CleanAuxExDnRcK6Rr01QdEma,minbias,0,test,23.034586,21.892757415771484,-0.04957017848417422,2,40mm,3.3930888
SubNetW8CleanAuxExDnRcK6Rr01QdEma,minbias,0,test,12.540602,12.693928718566895,0.012226445868955604,3,60mm,1.4174451
SubNetW8CleanAuxExDnRcK6Rr01QdEma,minbias,0,test,44.36674,40.53615188598633,-0.08633920798591632,2,40mm,3.37157
SubNetW8CleanAuxExDnRcK6Rr01QdEma,minbias,0,test,39.762344,41.082252502441406,0.03319492759601905,2,40mm,4.1902566
SubNetW8CleanAuxExDnRcK6Rr01QdEma,minbias,0,test,17.820894,17.57037925720215,-0.014057374491894259,2,40mm,2.3635023
SubNetW8CleanAuxExDnRcK6Rr01QdEma,minbias,0,test,49.641857,47.12650680541992,-0.05066994843358519,2,40mm,3.7380097
SubNetW8CleanAuxExDnRcK6Rr01QdEma,minbias,0,test,14.81052,15.109861373901367,0.02021139016749296,3,60mm,1.9282511
SubNetW8CleanAuxExDnRcK6Rr01QdEma,minbias,0,test,63.627064,63.31153106689453,-0.004959095481128828,0,15mm,1.4467442
SubNetW8CleanAuxExDnRcK6Rr01QdEma,minbias,0,test,14.850432,14.273032188415527,-0.038881036735171404,3,60mm,3.5541909
SubNetW8CleanAuxExDnRcK6Rr01QdEma,minbias,0,test,12.633435,13.183063507080078,0.04350584357336018,1,30mm,0.75968343
SubNetW8CleanAuxExDnRcK6Rr01QdEma,minbias,0,test,18.052313,18.930673599243164,0.04865641070721227,2,40mm,3.182959
SubNetW8CleanAuxExDnRcK6Rr01QdEma,minbias,0,test,95.03736,92.67948150634766,-0.024810028501043302,0,15mm,2.575972
SubNetW8CleanAuxExDnRcK6Rr01QdEma,minbias,0,test,23.497784,22.534725189208984,-0.04098507695781828,3,60mm,3.6843264
SubNetW8CleanAuxExDnRcK6Rr01QdEma,minbias,0,test,31.69406,28.574270248413086,-0.0984345074552494,2,40mm,3.108143
SubNetW8CleanAuxExDnRcK6Rr01QdEma,minbias,0,test,44.619465,45.00449752807617,0.008629253060151498,1,30mm,4.221955
SubNetW8CleanAuxExDnRcK6Rr01QdEma,minbias,0,test,11.293497,11.039132118225098,-0.022523135696486007,3,60mm,1.6540052
SubNetW8CleanAuxExDnRcK6Rr01QdEma,minbias,0,test,15.563841,15.540651321411133,-0.00148996284896874,2,40mm,1.4736387
SubNetW8CleanAuxExDnRcK6Rr01QdEma,minbias,0,test,20.760046,21.05595588684082,0.01425381627367206,3,60mm,3.7122545
SubNetW8CleanAuxExDnRcK6Rr01QdEma,minbias,0,test,44.420475,46.06769561767578,0.03708246279099736,1,30mm,1.7945164
SubNetW8CleanAuxExDnRcK6Rr01QdEma,minbias,0,test,12.487866,11.949198722839355,-0.04313528520459431,2,40mm,2.1949983
SubNetW8CleanAuxExDnRcK6Rr01QdEma,minbias,0,test,11.25879,11.28487491607666,0.002316847535558386,3,60mm,1.9084076
SubNetW8CleanAuxExDnRcK6Rr01QdEma,minbias,0,test,24.238834,24.845413208007812,0.02502508236853096,2,40mm,2.377492
SubNetW8CleanAuxExDnRcK6Rr01QdEma,minbias,0,test,4.473404,4.124519348144531,-0.07799085169305076,3,60mm,0.50997245
SubNetW8CleanAuxExDnRcK6Rr01QdEma,minbias,0,test,7.872516,7.558186054229736,-0.039927526957673765,4,120mm,1.8526685
SubNetW8CleanAuxExDnRcK6Rr01QdEma,minbias,0,test,14.266203,12.97203540802002,-0.0907156252627982,1,30mm,0.7766736
SubNetW8CleanAuxExDnRcK6Rr01QdEma,minbias,0,test,9.058052,8.773828506469727,-0.031377999877027496,3,60mm,1.6747406
SubNetW8CleanAuxExDnRcK6Rr01QdEma,minbias,0,test,28.223398,27.392263412475586,-0.02944843104997852,1,30mm,1.5172498
SubNetW8CleanAuxExDnRcK6Rr01QdEma,minbias,0,test,89.26936,87.36124420166016,-0.02137484943226542,0,15mm,3.6935108
SubNetW8CleanAuxExDnRcK6Rr01QdEma,minbias,0,test,15.801593,15.154058456420898,-0.04097905682788838,2,40mm,2.4920654
SubNetW8CleanAuxExDnRcK6Rr01QdEma,minbias,0,test,12.622282,14.040275573730469,0.1123405056521809,1,30mm,1.049829
SubNetW8CleanAuxExDnRcK6Rr01QdEma,minbias,0,test,38.060368,38.24336624145508,0.0048081158654493805,2,40mm,3.4122415
SubNetW8CleanAuxExDnRcK6Rr01QdEma,minbias,0,test,24.027884,23.864450454711914,-0.006801809021148686,1,30mm,1.5591391
SubNetW8CleanAuxExDnRcK6Rr01QdEma,minbias,0,test,21.194115,19.184629440307617,-0.09481336090757408,0,15mm,0.9014224
SubNetW8CleanAuxExDnRcK6Rr01QdEma,minbias,0,test,24.827015,24.286333084106445,-0.021777964071157063,1,30mm,1.4156362
SubNetW8CleanAuxExDnRcK6Rr01QdEma,minbias,0,test,19.752522,20.17576789855957,0.021427460962281764,3,60mm,4.7233486
SubNetW8CleanAuxExDnRcK6Rr01QdEma,minbias,0,test,59.213448,58.6156120300293,-0.010096279904267647,2,40mm,4.305554
SubNetW8CleanAuxExDnRcK6Rr01QdEma,minbias,0,test,30.752306,30.442935943603516,-0.010060059920368736,2,40mm,3.752539
SubNetW8CleanAuxExDnRcK6Rr01QdEma,minbias,0,test,31.95894,30.204448699951172,-0.05489830946372898,2,40mm,3.6032028
SubNetW8CleanAuxExDnRcK6Rr01QdEma,minbias,0,test,6.9346943,9.000313758850098,0.29786741596087984,4,120mm,1.6270151
SubNetW8CleanAuxExDnRcK6Rr01QdEma,minbias,0,test,19.054754,18.348268508911133,-0.03707661294156994,3,60mm,2.0633657
SubNetW8CleanAuxExDnRcK6Rr01QdEma,minbias,0,test,26.870295,25.83292579650879,-0.03860652780251361,1,30mm,1.250849
SubNetW8CleanAuxExDnRcK6Rr01QdEma,minbias,0,test,67.7529,62.73794937133789,-0.0740182318398902,1,30mm,2.6381018
SubNetW8CleanAuxExDnRcK6Rr01QdEma,minbias,0,test,10.233197,9.654679298400879,-0.056533447154479166,2,40mm,0.8859908
SubNetW8CleanAuxExDnRcK6Rr01QdEma,minbias,0,test,21.493057,20.11557960510254,-0.06408942337933032,1,30mm,1.2142806
SubNetW8CleanAuxExDnRcK6Rr01QdEma,minbias,0,test,16.895847,17.250896453857422,0.02101398802703458,3,60mm,3.3759563
SubNetW8CleanAuxExDnRcK6Rr01QdEma,minbias,0,test,33.411625,31.679603576660156,-0.051838883518329326,2,40mm,4.194205
SubNetW8CleanAuxExDnRcK6Rr01QdEma,minbias,0,test,24.809063,24.299819946289062,-0.02052649115936278,0,15mm,0.7320274
SubNetW8CleanAuxExDnRcK6Rr01QdEma,minbias,0,test,44.277184,44.27552032470703,-3.7563545716157165e-05,2,40mm,3.7414267
SubNetW8CleanAuxExDnRcK6Rr01QdEma,minbias,0,test,21.616156,21.177518844604492,-0.02029208095126034,3,60mm,4.361293
SubNetW8CleanAuxExDnRcK6Rr01QdEma,minbias,0,test,22.189508,22.17729377746582,-0.0005504700871855617,3,60mm,3.6183639
SubNetW8CleanAuxExDnRcK6Rr01QdEma,minbias,0,test,30.120436,28.80613899230957,-0.043634718131575156,2,40mm,2.9090033
SubNetW8CleanAuxExDnRcK6Rr01QdEma,minbias,0,test,12.464714,11.755130767822266,-0.056927361478783745,1,30mm,0.59244287
SubNetW8CleanAuxExDnRcK6Rr01QdEma,minbias,0,test,6.005168,6.445478916168213,0.07332200496277919,3,60mm,0.8767876
SubNetW8CleanAuxExDnRcK6Rr01QdEma,minbias,0,test,7.3481965,8.1578369140625,0.11018219325599743,3,60mm,1.5003328
SubNetW8CleanAuxExDnRcK6Rr01QdEma,minbias,0,test,27.280167,25.580413818359375,-0.0623072736659408,2,40mm,4.9202695
SubNetW8CleanAuxExDnRcK6Rr01QdEma,minbias,0,test,7.0521784,6.641249656677246,-0.05826975778069421,3,60mm,1.047231
SubNetW8CleanAuxExDnRcK6Rr01QdEma,minbias,0,test,22.42918,21.198589324951172,-0.05486561757239983,2,40mm,1.735681
SubNetW8CleanAuxExDnRcK6Rr01QdEma,minbias,0,test,10.068139,10.340378761291504,0.027039722335704397,3,60mm,1.2871532
SubNetW8CleanAuxExDnRcK6Rr01QdEma,minbias,0,test,5.6331797,4.895177841186523,-0.13100981459219063,2,40mm,0.7262304
SubNetW8CleanAuxExDnRcK6Rr01QdEma,minbias,0,test,2.7939212,2.6506476402282715,-0.05128046930700925,3,60mm,0.5551331
SubNetW8CleanAuxExDnRcK6Rr01QdEma,minbias,0,test,24.057194,20.592126846313477,-0.14403454305267516,0,15mm,0.50098807
SubNetW8CleanAuxExDnRcK6Rr01QdEma,minbias,0,test,19.150562,18.489850997924805,-0.03450088193609624,3,60mm,2.749888
SubNetW8CleanAuxExDnRcK6Rr01QdEma,minbias,0,test,16.065895,15.545604705810547,-0.03238477359317582,3,60mm,2.4754734
SubNetW8CleanAuxExDnRcK6Rr01QdEma,minbias,0,test,11.256799,11.163629531860352,-0.00827670587868512,4,120mm,2.5514016
SubNetW8CleanAuxExDnRcK6Rr01QdEma,minbias,0,test,19.338737,19.75959587097168,0.02176245390601972,2,40mm,1.5858488
SubNetW8CleanAuxExDnRcK6Rr01QdEma,minbias,0,test,27.18487,25.966840744018555,-0.044805402147985895,3,60mm,4.542901
SubNetW8CleanAuxExDnRcK6Rr01QdEma,minbias,0,test,17.03411,18.474851608276367,0.0845798557998132,3,60mm,3.8556068
SubNetW8CleanAuxExDnRcK6Rr01QdEma,minbias,0,test,15.430856,15.306925773620605,-0.008031309437174894,3,60mm,1.9208715
SubNetW8CleanAuxExDnRcK6Rr01QdEma,minbias,0,test,34.568035,33.84177780151367,-0.02100950550348535,3,60mm,4.6106567
SubNetW8CleanAuxExDnRcK6Rr01QdEma,minbias,0,test,22.75245,23.582035064697266,0.03646130800513081,0,15mm,1.0378307
SubNetW8CleanAuxExDnRcK6Rr01QdEma,minbias,0,test,20.82974,21.22578239440918,0.019013288699171182,2,40mm,1.9629077
SubNetW8CleanAuxExDnRcK6Rr01QdEma,minbias,0,test,44.567104,41.965579986572266,-0.0583731968135921,0,15mm,1.3686216
SubNetW8CleanAuxExDnRcK6Rr01QdEma,minbias,0,test,23.946493,23.084360122680664,-0.03600247521696576,2,40mm,2.496806
SubNetW8CleanAuxExDnRcK6Rr01QdEma,minbias,0,test,30.21296,33.33112716674805,0.10320630453024471,2,40mm,4.041799
SubNetW8CleanAuxExDnRcK6Rr01QdEma,minbias,0,test,91.79948,90.67655944824219,-0.012232282978017373,1,30mm,3.4827247
SubNetW8CleanAuxExDnRcK6Rr01QdEma,minbias,0,test,6.888475,6.933125019073486,0.006481852398478427,2,40mm,0.7108286
SubNetW8CleanAuxExDnRcK6Rr01QdEma,minbias,0,test,96.488785,93.22638702392578,-0.033811160262949724,1,30mm,4.747694
SubNetW8CleanAuxExDnRcK6Rr01QdEma,minbias,0,test,21.144392,21.110082626342773,-0.0016226234920845295,1,30mm,1.5659425
SubNetW8CleanAuxExDnRcK6Rr01QdEma,minbias,0,test,58.673355,60.09810256958008,0.024282699780012518,0,15mm,2.482511
SubNetW8CleanAuxExDnRcK6Rr01QdEma,minbias,0,test,22.985846,21.351179122924805,-0.07111621968362825,0,15mm,0.61661386
SubNetW8CleanAuxExDnRcK6Rr01QdEma,minbias,0,test,70.09583,74.32199096679688,0.060291146731339396,0,15mm,2.7489855
SubNetW8CleanAuxExDnRcK6Rr01QdEma,minbias,0,test,25.052265,25.039278030395508,-0.0005184016995718466,3,60mm,2.8946524
SubNetW8CleanAuxExDnRcK6Rr01QdEma,minbias,0,test,9.416036,9.740145683288574,0.03442107093695612,3,60mm,1.539937
SubNetW8CleanAuxExDnRcK6Rr01QdEma,minbias,0,test,3.4451995,3.7291555404663086,0.08242078629423766,2,40mm,0.50333107
SubNetW8CleanAuxExDnRcK6Rr01QdEma,minbias,0,test,61.932632,61.241661071777344,-0.011156822295757651,1,30mm,3.6123686
SubNetW8CleanAuxExDnRcK6Rr01QdEma,minbias,0,test,67.860176,67.71516418457031,-0.002136921980143147,0,15mm,1.6539567
SubNetW8CleanAuxExDnRcK6Rr01QdEma,minbias,0,test,8.109756,8.682806968688965,0.07066186279471887,2,40mm,0.62088877
SubNetW8CleanAuxExDnRcK6Rr01QdEma,minbias,0,test,95.31628,89.35111999511719,-0.06258276939750484,1,30mm,4.7771215
SubNetW8CleanAuxExDnRcK6Rr01QdEma,minbias,0,test,91.64677,91.69609832763672,0.0005382804744293868,1,30mm,4.766384
SubNetW8CleanAuxExDnRcK6Rr01QdEma,minbias,0,test,58.413475,60.638031005859375,0.0380829246649621,0,15mm,1.6492075
SubNetW8CleanAuxExDnRcK6Rr01QdEma,minbias,0,test,16.901268,16.320152282714844,-0.03438296596868207,4,120mm,4.0024943
SubNetW8CleanAuxExDnRcK6Rr01QdEma,minbias,0,test,31.764013,31.626609802246094,-0.004325759686062192,3,60mm,4.3158746
SubNetW8CleanAuxExDnRcK6Rr01QdEma,minbias,0,test,45.30993,43.75962448120117,-0.034215556075295916,2,40mm,3.9252129
SubNetW8CleanAuxExDnRcK6Rr01QdEma,minbias,0,test,54.288975,55.01251220703125,0.01332752088689837,2,40mm,4.97171
SubNetW8CleanAuxExDnRcK6Rr01QdEma,minbias,0,test,6.4023175,6.140720844268799,-0.040859685373093924,3,60mm,1.0932763
SubNetW8CleanAuxExDnRcK6Rr01QdEma,minbias,0,test,22.929914,21.251211166381836,-0.07321018619468722,1,30mm,1.340243
SubNetW8CleanAuxExDnRcK6Rr01QdEma,minbias,0,test,15.057631,24.448087692260742,0.6236344509207952,0,15mm,0.618695
SubNetW8CleanAuxExDnRcK6Rr01QdEma,minbias,0,test,52.81077,53.2547721862793,0.008407453149827937,2,40mm,4.7422657
SubNetW8CleanAuxExDnRcK6Rr01QdEma,minbias,0,test,18.289835,17.630687713623047,-0.03603899452516135,3,60mm,3.3023171
SubNetW8CleanAuxExDnRcK6Rr01QdEma,minbias,0,test,17.328514,17.43524169921875,0.00615907396832549,3,60mm,2.5497656
SubNetW8CleanAuxExDnRcK6Rr01QdEma,minbias,0,test,10.774243,10.697317123413086,-0.007139826793500559,3,60mm,1.852767
SubNetW8CleanAuxExDnRcK6Rr01QdEma,minbias,0,test,3.361732,3.100534200668335,-0.07769739078927385,3,60mm,0.6113401
SubNetW8CleanAuxExDnRcK6Rr01QdEma,minbias,0,test,78.056274,77.86998748779297,-0.002386572093888817,1,30mm,3.2855096
SubNetW8CleanAuxExDnRcK6Rr01QdEma,minbias,0,test,16.687094,17.38858985900879,0.04203824437128434,2,40mm,1.4682294
SubNetW8CleanAuxExDnRcK6Rr01QdEma,minbias,0,test,69.152214,72.89138793945312,0.05407164384412533,2,40mm,4.5791526
SubNetW8CleanAuxExDnRcK6Rr01QdEma,minbias,0,test,7.580339,7.842150688171387,0.034538262049051305,2,40mm,0.92422915
SubNetW8CleanAuxExDnRcK6Rr01QdEma,minbias,0,test,8.337359,10.3242826461792,0.23831564835790808,2,40mm,1.795629
SubNetW8CleanAuxExDnRcK6Rr01QdEma,minbias,0,test,26.546846,25.751907348632812,-0.029944763662926643,3,60mm,4.9931426
SubNetW8CleanAuxExDnRcK6Rr01QdEma,minbias,0,test,48.39077,49.112693786621094,0.014918626604705443,0,15mm,1.6009779
SubNetW8CleanAuxExDnRcK6Rr01QdEma,minbias,0,test,15.102294,15.284544944763184,0.012067767780593153,3,60mm,1.9568682
SubNetW8CleanAuxExDnRcK6Rr01QdEma,minbias,0,test,7.557043,8.187344551086426,0.0834058333692993,3,60mm,1.4852438
SubNetW8CleanAuxExDnRcK6Rr01QdEma,minbias,0,test,48.115894,48.36391830444336,0.005154720500031296,2,40mm,4.4777484
SubNetW8CleanAuxExDnRcK6Rr01QdEma,minbias,0,test,38.025177,36.49956512451172,-0.0401210986437498,1,30mm,2.9044485
SubNetW8CleanAuxExDnRcK6Rr01QdEma,minbias,0,test,18.349592,18.8277645111084,0.026059015197904545,3,60mm,2.8970761
SubNetW8CleanAuxExDnRcK6Rr01QdEma,minbias,0,test,56.0427,55.259830474853516,-0.013969191746547538,1,30mm,4.3078427
SubNetW8CleanAuxExDnRcK6Rr01QdEma,minbias,0,test,43.49814,41.905208587646484,-0.03662064395547193,1,30mm,2.8012717
SubNetW8CleanAuxExDnRcK6Rr01QdEma,minbias,0,test,10.984224,11.766518592834473,0.07121980129180994,4,120mm,2.5882082
SubNetW8CleanAuxExDnRcK6Rr01QdEma,minbias,0,test,37.302643,36.83846664428711,-0.012443519891878863,1,30mm,2.3282714
SubNetW8CleanAuxExDnRcK6Rr01QdEma,minbias,0,test,24.195621,22.869199752807617,-0.05482073432967505,1,30mm,1.2489551
SubNetW8CleanAuxExDnRcK6Rr01QdEma,minbias,0,test,38.417805,38.567962646484375,0.003908550464268856,3,60mm,4.836402
SubNetW8CleanAuxExDnRcK6Rr01QdEma,minbias,0,test,21.212635,21.048076629638672,-0.007757565730614369,3,60mm,2.718944
SubNetW8CleanAuxExDnRcK6Rr01QdEma,minbias,0,test,70.53633,71.63361358642578,0.015556272793920467,0,15mm,3.2748957
SubNetW8CleanAuxExDnRcK6Rr01QdEma,minbias,0,test,3.2515376,4.050863742828369,0.24583021610966527,3,60mm,0.56298524
SubNetW8CleanAuxExDnRcK6Rr01QdEma,minbias,0,test,17.919895,17.843265533447266,-0.004276232530148971,3,60mm,4.2848697
SubNetW8CleanAuxExDnRcK6Rr01QdEma,minbias,0,test,18.361849,17.672208786010742,-0.037558311883881146,2,40mm,3.019651
SubNetW8CleanAuxExDnRcK6Rr01QdEma,minbias,0,test,88.09487,88.10039520263672,6.270151196385854e-05,1,30mm,4.1548676
SubNetW8CleanAuxExDnRcK6Rr01QdEma,minbias,0,test,16.498587,16.560518264770508,0.0037537524518755916,3,60mm,2.253194
SubNetW8CleanAuxExDnRcK6Rr01QdEma,minbias,0,test,9.13718,8.720165252685547,-0.04563936145474157,3,60mm,1.3888149
SubNetW8CleanAuxExDnRcK6Rr01QdEma,minbias,0,test,13.86333,13.82751750946045,-0.002583245022702796,4,120mm,3.121965
SubNetW8CleanAuxExDnRcK6Rr01QdEma,minbias,0,test,8.222056,7.679410457611084,-0.06599880924916235,4,120mm,1.92132
SubNetW8CleanAuxExDnRcK6Rr01QdEma,minbias,0,test,68.86846,68.88622283935547,0.00025790078729537314,0,15mm,3.1275554
SubNetW8CleanAuxExDnRcK6Rr01QdEma,minbias,0,test,7.493661,9.122673988342285,0.2173854778634845,2,40mm,0.9946769
SubNetW8CleanAuxExDnRcK6Rr01QdEma,minbias,0,test,6.109563,6.190809726715088,0.013298308660122826,2,40mm,0.5708618
SubNetW8CleanAuxExDnRcK6Rr01QdEma,minbias,0,test,25.87302,25.861581802368164,-0.0004420964261181437,0,15mm,0.5844563
SubNetW8CleanAuxExDnRcK6Rr01QdEma,minbias,0,test,57.58197,56.99662780761719,-0.010165376506614754,1,30mm,3.5934925
SubNetW8CleanAuxExDnRcK6Rr01QdEma,minbias,0,test,81.90663,78.1712875366211,-0.04560490238798409,1,30mm,4.6517205
SubNetW8CleanAuxExDnRcK6Rr01QdEma,minbias,0,test,30.068329,30.244848251342773,0.0058706087311308774,2,40mm,3.971252
SubNetW8CleanAuxExDnRcK6Rr01QdEma,minbias,0,test,28.958805,29.52397346496582,0.01951628801994687,1,30mm,1.5681943
SubNetW8CleanAuxExDnRcK6Rr01QdEma,minbias,0,test,21.70049,24.27401351928711,0.11859282693171602,2,40mm,4.821361
SubNetW8CleanAuxExDnRcK6Rr01QdEma,minbias,0,test,7.1833105,8.08787727355957,0.12592616784871757,4,120mm,1.7161211
SubNetW8CleanAuxExDnRcK6Rr01QdEma,minbias,0,test,23.354162,23.20701789855957,-0.006300560742229067,3,60mm,3.0795631
SubNetW8CleanAuxExDnRcK6Rr01QdEma,minbias,0,test,5.4304433,5.458382606506348,0.0051449427117702395,2,40mm,0.653822
SubNetW8CleanAuxExDnRcK6Rr01QdEma,minbias,0,test,99.62391,96.7276611328125,-0.02907181511888779,0,15mm,2.313688
SubNetW8CleanAuxExDnRcK6Rr01QdEma,minbias,0,test,21.760675,22.04498863220215,0.013065458506331229,2,40mm,3.562468
SubNetW8CleanAuxExDnRcK6Rr01QdEma,minbias,0,test,18.955124,18.6390438079834,-0.0166751794938671,4,120mm,3.889026
SubNetW8CleanAuxExDnRcK6Rr01QdEma,minbias,0,test,4.5025053,4.815659999847412,0.06955121124438413,3,60mm,0.5380423
SubNetW8CleanAuxExDnRcK6Rr01QdEma,minbias,0,test,24.844477,25.646310806274414,0.032274139485128694,3,60mm,2.9854138
SubNetW8CleanAuxExDnRcK6Rr01QdEma,minbias,0,test,31.70242,31.412084579467773,-0.009158124462508632,3,60mm,3.183864
SubNetW8CleanAuxExDnRcK6Rr01QdEma,minbias,0,test,41.373688,41.169742584228516,-0.004929344494823074,2,40mm,4.8514705
SubNetW8CleanAuxExDnRcK6Rr01QdEma,minbias,0,test,7.8791246,7.4862871170043945,-0.049858016250818094,3,60mm,1.2186247
SubNetW8CleanAuxExDnRcK6Rr01QdEma,minbias,0,test,20.784779,21.388547897338867,0.029048628043324864,4,120mm,4.1889396
SubNetW8CleanAuxExDnRcK6Rr01QdEma,minbias,0,test,5.6392665,5.608259677886963,-0.005498376978486874,3,60mm,0.93780625
SubNetW8CleanAuxExDnRcK6Rr01QdEma,minbias,0,test,11.811386,12.045817375183105,0.019847904778760528,3,60mm,1.9476912
SubNetW8CleanAuxExDnRcK6Rr01QdEma,minbias,0,test,8.403023,8.737567901611328,0.03981247520203812,3,60mm,1.4344797
SubNetW8CleanAuxExDnRcK6Rr01QdEma,minbias,0,test,29.662233,29.405851364135742,-0.0086433811465646,2,40mm,3.670615
SubNetW8CleanAuxExDnRcK6Rr01QdEma,minbias,0,test,29.830557,29.966461181640625,0.004555875799714393,0,15mm,1.4529299
SubNetW8CleanAuxExDnRcK6Rr01QdEma,minbias,0,test,12.527223,11.846882820129395,-0.05430891053381437,2,40mm,1.8544981
SubNetW8CleanAuxExDnRcK6Rr01QdEma,minbias,0,test,15.181945,15.78128719329834,0.03947731020150669,3,60mm,2.7307363
SubNetW8CleanAuxExDnRcK6Rr01QdEma,minbias,0,test,11.078532,14.961750030517578,0.35051735508320236,2,40mm,0.9348894
SubNetW8CleanAuxExDnRcK6Rr01QdEma,minbias,0,test,42.405025,42.642494201660156,0.005600013601742226,2,40mm,4.0598288
SubNetW8CleanAuxExDnRcK6Rr01QdEma,minbias,0,test,25.49938,25.81646728515625,0.012435093405133157,3,60mm,3.4475904
SubNetW8CleanAuxExDnRcK6Rr01QdEma,minbias,0,test,16.595562,16.640504837036133,0.002708124972560233,3,60mm,2.5885205
SubNetW8CleanAuxExDnRcK6Rr01QdEma,minbias,0,test,63.49297,63.09357452392578,-0.00629038131430093,1,30mm,2.6787226
SubNetW8CleanAuxExDnRcK6Rr01QdEma,minbias,0,test,6.299462,5.930665969848633,-0.058544028205737786,3,60mm,0.9235162
SubNetW8CleanAuxExDnRcK6Rr01QdEma,minbias,0,test,10.883572,10.490297317504883,-0.036134673507034365,3,60mm,1.4148892
SubNetW8CleanAuxExDnRcK6Rr01QdEma,minbias,0,test,87.12798,74.149169921875,-0.1489626261346393,0,15mm,2.1110053
SubNetW8CleanAuxExDnRcK6Rr01QdEma,minbias,0,test,18.987804,18.387449264526367,-0.031617934083489896,3,60mm,4.490061
SubNetW8CleanAuxExDnRcK6Rr01QdEma,minbias,0,test,8.694816,8.643278121948242,-0.005927384304897032,3,60mm,1.7200776
SubNetW8CleanAuxExDnRcK6Rr01QdEma,minbias,0,test,12.844495,13.325408935546875,0.03744126356533495,3,60mm,1.8374631
SubNetW8CleanAuxExDnRcK6Rr01QdEma,minbias,0,test,35.829014,38.2933349609375,0.06878004369721302,1,30mm,2.2951767
SubNetW8CleanAuxExDnRcK6Rr01QdEma,minbias,0,test,12.908113,12.499183654785156,-0.031679989644729845,3,60mm,3.0000682
SubNetW8CleanAuxExDnRcK6Rr01QdEma,minbias,0,test,26.77017,26.19414710998535,-0.021517349245426476,3,60mm,4.8777943
SubNetW8CleanAuxExDnRcK6Rr01QdEma,minbias,0,test,18.489552,20.713319778442383,0.12027161550880194,2,40mm,1.329891
SubNetW8CleanAuxExDnRcK6Rr01QdEma,minbias,0,test,12.194797,11.852317810058594,-0.028084007009838263,1,30mm,0.89414287
SubNetW8CleanAuxExDnRcK6Rr01QdEma,minbias,0,test,94.9248,87.85212707519531,-0.0745081390964768,0,15mm,2.7891188
SubNetW8CleanAuxExDnRcK6Rr01QdEma,minbias,0,test,14.412549,14.246089935302734,-0.011549593575661432,3,60mm,2.148818
SubNetW8CleanAuxExDnRcK6Rr01QdEma,minbias,0,test,15.806112,15.438539505004883,-0.02325510395555419,3,60mm,2.82994
SubNetW8CleanAuxExDnRcK6Rr01QdEma,minbias,0,test,9.3467655,8.928727149963379,-0.044725457957794035,3,60mm,1.7114393
SubNetW8CleanAuxExDnRcK6Rr01QdEma,minbias,0,test,25.64999,25.296688079833984,-0.013773962517201421,2,40mm,2.6704326
SubNetW8CleanAuxExDnRcK6Rr01QdEma,minbias,0,test,8.941829,10.176983833312988,0.13813227061277678,3,60mm,2.1113324
SubNetW8CleanAuxExDnRcK6Rr01QdEma,minbias,0,test,60.263786,60.666404724121094,0.0066809344851399555,1,30mm,4.4156275
SubNetW8CleanAuxExDnRcK6Rr01QdEma,minbias,0,test,19.83866,19.527629852294922,-0.015677946262012243,3,60mm,3.2817962
SubNetW8CleanAuxExDnRcK6Rr01QdEma,minbias,0,test,5.8005238,5.631963729858398,-0.029059449648076607,2,40mm,0.7716112
SubNetW8CleanAuxExDnRcK6Rr01QdEma,minbias,0,test,14.019094,19.028114318847656,0.35729981443645986,1,30mm,0.6774708
SubNetW8CleanAuxExDnRcK6Rr01QdEma,minbias,0,test,37.209038,39.186885833740234,0.053155044337134916,2,40mm,3.7550123
SubNetW8CleanAuxExDnRcK6Rr01QdEma,minbias,0,test,16.46288,15.614455223083496,-0.0515355757945799,3,60mm,2.5904012
SubNetW8CleanAuxExDnRcK6Rr01QdEma,minbias,0,test,17.340128,16.3538818359375,-0.05687651856664799,2,40mm,2.0870552
SubNetW8CleanAuxExDnRcK6Rr01QdEma,minbias,0,test,31.945845,31.124540328979492,-0.025709269242382038,3,60mm,4.603304
SubNetW8CleanAuxExDnRcK6Rr01QdEma,minbias,0,test,74.45633,74.50251770019531,0.0006203415464887119,1,30mm,4.210243
SubNetW8CleanAuxExDnRcK6Rr01QdEma,minbias,0,test,59.52321,51.289119720458984,-0.13833408999380403,1,30mm,3.5775661
SubNetW8CleanAuxExDnRcK6Rr01QdEma,minbias,0,test,19.234337,19.18486785888672,-0.002571910563833102,2,40mm,2.1923072
SubNetW8CleanAuxExDnRcK6Rr01QdEma,minbias,0,test,44.820473,42.35499572753906,-0.05500783102618356,0,15mm,1.2210304
SubNetW8CleanAuxExDnRcK6Rr01QdEma,minbias,0,test,84.13664,85.0742416381836,0.011143767504373958,0,15mm,3.5591393
SubNetW8CleanAuxExDnRcK6Rr01QdEma,minbias,0,test,76.0892,76.47651672363281,0.00509026022233261,1,30mm,3.3903472
SubNetW8CleanAuxExDnRcK6Rr01QdEma,minbias,0,test,3.5259717,3.5576181411743164,0.008975253697055985,3,60mm,0.65864384
SubNetW8CleanAuxExDnRcK6Rr01QdEma,minbias,0,test,61.081127,55.84410095214844,-0.08573886006233677,1,30mm,2.8647206
SubNetW8CleanAuxExDnRcK6Rr01QdEma,minbias,0,test,52.38001,50.98949432373047,-0.026546661758103274,1,30mm,2.9186435
SubNetW8CleanAuxExDnRcK6Rr01QdEma,minbias,0,test,4.451697,4.280828952789307,-0.03838264931498192,3,60mm,0.5003699
SubNetW8CleanAuxExDnRcK6Rr01QdEma,minbias,0,test,25.408873,25.089466094970703,-0.012570668300508459,3,60mm,2.8579957
SubNetW8CleanAuxExDnRcK6Rr01QdEma,minbias,0,test,11.741574,12.925091743469238,0.1007971697051957,3,60mm,1.52387
SubNetW8CleanAuxExDnRcK6Rr01QdEma,minbias,0,test,8.239491,7.385781764984131,-0.10361194032269283,4,120mm,1.9392517
SubNetW8CleanAuxExDnRcK6Rr01QdEma,minbias,0,test,17.289373,18.055278778076172,0.044299198277786056,1,30mm,1.3404474
SubNetW8CleanAuxExDnRcK6Rr01QdEma,minbias,0,test,29.952257,30.356069564819336,0.01348186904042259,2,40mm,4.2087774
SubNetW8CleanAuxExDnRcK6Rr01QdEma,minbias,0,test,24.176203,24.073509216308594,-0.004247712459191311,2,40mm,2.974932
SubNetW8CleanAuxExDnRcK6Rr01QdEma,minbias,0,test,99.18724,95.82780456542969,-0.03386963902629636,0,15mm,3.273698
SubNetW8CleanAuxExDnRcK6Rr01QdEma,minbias,0,test,40.16346,39.22748947143555,-0.023304025887557756,2,40mm,4.179791
SubNetW8CleanAuxExDnRcK6Rr01QdEma,minbias,0,test,27.332523,26.8961181640625,-0.01596651638640134,2,40mm,3.1313455
SubNetW8CleanAuxExDnRcK6Rr01QdEma,minbias,0,test,28.027378,28.1489315032959,0.0043369529844599075,3,60mm,3.7010202
SubNetW8CleanAuxExDnRcK6Rr01QdEma,minbias,0,test,19.415457,18.76913070678711,-0.03328925364251789,2,40mm,3.4787316
SubNetW8CleanAuxExDnRcK6Rr01QdEma,minbias,0,test,70.51586,69.35652160644531,-0.016440838698404292,1,30mm,3.4471169
SubNetW8CleanAuxExDnRcK6Rr01QdEma,minbias,0,test,92.87899,92.0706558227539,-0.008703091507318739,0,15mm,2.4794116
SubNetW8CleanAuxExDnRcK6Rr01QdEma,minbias,0,test,9.315341,10.081452369689941,0.08224190335573578,4,120mm,1.9138737
SubNetW8CleanAuxExDnRcK6Rr01QdEma,minbias,0,test,11.390182,10.928763389587402,-0.040510166600647324,4,120mm,2.587918
SubNetW8CleanAuxExDnRcK6Rr01QdEma,minbias,0,test,54.710186,53.966548919677734,-0.013592296778115243,1,30mm,4.8357024
SubNetW8CleanAuxExDnRcK6Rr01QdEma,minbias,0,test,56.43929,54.724510192871094,-0.03038271614868071,0,15mm,1.6157223
SubNetW8CleanAuxExDnRcK6Rr01QdEma,minbias,0,test,52.666534,53.70139694213867,0.01964933766065946,0,15mm,2.2962644
SubNetW8CleanAuxExDnRcK6Rr01QdEma,minbias,0,test,52.96276,50.58372116088867,-0.04491910396740961,2,40mm,4.956724
SubNetW8CleanAuxExDnRcK6Rr01QdEma,minbias,0,test,21.80904,21.890199661254883,0.003721373862209054,3,60mm,3.6401117
SubNetW8CleanAuxExDnRcK6Rr01QdEma,minbias,0,test,46.196262,46.185333251953125,-0.00023657991161574188,2,40mm,2.8474326
SubNetW8CleanAuxExDnRcK6Rr01QdEma,minbias,0,test,97.73695,96.41043853759766,-0.013572299391955589,1,30mm,4.8963394
SubNetW8CleanAuxExDnRcK6Rr01QdEma,minbias,0,test,15.847333,15.509197235107422,-0.02133707421129749,2,40mm,1.5384446
SubNetW8CleanAuxExDnRcK6Rr01QdEma,minbias,0,test,78.6305,80.24141693115234,0.020487166194283812,0,15mm,2.2086403
SubNetW8CleanAuxExDnRcK6Rr01QdEma,minbias,0,test,67.489655,70.21585083007812,0.04039428424404967,2,40mm,4.0245943
SubNetW8CleanAuxExDnRcK6Rr01QdEma,minbias,0,test,45.41507,44.85891342163086,-0.0122460708216382,1,30mm,2.433062
SubNetW8CleanAuxExDnRcK6Rr01QdEma,minbias,0,test,62.260452,61.35886764526367,-0.014480855701576867,1,30mm,2.9754047
SubNetW8CleanAuxExDnRcK6Rr01QdEma,minbias,0,test,15.241979,15.777061462402344,0.035105863190653785,4,120mm,3.6463153
SubNetW8CleanAuxExDnRcK6Rr01QdEma,minbias,0,test,24.194868,22.79157829284668,-0.05799948112266384,3,60mm,4.2111907
SubNetW8CleanAuxExDnRcK6Rr01QdEma,minbias,0,test,79.5628,80.46138000488281,0.011294002802908043,1,30mm,4.241695
SubNetW8CleanAuxExDnRcK6Rr01QdEma,minbias,0,test,50.888004,51.320594787597656,0.008500834146365266,0,15mm,1.1788204
SubNetW8CleanAuxExDnRcK6Rr01QdEma,minbias,0,test,18.366722,18.7761173248291,0.022290053473447813,3,60mm,3.242395
SubNetW8CleanAuxExDnRcK6Rr01QdEma,minbias,0,test,33.891964,33.55271530151367,-0.01000970783633437,2,40mm,3.8878703
SubNetW8CleanAuxExDnRcK6Rr01QdEma,minbias,0,test,17.240437,17.001354217529297,-0.01386753378764849,4,120mm,3.8940258
SubNetW8CleanAuxExDnRcK6Rr01QdEma,minbias,0,test,22.027275,17.077627182006836,-0.22470541109789932,0,15mm,0.84078646
SubNetW8CleanAuxExDnRcK6Rr01QdEma,minbias,0,test,58.491356,56.56651306152344,-0.0329081589063388,2,40mm,4.6106296
SubNetW8CleanAuxExDnRcK6Rr01QdEma,minbias,0,test,17.678955,17.183576583862305,-0.02802080168616128,4,120mm,4.2014546
SubNetW8CleanAuxExDnRcK6Rr01QdEma,minbias,0,test,41.681606,40.63624572753906,-0.025079661226203975,3,60mm,4.35617
SubNetW8CleanAuxExDnRcK6Rr01QdEma,minbias,0,test,20.159145,21.545347213745117,0.06876292789670502,2,40mm,2.4826622
SubNetW8CleanAuxExDnRcK6Rr01QdEma,minbias,0,test,76.13089,74.74513244628906,-0.018202301959748368,0,15mm,2.0800793
SubNetW8CleanAuxExDnRcK6Rr01QdEma,minbias,0,test,44.085552,41.91032791137695,-0.04934097895751599,0,15mm,1.5479661
SubNetW8CleanAuxExDnRcK6Rr01QdEma,minbias,0,test,5.9885864,5.607255458831787,-0.06367629016887999,3,60mm,1.388998
SubNetW8CleanAuxExDnRcK6Rr01QdEma,minbias,0,test,4.2100487,4.2038679122924805,-0.0014680978109690157,3,60mm,0.72300315
SubNetW8CleanAuxExDnRcK6Rr01QdEma,minbias,0,test,7.363955,6.957043170928955,-0.05525724272085564,3,60mm,0.7528484
SubNetW8CleanAuxExDnRcK6Rr01QdEma,minbias,0,test,34.394337,32.923885345458984,-0.04275271733795871,0,15mm,0.88434714
SubNetW8CleanAuxExDnRcK6Rr01QdEma,minbias,0,test,37.2073,37.4273796081543,0.00591500430094527,3,60mm,4.8039045
SubNetW8CleanAuxExDnRcK6Rr01QdEma,minbias,0,test,18.551384,18.878795623779297,0.01764890706281186,2,40mm,1.7379113
SubNetW8CleanAuxExDnRcK6Rr01QdEma,minbias,0,test,7.2403045,7.648539066314697,0.056383622807637535,3,60mm,1.3149498
SubNetW8CleanAuxExDnRcK6Rr01QdEma,minbias,0,test,8.503253,7.273632526397705,-0.1446058889627735,1,30mm,0.7081703
SubNetW8CleanAuxExDnRcK6Rr01QdEma,minbias,0,test,23.85249,23.56993293762207,-0.011845997632735639,3,60mm,3.3635285
SubNetW8CleanAuxExDnRcK6Rr01QdEma,minbias,0,test,13.060138,14.168318748474121,0.08485216780080429,2,40mm,0.97327715
SubNetW8CleanAuxExDnRcK6Rr01QdEma,minbias,0,test,14.465584,14.347920417785645,-0.00813402245636019,4,120mm,3.347969
SubNetW8CleanAuxExDnRcK6Rr01QdEma,minbias,0,test,10.759527,10.368526458740234,-0.036339956224779923,3,60mm,1.8092208
SubNetW8CleanAuxExDnRcK6Rr01QdEma,minbias,0,test,19.126713,18.805973052978516,-0.016769203859709148,2,40mm,3.5351877
SubNetW8CleanAuxExDnRcK6Rr01QdEma,minbias,0,test,21.98014,21.75190544128418,-0.010383702634623404,3,60mm,4.619267
SubNetW8CleanAuxExDnRcK6Rr01QdEma,minbias,0,test,31.159563,31.43566131591797,0.008860787000465553,3,60mm,4.76144
SubNetW8CleanAuxExDnRcK6Rr01QdEma,minbias,0,test,31.466541,31.255529403686523,-0.006705912945756176,2,40mm,2.3150437
SubNetW8CleanAuxExDnRcK6Rr01QdEma,minbias,0,test,68.81899,68.42123413085938,-0.005779777773170847,2,40mm,4.6957707
SubNetW8CleanAuxExDnRcK6Rr01QdEma,minbias,0,test,20.262676,20.059633255004883,-0.010020541295421292,3,60mm,2.687542
SubNetW8CleanAuxExDnRcK6Rr01QdEma,minbias,0,test,7.3837333,7.041891098022461,-0.046296658060598905,3,60mm,1.5983367
SubNetW8CleanAuxExDnRcK6Rr01QdEma,minbias,0,test,13.3259735,13.85566234588623,0.039748603335963084,3,60mm,1.8814036
SubNetW8CleanAuxExDnRcK6Rr01QdEma,minbias,0,test,17.239859,17.6685733795166,0.024867648944516096,3,60mm,2.0049927
SubNetW8CleanAuxExDnRcK6Rr01QdEma,minbias,0,test,20.983831,21.741683959960938,0.03611602379332912,3,60mm,3.2660842
SubNetW8CleanAuxExDnRcK6Rr01QdEma,minbias,0,test,52.465702,51.6917724609375,-0.014751152955280178,2,40mm,4.8682585
SubNetW8CleanAuxExDnRcK6Rr01QdEma,minbias,0,test,99.12672,96.16332244873047,-0.029895009804323802,0,15mm,4.187241
SubNetW8CleanAuxExDnRcK6Rr01QdEma,minbias,0,test,25.797657,25.326683044433594,-0.018256462913264992,1,30mm,1.4659456
SubNetW8CleanAuxExDnRcK6Rr01QdEma,minbias,0,test,35.733162,34.42586898803711,-0.036584865927337784,0,15mm,1.1526885
SubNetW8CleanAuxExDnRcK6Rr01QdEma,minbias,0,test,11.742671,11.906490325927734,0.013950770899538334,3,60mm,1.8839684
SubNetW8CleanAuxExDnRcK6Rr01QdEma,minbias,0,test,78.45568,78.5936279296875,0.0017582803568838568,0,15mm,2.0775735
SubNetW8CleanAuxExDnRcK6Rr01QdEma,minbias,0,test,17.198317,17.044410705566406,-0.008948891472440934,3,60mm,2.106645
SubNetW8CleanAuxExDnRcK6Rr01QdEma,minbias,0,test,38.778366,41.399723052978516,0.06759843769858809,1,30mm,2.379076
SubNetW8CleanAuxExDnRcK6Rr01QdEma,minbias,0,test,60.297043,42.96322250366211,-0.28747380509344633,1,30mm,3.7758408
SubNetW8CleanAuxExDnRcK6Rr01QdEma,minbias,0,test,9.480752,9.192747116088867,-0.030377851403374345,2,40mm,1.3194546
SubNetW8CleanAuxExDnRcK6Rr01QdEma,minbias,0,test,4.112779,4.266322612762451,0.0373332646966309,2,40mm,0.5487312
SubNetW8CleanAuxExDnRcK6Rr01QdEma,minbias,0,test,8.752143,9.595132827758789,0.09631811667217116,3,60mm,1.8304315
SubNetW8CleanAuxExDnRcK6Rr01QdEma,minbias,0,test,23.490673,23.808921813964844,0.013547876976371498,4,120mm,4.844083
SubNetW8CleanAuxExDnRcK6Rr01QdEma,minbias,0,test,60.755703,58.74787902832031,-0.03304749753292313,0,15mm,2.731906
SubNetW8CleanAuxExDnRcK6Rr01QdEma,minbias,0,test,23.409914,22.67010498046875,-0.03160238161175544,3,60mm,4.9914107
SubNetW8CleanAuxExDnRcK6Rr01QdEma,minbias,0,test,88.05763,90.39189910888672,0.026508396805029255,0,15mm,3.47134
SubNetW8CleanAuxExDnRcK6Rr01QdEma,minbias,0,test,24.339745,23.284481048583984,-0.04335557081729102,3,60mm,4.601362
SubNetW8CleanAuxExDnRcK6Rr01QdEma,minbias,0,test,26.92423,27.748859405517578,0.03062775842903931,1,30mm,1.6920855
SubNetW8CleanAuxExDnRcK6Rr01QdEma,minbias,0,test,3.7841728,3.87449312210083,0.023867924153843312,3,60mm,0.8832729
SubNetW8CleanAuxExDnRcK6Rr01QdEma,minbias,0,test,25.562366,25.94110679626465,0.01481632425864654,2,40mm,3.621165
SubNetW8CleanAuxExDnRcK6Rr01QdEma,minbias,0,test,11.857273,12.477792739868164,0.05233240667847805,2,40mm,1.5104641
SubNetW8CleanAuxExDnRcK6Rr01QdEma,minbias,0,test,14.124695,14.091842651367188,-0.00232586779823607,2,40mm,1.8016286
SubNetW8CleanAuxExDnRcK6Rr01QdEma,minbias,0,test,23.225662,22.30451774597168,-0.03966063384089391,2,40mm,2.3526611
SubNetW8CleanAuxExDnRcK6Rr01QdEma,minbias,0,test,16.342163,16.315475463867188,-0.001633053221288483,3,60mm,3.5110366
SubNetW8CleanAuxExDnRcK6Rr01QdEma,minbias,0,test,2.5573108,2.884913921356201,0.12810453043728032,4,120mm,0.5103099
SubNetW8CleanAuxExDnRcK6Rr01QdEma,minbias,0,test,11.686249,12.727873802185059,0.08913253881206984,3,60mm,2.778656
SubNetW8CleanAuxExDnRcK6Rr01QdEma,minbias,0,test,28.569723,28.346664428710938,-0.0078075205542673665,3,60mm,4.073042
SubNetW8CleanAuxExDnRcK6Rr01QdEma,minbias,0,test,37.97137,37.35820388793945,-0.016148134708503625,2,40mm,3.220408
SubNetW8CleanAuxExDnRcK6Rr01QdEma,minbias,0,test,48.786186,48.80226516723633,0.0003295799532816446,2,40mm,3.471055
SubNetW8CleanAuxExDnRcK6Rr01QdEma,minbias,0,test,86.60657,83.35873413085938,-0.03750100425522318,1,30mm,4.4767876
SubNetW8CleanAuxExDnRcK6Rr01QdEma,minbias,0,test,4.8328333,4.197021007537842,-0.13156097973929637,2,40mm,0.9024247
SubNetW8CleanAuxExDnRcK6Rr01QdEma,minbias,0,test,90.35299,88.807373046875,-0.017106419650778637,0,15mm,2.593987
SubNetW8CleanAuxExDnRcK6Rr01QdEma,minbias,0,test,5.756309,5.919370651245117,0.028327460858335263,3,60mm,1.0259657
SubNetW8CleanAuxExDnRcK6Rr01QdEma,minbias,0,test,24.210838,23.31905174255371,-0.036834188209795116,2,40mm,2.4823449
SubNetW8CleanAuxExDnRcK6Rr01QdEma,minbias,0,test,24.631142,23.950817108154297,-0.02762050430964924,3,60mm,3.823842
SubNetW8CleanAuxExDnRcK6Rr01QdEma,minbias,0,test,48.28191,46.60966110229492,-0.03463510126917413,0,15mm,2.1023784
SubNetW8CleanAuxExDnRcK6Rr01QdEma,minbias,0,test,27.387499,27.981670379638672,0.02169499037428735,3,60mm,4.1682806
SubNetW8CleanAuxExDnRcK6Rr01QdEma,minbias,0,test,12.472625,12.561271667480469,0.00710731624701455,3,60mm,1.3948721
SubNetW8CleanAuxExDnRcK6Rr01QdEma,minbias,0,test,19.950731,19.80544090270996,-0.007282458609422671,4,120mm,4.2654057
SubNetW8CleanAuxExDnRcK6Rr01QdEma,minbias,0,test,90.51053,87.47679138183594,-0.03351805840418709,1,30mm,3.7664711
SubNetW8CleanAuxExDnRcK6Rr01QdEma,minbias,0,test,49.04219,49.25492477416992,0.004337779777344952,1,30mm,2.1708171
SubNetW8CleanAuxExDnRcK6Rr01QdEma,minbias,0,test,50.154324,42.89788055419922,-0.14468230266157733,1,30mm,1.8286338
SubNetW8CleanAuxExDnRcK6Rr01QdEma,minbias,0,test,98.02822,92.3497314453125,-0.05792709099052784,1,30mm,4.907822
SubNetW8CleanAuxExDnRcK6Rr01QdEma,minbias,0,test,20.852972,17.996185302734375,-0.13699662205021634,2,40mm,2.1185157
SubNetW8CleanAuxExDnRcK6Rr01QdEma,minbias,0,test,81.54187,73.84776306152344,-0.09435774583789303,0,15mm,2.348954
SubNetW8CleanAuxExDnRcK6Rr01QdEma,minbias,0,test,46.636997,46.02058029174805,-0.013217337475785462,2,40mm,3.487372
SubNetW8CleanAuxExDnRcK6Rr01QdEma,minbias,0,test,9.99599,8.93230152130127,-0.10641150096526708,3,60mm,2.2425754
SubNetW8CleanAuxExDnRcK6Rr01QdEma,minbias,0,test,40.410435,37.588008880615234,-0.06984398612979292,2,40mm,2.4765515
SubNetW8CleanAuxExDnRcK6Rr01QdEma,minbias,0,test,14.296619,14.333053588867188,0.0025484467709222525,4,120mm,3.3334806
SubNetW8CleanAuxExDnRcK6Rr01QdEma,minbias,0,test,60.437157,58.82656478881836,-0.026649034749083533,0,15mm,1.6396848
SubNetW8CleanAuxExDnRcK6Rr01QdEma,minbias,0,test,57.1114,56.6702880859375,-0.007723720897115149,2,40mm,4.561153
SubNetW8CleanAuxExDnRcK6Rr01QdEma,minbias,0,test,49.42345,48.79896545410156,-0.012635398984305546,2,40mm,4.720614
SubNetW8CleanAuxExDnRcK6Rr01QdEma,minbias,0,test,17.186623,16.29277801513672,-0.052008159152300504,1,30mm,1.2096648
SubNetW8CleanAuxExDnRcK6Rr01QdEma,minbias,0,test,69.533104,71.8321762084961,0.03306442737712301,1,30mm,3.7500381
SubNetW8CleanAuxExDnRcK6Rr01QdEma,minbias,0,test,37.329998,37.51504135131836,0.004956960749900263,2,40mm,4.0332217
SubNetW8CleanAuxExDnRcK6Rr01QdEma,minbias,0,test,32.535076,32.62462615966797,0.002752414591608021,3,60mm,3.9204214
SubNetW8CleanAuxExDnRcK6Rr01QdEma,minbias,0,test,31.110126,31.257169723510742,0.0047265390634569915,3,60mm,4.17063
SubNetW8CleanAuxExDnRcK6Rr01QdEma,minbias,0,test,23.698452,22.713533401489258,-0.04156046118678314,2,40mm,2.7566268
SubNetW8CleanAuxExDnRcK6Rr01QdEma,minbias,0,test,48.754677,47.500301361083984,-0.02572831038188228,2,40mm,4.8587265
SubNetW8CleanAuxExDnRcK6Rr01QdEma,minbias,0,test,22.867355,23.126911163330078,0.011350495617678646,3,60mm,4.164142
SubNetW8CleanAuxExDnRcK6Rr01QdEma,minbias,0,test,27.987108,26.21833038330078,-0.06319973584683203,2,40mm,3.710198
SubNetW8CleanAuxExDnRcK6Rr01QdEma,minbias,0,test,19.656786,19.35284996032715,-0.01546214142944713,3,60mm,2.8534825
SubNetW8CleanAuxExDnRcK6Rr01QdEma,minbias,0,test,25.696415,24.4799861907959,-0.04733846177370171,3,60mm,4.06947
SubNetW8CleanAuxExDnRcK6Rr01QdEma,minbias,0,test,14.253628,14.412114143371582,0.011119019575255296,3,60mm,2.5447721
SubNetW8CleanAuxExDnRcK6Rr01QdEma,minbias,0,test,16.466627,16.00495147705078,-0.028037049757015153,3,60mm,2.5626967
SubNetW8CleanAuxExDnRcK6Rr01QdEma,minbias,0,test,6.414819,6.105992317199707,-0.04814266122048483,2,40mm,0.5615862
SubNetW8CleanAuxExDnRcK6Rr01QdEma,minbias,0,test,20.39153,19.802711486816406,-0.028875598001091407,2,40mm,3.5221019
SubNetW8CleanAuxExDnRcK6Rr01QdEma,minbias,0,test,16.259586,17.204240798950195,0.05809830861029108,1,30mm,1.2873425
SubNetW8CleanAuxExDnRcK6Rr01QdEma,minbias,0,test,21.4254,24.137727737426758,0.12659404188343704,1,30mm,0.87202936
SubNetW8CleanAuxExDnRcK6Rr01QdEma,minbias,0,test,74.00036,71.6120376586914,-0.032274450673368094,0,15mm,1.688604
SubNetW8CleanAuxExDnRcK6Rr01QdEma,minbias,0,test,4.8295565,4.919621467590332,0.018648710930565526,3,60mm,0.6940742
SubNetW8CleanAuxExDnRcK6Rr01QdEma,minbias,0,test,16.11497,15.25131607055664,-0.05359322561497759,3,60mm,2.674577
SubNetW8CleanAuxExDnRcK6Rr01QdEma,minbias,0,test,20.9087,20.111154556274414,-0.03814423425411417,4,120mm,4.756499
SubNetW8CleanAuxExDnRcK6Rr01QdEma,minbias,0,test,11.791223,11.162154197692871,-0.053350564012774826,3,60mm,2.689172
SubNetW8CleanAuxExDnRcK6Rr01QdEma,minbias,0,test,7.5546393,7.609838962554932,0.007306718511323584,2,40mm,1.6237078
SubNetW8CleanAuxExDnRcK6Rr01QdEma,minbias,0,test,68.84496,70.9769287109375,0.030967634261402255,0,15mm,2.492106
SubNetW8CleanAuxExDnRcK6Rr01QdEma,minbias,0,test,87.1866,85.16573333740234,-0.023178635252065094,0,15mm,3.1663165
SubNetW8CleanAuxExDnRcK6Rr01QdEma,minbias,0,test,51.84496,51.01888656616211,-0.01593351995405734,0,15mm,1.6547755
SubNetW8CleanAuxExDnRcK6Rr01QdEma,minbias,0,test,49.97952,50.5693473815918,0.011801403941174238,1,30mm,4.0227876
SubNetW8CleanAuxExDnRcK6Rr01QdEma,minbias,0,test,76.07297,61.83454132080078,-0.1871680134341106,0,15mm,1.845472
SubNetW8CleanAuxExDnRcK6Rr01QdEma,minbias,0,test,5.6801744,4.493377208709717,-0.20893674537903995,3,60mm,1.2702545
SubNetW8CleanAuxExDnRcK6Rr01QdEma,minbias,0,test,4.4863973,4.792113780975342,0.06814298788870721,3,60mm,0.81630594
SubNetW8CleanAuxExDnRcK6Rr01QdEma,minbias,0,test,65.597374,66.67032623291016,0.016356634506783596,1,30mm,2.4832795
SubNetW8CleanAuxExDnRcK6Rr01QdEma,minbias,0,test,19.65129,20.213695526123047,0.028619220773573595,3,60mm,4.7062774
SubNetW8CleanAuxExDnRcK6Rr01QdEma,minbias,0,test,38.59747,38.54874801635742,-0.0012622929513905756,2,40mm,3.9345703
SubNetW8CleanAuxExDnRcK6Rr01QdEma,minbias,0,test,3.6060932,3.6301119327545166,0.006660605640271822,3,60mm,0.7205948
SubNetW8CleanAuxExDnRcK6Rr01QdEma,minbias,0,test,27.431898,27.51466178894043,0.003017059611471584,2,40mm,4.129904
SubNetW8CleanAuxExDnRcK6Rr01QdEma,minbias,0,test,15.745664,15.688849449157715,-0.003608243832343261,3,60mm,2.8569663
SubNetW8CleanAuxExDnRcK6Rr01QdEma,minbias,0,test,35.81613,34.87919235229492,-0.026159699494641808,2,40mm,3.264422
SubNetW8CleanAuxExDnRcK6Rr01QdEma,minbias,0,test,20.376898,20.664148330688477,0.014096871930683319,1,30mm,1.832021
SubNetW8CleanAuxExDnRcK6Rr01QdEma,minbias,0,test,6.5529284,7.185769557952881,0.0965737860985425,3,60mm,0.8203523
SubNetW8CleanAuxExDnRcK6Rr01QdEma,minbias,0,test,7.369131,6.956871032714844,-0.055944188073808854,2,40mm,0.77710223
SubNetW8CleanAuxExDnRcK6Rr01QdEma,minbias,0,test,28.292076,28.33696746826172,0.001586711319664369,3,60mm,3.772675
SubNetW8CleanAuxExDnRcK6Rr01QdEma,minbias,0,test,14.65567,14.550786018371582,-0.007156557595520585,3,60mm,3.4151475
SubNetW8CleanAuxExDnRcK6Rr01QdEma,minbias,0,test,42.740845,40.38230514526367,-0.05518233428440045,0,15mm,1.0923163
SubNetW8CleanAuxExDnRcK6Rr01QdEma,minbias,0,test,16.34498,15.56602668762207,-0.047657050716163885,4,120mm,3.4298246
SubNetW8CleanAuxExDnRcK6Rr01QdEma,minbias,0,test,22.616438,20.901681900024414,-0.07581901352617626,0,15mm,0.9313644
SubNetW8CleanAuxExDnRcK6Rr01QdEma,minbias,0,test,38.76474,25.34671974182129,-0.34613982324641823,1,30mm,4.0874367
SubNetW8CleanAuxExDnRcK6Rr01QdEma,minbias,0,test,24.138653,26.18325424194336,0.08470238406600195,1,30mm,1.3245862
SubNetW8CleanAuxExDnRcK6Rr01QdEma,minbias,0,test,41.75237,40.3951530456543,-0.0325063203891629,2,40mm,4.455294
SubNetW8CleanAuxExDnRcK6Rr01QdEma,minbias,0,test,49.498535,47.830204010009766,-0.033704656935278576,0,15mm,1.8240896
SubNetW8CleanAuxExDnRcK6Rr01QdEma,minbias,0,test,15.872127,16.503074645996094,0.039751955326194244,1,30mm,1.5474069
SubNetW8CleanAuxExDnRcK6Rr01QdEma,minbias,0,test,33.482105,34.764991760253906,0.03831558664999157,2,40mm,2.8886995
SubNetW8CleanAuxExDnRcK6Rr01QdEma,minbias,0,test,42.639458,41.861026763916016,-0.018256117236513658,2,40mm,4.641244
SubNetW8CleanAuxExDnRcK6Rr01QdEma,minbias,0,test,11.290105,11.504019737243652,0.018947111098984948,3,60mm,2.1618369
SubNetW8CleanAuxExDnRcK6Rr01QdEma,minbias,0,test,14.312288,21.046707153320312,0.47053404286197287,3,60mm,2.4407842
SubNetW8CleanAuxExDnRcK6Rr01QdEma,minbias,0,test,27.97447,27.325590133666992,-0.023195435040202383,3,60mm,3.1307726
SubNetW8CleanAuxExDnRcK6Rr01QdEma,minbias,0,test,35.645535,36.73979568481445,0.030698408210470873,1,30mm,1.7820214
SubNetW8CleanAuxExDnRcK6Rr01QdEma,minbias,0,test,22.400455,22.051349639892578,-0.015584765021980918,2,40mm,2.055732
SubNetW8CleanAuxExDnRcK6Rr01QdEma,minbias,0,test,33.103638,31.21430778503418,-0.05707318113096227,2,40mm,3.4635885
SubNetW8CleanAuxExDnRcK6Rr01QdEma,minbias,0,test,14.518,15.097540855407715,0.039918805646056876,2,40mm,1.2068136
SubNetW8CleanAuxExDnRcK6Rr01QdEma,minbias,0,test,41.68968,41.78993606567383,0.002404860816461296,1,30mm,2.2826746
SubNetW8CleanAuxExDnRcK6Rr01QdEma,minbias,0,test,68.49929,68.56980895996094,0.0010294777241091069,2,40mm,4.540741
SubNetW8CleanAuxExDnRcK6Rr01QdEma,minbias,0,test,51.131718,52.432655334472656,0.02544287013164026,1,30mm,2.7505953
SubNetW8CleanAuxExDnRcK6Rr01QdEma,minbias,0,test,27.57946,27.878389358520508,0.010838834876255143,3,60mm,4.741571
SubNetW8CleanAuxExDnRcK6Rr01QdEma,minbias,0,test,24.388063,24.377450942993164,-0.00043515090171419857,2,40mm,3.3153467
SubNetW8CleanAuxExDnRcK6Rr01QdEma,minbias,0,test,59.019634,61.61808776855469,0.04402693366179666,2,40mm,4.235412
SubNetW8CleanAuxExDnRcK6Rr01QdEma,minbias,0,test,31.039879,30.9450740814209,-0.0030542891055310717,2,40mm,3.712307
SubNetW8CleanAuxExDnRcK6Rr01QdEma,minbias,0,test,8.197478,8.27463436126709,0.009412170929137709,3,60mm,1.9684064
SubNetW8CleanAuxExDnRcK6Rr01QdEma,minbias,0,test,19.340609,19.094589233398438,-0.012720352732023321,3,60mm,2.2532544
SubNetW8CleanAuxExDnRcK6Rr01QdEma,minbias,0,test,29.609236,28.23442268371582,-0.04643190019535848,1,30mm,2.6318889
SubNetW8CleanAuxExDnRcK6Rr01QdEma,minbias,0,test,43.60444,42.247215270996094,-0.031125810781231666,2,40mm,4.8082843
SubNetW8CleanAuxExDnRcK6Rr01QdEma,minbias,0,test,72.82269,73.87953186035156,0.014512495316927776,1,30mm,4.010873
SubNetW8CleanAuxExDnRcK6Rr01QdEma,minbias,0,test,15.903953,15.479992866516113,-0.02665750727235805,1,30mm,0.9810416
SubNetW8CleanAuxExDnRcK6Rr01QdEma,minbias,0,test,7.5346565,7.524299621582031,-0.001374568706918211,3,60mm,1.546794
SubNetW8CleanAuxExDnRcK6Rr01QdEma,minbias,0,test,21.837824,21.24840545654297,-0.026990711841212378,3,60mm,3.9407043
SubNetW8CleanAuxExDnRcK6Rr01QdEma,minbias,0,test,27.964758,28.48365592956543,0.01855542650328368,3,60mm,3.31601
SubNetW8CleanAuxExDnRcK6Rr01QdEma,minbias,0,test,18.98478,19.277563095092773,0.01542202475271992,3,60mm,3.3838086
SubNetW8CleanAuxExDnRcK6Rr01QdEma,minbias,0,test,92.91413,90.19496154785156,-0.029265404332130873,0,15mm,2.2564244
SubNetW8CleanAuxExDnRcK6Rr01QdEma,minbias,0,test,89.634796,86.82220458984375,-0.03137834494832237,0,15mm,2.148539
SubNetW8CleanAuxExDnRcK6Rr01QdEma,minbias,0,test,20.77868,20.926849365234375,0.007130797438923642,1,30mm,1.8258612
SubNetW8CleanAuxExDnRcK6Rr01QdEma,minbias,0,test,95.07537,98.3036117553711,0.0339545451153247,0,15mm,3.0010028
SubNetW8CleanAuxExDnRcK6Rr01QdEma,minbias,0,test,16.08257,15.816033363342285,-0.016572959018242406,3,60mm,2.411748
SubNetW8CleanAuxExDnRcK6Rr01QdEma,minbias,0,test,64.86055,63.28653335571289,-0.024267703138846963,2,40mm,4.2140656
SubNetW8CleanAuxExDnRcK6Rr01QdEma,minbias,0,test,37.815903,37.61540222167969,-0.005302015128900717,3,60mm,4.58796
SubNetW8CleanAuxExDnRcK6Rr01QdEma,minbias,0,test,27.254416,25.146543502807617,-0.07734056921318622,0,15mm,1.4432192
SubNetW8CleanAuxExDnRcK6Rr01QdEma,minbias,0,test,15.854802,15.932830810546875,0.004921453969978229,2,40mm,2.1619349
SubNetW8CleanAuxExDnRcK6Rr01QdEma,minbias,0,test,3.395416,3.2760252952575684,-0.03516232630666338,3,60mm,0.69730675
SubNetW8CleanAuxExDnRcK6Rr01QdEma,minbias,0,test,35.930496,34.20799255371094,-0.04793987958760648,0,15mm,0.80097044
SubNetW8CleanAuxExDnRcK6Rr01QdEma,minbias,0,test,12.086138,12.508458137512207,0.034942541106713465,3,60mm,2.2727554
SubNetW8CleanAuxExDnRcK6Rr01QdEma,minbias,0,test,29.32726,26.63262939453125,-0.0918814016452989,3,60mm,4.401649
SubNetW8CleanAuxExDnRcK6Rr01QdEma,minbias,0,test,5.1648746,6.145630359649658,0.18988956958700287,3,60mm,0.915074
SubNetW8CleanAuxExDnRcK6Rr01QdEma,minbias,0,test,47.142376,47.0449333190918,-0.0020669859123063627,0,15mm,1.6903925
SubNetW8CleanAuxExDnRcK6Rr01QdEma,minbias,0,test,17.380478,17.719932556152344,0.01953080074834479,2,40mm,1.4363382
SubNetW8CleanAuxExDnRcK6Rr01QdEma,minbias,0,test,29.447721,29.763303756713867,0.010716695877158955,2,40mm,2.2680178
SubNetW8CleanAuxExDnRcK6Rr01QdEma,minbias,0,test,9.905269,9.90999698638916,0.0004773537617892565,4,120mm,2.2481022
SubNetW8CleanAuxExDnRcK6Rr01QdEma,minbias,0,test,73.39011,72.4107894897461,-0.01334398820382332,1,30mm,3.6260774
SubNetW8CleanAuxExDnRcK6Rr01QdEma,minbias,0,test,5.890417,5.91723108291626,0.004552136710623156,3,60mm,0.8037594
SubNetW8CleanAuxExDnRcK6Rr01QdEma,minbias,0,test,48.835896,48.544532775878906,-0.005966159916582003,1,30mm,2.3459775
SubNetW8CleanAuxExDnRcK6Rr01QdEma,minbias,0,test,34.35555,35.77423095703125,0.041294118287147796,1,30mm,3.5593963
SubNetW8CleanAuxExDnRcK6Rr01QdEma,minbias,0,test,17.157446,16.94008445739746,-0.012668636775309494,3,60mm,2.1102612
SubNetW8CleanAuxExDnRcK6Rr01QdEma,minbias,0,test,66.17017,65.62574005126953,-0.008227779432326998,2,40mm,4.6353664
SubNetW8CleanAuxExDnRcK6Rr01QdEma,minbias,0,test,45.894638,44.08298873901367,-0.03947409542877722,2,40mm,3.7845666
SubNetW8CleanAuxExDnRcK6Rr01QdEma,minbias,0,test,20.623627,21.28866195678711,0.03224628030689791,3,60mm,3.2304733
SubNetW8CleanAuxExDnRcK6Rr01QdEma,minbias,0,test,66.49384,66.74348449707031,0.0037543538905082663,2,40mm,4.5583982
SubNetW8CleanAuxExDnRcK6Rr01QdEma,minbias,0,test,35.133507,34.08588409423828,-0.029818335168649734,3,60mm,4.145697
SubNetW8CleanAuxExDnRcK6Rr01QdEma,minbias,0,test,32.07938,31.257261276245117,-0.025627638634164507,2,40mm,2.8626487
SubNetW8CleanAuxExDnRcK6Rr01QdEma,minbias,0,test,64.85978,63.70460510253906,-0.01781033279494515,2,40mm,4.7660136
SubNetW8CleanAuxExDnRcK6Rr01QdEma,minbias,0,test,23.02175,22.436328887939453,-0.02542902348105769,0,15mm,0.5434298
SubNetW8CleanAuxExDnRcK6Rr01QdEma,minbias,0,test,7.942708,8.049583435058594,0.013455791073890166,2,40mm,0.6410416
SubNetW8CleanAuxExDnRcK6Rr01QdEma,minbias,0,test,40.730843,39.30043411254883,-0.03511855848822354,2,40mm,4.533751
SubNetW8CleanAuxExDnRcK6Rr01QdEma,minbias,0,test,37.874683,37.12310028076172,-0.019843944088509424,3,60mm,4.538966
SubNetW8CleanAuxExDnRcK6Rr01QdEma,minbias,0,test,55.330177,55.61307144165039,0.005112836218672978,2,40mm,4.677067
SubNetW8CleanAuxExDnRcK6Rr01QdEma,minbias,0,test,73.065956,74.17987060546875,0.015245328316539908,0,15mm,1.6668591
SubNetW8CleanAuxExDnRcK6Rr01QdEma,minbias,0,test,41.63492,41.4957389831543,-0.003342848640284779,0,15mm,1.2213037
SubNetW8CleanAuxExDnRcK6Rr01QdEma,minbias,0,test,12.162453,11.478228569030762,-0.05625708446533184,2,40mm,1.2288916
SubNetW8CleanAuxExDnRcK6Rr01QdEma,minbias,0,test,12.86867,12.301060676574707,-0.044107881120626025,3,60mm,2.8907473
SubNetW8CleanAuxExDnRcK6Rr01QdEma,minbias,0,test,10.090641,10.597199440002441,0.050200816497498746,3,60mm,1.799132
SubNetW8CleanAuxExDnRcK6Rr01QdEma,minbias,0,test,10.84278,10.599763870239258,-0.022412724452897104,3,60mm,2.097827
SubNetW8CleanAuxExDnRcK6Rr01QdEma,minbias,0,test,7.2238393,7.073247909545898,-0.020846445711799277,3,60mm,1.1630695
SubNetW8CleanAuxExDnRcK6Rr01QdEma,minbias,0,test,34.281815,33.74720001220703,-0.015594698519112327,3,60mm,3.501167
SubNetW8CleanAuxExDnRcK6Rr01QdEma,minbias,0,test,73.92339,80.50858306884766,0.08908127089227524,0,15mm,1.9715607
SubNetW8CleanAuxExDnRcK6Rr01QdEma,minbias,0,test,40.304962,42.212364196777344,0.047324248341615416,0,15mm,2.1442783
SubNetW8CleanAuxExDnRcK6Rr01QdEma,minbias,0,test,77.578735,78.67878723144531,0.014179811966484435,0,15mm,2.293899
SubNetW8CleanAuxExDnRcK6Rr01QdEma,minbias,0,test,14.496429,14.836429595947266,0.02345406183752652,4,120mm,3.3151839
SubNetW8CleanAuxExDnRcK6Rr01QdEma,minbias,0,test,19.602812,19.998380661010742,0.020179189160341116,2,40mm,1.8618114
SubNetW8CleanAuxExDnRcK6Rr01QdEma,minbias,0,test,69.98597,69.29500579833984,-0.009872889518064643,2,40mm,4.549323
SubNetW8CleanAuxExDnRcK6Rr01QdEma,minbias,0,test,44.245792,44.504146575927734,0.005839067921776797,3,60mm,4.839176
SubNetW8CleanAuxExDnRcK6Rr01QdEma,minbias,0,test,43.93294,40.512115478515625,-0.0778647148672148,2,40mm,2.7303147
SubNetW8CleanAuxExDnRcK6Rr01QdEma,minbias,0,test,14.074718,15.057733535766602,0.06984260908287432,2,40mm,1.5523046
SubNetW8CleanAuxExDnRcK6Rr01QdEma,minbias,0,test,40.302773,40.49372863769531,0.004738039191188426,3,60mm,4.999971
SubNetW8CleanAuxExDnRcK6Rr01QdEma,minbias,0,test,26.036812,25.773117065429688,-0.010127766983122122,1,30mm,2.317514
SubNetW8CleanAuxExDnRcK6Rr01QdEma,minbias,0,test,14.3842325,13.905678749084473,-0.033269329543449744,3,60mm,1.7997049
SubNetW8CleanAuxExDnRcK6Rr01QdEma,minbias,0,test,21.816553,21.54692840576172,-0.012358721776593917,2,40mm,3.0911567
SubNetW8CleanAuxExDnRcK6Rr01QdEma,minbias,0,test,33.811954,33.5402946472168,-0.008034432055323837,3,60mm,4.522989
SubNetW8CleanAuxExDnRcK6Rr01QdEma,minbias,0,test,21.88109,22.034595489501953,0.007015433150979078,3,60mm,4.859153
SubNetW8CleanAuxExDnRcK6Rr01QdEma,minbias,0,test,23.776453,23.38175392150879,-0.016600419599077765,2,40mm,2.1982036
SubNetW8CleanAuxExDnRcK6Rr01QdEma,minbias,0,test,34.960934,35.476680755615234,0.014752096581714502,3,60mm,3.880691
SubNetW8CleanAuxExDnRcK6Rr01QdEma,minbias,0,test,15.329676,14.383509635925293,-0.06172120393198344,2,40mm,1.4853348
SubNetW8CleanAuxExDnRcK6Rr01QdEma,minbias,0,test,20.395538,19.632619857788086,-0.03740614540018938,1,30mm,1.0007931
SubNetW8CleanAuxExDnRcK6Rr01QdEma,minbias,0,test,15.509963,16.80773162841797,0.08367322280891876,2,40mm,1.9447448
SubNetW8CleanAuxExDnRcK6Rr01QdEma,minbias,0,test,33.873947,33.2302360534668,-0.01900313203418258,3,60mm,3.7083545
SubNetW8CleanAuxExDnRcK6Rr01QdEma,minbias,0,test,34.179325,32.724632263183594,-0.042560607506441195,2,40mm,3.769992
SubNetW8CleanAuxExDnRcK6Rr01QdEma,minbias,0,test,18.358936,17.969261169433594,-0.021225365882038827,4,120mm,4.0510077
SubNetW8CleanAuxExDnRcK6Rr01QdEma,minbias,0,test,21.926754,21.3886661529541,-0.02454024179331582,2,40mm,2.3449025
SubNetW8CleanAuxExDnRcK6Rr01QdEma,minbias,0,test,32.197277,31.31131362915039,-0.02751671944308287,1,30mm,1.5498158
SubNetW8CleanAuxExDnRcK6Rr01QdEma,minbias,0,test,53.17543,51.652496337890625,-0.028639805102291138,1,30mm,2.8071837
SubNetW8CleanAuxExDnRcK6Rr01QdEma,minbias,0,test,23.942154,23.281543731689453,-0.027591928482613604,3,60mm,3.1887467
SubNetW8CleanAuxExDnRcK6Rr01QdEma,minbias,0,test,15.408422,21.3520450592041,0.3857385530963795,1,30mm,0.7429837
SubNetW8CleanAuxExDnRcK6Rr01QdEma,minbias,0,test,14.4208975,13.282344818115234,-0.07895158168813254,3,60mm,3.2467194
SubNetW8CleanAuxExDnRcK6Rr01QdEma,minbias,0,test,18.152092,16.97301483154297,-0.06495544148508492,3,60mm,2.0238366
SubNetW8CleanAuxExDnRcK6Rr01QdEma,minbias,0,test,8.589458,8.298615455627441,-0.03386045943575333,3,60mm,1.2589909
SubNetW8CleanAuxExDnRcK6Rr01QdEma,minbias,0,test,79.27389,76.0522689819336,-0.040639089976341136,1,30mm,4.000779
SubNetW8CleanAuxExDnRcK6Rr01QdEma,minbias,0,test,31.793447,32.8367805480957,0.03281597737298325,3,60mm,3.9400086
SubNetW8CleanAuxExDnRcK6Rr01QdEma,minbias,0,test,67.01023,94.16474151611328,0.4052293222317922,0,15mm,1.5060531
SubNetW8CleanAuxExDnRcK6Rr01QdEma,minbias,0,test,5.0645857,5.8012919425964355,0.14546229495972485,2,40mm,0.7169419
SubNetW8CleanAuxExDnRcK6Rr01QdEma,minbias,0,test,31.525171,30.8292293548584,-0.02207575397036432,1,30mm,1.3642024
SubNetW8CleanAuxExDnRcK6Rr01QdEma,minbias,0,test,18.987556,18.397342681884766,-0.031084240721297562,3,60mm,3.6332414
SubNetW8CleanAuxExDnRcK6Rr01QdEma,minbias,0,test,67.72256,67.6031494140625,-0.0017631887952624936,0,15mm,1.9933623
SubNetW8CleanAuxExDnRcK6Rr01QdEma,minbias,0,test,65.231064,64.80720520019531,-0.006497803616996811,1,30mm,4.1624856
SubNetW8CleanAuxExDnRcK6Rr01QdEma,minbias,0,test,21.501467,20.56093978881836,-0.04374245595278825,3,60mm,3.3850777
SubNetW8CleanAuxExDnRcK6Rr01QdEma,minbias,0,test,9.838814,9.696234703063965,-0.014491490726143863,3,60mm,2.2725878
SubNetW8CleanAuxExDnRcK6Rr01QdEma,minbias,0,test,64.42475,64.12387084960938,-0.004670261446770851,0,15mm,2.8520544
SubNetW8CleanAuxExDnRcK6Rr01QdEma,minbias,0,test,7.4666705,7.451852798461914,-0.0019845143380921026,3,60mm,1.6066612
SubNetW8CleanAuxExDnRcK6Rr01QdEma,minbias,0,test,18.263365,19.459270477294922,0.06548112568814046,2,40mm,1.8495593
SubNetW8CleanAuxExDnRcK6Rr01QdEma,minbias,0,test,56.647247,56.57732391357422,-0.0012343653786168751,2,40mm,4.948987
SubNetW8CleanAuxExDnRcK6Rr01QdEma,minbias,0,test,29.13921,30.506601333618164,0.04692617260939036,0,15mm,1.3624136
SubNetW8CleanAuxExDnRcK6Rr01QdEma,minbias,0,test,72.606926,69.61701965332031,-0.0411793540536749,1,30mm,4.1756725
SubNetW8CleanAuxExDnRcK6Rr01QdEma,minbias,0,test,22.364405,21.433773040771484,-0.04161218020144153,2,40mm,2.1219954
SubNetW8CleanAuxExDnRcK6Rr01QdEma,minbias,0,test,86.88184,85.2658920288086,-0.0185994158473598,0,15mm,2.7228916
SubNetW8CleanAuxExDnRcK6Rr01QdEma,minbias,0,test,8.19011,7.5521159172058105,-0.07789813241874988,2,40mm,1.1484118
SubNetW8CleanAuxExDnRcK6Rr01QdEma,minbias,0,test,79.07448,78.16670227050781,-0.011480010999136425,0,15mm,2.7897043
SubNetW8CleanAuxExDnRcK6Rr01QdEma,minbias,0,test,10.088801,9.988848686218262,-0.00990729165435833,4,120mm,2.3498116
SubNetW8CleanAuxExDnRcK6Rr01QdEma,minbias,0,test,60.790833,61.15330123901367,0.0059625556101072785,2,40mm,3.6052744
SubNetW8CleanAuxExDnRcK6Rr01QdEma,minbias,0,test,8.981981,8.71985149383545,-0.029183960145631516,3,60mm,1.5826731
SubNetW8CleanAuxExDnRcK6Rr01QdEma,minbias,0,test,58.64004,59.40357208251953,0.01302063766679118,0,15mm,1.9108586
SubNetW8CleanAuxExDnRcK6Rr01QdEma,minbias,0,test,37.14622,36.55888366699219,-0.015811500484870122,1,30mm,2.6712375
SubNetW8CleanAuxExDnRcK6Rr01QdEma,minbias,0,test,16.956749,17.015058517456055,0.003438722551297957,3,60mm,4.033202
SubNetW8CleanAuxExDnRcK6Rr01QdEma,minbias,0,test,4.48076,4.120371341705322,-0.08043027253325186,3,60mm,0.89400816
SubNetW8CleanAuxExDnRcK6Rr01QdEma,minbias,0,test,10.700785,10.235122680664062,-0.043516622037387376,3,60mm,2.2816942
SubNetW8CleanAuxExDnRcK6Rr01QdEma,minbias,0,test,19.385744,19.108810424804688,-0.014285428956917645,3,60mm,4.2193255
SubNetW8CleanAuxExDnRcK6Rr01QdEma,minbias,0,test,27.34616,26.73661231994629,-0.022290096632105016,3,60mm,4.985528
SubNetW8CleanAuxExDnRcK6Rr01QdEma,minbias,0,test,47.93017,46.839263916015625,-0.022760283927725222,2,40mm,4.76766
SubNetW8CleanAuxExDnRcK6Rr01QdEma,minbias,0,test,25.183977,22.9088077545166,-0.09034194087289604,1,30mm,1.50382
SubNetW8CleanAuxExDnRcK6Rr01QdEma,minbias,0,test,20.05351,20.085033416748047,0.0015719317868918559,3,60mm,3.3339882
SubNetW8CleanAuxExDnRcK6Rr01QdEma,minbias,0,test,21.387716,22.971332550048828,0.07404326086031765,1,30mm,1.5485386
SubNetW8CleanAuxExDnRcK6Rr01QdEma,minbias,0,test,20.702663,21.67938232421875,0.04717841770867892,4,120mm,4.2803836
SubNetW8CleanAuxExDnRcK6Rr01QdEma,minbias,0,test,98.07132,94.95716094970703,-0.031754019867432204,0,15mm,2.6062791
SubNetW8CleanAuxExDnRcK6Rr01QdEma,minbias,0,test,2.8922944,3.053964614868164,0.05589687121481024,4,120mm,0.6287337
SubNetW8CleanAuxExDnRcK6Rr01QdEma,minbias,0,test,25.52647,26.53856086730957,0.03964867354064672,2,40mm,2.397128
SubNetW8CleanAuxExDnRcK6Rr01QdEma,minbias,0,test,18.776615,18.60476303100586,-0.009152454290042855,3,60mm,3.3652647
SubNetW8CleanAuxExDnRcK6Rr01QdEma,minbias,0,test,7.4580345,5.924445629119873,-0.2056290947833822,3,60mm,1.3980926
SubNetW8CleanAuxExDnRcK6Rr01QdEma,minbias,0,test,38.700573,37.21517562866211,-0.03838179192110336,2,40mm,4.096189
SubNetW8CleanAuxExDnRcK6Rr01QdEma,minbias,0,test,7.5116944,7.992109298706055,0.06395559241587323,3,60mm,1.1094807
SubNetW8CleanAuxExDnRcK6Rr01QdEma,minbias,0,test,11.24451,9.569857597351074,-0.14893064657697408,3,60mm,2.1828969
SubNetW8CleanAuxExDnRcK6Rr01QdEma,minbias,0,test,24.285563,24.40442657470703,0.004894433035000034,3,60mm,4.428615
SubNetW8CleanAuxExDnRcK6Rr01QdEma,minbias,0,test,19.141268,19.954015731811523,0.0424605080923921,4,120mm,4.179856
SubNetW8CleanAuxExDnRcK6Rr01QdEma,minbias,0,test,18.118246,18.391895294189453,0.015103515788048583,3,60mm,4.05037
SubNetW8CleanAuxExDnRcK6Rr01QdEma,minbias,0,test,83.46866,80.98970031738281,-0.029699268875262752,0,15mm,1.8652283
SubNetW8CleanAuxExDnRcK6Rr01QdEma,minbias,0,test,21.47395,23.5773983001709,0.09795351686107634,2,40mm,1.9559256
SubNetW8CleanAuxExDnRcK6Rr01QdEma,minbias,0,test,52.05687,50.06761932373047,-0.03821301975994251,1,30mm,2.5716014
SubNetW8CleanAuxExDnRcK6Rr01QdEma,minbias,0,test,43.000774,41.98423767089844,-0.023639962936004233,3,60mm,4.605033
SubNetW8CleanAuxExDnRcK6Rr01QdEma,minbias,0,test,67.86792,73.87457275390625,0.08850503800537446,2,40mm,4.18343
SubNetW8CleanAuxExDnRcK6Rr01QdEma,minbias,0,test,84.398926,84.06951141357422,-0.003903063512082805,1,30mm,3.724372
SubNetW8CleanAuxExDnRcK6Rr01QdEma,minbias,0,test,10.491438,11.3438081741333,0.08124436986584027,2,40mm,1.2646323
SubNetW8CleanAuxExDnRcK6Rr01QdEma,minbias,0,test,8.321704,7.937760829925537,-0.04613755608422199,4,120mm,1.9737698
SubNetW8CleanAuxExDnRcK6Rr01QdEma,minbias,0,test,62.47839,58.27518844604492,-0.06727448180782725,1,30mm,4.696072
SubNetW8CleanAuxExDnRcK6Rr01QdEma,minbias,0,test,14.747049,15.470268249511719,0.04904160158288584,0,15mm,0.5548434
SubNetW8CleanAuxExDnRcK6Rr01QdEma,minbias,0,test,30.567705,29.725711822509766,-0.027545192799252716,3,60mm,4.104549
SubNetW8CleanAuxExDnRcK6Rr01QdEma,minbias,0,test,36.035927,36.82489013671875,0.02189379842614314,2,40mm,3.95089
SubNetW8CleanAuxExDnRcK6Rr01QdEma,minbias,0,test,15.729492,15.246342658996582,-0.030716155534084577,4,120mm,3.3142247
SubNetW8CleanAuxExDnRcK6Rr01QdEma,minbias,0,test,12.367534,11.776122093200684,-0.04781968706921391,3,60mm,1.7461916
SubNetW8CleanAuxExDnRcK6Rr01QdEma,minbias,0,test,34.813766,35.2336540222168,0.01206096280826019,2,40mm,3.898568
SubNetW8CleanAuxExDnRcK6Rr01QdEma,minbias,0,test,8.991661,8.654898643493652,-0.03745274934135445,3,60mm,1.5324082
SubNetW8CleanAuxExDnRcK6Rr01QdEma,minbias,0,test,49.912872,49.47358322143555,-0.008801118281673737,1,30mm,2.9852421
SubNetW8CleanAuxExDnRcK6Rr01QdEma,minbias,0,test,43.67882,46.864013671875,0.07292303212685325,1,30mm,2.1597838
SubNetW8CleanAuxExDnRcK6Rr01QdEma,minbias,0,test,28.678936,28.222118377685547,-0.01592868113654,2,40mm,2.3397927
SubNetW8CleanAuxExDnRcK6Rr01QdEma,minbias,0,test,41.25428,40.31978225708008,-0.022652142546318532,2,40mm,4.776359
SubNetW8CleanAuxExDnRcK6Rr01QdEma,minbias,0,test,12.110021,11.694808959960938,-0.03428662014539452,2,40mm,1.2433804
SubNetW8CleanAuxExDnRcK6Rr01QdEma,minbias,0,test,27.955637,30.3305606842041,0.08495330326084027,2,40mm,3.3780422
SubNetW8CleanAuxExDnRcK6Rr01QdEma,minbias,0,test,7.3979497,6.71296501159668,-0.0925911518970004,3,60mm,0.9056946
SubNetW8CleanAuxExDnRcK6Rr01QdEma,minbias,0,test,10.288273,9.622408866882324,-0.06472067760990041,3,60mm,1.972194
SubNetW8CleanAuxExDnRcK6Rr01QdEma,minbias,0,test,6.6000967,6.175456523895264,-0.06433847833088635,3,60mm,0.722842
SubNetW8CleanAuxExDnRcK6Rr01QdEma,minbias,0,test,5.417501,5.529480934143066,0.02067003992404759,3,60mm,1.0071416
SubNetW8CleanAuxExDnRcK6Rr01QdEma,minbias,0,test,11.703752,12.0020751953125,0.025489573121458386,3,60mm,2.2652414
SubNetW8CleanAuxExDnRcK6Rr01QdEma,minbias,0,test,23.594328,22.76336097717285,-0.03521892855124764,2,40mm,2.3311582
SubNetW8CleanAuxExDnRcK6Rr01QdEma,minbias,0,test,44.726063,53.10708236694336,0.18738558845456543,0,15mm,1.2444535
SubNetW8CleanAuxExDnRcK6Rr01QdEma,minbias,0,test,32.567966,31.95123291015625,-0.018936814853346307,3,60mm,4.7548494
SubNetW8CleanAuxExDnRcK6Rr01QdEma,minbias,0,test,94.2527,93.78627014160156,-0.004948724652720671,1,30mm,4.309509
SubNetW8CleanAuxExDnRcK6Rr01QdEma,minbias,0,test,22.443998,22.58633041381836,0.006341654231592386,3,60mm,3.6083355
SubNetW8CleanAuxExDnRcK6Rr01QdEma,minbias,0,test,23.190775,21.823223114013672,-0.05896964669994065,1,30mm,0.9873829
SubNetW8CleanAuxExDnRcK6Rr01QdEma,minbias,0,test,37.019936,37.01498031616211,-0.00013385468306936765,3,60mm,4.574297
SubNetW8CleanAuxExDnRcK6Rr01QdEma,minbias,0,test,78.45821,78.89439392089844,0.005559393893719955,1,30mm,4.0306144
SubNetW8CleanAuxExDnRcK6Rr01QdEma,minbias,0,test,12.092628,11.906721115112305,-0.015373533157114094,3,60mm,1.4544952
SubNetW8CleanAuxExDnRcK6Rr01QdEma,minbias,0,test,68.768,67.58255004882812,-0.017238362782115213,0,15mm,1.7621806
SubNetW8CleanAuxExDnRcK6Rr01QdEma,minbias,0,test,40.71329,40.82337951660156,0.002703990397971756,2,40mm,4.023994
SubNetW8CleanAuxExDnRcK6Rr01QdEma,minbias,0,test,36.067833,35.930015563964844,-0.003821060805506815,3,60mm,4.126957
SubNetW8CleanAuxExDnRcK6Rr01QdEma,minbias,0,test,24.13353,24.933130264282227,0.0331323520578648,2,40mm,2.4997864
SubNetW8CleanAuxExDnRcK6Rr01QdEma,minbias,0,test,11.686108,16.151845932006836,0.3821407808142667,1,30mm,1.1215081
SubNetW8CleanAuxExDnRcK6Rr01QdEma,minbias,0,test,68.47779,71.92084503173828,0.050279866762052094,0,15mm,2.499338
SubNetW8CleanAuxExDnRcK6Rr01QdEma,minbias,0,test,25.492155,25.47248649597168,-0.000771554191618562,3,60mm,3.4906404
SubNetW8CleanAuxExDnRcK6Rr01QdEma,minbias,0,test,17.570526,16.652050018310547,-0.05227368254679543,0,15mm,0.8462335
SubNetW8CleanAuxExDnRcK6Rr01QdEma,minbias,0,test,26.972918,27.20827293395996,0.008725618083471165,1,30mm,1.8923924
SubNetW8CleanAuxExDnRcK6Rr01QdEma,minbias,0,test,77.56402,76.2872314453125,-0.016461070906512165,1,30mm,3.97278
SubNetW8CleanAuxExDnRcK6Rr01QdEma,minbias,0,test,40.806477,39.78518295288086,-0.025027733962982524,3,60mm,4.6925898
SubNetW8CleanAuxExDnRcK6Rr01QdEma,minbias,0,test,9.485522,8.498550415039062,-0.10405034399254953,3,60mm,1.8378075
SubNetW8CleanAuxExDnRcK6Rr01QdEma,minbias,0,test,52.85752,53.79606628417969,0.01775613400477849,1,30mm,4.4808774
SubNetW8CleanAuxExDnRcK6Rr01QdEma,minbias,0,test,15.869378,15.305804252624512,-0.035513290696551514,4,120mm,3.475596
SubNetW8CleanAuxExDnRcK6Rr01QdEma,minbias,0,test,36.457775,36.209598541259766,-0.006807233132510637,3,60mm,4.4697843
SubNetW8CleanAuxExDnRcK6Rr01QdEma,minbias,0,test,41.382633,40.93401336669922,-0.010840775652460222,2,40mm,4.226089
SubNetW8CleanAuxExDnRcK6Rr01QdEma,minbias,0,test,33.42269,33.15216064453125,-0.008094222511566995,3,60mm,3.684006
SubNetW8CleanAuxExDnRcK6Rr01QdEma,minbias,0,test,12.259563,11.220836639404297,-0.08472787886878064,4,120mm,2.8393004
SubNetW8CleanAuxExDnRcK6Rr01QdEma,minbias,0,test,69.401344,74.48825073242188,0.07329694380510121,2,40mm,4.738431
SubNetW8CleanAuxExDnRcK6Rr01QdEma,minbias,0,test,13.5735035,13.471532821655273,-0.007512479931988336,2,40mm,1.4687394
SubNetW8CleanAuxExDnRcK6Rr01QdEma,minbias,0,test,26.795132,26.281274795532227,-0.019177248087072885,3,60mm,3.72695
SubNetW8CleanAuxExDnRcK6Rr01QdEma,minbias,0,test,31.64253,36.82225799560547,0.16369511167675999,1,30mm,1.6497383
SubNetW8CleanAuxExDnRcK6Rr01QdEma,minbias,0,test,45.497982,44.57097625732422,-0.020374656777303102,1,30mm,3.2383723
SubNetW8CleanAuxExDnRcK6Rr01QdEma,minbias,0,test,23.803429,23.609777450561523,-0.00813543301635311,2,40mm,4.1753116
SubNetW8CleanAuxExDnRcK6Rr01QdEma,minbias,0,test,16.418669,15.197216987609863,-0.07439408018785998,3,60mm,2.9810755
SubNetW8CleanAuxExDnRcK6Rr01QdEma,minbias,0,test,9.670969,9.485532760620117,-0.019174526213357468,3,60mm,1.0505127
SubNetW8CleanAuxExDnRcK6Rr01QdEma,minbias,0,test,53.316917,51.69682693481445,-0.030386049363548384,0,15mm,1.2215129
SubNetW8CleanAuxExDnRcK6Rr01QdEma,minbias,0,test,13.404621,13.287842750549316,-0.008711799657421637,3,60mm,2.0777013
SubNetW8CleanAuxExDnRcK6Rr01QdEma,minbias,0,test,53.645935,49.627342224121094,-0.07490954962539897,1,30mm,2.6984997
SubNetW8CleanAuxExDnRcK6Rr01QdEma,minbias,0,test,22.303286,21.80577278137207,-0.022306705224210854,4,120mm,4.7828493
SubNetW8CleanAuxExDnRcK6Rr01QdEma,minbias,0,test,19.481232,21.313119888305664,0.09403348967120495,2,40mm,1.4916704
SubNetW8CleanAuxExDnRcK6Rr01QdEma,minbias,0,test,85.08913,85.1053237915039,0.00019035575095838198,1,30mm,4.0531187
SubNetW8CleanAuxExDnRcK6Rr01QdEma,minbias,0,test,34.979523,40.961952209472656,0.17102661905464012,0,15mm,0.93310136
SubNetW8CleanAuxExDnRcK6Rr01QdEma,minbias,0,test,10.937384,10.983060836791992,0.004176244201816504,3,60mm,1.7845601
SubNetW8CleanAuxExDnRcK6Rr01QdEma,minbias,0,test,74.14313,74.54317474365234,0.005395608683518738,0,15mm,2.1286263
SubNetW8CleanAuxExDnRcK6Rr01QdEma,minbias,0,test,31.657785,33.104835510253906,0.045709138387461934,3,60mm,3.9284987
SubNetW8CleanAuxExDnRcK6Rr01QdEma,minbias,0,test,40.561497,36.74299621582031,-0.09414101614104753,0,15mm,1.1929367
SubNetW8CleanAuxExDnRcK6Rr01QdEma,minbias,0,test,59.85641,58.533329010009766,-0.022104264999315837,1,30mm,3.3017242
SubNetW8CleanAuxExDnRcK6Rr01QdEma,minbias,0,test,59.44007,58.63070297241211,-0.013616540466483529,1,30mm,3.7073874
SubNetW8CleanAuxExDnRcK6Rr01QdEma,minbias,0,test,47.311504,46.06842803955078,-0.026274292926698917,2,40mm,3.0917993
SubNetW8CleanAuxExDnRcK6Rr01QdEma,minbias,0,test,56.808445,57.87092971801758,0.01870293653777577,1,30mm,3.9271007
SubNetW8CleanAuxExDnRcK6Rr01QdEma,minbias,0,test,3.2615113,3.395505905151367,0.04108358546963875,3,60mm,0.60044014
SubNetW8CleanAuxExDnRcK6Rr01QdEma,minbias,0,test,15.875279,16.05849838256836,0.011541148415123326,3,60mm,3.2464507
SubNetW8CleanAuxExDnRcK6Rr01QdEma,minbias,0,test,41.389675,38.98393630981445,-0.05812412932469002,1,30mm,2.1
SubNetW8CleanAuxExDnRcK6Rr01QdEma,minbias,0,test,39.871716,41.72309494018555,0.04643340195410861,1,30mm,3.690323
SubNetW8CleanAuxExDnRcK6Rr01QdEma,minbias,0,test,24.275425,24.17270851135254,-0.004231293421377069,3,60mm,2.543105
SubNetW8CleanAuxExDnRcK6Rr01QdEma,minbias,0,test,49.935078,49.28115463256836,-0.013095464455380679,2,40mm,4.6903234
SubNetW8CleanAuxExDnRcK6Rr01QdEma,minbias,0,test,47.869522,47.34898376464844,-0.010874107517682252,2,40mm,4.152135
SubNetW8CleanAuxExDnRcK6Rr01QdEma,minbias,0,test,8.36026,8.459724426269531,0.01189728745131391,4,120mm,1.9405117
SubNetW8CleanAuxExDnRcK6Rr01QdEma,minbias,0,test,32.864082,32.69361114501953,-0.005187158115694701,3,60mm,3.8899713
SubNetW8CleanAuxExDnRcK6Rr01QdEma,minbias,0,test,8.756926,11.650495529174805,0.3304321726730399,2,40mm,0.69948983
SubNetW8CleanAuxExDnRcK6Rr01QdEma,minbias,0,test,9.315097,9.1129732131958,-0.021698501380125967,3,60mm,1.671612
SubNetW8CleanAuxExDnRcK6Rr01QdEma,minbias,0,test,19.658054,19.571460723876953,-0.00440499483722967,3,60mm,2.8394141
SubNetW8CleanAuxExDnRcK6Rr01QdEma,minbias,0,test,22.631107,22.67112922668457,0.0017684462266096546,3,60mm,2.5905044
SubNetW8CleanAuxExDnRcK6Rr01QdEma,minbias,0,test,8.563668,8.04076099395752,-0.061061129617757115,3,60mm,0.86953115
SubNetW8CleanAuxExDnRcK6Rr01QdEma,minbias,0,test,3.9442298,4.465600490570068,0.13218566623259353,3,60mm,0.88102686
SubNetW8CleanAuxExDnRcK6Rr01QdEma,minbias,0,test,14.466956,14.943761825561523,0.03295825897184668,3,60mm,3.1202838
SubNetW8CleanAuxExDnRcK6Rr01QdEma,minbias,0,test,7.9663944,8.041357040405273,0.009409854944770757,3,60mm,1.8396701
SubNetW8CleanAuxExDnRcK6Rr01QdEma,minbias,0,test,19.107122,14.874141693115234,-0.22153941524122212,1,30mm,1.3284904
SubNetW8CleanAuxExDnRcK6Rr01QdEma,minbias,0,test,22.61664,22.77694320678711,0.0070878395376210435,1,30mm,2.2025776
SubNetW8CleanAuxExDnRcK6Rr01QdEma,minbias,0,test,20.648909,20.562881469726562,-0.004166183646276633,2,40mm,1.8324656
SubNetW8CleanAuxExDnRcK6Rr01QdEma,minbias,0,test,92.85685,86.67056274414062,-0.06662176186492852,0,15mm,2.954497
SubNetW8CleanAuxExDnRcK6Rr01QdEma,minbias,0,test,25.884079,26.42000961303711,0.020705030067692753,3,60mm,3.713057
SubNetW8CleanAuxExDnRcK6Rr01QdEma,minbias,0,test,31.467508,32.53202438354492,0.03382905493544475,2,40mm,3.1053545
SubNetW8CleanAuxExDnRcK6Rr01QdEma,minbias,0,test,57.362656,58.13905334472656,0.013534898208957591,1,30mm,3.2329555
SubNetW8CleanAuxExDnRcK6Rr01QdEma,minbias,0,test,26.822268,25.955732345581055,-0.03230655967928531,3,60mm,2.9682615
SubNetW8CleanAuxExDnRcK6Rr01QdEma,minbias,0,test,20.584036,16.77088165283203,-0.18524813326361478,0,15mm,0.8281643
SubNetW8CleanAuxExDnRcK6Rr01QdEma,minbias,0,test,4.3365808,4.124289512634277,-0.048953600259674324,3,60mm,0.6555778
SubNetW8CleanAuxExDnRcK6Rr01QdEma,minbias,0,test,31.713158,30.692888259887695,-0.03217180089912519,2,40mm,4.516708
SubNetW8CleanAuxExDnRcK6Rr01QdEma,minbias,0,test,47.977165,54.985870361328125,0.14608418623119834,0,15mm,1.4846145
SubNetW8CleanAuxExDnRcK6Rr01QdEma,minbias,0,test,49.51732,50.17163848876953,0.013213957864109949,1,30mm,3.2521322
SubNetW8CleanAuxExDnRcK6Rr01QdEma,minbias,0,test,31.953533,34.45433044433594,0.07826356034619542,2,40mm,2.526877
SubNetW8CleanAuxExDnRcK6Rr01QdEma,minbias,0,test,23.68945,23.70194435119629,0.0005274517246005583,3,60mm,4.168688
SubNetW8CleanAuxExDnRcK6Rr01QdEma,minbias,0,test,34.669037,39.08082962036133,0.1272545520164432,1,30mm,2.9252229
SubNetW8CleanAuxExDnRcK6Rr01QdEma,minbias,0,test,30.844662,31.06170654296875,0.0070367064597527396,3,60mm,3.225397
SubNetW8CleanAuxExDnRcK6Rr01QdEma,minbias,0,test,25.763426,25.083539962768555,-0.02638957523826657,2,40mm,2.769761
SubNetW8CleanAuxExDnRcK6Rr01QdEma,minbias,0,test,3.1989822,3.0283243656158447,-0.05334755257013524,3,60mm,0.7338194
SubNetW8CleanAuxExDnRcK6Rr01QdEma,minbias,0,test,34.773525,35.80173110961914,0.029568640640935895,0,15mm,0.883929
SubNetW8CleanAuxExDnRcK6Rr01QdEma,minbias,0,test,14.845406,15.276960372924805,0.029069922813913074,3,60mm,1.574959
SubNetW8CleanAuxExDnRcK6Rr01QdEma,minbias,0,test,3.466378,3.105219841003418,-0.10418890706905537,3,60mm,0.63483334
SubNetW8CleanAuxExDnRcK6Rr01QdEma,minbias,0,test,60.300167,63.21448516845703,0.04833018257925592,0,15mm,1.3548245
SubNetW8CleanAuxExDnRcK6Rr01QdEma,minbias,0,test,43.572193,40.77006912231445,-0.06430991467572456,2,40mm,4.3347173
SubNetW8CleanAuxExDnRcK6Rr01QdEma,minbias,0,test,12.3680105,12.735638618469238,0.029724109379750674,2,40mm,1.1202992
SubNetW8CleanAuxExDnRcK6Rr01QdEma,minbias,0,test,41.617393,42.099456787109375,0.011583216847315558,1,30mm,1.986412
SubNetW8CleanAuxExDnRcK6Rr01QdEma,minbias,0,test,37.25343,37.31486129760742,0.0016490262972796987,2,40mm,3.2369723
SubNetW8CleanAuxExDnRcK6Rr01QdEma,minbias,0,test,47.503338,40.08966827392578,-0.1560662875525538,2,40mm,3.5085394
SubNetW8CleanAuxExDnRcK6Rr01QdEma,minbias,0,test,22.391092,22.36946678161621,-0.0009658090149727849,3,60mm,3.9752498
SubNetW8CleanAuxExDnRcK6Rr01QdEma,minbias,0,test,29.19606,29.4443416595459,0.008503937769188008,3,60mm,4.492931
SubNetW8CleanAuxExDnRcK6Rr01QdEma,minbias,0,test,65.701836,36.31194305419922,-0.4473222444285203,2,40mm,3.9072692
SubNetW8CleanAuxExDnRcK6Rr01QdEma,minbias,0,test,7.703935,7.617990016937256,-0.0111560037515962,3,60mm,1.3721606
SubNetW8CleanAuxExDnRcK6Rr01QdEma,minbias,0,test,11.573995,12.257386207580566,0.059045436990929456,1,30mm,0.662507
SubNetW8CleanAuxExDnRcK6Rr01QdEma,minbias,0,test,10.187605,10.280899047851562,0.0091576130556974,2,40mm,1.0137329
SubNetW8CleanAuxExDnRcK6Rr01QdEma,minbias,0,test,8.54273,8.196500778198242,-0.040529144639998016,2,40mm,1.8131254
SubNetW8CleanAuxExDnRcK6Rr01QdEma,minbias,0,test,31.331808,30.873876571655273,-0.014615547153749353,3,60mm,4.22225
SubNetW8CleanAuxExDnRcK6Rr01QdEma,minbias,0,test,60.03394,60.972503662109375,0.015633894935401793,1,30mm,2.72722
SubNetW8CleanAuxExDnRcK6Rr01QdEma,minbias,0,test,5.340591,5.514489650726318,0.03256169558816402,4,120mm,1.2379621
SubNetW8CleanAuxExDnRcK6Rr01QdEma,minbias,0,test,99.21825,97.45664978027344,-0.017754765303158115,0,15mm,3.3069937
SubNetW8CleanAuxExDnRcK6Rr01QdEma,minbias,0,test,14.486363,13.735063552856445,-0.0518625576882451,3,60mm,2.0972252
SubNetW8CleanAuxExDnRcK6Rr01QdEma,minbias,0,test,68.71276,64.6816177368164,-0.058666587314972984,0,15mm,1.5269775
SubNetW8CleanAuxExDnRcK6Rr01QdEma,minbias,0,test,20.032648,20.483545303344727,0.022508118489819484,1,30mm,1.0557196
SubNetW8CleanAuxExDnRcK6Rr01QdEma,minbias,0,test,9.52897,11.370110511779785,0.1932150896195488,2,40mm,0.712605
SubNetW8CleanAuxExDnRcK6Rr01QdEma,minbias,0,test,16.03432,15.423966407775879,-0.03806549899709777,3,60mm,3.3507009
SubNetW8CleanAuxExDnRcK6Rr01QdEma,minbias,0,test,29.083954,31.55129623413086,0.08483517711534772,1,30mm,2.8066187
SubNetW8CleanAuxExDnRcK6Rr01QdEma,minbias,0,test,36.279892,35.375877380371094,-0.02491778608947781,2,40mm,4.388995
SubNetW8CleanAuxExDnRcK6Rr01QdEma,minbias,0,test,23.03553,22.535940170288086,-0.02168779785335273,3,60mm,4.0500946
SubNetW8CleanAuxExDnRcK6Rr01QdEma,minbias,0,test,5.5916677,5.4434943199157715,-0.02649895191068974,2,40mm,0.57343835
SubNetW8CleanAuxExDnRcK6Rr01QdEma,minbias,0,test,36.842632,23.340923309326172,-0.3664697157559865,0,15mm,0.90829957
SubNetW8CleanAuxExDnRcK6Rr01QdEma,minbias,0,test,33.089405,36.19115447998047,0.09373844632622141,2,40mm,2.5307748
SubNetW8CleanAuxExDnRcK6Rr01QdEma,minbias,0,test,76.98335,73.87699890136719,-0.04035098047027452,0,15mm,2.0705318
SubNetW8CleanAuxExDnRcK6Rr01QdEma,minbias,0,test,16.896158,16.824575424194336,-0.004236631384734957,3,60mm,1.9977313
SubNetW8CleanAuxExDnRcK6Rr01QdEma,minbias,0,test,37.41881,36.76496505737305,-0.017473744068910557,2,40mm,3.5789049
SubNetW8CleanAuxExDnRcK6Rr01QdEma,minbias,0,test,37.916077,38.89998245239258,0.025949567542420837,0,15mm,1.3072239
SubNetW8CleanAuxExDnRcK6Rr01QdEma,minbias,0,test,9.27563,8.863686561584473,-0.044411369986828375,3,60mm,2.111212
SubNetW8CleanAuxExDnRcK6Rr01QdEma,minbias,0,test,17.754055,18.788875579833984,0.05828643401683542,3,60mm,3.520143
SubNetW8CleanAuxExDnRcK6Rr01QdEma,minbias,0,test,16.1959,15.859135627746582,-0.02079318447223022,3,60mm,2.9143825
SubNetW8CleanAuxExDnRcK6Rr01QdEma,minbias,0,test,11.134701,10.98663330078125,-0.013297840449896237,3,60mm,2.556303
SubNetW8CleanAuxExDnRcK6Rr01QdEma,minbias,0,test,7.7645006,7.8738484382629395,0.014083046117448372,4,120mm,1.8089178
SubNetW8CleanAuxExDnRcK6Rr01QdEma,minbias,0,test,9.160724,10.05174732208252,0.09726563821641587,3,60mm,1.2601655
SubNetW8CleanAuxExDnRcK6Rr01QdEma,minbias,0,test,22.934608,12.868354797363281,-0.4389110753687936,1,30mm,2.122073
SubNetW8CleanAuxExDnRcK6Rr01QdEma,minbias,0,test,42.930542,40.20792770385742,-0.06341905231071943,0,15mm,1.808733
SubNetW8CleanAuxExDnRcK6Rr01QdEma,minbias,0,test,43.165123,43.50564956665039,0.007888928775258153,2,40mm,3.236995
SubNetW8CleanAuxExDnRcK6Rr01QdEma,minbias,0,test,17.996391,20.28225326538086,0.12701779658753543,1,30mm,1.7619327
SubNetW8CleanAuxExDnRcK6Rr01QdEma,minbias,0,test,29.570555,29.39962387084961,-0.005780441522607149,1,30mm,2.098586
SubNetW8CleanAuxExDnRcK6Rr01QdEma,minbias,0,test,15.984854,19.95294189453125,0.24824050400761655,2,40mm,1.8808686
SubNetW8CleanAuxExDnRcK6Rr01QdEma,minbias,0,test,17.802969,17.749608993530273,-0.0029972520546914794,2,40mm,3.017051
SubNetW8CleanAuxExDnRcK6Rr01QdEma,minbias,0,test,20.546543,22.303024291992188,0.08548791688613377,3,60mm,2.4208994
SubNetW8CleanAuxExDnRcK6Rr01QdEma,minbias,0,test,42.389584,41.511165618896484,-0.020722495821025144,3,60mm,4.5401945
SubNetW8CleanAuxExDnRcK6Rr01QdEma,minbias,0,test,23.321999,23.981477737426758,0.028277128073536772,3,60mm,2.4499
SubNetW8CleanAuxExDnRcK6Rr01QdEma,minbias,0,test,51.554256,55.778419494628906,0.08193626185649494,1,30mm,4.8019047
SubNetW8CleanAuxExDnRcK6Rr01QdEma,minbias,0,test,37.00283,33.961631774902344,-0.0821882728681339,0,15mm,1.0552162
SubNetW8CleanAuxExDnRcK6Rr01QdEma,minbias,0,test,30.224176,30.12898063659668,-0.003149656387065769,2,40mm,2.7422798
SubNetW8CleanAuxExDnRcK6Rr01QdEma,minbias,0,test,13.452479,12.80198860168457,-0.048354711668773476,3,60mm,2.4725873
SubNetW8CleanAuxExDnRcK6Rr01QdEma,minbias,0,test,9.41378,10.274981498718262,0.0914830457993181,2,40mm,0.7259984
SubNetW8CleanAuxExDnRcK6Rr01QdEma,minbias,0,test,45.29183,46.61857986450195,0.029293401547597853,2,40mm,3.141769
SubNetW8CleanAuxExDnRcK6Rr01QdEma,minbias,0,test,91.24661,89.62007141113281,-0.01782577009995756,0,15mm,4.1981997
SubNetW8CleanAuxExDnRcK6Rr01QdEma,minbias,0,test,35.642014,36.51879119873047,0.024599554334959528,2,40mm,4.7565365
SubNetW8CleanAuxExDnRcK6Rr01QdEma,minbias,0,test,15.420579,15.712483406066895,0.018929538915779753,3,60mm,3.0743616
SubNetW8CleanAuxExDnRcK6Rr01QdEma,minbias,0,test,38.110813,37.236656188964844,-0.02293724221189264,3,60mm,4.6700726
SubNetW8CleanAuxExDnRcK6Rr01QdEma,minbias,0,test,37.528957,37.842376708984375,0.008351400199491987,2,40mm,3.4262679
SubNetW8CleanAuxExDnRcK6Rr01QdEma,minbias,0,test,17.600618,16.861244201660156,-0.04200841956467816,1,30mm,0.80811155
SubNetW8CleanAuxExDnRcK6Rr01QdEma,minbias,0,test,29.665586,43.67243576049805,0.472158179052679,0,15mm,0.8447186
SubNetW8CleanAuxExDnRcK6Rr01QdEma,minbias,0,test,22.269323,20.585113525390625,-0.07562914226058426,1,30mm,1.2298892
SubNetW8CleanAuxExDnRcK6Rr01QdEma,minbias,0,test,68.901825,66.76602172851562,-0.030997774357497954,0,15mm,2.3002818
SubNetW8CleanAuxExDnRcK6Rr01QdEma,minbias,0,test,18.950758,18.432464599609375,-0.0273494802305434,3,60mm,3.0177703
SubNetW8CleanAuxExDnRcK6Rr01QdEma,minbias,0,test,63.149235,62.006710052490234,-0.018092455488467496,1,30mm,2.9056947
SubNetW8CleanAuxExDnRcK6Rr01QdEma,minbias,0,test,48.15496,73.61969757080078,0.528808176854437,0,15mm,1.6250262
SubNetW8CleanAuxExDnRcK6Rr01QdEma,minbias,0,test,50.28849,49.665306091308594,-0.012392183587949912,2,40mm,3.4301724
SubNetW8CleanAuxExDnRcK6Rr01QdEma,minbias,0,test,17.925707,17.43250274658203,-0.02751378902821411,3,60mm,4.050768
SubNetW8CleanAuxExDnRcK6Rr01QdEma,minbias,0,test,25.03655,25.036863327026367,1.249394062918796e-05,2,40mm,1.9231226
SubNetW8CleanAuxExDnRcK6Rr01QdEma,minbias,0,test,74.55895,75.52306365966797,0.01293085938007632,0,15mm,4.201086
SubNetW8CleanAuxExDnRcK6Rr01QdEma,minbias,0,test,16.50251,18.90852165222168,0.1457967043254862,2,40mm,2.244254
SubNetW8CleanAuxExDnRcK6Rr01QdEma,minbias,0,test,47.39856,46.5838623046875,-0.017188228355683566,1,30mm,2.1179125
SubNetW8CleanAuxExDnRcK6Rr01QdEma,minbias,0,test,15.264669,15.341102600097656,0.005007195352091154,3,60mm,2.8822906
SubNetW8CleanAuxExDnRcK6Rr01QdEma,minbias,0,test,87.795425,87.5563735961914,-0.0027228277295494596,1,30mm,4.7390556
SubNetW8CleanAuxExDnRcK6Rr01QdEma,minbias,0,test,5.5170145,5.3164191246032715,-0.03635940756531231,3,60mm,0.6675109
SubNetW8CleanAuxExDnRcK6Rr01QdEma,minbias,0,test,69.34866,63.845890045166016,-0.07934937777705409,0,15mm,1.4884104
SubNetW8CleanAuxExDnRcK6Rr01QdEma,minbias,0,test,28.49343,28.193981170654297,-0.010509370822738173,0,15mm,1.3225214
SubNetW8CleanAuxExDnRcK6Rr01QdEma,minbias,0,test,30.18727,30.274160385131836,0.0028784045920018375,3,60mm,4.951363
SubNetW8CleanAuxExDnRcK6Rr01QdEma,minbias,0,test,21.006798,20.724592208862305,-0.013434012383948146,3,60mm,3.2616055
SubNetW8CleanAuxExDnRcK6Rr01QdEma,minbias,0,test,28.353077,34.773406982421875,0.22644209171259178,3,60mm,3.1548784
SubNetW8CleanAuxExDnRcK6Rr01QdEma,minbias,0,test,58.068886,56.824607849121094,-0.021427618885577204,1,30mm,4.6076493
SubNetW8CleanAuxExDnRcK6Rr01QdEma,minbias,0,test,58.8515,59.17770767211914,0.005542869751084645,0,15mm,1.9959347
SubNetW8CleanAuxExDnRcK6Rr01QdEma,minbias,0,test,16.135958,16.16449546813965,0.001768581124409474,3,60mm,3.4675639
SubNetW8CleanAuxExDnRcK6Rr01QdEma,minbias,0,test,32.10958,31.397932052612305,-0.022163133837863613,3,60mm,4.4924116
SubNetW8CleanAuxExDnRcK6Rr01QdEma,minbias,0,test,29.577026,29.21946144104004,-0.012089279081285209,2,40mm,2.61758
SubNetW8CleanAuxExDnRcK6Rr01QdEma,minbias,0,test,7.6248145,7.605329990386963,-0.002555409043991763,3,60mm,1.4963516
SubNetW8CleanAuxExDnRcK6Rr01QdEma,minbias,0,test,20.272928,19.96859359741211,-0.015011873811783816,4,120mm,4.149478
SubNetW8CleanAuxExDnRcK6Rr01QdEma,minbias,0,test,22.534046,23.10535430908203,0.025353109317244327,2,40mm,1.7116026
SubNetW8CleanAuxExDnRcK6Rr01QdEma,minbias,0,test,20.883205,18.617576599121094,-0.10849047211871532,2,40mm,1.7495927
SubNetW8CleanAuxExDnRcK6Rr01QdEma,minbias,0,test,24.225704,22.858755111694336,-0.05642556643655272,3,60mm,3.098777
SubNetW8CleanAuxExDnRcK6Rr01QdEma,minbias,0,test,7.217724,8.137639999389648,0.12745238977359863,3,60mm,1.5190501
SubNetW8CleanAuxExDnRcK6Rr01QdEma,minbias,0,test,38.082355,37.04048156738281,-0.027358442465692634,3,60mm,4.031731
SubNetW8CleanAuxExDnRcK6Rr01QdEma,minbias,0,test,27.26074,28.80853843688965,0.05677755412479524,3,60mm,3.329836
SubNetW8CleanAuxExDnRcK6Rr01QdEma,minbias,0,test,36.473274,36.278892517089844,-0.005329428683488069,2,40mm,3.4535124
SubNetW8CleanAuxExDnRcK6Rr01QdEma,minbias,0,test,24.7923,25.027416229248047,0.009483467267462853,2,40mm,3.0602396
SubNetW8CleanAuxExDnRcK6Rr01QdEma,minbias,0,test,19.014122,18.920700073242188,-0.004913292130426794,2,40mm,2.9391313
SubNetW8CleanAuxExDnRcK6Rr01QdEma,minbias,0,test,12.082356,11.886079788208008,-0.016244899370279398,4,120mm,2.796215
SubNetW8CleanAuxExDnRcK6Rr01QdEma,minbias,0,test,72.181816,71.53101348876953,-0.00901615735732375,1,30mm,2.8110776
SubNetW8CleanAuxExDnRcK6Rr01QdEma,minbias,0,test,10.948864,10.608461380004883,-0.031090221202231594,3,60mm,1.4251267
SubNetW8CleanAuxExDnRcK6Rr01QdEma,minbias,0,test,49.748352,49.792381286621094,0.0008850390821970588,2,40mm,4.338774
SubNetW8CleanAuxExDnRcK6Rr01QdEma,minbias,0,test,18.62122,18.33510398864746,-0.015365032579519045,4,120mm,4.2862043
SubNetW8CleanAuxExDnRcK6Rr01QdEma,minbias,0,test,9.011134,9.172773361206055,0.017937721369320814,3,60mm,1.3434215
SubNetW8CleanAuxExDnRcK6Rr01QdEma,minbias,0,test,5.2481627,4.84602165222168,-0.07662511885351841,3,60mm,1.1108208
SubNetW8CleanAuxExDnRcK6Rr01QdEma,minbias,0,test,99.29488,77.05240631103516,-0.22400426469016488,0,15mm,3.3647377
SubNetW8CleanAuxExDnRcK6Rr01QdEma,minbias,0,test,29.837397,31.53981590270996,0.0570565623599848,2,40mm,3.274567
SubNetW8CleanAuxExDnRcK6Rr01QdEma,minbias,0,test,88.845566,87.61154174804688,-0.0138895400889949,0,15mm,4.373835
SubNetW8CleanAuxExDnRcK6Rr01QdEma,minbias,0,test,44.494663,46.44642639160156,0.04386510675703348,0,15mm,1.3560386
SubNetW8CleanAuxExDnRcK6Rr01QdEma,minbias,0,test,64.71516,65.19771575927734,0.007456664401176871,0,15mm,1.8846086
SubNetW8CleanAuxExDnRcK6Rr01QdEma,minbias,0,test,15.863732,14.959432601928711,-0.05700422301374464,3,60mm,3.1372914
SubNetW8CleanAuxExDnRcK6Rr01QdEma,minbias,0,test,40.770298,37.574214935302734,-0.07839243825302178,1,30mm,3.2957525
SubNetW8CleanAuxExDnRcK6Rr01QdEma,minbias,0,test,5.49838,5.453960418701172,-0.008078700268902672,2,40mm,0.5598554
SubNetW8CleanAuxExDnRcK6Rr01QdEma,minbias,0,test,36.708122,36.38804244995117,-0.00871959075588491,2,40mm,2.7317674
SubNetW8CleanAuxExDnRcK6Rr01QdEma,minbias,0,test,69.43763,61.14723205566406,-0.11939344243022088,0,15mm,1.6835735
SubNetW8CleanAuxExDnRcK6Rr01QdEma,minbias,0,test,11.690617,11.015603065490723,-0.057739772402822576,3,60mm,2.1974397
SubNetW8CleanAuxExDnRcK6Rr01QdEma,minbias,0,test,25.841242,25.70248031616211,-0.005369769814602687,3,60mm,4.7146506
SubNetW8CleanAuxExDnRcK6Rr01QdEma,minbias,0,test,80.993614,78.31661987304688,-0.03305191835527432,1,30mm,4.155968
SubNetW8CleanAuxExDnRcK6Rr01QdEma,minbias,0,test,96.29486,60.9796028137207,-0.3667408386918891,0,15mm,3.8735683
SubNetW8CleanAuxExDnRcK6Rr01QdEma,minbias,0,test,9.092745,8.856616020202637,-0.025968924846509034,2,40mm,1.4821281
SubNetW8CleanAuxExDnRcK6Rr01QdEma,minbias,0,test,7.2707705,7.604053974151611,0.04583880375482252,2,40mm,0.98892087
SubNetW8CleanAuxExDnRcK6Rr01QdEma,minbias,0,test,26.676447,26.315597534179688,-0.013526890655542467,3,60mm,3.7152267
SubNetW8CleanAuxExDnRcK6Rr01QdEma,minbias,0,test,27.660378,27.691518783569336,0.001125844400539311,2,40mm,2.7408884
SubNetW8CleanAuxExDnRcK6Rr01QdEma,minbias,0,test,31.527573,31.419723510742188,-0.0034207873328264693,3,60mm,3.8399875
SubNetW8CleanAuxExDnRcK6Rr01QdEma,minbias,0,test,21.714708,22.196441650390625,0.02218465543545456,3,60mm,3.556714
SubNetW8CleanAuxExDnRcK6Rr01QdEma,minbias,0,test,65.89013,65.03463745117188,-0.012983608470753416,1,30mm,2.7674208
SubNetW8CleanAuxExDnRcK6Rr01QdEma,minbias,0,test,33.5066,31.107057571411133,-0.07161400726858402,0,15mm,1.359651
SubNetW8CleanAuxExDnRcK6Rr01QdEma,minbias,0,test,22.17568,22.407468795776367,0.010452379975543602,3,60mm,3.9906058
SubNetW8CleanAuxExDnRcK6Rr01QdEma,minbias,0,test,33.399822,33.49497604370117,0.002848931587837278,3,60mm,3.949916
SubNetW8CleanAuxExDnRcK6Rr01QdEma,minbias,0,test,29.249788,30.159915924072266,0.031115700083852227,2,40mm,2.265447
SubNetW8CleanAuxExDnRcK6Rr01QdEma,minbias,0,test,93.17727,92.07996368408203,-0.011776534232445957,0,15mm,2.3845532
SubNetW8CleanAuxExDnRcK6Rr01QdEma,minbias,0,test,19.462399,18.905698776245117,-0.028603861542378595,1,30mm,1.2021886
SubNetW8CleanAuxExDnRcK6Rr01QdEma,minbias,0,test,7.347137,6.490606784820557,-0.11658013080553997,3,60mm,0.97741044
SubNetW8CleanAuxExDnRcK6Rr01QdEma,minbias,0,test,34.27041,33.08248519897461,-0.034663240937947926,1,30mm,1.6521727
SubNetW8CleanAuxExDnRcK6Rr01QdEma,minbias,0,test,28.13261,37.184852600097656,0.32177043565278773,3,60mm,4.660617
SubNetW8CleanAuxExDnRcK6Rr01QdEma,minbias,0,test,18.30506,18.194063186645508,-0.006063692212760041,3,60mm,2.6304545
SubNetW8CleanAuxExDnRcK6Rr01QdEma,minbias,0,test,7.608357,7.135032653808594,-0.06221110573587252,4,120mm,1.5418925
SubNetW8CleanAuxExDnRcK6Rr01QdEma,minbias,0,test,14.16094,20.11194610595703,0.42024087836732105,1,30mm,0.6443299
SubNetW8CleanAuxExDnRcK6Rr01QdEma,minbias,0,test,29.41119,29.05446434020996,-0.012128910538786952,3,60mm,4.2359858
SubNetW8CleanAuxExDnRcK6Rr01QdEma,minbias,0,test,44.14037,43.736663818359375,-0.009145949666294562,2,40mm,4.4630733
SubNetW8CleanAuxExDnRcK6Rr01QdEma,minbias,0,test,5.0054417,5.323734283447266,0.06358931719895611,2,40mm,0.5018687
SubNetW8CleanAuxExDnRcK6Rr01QdEma,minbias,0,test,10.641933,11.288981437683105,0.06080173307777592,2,40mm,1.5277594
SubNetW8CleanAuxExDnRcK6Rr01QdEma,minbias,0,test,7.0461926,7.3072099685668945,0.037043739172739176,3,60mm,0.97585315
SubNetW8CleanAuxExDnRcK6Rr01QdEma,minbias,0,test,57.109318,54.49955749511719,-0.045697626690241355,2,40mm,4.453227
SubNetW8CleanAuxExDnRcK6Rr01QdEma,minbias,0,test,22.564104,22.007461547851562,-0.02466938329880697,3,60mm,3.251477
SubNetW8CleanAuxExDnRcK6Rr01QdEma,minbias,0,test,4.044124,3.877866744995117,-0.04111085027100714,3,60mm,0.7388754
SubNetW8CleanAuxExDnRcK6Rr01QdEma,minbias,0,test,27.124271,27.877098083496094,0.02775472490195785,1,30mm,1.4621685
SubNetW8CleanAuxExDnRcK6Rr01QdEma,minbias,0,test,27.524353,27.27187728881836,-0.009172812827773713,2,40mm,2.9354832
SubNetW8CleanAuxExDnRcK6Rr01QdEma,minbias,0,test,19.25969,19.14608383178711,-0.005898615357434633,3,60mm,3.9293628
SubNetW8CleanAuxExDnRcK6Rr01QdEma,minbias,0,test,8.349372,8.13814640045166,-0.025298371173065437,3,60mm,1.722976
SubNetW8CleanAuxExDnRcK6Rr01QdEma,minbias,0,test,18.371817,17.692401885986328,-0.03698135914584977,3,60mm,3.3138247
SubNetW8CleanAuxExDnRcK6Rr01QdEma,minbias,0,test,28.534348,28.42401695251465,-0.003866588557277506,3,60mm,3.453328
SubNetW8CleanAuxExDnRcK6Rr01QdEma,minbias,0,test,33.546776,18.026464462280273,-0.4626468856456487,0,15mm,1.5598749
SubNetW8CleanAuxExDnRcK6Rr01QdEma,minbias,0,test,17.681807,17.59999656677246,-0.004626789534256437,3,60mm,2.4609184
SubNetW8CleanAuxExDnRcK6Rr01QdEma,minbias,0,test,22.914448,22.40514373779297,-0.02222632862124041,3,60mm,3.679168
SubNetW8CleanAuxExDnRcK6Rr01QdEma,minbias,0,test,71.498985,69.50374603271484,-0.027905840197662846,0,15mm,2.6123695
SubNetW8CleanAuxExDnRcK6Rr01QdEma,minbias,0,test,14.026703,13.701516151428223,-0.023183404695546583,4,120mm,2.9806328
SubNetW8CleanAuxExDnRcK6Rr01QdEma,minbias,0,test,3.3692904,3.2003328800201416,-0.050146308036016274,4,120mm,0.79643476
SubNetW8CleanAuxExDnRcK6Rr01QdEma,minbias,0,test,31.986227,24.005020141601562,-0.24952011017296072,0,15mm,1.5983753
SubNetW8CleanAuxExDnRcK6Rr01QdEma,minbias,0,test,29.491335,29.398042678833008,-0.00316337787341614,3,60mm,3.552342
SubNetW8CleanAuxExDnRcK6Rr01QdEma,minbias,0,test,49.948574,49.30483627319336,-0.01288801141982654,2,40mm,4.799255
SubNetW8CleanAuxExDnRcK6Rr01QdEma,minbias,0,test,15.802362,15.734172821044922,-0.004315153586806231,3,60mm,3.4118304
SubNetW8CleanAuxExDnRcK6Rr01QdEma,minbias,0,test,33.10598,33.62821960449219,0.015774784082196458,2,40mm,2.8373017
SubNetW8CleanAuxExDnRcK6Rr01QdEma,minbias,0,test,68.55535,107.48670959472656,0.5678821218678105,0,15mm,2.2485096
SubNetW8CleanAuxExDnRcK6Rr01QdEma,minbias,0,test,12.219287,11.721687316894531,-0.04072247464674339,2,40mm,1.2463605
SubNetW8CleanAuxExDnRcK6Rr01QdEma,minbias,0,test,30.55543,31.095739364624023,0.017682942625225184,2,40mm,1.8145791
SubNetW8CleanAuxExDnRcK6Rr01QdEma,minbias,0,test,68.012,58.95657730102539,-0.13314449800655537,0,15mm,2.868292
SubNetW8CleanAuxExDnRcK6Rr01QdEma,minbias,0,test,20.422848,20.66935920715332,0.012070376393865434,3,60mm,3.2933335
SubNetW8CleanAuxExDnRcK6Rr01QdEma,minbias,0,test,31.96667,30.666505813598633,-0.04067246623918597,1,30mm,1.6448365
SubNetW8CleanAuxExDnRcK6Rr01QdEma,minbias,0,test,7.0197587,8.07153034210205,0.14983017017082711,3,60mm,1.5680151
SubNetW8CleanAuxExDnRcK6Rr01QdEma,minbias,0,test,75.37338,83.76986694335938,0.11139853471993066,1,30mm,4.8264036
SubNetW8CleanAuxExDnRcK6Rr01QdEma,minbias,0,test,23.775043,24.445598602294922,0.028204159336123524,3,60mm,3.6118536
SubNetW8CleanAuxExDnRcK6Rr01QdEma,minbias,0,test,37.901672,38.97349548339844,0.02827904557466332,2,40mm,2.311252
SubNetW8CleanAuxExDnRcK6Rr01QdEma,minbias,0,test,52.68103,52.85111999511719,0.003228671132603944,1,30mm,4.7957687
SubNetW8CleanAuxExDnRcK6Rr01QdEma,minbias,0,test,17.088923,16.918819427490234,-0.00995399640404726,3,60mm,3.2659745
SubNetW8CleanAuxExDnRcK6Rr01QdEma,minbias,0,test,21.042507,21.521696090698242,0.022772425127810747,3,60mm,2.5449517
SubNetW8CleanAuxExDnRcK6Rr01QdEma,minbias,0,test,25.268854,24.872331619262695,-0.015692144952690446,3,60mm,4.170272
SubNetW8CleanAuxExDnRcK6Rr01QdEma,minbias,0,test,24.216051,23.9797420501709,-0.009758364422068566,3,60mm,2.7741485
SubNetW8CleanAuxExDnRcK6Rr01QdEma,minbias,0,test,21.19911,21.278085708618164,0.003725424198198324,3,60mm,3.8124983
SubNetW8CleanAuxExDnRcK6Rr01QdEma,minbias,0,test,21.657217,21.041488647460938,-0.02843063250294875,3,60mm,4.3915706
SubNetW8CleanAuxExDnRcK6Rr01QdEma,minbias,0,test,6.860183,6.861129283905029,0.00013797325695996676,3,60mm,1.2132651
SubNetW8CleanAuxExDnRcK6Rr01QdEma,minbias,0,test,35.857517,35.218353271484375,-0.01782510391408021,3,60mm,4.888053
SubNetW8CleanAuxExDnRcK6Rr01QdEma,minbias,0,test,40.863075,40.08889389038086,-0.01894574407604177,1,30mm,1.9445968
SubNetW8CleanAuxExDnRcK6Rr01QdEma,minbias,0,test,19.615444,22.035444259643555,0.12337217825269242,2,40mm,2.1547978
SubNetW8CleanAuxExDnRcK6Rr01QdEma,minbias,0,test,26.98875,26.080036163330078,-0.033670113622181086,3,60mm,3.9525266
SubNetW8CleanAuxExDnRcK6Rr01QdEma,minbias,0,test,4.7678127,5.13230037689209,0.07644755965399153,3,60mm,0.56404793
SubNetW8CleanAuxExDnRcK6Rr01QdEma,minbias,0,test,45.55971,41.40488052368164,-0.09119528635738894,2,40mm,2.8653245
SubNetW8CleanAuxExDnRcK6Rr01QdEma,minbias,0,test,64.92305,84.66841888427734,0.3041349563798226,0,15mm,1.5833651
SubNetW8CleanAuxExDnRcK6Rr01QdEma,minbias,0,test,33.089718,32.50486373901367,-0.017674799415420606,1,30mm,1.2026242
SubNetW8CleanAuxExDnRcK6Rr01QdEma,minbias,0,test,5.32402,6.927616596221924,0.30120035513666976,3,60mm,0.66464525
SubNetW8CleanAuxExDnRcK6Rr01QdEma,minbias,0,test,68.36786,68.34141540527344,-0.0003867823546899185,1,30mm,4.990409
SubNetW8CleanAuxExDnRcK6Rr01QdEma,minbias,0,test,6.038779,6.253902912139893,0.03562378057201543,3,60mm,1.0444174
SubNetW8CleanAuxExDnRcK6Rr01QdEma,minbias,0,test,42.671757,42.32598114013672,-0.008103149029446644,1,30mm,3.1282315
SubNetW8CleanAuxExDnRcK6Rr01QdEma,minbias,0,test,35.204987,35.30033874511719,0.0027084848521623517,2,40mm,3.0488951
SubNetW8CleanAuxExDnRcK6Rr01QdEma,minbias,0,test,23.450874,22.78753662109375,-0.02828626763438702,2,40mm,2.3424635
SubNetW8CleanAuxExDnRcK6Rr01QdEma,minbias,0,test,66.685776,66.36620330810547,-0.004792213108471,0,15mm,2.2473993
SubNetW8CleanAuxExDnRcK6Rr01QdEma,minbias,0,test,65.6431,63.688682556152344,-0.029773341893720717,0,15mm,2.1468005
SubNetW8CleanAuxExDnRcK6Rr01QdEma,minbias,0,test,21.45181,21.323183059692383,-0.005996126764226339,3,60mm,4.806653
SubNetW8CleanAuxExDnRcK6Rr01QdEma,minbias,0,test,32.59489,34.036441802978516,0.04422629382103582,2,40mm,3.2420952
SubNetW8CleanAuxExDnRcK6Rr01QdEma,minbias,0,test,29.53562,29.975393295288086,0.014889599862991432,3,60mm,3.8526917
SubNetW8CleanAuxExDnRcK6Rr01QdEma,minbias,0,test,5.5009937,5.724675178527832,0.04066200779791296,3,60mm,0.7806969
SubNetW8CleanAuxExDnRcK6Rr01QdEma,minbias,0,test,17.51896,17.718191146850586,0.011372260868040884,3,60mm,3.138126
SubNetW8CleanAuxExDnRcK6Rr01QdEma,minbias,0,test,22.145527,21.97151756286621,-0.007857538184391943,2,40mm,2.2489994
SubNetW8CleanAuxExDnRcK6Rr01QdEma,minbias,0,test,46.260075,46.41883850097656,0.0034319850717432487,2,40mm,4.6936455
SubNetW8CleanAuxExDnRcK6Rr01QdEma,minbias,0,test,57.01837,55.56769561767578,-0.02544225526098043,1,30mm,3.9431174
SubNetW8CleanAuxExDnRcK6Rr01QdEma,minbias,0,test,21.401081,34.154205322265625,0.5959102807136689,1,30mm,1.0762739
SubNetW8CleanAuxExDnRcK6Rr01QdEma,minbias,0,test,12.398956,12.55627155303955,0.012687781972930523,2,40mm,1.9432894
SubNetW8CleanAuxExDnRcK6Rr01QdEma,minbias,0,test,37.18852,45.16535949707031,0.21449741182123194,1,30mm,1.775477
SubNetW8CleanAuxExDnRcK6Rr01QdEma,minbias,0,test,65.63,63.59112548828125,-0.03106615649036215,2,40mm,4.553062
SubNetW8CleanAuxExDnRcK6Rr01QdEma,minbias,0,test,17.599628,18.193925857543945,0.03376761110594528,3,60mm,4.2336674
SubNetW8CleanAuxExDnRcK6Rr01QdEma,minbias,0,test,26.017183,25.282480239868164,-0.028239147004687548,3,60mm,4.584179
SubNetW8CleanAuxExDnRcK6Rr01QdEma,minbias,0,test,5.752242,5.659196853637695,-0.016175472668151336,3,60mm,1.2387413
SubNetW8CleanAuxExDnRcK6Rr01QdEma,minbias,0,test,16.036882,16.395505905151367,0.02236242030603197,3,60mm,3.4559758
SubNetW8CleanAuxExDnRcK6Rr01QdEma,minbias,0,test,18.423115,18.926349639892578,0.027315406183113122,2,40mm,1.8923641
SubNetW8CleanAuxExDnRcK6Rr01QdEma,minbias,0,test,13.846786,13.771799087524414,-0.005415441553501488,4,120mm,3.0228004
SubNetW8CleanAuxExDnRcK6Rr01QdEma,minbias,0,test,26.273003,31.604772567749023,0.20293721351296812,0,15mm,0.62257856
SubNetW8CleanAuxExDnRcK6Rr01QdEma,minbias,0,test,55.759415,56.532535552978516,0.013865297630238027,1,30mm,4.670457
SubNetW8CleanAuxExDnRcK6Rr01QdEma,minbias,0,test,26.552397,25.494577407836914,-0.03983894092300011,3,60mm,4.1266537
SubNetW8CleanAuxExDnRcK6Rr01QdEma,minbias,0,test,84.48667,72.78382110595703,-0.1385171192243484,0,15mm,1.8524398
SubNetW8CleanAuxExDnRcK6Rr01QdEma,minbias,0,test,32.03789,31.89835548400879,-0.004355339814379633,2,40mm,2.6571438
SubNetW8CleanAuxExDnRcK6Rr01QdEma,minbias,0,test,16.366217,15.817410469055176,-0.03353286846356285,3,60mm,3.6604927
SubNetW8CleanAuxExDnRcK6Rr01QdEma,minbias,0,test,16.981627,15.262022972106934,-0.10126259327619547,2,40mm,1.9687393
SubNetW8CleanAuxExDnRcK6Rr01QdEma,minbias,0,test,79.969025,78.52010345458984,-0.018118530391062482,0,15mm,2.1560574
SubNetW8CleanAuxExDnRcK6Rr01QdEma,minbias,0,test,22.96185,23.0888729095459,0.005531945433621788,3,60mm,2.2396715
SubNetW8CleanAuxExDnRcK6Rr01QdEma,minbias,0,test,12.817611,13.598021507263184,0.060885822045277704,4,120mm,2.8142617
SubNetW8CleanAuxExDnRcK6Rr01QdEma,minbias,0,test,67.52205,67.80475616455078,0.0041868873760628755,1,30mm,3.879159
SubNetW8CleanAuxExDnRcK6Rr01QdEma,minbias,0,test,75.07481,76.07835388183594,0.0133673028153376,0,15mm,1.9242712
SubNetW8CleanAuxExDnRcK6Rr01QdEma,minbias,0,test,36.164127,35.59968185424805,-0.015607883750242246,2,40mm,3.6807926
SubNetW8CleanAuxExDnRcK6Rr01QdEma,minbias,0,test,8.116399,8.20832633972168,0.011326147287502142,3,60mm,1.2205497
SubNetW8CleanAuxExDnRcK6Rr01QdEma,minbias,0,test,17.204695,15.56312370300293,-0.09541413369858698,2,40mm,3.8253715
SubNetW8CleanAuxExDnRcK6Rr01QdEma,minbias,0,test,16.939598,16.052120208740234,-0.052390727948882776,3,60mm,2.77309
SubNetW8CleanAuxExDnRcK6Rr01QdEma,minbias,0,test,22.625196,22.72027015686035,0.004202115996307265,2,40mm,2.1173117
SubNetW8CleanAuxExDnRcK6Rr01QdEma,minbias,0,test,13.769457,13.424072265625,-0.025083385728618568,2,40mm,1.3462515
SubNetW8CleanAuxExDnRcK6Rr01QdEma,minbias,0,test,18.176214,17.97026824951172,-0.011330520544943767,3,60mm,2.2889664
SubNetW8CleanAuxExDnRcK6Rr01QdEma,minbias,0,test,20.086555,20.109355926513672,0.0011351097791882925,2,40mm,1.888055
SubNetW8CleanAuxExDnRcK6Rr01QdEma,minbias,0,test,7.973591,8.840351104736328,0.10870387885729271,2,40mm,1.4165235
SubNetW8CleanAuxExDnRcK6Rr01QdEma,minbias,0,test,15.076862,14.722284317016602,-0.023518024526928416,2,40mm,1.6868494
SubNetW8CleanAuxExDnRcK6Rr01QdEma,minbias,0,test,17.234749,17.212175369262695,-0.0013097650147654294,3,60mm,2.9012437
SubNetW8CleanAuxExDnRcK6Rr01QdEma,minbias,0,test,55.38531,52.048763275146484,-0.0602424683311652,1,30mm,3.9805489
SubNetW8CleanAuxExDnRcK6Rr01QdEma,minbias,0,test,29.649874,28.958999633789062,-0.0233010806703835,1,30mm,1.2991601
SubNetW8CleanAuxExDnRcK6Rr01QdEma,minbias,0,test,23.307375,23.629722595214844,0.013830285118951124,1,30mm,1.3413888
SubNetW8CleanAuxExDnRcK6Rr01QdEma,minbias,0,test,15.563026,16.247764587402344,0.0439977508447813,3,60mm,2.4630759
SubNetW8CleanAuxExDnRcK6Rr01QdEma,minbias,0,test,22.11969,22.148040771484375,0.0012817010615078228,3,60mm,3.1864517
SubNetW8CleanAuxExDnRcK6Rr01QdEma,minbias,0,test,50.38262,48.508052825927734,-0.03720665724676775,2,40mm,3.4310126
SubNetW8CleanAuxExDnRcK6Rr01QdEma,minbias,0,test,27.0384,26.752124786376953,-0.010587751374532717,3,60mm,3.317051
SubNetW8CleanAuxExDnRcK6Rr01QdEma,minbias,0,test,23.616995,23.705764770507812,0.0037587302387227517,3,60mm,3.9331486
SubNetW8CleanAuxExDnRcK6Rr01QdEma,minbias,0,test,76.91538,77.37796020507812,0.006014113243398622,0,15mm,1.9021556
SubNetW8CleanAuxExDnRcK6Rr01QdEma,minbias,0,test,9.436928,9.091978073120117,-0.03655318020530074,2,40mm,0.66045886
SubNetW8CleanAuxExDnRcK6Rr01QdEma,minbias,0,test,6.134962,5.855332851409912,-0.04557961838490254,3,60mm,0.81211096
SubNetW8CleanAuxExDnRcK6Rr01QdEma,minbias,0,test,7.98131,7.75027322769165,-0.028947211199413125,3,60mm,1.8795223
SubNetW8CleanAuxExDnRcK6Rr01QdEma,minbias,0,test,55.068775,52.751407623291016,-0.0420813345904727,1,30mm,2.4772856
SubNetW8CleanAuxExDnRcK6Rr01QdEma,minbias,0,test,46.19017,45.721466064453125,-0.01014727204315391,2,40mm,4.6143165
SubNetW8CleanAuxExDnRcK6Rr01QdEma,minbias,0,test,27.251705,26.682899475097656,-0.020872297386108962,2,40mm,2.6843297
SubNetW8CleanAuxExDnRcK6Rr01QdEma,minbias,0,test,24.105902,36.43500518798828,0.511455809204225,1,30mm,0.9504285
SubNetW8CleanAuxExDnRcK6Rr01QdEma,minbias,0,test,26.222843,27.577177047729492,0.05164710282462104,2,40mm,3.381779
SubNetW8CleanAuxExDnRcK6Rr01QdEma,minbias,0,test,25.474272,26.357826232910156,0.034684189069138505,3,60mm,4.4871387
SubNetW8CleanAuxExDnRcK6Rr01QdEma,minbias,0,test,37.97473,39.392940521240234,0.03734612522461411,2,40mm,3.6422777
SubNetW8CleanAuxExDnRcK6Rr01QdEma,minbias,0,test,12.101329,9.949196815490723,-0.17784262051011557,2,40mm,1.4218844
SubNetW8CleanAuxExDnRcK6Rr01QdEma,minbias,0,test,26.355736,22.821714401245117,-0.1340892702530816,3,60mm,4.995053
SubNetW8CleanAuxExDnRcK6Rr01QdEma,minbias,0,test,9.587399,8.518150329589844,-0.11152641628724869,3,60mm,1.6650046
SubNetW8CleanAuxExDnRcK6Rr01QdEma,minbias,0,test,37.5938,37.836402893066406,0.006453279653584554,2,40mm,2.3581693
SubNetW8CleanAuxExDnRcK6Rr01QdEma,minbias,0,test,19.04373,21.433834075927734,0.12550610206983914,1,30mm,1.417515
SubNetW8CleanAuxExDnRcK6Rr01QdEma,minbias,0,test,13.756405,14.03296184539795,0.020103869518787176,2,40mm,1.5401545
SubNetW8CleanAuxExDnRcK6Rr01QdEma,minbias,0,test,41.754486,41.37216567993164,-0.009156391082954296,2,40mm,3.4729128
SubNetW8CleanAuxExDnRcK6Rr01QdEma,minbias,0,test,29.062075,32.11099624633789,0.10491066520958969,2,40mm,4.4568467
SubNetW8CleanAuxExDnRcK6Rr01QdEma,minbias,0,test,11.427353,11.240402221679688,-0.01635992912299722,4,120mm,2.681681
SubNetW8CleanAuxExDnRcK6Rr01QdEma,minbias,0,test,37.31064,36.27833938598633,-0.027667686355661525,2,40mm,3.9306972
SubNetW8CleanAuxExDnRcK6Rr01QdEma,minbias,0,test,28.920033,28.25040054321289,-0.023154605997747324,3,60mm,4.884715
SubNetW8CleanAuxExDnRcK6Rr01QdEma,minbias,0,test,27.167875,27.338504791259766,0.006280561123088724,3,60mm,3.4577343
SubNetW8CleanAuxExDnRcK6Rr01QdEma,minbias,0,test,41.517952,39.85167694091797,-0.04013384441037504,2,40mm,4.4971194
SubNetW8CleanAuxExDnRcK6Rr01QdEma,minbias,0,test,20.439781,20.078901290893555,-0.017655761318331686,3,60mm,3.7450476
SubNetW8CleanAuxExDnRcK6Rr01QdEma,minbias,0,test,18.262953,17.506549835205078,-0.04141734239006867,2,40mm,2.3908515
SubNetW8CleanAuxExDnRcK6Rr01QdEma,minbias,0,test,21.892523,22.714439392089844,0.03754325562487559,2,40mm,1.822755
SubNetW8CleanAuxExDnRcK6Rr01QdEma,minbias,0,test,9.758101,10.49133014678955,0.07514050619661972,3,60mm,1.4939475
SubNetW8CleanAuxExDnRcK6Rr01QdEma,minbias,0,test,23.252647,34.30815124511719,0.47545140366517047,2,40mm,1.7960353
SubNetW8CleanAuxExDnRcK6Rr01QdEma,minbias,0,test,20.71621,20.55253791809082,-0.007900648727679815,2,40mm,1.5883237
SubNetW8CleanAuxExDnRcK6Rr01QdEma,minbias,0,test,27.200487,27.84413719177246,0.02366318116633548,2,40mm,4.938609
SubNetW8CleanAuxExDnRcK6Rr01QdEma,minbias,0,test,42.990612,43.54414749145508,0.012875728799560449,2,40mm,4.5903115
SubNetW8CleanAuxExDnRcK6Rr01QdEma,minbias,0,test,19.914139,19.785982131958008,-0.006435460921175751,2,40mm,2.214107
SubNetW8CleanAuxExDnRcK6Rr01QdEma,minbias,0,test,39.98965,41.48823928833008,0.037474409873389014,1,30mm,3.5470312
SubNetW8CleanAuxExDnRcK6Rr01QdEma,minbias,0,test,25.088505,24.48820686340332,-0.023927210204474747,3,60mm,4.064957
SubNetW8CleanAuxExDnRcK6Rr01QdEma,minbias,0,test,71.6901,70.3317642211914,-0.018947349377139378,0,15mm,2.62263
SubNetW8CleanAuxExDnRcK6Rr01QdEma,minbias,0,test,24.081533,23.44964599609375,-0.026239501637102647,3,60mm,3.9753559
SubNetW8CleanAuxExDnRcK6Rr01QdEma,minbias,0,test,75.977486,74.21171569824219,-0.02324070009994461,1,30mm,4.7554064
SubNetW8CleanAuxExDnRcK6Rr01QdEma,minbias,0,test,8.245616,8.356165885925293,0.013407115648516488,2,40mm,0.78814626
SubNetW8CleanAuxExDnRcK6Rr01QdEma,minbias,0,test,19.33206,19.392717361450195,0.003137663635394139,0,15mm,0.6133526
SubNetW8CleanAuxExDnRcK6Rr01QdEma,minbias,0,test,5.181928,5.1107354164123535,-0.013738658512043145,3,60mm,0.9268376
SubNetW8CleanAuxExDnRcK6Rr01QdEma,minbias,0,test,10.793001,13.935904502868652,0.2911982753456175,2,40mm,0.97509515
SubNetW8CleanAuxExDnRcK6Rr01QdEma,minbias,0,test,6.3144917,6.187573432922363,-0.020099529928338744,3,60mm,1.0853293
SubNetW8CleanAuxExDnRcK6Rr01QdEma,minbias,0,test,51.039326,51.38032150268555,0.006681040233255775,1,30mm,2.412368
SubNetW8CleanAuxExDnRcK6Rr01QdEma,minbias,0,test,24.649502,24.425254821777344,-0.009097424385059116,2,40mm,2.599803
SubNetW8CleanAuxExDnRcK6Rr01QdEma,minbias,0,test,2.9009228,2.879685878753662,-0.0073207383167677165,3,60mm,0.5084026
SubNetW8CleanAuxExDnRcK6Rr01QdEma,minbias,0,test,12.81374,12.637893676757812,-0.013723245743954005,3,60mm,2.917369
SubNetW8CleanAuxExDnRcK6Rr01QdEma,minbias,0,test,20.060349,19.112634658813477,-0.04724313993952878,3,60mm,3.272194
SubNetW8CleanAuxExDnRcK6Rr01QdEma,minbias,0,test,34.61647,34.106021881103516,-0.014745826216320479,3,60mm,4.9530263
SubNetW8CleanAuxExDnRcK6Rr01QdEma,minbias,0,test,29.078146,27.99078369140625,-0.03739448485282992,3,60mm,4.6988173
SubNetW8CleanAuxExDnRcK6Rr01QdEma,minbias,0,test,2.3948162,2.194119691848755,-0.0838045406944059,4,120mm,0.561844
SubNetW8CleanAuxExDnRcK6Rr01QdEma,minbias,0,test,13.19292,15.752157211303711,0.19398567809996092,0,15mm,0.5395733
SubNetW8CleanAuxExDnRcK6Rr01QdEma,minbias,0,test,77.35061,75.73959350585938,-0.02082744201089337,0,15mm,2.9785252
SubNetW8CleanAuxExDnRcK6Rr01QdEma,minbias,0,test,46.752987,45.70161819458008,-0.022487733574085844,2,40mm,4.2843146
SubNetW8CleanAuxExDnRcK6Rr01QdEma,minbias,0,test,29.738592,29.007844924926758,-0.02457235430876925,0,15mm,0.845369
SubNetW8CleanAuxExDnRcK6Rr01QdEma,minbias,0,test,18.844208,18.355392456054688,-0.025939817356478767,3,60mm,2.883733
SubNetW8CleanAuxExDnRcK6Rr01QdEma,minbias,0,test,69.605865,68.4855728149414,-0.016094802584129986,1,30mm,3.7018614
SubNetW8CleanAuxExDnRcK6Rr01QdEma,minbias,0,test,67.47239,65.41582489013672,-0.030480087555707525,2,40mm,4.8164024
SubNetW8CleanAuxExDnRcK6Rr01QdEma,minbias,0,test,25.91651,25.307579040527344,-0.023495856367314105,3,60mm,3.4632165
SubNetW8CleanAuxExDnRcK6Rr01QdEma,minbias,0,test,93.586174,90.3664779663086,-0.03440354388817635,0,15mm,4.139833
SubNetW8CleanAuxExDnRcK6Rr01QdEma,minbias,0,test,38.07976,38.99042892456055,0.023914735372252416,0,15mm,1.66727
SubNetW8CleanAuxExDnRcK6Rr01QdEma,minbias,0,test,4.080757,4.920838832855225,0.205864172429717,3,60mm,0.89147884
SubNetW8CleanAuxExDnRcK6Rr01QdEma,minbias,0,test,29.822113,29.46158218383789,-0.012089379878040707,0,15mm,0.90028
SubNetW8CleanAuxExDnRcK6Rr01QdEma,minbias,0,test,36.358418,37.11762237548828,0.020881130601257514,2,40mm,3.1896036
SubNetW8CleanAuxExDnRcK6Rr01QdEma,minbias,0,test,93.187416,89.01698303222656,-0.044753178272512795,1,30mm,4.182043
SubNetW8CleanAuxExDnRcK6Rr01QdEma,minbias,0,test,98.03637,93.17700958251953,-0.0495669084313457,0,15mm,2.6849406
SubNetW8CleanAuxExDnRcK6Rr01QdEma,minbias,0,test,5.6228056,5.973546028137207,0.06237818946227236,3,60mm,0.97379804
SubNetW8CleanAuxExDnRcK6Rr01QdEma,minbias,0,test,9.23178,10.665751457214355,0.15532989271011632,4,120mm,2.1544125
SubNetW8CleanAuxExDnRcK6Rr01QdEma,minbias,0,test,38.388977,37.85536193847656,-0.013900217023204764,1,30mm,1.8957132
SubNetW8CleanAuxExDnRcK6Rr01QdEma,minbias,0,test,64.84492,62.60586166381836,-0.03452939300203206,1,30mm,3.8676348
SubNetW8CleanAuxExDnRcK6Rr01QdEma,minbias,0,test,44.430656,43.13642501831055,-0.029129243605561128,3,60mm,4.895467
SubNetW8CleanAuxExDnRcK6Rr01QdEma,minbias,0,test,23.306622,23.217571258544922,-0.0038208151607012075,2,40mm,1.8143678
SubNetW8CleanAuxExDnRcK6Rr01QdEma,minbias,0,test,28.329473,28.711280822753906,0.01347738874608373,3,60mm,3.996304
SubNetW8CleanAuxExDnRcK6Rr01QdEma,minbias,0,test,34.379784,34.015098571777344,-0.010607543738919478,2,40mm,3.801542
SubNetW8CleanAuxExDnRcK6Rr01QdEma,minbias,0,test,17.025223,16.79782485961914,-0.013356531169197772,3,60mm,2.1609886
SubNetW8CleanAuxExDnRcK6Rr01QdEma,minbias,0,test,19.695133,19.41200828552246,-0.014375374905989058,3,60mm,3.9722505
SubNetW8CleanAuxExDnRcK6Rr01QdEma,minbias,0,test,75.59499,76.43870544433594,0.011160948800243764,0,15mm,1.8083931
SubNetW8CleanAuxExDnRcK6Rr01QdEma,minbias,0,test,86.280624,84.44596862792969,-0.021263821103488234,1,30mm,4.4211216
SubNetW8CleanAuxExDnRcK6Rr01QdEma,minbias,0,test,39.386166,39.897003173828125,0.012969974276616503,1,30mm,2.535984
SubNetW8CleanAuxExDnRcK6Rr01QdEma,minbias,0,test,17.353884,15.7687349319458,-0.0913425971263403,2,40mm,3.684263
SubNetW8CleanAuxExDnRcK6Rr01QdEma,minbias,0,test,62.277298,60.717308044433594,-0.025049094613252,1,30mm,3.3505957
SubNetW8CleanAuxExDnRcK6Rr01QdEma,minbias,0,test,23.647165,23.555736541748047,-0.003866372800287121,1,30mm,0.9782577
SubNetW8CleanAuxExDnRcK6Rr01QdEma,minbias,0,test,29.84572,28.08375358581543,-0.05903582450464295,3,60mm,3.8275602
SubNetW8CleanAuxExDnRcK6Rr01QdEma,minbias,0,test,10.961539,10.601140975952148,-0.032878438302673785,3,60mm,2.236168
SubNetW8CleanAuxExDnRcK6Rr01QdEma,minbias,0,test,18.812674,18.990421295166016,0.00944829695742544,2,40mm,3.2942722
SubNetW8CleanAuxExDnRcK6Rr01QdEma,minbias,0,test,17.716602,16.37799644470215,-0.07555657998910925,3,60mm,3.418676
SubNetW8CleanAuxExDnRcK6Rr01QdEma,minbias,0,test,9.759161,10.112991333007812,0.03625622506772541,1,30mm,0.73906636
SubNetW8CleanAuxExDnRcK6Rr01QdEma,minbias,0,test,23.443245,23.031370162963867,-0.017569017099649753,2,40mm,3.5436423
SubNetW8CleanAuxExDnRcK6Rr01QdEma,minbias,0,test,30.595903,27.345800399780273,-0.1062267374391912,3,60mm,4.6153617
SubNetW8CleanAuxExDnRcK6Rr01QdEma,minbias,0,test,20.24373,20.005329132080078,-0.011776555335658356,3,60mm,3.2325869
SubNetW8CleanAuxExDnRcK6Rr01QdEma,minbias,0,test,54.263054,57.69565963745117,0.06325861699768875,1,30mm,2.1946068
SubNetW8CleanAuxExDnRcK6Rr01QdEma,minbias,0,test,10.014196,9.368297576904297,-0.06449831753208324,2,40mm,1.0045656
SubNetW8CleanAuxExDnRcK6Rr01QdEma,minbias,0,test,36.856255,36.675167083740234,-0.0049133449931823,2,40mm,3.8144467
SubNetW8CleanAuxExDnRcK6Rr01QdEma,minbias,0,test,9.692227,7.628425598144531,-0.2129336929502471,2,40mm,1.3145931
SubNetW8CleanAuxExDnRcK6Rr01QdEma,minbias,0,test,11.240519,10.889152526855469,-0.031258881954989715,2,40mm,0.9726015
SubNetW8CleanAuxExDnRcK6Rr01QdEma,minbias,0,test,26.250742,28.759523391723633,0.09556992473052106,0,15mm,0.5602599
SubNetW8CleanAuxExDnRcK6Rr01QdEma,minbias,0,test,12.363648,12.365775108337402,0.0001720118248487168,3,60mm,2.417703
SubNetW8CleanAuxExDnRcK6Rr01QdEma,minbias,0,test,20.88779,25.51532745361328,0.22154266310834103,3,60mm,2.505302
SubNetW8CleanAuxExDnRcK6Rr01QdEma,minbias,0,test,27.740599,29.05860710144043,0.04751189540364331,0,15mm,0.9968331
SubNetW8CleanAuxExDnRcK6Rr01QdEma,minbias,0,test,87.92221,92.39108276367188,0.050827567176379373,1,30mm,4.271511
SubNetW8CleanAuxExDnRcK6Rr01QdEma,minbias,0,test,20.020264,19.78755760192871,-0.011623526730729417,3,60mm,2.8462906
SubNetW8CleanAuxExDnRcK6Rr01QdEma,minbias,0,test,50.25802,47.51826095581055,-0.05451383918344954,1,30mm,2.9643724
SubNetW8CleanAuxExDnRcK6Rr01QdEma,minbias,0,test,21.341331,20.862422943115234,-0.022440424545383975,3,60mm,2.8472753
SubNetW8CleanAuxExDnRcK6Rr01QdEma,minbias,0,test,32.638035,32.465457916259766,-0.00528760096144576,2,40mm,2.2424202
SubNetW8CleanAuxExDnRcK6Rr01QdEma,minbias,0,test,30.512323,37.47303771972656,0.22812796828453896,2,40mm,3.150096
SubNetW8CleanAuxExDnRcK6Rr01QdEma,minbias,0,test,6.0349793,5.636989593505859,-0.06594716025710268,3,60mm,1.2624664
SubNetW8CleanAuxExDnRcK6Rr01QdEma,minbias,0,test,28.049856,27.48948097229004,-0.019977828403429543,2,40mm,2.5974607
SubNetW8CleanAuxExDnRcK6Rr01QdEma,minbias,0,test,22.733868,24.026134490966797,0.056843246642739764,2,40mm,2.8482096
SubNetW8CleanAuxExDnRcK6Rr01QdEma,minbias,0,test,53.16297,51.272544860839844,-0.035559085252857336,2,40mm,4.6411834
SubNetW8CleanAuxExDnRcK6Rr01QdEma,minbias,0,test,12.447754,12.691973686218262,0.019619586136390366,2,40mm,1.0721619
SubNetW8CleanAuxExDnRcK6Rr01QdEma,minbias,0,test,52.103817,52.566226959228516,0.008874781156014588,2,40mm,4.332857
SubNetW8CleanAuxExDnRcK6Rr01QdEma,minbias,0,test,19.766056,21.37063980102539,0.08117875084940751,3,60mm,1.952596
SubNetW8CleanAuxExDnRcK6Rr01QdEma,minbias,0,test,4.081346,4.0830512046813965,0.00041779590926860344,4,120mm,0.9606635
SubNetW8CleanAuxExDnRcK6Rr01QdEma,minbias,0,test,12.323499,11.355637550354004,-0.0785378565831858,1,30mm,0.7630316
SubNetW8CleanAuxExDnRcK6Rr01QdEma,minbias,0,test,15.714404,15.886479377746582,0.010950162057956181,4,120mm,3.7502127
SubNetW8CleanAuxExDnRcK6Rr01QdEma,minbias,0,test,22.093332,21.820100784301758,-0.012367147823295843,3,60mm,3.863265
SubNetW8CleanAuxExDnRcK6Rr01QdEma,minbias,0,test,37.241173,39.38841247558594,0.0576576816507981,0,15mm,1.8019108
SubNetW8CleanAuxExDnRcK6Rr01QdEma,minbias,0,test,22.852837,22.003002166748047,-0.037187262862948045,4,120mm,4.8626027
SubNetW8CleanAuxExDnRcK6Rr01QdEma,minbias,0,test,20.831379,20.05989646911621,-0.03703463270449625,4,120mm,4.769537
SubNetW8CleanAuxExDnRcK6Rr01QdEma,minbias,0,test,50.479187,49.599464416503906,-0.01742743192378704,2,40mm,3.3598251
SubNetW8CleanAuxExDnRcK6Rr01QdEma,minbias,0,test,18.210018,18.365270614624023,0.008525661826272346,3,60mm,4.0085955
SubNetW8CleanAuxExDnRcK6Rr01QdEma,minbias,0,test,10.772941,10.675429344177246,-0.009051501795242278,3,60mm,1.6845957
SubNetW8CleanAuxExDnRcK6Rr01QdEma,minbias,0,test,22.207333,21.35422706604004,-0.03841548915326054,4,120mm,4.7815213
SubNetW8CleanAuxExDnRcK6Rr01QdEma,minbias,0,test,53.904526,55.4549560546875,0.028762525522357363,0,15mm,1.3746808
SubNetW8CleanAuxExDnRcK6Rr01QdEma,minbias,0,test,27.589458,26.80014419555664,-0.02860927013135728,3,60mm,3.25372
SubNetW8CleanAuxExDnRcK6Rr01QdEma,minbias,0,test,10.842008,11.047769546508789,0.018978211081701835,3,60mm,2.349918
SubNetW8CleanAuxExDnRcK6Rr01QdEma,minbias,0,test,28.815647,27.348649978637695,-0.05090974151058614,2,40mm,3.275555
SubNetW8CleanAuxExDnRcK6Rr01QdEma,minbias,0,test,33.248264,32.03624725341797,-0.03645354379782173,1,30mm,1.7703942
SubNetW8CleanAuxExDnRcK6Rr01QdEma,minbias,0,test,81.63771,80.05720520019531,-0.019359991357347006,0,15mm,2.4589405
SubNetW8CleanAuxExDnRcK6Rr01QdEma,minbias,0,test,51.054607,52.13322067260742,0.02112665901006583,1,30mm,2.7640157
SubNetW8CleanAuxExDnRcK6Rr01QdEma,minbias,0,test,58.564,55.916072845458984,-0.04521423345095599,1,30mm,3.2458007
SubNetW8CleanAuxExDnRcK6Rr01QdEma,minbias,0,test,54.84353,56.105918884277344,0.023018032674911426,1,30mm,3.1632016
SubNetW8CleanAuxExDnRcK6Rr01QdEma,minbias,0,test,10.731004,10.313907623291016,-0.03886832464871759,4,120mm,2.341209
SubNetW8CleanAuxExDnRcK6Rr01QdEma,minbias,0,test,9.297525,9.250426292419434,-0.005065768729661024,3,60mm,1.5271517
SubNetW8CleanAuxExDnRcK6Rr01QdEma,minbias,0,test,16.87349,16.85309600830078,-0.0012086042858654444,3,60mm,2.7571285
SubNetW8CleanAuxExDnRcK6Rr01QdEma,minbias,0,test,25.807331,25.55999183654785,-0.009584069264683581,2,40mm,4.153928
SubNetW8CleanAuxExDnRcK6Rr01QdEma,minbias,0,test,15.400595,15.539124488830566,0.008995092730099463,3,60mm,2.5466092
SubNetW8CleanAuxExDnRcK6Rr01QdEma,minbias,0,test,6.5559845,6.5486273765563965,-0.0011221991933024755,1,30mm,0.6041343
SubNetW8CleanAuxExDnRcK6Rr01QdEma,minbias,0,test,66.78565,63.5524787902832,-0.048411197102400605,1,30mm,4.762882
SubNetW8CleanAuxExDnRcK6Rr01QdEma,minbias,0,test,95.49331,91.36957550048828,-0.04318348125941607,0,15mm,4.5852246
SubNetW8CleanAuxExDnRcK6Rr01QdEma,minbias,0,test,66.2408,65.66596984863281,-0.008677870899393869,1,30mm,3.687278
SubNetW8CleanAuxExDnRcK6Rr01QdEma,minbias,0,test,25.43575,26.314062118530273,0.034530654580373854,2,40mm,1.5617919
SubNetW8CleanAuxExDnRcK6Rr01QdEma,minbias,0,test,28.451962,28.044450759887695,-0.014322764959386669,3,60mm,4.252128
SubNetW8CleanAuxExDnRcK6Rr01QdEma,minbias,0,test,13.099153,13.002106666564941,-0.007408563107874744,2,40mm,1.616529
SubNetW8CleanAuxExDnRcK6Rr01QdEma,minbias,0,test,8.316695,8.27353286743164,-0.005189843414859396,2,40mm,1.2442703
SubNetW8CleanAuxExDnRcK6Rr01QdEma,minbias,0,test,30.33725,29.049213409423828,-0.04245725491931829,3,60mm,4.6615906
SubNetW8CleanAuxExDnRcK6Rr01QdEma,minbias,0,test,24.405928,24.80295753479004,0.016267764219874747,3,60mm,3.1392963
SubNetW8CleanAuxExDnRcK6Rr01QdEma,minbias,0,test,39.19644,39.39707565307617,0.005118678998340842,1,30mm,4.0966315
SubNetW8CleanAuxExDnRcK6Rr01QdEma,minbias,0,test,8.891398,8.926288604736328,0.003924036825130761,3,60mm,1.6597668
SubNetW8CleanAuxExDnRcK6Rr01QdEma,minbias,0,test,17.518028,15.91649341583252,-0.09142209498358755,2,40mm,3.1571078
SubNetW8CleanAuxExDnRcK6Rr01QdEma,minbias,0,test,78.25969,74.94945526123047,-0.04229807322415047,1,30mm,3.8301907
SubNetW8CleanAuxExDnRcK6Rr01QdEma,minbias,0,test,33.06189,32.81013107299805,-0.007614766672943363,3,60mm,4.4201994
SubNetW8CleanAuxExDnRcK6Rr01QdEma,minbias,0,test,24.632858,23.974163055419922,-0.02674051113180065,4,120mm,4.833925
SubNetW8CleanAuxExDnRcK6Rr01QdEma,minbias,0,test,50.521206,47.516170501708984,-0.059480674436271475,1,30mm,2.7646513
SubNetW8CleanAuxExDnRcK6Rr01QdEma,minbias,0,test,22.606049,23.37982749938965,0.0342288442197487,2,40mm,3.138295
SubNetW8CleanAuxExDnRcK6Rr01QdEma,minbias,0,test,51.077343,51.6677360534668,0.011558805370040837,1,30mm,2.2081785
SubNetW8CleanAuxExDnRcK6Rr01QdEma,minbias,0,test,16.37923,16.75528335571289,0.022959128419502317,2,40mm,1.5244431
SubNetW8CleanAuxExDnRcK6Rr01QdEma,minbias,0,test,10.238592,11.782269477844238,0.150770468022275,3,60mm,1.4397109
SubNetW8CleanAuxExDnRcK6Rr01QdEma,minbias,0,test,40.998512,47.316287994384766,0.15409768249662203,1,30mm,2.601892
SubNetW8CleanAuxExDnRcK6Rr01QdEma,minbias,0,test,16.370737,16.841781616210938,0.02877356946263765,2,40mm,1.6214101
SubNetW8CleanAuxExDnRcK6Rr01QdEma,minbias,0,test,8.995125,10.21606731414795,0.13573380271058144,4,120mm,2.126491
SubNetW8CleanAuxExDnRcK6Rr01QdEma,minbias,0,test,15.425694,16.063426971435547,0.04134222334164428,1,30mm,1.4045997
SubNetW8CleanAuxExDnRcK6Rr01QdEma,minbias,0,test,5.2790675,4.730303764343262,-0.10395088721378276,3,60mm,1.0707754
SubNetW8CleanAuxExDnRcK6Rr01QdEma,minbias,0,test,37.351936,35.22297668457031,-0.05699730360331823,1,30mm,2.3419628
SubNetW8CleanAuxExDnRcK6Rr01QdEma,minbias,0,test,9.84436,10.971590995788574,0.11450521963543925,3,60mm,1.2636979
SubNetW8CleanAuxExDnRcK6Rr01QdEma,minbias,0,test,69.613884,75.7467041015625,0.08809765781559431,0,15mm,2.7602682
SubNetW8CleanAuxExDnRcK6Rr01QdEma,minbias,0,test,20.796764,22.394304275512695,0.07681675250153752,2,40mm,3.7033377
SubNetW8CleanAuxExDnRcK6Rr01QdEma,minbias,0,test,7.977962,9.392860412597656,0.17735085633559589,2,40mm,0.8172463
SubNetW8CleanAuxExDnRcK6Rr01QdEma,minbias,0,test,33.758354,34.09470748901367,0.009963557469023776,2,40mm,3.0707533
SubNetW8CleanAuxExDnRcK6Rr01QdEma,minbias,0,test,8.717434,8.720064163208008,0.00030172110117909767,3,60mm,1.31612
SubNetW8CleanAuxExDnRcK6Rr01QdEma,minbias,0,test,19.847069,21.586505889892578,0.08764201514956405,1,30mm,1.1570822
SubNetW8CleanAuxExDnRcK6Rr01QdEma,minbias,0,test,2.9824028,4.259514331817627,0.4282156419836305,2,40mm,0.6524447
SubNetW8CleanAuxExDnRcK6Rr01QdEma,minbias,0,test,13.917888,13.856667518615723,-0.004398668134214079,2,40mm,1.927514
SubNetW8CleanAuxExDnRcK6Rr01QdEma,minbias,0,test,26.970123,25.304813385009766,-0.06174646990066279,1,30mm,1.0794091
SubNetW8CleanAuxExDnRcK6Rr01QdEma,minbias,0,test,33.339268,31.136720657348633,-0.06606465058424849,0,15mm,1.301069
SubNetW8CleanAuxExDnRcK6Rr01QdEma,minbias,0,test,23.562761,23.943439483642578,0.016155923829293428,3,60mm,4.1714387
SubNetW8CleanAuxExDnRcK6Rr01QdEma,minbias,0,test,14.824976,15.25334644317627,0.028895188546060213,3,60mm,3.3192616
SubNetW8CleanAuxExDnRcK6Rr01QdEma,minbias,0,test,34.028877,36.140254974365234,0.0620466464420133,2,40mm,2.721806
SubNetW8CleanAuxExDnRcK6Rr01QdEma,minbias,0,test,18.495483,17.909711837768555,-0.031671059796059775,3,60mm,2.8207676
SubNetW8CleanAuxExDnRcK6Rr01QdEma,minbias,0,test,47.844944,46.980064392089844,-0.018076718997724894,1,30mm,2.0141568
SubNetW8CleanAuxExDnRcK6Rr01QdEma,minbias,0,test,26.61989,26.030981063842773,-0.022122899247797978,2,40mm,2.294265
SubNetW8CleanAuxExDnRcK6Rr01QdEma,minbias,0,test,16.679485,15.864091873168945,-0.0488860077023584,2,40mm,1.4347837
SubNetW8CleanAuxExDnRcK6Rr01QdEma,minbias,0,test,30.194986,28.76361083984375,-0.04740440970107196,1,30mm,1.6125417
SubNetW8CleanAuxExDnRcK6Rr01QdEma,minbias,0,test,15.622041,9.926867485046387,-0.3645601336727775,1,30mm,0.7468295
SubNetW8CleanAuxExDnRcK6Rr01QdEma,minbias,0,test,39.29854,38.76375961303711,-0.013608103999698695,2,40mm,3.7184477
SubNetW8CleanAuxExDnRcK6Rr01QdEma,minbias,0,test,24.411781,22.740379333496094,-0.06846702238740432,3,60mm,3.406196
SubNetW8CleanAuxExDnRcK6Rr01QdEma,minbias,0,test,43.77973,36.067840576171875,-0.17615208832864526,1,30mm,3.3427405
SubNetW8CleanAuxExDnRcK6Rr01QdEma,minbias,0,test,57.6227,55.30799865722656,-0.040169951961031236,0,15mm,2.4163873
SubNetW8CleanAuxExDnRcK6Rr01QdEma,minbias,0,test,29.335463,29.695674896240234,0.01227907435200426,2,40mm,4.2300377
SubNetW8CleanAuxExDnRcK6Rr01QdEma,minbias,0,test,15.194478,15.373558044433594,0.011785861221969007,3,60mm,2.2539425
SubNetW8CleanAuxExDnRcK6Rr01QdEma,minbias,0,test,12.632546,12.361964225769043,-0.021419450203964407,3,60mm,1.8489462
SubNetW8CleanAuxExDnRcK6Rr01QdEma,minbias,0,test,60.587048,72.92500305175781,0.2036401503009817,0,15mm,1.6746254
SubNetW8CleanAuxExDnRcK6Rr01QdEma,minbias,0,test,15.891954,16.74361801147461,0.05359086534370472,2,40mm,2.6001391
SubNetW8CleanAuxExDnRcK6Rr01QdEma,minbias,0,test,13.139905,12.525411605834961,-0.04676543484778728,3,60mm,3.0632262
SubNetW8CleanAuxExDnRcK6Rr01QdEma,minbias,0,test,30.972878,31.475929260253906,0.016241686222820295,3,60mm,4.531784
SubNetW8CleanAuxExDnRcK6Rr01QdEma,minbias,0,test,21.745289,21.43204116821289,-0.014405312472096199,3,60mm,4.33953
SubNetW8CleanAuxExDnRcK6Rr01QdEma,minbias,0,test,24.01789,23.576162338256836,-0.018391647842982084,3,60mm,4.5422277
SubNetW8CleanAuxExDnRcK6Rr01QdEma,minbias,0,test,9.716379,9.85233211517334,0.01399214122937531,3,60mm,1.0370538
SubNetW8CleanAuxExDnRcK6Rr01QdEma,minbias,0,test,5.735323,7.303045749664307,0.2733451647693468,3,60mm,1.3136972
SubNetW8CleanAuxExDnRcK6Rr01QdEma,minbias,0,test,36.73933,35.87526321411133,-0.023518857605055343,3,60mm,4.872789
SubNetW8CleanAuxExDnRcK6Rr01QdEma,minbias,0,test,21.020739,21.38070297241211,0.017124249416178516,3,60mm,3.371412
SubNetW8CleanAuxExDnRcK6Rr01QdEma,minbias,0,test,20.564192,20.064109802246094,-0.024318097225085933,3,60mm,4.9227734
SubNetW8CleanAuxExDnRcK6Rr01QdEma,minbias,0,test,6.6408815,6.257802963256836,-0.05768489814487576,2,40mm,0.87036693
SubNetW8CleanAuxExDnRcK6Rr01QdEma,minbias,0,test,46.875385,46.99091339111328,0.0024645793520088333,1,30mm,2.587637
SubNetW8CleanAuxExDnRcK6Rr01QdEma,minbias,0,test,18.337164,17.101091384887695,-0.0674080542295028,3,60mm,1.9170651
SubNetW8CleanAuxExDnRcK6Rr01QdEma,minbias,0,test,24.739304,23.834264755249023,-0.03658303599238888,3,60mm,2.8242676
SubNetW8CleanAuxExDnRcK6Rr01QdEma,minbias,0,test,25.75844,27.382179260253906,0.06303717311444101,3,60mm,4.5063305
SubNetW8CleanAuxExDnRcK6Rr01QdEma,minbias,0,test,2.862998,3.3373467922210693,0.16568254048621767,4,120mm,0.6040727
SubNetW8CleanAuxExDnRcK6Rr01QdEma,minbias,0,test,4.72524,5.164326190948486,0.09292352112563762,3,60mm,0.81744075
SubNetW8CleanAuxExDnRcK6Rr01QdEma,minbias,0,test,31.533094,30.876352310180664,-0.020827074168136117,3,60mm,3.9174166
SubNetW8CleanAuxExDnRcK6Rr01QdEma,minbias,0,test,15.637233,22.570632934570312,0.4433904803655,1,30mm,1.1438994
SubNetW8CleanAuxExDnRcK6Rr01QdEma,minbias,0,test,27.873459,27.925268173217773,0.0018587327525092512,2,40mm,3.6750019
SubNetW8CleanAuxExDnRcK6Rr01QdEma,minbias,0,test,5.6765285,5.706196308135986,0.005226408103192304,3,60mm,1.1439402
SubNetW8CleanAuxExDnRcK6Rr01QdEma,minbias,0,test,5.112312,5.562530994415283,0.0880656674403606,4,120mm,1.0339044
SubNetW8CleanAuxExDnRcK6Rr01QdEma,minbias,0,test,23.45745,22.2882137298584,-0.04984502124656254,1,30mm,1.9748088
SubNetW8CleanAuxExDnRcK6Rr01QdEma,minbias,0,test,36.140514,36.94936752319336,0.02238078686563738,2,40mm,3.2917335
SubNetW8CleanAuxExDnRcK6Rr01QdEma,minbias,0,test,19.93159,20.19649314880371,0.013290662401997722,3,60mm,2.9055352
SubNetW8CleanAuxExDnRcK6Rr01QdEma,minbias,0,test,50.735153,53.67420959472656,0.05792938842621265,1,30mm,2.8315997
SubNetW8CleanAuxExDnRcK6Rr01QdEma,minbias,0,test,20.739338,23.4248104095459,0.1294868958022828,0,15mm,1.0510901
SubNetW8CleanAuxExDnRcK6Rr01QdEma,minbias,0,test,7.0240498,6.969620704650879,-0.007748956247242145,3,60mm,1.6781646
SubNetW8CleanAuxExDnRcK6Rr01QdEma,minbias,0,test,12.18402,11.79131031036377,-0.032231540221406396,4,120mm,2.8976798
SubNetW8CleanAuxExDnRcK6Rr01QdEma,minbias,0,test,5.2620916,5.282363414764404,0.0038524182979764454,3,60mm,0.89531416
SubNetW8CleanAuxExDnRcK6Rr01QdEma,minbias,0,test,24.402916,24.21772003173828,-0.00758908989385465,3,60mm,3.4398468
SubNetW8CleanAuxExDnRcK6Rr01QdEma,minbias,0,test,56.40213,54.895774841308594,-0.02670741835909285,0,15mm,1.7186072
SubNetW8CleanAuxExDnRcK6Rr01QdEma,minbias,0,test,51.361965,51.092960357666016,-0.005237432423730648,1,30mm,3.1238403
SubNetW8CleanAuxExDnRcK6Rr01QdEma,minbias,0,test,45.32167,45.93992614746094,0.013641501029728387,3,60mm,4.3945017
SubNetW8CleanAuxExDnRcK6Rr01QdEma,minbias,0,test,35.91343,36.155975341796875,0.006753631901462498,1,30mm,1.5746901
SubNetW8CleanAuxExDnRcK6Rr01QdEma,minbias,0,test,20.035797,18.885845184326172,-0.05739486819398265,3,60mm,4.512128
SubNetW8CleanAuxExDnRcK6Rr01QdEma,minbias,0,test,15.195412,15.846403121948242,0.04284131640769928,1,30mm,1.2976359
SubNetW8CleanAuxExDnRcK6Rr01QdEma,minbias,0,test,92.16276,86.70760345458984,-0.059190442482535355,1,30mm,4.1144047
SubNetW8CleanAuxExDnRcK6Rr01QdEma,minbias,0,test,44.858536,43.688236236572266,-0.02608866986025471,3,60mm,4.43006
SubNetW8CleanAuxExDnRcK6Rr01QdEma,minbias,0,test,28.657349,28.871074676513672,0.007457983864440854,3,60mm,4.2451134
SubNetW8CleanAuxExDnRcK6Rr01QdEma,minbias,0,test,57.445763,58.291866302490234,0.014728739412853242,0,15mm,1.2978984
SubNetW8CleanAuxExDnRcK6Rr01QdEma,minbias,0,test,7.3331704,7.423152923583984,0.012270614827333715,3,60mm,1.6343135
SubNetW8CleanAuxExDnRcK6Rr01QdEma,minbias,0,test,51.81002,51.472129821777344,-0.0065217234443499805,1,30mm,2.75085
SubNetW8CleanAuxExDnRcK6Rr01QdEma,minbias,0,test,27.842058,32.63557052612305,0.17216803129519476,2,40mm,2.627288
SubNetW8CleanAuxExDnRcK6Rr01QdEma,minbias,0,test,4.1509423,4.490917205810547,0.08190306045025952,4,120mm,0.9621913
SubNetW8CleanAuxExDnRcK6Rr01QdEma,minbias,0,test,23.487442,24.078628540039062,0.02517032391265217,2,40mm,2.0236537
SubNetW8CleanAuxExDnRcK6Rr01QdEma,minbias,0,test,25.338501,26.11931610107422,0.030815363751547586,3,60mm,4.020001
SubNetW8CleanAuxExDnRcK6Rr01QdEma,minbias,0,test,34.417484,33.93953323364258,-0.01388686767075975,2,40mm,4.2646213
SubNetW8CleanAuxExDnRcK6Rr01QdEma,minbias,0,test,31.48616,31.60658073425293,0.003824551957690936,2,40mm,3.0770254
SubNetW8CleanAuxExDnRcK6Rr01QdEma,minbias,0,test,73.675865,80.50202178955078,0.09265119045634274,0,15mm,2.586448
SubNetW8CleanAuxExDnRcK6Rr01QdEma,minbias,0,test,77.85836,76.80278015136719,-0.013557698045801092,1,30mm,4.6168756
SubNetW8CleanAuxExDnRcK6Rr01QdEma,minbias,0,test,44.396606,44.95827865600586,0.012651241967901905,2,40mm,3.1383712
SubNetW8CleanAuxExDnRcK6Rr01QdEma,minbias,0,test,28.809437,29.739192962646484,0.03227262549652621,3,60mm,3.461872
SubNetW8CleanAuxExDnRcK6Rr01QdEma,minbias,0,test,10.481829,10.644338607788086,0.015503966247274903,2,40mm,1.4105561
SubNetW8CleanAuxExDnRcK6Rr01QdEma,minbias,0,test,24.54476,23.959625244140625,-0.02383948802826863,2,40mm,3.0800498
SubNetW8CleanAuxExDnRcK6Rr01QdEma,minbias,0,test,10.421319,11.399588584899902,0.09387195385605818,2,40mm,1.2184389
SubNetW8CleanAuxExDnRcK6Rr01QdEma,minbias,0,test,86.03585,86.86100769042969,0.009590852656108817,0,15mm,1.8544029
SubNetW8CleanAuxExDnRcK6Rr01QdEma,minbias,0,test,7.4547863,7.297624111175537,-0.021082051603510843,3,60mm,1.2325714
SubNetW8CleanAuxExDnRcK6Rr01QdEma,minbias,0,test,34.61337,30.4686279296875,-0.11974393650563442,3,60mm,3.828041
SubNetW8CleanAuxExDnRcK6Rr01QdEma,minbias,0,test,34.16743,22.275083541870117,-0.3480609173803061,2,40mm,2.277438
SubNetW8CleanAuxExDnRcK6Rr01QdEma,minbias,0,test,26.671234,26.451745986938477,-0.008229395866873102,2,40mm,2.37695
SubNetW8CleanAuxExDnRcK6Rr01QdEma,minbias,0,test,19.73382,19.122159957885742,-0.030995519613230216,2,40mm,1.3067973
SubNetW8CleanAuxExDnRcK6Rr01QdEma,minbias,0,test,51.02836,48.77836227416992,-0.04409305439620814,0,15mm,1.6920421
SubNetW8CleanAuxExDnRcK6Rr01QdEma,minbias,0,test,22.155487,22.351816177368164,0.008861421835807848,3,60mm,2.610467
SubNetW8CleanAuxExDnRcK6Rr01QdEma,minbias,0,test,50.861496,53.14021301269531,0.04480239909349981,1,30mm,2.7435937
SubNetW8CleanAuxExDnRcK6Rr01QdEma,minbias,0,test,11.35658,11.165084838867188,-0.016862025839761152,2,40mm,1.4955137
SubNetW8CleanAuxExDnRcK6Rr01QdEma,minbias,0,test,46.251022,48.91649627685547,0.05763059502683343,1,30mm,2.0910437
SubNetW8CleanAuxExDnRcK6Rr01QdEma,minbias,0,test,33.69914,34.01549530029297,0.009387677895935864,2,40mm,2.8910346
SubNetW8CleanAuxExDnRcK6Rr01QdEma,minbias,0,test,13.884466,12.745794296264648,-0.08201049006526451,1,30mm,0.9105526
SubNetW8CleanAuxExDnRcK6Rr01QdEma,minbias,0,test,27.421774,27.786495208740234,0.013300426858155134,2,40mm,4.24679
SubNetW8CleanAuxExDnRcK6Rr01QdEma,minbias,0,test,28.716204,28.27468490600586,-0.01537524905249299,3,60mm,3.628585
SubNetW8CleanAuxExDnRcK6Rr01QdEma,minbias,0,test,22.293623,21.257564544677734,-0.04647330885924261,0,15mm,0.67313606
SubNetW8CleanAuxExDnRcK6Rr01QdEma,minbias,0,test,24.90659,23.97354507446289,-0.03746175016422604,3,60mm,2.761787
SubNetW8CleanAuxExDnRcK6Rr01QdEma,minbias,0,test,22.563211,22.287338256835938,-0.012226680804059531,3,60mm,4.183112
SubNetW8CleanAuxExDnRcK6Rr01QdEma,minbias,0,test,48.062824,47.94462203979492,-0.002459327168533143,2,40mm,4.481994
SubNetW8CleanAuxExDnRcK6Rr01QdEma,minbias,0,test,31.4236,29.83493423461914,-0.05055643041560631,2,40mm,3.9645176
SubNetW8CleanAuxExDnRcK6Rr01QdEma,minbias,0,test,14.477803,15.886750221252441,0.0973177331226236,2,40mm,1.3018222
SubNetW8CleanAuxExDnRcK6Rr01QdEma,minbias,0,test,39.566986,37.37543487548828,-0.05538837868126567,2,40mm,2.7606108
SubNetW8CleanAuxExDnRcK6Rr01QdEma,minbias,0,test,74.30964,74.9076156616211,0.008047094465833515,0,15mm,2.9724889
SubNetW8CleanAuxExDnRcK6Rr01QdEma,minbias,0,test,15.468791,15.562901496887207,0.006083894264455214,3,60mm,3.412481
SubNetW8CleanAuxExDnRcK6Rr01QdEma,minbias,0,test,19.189388,17.9156436920166,-0.06637755017858482,1,30mm,0.7665247
SubNetW8CleanAuxExDnRcK6Rr01QdEma,minbias,0,test,14.362421,15.161511421203613,0.05563758251112705,1,30mm,0.80970204
SubNetW8CleanAuxExDnRcK6Rr01QdEma,minbias,0,test,18.130598,17.815114974975586,-0.017400589438602565,3,60mm,2.0097961
SubNetW8CleanAuxExDnRcK6Rr01QdEma,minbias,0,test,35.088364,31.583831787109375,-0.09987732387757431,0,15mm,1.1313255
SubNetW8CleanAuxExDnRcK6Rr01QdEma,minbias,0,test,10.428247,10.220876693725586,-0.01988548497870557,4,120mm,2.276133
SubNetW8CleanAuxExDnRcK6Rr01QdEma,minbias,0,test,49.4379,50.499813079833984,0.02147972557396316,2,40mm,4.785194
SubNetW8CleanAuxExDnRcK6Rr01QdEma,minbias,0,test,89.65101,80.21085357666016,-0.10529892720771472,0,15mm,3.6323206
SubNetW8CleanAuxExDnRcK6Rr01QdEma,minbias,0,test,49.662968,49.104732513427734,-0.011240471411873676,1,30mm,4.579067
SubNetW8CleanAuxExDnRcK6Rr01QdEma,minbias,0,test,35.982376,35.44922637939453,-0.014816968111745599,3,60mm,4.8100514
SubNetW8CleanAuxExDnRcK6Rr01QdEma,minbias,0,test,41.38648,41.26333999633789,-0.0029753299247309295,0,15mm,1.7524275
SubNetW8CleanAuxExDnRcK6Rr01QdEma,minbias,0,test,40.43383,40.637874603271484,0.00504637677713804,1,30mm,2.3761773
SubNetW8CleanAuxExDnRcK6Rr01QdEma,minbias,0,test,48.919632,48.17672348022461,-0.015186305539275247,2,40mm,4.504374
SubNetW8CleanAuxExDnRcK6Rr01QdEma,minbias,0,test,18.798723,20.206562042236328,0.07489012976431986,3,60mm,3.3416116
SubNetW8CleanAuxExDnRcK6Rr01QdEma,minbias,0,test,33.442703,32.826393127441406,-0.018428836780199465,2,40mm,4.538317
SubNetW8CleanAuxExDnRcK6Rr01QdEma,minbias,0,test,41.2866,40.02436065673828,-0.030572573272891868,2,40mm,4.8307576
SubNetW8CleanAuxExDnRcK6Rr01QdEma,minbias,0,test,53.521255,57.5895881652832,0.07601340130443623,0,15mm,1.450717
SubNetW8CleanAuxExDnRcK6Rr01QdEma,minbias,0,test,29.641203,29.344486236572266,-0.010010278287216345,2,40mm,4.56309
SubNetW8CleanAuxExDnRcK6Rr01QdEma,minbias,0,test,8.245596,8.682073593139648,0.052934641077734934,2,40mm,1.1156262
SubNetW8CleanAuxExDnRcK6Rr01QdEma,minbias,0,test,56.450882,55.96931457519531,-0.008530732667218932,2,40mm,4.8832736
SubNetW8CleanAuxExDnRcK6Rr01QdEma,minbias,0,test,64.900734,73.55165100097656,0.13329459509944486,1,30mm,3.0055318
SubNetW8CleanAuxExDnRcK6Rr01QdEma,minbias,0,test,50.932674,53.81862258911133,0.05666201931664849,0,15mm,2.2119818
SubNetW8CleanAuxExDnRcK6Rr01QdEma,minbias,0,test,33.914536,36.049949645996094,0.06296456933991945,0,15mm,0.76745516
SubNetW8CleanAuxExDnRcK6Rr01QdEma,minbias,0,test,34.82863,34.11794662475586,-0.020405107667854416,2,40mm,2.9271433
SubNetW8CleanAuxExDnRcK6Rr01QdEma,minbias,0,test,19.969542,18.64613151550293,-0.0662714279587816,4,120mm,4.7027264
SubNetW8CleanAuxExDnRcK6Rr01QdEma,minbias,0,test,7.234521,7.27033805847168,0.004950866371955076,4,120mm,1.5955313
SubNetW8CleanAuxExDnRcK6Rr01QdEma,minbias,0,test,32.49324,30.594066619873047,-0.05844827157090682,1,30mm,2.0344222
SubNetW8CleanAuxExDnRcK6Rr01QdEma,minbias,0,test,21.252337,21.377899169921875,0.0059081818055355395,4,120mm,4.28581
SubNetW8CleanAuxExDnRcK6Rr01QdEma,minbias,0,test,18.20701,17.55889320373535,-0.03559711648690189,4,120mm,4.0623107
SubNetW8CleanAuxExDnRcK6Rr01QdEma,minbias,0,test,20.11374,20.26637077331543,0.0075883373905552,3,60mm,3.2971246
SubNetW8CleanAuxExDnRcK6Rr01QdEma,minbias,0,test,10.664239,11.09140682220459,0.040056106701102046,4,120mm,2.4939861
SubNetW8CleanAuxExDnRcK6Rr01QdEma,minbias,0,test,66.076965,65.9505844116211,-0.0019126320310731693,1,30mm,3.7248151
SubNetW8CleanAuxExDnRcK6Rr01QdEma,minbias,0,test,30.373589,29.8848876953125,-0.01608966506217968,2,40mm,3.120009
SubNetW8CleanAuxExDnRcK6Rr01QdEma,minbias,0,test,26.377083,26.256088256835938,-0.004587109525157951,2,40mm,2.20944
SubNetW8CleanAuxExDnRcK6Rr01QdEma,minbias,0,test,71.866646,75.74443054199219,0.05395805919612129,1,30mm,3.5362585
SubNetW8CleanAuxExDnRcK6Rr01QdEma,minbias,0,test,96.45624,96.53269958496094,0.000792709665457858,0,15mm,2.6463115
SubNetW8CleanAuxExDnRcK6Rr01QdEma,minbias,0,test,31.903666,30.736291885375977,-0.036590580968437925,3,60mm,4.2587557
SubNetW8CleanAuxExDnRcK6Rr01QdEma,minbias,0,test,63.416306,62.01203155517578,-0.022143736927193625,2,40mm,4.761533
SubNetW8CleanAuxExDnRcK6Rr01QdEma,minbias,0,test,92.22371,84.65695190429688,-0.0820478516366635,0,15mm,2.8297818
SubNetW8CleanAuxExDnRcK6Rr01QdEma,minbias,0,test,79.95811,78.40086364746094,-0.01947574055589607,0,15mm,2.668222
SubNetW8CleanAuxExDnRcK6Rr01QdEma,minbias,0,test,76.7744,74.73693084716797,-0.026538377223274123,0,15mm,1.6032001
SubNetW8CleanAuxExDnRcK6Rr01QdEma,minbias,0,test,9.353852,9.804100036621094,0.04813500913773905,1,30mm,0.6227996
SubNetW8CleanAuxExDnRcK6Rr01QdEma,minbias,0,test,23.79103,23.250457763671875,-0.022721719069581314,3,60mm,4.834508
SubNetW8CleanAuxExDnRcK6Rr01QdEma,minbias,0,test,33.271866,32.641780853271484,-0.018937470906968845,3,60mm,4.4773026
SubNetW8CleanAuxExDnRcK6Rr01QdEma,minbias,0,test,28.974083,29.060720443725586,0.002990172186204676,0,15mm,0.66759115
SubNetW8CleanAuxExDnRcK6Rr01QdEma,minbias,0,test,4.2170086,4.2941789627075195,0.01829979008804905,2,40mm,0.68721366
SubNetW8CleanAuxExDnRcK6Rr01QdEma,minbias,0,test,61.933254,57.69002151489258,-0.06851299481978645,0,15mm,2.0007179
SubNetW8CleanAuxExDnRcK6Rr01QdEma,minbias,0,test,37.642185,38.59980392456055,0.025440040422904264,1,30mm,1.5149151
SubNetW8CleanAuxExDnRcK6Rr01QdEma,minbias,0,test,37.49016,37.90297317504883,0.011011189560737877,2,40mm,3.0402398
SubNetW8CleanAuxExDnRcK6Rr01QdEma,minbias,0,test,76.66727,74.36360931396484,-0.030047471711421636,2,40mm,4.848166
SubNetW8CleanAuxExDnRcK6Rr01QdEma,minbias,0,test,5.3165107,5.763363838195801,0.08405008246535206,2,40mm,0.8731983
SubNetW8CleanAuxExDnRcK6Rr01QdEma,minbias,0,test,25.408676,24.643667221069336,-0.030108177299431937,3,60mm,3.1314538
SubNetW8CleanAuxExDnRcK6Rr01QdEma,minbias,0,test,10.392259,10.0809907913208,-0.029951896256912303,3,60mm,2.011029
SubNetW8CleanAuxExDnRcK6Rr01QdEma,minbias,0,test,41.470665,43.74312210083008,0.05479673701896903,1,30mm,3.0838814
SubNetW8CleanAuxExDnRcK6Rr01QdEma,minbias,0,test,14.6267395,15.740883827209473,0.07617174867355603,0,15mm,0.5528953
SubNetW8CleanAuxExDnRcK6Rr01QdEma,minbias,0,test,18.436543,15.224959373474121,-0.17419660631045253,0,15mm,0.54308754
SubNetW8CleanAuxExDnRcK6Rr01QdEma,minbias,0,test,43.71106,45.20308303833008,0.034133774900092506,1,30mm,3.1276865
SubNetW8CleanAuxExDnRcK6Rr01QdEma,minbias,0,test,8.312538,7.7868828773498535,-0.0632364339662298,2,40mm,1.4513342
SubNetW8CleanAuxExDnRcK6Rr01QdEma,minbias,0,test,76.32145,74.50283813476562,-0.023828309894283084,1,30mm,4.200658
SubNetW8CleanAuxExDnRcK6Rr01QdEma,minbias,0,test,28.01927,31.4571475982666,0.12269690330954042,2,40mm,3.6381452
SubNetW8CleanAuxExDnRcK6Rr01QdEma,minbias,0,test,50.63603,53.6228141784668,0.05898539023594451,1,30mm,2.5470788
SubNetW8CleanAuxExDnRcK6Rr01QdEma,minbias,0,test,72.42012,87.71830749511719,0.2112422239195133,0,15mm,1.7109396
SubNetW8CleanAuxExDnRcK6Rr01QdEma,minbias,0,test,39.83614,40.6220817565918,0.019729373477719747,1,30mm,2.8098729
SubNetW8CleanAuxExDnRcK6Rr01QdEma,minbias,0,test,15.007712,14.851927757263184,-0.010380303350245534,3,60mm,1.9681208
SubNetW8CleanAuxExDnRcK6Rr01QdEma,minbias,0,test,26.046429,26.45821762084961,0.01580980431068646,3,60mm,4.2703414
SubNetW8CleanAuxExDnRcK6Rr01QdEma,minbias,0,test,39.281036,38.87965774536133,-0.010218127336051985,2,40mm,4.146303
SubNetW8CleanAuxExDnRcK6Rr01QdEma,minbias,0,test,11.45813,13.311960220336914,0.1617917021786608,3,60mm,2.0158613
SubNetW8CleanAuxExDnRcK6Rr01QdEma,minbias,0,test,5.0025263,4.402654647827148,-0.1199137398725657,2,40mm,0.5518018
SubNetW8CleanAuxExDnRcK6Rr01QdEma,minbias,0,test,13.681403,13.35158634185791,-0.02410694388418344,3,60mm,2.4191647
SubNetW8CleanAuxExDnRcK6Rr01QdEma,minbias,0,test,21.334465,21.088619232177734,-0.011523410330105177,0,15mm,0.6615484
SubNetW8CleanAuxExDnRcK6Rr01QdEma,minbias,0,test,23.124369,23.087472915649414,-0.0015955355358443502,3,60mm,2.9535196
SubNetW8CleanAuxExDnRcK6Rr01QdEma,minbias,0,test,20.639164,22.777379989624023,0.10359993368368103,3,60mm,2.3222356
SubNetW8CleanAuxExDnRcK6Rr01QdEma,minbias,0,test,34.171852,33.69853591918945,-0.013851054694904441,2,40mm,3.5480711
SubNetW8CleanAuxExDnRcK6Rr01QdEma,minbias,0,test,35.76799,36.10407257080078,0.009396179585178244,2,40mm,4.8718944
SubNetW8CleanAuxExDnRcK6Rr01QdEma,minbias,0,test,34.530346,34.09056854248047,-0.012735967815899474,2,40mm,3.2217145
SubNetW8CleanAuxExDnRcK6Rr01QdEma,minbias,0,test,22.181568,22.59249496459961,0.018525598197003612,3,60mm,3.8018804
SubNetW8CleanAuxExDnRcK6Rr01QdEma,minbias,0,test,31.56359,31.383464813232422,-0.005706711055218583,3,60mm,4.810936
SubNetW8CleanAuxExDnRcK6Rr01QdEma,minbias,0,test,33.68685,32.824275970458984,-0.02560570348844715,1,30mm,1.6847405
SubNetW8CleanAuxExDnRcK6Rr01QdEma,minbias,0,test,10.566615,10.285032272338867,-0.0266483476067787,3,60mm,1.9424115
SubNetW8CleanAuxExDnRcK6Rr01QdEma,minbias,0,test,46.67526,46.50958251953125,-0.003549548985549489,2,40mm,3.439436
SubNetW8CleanAuxExDnRcK6Rr01QdEma,minbias,0,test,24.972363,24.414630889892578,-0.02233395530795379,3,60mm,2.6789098
SubNetW8CleanAuxExDnRcK6Rr01QdEma,minbias,0,test,38.44219,39.261539459228516,0.021313854213626193,2,40mm,2.5133286
SubNetW8CleanAuxExDnRcK6Rr01QdEma,minbias,0,test,24.98706,24.937477111816406,-0.0019843644659833792,2,40mm,3.0587368
SubNetW8CleanAuxExDnRcK6Rr01QdEma,minbias,0,test,38.884335,36.55745315551758,-0.059841101429910504,1,30mm,2.3573182
SubNetW8CleanAuxExDnRcK6Rr01QdEma,minbias,0,test,21.01616,20.445886611938477,-0.027134950973451977,3,60mm,4.6844463
SubNetW8CleanAuxExDnRcK6Rr01QdEma,minbias,0,test,82.59388,82.21979522705078,-0.004529203301943618,0,15mm,2.573851
SubNetW8CleanAuxExDnRcK6Rr01QdEma,minbias,0,test,17.339167,29.999500274658203,0.730158138241461,2,40mm,1.236481
SubNetW8CleanAuxExDnRcK6Rr01QdEma,minbias,0,test,11.342758,10.96692943572998,-0.03313380546949729,4,120mm,2.7206428
SubNetW8CleanAuxExDnRcK6Rr01QdEma,minbias,0,test,7.939603,7.422420024871826,-0.06513963439294568,3,60mm,1.5903416
SubNetW8CleanAuxExDnRcK6Rr01QdEma,minbias,0,test,20.907152,20.357603073120117,-0.026285220395372177,3,60mm,3.6621623
SubNetW8CleanAuxExDnRcK6Rr01QdEma,minbias,0,test,48.805424,50.961429595947266,0.044175538174036966,2,40mm,4.1549377
SubNetW8CleanAuxExDnRcK6Rr01QdEma,minbias,0,test,46.62211,43.75581359863281,-0.061479305753223024,1,30mm,2.3058789
SubNetW8CleanAuxExDnRcK6Rr01QdEma,minbias,0,test,8.348634,7.355245590209961,-0.11898811276034282,2,40mm,1.8435831
SubNetW8CleanAuxExDnRcK6Rr01QdEma,minbias,0,test,32.345394,32.968994140625,0.0192794066292723,3,60mm,4.7964573
SubNetW8CleanAuxExDnRcK6Rr01QdEma,minbias,0,test,76.59628,76.22843170166016,-0.004802468776731517,1,30mm,4.902319
SubNetW8CleanAuxExDnRcK6Rr01QdEma,minbias,0,test,26.519217,26.238021850585938,-0.010603431156885001,3,60mm,3.7659898
SubNetW8CleanAuxExDnRcK6Rr01QdEma,minbias,0,test,37.241344,38.53932189941406,0.03485313075058416,1,30mm,2.91998
SubNetW8CleanAuxExDnRcK6Rr01QdEma,minbias,0,test,83.20123,94.08602142333984,0.13082484636901226,1,30mm,3.6705885
SubNetW8CleanAuxExDnRcK6Rr01QdEma,minbias,0,test,14.489107,14.639243125915527,0.010361990741746263,3,60mm,2.0750573
SubNetW8CleanAuxExDnRcK6Rr01QdEma,minbias,0,test,33.46722,32.35039138793945,-0.033370829971307026,3,60mm,3.6891627
SubNetW8CleanAuxExDnRcK6Rr01QdEma,minbias,0,test,21.288345,21.14563751220703,-0.006703565845466386,2,40mm,1.5220542
SubNetW8CleanAuxExDnRcK6Rr01QdEma,minbias,0,test,65.662926,66.7528076171875,0.016598131822766593,2,40mm,4.904447
SubNetW8CleanAuxExDnRcK6Rr01QdEma,minbias,0,test,19.154799,18.972164154052734,-0.00953465282155641,3,60mm,4.2048073
SubNetW8CleanAuxExDnRcK6Rr01QdEma,minbias,0,test,9.205546,9.148548126220703,-0.006191729477147079,3,60mm,2.0553384
SubNetW8CleanAuxExDnRcK6Rr01QdEma,minbias,0,test,10.502996,10.377745628356934,-0.011925246000477618,3,60mm,1.3784058
SubNetW8CleanAuxExDnRcK6Rr01QdEma,minbias,0,test,59.68692,64.01199340820312,0.07246266401679913,1,30mm,3.981088
SubNetW8CleanAuxExDnRcK6Rr01QdEma,minbias,0,test,7.0359035,5.724489212036133,-0.18638889097852518,3,60mm,1.5311437
SubNetW8CleanAuxExDnRcK6Rr01QdEma,minbias,0,test,53.088074,29.476947784423828,-0.444753864416328,1,30mm,2.0654356
SubNetW8CleanAuxExDnRcK6Rr01QdEma,minbias,0,test,10.347885,9.522007942199707,-0.07981120577917566,3,60mm,1.2678534
SubNetW8CleanAuxExDnRcK6Rr01QdEma,minbias,0,test,18.926826,18.19552993774414,-0.038638096048133286,3,60mm,3.656437
SubNetW8CleanAuxExDnRcK6Rr01QdEma,minbias,0,test,31.385687,31.489484786987305,0.003307173521901019,1,30mm,2.3776913
SubNetW8CleanAuxExDnRcK6Rr01QdEma,minbias,0,test,25.584667,23.224197387695312,-0.09226111088828803,1,30mm,1.5174958
SubNetW8CleanAuxExDnRcK6Rr01QdEma,minbias,0,test,60.493874,59.3514518737793,-0.018884916017082976,2,40mm,3.9621181
SubNetW8CleanAuxExDnRcK6Rr01QdEma,minbias,0,test,9.109324,9.6705961227417,0.06161507038606984,3,60mm,1.1986178
SubNetW8CleanAuxExDnRcK6Rr01QdEma,minbias,0,test,77.32946,77.82432556152344,0.006399442289635404,0,15mm,2.7671015
SubNetW8CleanAuxExDnRcK6Rr01QdEma,minbias,0,test,98.25571,93.68462371826172,-0.04652231629407355,0,15mm,4.5820436
SubNetW8CleanAuxExDnRcK6Rr01QdEma,minbias,0,test,26.60789,25.71649742126465,-0.0335010322793291,3,60mm,3.8403468
SubNetW8CleanAuxExDnRcK6Rr01QdEma,minbias,0,test,9.772105,9.624415397644043,-0.01511340863167454,2,40mm,0.91592133
SubNetW8CleanAuxExDnRcK6Rr01QdEma,minbias,0,test,62.97697,62.507667541503906,-0.007451980082421539,0,15mm,1.6755277
SubNetW8CleanAuxExDnRcK6Rr01QdEma,minbias,0,test,9.156291,9.335888862609863,0.019614694908388852,3,60mm,1.2599503
SubNetW8CleanAuxExDnRcK6Rr01QdEma,minbias,0,test,61.40071,60.86326217651367,-0.008753137769613395,1,30mm,3.7641106
SubNetW8CleanAuxExDnRcK6Rr01QdEma,minbias,0,test,3.9958165,4.135373592376709,0.03492580909563303,3,60mm,0.6760669
SubNetW8CleanAuxExDnRcK6Rr01QdEma,minbias,0,test,20.408117,20.446638107299805,0.0018875240882223476,3,60mm,3.6768262
SubNetW8CleanAuxExDnRcK6Rr01QdEma,minbias,0,test,10.092707,9.770600318908691,-0.03191476494783596,3,60mm,1.903755
SubNetW8CleanAuxExDnRcK6Rr01QdEma,minbias,0,test,9.499214,9.332863807678223,-0.01751201327463836,3,60mm,1.7470676
SubNetW8CleanAuxExDnRcK6Rr01QdEma,minbias,0,test,29.57514,29.08578872680664,-0.01654603402023136,3,60mm,4.1010838
SubNetW8CleanAuxExDnRcK6Rr01QdEma,minbias,0,test,24.881897,24.051122665405273,-0.03338870457360821,3,60mm,4.852945
SubNetW8CleanAuxExDnRcK6Rr01QdEma,minbias,0,test,13.148333,13.599421501159668,0.03430768898238101,3,60mm,2.5738478
SubNetW8CleanAuxExDnRcK6Rr01QdEma,minbias,0,test,39.62263,42.301246643066406,0.06760317267001925,2,40mm,4.2477827
SubNetW8CleanAuxExDnRcK6Rr01QdEma,minbias,0,test,57.142353,59.673309326171875,0.044292125417862094,1,30mm,3.9731567
SubNetW8CleanAuxExDnRcK6Rr01QdEma,minbias,0,test,20.376646,20.89492416381836,0.025434908222053743,3,60mm,3.1074238
SubNetW8CleanAuxExDnRcK6Rr01QdEma,minbias,0,test,14.172302,13.888257026672363,-0.02004227785218715,4,120mm,2.9424858
SubNetW8CleanAuxExDnRcK6Rr01QdEma,minbias,0,test,13.837666,13.452227592468262,-0.027854262251199913,3,60mm,2.7229133
SubNetW8CleanAuxExDnRcK6Rr01QdEma,minbias,0,test,40.326096,42.62553787231445,0.05702119826200214,2,40mm,3.1772118
SubNetW8CleanAuxExDnRcK6Rr01QdEma,minbias,0,test,25.11872,29.536619186401367,0.17588078706138144,2,40mm,2.560616
SubNetW8CleanAuxExDnRcK6Rr01QdEma,minbias,0,test,3.6641123,3.7539238929748535,0.024511138146382283,4,120mm,0.8557714
SubNetW8CleanAuxExDnRcK6Rr01QdEma,minbias,0,test,84.01359,82.19894409179688,-0.021599409144475445,1,30mm,4.194678
SubNetW8CleanAuxExDnRcK6Rr01QdEma,minbias,0,test,20.779099,20.990224838256836,0.010160514297841372,2,40mm,1.7393531
SubNetW8CleanAuxExDnRcK6Rr01QdEma,minbias,0,test,6.5791283,6.36452579498291,-0.03261867860627976,3,60mm,1.2313027
SubNetW8CleanAuxExDnRcK6Rr01QdEma,minbias,0,test,49.09101,47.119789123535156,-0.04015443727419421,1,30mm,3.2964654
SubNetW8CleanAuxExDnRcK6Rr01QdEma,minbias,0,test,5.454522,5.595893859863281,0.02591826076526882,3,60mm,0.8842932
SubNetW8CleanAuxExDnRcK6Rr01QdEma,minbias,0,test,43.964024,42.83245086669922,-0.025738606955979293,2,40mm,3.7094438
SubNetW8CleanAuxExDnRcK6Rr01QdEma,minbias,0,test,23.228544,22.422292709350586,-0.034709515917752065,1,30mm,1.3773195
SubNetW8CleanAuxExDnRcK6Rr01QdEma,minbias,0,test,15.483708,15.567707061767578,0.005424971721521121,2,40mm,1.803913
SubNetW8CleanAuxExDnRcK6Rr01QdEma,minbias,0,test,38.888054,39.74658966064453,0.022077108022448,1,30mm,2.0152597
SubNetW8CleanAuxExDnRcK6Rr01QdEma,minbias,0,test,47.59732,47.390113830566406,-0.004353327532957363,2,40mm,4.2964873
SubNetW8CleanAuxExDnRcK6Rr01QdEma,minbias,0,test,10.780781,10.152563095092773,-0.05827200360070017,2,40mm,0.66324085
SubNetW8CleanAuxExDnRcK6Rr01QdEma,minbias,0,test,3.7789044,3.3758561611175537,-0.1066574409361235,3,60mm,0.7877364
SubNetW8CleanAuxExDnRcK6Rr01QdEma,minbias,0,test,10.551692,10.4299955368042,-0.011533360911642365,3,60mm,2.092403
SubNetW8CleanAuxExDnRcK6Rr01QdEma,minbias,0,test,39.311,41.06263732910156,0.04455843067873966,1,30mm,2.2655208
SubNetW8CleanAuxExDnRcK6Rr01QdEma,minbias,0,test,13.410305,13.36893367767334,-0.003085041350548434,2,40mm,1.114882
SubNetW8CleanAuxExDnRcK6Rr01QdEma,minbias,0,test,33.3129,34.010704040527344,0.020946945055392963,0,15mm,1.2769628
SubNetW8CleanAuxExDnRcK6Rr01QdEma,minbias,0,test,29.383795,29.669477462768555,0.009722456895625564,3,60mm,4.011062
SubNetW8CleanAuxExDnRcK6Rr01QdEma,minbias,0,test,19.69856,20.76193618774414,0.05398239436994756,2,40mm,1.306172
SubNetW8CleanAuxExDnRcK6Rr01QdEma,minbias,0,test,48.90977,49.41338348388672,0.010296767054276401,2,40mm,3.4531257
SubNetW8CleanAuxExDnRcK6Rr01QdEma,minbias,0,test,15.25397,10.91662311553955,-0.2843421738127673,1,30mm,0.92789817
SubNetW8CleanAuxExDnRcK6Rr01QdEma,minbias,0,test,13.846737,13.612579345703125,-0.016910667387727063,2,40mm,1.2749414
SubNetW8CleanAuxExDnRcK6Rr01QdEma,minbias,0,test,19.798061,19.981752395629883,0.009278232920862495,4,120mm,4.739125
SubNetW8CleanAuxExDnRcK6Rr01QdEma,minbias,0,test,10.29569,11.452559471130371,0.11236448797325416,2,40mm,0.6672121
SubNetW8CleanAuxExDnRcK6Rr01QdEma,minbias,0,test,18.304504,18.838064193725586,0.02914909836912849,3,60mm,2.291327
SubNetW8CleanAuxExDnRcK6Rr01QdEma,minbias,0,test,21.971098,22.666728973388672,0.03166118638795834,4,120mm,4.407169
SubNetW8CleanAuxExDnRcK6Rr01QdEma,minbias,0,test,21.485527,21.990446090698242,0.02350042664615648,3,60mm,3.528537
SubNetW8CleanAuxExDnRcK6Rr01QdEma,minbias,0,test,15.62503,15.30507755279541,-0.020476889966821954,3,60mm,3.3832715
SubNetW8CleanAuxExDnRcK6Rr01QdEma,minbias,0,test,53.890034,52.142189025878906,-0.03243354244430274,2,40mm,4.859346
SubNetW8CleanAuxExDnRcK6Rr01QdEma,minbias,0,test,91.10605,88.72407531738281,-0.02614506175630904,0,15mm,3.026962
SubNetW8CleanAuxExDnRcK6Rr01QdEma,minbias,0,test,17.157082,17.45261001586914,0.01722486485092367,2,40mm,3.0637028
SubNetW8CleanAuxExDnRcK6Rr01QdEma,minbias,0,test,40.11056,37.01957702636719,-0.07706160768741566,0,15mm,1.0042424
SubNetW8CleanAuxExDnRcK6Rr01QdEma,minbias,0,test,5.2254834,4.804815769195557,-0.08050310654622705,3,60mm,1.0143616
SubNetW8CleanAuxExDnRcK6Rr01QdEma,minbias,0,test,24.575672,24.83783721923828,0.010667666299565504,2,40mm,2.4974582
SubNetW8CleanAuxExDnRcK6Rr01QdEma,minbias,0,test,17.604588,16.39516258239746,-0.06869942103218307,0,15mm,0.8611072
SubNetW8CleanAuxExDnRcK6Rr01QdEma,minbias,0,test,11.787045,10.864128112792969,-0.07829922169077796,2,40mm,1.0548812
SubNetW8CleanAuxExDnRcK6Rr01QdEma,minbias,0,test,17.353975,16.805395126342773,-0.03161121070649042,3,60mm,3.1485658
SubNetW8CleanAuxExDnRcK6Rr01QdEma,minbias,0,test,59.843315,44.09135055541992,-0.26322011967949643,0,15mm,2.0911877
SubNetW8CleanAuxExDnRcK6Rr01QdEma,minbias,0,test,71.1338,70.58878326416016,-0.007661807088619521,1,30mm,3.7153087
SubNetW8CleanAuxExDnRcK6Rr01QdEma,minbias,0,test,44.82075,43.323692321777344,-0.03340102137190448,2,40mm,4.0230746
SubNetW8CleanAuxExDnRcK6Rr01QdEma,minbias,0,test,4.309497,5.751517295837402,0.3346145632668598,4,120mm,0.89690715
SubNetW8CleanAuxExDnRcK6Rr01QdEma,minbias,0,test,52.65222,53.7347412109375,0.020559807292379162,1,30mm,2.8879204
SubNetW8CleanAuxExDnRcK6Rr01QdEma,minbias,0,test,26.467186,26.144285202026367,-0.012200041682196572,3,60mm,4.3799324
SubNetW8CleanAuxExDnRcK6Rr01QdEma,minbias,0,test,49.49154,47.32178497314453,-0.043840908407719814,1,30mm,3.166226
SubNetW8CleanAuxExDnRcK6Rr01QdEma,minbias,0,test,54.565113,47.90230178833008,-0.12210753180405065,0,15mm,1.4528974
SubNetW8CleanAuxExDnRcK6Rr01QdEma,minbias,0,test,50.020596,48.7810173034668,-0.024781357227503076,1,30mm,2.4645207
SubNetW8CleanAuxExDnRcK6Rr01QdEma,minbias,0,test,57.471085,57.68328094482422,0.003692228041179524,2,40mm,4.865627
SubNetW8CleanAuxExDnRcK6Rr01QdEma,minbias,0,test,40.606842,40.35065841674805,-0.006308878292205389,2,40mm,3.7749834
SubNetW8CleanAuxExDnRcK6Rr01QdEma,minbias,0,test,10.709303,10.655380249023438,-0.005035122611673937,3,60mm,2.4816504
SubNetW8CleanAuxExDnRcK6Rr01QdEma,minbias,0,test,69.11056,66.85148620605469,-0.0326877893911095,1,30mm,2.977704
SubNetW8CleanAuxExDnRcK6Rr01QdEma,minbias,0,test,22.3686,20.94671058654785,-0.06356634769516567,3,60mm,4.6608796
SubNetW8CleanAuxExDnRcK6Rr01QdEma,minbias,0,test,58.62573,59.28334045410156,0.011217120239650491,2,40mm,3.97891
SubNetW8CleanAuxExDnRcK6Rr01QdEma,minbias,0,test,38.7948,39.17397689819336,0.009773915458124005,2,40mm,3.689593
SubNetW8CleanAuxExDnRcK6Rr01QdEma,minbias,0,test,57.815403,57.461708068847656,-0.006117658919813751,1,30mm,2.5140085
SubNetW8CleanAuxExDnRcK6Rr01QdEma,minbias,0,test,22.219612,19.99285125732422,-0.1002160097158018,0,15mm,1.2015444
SubNetW8CleanAuxExDnRcK6Rr01QdEma,minbias,0,test,23.611803,23.520097732543945,-0.003883876299186073,3,60mm,3.6331563
SubNetW8CleanAuxExDnRcK6Rr01QdEma,minbias,0,test,13.72782,13.218669891357422,-0.03708895442706783,3,60mm,2.571979
SubNetW8CleanAuxExDnRcK6Rr01QdEma,minbias,0,test,38.4941,40.130313873291016,0.042505611685346834,0,15mm,0.95818675
SubNetW8CleanAuxExDnRcK6Rr01QdEma,minbias,0,test,19.797619,19.53827476501465,-0.013099762284947025,3,60mm,3.0820308
SubNetW8CleanAuxExDnRcK6Rr01QdEma,minbias,0,test,70.42008,72.16529846191406,0.024782935744690038,1,30mm,4.4433975
SubNetW8CleanAuxExDnRcK6Rr01QdEma,minbias,0,test,50.43965,53.0079460144043,0.05091816555658513,2,40mm,3.4024909
SubNetW8CleanAuxExDnRcK6Rr01QdEma,minbias,0,test,32.06469,32.311119079589844,0.007685383708842419,2,40mm,3.56121
SubNetW8CleanAuxExDnRcK6Rr01QdEma,minbias,0,test,10.504023,10.961821556091309,0.043583203819482774,4,120mm,2.4788475
SubNetW8CleanAuxExDnRcK6Rr01QdEma,minbias,0,test,27.923635,28.47118377685547,0.019608775311684923,2,40mm,3.2819242
SubNetW8CleanAuxExDnRcK6Rr01QdEma,minbias,0,test,26.554379,26.093738555908203,-0.017347043292619824,3,60mm,4.40084
SubNetW8CleanAuxExDnRcK6Rr01QdEma,minbias,0,test,26.848938,26.088964462280273,-0.028305533959394724,1,30mm,2.0098112
SubNetW8CleanAuxExDnRcK6Rr01QdEma,minbias,0,test,14.755089,14.755555152893066,3.1605824055036535e-05,1,30mm,1.3404396
SubNetW8CleanAuxExDnRcK6Rr01QdEma,minbias,0,test,20.234236,19.840625762939453,-0.01945267442812959,2,40mm,1.9213253
SubNetW8CleanAuxExDnRcK6Rr01QdEma,minbias,0,test,44.224884,44.065670013427734,-0.003600100333917333,2,40mm,3.8426785
SubNetW8CleanAuxExDnRcK6Rr01QdEma,minbias,0,test,18.657724,18.3408145904541,-0.016985447076836135,2,40mm,2.4217682
SubNetW8CleanAuxExDnRcK6Rr01QdEma,minbias,0,test,56.12869,56.6252326965332,0.008846525632163482,1,30mm,2.6092196
SubNetW8CleanAuxExDnRcK6Rr01QdEma,minbias,0,test,62.62488,63.99432373046875,0.02186737839559716,0,15mm,3.1811373
SubNetW8CleanAuxExDnRcK6Rr01QdEma,minbias,0,test,16.939787,16.644210815429688,-0.0174486312687282,2,40mm,1.5781761
SubNetW8CleanAuxExDnRcK6Rr01QdEma,minbias,0,test,43.601982,44.55785369873047,0.021922663503528117,2,40mm,3.5086334
SubNetW8CleanAuxExDnRcK6Rr01QdEma,minbias,0,test,8.668768,8.609349250793457,-0.006854339482821659,3,60mm,1.7147312
SubNetW8CleanAuxExDnRcK6Rr01QdEma,minbias,0,test,10.206091,10.564640998840332,0.035130989354936526,3,60mm,2.2097921
SubNetW8CleanAuxExDnRcK6Rr01QdEma,minbias,0,test,5.4412184,5.291782855987549,-0.027463613816137378,4,120mm,1.0574218
SubNetW8CleanAuxExDnRcK6Rr01QdEma,minbias,0,test,12.763358,13.15633487701416,0.03078944877108869,2,40mm,0.92937636
SubNetW8CleanAuxExDnRcK6Rr01QdEma,minbias,0,test,39.391907,40.57024383544922,0.029913177470611174,2,40mm,3.5798264
SubNetW8CleanAuxExDnRcK6Rr01QdEma,minbias,0,test,12.4119625,12.828014373779297,0.03352023214033539,3,60mm,2.979984
SubNetW8CleanAuxExDnRcK6Rr01QdEma,minbias,0,test,22.654932,22.150110244750977,-0.022283085062952845,3,60mm,4.297387
SubNetW8CleanAuxExDnRcK6Rr01QdEma,minbias,0,test,21.707184,21.534393310546875,-0.007960061914716876,1,30mm,1.3710388
SubNetW8CleanAuxExDnRcK6Rr01QdEma,minbias,0,test,14.301733,14.686626434326172,0.026912362082396335,4,120mm,3.1343672
SubNetW8CleanAuxExDnRcK6Rr01QdEma,minbias,0,test,40.463406,39.22548294067383,-0.030593635158027488,2,40mm,3.1454313
SubNetW8CleanAuxExDnRcK6Rr01QdEma,minbias,0,test,24.399303,22.36258316040039,-0.08347452545921907,2,40mm,3.08237
SubNetW8CleanAuxExDnRcK6Rr01QdEma,minbias,0,test,7.9652257,8.209174156188965,0.03062668515852418,4,120mm,1.8571368
SubNetW8CleanAuxExDnRcK6Rr01QdEma,minbias,0,test,72.28069,73.01219940185547,0.010120356027960797,1,30mm,4.7500057
SubNetW8CleanAuxExDnRcK6Rr01QdEma,minbias,0,test,45.740646,45.007568359375,-0.016026839610509436,2,40mm,3.885358
SubNetW8CleanAuxExDnRcK6Rr01QdEma,minbias,0,test,27.166792,27.195323944091797,0.0010502538645922321,3,60mm,3.5252783
SubNetW8CleanAuxExDnRcK6Rr01QdEma,minbias,0,test,13.122459,13.918656349182129,0.060674368469064044,3,60mm,2.5640407
SubNetW8CleanAuxExDnRcK6Rr01QdEma,minbias,0,test,2.2580738,3.472625494003296,0.537870677035952,4,120mm,0.5007188
SubNetW8CleanAuxExDnRcK6Rr01QdEma,minbias,0,test,22.311415,22.835275650024414,0.023479503115466205,2,40mm,1.9741322
SubNetW8CleanAuxExDnRcK6Rr01QdEma,minbias,0,test,22.764744,22.342588424682617,-0.018544262297279568,3,60mm,4.456443
SubNetW8CleanAuxExDnRcK6Rr01QdEma,minbias,0,test,17.798967,17.633106231689453,-0.00931858160041188,4,120mm,3.6751356
SubNetW8CleanAuxExDnRcK6Rr01QdEma,minbias,0,test,30.203974,29.288049697875977,-0.03032462149636317,3,60mm,4.7880416
SubNetW8CleanAuxExDnRcK6Rr01QdEma,minbias,0,test,20.927404,20.144304275512695,-0.03741984018027,2,40mm,2.2819655
SubNetW8CleanAuxExDnRcK6Rr01QdEma,minbias,0,test,6.573751,8.2312593460083,0.2521404263915501,3,60mm,1.025569
SubNetW8CleanAuxExDnRcK6Rr01QdEma,minbias,0,test,23.234674,22.8847599029541,-0.015060015214673927,2,40mm,2.805376
SubNetW8CleanAuxExDnRcK6Rr01QdEma,minbias,0,test,17.562288,15.486680030822754,-0.1181855245671094,2,40mm,1.1221856
SubNetW8CleanAuxExDnRcK6Rr01QdEma,minbias,0,test,25.185863,24.377920150756836,-0.03207923938286572,3,60mm,4.5911136
SubNetW8CleanAuxExDnRcK6Rr01QdEma,minbias,0,test,16.148872,16.73153305053711,0.03608057959100752,3,60mm,2.132365
SubNetW8CleanAuxExDnRcK6Rr01QdEma,minbias,0,test,38.442463,38.494598388671875,0.001356194779617681,3,60mm,4.9905443
SubNetW8CleanAuxExDnRcK6Rr01QdEma,minbias,0,test,4.0119843,3.612574815750122,-0.09955411035352768,4,120mm,0.958779
SubNetW8CleanAuxExDnRcK6Rr01QdEma,minbias,0,test,57.44442,57.33786392211914,-0.0018549397657567912,1,30mm,2.8556592
SubNetW8CleanAuxExDnRcK6Rr01QdEma,minbias,0,test,14.817958,16.944963455200195,0.1435424229562121,1,30mm,1.0156206
SubNetW8CleanAuxExDnRcK6Rr01QdEma,minbias,0,test,14.099986,14.08869457244873,-0.0008008166706764408,3,60mm,2.8465853
SubNetW8CleanAuxExDnRcK6Rr01QdEma,minbias,0,test,81.3362,83.33516693115234,0.0245766351014709,1,30mm,4.1722026
SubNetW8CleanAuxExDnRcK6Rr01QdEma,minbias,0,test,32.603912,33.97280502319336,0.04198553397013183,2,40mm,3.4528809
SubNetW8CleanAuxExDnRcK6Rr01QdEma,minbias,0,test,15.425587,17.199432373046875,0.11499372484528503,3,60mm,1.5462466
SubNetW8CleanAuxExDnRcK6Rr01QdEma,minbias,0,test,91.545204,87.88003540039062,-0.04003670968603834,0,15mm,3.8097513
SubNetW8CleanAuxExDnRcK6Rr01QdEma,minbias,0,test,14.111268,13.754637718200684,-0.02527273411698805,2,40mm,1.3015527
SubNetW8CleanAuxExDnRcK6Rr01QdEma,minbias,0,test,22.339293,22.14130973815918,-0.008862536172680402,2,40mm,2.252197
SubNetW8CleanAuxExDnRcK6Rr01QdEma,minbias,0,test,32.27256,33.59686279296875,0.041034943259254275,2,40mm,2.1884873
SubNetW8CleanAuxExDnRcK6Rr01QdEma,minbias,0,test,43.9243,45.88103485107422,0.044547861946493184,0,15mm,1.214776
SubNetW8CleanAuxExDnRcK6Rr01QdEma,minbias,0,test,18.817581,19.612497329711914,0.04224326949820356,0,15mm,0.64156246
SubNetW8CleanAuxExDnRcK6Rr01QdEma,minbias,0,test,30.824734,29.578283309936523,-0.04043669719729637,3,60mm,4.3283777
SubNetW8CleanAuxExDnRcK6Rr01QdEma,minbias,0,test,35.555176,38.39817810058594,0.07996029429940821,1,30mm,3.4244554
SubNetW8CleanAuxExDnRcK6Rr01QdEma,minbias,0,test,22.590567,27.185001373291016,0.2033784637793954,0,15mm,0.8983357
SubNetW8CleanAuxExDnRcK6Rr01QdEma,minbias,0,test,32.917942,32.511356353759766,-0.012351491863537012,1,30mm,1.749535
SubNetW8CleanAuxExDnRcK6Rr01QdEma,minbias,0,test,30.784723,30.085411071777344,-0.022716209065133053,3,60mm,4.411128
SubNetW8CleanAuxExDnRcK6Rr01QdEma,minbias,0,test,12.7202635,12.944884300231934,0.017658503648515955,4,120mm,2.695275
SubNetW8CleanAuxExDnRcK6Rr01QdEma,minbias,0,test,57.953575,61.6116828918457,0.06312134754573107,0,15mm,2.8680644
SubNetW8CleanAuxExDnRcK6Rr01QdEma,minbias,0,test,29.346092,28.44856071472168,-0.03058436205218784,3,60mm,3.5553074
SubNetW8CleanAuxExDnRcK6Rr01QdEma,minbias,0,test,15.211565,15.510138511657715,0.019628058888753408,3,60mm,3.2156684
SubNetW8CleanAuxExDnRcK6Rr01QdEma,minbias,0,test,52.80379,51.50556945800781,-0.024585764817535827,2,40mm,4.6287804
SubNetW8CleanAuxExDnRcK6Rr01QdEma,minbias,0,test,49.66299,50.600242614746094,0.018872243373169173,2,40mm,3.3199458
SubNetW8CleanAuxExDnRcK6Rr01QdEma,minbias,0,test,28.456087,28.307310104370117,-0.005228301680018088,2,40mm,3.7266114
SubNetW8CleanAuxExDnRcK6Rr01QdEma,minbias,0,test,57.786777,55.45426940917969,-0.0403640449981143,1,30mm,3.5421023
SubNetW8CleanAuxExDnRcK6Rr01QdEma,minbias,0,test,36.964844,37.33174514770508,0.009925685069481105,3,60mm,3.9368465
SubNetW8CleanAuxExDnRcK6Rr01QdEma,minbias,0,test,66.840096,80.35767364501953,0.20223756444141072,0,15mm,1.4425596
SubNetW8CleanAuxExDnRcK6Rr01QdEma,minbias,0,test,22.16817,21.611896514892578,-0.025093383475130016,3,60mm,2.7543721
SubNetW8CleanAuxExDnRcK6Rr01QdEma,minbias,0,test,15.053345,14.475860595703125,-0.03836251287332648,3,60mm,1.9647224
SubNetW8CleanAuxExDnRcK6Rr01QdEma,minbias,0,test,10.50688,10.855467796325684,0.03317711787193578,3,60mm,2.2070942
SubNetW8CleanAuxExDnRcK6Rr01QdEma,minbias,0,test,4.7326503,4.928137302398682,0.041306035906788496,2,40mm,0.82850355
SubNetW8CleanAuxExDnRcK6Rr01QdEma,minbias,0,test,36.680126,36.409423828125,-0.007380082627223339,2,40mm,4.496476
SubNetW8CleanAuxExDnRcK6Rr01QdEma,minbias,0,test,19.897978,19.827674865722656,-0.003533171252932399,3,60mm,4.765599
SubNetW8CleanAuxExDnRcK6Rr01QdEma,minbias,0,test,6.9664717,7.2631754875183105,0.04259025650678483,2,40mm,0.9537128
SubNetW8CleanAuxExDnRcK6Rr01QdEma,minbias,0,test,6.831681,7.066728115081787,0.03440549231514356,3,60mm,1.2434952
SubNetW8CleanAuxExDnRcK6Rr01QdEma,minbias,0,test,79.35797,74.17579650878906,-0.06530124957602712,0,15mm,1.8299677
SubNetW8CleanAuxExDnRcK6Rr01QdEma,minbias,0,test,28.37621,27.900644302368164,-0.016759284241380845,3,60mm,4.787489
SubNetW8CleanAuxExDnRcK6Rr01QdEma,minbias,0,test,7.3699155,7.131039142608643,-0.03241235849274515,2,40mm,0.91550744
SubNetW8CleanAuxExDnRcK6Rr01QdEma,minbias,0,test,46.391644,47.91505432128906,0.03283804326366346,2,40mm,4.9972563
SubNetW8CleanAuxExDnRcK6Rr01QdEma,minbias,0,test,21.203817,21.80459976196289,0.028333690297130287,2,40mm,2.3780808
SubNetW8CleanAuxExDnRcK6Rr01QdEma,minbias,0,test,24.031366,24.116674423217773,0.003549863695424982,2,40mm,1.7253602
SubNetW8CleanAuxExDnRcK6Rr01QdEma,minbias,0,test,11.721586,11.63214111328125,-0.007630802896499533,3,60mm,2.037621
SubNetW8CleanAuxExDnRcK6Rr01QdEma,minbias,0,test,60.017605,60.99987030029297,0.01636628911182081,1,30mm,3.0557299
SubNetW8CleanAuxExDnRcK6Rr01QdEma,minbias,0,test,19.974554,19.541467666625977,-0.02168190558456451,2,40mm,1.6608839
SubNetW8CleanAuxExDnRcK6Rr01QdEma,minbias,0,test,23.81264,23.84174346923828,0.0012222178524226024,2,40mm,3.2961473
SubNetW8CleanAuxExDnRcK6Rr01QdEma,minbias,0,test,46.745064,26.61705207824707,-0.4305911699569559,1,30mm,1.648645
SubNetW8CleanAuxExDnRcK6Rr01QdEma,minbias,0,test,13.008026,13.298380851745605,0.022321198155060396,3,60mm,2.7366195
SubNetW8CleanAuxExDnRcK6Rr01QdEma,minbias,0,test,22.912992,22.81466293334961,-0.004291431778904342,1,30mm,1.992686
SubNetW8CleanAuxExDnRcK6Rr01QdEma,minbias,0,test,72.96356,69.84947967529297,-0.04267996587016443,1,30mm,4.6401987
SubNetW8CleanAuxExDnRcK6Rr01QdEma,minbias,0,test,44.151802,47.660335540771484,0.07946523842396802,2,40mm,4.2765255
SubNetW8CleanAuxExDnRcK6Rr01QdEma,minbias,0,test,9.047057,9.646402359008789,0.06624753189444355,3,60mm,1.3610827
SubNetW8CleanAuxExDnRcK6Rr01QdEma,minbias,0,test,18.309069,20.49968719482422,0.11964663814005827,2,40mm,2.7655573
SubNetW8CleanAuxExDnRcK6Rr01QdEma,minbias,0,test,96.92354,92.91558837890625,-0.04135166651159694,0,15mm,2.2991319
SubNetW8CleanAuxExDnRcK6Rr01QdEma,minbias,0,test,29.837801,28.618858337402344,-0.04085229481370689,3,60mm,4.90738
SubNetW8CleanAuxExDnRcK6Rr01QdEma,minbias,0,test,20.116142,19.809818267822266,-0.015227770860363976,3,60mm,4.204891
SubNetW8CleanAuxExDnRcK6Rr01QdEma,minbias,0,test,54.358894,55.19694519042969,0.015416995734273353,1,30mm,2.8671281
SubNetW8CleanAuxExDnRcK6Rr01QdEma,minbias,0,test,17.132818,18.253131866455078,0.06538992183828807,0,15mm,0.6078278
SubNetW8CleanAuxExDnRcK6Rr01QdEma,minbias,0,test,11.767406,10.268736839294434,-0.12735768318715746,1,30mm,0.7571833
SubNetW8CleanAuxExDnRcK6Rr01QdEma,minbias,0,test,22.252346,22.34640884399414,0.004227096100864802,3,60mm,4.1432323
SubNetW8CleanAuxExDnRcK6Rr01QdEma,minbias,0,test,9.663811,9.725696563720703,0.006403874772530793,4,120mm,2.1713612
SubNetW8CleanAuxExDnRcK6Rr01QdEma,minbias,0,test,36.289474,36.963035583496094,0.01856078396580374,3,60mm,4.325065
SubNetW8CleanAuxExDnRcK6Rr01QdEma,minbias,0,test,48.141163,49.122169494628906,0.02037770929872207,1,30mm,3.5955656
SubNetW8CleanAuxExDnRcK6Rr01QdEma,minbias,0,test,49.804817,49.146820068359375,-0.013211515840108823,0,15mm,1.8743948
SubNetW8CleanAuxExDnRcK6Rr01QdEma,minbias,0,test,45.66856,44.96290969848633,-0.015451556369546648,1,30mm,3.2351642
SubNetW8CleanAuxExDnRcK6Rr01QdEma,minbias,0,test,59.86901,60.18867111206055,0.005339326336398997,2,40mm,4.9912663
SubNetW8CleanAuxExDnRcK6Rr01QdEma,minbias,0,test,11.394657,14.496075630187988,0.2721818180600801,1,30mm,0.9472519
SubNetW8CleanAuxExDnRcK6Rr01QdEma,minbias,0,test,6.396485,6.045887470245361,-0.05481094534150277,3,60mm,1.0815611
SubNetW8CleanAuxExDnRcK6Rr01QdEma,minbias,0,test,29.984642,28.43495750427246,-0.05168260881844877,2,40mm,2.3381646
SubNetW8CleanAuxExDnRcK6Rr01QdEma,minbias,0,test,44.400833,43.30990219116211,-0.024570055600746876,1,30mm,3.6843102
SubNetW8CleanAuxExDnRcK6Rr01QdEma,minbias,0,test,9.556958,9.591633796691895,0.0036283090732573964,3,60mm,1.1160568
SubNetW8CleanAuxExDnRcK6Rr01QdEma,minbias,0,test,25.623655,25.33173179626465,-0.011392735318692782,3,60mm,3.5166545
SubNetW8CleanAuxExDnRcK6Rr01QdEma,minbias,0,test,59.37332,56.17372512817383,-0.05388946284974139,1,30mm,4.754817
SubNetW8CleanAuxExDnRcK6Rr01QdEma,minbias,0,test,9.261996,9.715174674987793,0.048928804610670174,3,60mm,1.3239065
SubNetW8CleanAuxExDnRcK6Rr01QdEma,minbias,0,test,12.6836,11.369565963745117,-0.10360106104497391,3,60mm,2.0620584
SubNetW8CleanAuxExDnRcK6Rr01QdEma,minbias,0,test,90.201256,84.6653823852539,-0.06137246498499216,0,15mm,3.2413788
SubNetW8CleanAuxExDnRcK6Rr01QdEma,minbias,0,test,17.177044,17.279354095458984,0.00595621581755057,3,60mm,2.726899
SubNetW8CleanAuxExDnRcK6Rr01QdEma,minbias,0,test,90.02472,81.9398422241211,-0.08980730051221553,0,15mm,2.3900502
SubNetW8CleanAuxExDnRcK6Rr01QdEma,minbias,0,test,13.129633,13.092245101928711,-0.0028475927730239325,2,40mm,1.4740214
SubNetW8CleanAuxExDnRcK6Rr01QdEma,minbias,0,test,24.50758,24.273216247558594,-0.009562900857107537,3,60mm,4.727772
SubNetW8CleanAuxExDnRcK6Rr01QdEma,minbias,0,test,41.429432,44.18350601196289,0.06647626987286093,3,60mm,4.10396
SubNetW8CleanAuxExDnRcK6Rr01QdEma,minbias,0,test,31.284485,34.805450439453125,0.1125467013939696,2,40mm,2.6992993
SubNetW8CleanAuxExDnRcK6Rr01QdEma,minbias,0,test,19.242832,18.867406845092773,-0.019509879583133216,3,60mm,3.9485376
SubNetW8CleanAuxExDnRcK6Rr01QdEma,minbias,0,test,26.95429,25.978599548339844,-0.03619797915497169,3,60mm,3.6470177
SubNetW8CleanAuxExDnRcK6Rr01QdEma,minbias,0,test,87.601456,88.79911804199219,0.013671717485776558,0,15mm,2.4300704
SubNetW8CleanAuxExDnRcK6Rr01QdEma,minbias,0,test,42.411438,43.30712890625,0.021119088633972716,1,30mm,2.1403117
SubNetW8CleanAuxExDnRcK6Rr01QdEma,minbias,0,test,18.339123,17.971420288085938,-0.020050167540615282,2,40mm,1.6951014
SubNetW8CleanAuxExDnRcK6Rr01QdEma,minbias,0,test,34.380318,34.09897232055664,-0.008183326576122307,3,60mm,4.7221665
SubNetW8CleanAuxExDnRcK6Rr01QdEma,minbias,0,test,10.920742,10.998542785644531,0.007124126774875172,3,60mm,1.8580502
SubNetW8CleanAuxExDnRcK6Rr01QdEma,minbias,0,test,67.326256,65.3908462524414,-0.028746727750545098,1,30mm,3.5583622
SubNetW8CleanAuxExDnRcK6Rr01QdEma,minbias,0,test,86.1115,83.2348861694336,-0.033405727589742584,0,15mm,3.4338014
SubNetW8CleanAuxExDnRcK6Rr01QdEma,minbias,0,test,4.9679155,4.446086406707764,-0.1050398551649695,3,60mm,1.1709715
SubNetW8CleanAuxExDnRcK6Rr01QdEma,minbias,0,test,12.549394,11.701491355895996,-0.06756520046784731,1,30mm,1.1676286
SubNetW8CleanAuxExDnRcK6Rr01QdEma,minbias,0,test,32.180725,32.63602828979492,0.014148319864049075,2,40mm,2.4235444
SubNetW8CleanAuxExDnRcK6Rr01QdEma,minbias,0,test,11.196933,11.555357933044434,0.032011011141882095,3,60mm,2.172442
SubNetW8CleanAuxExDnRcK6Rr01QdEma,minbias,0,test,47.422207,47.879703521728516,0.00964730815326642,0,15mm,2.339759
SubNetW8CleanAuxExDnRcK6Rr01QdEma,minbias,0,test,59.277973,58.89869689941406,-0.006398266595835755,2,40mm,4.556542
SubNetW8CleanAuxExDnRcK6Rr01QdEma,minbias,0,test,41.270275,39.898765563964844,-0.03323238209941903,2,40mm,4.3230977
SubNetW8CleanAuxExDnRcK6Rr01QdEma,minbias,0,test,91.662155,88.64910125732422,-0.03287129665528088,1,30mm,4.21992
SubNetW8CleanAuxExDnRcK6Rr01QdEma,minbias,0,test,51.6692,51.742820739746094,0.0014248302905970345,2,40mm,4.8673735
SubNetW8CleanAuxExDnRcK6Rr01QdEma,minbias,0,test,47.36493,46.50491714477539,-0.01815714852704864,1,30mm,2.9459739
SubNetW8CleanAuxExDnRcK6Rr01QdEma,minbias,0,test,25.270004,25.2020263671875,-0.0026900630700533723,2,40mm,4.7450933
SubNetW8CleanAuxExDnRcK6Rr01QdEma,minbias,0,test,6.0923004,6.72011661529541,0.10305076202522145,2,40mm,0.8987906
SubNetW8CleanAuxExDnRcK6Rr01QdEma,minbias,0,test,12.134145,12.619353294372559,0.039987038232106586,3,60mm,1.451717
SubNetW8CleanAuxExDnRcK6Rr01QdEma,minbias,0,test,9.8947525,9.813798904418945,-0.008181467702449985,3,60mm,1.5444973
SubNetW8CleanAuxExDnRcK6Rr01QdEma,minbias,0,test,17.348036,16.969297409057617,-0.021831774352810585,3,60mm,3.8581922
SubNetW8CleanAuxExDnRcK6Rr01QdEma,minbias,0,test,31.035324,29.822124481201172,-0.03909092786333457,2,40mm,4.6657166
SubNetW8CleanAuxExDnRcK6Rr01QdEma,minbias,0,test,23.152172,23.18608856201172,0.0014649369941983625,3,60mm,3.5534048
SubNetW8CleanAuxExDnRcK6Rr01QdEma,minbias,0,test,27.322536,27.318496704101562,-0.00014785466235733846,3,60mm,4.407298
SubNetW8CleanAuxExDnRcK6Rr01QdEma,minbias,0,test,42.348427,44.81102752685547,0.058150937189284324,0,15mm,1.274604
SubNetW8CleanAuxExDnRcK6Rr01QdEma,minbias,0,test,54.043114,51.5131721496582,-0.04681339370052173,1,30mm,4.0681605
SubNetW8CleanAuxExDnRcK6Rr01QdEma,minbias,0,test,6.2699666,6.126792907714844,-0.02283484166526417,2,40mm,1.259133
SubNetW8CleanAuxExDnRcK6Rr01QdEma,minbias,0,test,13.807548,15.188807487487793,0.10003658588050235,3,60mm,2.5790057
SubNetW8CleanAuxExDnRcK6Rr01QdEma,minbias,0,test,65.65065,77.89579010009766,0.1865197080475196,0,15mm,2.1288986
SubNetW8CleanAuxExDnRcK6Rr01QdEma,minbias,0,test,4.578315,4.408146858215332,-0.0371682444537903,3,60mm,0.6699539
SubNetW8CleanAuxExDnRcK6Rr01QdEma,minbias,0,test,26.11638,25.43180274963379,-0.02621258856578834,2,40mm,3.8228557
SubNetW8CleanAuxExDnRcK6Rr01QdEma,minbias,0,test,6.5354185,6.035395622253418,-0.07650969672180308,2,40mm,1.1501651
SubNetW8CleanAuxExDnRcK6Rr01QdEma,minbias,0,test,21.060114,20.78055763244629,-0.013274205241738835,3,60mm,3.4532971
SubNetW8CleanAuxExDnRcK6Rr01QdEma,minbias,0,test,21.449839,21.518329620361328,0.0031930767970138607,3,60mm,3.2646537
SubNetW8CleanAuxExDnRcK6Rr01QdEma,minbias,0,test,69.93265,72.63394165039062,0.038627079539508724,1,30mm,3.491693
SubNetW8CleanAuxExDnRcK6Rr01QdEma,minbias,0,test,15.17657,14.871552467346191,-0.020097918867457487,4,120mm,3.45783
SubNetW8CleanAuxExDnRcK6Rr01QdEma,minbias,0,test,5.2611084,5.253237724304199,-0.001496010638297851,4,120mm,1.1273944
SubNetW8CleanAuxExDnRcK6Rr01QdEma,minbias,0,test,23.533945,23.468673706054688,-0.0027734991873041848,3,60mm,4.2878942
SubNetW8CleanAuxExDnRcK6Rr01QdEma,minbias,0,test,28.034224,28.93593978881836,0.032164837042192085,3,60mm,4.2169194
SubNetW8CleanAuxExDnRcK6Rr01QdEma,minbias,0,test,63.096024,62.1474609375,-0.015033635537661905,0,15mm,1.4271622
SubNetW8CleanAuxExDnRcK6Rr01QdEma,minbias,0,test,9.93161,9.407161712646484,-0.052805979000672965,3,60mm,1.9416721
SubNetW8CleanAuxExDnRcK6Rr01QdEma,minbias,0,test,14.203152,14.6151762008667,0.02900937106109125,0,15mm,0.5188648
SubNetW8CleanAuxExDnRcK6Rr01QdEma,minbias,0,test,9.970839,9.0787992477417,-0.08946482232447028,3,60mm,2.2865038
SubNetW8CleanAuxExDnRcK6Rr01QdEma,minbias,0,test,95.75445,90.7187271118164,-0.05258994160258601,0,15mm,3.658044
SubNetW8CleanAuxExDnRcK6Rr01QdEma,minbias,0,test,27.209124,27.1707820892334,-0.0014091421232200751,3,60mm,4.004574
SubNetW8CleanAuxExDnRcK6Rr01QdEma,minbias,0,test,95.81181,99.64557647705078,0.04001347003395228,0,15mm,2.6853485
SubNetW8CleanAuxExDnRcK6Rr01QdEma,minbias,0,test,34.428585,33.75713348388672,-0.019502734938999455,3,60mm,4.574811
SubNetW8CleanAuxExDnRcK6Rr01QdEma,minbias,0,test,17.57738,17.35579490661621,-0.012606220598117779,3,60mm,3.3774858
SubNetW8CleanAuxExDnRcK6Rr01QdEma,minbias,0,test,46.343845,45.52103805541992,-0.017754403103328764,3,60mm,4.967381
SubNetW8CleanAuxExDnRcK6Rr01QdEma,minbias,0,test,19.8542,20.38444709777832,0.026707030498344775,2,40mm,2.4540753
SubNetW8CleanAuxExDnRcK6Rr01QdEma,minbias,0,test,13.072695,12.492783546447754,-0.04436049657878771,4,120mm,2.7799628
SubNetW8CleanAuxExDnRcK6Rr01QdEma,minbias,0,test,20.742195,20.719045639038086,-0.0011160578816289402,3,60mm,3.7700207
SubNetW8CleanAuxExDnRcK6Rr01QdEma,minbias,0,test,59.37565,57.67134475708008,-0.02870374950931487,0,15mm,2.222895
SubNetW8CleanAuxExDnRcK6Rr01QdEma,minbias,0,test,18.802006,18.781068801879883,-0.00111354959683152,3,60mm,3.1467645
SubNetW8CleanAuxExDnRcK6Rr01QdEma,minbias,0,test,33.08978,32.69044876098633,-0.012068081215205306,3,60mm,4.597807
SubNetW8CleanAuxExDnRcK6Rr01QdEma,minbias,0,test,28.662344,28.99565315246582,0.01162881772089408,3,60mm,4.328486
SubNetW8CleanAuxExDnRcK6Rr01QdEma,minbias,0,test,72.5992,73.98484802246094,0.019086307901807098,1,30mm,4.870687
SubNetW8CleanAuxExDnRcK6Rr01QdEma,minbias,0,test,34.329185,33.61663818359375,-0.020756312512570596,2,40mm,3.439327
SubNetW8CleanAuxExDnRcK6Rr01QdEma,minbias,0,test,10.467166,11.377006530761719,0.08692329790237796,3,60mm,1.8993412
SubNetW8CleanAuxExDnRcK6Rr01QdEma,minbias,0,test,15.908434,17.452451705932617,0.09705655503722088,4,120mm,3.7312179
SubNetW8CleanAuxExDnRcK6Rr01QdEma,minbias,0,test,7.5121617,7.425107002258301,-0.011588505755152023,3,60mm,1.3516456
SubNetW8CleanAuxExDnRcK6Rr01QdEma,minbias,0,test,9.995571,9.711457252502441,-0.02842397698871002,2,40mm,0.9890196
SubNetW8CleanAuxExDnRcK6Rr01QdEma,minbias,0,test,43.817562,42.558048248291016,-0.028744498655858153,0,15mm,1.0239561
SubNetW8CleanAuxExDnRcK6Rr01QdEma,minbias,0,test,8.57709,7.991607666015625,-0.06826121439478228,3,60mm,1.3591561
SubNetW8CleanAuxExDnRcK6Rr01QdEma,minbias,0,test,72.17077,74.84130859375,0.03700306789940799,0,15mm,3.619421
SubNetW8CleanAuxExDnRcK6Rr01QdEma,minbias,0,test,29.3031,29.11849021911621,-0.006300028431458271,2,40mm,3.6655216
SubNetW8CleanAuxExDnRcK6Rr01QdEma,minbias,0,test,66.43798,64.98548126220703,-0.021862485515021013,2,40mm,4.9441085
SubNetW8CleanAuxExDnRcK6Rr01QdEma,minbias,0,test,11.048464,10.66073989868164,-0.03509301645882312,3,60mm,2.1494217
SubNetW8CleanAuxExDnRcK6Rr01QdEma,minbias,0,test,6.3014073,5.398437023162842,-0.14329661069470323,2,40mm,0.5940849
SubNetW8CleanAuxExDnRcK6Rr01QdEma,minbias,0,test,42.339596,41.55418014526367,-0.018550381378765857,2,40mm,4.392001
SubNetW8CleanAuxExDnRcK6Rr01QdEma,minbias,0,test,19.36581,19.278902053833008,-0.00448772030112099,3,60mm,3.597883
SubNetW8CleanAuxExDnRcK6Rr01QdEma,minbias,0,test,39.858925,40.167259216308594,0.007735641430988371,0,15mm,1.0860082
SubNetW8CleanAuxExDnRcK6Rr01QdEma,minbias,0,test,12.956985,13.357903480529785,0.030942228631253066,4,120mm,2.9826243
SubNetW8CleanAuxExDnRcK6Rr01QdEma,minbias,0,test,37.3443,39.12491989135742,0.04768118849585434,1,30mm,1.6348523
SubNetW8CleanAuxExDnRcK6Rr01QdEma,minbias,0,test,33.744125,34.03745651245117,0.008692806319821056,2,40mm,3.653959
SubNetW8CleanAuxExDnRcK6Rr01QdEma,minbias,0,test,54.905575,54.18580627441406,-0.013109206611720658,1,30mm,3.613643
SubNetW8CleanAuxExDnRcK6Rr01QdEma,minbias,0,test,8.791329,8.603341102600098,-0.021383373667620664,3,60mm,1.4330965
SubNetW8CleanAuxExDnRcK6Rr01QdEma,minbias,0,test,77.67247,75.33991241455078,-0.030030687519485455,2,40mm,4.8036427
SubNetW8CleanAuxExDnRcK6Rr01QdEma,minbias,0,test,11.775647,11.502032279968262,-0.023235655724594295,3,60mm,1.5794859
SubNetW8CleanAuxExDnRcK6Rr01QdEma,minbias,0,test,5.8540053,6.451070785522461,0.10199263827307892,2,40mm,0.7199307
SubNetW8CleanAuxExDnRcK6Rr01QdEma,minbias,0,test,39.963425,45.45821762084961,0.13749554703760114,2,40mm,3.9141648
SubNetW8CleanAuxExDnRcK6Rr01QdEma,minbias,0,test,76.55157,71.67567443847656,-0.06369422371478228,1,30mm,4.0456605
SubNetW8CleanAuxExDnRcK6Rr01QdEma,minbias,0,test,52.448597,48.950050354003906,-0.0667042934129799,1,30mm,2.26788
SubNetW8CleanAuxExDnRcK6Rr01QdEma,minbias,0,test,95.754036,93.48550415039062,-0.023691239505642447,1,30mm,4.1980367
SubNetW8CleanAuxExDnRcK6Rr01QdEma,minbias,0,test,13.276514,13.933578491210938,0.049490734934346525,2,40mm,1.4241714
SubNetW8CleanAuxExDnRcK6Rr01QdEma,minbias,0,test,8.468026,8.740368843078613,0.03216129434422643,2,40mm,0.7507565
SubNetW8CleanAuxExDnRcK6Rr01QdEma,minbias,0,test,42.673763,42.491329193115234,-0.0042750877361101836,2,40mm,4.661499
SubNetW8CleanAuxExDnRcK6Rr01QdEma,minbias,0,test,58.57673,60.42927932739258,0.03162604918173506,0,15mm,2.689899
SubNetW8CleanAuxExDnRcK6Rr01QdEma,minbias,0,test,23.954353,26.14667320251465,0.09152072859420102,1,30mm,1.2653818
SubNetW8CleanAuxExDnRcK6Rr01QdEma,minbias,0,test,8.320281,8.800108909606934,0.05766967235860343,3,60mm,1.8599669
SubNetW8CleanAuxExDnRcK6Rr01QdEma,minbias,0,test,33.298473,32.86759567260742,-0.012939863065564827,2,40mm,1.9502635
SubNetW8CleanAuxExDnRcK6Rr01QdEma,minbias,0,test,23.952452,23.16274070739746,-0.03296994429758349,3,60mm,4.911301
SubNetW8CleanAuxExDnRcK6Rr01QdEma,minbias,0,test,13.357437,12.70938491821289,-0.0485162092911412,3,60mm,1.5852333
SubNetW8CleanAuxExDnRcK6Rr01QdEma,minbias,0,test,47.66473,43.68318557739258,-0.08353229922025751,1,30mm,2.4602008
SubNetW8CleanAuxExDnRcK6Rr01QdEma,minbias,0,test,23.152061,24.669628143310547,0.06554779942048117,4,120mm,4.912102
SubNetW8CleanAuxExDnRcK6Rr01QdEma,minbias,0,test,34.00799,34.23564147949219,0.006694005636124656,3,60mm,4.52062
SubNetW8CleanAuxExDnRcK6Rr01QdEma,minbias,0,test,14.688017,14.436783790588379,-0.01710463044448518,4,120mm,3.0363634
SubNetW8CleanAuxExDnRcK6Rr01QdEma,minbias,0,test,20.414074,20.15283966064453,-0.012796773645608939,3,60mm,3.5227013
SubNetW8CleanAuxExDnRcK6Rr01QdEma,minbias,0,test,44.49516,43.295772552490234,-0.02695544008863404,1,30mm,4.0057807
SubNetW8CleanAuxExDnRcK6Rr01QdEma,minbias,0,test,91.86478,59.49885559082031,-0.35232133810595556,0,15mm,3.5693085
SubNetW8CleanAuxExDnRcK6Rr01QdEma,minbias,0,test,56.028194,56.633304595947266,0.010800101174778032,2,40mm,3.5443933
SubNetW8CleanAuxExDnRcK6Rr01QdEma,minbias,0,test,9.391996,8.908337593078613,-0.05149690979752486,4,120mm,2.1563728
SubNetW8CleanAuxExDnRcK6Rr01QdEma,minbias,0,test,36.04484,31.12043571472168,-0.13661888387680354,2,40mm,3.834867
SubNetW8CleanAuxExDnRcK6Rr01QdEma,minbias,0,test,14.216533,13.940081596374512,-0.01944574788616038,2,40mm,1.2877393
SubNetW8CleanAuxExDnRcK6Rr01QdEma,minbias,0,test,33.601776,33.126609802246094,-0.014141107275423836,2,40mm,3.125734
SubNetW8CleanAuxExDnRcK6Rr01QdEma,minbias,0,test,38.395653,37.24437713623047,-0.029984530843431667,1,30mm,2.1804357
SubNetW8CleanAuxExDnRcK6Rr01QdEma,minbias,0,test,13.316704,13.254091262817383,-0.004701804179674363,2,40mm,1.1555471
SubNetW8CleanAuxExDnRcK6Rr01QdEma,minbias,0,test,22.362848,22.04398536682129,-0.01425860029188275,3,60mm,3.0958846
SubNetW8CleanAuxExDnRcK6Rr01QdEma,minbias,0,test,21.836605,21.921417236328125,0.00388394459793151,1,30mm,1.2554055
SubNetW8CleanAuxExDnRcK6Rr01QdEma,minbias,0,test,31.846136,31.158422470092773,-0.021594884259601654,3,60mm,3.1525164
SubNetW8CleanAuxExDnRcK6Rr01QdEma,minbias,0,test,18.811474,18.51914405822754,-0.015539972603656471,3,60mm,4.104588
SubNetW8CleanAuxExDnRcK6Rr01QdEma,minbias,0,test,98.73835,83.20056915283203,-0.1573631803161113,0,15mm,3.0912392
SubNetW8CleanAuxExDnRcK6Rr01QdEma,minbias,0,test,11.369644,11.195272445678711,-0.015336603048363928,3,60mm,2.1110616
SubNetW8CleanAuxExDnRcK6Rr01QdEma,minbias,0,test,14.198276,14.192121505737305,-0.00043343716883914585,3,60mm,1.8908949
SubNetW8CleanAuxExDnRcK6Rr01QdEma,minbias,0,test,20.08126,20.066883087158203,-0.0007159706864238169,3,60mm,2.3396478
SubNetW8CleanAuxExDnRcK6Rr01QdEma,minbias,0,test,14.830628,14.764274597167969,-0.0044741056241829336,4,120mm,3.5682342
SubNetW8CleanAuxExDnRcK6Rr01QdEma,minbias,0,test,80.10377,78.83182525634766,-0.01587868061684894,1,30mm,3.4055552
SubNetW8CleanAuxExDnRcK6Rr01QdEma,minbias,0,test,8.922937,8.093696594238281,-0.09293361170316117,3,60mm,1.6056688
SubNetW8CleanAuxExDnRcK6Rr01QdEma,minbias,0,test,51.106754,58.255245208740234,0.13987370169083713,1,30mm,4.2465143
SubNetW8CleanAuxExDnRcK6Rr01QdEma,minbias,0,test,21.973223,21.18751335144043,-0.035757585069204345,2,40mm,3.8607445
SubNetW8CleanAuxExDnRcK6Rr01QdEma,minbias,0,test,71.819626,68.28733825683594,-0.049182762450095785,1,30mm,3.4015234
SubNetW8CleanAuxExDnRcK6Rr01QdEma,minbias,0,test,20.078522,19.658592224121094,-0.02091436362061183,2,40mm,2.628855
SubNetW8CleanAuxExDnRcK6Rr01QdEma,minbias,0,test,7.543608,7.317724704742432,-0.029943692492831797,3,60mm,1.324414
SubNetW8CleanAuxExDnRcK6Rr01QdEma,minbias,0,test,31.002518,29.416086196899414,-0.051171053868502514,3,60mm,4.5518494
SubNetW8CleanAuxExDnRcK6Rr01QdEma,minbias,0,test,18.915247,18.349294662475586,-0.02992042885390056,3,60mm,2.159429
SubNetW8CleanAuxExDnRcK6Rr01QdEma,minbias,0,test,8.428123,7.568821430206299,-0.10195650865264583,4,120mm,1.9388461
SubNetW8CleanAuxExDnRcK6Rr01QdEma,minbias,0,test,79.97013,77.14839935302734,-0.03528481865549438,1,30mm,4.238729
SubNetW8CleanAuxExDnRcK6Rr01QdEma,minbias,0,test,8.628008,8.725335121154785,0.011280382866507122,3,60mm,1.8862255
SubNetW8CleanAuxExDnRcK6Rr01QdEma,minbias,0,test,15.357193,15.256842613220215,-0.0065344220124418095,3,60mm,2.7305562
SubNetW8CleanAuxExDnRcK6Rr01QdEma,minbias,0,test,28.242691,29.898601531982422,0.058631469982651785,2,40mm,2.0637884
SubNetW8CleanAuxExDnRcK6Rr01QdEma,minbias,0,test,5.333474,5.952579498291016,0.11607918601754874,3,60mm,0.9911479
SubNetW8CleanAuxExDnRcK6Rr01QdEma,minbias,0,test,7.128005,6.987462997436523,-0.01971688148183326,3,60mm,0.74744505
SubNetW8CleanAuxExDnRcK6Rr01QdEma,minbias,0,test,18.242853,16.2700138092041,-0.10814313625508643,1,30mm,1.7150763
SubNetW8CleanAuxExDnRcK6Rr01QdEma,minbias,0,test,7.8447933,8.047144889831543,0.025794378753253966,3,60mm,1.452108
SubNetW8CleanAuxExDnRcK6Rr01QdEma,minbias,0,test,12.411641,16.10028076171875,0.29719193496447716,4,120mm,2.7229524
SubNetW8CleanAuxExDnRcK6Rr01QdEma,minbias,0,test,16.816227,14.311441421508789,-0.14895050737556403,3,60mm,3.2028418
SubNetW8CleanAuxExDnRcK6Rr01QdEma,minbias,0,test,17.699167,16.415428161621094,-0.07253104463718318,2,40mm,1.8296824
SubNetW8CleanAuxExDnRcK6Rr01QdEma,minbias,0,test,12.423905,12.15935230255127,-0.021293873555363163,4,120mm,2.5202377
SubNetW8CleanAuxExDnRcK6Rr01QdEma,minbias,0,test,6.2469354,5.731678485870361,-0.08248154517294515,3,60mm,0.8453693
SubNetW8CleanAuxExDnRcK6Rr01QdEma,minbias,0,test,60.855274,60.383480072021484,-0.007752723730469424,1,30mm,3.7120852
SubNetW8CleanAuxExDnRcK6Rr01QdEma,minbias,0,test,57.139828,55.248531341552734,-0.033099441526369566,2,40mm,4.977736
SubNetW8CleanAuxExDnRcK6Rr01QdEma,minbias,0,test,15.090811,14.936986923217773,-0.010193213262350231,2,40mm,1.6783698
SubNetW8CleanAuxExDnRcK6Rr01QdEma,minbias,0,test,21.512985,21.878643035888672,0.016997074208706442,2,40mm,2.4889407
SubNetW8CleanAuxExDnRcK6Rr01QdEma,minbias,0,test,57.818604,59.14802932739258,0.022993046025546304,1,30mm,3.0366805
SubNetW8CleanAuxExDnRcK6Rr01QdEma,minbias,0,test,17.614988,17.012346267700195,-0.034211890927088984,4,120mm,4.2193813
SubNetW8CleanAuxExDnRcK6Rr01QdEma,minbias,0,test,34.003506,34.805423736572266,0.023583392744857212,2,40mm,2.7868292
SubNetW8CleanAuxExDnRcK6Rr01QdEma,minbias,0,test,11.218335,11.529544830322266,0.027741164303110466,3,60mm,2.1191964
SubNetW8CleanAuxExDnRcK6Rr01QdEma,minbias,0,test,34.21918,33.48466873168945,-0.02146493008692074,1,30mm,1.802202
SubNetW8CleanAuxExDnRcK6Rr01QdEma,minbias,0,test,18.239935,18.38542366027832,0.007976384764621924,4,120mm,3.6126974
SubNetW8CleanAuxExDnRcK6Rr01QdEma,minbias,0,test,18.588018,18.631093978881836,0.0023173831957907787,3,60mm,3.6103964
SubNetW8CleanAuxExDnRcK6Rr01QdEma,minbias,0,test,50.485607,52.42577362060547,0.03843009093128491,0,15mm,1.3406829
SubNetW8CleanAuxExDnRcK6Rr01QdEma,minbias,0,test,92.39364,93.0330810546875,0.0069208492431060975,1,30mm,4.56215
SubNetW8CleanAuxExDnRcK6Rr01QdEma,minbias,0,test,31.156918,30.986412048339844,-0.005472477284940158,3,60mm,4.5049376
SubNetW8CleanAuxExDnRcK6Rr01QdEma,minbias,0,test,18.399408,18.002687454223633,-0.02156161105236265,2,40mm,2.448405
SubNetW8CleanAuxExDnRcK6Rr01QdEma,minbias,0,test,7.759013,7.826847553253174,0.008742655251437581,4,120mm,1.5612994
SubNetW8CleanAuxExDnRcK6Rr01QdEma,minbias,0,test,62.04693,63.16019058227539,0.017942260884106664,0,15mm,2.2436495
SubNetW8CleanAuxExDnRcK6Rr01QdEma,minbias,0,test,18.301147,18.29277801513672,-0.00045731808995286283,1,30mm,0.7498558
SubNetW8CleanAuxExDnRcK6Rr01QdEma,minbias,0,test,2.7778869,3.0042173862457275,0.08147578699788238,4,120mm,0.63680446
SubNetW8CleanAuxExDnRcK6Rr01QdEma,minbias,0,test,8.233838,8.466607093811035,0.02826980688120706,2,40mm,0.57196283
SubNetW8CleanAuxExDnRcK6Rr01QdEma,minbias,0,test,9.815385,9.803829193115234,-0.0011773019449626831,3,60mm,1.487581
SubNetW8CleanAuxExDnRcK6Rr01QdEma,minbias,0,test,10.635574,10.584495544433594,-0.004802636392721493,2,40mm,1.0804389
SubNetW8CleanAuxExDnRcK6Rr01QdEma,minbias,0,test,39.507004,39.24068832397461,-0.006740968301719774,1,30mm,3.518229
SubNetW8CleanAuxExDnRcK6Rr01QdEma,minbias,0,test,17.312344,15.630166053771973,-0.09716636769452713,3,60mm,3.100764
SubNetW8CleanAuxExDnRcK6Rr01QdEma,minbias,0,test,22.414545,22.451820373535156,0.0016629966940038265,1,30mm,1.774428
SubNetW8CleanAuxExDnRcK6Rr01QdEma,minbias,0,test,21.209993,20.282955169677734,-0.04370761352482366,3,60mm,3.7690182
SubNetW8CleanAuxExDnRcK6Rr01QdEma,minbias,0,test,13.36857,12.747553825378418,-0.046453471624477216,2,40mm,1.4180249
SubNetW8CleanAuxExDnRcK6Rr01QdEma,minbias,0,test,45.928688,47.32926559448242,0.030494612510205688,0,15mm,1.4076335
SubNetW8CleanAuxExDnRcK6Rr01QdEma,minbias,0,test,58.220707,55.480796813964844,-0.04706074985606601,1,30mm,2.9731724
SubNetW8CleanAuxExDnRcK6Rr01QdEma,minbias,0,test,17.41903,17.615324020385742,0.011268985308436008,3,60mm,2.432167
SubNetW8CleanAuxExDnRcK6Rr01QdEma,minbias,0,test,23.778908,23.449005126953125,-0.013873751142616908,3,60mm,4.779755
SubNetW8CleanAuxExDnRcK6Rr01QdEma,minbias,0,test,48.87317,50.1738395690918,0.02661318371302479,1,30mm,2.3008013
SubNetW8CleanAuxExDnRcK6Rr01QdEma,minbias,0,test,26.806574,27.34326934814453,0.02002103972680369,3,60mm,4.018385
SubNetW8CleanAuxExDnRcK6Rr01QdEma,minbias,0,test,31.77341,30.7403621673584,-0.032512991329668894,1,30mm,1.7244761
SubNetW8CleanAuxExDnRcK6Rr01QdEma,minbias,0,test,78.62044,71.28565216064453,-0.09329362292136056,1,30mm,2.7877307
SubNetW8CleanAuxExDnRcK6Rr01QdEma,minbias,0,test,9.914616,9.975446701049805,0.006135494527438112,2,40mm,0.9570337
SubNetW8CleanAuxExDnRcK6Rr01QdEma,minbias,0,test,3.6569717,4.308029651641846,0.17803199293070726,3,60mm,0.57087606
SubNetW8CleanAuxExDnRcK6Rr01QdEma,minbias,0,test,18.89167,17.79688262939453,-0.057950810304143174,2,40mm,3.068318
SubNetW8CleanAuxExDnRcK6Rr01QdEma,minbias,0,test,4.683245,5.182903289794922,0.10669057210030619,3,60mm,0.8251205
SubNetW8CleanAuxExDnRcK6Rr01QdEma,minbias,0,test,19.876225,19.474031448364258,-0.020234882590372094,4,120mm,4.671364
SubNetW8CleanAuxExDnRcK6Rr01QdEma,minbias,0,test,76.943596,80.73578643798828,0.04928533048240924,0,15mm,1.7106239
SubNetW8CleanAuxExDnRcK6Rr01QdEma,minbias,0,test,22.03918,26.86569595336914,0.21899703311449925,0,15mm,1.0056005
SubNetW8CleanAuxExDnRcK6Rr01QdEma,minbias,0,test,31.911283,26.73736000061035,-0.16213460964551218,0,15mm,1.2110823
SubNetW8CleanAuxExDnRcK6Rr01QdEma,minbias,0,test,59.95276,57.796913146972656,-0.03595907320420333,2,40mm,4.3004875
SubNetW8CleanAuxExDnRcK6Rr01QdEma,minbias,0,test,34.460697,34.029850006103516,-0.012502566787677027,2,40mm,4.491438
SubNetW8CleanAuxExDnRcK6Rr01QdEma,minbias,0,test,21.51721,19.828691482543945,-0.07847293044233272,0,15mm,0.647555
SubNetW8CleanAuxExDnRcK6Rr01QdEma,minbias,0,test,16.995285,20.934579849243164,0.23178751089734906,4,120mm,4.0389585
SubNetW8CleanAuxExDnRcK6Rr01QdEma,minbias,0,test,99.3292,93.85623931884766,-0.055099219411338995,0,15mm,3.870875
SubNetW8CleanAuxExDnRcK6Rr01QdEma,minbias,0,test,19.004862,21.69574737548828,0.14158932422964576,2,40mm,1.2905337
SubNetW8CleanAuxExDnRcK6Rr01QdEma,minbias,0,test,9.783461,9.248802185058594,-0.05464921390639865,2,40mm,1.1001322
SubNetW8CleanAuxExDnRcK6Rr01QdEma,minbias,0,test,6.765795,7.380089282989502,0.09079406502307674,3,60mm,1.1108248
SubNetW8CleanAuxExDnRcK6Rr01QdEma,minbias,0,test,8.87458,7.615123271942139,-0.14191737039517405,2,40mm,1.9796457
SubNetW8CleanAuxExDnRcK6Rr01QdEma,minbias,0,test,27.50355,23.1885929107666,-0.15688726479271775,1,30mm,2.4341214
SubNetW8CleanAuxExDnRcK6Rr01QdEma,minbias,0,test,8.485507,7.608303070068359,-0.10337672694929334,2,40mm,1.0215244
SubNetW8CleanAuxExDnRcK6Rr01QdEma,minbias,0,test,28.014183,27.960697174072266,-0.0019092425531914703,2,40mm,2.8534305
SubNetW8CleanAuxExDnRcK6Rr01QdEma,minbias,0,test,41.02297,38.95841598510742,-0.0503267411665973,0,15mm,2.0211205
SubNetW8CleanAuxExDnRcK6Rr01QdEma,minbias,0,test,14.5885105,14.098381042480469,-0.03359695085925085,1,30mm,0.6913992
SubNetW8CleanAuxExDnRcK6Rr01QdEma,minbias,0,test,11.952485,12.146307945251465,0.016216114000307424,2,40mm,1.3074713
SubNetW8CleanAuxExDnRcK6Rr01QdEma,minbias,0,test,70.96159,71.60452270507812,0.009060240114102891,0,15mm,2.5260813
SubNetW8CleanAuxExDnRcK6Rr01QdEma,minbias,0,test,35.979458,35.90684127807617,-0.0020182788034392996,1,30mm,2.1521792
SubNetW8CleanAuxExDnRcK6Rr01QdEma,minbias,0,test,32.74356,32.1367301940918,-0.018532822401231774,2,40mm,2.8944008
SubNetW8CleanAuxExDnRcK6Rr01QdEma,minbias,0,test,37.64607,36.79831314086914,-0.022519095997635352,3,60mm,4.447914
SubNetW8CleanAuxExDnRcK6Rr01QdEma,minbias,0,test,48.976383,48.45711135864258,-0.010602494846701838,2,40mm,4.5882096
SubNetW8CleanAuxExDnRcK6Rr01QdEma,minbias,0,test,42.720287,42.63679885864258,-0.0019543048417308695,2,40mm,2.873735
SubNetW8CleanAuxExDnRcK6Rr01QdEma,minbias,0,test,17.674295,18.03351402282715,0.020324351764289483,2,40mm,1.6611259
SubNetW8CleanAuxExDnRcK6Rr01QdEma,minbias,0,test,45.20622,43.69463348388672,-0.03343755081519917,2,40mm,4.674821
SubNetW8CleanAuxExDnRcK6Rr01QdEma,minbias,0,test,29.83381,28.72669219970703,-0.03710952696443803,3,60mm,3.6533656
SubNetW8CleanAuxExDnRcK6Rr01QdEma,minbias,0,test,37.85197,38.52568817138672,0.01779874301939177,3,60mm,4.337265
SubNetW8CleanAuxExDnRcK6Rr01QdEma,minbias,0,test,41.603752,40.49406814575195,-0.026672690166138935,2,40mm,3.5575757
SubNetW8CleanAuxExDnRcK6Rr01QdEma,minbias,0,test,27.162954,26.288244247436523,-0.03220231762593784,3,60mm,4.7499213
SubNetW8CleanAuxExDnRcK6Rr01QdEma,minbias,0,test,19.937449,20.154129028320312,0.010868016873681219,3,60mm,3.8556724
SubNetW8CleanAuxExDnRcK6Rr01QdEma,minbias,0,test,79.927574,78.97343444824219,-0.011937553710687165,0,15mm,2.8310864
SubNetW8CleanAuxExDnRcK6Rr01QdEma,minbias,0,test,16.098265,15.655611991882324,-0.027496920366245625,3,60mm,3.0957465
SubNetW8CleanAuxExDnRcK6Rr01QdEma,minbias,0,test,24.111485,23.88456153869629,-0.00941140677721275,4,120mm,4.8495092
SubNetW8CleanAuxExDnRcK6Rr01QdEma,minbias,0,test,4.622932,4.809098720550537,0.04027027977643294,3,60mm,0.8110472
SubNetW8CleanAuxExDnRcK6Rr01QdEma,minbias,0,test,23.020739,22.678070068359375,-0.014885210212157163,3,60mm,3.4502325
SubNetW8CleanAuxExDnRcK6Rr01QdEma,minbias,0,test,14.423251,14.374112129211426,-0.0034069310940483266,4,120mm,3.227927
SubNetW8CleanAuxExDnRcK6Rr01QdEma,minbias,0,test,25.16404,24.895214080810547,-0.010682924329829202,3,60mm,4.4872913
SubNetW8CleanAuxExDnRcK6Rr01QdEma,minbias,0,test,33.574883,31.43955421447754,-0.0635989803502921,0,15mm,0.8415039
SubNetW8CleanAuxExDnRcK6Rr01QdEma,minbias,0,test,44.292976,44.51670837402344,0.005051184474768933,2,40mm,4.400393
SubNetW8CleanAuxExDnRcK6Rr01QdEma,minbias,0,test,29.06539,29.77842903137207,0.024532249771715087,2,40mm,2.4821901
SubNetW8CleanAuxExDnRcK6Rr01QdEma,minbias,0,test,9.000977,7.857980728149414,-0.1269857583134425,3,60mm,1.8797085
SubNetW8CleanAuxExDnRcK6Rr01QdEma,minbias,0,test,86.87947,84.8616943359375,-0.02322500897038904,0,15mm,2.7043622
SubNetW8CleanAuxExDnRcK6Rr01QdEma,minbias,0,test,15.291874,14.272685050964355,-0.06664905069582872,3,60mm,2.7333343
SubNetW8CleanAuxExDnRcK6Rr01QdEma,minbias,0,test,84.95876,86.30904388427734,0.015893366523837882,1,30mm,4.5039945
SubNetW8CleanAuxExDnRcK6Rr01QdEma,minbias,0,test,31.751234,31.340194702148438,-0.012945618167489403,2,40mm,2.1466722
SubNetW8CleanAuxExDnRcK6Rr01QdEma,minbias,0,test,94.09496,98.47293090820312,0.04652712208454979,1,30mm,4.47091
SubNetW8CleanAuxExDnRcK6Rr01QdEma,minbias,0,test,3.138086,2.97298526763916,-0.05261194520291501,3,60mm,0.5361712
SubNetW8CleanAuxExDnRcK6Rr01QdEma,minbias,0,test,22.263233,22.11111831665039,-0.006832559624260659,1,30mm,0.9453529
SubNetW8CleanAuxExDnRcK6Rr01QdEma,minbias,0,test,23.382956,23.5247745513916,0.006065058796093092,3,60mm,4.216882
SubNetW8CleanAuxExDnRcK6Rr01QdEma,minbias,0,test,10.812591,10.815378189086914,0.00025780963417765257,3,60mm,2.2041576
SubNetW8CleanAuxExDnRcK6Rr01QdEma,minbias,0,test,17.276144,18.151031494140625,0.050641362159715486,1,30mm,1.1014955
SubNetW8CleanAuxExDnRcK6Rr01QdEma,minbias,0,test,9.975474,10.653562545776367,0.06797553317897442,1,30mm,0.64589715
SubNetW8CleanAuxExDnRcK6Rr01QdEma,minbias,0,test,28.986723,28.102588653564453,-0.030501353817902088,3,60mm,4.9596105
SubNetW8CleanAuxExDnRcK6Rr01QdEma,minbias,0,test,23.202307,22.285564422607422,-0.03951082686769436,3,60mm,2.799865
SubNetW8CleanAuxExDnRcK6Rr01QdEma,minbias,0,test,18.926126,20.362457275390625,0.075891429595915,2,40mm,1.4360523
SubNetW8CleanAuxExDnRcK6Rr01QdEma,minbias,0,test,83.35815,83.20751190185547,-0.001807079111606047,0,15mm,1.7388445
SubNetW8CleanAuxExDnRcK6Rr01QdEma,minbias,0,test,8.707021,8.994956970214844,0.03306942966863091,3,60mm,1.5466245
SubNetW8CleanAuxExDnRcK6Rr01QdEma,minbias,0,test,14.918106,15.214486122131348,0.01986713604651036,2,40mm,1.6787397
SubNetW8CleanAuxExDnRcK6Rr01QdEma,minbias,0,test,5.323016,5.23397159576416,-0.016728217261506417,3,60mm,0.9385798
SubNetW8CleanAuxExDnRcK6Rr01QdEma,minbias,0,test,65.72259,64.4112548828125,-0.019952542205247004,1,30mm,3.7177858
SubNetW8CleanAuxExDnRcK6Rr01QdEma,minbias,0,test,15.912367,15.467793464660645,-0.0279388607690374,2,40mm,2.1947477
SubNetW8CleanAuxExDnRcK6Rr01QdEma,minbias,0,test,51.46977,50.08795928955078,-0.026847006975954213,0,15mm,1.6607345
SubNetW8CleanAuxExDnRcK6Rr01QdEma,minbias,0,test,46.599766,47.04314041137695,0.009514524942146885,0,15mm,1.3384615
SubNetW8CleanAuxExDnRcK6Rr01QdEma,minbias,0,test,26.016298,26.481409072875977,0.017877669357544868,3,60mm,3.618809
SubNetW8CleanAuxExDnRcK6Rr01QdEma,minbias,0,test,49.71238,50.897464752197266,0.02383883671651854,0,15mm,1.479793
SubNetW8CleanAuxExDnRcK6Rr01QdEma,minbias,0,test,24.052292,25.364267349243164,0.05454679687951014,3,60mm,4.759515
SubNetW8CleanAuxExDnRcK6Rr01QdEma,minbias,0,test,62.690342,64.33516693115234,0.02623729478163339,1,30mm,2.697212
SubNetW8CleanAuxExDnRcK6Rr01QdEma,minbias,0,test,26.280302,25.612520217895508,-0.02540997544933765,3,60mm,4.019853
SubNetW8CleanAuxExDnRcK6Rr01QdEma,minbias,0,test,27.96581,26.86578941345215,-0.039334506377275535,2,40mm,3.201937
SubNetW8CleanAuxExDnRcK6Rr01QdEma,minbias,0,test,7.044936,7.207631587982178,0.023093950563620513,3,60mm,1.1864655
SubNetW8CleanAuxExDnRcK6Rr01QdEma,minbias,0,test,22.779545,22.899578094482422,0.0052693442759390585,3,60mm,3.6382205
SubNetW8CleanAuxExDnRcK6Rr01QdEma,minbias,0,test,39.75722,39.199913024902344,-0.014017785446085451,2,40mm,3.2954855
SubNetW8CleanAuxExDnRcK6Rr01QdEma,minbias,0,test,9.401442,9.326766967773438,-0.007942888942583992,3,60mm,1.2845137
SubNetW8CleanAuxExDnRcK6Rr01QdEma,minbias,0,test,16.186605,17.007532119750977,0.05071641911693736,1,30mm,0.696044
SubNetW8CleanAuxExDnRcK6Rr01QdEma,minbias,0,test,26.552458,26.744586944580078,0.007235832423146515,3,60mm,4.558
SubNetW8CleanAuxExDnRcK6Rr01QdEma,minbias,0,test,2.6791174,2.589770793914795,-0.03334928356978217,4,120mm,0.62099046
SubNetW8CleanAuxExDnRcK6Rr01QdEma,minbias,0,test,97.20165,94.5697250366211,-0.027076982971119823,0,15mm,2.8587034
SubNetW8CleanAuxExDnRcK6Rr01QdEma,minbias,0,test,33.338398,31.64567756652832,-0.05077389784106823,1,30mm,1.6722007
SubNetW8CleanAuxExDnRcK6Rr01QdEma,minbias,0,test,14.8583555,15.295265197753906,0.02940498192728369,3,60mm,3.3347926
SubNetW8CleanAuxExDnRcK6Rr01QdEma,minbias,0,test,61.872086,62.48564147949219,0.009916522168889719,2,40mm,4.68769
SubNetW8CleanAuxExDnRcK6Rr01QdEma,minbias,0,test,27.94863,26.58742904663086,-0.04870365248218966,2,40mm,2.77738
SubNetW8CleanAuxExDnRcK6Rr01QdEma,minbias,0,test,37.987434,37.05562973022461,-0.024529286381504756,1,30mm,2.1136813
SubNetW8CleanAuxExDnRcK6Rr01QdEma,minbias,0,test,35.569763,34.77916717529297,-0.02222663120415258,3,60mm,4.7013035
SubNetW8CleanAuxExDnRcK6Rr01QdEma,minbias,0,test,82.3593,79.83354949951172,-0.030667444310781722,0,15mm,2.1983175
SubNetW8CleanAuxExDnRcK6Rr01QdEma,minbias,0,test,7.240847,6.082151889801025,-0.16002205311410345,2,40mm,1.2425567
SubNetW8CleanAuxExDnRcK6Rr01QdEma,minbias,0,test,12.052651,12.633068084716797,0.04815676317705764,2,40mm,1.0504274
SubNetW8CleanAuxExDnRcK6Rr01QdEma,minbias,0,test,94.51804,95.11516571044922,0.0063175471069572,1,30mm,4.6455245
SubNetW8CleanAuxExDnRcK6Rr01QdEma,minbias,0,test,15.389243,15.663226127624512,0.01780353974963167,3,60mm,3.5688984
SubNetW8CleanAuxExDnRcK6Rr01QdEma,minbias,0,test,3.0508032,3.0104360580444336,-0.013231639022081576,3,60mm,0.52654153
SubNetW8CleanAuxExDnRcK6Rr01QdEma,minbias,0,test,69.0535,69.9908447265625,0.013574220692123884,0,15mm,2.1792297
SubNetW8CleanAuxExDnRcK6Rr01QdEma,minbias,0,test,12.948575,13.451188087463379,0.038816091103228034,3,60mm,1.8620118
SubNetW8CleanAuxExDnRcK6Rr01QdEma,minbias,0,test,15.649859,15.86102294921875,0.013492997926211947,3,60mm,2.1122656
SubNetW8CleanAuxExDnRcK6Rr01QdEma,minbias,0,test,74.28725,77.6239013671875,0.044915578529601374,0,15mm,1.5577841
SubNetW8CleanAuxExDnRcK6Rr01QdEma,minbias,0,test,20.467453,21.013683319091797,0.02668775231016407,2,40mm,3.7697635
SubNetW8CleanAuxExDnRcK6Rr01QdEma,minbias,0,test,11.745486,11.186676025390625,-0.047576594252939364,2,40mm,1.0465138
SubNetW8CleanAuxExDnRcK6Rr01QdEma,minbias,0,test,34.079453,36.46135711669922,0.06989268976744745,2,40mm,4.9711814
SubNetW8CleanAuxExDnRcK6Rr01QdEma,minbias,0,test,14.72114,15.322175979614258,0.04082809317350322,2,40mm,1.156141
SubNetW8CleanAuxExDnRcK6Rr01QdEma,minbias,0,test,6.7518773,6.448943614959717,-0.04486658733831683,3,60mm,1.2914426
SubNetW8CleanAuxExDnRcK6Rr01QdEma,minbias,0,test,43.74389,42.8699951171875,-0.019977504530749313,2,40mm,4.6860995
SubNetW8CleanAuxExDnRcK6Rr01QdEma,minbias,0,test,17.165882,16.19659423828125,-0.05646595182639391,4,120mm,3.6509798
SubNetW8CleanAuxExDnRcK6Rr01QdEma,minbias,0,test,25.281662,24.591676712036133,-0.02729192707406003,3,60mm,3.1009617
SubNetW8CleanAuxExDnRcK6Rr01QdEma,minbias,0,test,21.268398,20.697246551513672,-0.02685447797936036,3,60mm,3.3999965
SubNetW8CleanAuxExDnRcK6Rr01QdEma,minbias,0,test,8.393965,8.487777709960938,0.011176237344788786,2,40mm,0.75538737
SubNetW8CleanAuxExDnRcK6Rr01QdEma,minbias,0,test,49.667633,50.20371627807617,0.01079341189511096,0,15mm,1.7906393
SubNetW8CleanAuxExDnRcK6Rr01QdEma,minbias,0,test,23.30951,22.805803298950195,-0.02160946300500388,2,40mm,2.3767748
SubNetW8CleanAuxExDnRcK6Rr01QdEma,minbias,0,test,5.0011616,4.616745948791504,-0.07686526834548091,3,60mm,0.94185877
SubNetW8CleanAuxExDnRcK6Rr01QdEma,minbias,0,test,14.849989,13.957563400268555,-0.060096040533950124,3,60mm,2.1869793
SubNetW8CleanAuxExDnRcK6Rr01QdEma,minbias,0,test,36.042652,38.31367111206055,0.06300920847151859,1,30mm,2.098909
SubNetW8CleanAuxExDnRcK6Rr01QdEma,minbias,0,test,13.750419,13.462596893310547,-0.02093185500513617,3,60mm,2.2938488
SubNetW8CleanAuxExDnRcK6Rr01QdEma,minbias,0,test,20.085712,20.09192657470703,0.00030938120151202675,3,60mm,2.633554
SubNetW8CleanAuxExDnRcK6Rr01QdEma,minbias,0,test,12.606058,12.42039680480957,-0.014727943829855428,3,60mm,2.5991344
SubNetW8CleanAuxExDnRcK6Rr01QdEma,minbias,0,test,8.234126,8.549956321716309,0.03835625386620767,3,60mm,1.5437849
SubNetW8CleanAuxExDnRcK6Rr01QdEma,minbias,0,test,12.856411,12.974329948425293,0.00917199740907959,3,60mm,3.0691402
SubNetW8CleanAuxExDnRcK6Rr01QdEma,minbias,0,test,18.862038,19.621431350708008,0.04026042709477262,2,40mm,3.3143146
SubNetW8CleanAuxExDnRcK6Rr01QdEma,minbias,0,test,29.629951,30.67967414855957,0.035427755334727085,3,60mm,3.9364738
SubNetW8CleanAuxExDnRcK6Rr01QdEma,minbias,0,test,39.56026,40.14926528930664,0.014888792568525044,0,15mm,0.87858874
SubNetW8CleanAuxExDnRcK6Rr01QdEma,minbias,0,test,44.363045,46.785125732421875,0.05459681606424205,0,15mm,1.2297373
SubNetW8CleanAuxExDnRcK6Rr01QdEma,minbias,0,test,47.508644,47.593658447265625,0.0017894500014694614,1,30mm,3.4366999
SubNetW8CleanAuxExDnRcK6Rr01QdEma,minbias,0,test,9.753156,9.954959869384766,0.020691165721856697,3,60mm,2.323528
SubNetW8CleanAuxExDnRcK6Rr01QdEma,minbias,0,test,4.141094,4.0753045082092285,-0.015887032811545687,3,60mm,0.8672373
SubNetW8CleanAuxExDnRcK6Rr01QdEma,minbias,0,test,21.468706,20.877853393554688,-0.027521581124728356,1,30mm,1.8768665
SubNetW8CleanAuxExDnRcK6Rr01QdEma,minbias,0,test,27.905613,26.426240921020508,-0.05301342161601541,3,60mm,2.8847532
SubNetW8CleanAuxExDnRcK6Rr01QdEma,minbias,0,test,26.609062,25.349939346313477,-0.04731932449523368,2,40mm,2.8852987
SubNetW8CleanAuxExDnRcK6Rr01QdEma,minbias,0,test,21.304335,33.68614959716797,0.5811875923656042,0,15mm,0.8345957
SubNetW8CleanAuxExDnRcK6Rr01QdEma,minbias,0,test,45.67661,45.5688591003418,-0.002358974127701141,1,30mm,2.0021193
SubNetW8CleanAuxExDnRcK6Rr01QdEma,minbias,0,test,51.267166,50.07497787475586,-0.02325442096287178,2,40mm,4.9336495
SubNetW8CleanAuxExDnRcK6Rr01QdEma,minbias,0,test,40.333206,39.557342529296875,-0.01923634942535346,3,60mm,4.1668034
SubNetW8CleanAuxExDnRcK6Rr01QdEma,minbias,0,test,19.325064,19.178585052490234,-0.007579724195829418,3,60mm,3.539274
SubNetW8CleanAuxExDnRcK6Rr01QdEma,minbias,0,test,9.698635,9.72551441192627,0.002771452923747697,3,60mm,1.2508876
SubNetW8CleanAuxExDnRcK6Rr01QdEma,minbias,0,test,47.63731,47.17952346801758,-0.009609832288783426,2,40mm,4.6218305
SubNetW8CleanAuxExDnRcK6Rr01QdEma,minbias,0,test,22.606106,21.676063537597656,-0.04114119764328883,1,30mm,1.9702859
SubNetW8CleanAuxExDnRcK6Rr01QdEma,minbias,0,test,23.771372,22.33757209777832,-0.06031623892876903,3,60mm,4.6315594
SubNetW8CleanAuxExDnRcK6Rr01QdEma,minbias,0,test,9.598367,9.235241889953613,-0.03783194134461354,2,40mm,1.5970806
SubNetW8CleanAuxExDnRcK6Rr01QdEma,minbias,0,test,45.99401,48.688446044921875,0.058582303770058575,1,30mm,2.0980582
SubNetW8CleanAuxExDnRcK6Rr01QdEma,minbias,0,test,20.739277,20.38074493408203,-0.01728758210208181,4,120mm,4.212595
SubNetW8CleanAuxExDnRcK6Rr01QdEma,minbias,0,test,7.448288,7.457273006439209,0.0012063232001244817,3,60mm,1.122239
SubNetW8CleanAuxExDnRcK6Rr01QdEma,minbias,0,test,48.484776,47.67335891723633,-0.01673549308799782,1,30mm,2.6002595
SubNetW8CleanAuxExDnRcK6Rr01QdEma,minbias,0,test,17.79794,17.6728572845459,-0.007027893166678956,3,60mm,2.717541
SubNetW8CleanAuxExDnRcK6Rr01QdEma,minbias,0,test,58.368057,57.4907112121582,-0.015031270186805501,1,30mm,2.7959993
SubNetW8CleanAuxExDnRcK6Rr01QdEma,minbias,0,test,25.689213,25.706287384033203,0.000664659719022298,3,60mm,3.797255
SubNetW8CleanAuxExDnRcK6Rr01QdEma,minbias,0,test,32.531757,31.951332092285156,-0.017841804736277722,3,60mm,4.962519
SubNetW8CleanAuxExDnRcK6Rr01QdEma,minbias,0,test,78.95657,79.94429016113281,0.012509619290605567,1,30mm,4.018469
SubNetW8CleanAuxExDnRcK6Rr01QdEma,minbias,0,test,21.057917,23.05192756652832,0.09469174749169262,2,40mm,2.2348514
SubNetW8CleanAuxExDnRcK6Rr01QdEma,minbias,0,test,43.88619,42.263240814208984,-0.03698083037239075,2,40mm,3.0108676
SubNetW8CleanAuxExDnRcK6Rr01QdEma,minbias,0,test,94.12719,95.03230285644531,0.009615853014551812,0,15mm,2.1526947
SubNetW8CleanAuxExDnRcK6Rr01QdEma,minbias,0,test,42.86561,46.18938446044922,0.07753946306839876,1,30mm,4.1174707
SubNetW8CleanAuxExDnRcK6Rr01QdEma,minbias,0,test,28.552721,29.51559829711914,0.033722785046128356,3,60mm,3.960333
SubNetW8CleanAuxExDnRcK6Rr01QdEma,minbias,0,test,14.2180195,14.691716194152832,0.033316645061794325,3,60mm,3.2270472
SubNetW8CleanAuxExDnRcK6Rr01QdEma,minbias,0,test,4.3356466,4.414682388305664,0.0182292898220624,3,60mm,0.5141715
SubNetW8CleanAuxExDnRcK6Rr01QdEma,minbias,0,test,31.174414,31.776708602905273,0.019320168393142767,3,60mm,3.951897
SubNetW8CleanAuxExDnRcK6Rr01QdEma,minbias,0,test,8.092852,8.195530891418457,0.01268764796481725,2,40mm,0.62681997
SubNetW8CleanAuxExDnRcK6Rr01QdEma,minbias,0,test,3.2622416,3.125823736190796,-0.041817217238564575,3,60mm,0.71258414
SubNetW8CleanAuxExDnRcK6Rr01QdEma,minbias,0,test,47.030582,48.59123229980469,0.033183724105822376,0,15mm,1.5700357
SubNetW8CleanAuxExDnRcK6Rr01QdEma,minbias,0,test,23.847914,24.404098510742188,0.023322156172332242,2,40mm,3.63724
SubNetW8CleanAuxExDnRcK6Rr01QdEma,minbias,0,test,7.776616,8.562355995178223,0.10103879231425883,3,60mm,1.6082188
SubNetW8CleanAuxExDnRcK6Rr01QdEma,minbias,0,test,77.98741,82.19451904296875,0.05394598260256389,1,30mm,4.204136
SubNetW8CleanAuxExDnRcK6Rr01QdEma,minbias,0,test,4.404107,4.327854633331299,-0.01731394329327085,4,120mm,1.0553544
SubNetW8CleanAuxExDnRcK6Rr01QdEma,minbias,0,test,26.033857,30.809932708740234,0.18345630844327654,2,40mm,3.340427
SubNetW8CleanAuxExDnRcK6Rr01QdEma,minbias,0,test,25.217772,24.819345474243164,-0.01579941571886434,3,60mm,3.490871
SubNetW8CleanAuxExDnRcK6Rr01QdEma,minbias,0,test,18.101292,18.977968215942383,0.0484317128349081,2,40mm,3.3366032
SubNetW8CleanAuxExDnRcK6Rr01QdEma,minbias,0,test,11.566683,11.442092895507812,-0.010771447789372224,2,40mm,2.4837024
SubNetW8CleanAuxExDnRcK6Rr01QdEma,minbias,0,test,33.86369,33.45928955078125,-0.01194199092660575,2,40mm,3.1760786
SubNetW8CleanAuxExDnRcK6Rr01QdEma,minbias,0,test,11.062323,11.752676963806152,0.062405913401448965,4,120mm,2.4620826
SubNetW8CleanAuxExDnRcK6Rr01QdEma,minbias,0,test,63.257496,64.32464599609375,0.01686993930314684,2,40mm,4.0187163
SubNetW8CleanAuxExDnRcK6Rr01QdEma,minbias,0,test,25.08496,24.912670135498047,-0.006868290623661788,1,30mm,0.9962165
SubNetW8CleanAuxExDnRcK6Rr01QdEma,minbias,0,test,25.233248,25.736839294433594,0.019957460186103892,2,40mm,2.1793404
SubNetW8CleanAuxExDnRcK6Rr01QdEma,minbias,0,test,21.176096,22.27054214477539,0.05168309513650815,2,40mm,2.1647592
SubNetW8CleanAuxExDnRcK6Rr01QdEma,minbias,0,test,15.87366,15.85819149017334,-0.0009744820871027127,3,60mm,2.7992146
SubNetW8CleanAuxExDnRcK6Rr01QdEma,minbias,0,test,16.528727,16.678688049316406,0.009072778284045624,3,60mm,2.8052785
SubNetW8CleanAuxExDnRcK6Rr01QdEma,minbias,0,test,23.438663,22.91570472717285,-0.022311799300327673,1,30mm,1.359508
SubNetW8CleanAuxExDnRcK6Rr01QdEma,minbias,0,test,19.46073,19.151437759399414,-0.01589312661820852,3,60mm,2.8025658
SubNetW8CleanAuxExDnRcK6Rr01QdEma,minbias,0,test,6.27212,6.144973278045654,-0.02027172963972035,3,60mm,1.4542412
SubNetW8CleanAuxExDnRcK6Rr01QdEma,minbias,0,test,22.512835,21.953264236450195,-0.024855613418350853,3,60mm,4.0212803
SubNetW8CleanAuxExDnRcK6Rr01QdEma,minbias,0,test,31.758596,32.21535110473633,0.014382080316259094,3,60mm,4.2376056
SubNetW8CleanAuxExDnRcK6Rr01QdEma,minbias,0,test,42.89064,41.76416778564453,-0.026263829738790045,2,40mm,4.7770767
SubNetW8CleanAuxExDnRcK6Rr01QdEma,minbias,0,test,18.649008,18.917593002319336,0.01440211768895594,3,60mm,3.5204396
SubNetW8CleanAuxExDnRcK6Rr01QdEma,minbias,0,test,26.359968,26.572338104248047,0.008056531682032464,3,60mm,4.491419
SubNetW8CleanAuxExDnRcK6Rr01QdEma,minbias,0,test,50.286625,46.8375358581543,-0.06858859699915121,0,15mm,1.895492
SubNetW8CleanAuxExDnRcK6Rr01QdEma,minbias,0,test,15.736994,15.441028594970703,-0.01880697156380473,3,60mm,2.4995396
SubNetW8CleanAuxExDnRcK6Rr01QdEma,minbias,0,test,16.550516,16.15155029296875,-0.02410594524501286,3,60mm,2.2813585
SubNetW8CleanAuxExDnRcK6Rr01QdEma,minbias,0,test,23.737658,23.363628387451172,-0.015756784712450123,3,60mm,4.247582
SubNetW8CleanAuxExDnRcK6Rr01QdEma,minbias,0,test,31.026245,36.732669830322266,0.18392250469179716,1,30mm,1.9560755
SubNetW8CleanAuxExDnRcK6Rr01QdEma,minbias,0,test,7.2750998,7.172421455383301,-0.014113662000171723,3,60mm,1.7338157
SubNetW8CleanAuxExDnRcK6Rr01QdEma,minbias,0,test,14.573923,14.790016174316406,0.01482737775609344,3,60mm,2.6130333
SubNetW8CleanAuxExDnRcK6Rr01QdEma,minbias,0,test,11.882173,11.681618690490723,-0.01687855420514739,2,40mm,1.4071813
SubNetW8CleanAuxExDnRcK6Rr01QdEma,minbias,0,test,34.664135,35.08854293823242,0.012243431409393324,1,30mm,3.4431956
SubNetW8CleanAuxExDnRcK6Rr01QdEma,minbias,0,test,28.403114,28.41338539123535,0.00036161782374977136,3,60mm,4.8523326
SubNetW8CleanAuxExDnRcK6Rr01QdEma,minbias,0,test,10.918667,10.562763214111328,-0.032595886541523234,3,60mm,1.25747
SubNetW8CleanAuxExDnRcK6Rr01QdEma,minbias,0,test,5.976537,5.770687580108643,-0.034442962485081274,3,60mm,1.3964477
SubNetW8CleanAuxExDnRcK6Rr01QdEma,minbias,0,test,24.25079,24.715051651000977,0.01914420171525233,2,40mm,2.0441556
SubNetW8CleanAuxExDnRcK6Rr01QdEma,minbias,0,test,22.315008,22.593772888183594,0.012492252868094855,1,30mm,1.3555472
SubNetW8CleanAuxExDnRcK6Rr01QdEma,minbias,0,test,19.225061,19.127153396606445,-0.005092728595127327,3,60mm,3.517936
SubNetW8CleanAuxExDnRcK6Rr01QdEma,minbias,0,test,31.238554,30.800722122192383,-0.014015753694941568,3,60mm,4.856707
SubNetW8CleanAuxExDnRcK6Rr01QdEma,minbias,0,test,24.340263,24.40522575378418,0.002668927041021174,3,60mm,4.174689
SubNetW8CleanAuxExDnRcK6Rr01QdEma,minbias,0,test,54.23688,53.97269058227539,-0.004871052090562378,2,40mm,3.9136004
SubNetW8CleanAuxExDnRcK6Rr01QdEma,minbias,0,test,5.5338964,5.628392696380615,0.01707589780018348,3,60mm,1.1433136
SubNetW8CleanAuxExDnRcK6Rr01QdEma,minbias,0,test,52.99875,53.55481719970703,0.010492104685825732,1,30mm,2.2397833
SubNetW8CleanAuxExDnRcK6Rr01QdEma,minbias,0,test,14.685513,16.45729637145996,0.12064841615712729,2,40mm,1.8636627
SubNetW8CleanAuxExDnRcK6Rr01QdEma,minbias,0,test,8.936529,8.683414459228516,-0.028323602575280438,3,60mm,1.0529095
SubNetW8CleanAuxExDnRcK6Rr01QdEma,minbias,0,test,38.231976,37.4464225769043,-0.020547015086283205,2,40mm,4.617192
SubNetW8CleanAuxExDnRcK6Rr01QdEma,minbias,0,test,10.147948,10.837555885314941,0.067955374054532,2,40mm,1.7836132
SubNetW8CleanAuxExDnRcK6Rr01QdEma,minbias,0,test,88.3549,90.54373931884766,0.024773304695258735,0,15mm,4.8705745
SubNetW8CleanAuxExDnRcK6Rr01QdEma,minbias,0,test,76.29372,77.12842559814453,0.010940732822198429,0,15mm,2.7295272
SubNetW8CleanAuxExDnRcK6Rr01QdEma,minbias,0,test,67.14613,66.75618743896484,-0.005807422765969905,0,15mm,2.2320433
SubNetW8CleanAuxExDnRcK6Rr01QdEma,minbias,0,test,23.36574,22.551591873168945,-0.034843662362391004,1,30mm,1.3258446
SubNetW8CleanAuxExDnRcK6Rr01QdEma,minbias,0,test,81.78867,80.67190551757812,-0.013654309782322294,0,15mm,1.9372134
SubNetW8CleanAuxExDnRcK6Rr01QdEma,minbias,0,test,27.569899,26.056058883666992,-0.054909150858687084,2,40mm,3.1962166
SubNetW8CleanAuxExDnRcK6Rr01QdEma,minbias,0,test,5.920055,6.381924629211426,0.078017809541568,2,40mm,1.2758856
SubNetW8CleanAuxExDnRcK6Rr01QdEma,minbias,0,test,12.78752,13.271242141723633,0.037827641140403934,2,40mm,1.6763563
SubNetW8CleanAuxExDnRcK6Rr01QdEma,minbias,0,test,6.613138,5.924426078796387,-0.10414301037526363,3,60mm,1.5934623
SubNetW8CleanAuxExDnRcK6Rr01QdEma,minbias,0,test,14.4169855,14.504071235656738,0.006040494651659234,3,60mm,2.6694593
SubNetW8CleanAuxExDnRcK6Rr01QdEma,minbias,0,test,30.841436,30.880338668823242,0.0012613641669545483,3,60mm,4.8659024
SubNetW8CleanAuxExDnRcK6Rr01QdEma,minbias,0,test,20.2376,19.526973724365234,-0.03511417315821719,3,60mm,4.8466687
SubNetW8CleanAuxExDnRcK6Rr01QdEma,minbias,0,test,53.743893,56.13901901245117,0.04456555384803318,1,30mm,3.0514321
SubNetW8CleanAuxExDnRcK6Rr01QdEma,minbias,0,test,71.375786,70.56206512451172,-0.011400514806100048,1,30mm,4.9779205
SubNetW8CleanAuxExDnRcK6Rr01QdEma,minbias,0,test,22.680779,22.48862648010254,-0.008472020626914212,3,60mm,4.170724
SubNetW8CleanAuxExDnRcK6Rr01QdEma,minbias,0,test,28.38455,27.344301223754883,-0.03664841850170264,2,40mm,2.1417973
SubNetW8CleanAuxExDnRcK6Rr01QdEma,minbias,0,test,9.149748,9.142387390136719,-0.0008044438487144756,3,60mm,1.6527797
SubNetW8CleanAuxExDnRcK6Rr01QdEma,minbias,0,test,8.596714,8.421539306640625,-0.020376938529280353,4,120mm,1.741775
SubNetW8CleanAuxExDnRcK6Rr01QdEma,minbias,0,test,14.166091,14.53155517578125,0.02579852207685307,2,40mm,1.2065738
SubNetW8CleanAuxExDnRcK6Rr01QdEma,minbias,0,test,9.267544,9.567728996276855,0.0323910207781164,4,120mm,2.0578866
SubNetW8CleanAuxExDnRcK6Rr01QdEma,minbias,0,test,22.629747,25.526569366455078,0.12800947026445697,1,30mm,2.211545
SubNetW8CleanAuxExDnRcK6Rr01QdEma,minbias,0,test,17.640144,18.262426376342773,0.035276470300748874,3,60mm,3.2500222
SubNetW8CleanAuxExDnRcK6Rr01QdEma,minbias,0,test,85.123566,85.01921844482422,-0.0012258324493095163,0,15mm,2.7337496
SubNetW8CleanAuxExDnRcK6Rr01QdEma,minbias,0,test,45.717358,46.028228759765625,0.0067998489052263356,1,30mm,3.1117516
SubNetW8CleanAuxExDnRcK6Rr01QdEma,minbias,0,test,81.520485,80.28459167480469,-0.015160523770916257,2,40mm,4.907567
SubNetW8CleanAuxExDnRcK6Rr01QdEma,minbias,0,test,75.14396,74.56678771972656,-0.007680874590794473,1,30mm,4.4498706
SubNetW8CleanAuxExDnRcK6Rr01QdEma,minbias,0,test,14.455907,14.08506965637207,-0.025652988428575885,2,40mm,0.95938194
SubNetW8CleanAuxExDnRcK6Rr01QdEma,minbias,0,test,15.535888,15.674416542053223,0.00891669831587727,4,120mm,3.5007148
SubNetW8CleanAuxExDnRcK6Rr01QdEma,minbias,0,test,26.041044,26.116962432861328,0.0029153284693987924,3,60mm,3.2265668
SubNetW8CleanAuxExDnRcK6Rr01QdEma,minbias,0,test,3.5807266,3.5235137939453125,-0.015977994302552756,3,60mm,0.5595579
SubNetW8CleanAuxExDnRcK6Rr01QdEma,minbias,0,test,97.59769,97.58686065673828,-0.00011092589587313739,1,30mm,4.8957148
SubNetW8CleanAuxExDnRcK6Rr01QdEma,minbias,0,test,6.603208,6.439150333404541,-0.02484515556872724,3,60mm,1.2006477
SubNetW8CleanAuxExDnRcK6Rr01QdEma,minbias,0,test,77.535416,77.45086669921875,-0.0010904558837681044,1,30mm,3.6958709
SubNetW8CleanAuxExDnRcK6Rr01QdEma,minbias,0,test,70.255905,67.46354675292969,-0.039745533025605906,1,30mm,3.705325
SubNetW8CleanAuxExDnRcK6Rr01QdEma,minbias,0,test,23.41646,23.466711044311523,0.002145969416392557,3,60mm,2.6913986
SubNetW8CleanAuxExDnRcK6Rr01QdEma,minbias,0,test,30.632046,44.23832702636719,0.4441845442974084,0,15mm,0.6757703
SubNetW8CleanAuxExDnRcK6Rr01QdEma,minbias,0,test,17.837025,17.53128433227539,-0.017140771052396864,4,120mm,4.155899
SubNetW8CleanAuxExDnRcK6Rr01QdEma,minbias,0,test,35.913746,36.35383987426758,0.012254193578402406,2,40mm,3.5195558
SubNetW8CleanAuxExDnRcK6Rr01QdEma,minbias,0,test,13.817831,13.985191345214844,0.012111908541114547,2,40mm,1.4915674
SubNetW8CleanAuxExDnRcK6Rr01QdEma,minbias,0,test,81.94903,80.04033660888672,-0.0232912025008698,1,30mm,4.5781703
SubNetW8CleanAuxExDnRcK6Rr01QdEma,minbias,0,test,16.228252,15.7567138671875,-0.029056643424204,3,60mm,2.3831682
SubNetW8CleanAuxExDnRcK6Rr01QdEma,minbias,0,test,3.7199152,3.3264691829681396,-0.10576745774943752,2,40mm,0.6927417
SubNetW8CleanAuxExDnRcK6Rr01QdEma,minbias,0,test,34.39435,33.3604621887207,-0.030059763059499534,2,40mm,4.6040077
SubNetW8CleanAuxExDnRcK6Rr01QdEma,minbias,0,test,43.85021,43.493412017822266,-0.008136706269444738,0,15mm,1.4746933
SubNetW8CleanAuxExDnRcK6Rr01QdEma,minbias,0,test,18.306665,18.136903762817383,-0.00927321572854245,3,60mm,3.0181656
SubNetW8CleanAuxExDnRcK6Rr01QdEma,minbias,0,test,55.807888,55.06663513183594,-0.013282224526362518,1,30mm,3.5188122
SubNetW8CleanAuxExDnRcK6Rr01QdEma,minbias,0,test,92.35149,90.11475372314453,-0.02421977788120877,1,30mm,4.8039355
SubNetW8CleanAuxExDnRcK6Rr01QdEma,minbias,0,test,8.987794,8.94781494140625,-0.004448141708981557,3,60mm,1.4778999
SubNetW8CleanAuxExDnRcK6Rr01QdEma,minbias,0,test,51.180477,51.68537902832031,0.009865126590793416,2,40mm,3.7744777
SubNetW8CleanAuxExDnRcK6Rr01QdEma,minbias,0,test,10.0406275,9.227359771728516,-0.08099769755235409,2,40mm,0.713337
SubNetW8CleanAuxExDnRcK6Rr01QdEma,minbias,0,test,69.68196,68.5760498046875,-0.015870840000289044,0,15mm,1.7709674
SubNetW8CleanAuxExDnRcK6Rr01QdEma,minbias,0,test,11.677908,13.152444839477539,0.1262672135161167,3,60mm,1.475946
SubNetW8CleanAuxExDnRcK6Rr01QdEma,minbias,0,test,51.96126,54.6827507019043,0.05237534388154219,1,30mm,2.428372
SubNetW8CleanAuxExDnRcK6Rr01QdEma,minbias,0,test,30.314617,29.944835662841797,-0.012198125156116402,3,60mm,4.804678
SubNetW8CleanAuxExDnRcK6Rr01QdEma,minbias,0,test,5.209093,6.3671746253967285,0.22231922345312172,1,30mm,0.5231335
SubNetW8CleanAuxExDnRcK6Rr01QdEma,minbias,0,test,36.98094,36.41825485229492,-0.01521559195620703,2,40mm,2.8419814
SubNetW8CleanAuxExDnRcK6Rr01QdEma,minbias,0,test,9.772142,10.796403884887695,0.10481442365515048,2,40mm,1.0768938
SubNetW8CleanAuxExDnRcK6Rr01QdEma,minbias,0,test,11.947091,11.957745552062988,0.0008918028138724665,3,60mm,2.0621843
SubNetW8CleanAuxExDnRcK6Rr01QdEma,minbias,0,test,61.15917,62.013179779052734,0.013963753271555968,1,30mm,4.885953
SubNetW8CleanAuxExDnRcK6Rr01QdEma,minbias,0,test,9.9930935,9.72271728515625,-0.027056307008300196,3,60mm,1.8344932
SubNetW8CleanAuxExDnRcK6Rr01QdEma,minbias,0,test,9.846626,9.031773567199707,-0.08275450811511087,2,40mm,1.6912757
SubNetW8CleanAuxExDnRcK6Rr01QdEma,minbias,0,test,8.877878,8.881762504577637,0.00043752745960157213,3,60mm,1.4699275
SubNetW8CleanAuxExDnRcK6Rr01QdEma,minbias,0,test,46.293575,48.70134353637695,0.05201085106500436,0,15mm,0.9544204
SubNetW8CleanAuxExDnRcK6Rr01QdEma,minbias,0,test,35.710144,37.16057586669922,0.040616801264795166,0,15mm,0.8486376
SubNetW8CleanAuxExDnRcK6Rr01QdEma,minbias,0,test,40.34009,39.499656677246094,-0.020833741138106765,2,40mm,3.8161085
SubNetW8CleanAuxExDnRcK6Rr01QdEma,minbias,0,test,86.40817,90.29631042480469,0.044997338793956176,1,30mm,4.411942
SubNetW8CleanAuxExDnRcK6Rr01QdEma,minbias,0,test,62.992466,64.00769805908203,0.016116722381028792,1,30mm,3.9291823
SubNetW8CleanAuxExDnRcK6Rr01QdEma,minbias,0,test,23.535454,22.957210540771484,-0.024569029372359497,3,60mm,3.7045557
SubNetW8CleanAuxExDnRcK6Rr01QdEma,minbias,0,test,65.5218,68.97283172607422,0.0526700227163881,1,30mm,4.6362195
SubNetW8CleanAuxExDnRcK6Rr01QdEma,minbias,0,test,62.56061,71.43407440185547,0.14183785024398632,1,30mm,3.5588508
SubNetW8CleanAuxExDnRcK6Rr01QdEma,minbias,0,test,7.796004,8.47684383392334,0.08733192431161863,3,60mm,1.3800596
SubNetW8CleanAuxExDnRcK6Rr01QdEma,minbias,0,test,14.824229,14.215042114257812,-0.041094016847685544,2,40mm,1.7584273
SubNetW8CleanAuxExDnRcK6Rr01QdEma,minbias,0,test,8.924632,9.240507125854492,0.03539362192654427,2,40mm,0.8638291
SubNetW8CleanAuxExDnRcK6Rr01QdEma,minbias,0,test,26.707376,30.121238708496094,0.1278246940854315,3,60mm,2.9993942
SubNetW8CleanAuxExDnRcK6Rr01QdEma,minbias,0,test,34.4024,34.640933990478516,0.006933615482952904,2,40mm,4.9553924
SubNetW8CleanAuxExDnRcK6Rr01QdEma,minbias,0,test,13.581909,13.398248672485352,-0.013522436704025642,3,60mm,2.864853
SubNetW8CleanAuxExDnRcK6Rr01QdEma,minbias,0,test,14.812159,14.44271469116211,-0.024941934784363906,1,30mm,1.0537002
SubNetW8CleanAuxExDnRcK6Rr01QdEma,minbias,0,test,27.586832,27.589902877807617,0.00011131511199446997,3,60mm,3.1251988
SubNetW8CleanAuxExDnRcK6Rr01QdEma,minbias,0,test,35.83501,34.31324768066406,-0.04246581277511774,1,30mm,2.069952
SubNetW8CleanAuxExDnRcK6Rr01QdEma,minbias,0,test,8.828974,8.54796314239502,-0.03182823225694953,3,60mm,2.0177624
SubNetW8CleanAuxExDnRcK6Rr01QdEma,minbias,0,test,28.720486,30.572153091430664,0.0644720087375279,1,30mm,1.7321967
SubNetW8CleanAuxExDnRcK6Rr01QdEma,minbias,0,test,23.37453,25.25206184387207,0.08032379637153397,1,30mm,1.0046394
SubNetW8CleanAuxExDnRcK6Rr01QdEma,minbias,0,test,7.43317,8.728824615478516,0.1743071665646576,2,40mm,0.5832622
SubNetW8CleanAuxExDnRcK6Rr01QdEma,minbias,0,test,4.6765804,4.851831436157227,0.03747417792505736,3,60mm,0.88533825
SubNetW8CleanAuxExDnRcK6Rr01QdEma,minbias,0,test,67.334526,66.15599822998047,-0.01750257855748305,1,30mm,2.9299302
SubNetW8CleanAuxExDnRcK6Rr01QdEma,minbias,0,test,75.77775,74.83878326416016,-0.012391036513949683,0,15mm,2.3993447
SubNetW8CleanAuxExDnRcK6Rr01QdEma,minbias,0,test,28.37057,27.82265281677246,-0.01931284522099086,3,60mm,4.3098946
SubNetW8CleanAuxExDnRcK6Rr01QdEma,minbias,0,test,91.8621,89.23155975341797,-0.028635737456821908,0,15mm,2.664809
SubNetW8CleanAuxExDnRcK6Rr01QdEma,minbias,0,test,87.84351,92.012451171875,0.04745868553673516,0,15mm,2.6295488
SubNetW8CleanAuxExDnRcK6Rr01QdEma,minbias,0,test,26.738668,26.899658203125,0.006020859329742612,0,15mm,1.4242244
SubNetW8CleanAuxExDnRcK6Rr01QdEma,minbias,0,test,91.9485,91.63777923583984,-0.0033793084793286576,0,15mm,4.1033545
SubNetW8CleanAuxExDnRcK6Rr01QdEma,minbias,0,test,11.208395,11.065690994262695,-0.012731886229506495,3,60mm,2.3079925
SubNetW8CleanAuxExDnRcK6Rr01QdEma,minbias,0,test,26.852438,26.79312515258789,-0.002208843029231078,3,60mm,4.918742
SubNetW8CleanAuxExDnRcK6Rr01QdEma,minbias,0,test,11.387173,12.807075500488281,0.1246931823244879,3,60mm,1.824912
SubNetW8CleanAuxExDnRcK6Rr01QdEma,minbias,0,test,31.446613,24.570690155029297,-0.21865385275575144,1,30mm,1.6220316
SubNetW8CleanAuxExDnRcK6Rr01QdEma,minbias,0,test,9.004385,9.335173606872559,0.03673639149897756,3,60mm,1.1165873
SubNetW8CleanAuxExDnRcK6Rr01QdEma,minbias,0,test,41.334164,41.0256462097168,-0.007463982059716101,1,30mm,2.0192378
SubNetW8CleanAuxExDnRcK6Rr01QdEma,minbias,0,test,12.829204,11.852001190185547,-0.0761701540878037,2,40mm,1.8023075
SubNetW8CleanAuxExDnRcK6Rr01QdEma,minbias,0,test,35.18941,34.39018630981445,-0.022712083751730283,2,40mm,4.667203
SubNetW8CleanAuxExDnRcK6Rr01QdEma,minbias,0,test,10.898325,10.489751815795898,-0.03748953640979369,3,60mm,2.483993
SubNetW8CleanAuxExDnRcK6Rr01QdEma,minbias,0,test,73.17177,82.7621841430664,0.13106716144793373,1,30mm,3.6247818
SubNetW8CleanAuxExDnRcK6Rr01QdEma,minbias,0,test,12.914834,13.459300994873047,0.04215826323447813,2,40mm,0.7761096
SubNetW8CleanAuxExDnRcK6Rr01QdEma,minbias,0,test,98.40882,101.2689437866211,0.02906368198014042,1,30mm,4.2383633
SubNetW8CleanAuxExDnRcK6Rr01QdEma,minbias,0,test,7.5608625,7.30784273147583,-0.03346441075263695,3,60mm,0.9344519
SubNetW8CleanAuxExDnRcK6Rr01QdEma,minbias,0,test,42.93797,39.15960693359375,-0.08799583082021378,2,40mm,2.9366577
SubNetW8CleanAuxExDnRcK6Rr01QdEma,minbias,0,test,33.970173,33.86838150024414,-0.0029964928994998807,2,40mm,3.1916375
SubNetW8CleanAuxExDnRcK6Rr01QdEma,minbias,0,test,7.843614,7.758668899536133,-0.010829854806154948,4,120mm,1.7648649
SubNetW8CleanAuxExDnRcK6Rr01QdEma,minbias,0,test,18.070787,17.97368621826172,-0.005373380209634515,2,40mm,1.9204764
SubNetW8CleanAuxExDnRcK6Rr01QdEma,minbias,0,test,12.087505,11.942134857177734,-0.012026508307752093,3,60mm,1.6308882
SubNetW8CleanAuxExDnRcK6Rr01QdEma,minbias,0,test,39.551605,43.20637893676758,0.09240519294736904,0,15mm,1.7363713
SubNetW8CleanAuxExDnRcK6Rr01QdEma,minbias,0,test,31.449064,32.38808059692383,0.029858323750314497,2,40mm,2.2016382
SubNetW8CleanAuxExDnRcK6Rr01QdEma,minbias,0,test,9.022978,8.73153305053711,-0.032300287551005225,3,60mm,1.7761704
SubNetW8CleanAuxExDnRcK6Rr01QdEma,minbias,0,test,36.65095,36.13503646850586,-0.014076439969204269,2,40mm,2.7311199
SubNetW8CleanAuxExDnRcK6Rr01QdEma,minbias,0,test,21.872616,21.8458309173584,-0.001224585896726027,2,40mm,3.9221041
SubNetW8CleanAuxExDnRcK6Rr01QdEma,minbias,0,test,8.299784,4.0681376457214355,-0.509850161221121,2,40mm,1.0410925
SubNetW8CleanAuxExDnRcK6Rr01QdEma,minbias,0,test,12.450164,12.189393997192383,-0.020945093364252876,4,120mm,2.5345516
SubNetW8CleanAuxExDnRcK6Rr01QdEma,minbias,0,test,9.528942,10.050097465515137,0.05469183792342136,3,60mm,1.2328085
SubNetW8CleanAuxExDnRcK6Rr01QdEma,minbias,0,test,10.711798,9.619332313537598,-0.10198712016790401,2,40mm,0.8134915
SubNetW8CleanAuxExDnRcK6Rr01QdEma,minbias,0,test,22.57697,22.86960220336914,0.012961574015484256,3,60mm,4.6252685
SubNetW8CleanAuxExDnRcK6Rr01QdEma,minbias,0,test,87.36268,82.73551177978516,-0.052965028385350554,0,15mm,2.0006258
SubNetW8CleanAuxExDnRcK6Rr01QdEma,minbias,0,test,18.93469,18.089839935302734,-0.0446191893791934,4,120mm,4.170661
SubNetW8CleanAuxExDnRcK6Rr01QdEma,minbias,0,test,45.981743,45.93522644042969,-0.0010116279976551956,2,40mm,3.2613978
SubNetW8CleanAuxExDnRcK6Rr01QdEma,minbias,0,test,3.3063219,3.403615951538086,0.029426685095075733,3,60mm,0.6225957
SubNetW8CleanAuxExDnRcK6Rr01QdEma,minbias,0,test,4.6699724,6.450042247772217,0.38117352053505726,3,60mm,0.65271616
SubNetW8CleanAuxExDnRcK6Rr01QdEma,minbias,0,test,26.211075,25.87468147277832,-0.012834016098788648,2,40mm,4.70081
SubNetW8CleanAuxExDnRcK6Rr01QdEma,minbias,0,test,14.292065,14.725893020629883,0.03035449139067925,2,40mm,1.354228
SubNetW8CleanAuxExDnRcK6Rr01QdEma,minbias,0,test,34.357826,33.989444732666016,-0.010721909405644547,3,60mm,4.6673684
SubNetW8CleanAuxExDnRcK6Rr01QdEma,minbias,0,test,25.122377,25.912914276123047,0.031467439090007376,2,40mm,2.1373482
SubNetW8CleanAuxExDnRcK6Rr01QdEma,minbias,0,test,12.09549,12.403940200805664,0.02550121851691567,2,40mm,1.1600844
SubNetW8CleanAuxExDnRcK6Rr01QdEma,minbias,0,test,13.932798,14.22128963470459,0.02070590854039933,3,60mm,2.8373907
SubNetW8CleanAuxExDnRcK6Rr01QdEma,minbias,0,test,18.864693,19.474306106567383,0.03231504634937732,3,60mm,2.1177068
SubNetW8CleanAuxExDnRcK6Rr01QdEma,minbias,0,test,58.46794,57.86996078491211,-0.010227493668045096,2,40mm,4.892685
SubNetW8CleanAuxExDnRcK6Rr01QdEma,minbias,0,test,8.355452,8.121586799621582,-0.0279894846967228,2,40mm,0.83392
SubNetW8CleanAuxExDnRcK6Rr01QdEma,minbias,0,test,24.117277,23.071908950805664,-0.04334519972044537,4,120mm,4.9885225
SubNetW8CleanAuxExDnRcK6Rr01QdEma,minbias,0,test,14.717875,14.859310150146484,0.009609785904187262,3,60mm,2.3512518
SubNetW8CleanAuxExDnRcK6Rr01QdEma,minbias,0,test,87.790665,87.62721252441406,-0.001861839741692295,0,15mm,3.2594688
SubNetW8CleanAuxExDnRcK6Rr01QdEma,minbias,0,test,12.035139,12.080500602722168,0.0037690897083764163,3,60mm,2.3211124
SubNetW8CleanAuxExDnRcK6Rr01QdEma,minbias,0,test,16.897196,16.24578857421875,-0.03855120393426026,3,60mm,3.1101093
SubNetW8CleanAuxExDnRcK6Rr01QdEma,minbias,0,test,12.246914,14.592016220092773,0.19148516331797216,3,60mm,1.4504614
SubNetW8CleanAuxExDnRcK6Rr01QdEma,minbias,0,test,2.1669378,2.217886447906494,0.02351180508397377,3,60mm,0.50217986
SubNetW8CleanAuxExDnRcK6Rr01QdEma,minbias,0,test,19.016344,18.67015266418457,-0.018204940180286067,3,60mm,3.3367102
SubNetW8CleanAuxExDnRcK6Rr01QdEma,minbias,0,test,92.5648,91.57042694091797,-0.010742415529398253,0,15mm,2.44187
SubNetW8CleanAuxExDnRcK6Rr01QdEma,minbias,0,test,11.545674,11.15456771850586,-0.03387473044476785,2,40mm,1.4469914
SubNetW8CleanAuxExDnRcK6Rr01QdEma,minbias,0,test,67.15226,77.36305236816406,0.1520543399114338,0,15mm,1.5910664
SubNetW8CleanAuxExDnRcK6Rr01QdEma,minbias,0,test,61.783356,60.35585021972656,-0.023105017147299844,2,40mm,4.479828
SubNetW8CleanAuxExDnRcK6Rr01QdEma,minbias,0,test,7.1513195,8.08603286743164,0.130705020682246,1,30mm,0.671703
SubNetW8CleanAuxExDnRcK6Rr01QdEma,minbias,0,test,9.217077,9.031545639038086,-0.020129115887064897,3,60mm,1.6721996
SubNetW8CleanAuxExDnRcK6Rr01QdEma,minbias,0,test,8.727777,8.712800025939941,-0.0017159584022137242,3,60mm,1.8251078
SubNetW8CleanAuxExDnRcK6Rr01QdEma,minbias,0,test,30.844843,29.61175537109375,-0.03997710551615208,0,15mm,0.73412037
SubNetW8CleanAuxExDnRcK6Rr01QdEma,minbias,0,test,50.00138,52.13223648071289,0.04261593422178733,0,15mm,1.349656
SubNetW8CleanAuxExDnRcK6Rr01QdEma,minbias,0,test,3.5891914,3.426283121109009,-0.04538858362074005,2,40mm,0.6961006
SubNetW8CleanAuxExDnRcK6Rr01QdEma,minbias,0,test,19.206484,18.78818130493164,-0.021779235568305744,3,60mm,4.318032
SubNetW8CleanAuxExDnRcK6Rr01QdEma,minbias,0,test,11.770551,11.920538902282715,0.012742664120521274,3,60mm,2.1817286
SubNetW8CleanAuxExDnRcK6Rr01QdEma,minbias,0,test,22.541172,23.050195693969727,0.022581952072361133,4,120mm,4.8519206
SubNetW8CleanAuxExDnRcK6Rr01QdEma,minbias,0,test,7.4415474,7.05889892578125,-0.05142055109888111,2,40mm,1.2996757
SubNetW8CleanAuxExDnRcK6Rr01QdEma,minbias,0,test,22.590816,23.336273193359375,0.032998218352539244,2,40mm,2.6921442
SubNetW8CleanAuxExDnRcK6Rr01QdEma,minbias,0,test,70.04059,68.40130615234375,-0.02340474665481529,1,30mm,4.7128344
SubNetW8CleanAuxExDnRcK6Rr01QdEma,minbias,0,test,22.95743,22.185791015625,-0.03361172718703953,2,40mm,3.3007812
SubNetW8CleanAuxExDnRcK6Rr01QdEma,minbias,0,test,25.913946,25.644948959350586,-0.010380402537219058,3,60mm,4.5332346
SubNetW8CleanAuxExDnRcK6Rr01QdEma,minbias,0,test,77.72129,74.83721160888672,-0.03710796562510277,0,15mm,2.2994099
SubNetW8CleanAuxExDnRcK6Rr01QdEma,minbias,0,test,30.16005,29.30120086669922,-0.02847636485242866,2,40mm,2.3038762
SubNetW8CleanAuxExDnRcK6Rr01QdEma,minbias,0,test,31.962479,31.456819534301758,-0.01582039707011962,0,15mm,1.1642051
SubNetW8CleanAuxExDnRcK6Rr01QdEma,minbias,0,test,47.605274,47.35165786743164,-0.005327483924154608,1,30mm,2.5516582
SubNetW8CleanAuxExDnRcK6Rr01QdEma,minbias,0,test,82.0948,83.71847534179688,0.019778017960415673,1,30mm,4.960027
SubNetW8CleanAuxExDnRcK6Rr01QdEma,minbias,0,test,19.394188,19.0214786529541,-0.01921757568247484,2,40mm,1.8973622
SubNetW8CleanAuxExDnRcK6Rr01QdEma,minbias,0,test,9.666594,9.999759674072266,0.03446572162746486,2,40mm,0.6030642
SubNetW8CleanAuxExDnRcK6Rr01QdEma,minbias,0,test,14.248801,14.494799613952637,0.017264496751244307,3,60mm,2.3071191
SubNetW8CleanAuxExDnRcK6Rr01QdEma,minbias,0,test,35.88936,35.217166900634766,-0.01872955236825824,1,30mm,1.532515
SubNetW8CleanAuxExDnRcK6Rr01QdEma,minbias,0,test,6.2341003,6.126092433929443,-0.017325339976208998,4,120mm,1.4397401
SubNetW8CleanAuxExDnRcK6Rr01QdEma,minbias,0,test,25.61763,25.621620178222656,0.0001557588792984177,3,60mm,3.8641534
SubNetW8CleanAuxExDnRcK6Rr01QdEma,minbias,0,test,27.93819,27.662790298461914,-0.009857480287975062,2,40mm,2.426087
SubNetW8CleanAuxExDnRcK6Rr01QdEma,minbias,0,test,15.319082,16.061614990234375,0.04847109751704859,2,40mm,1.4644164
SubNetW8CleanAuxExDnRcK6Rr01QdEma,minbias,0,test,32.366096,32.58106231689453,0.00664169744211196,3,60mm,3.6809735
SubNetW8CleanAuxExDnRcK6Rr01QdEma,minbias,0,test,77.12368,74.00096130371094,-0.04048975368381169,0,15mm,2.3782995
SubNetW8CleanAuxExDnRcK6Rr01QdEma,minbias,0,test,14.439439,15.823026657104492,0.09582005606158539,3,60mm,3.0860105
SubNetW8CleanAuxExDnRcK6Rr01QdEma,minbias,0,test,26.755733,27.23142433166504,0.01777902451647484,3,60mm,4.46272
SubNetW8CleanAuxExDnRcK6Rr01QdEma,minbias,0,test,16.496971,15.86148452758789,-0.038521410855430704,3,60mm,1.9096851
SubNetW8CleanAuxExDnRcK6Rr01QdEma,minbias,0,test,29.845001,32.06142044067383,0.0742643367169038,2,40mm,2.1689382
SubNetW8CleanAuxExDnRcK6Rr01QdEma,minbias,0,test,8.746397,9.096311569213867,0.04000670790999106,2,40mm,1.4313885
SubNetW8CleanAuxExDnRcK6Rr01QdEma,minbias,0,test,25.424648,25.440168380737305,0.0006104350255420332,2,40mm,3.1788208
SubNetW8CleanAuxExDnRcK6Rr01QdEma,minbias,0,test,10.700201,10.41343879699707,-0.026799705596465717,3,60mm,1.9115642
SubNetW8CleanAuxExDnRcK6Rr01QdEma,minbias,0,test,55.446503,56.58903503417969,0.020606030917990292,2,40mm,4.985373
SubNetW8CleanAuxExDnRcK6Rr01QdEma,minbias,0,test,27.603014,27.04877471923828,-0.020078940409395285,1,30mm,1.263482
SubNetW8CleanAuxExDnRcK6Rr01QdEma,minbias,0,test,50.660988,49.507957458496094,-0.022759729810848617,0,15mm,2.589211
SubNetW8CleanAuxExDnRcK6Rr01QdEma,minbias,0,test,21.415226,21.448556900024414,0.0015564121240363438,2,40mm,1.8451158
SubNetW8CleanAuxExDnRcK6Rr01QdEma,minbias,0,test,9.597608,9.627351760864258,0.0030991210992326046,3,60mm,1.1720655
SubNetW8CleanAuxExDnRcK6Rr01QdEma,minbias,0,test,18.633066,18.652477264404297,0.0010417548486845174,3,60mm,4.2177935
SubNetW8CleanAuxExDnRcK6Rr01QdEma,minbias,0,test,11.006681,11.115604400634766,0.00989607621020161,3,60mm,2.1031907
SubNetW8CleanAuxExDnRcK6Rr01QdEma,minbias,0,test,88.964485,81.77395629882812,-0.08082471174888961,0,15mm,2.1140485
SubNetW8CleanAuxExDnRcK6Rr01QdEma,minbias,0,test,58.398888,57.371009826660156,-0.01760098264292742,2,40mm,4.0017257
SubNetW8CleanAuxExDnRcK6Rr01QdEma,minbias,0,test,18.601828,18.64108657836914,0.0021104892329981695,3,60mm,2.9210124
SubNetW8CleanAuxExDnRcK6Rr01QdEma,minbias,0,test,3.4063177,3.2996668815612793,-0.031309712824099334,3,60mm,0.64005184
SubNetW8CleanAuxExDnRcK6Rr01QdEma,minbias,0,test,7.6377583,7.465617656707764,-0.022538105102281603,3,60mm,1.652907
SubNetW8CleanAuxExDnRcK6Rr01QdEma,minbias,0,test,5.604497,5.649511337280273,0.008031832609264322,3,60mm,1.0783167
SubNetW8CleanAuxExDnRcK6Rr01QdEma,minbias,0,test,47.7954,46.258583068847656,-0.03215405007008787,1,30mm,4.3670387
SubNetW8CleanAuxExDnRcK6Rr01QdEma,minbias,0,test,19.163416,18.131139755249023,-0.05386702237619845,4,120mm,4.356596
SubNetW8CleanAuxExDnRcK6Rr01QdEma,minbias,0,test,52.658928,52.184852600097656,-0.009002752925880264,1,30mm,3.7952454
SubNetW8CleanAuxExDnRcK6Rr01QdEma,minbias,0,test,21.396448,21.051233291625977,-0.01613421263033077,3,60mm,3.0885434
SubNetW8CleanAuxExDnRcK6Rr01QdEma,minbias,0,test,31.964682,33.21813201904297,0.03921360482696179,2,40mm,3.7287607
SubNetW8CleanAuxExDnRcK6Rr01QdEma,minbias,0,test,18.918785,18.868209838867188,-0.0026732824593714843,2,40mm,1.7707845
SubNetW8CleanAuxExDnRcK6Rr01QdEma,minbias,0,test,23.699736,24.89644432067871,0.05049460033236519,2,40mm,1.898978
SubNetW8CleanAuxExDnRcK6Rr01QdEma,minbias,0,test,29.84621,29.410694122314453,-0.014592015214714205,3,60mm,4.6944137
SubNetW8CleanAuxExDnRcK6Rr01QdEma,minbias,0,test,47.21686,49.897254943847656,0.0567677122341077,2,40mm,4.9499516
SubNetW8CleanAuxExDnRcK6Rr01QdEma,minbias,0,test,12.930095,12.602834701538086,-0.025309947414060563,3,60mm,2.3114667
SubNetW8CleanAuxExDnRcK6Rr01QdEma,minbias,0,test,18.859432,18.888330459594727,0.0015322963490063124,1,30mm,1.3080155
SubNetW8CleanAuxExDnRcK6Rr01QdEma,minbias,0,test,32.311382,30.871475219726562,-0.044563462524947695,2,40mm,3.4539514
SubNetW8CleanAuxExDnRcK6Rr01QdEma,minbias,0,test,4.173132,4.143646717071533,-0.00706549087879238,3,60mm,0.6616597
SubNetW8CleanAuxExDnRcK6Rr01QdEma,minbias,0,test,85.72467,70.63140869140625,-0.17606672205953233,1,30mm,3.4033065
SubNetW8CleanAuxExDnRcK6Rr01QdEma,minbias,0,test,32.15328,36.23086929321289,0.12681726876779087,0,15mm,0.91150236
SubNetW8CleanAuxExDnRcK6Rr01QdEma,minbias,0,test,15.132031,15.583199501037598,0.029815432387234386,2,40mm,1.7914973
SubNetW8CleanAuxExDnRcK6Rr01QdEma,minbias,0,test,5.8688583,5.746881484985352,-0.02078374453846188,3,60mm,0.9423571
SubNetW8CleanAuxExDnRcK6Rr01QdEma,minbias,0,test,38.76162,38.14350891113281,-0.01594646105165909,1,30mm,2.9353888
SubNetW8CleanAuxExDnRcK6Rr01QdEma,minbias,0,test,17.953617,17.513036727905273,-0.024539922272345138,3,60mm,3.7316208
SubNetW8CleanAuxExDnRcK6Rr01QdEma,minbias,0,test,87.13737,85.80374145507812,-0.015304866735911693,1,30mm,4.1946945
SubNetW8CleanAuxExDnRcK6Rr01QdEma,minbias,0,test,30.29648,29.293323516845703,-0.03311132699461805,3,60mm,4.903587
SubNetW8CleanAuxExDnRcK6Rr01QdEma,minbias,0,test,15.386489,15.025077819824219,-0.02348886069291478,3,60mm,2.7731512
SubNetW8CleanAuxExDnRcK6Rr01QdEma,minbias,0,test,35.798843,31.298128128051758,-0.12572236503527323,0,15mm,1.2004106
SubNetW8CleanAuxExDnRcK6Rr01QdEma,minbias,0,test,91.926155,90.47517395019531,-0.015784203513253603,1,30mm,4.6738515
SubNetW8CleanAuxExDnRcK6Rr01QdEma,minbias,0,test,11.532597,11.71268367767334,0.015615485043832589,3,60mm,2.4096894
SubNetW8CleanAuxExDnRcK6Rr01QdEma,minbias,0,test,6.930768,7.587331771850586,0.094731746556592,3,60mm,1.5553948
SubNetW8CleanAuxExDnRcK6Rr01QdEma,minbias,0,test,10.75541,10.859639167785645,0.00969084130728648,3,60mm,1.5944786
SubNetW8CleanAuxExDnRcK6Rr01QdEma,minbias,0,test,23.414267,23.47942543029785,0.0027828693140554694,3,60mm,4.0369315
SubNetW8CleanAuxExDnRcK6Rr01QdEma,minbias,0,test,25.5699,25.625377655029297,0.0021696268355224646,2,40mm,2.7624874
SubNetW8CleanAuxExDnRcK6Rr01QdEma,minbias,0,test,27.854988,30.42896842956543,0.09240644161655043,3,60mm,3.6215014
SubNetW8CleanAuxExDnRcK6Rr01QdEma,minbias,0,test,19.244192,18.208648681640625,-0.05381069961947571,4,120mm,4.4220667
SubNetW8CleanAuxExDnRcK6Rr01QdEma,minbias,0,test,20.846792,20.424129486083984,-0.020274713274984202,3,60mm,3.1873872
SubNetW8CleanAuxExDnRcK6Rr01QdEma,minbias,0,test,3.3940883,3.61820387840271,0.06603116725548586,3,60mm,0.6168813
SubNetW8CleanAuxExDnRcK6Rr01QdEma,minbias,0,test,16.310854,15.91336727142334,-0.024369458995028404,3,60mm,3.491232
SubNetW8CleanAuxExDnRcK6Rr01QdEma,minbias,0,test,33.8712,34.82090377807617,0.028038664139693026,2,40mm,2.502665
SubNetW8CleanAuxExDnRcK6Rr01QdEma,minbias,0,test,28.573782,28.7220401763916,0.005188609943160172,2,40mm,2.162247
SubNetW8CleanAuxExDnRcK6Rr01QdEma,minbias,0,test,28.73267,31.237497329711914,0.08717698404574459,2,40mm,3.797889
SubNetW8CleanAuxExDnRcK6Rr01QdEma,minbias,0,test,27.594843,27.79060935974121,0.007094312861561036,2,40mm,3.0448775
SubNetW8CleanAuxExDnRcK6Rr01QdEma,minbias,0,test,15.380401,14.54595947265625,-0.05425354017564632,3,60mm,2.7309911
SubNetW8CleanAuxExDnRcK6Rr01QdEma,minbias,0,test,19.905693,19.71892547607422,-0.009382621223811172,1,30mm,1.0765998
SubNetW8CleanAuxExDnRcK6Rr01QdEma,minbias,0,test,47.114143,47.82679748535156,0.015126118459778404,0,15mm,1.4328167
SubNetW8CleanAuxExDnRcK6Rr01QdEma,minbias,0,test,9.006317,8.835274696350098,-0.018991385678319594,4,120mm,1.9500178
SubNetW8CleanAuxExDnRcK6Rr01QdEma,minbias,0,test,82.085365,80.13233184814453,-0.023792711894952467,1,30mm,4.7417126
SubNetW8CleanAuxExDnRcK6Rr01QdEma,minbias,0,test,18.192802,18.428028106689453,0.012929601055453599,4,120mm,3.6840994
SubNetW8CleanAuxExDnRcK6Rr01QdEma,minbias,0,test,9.413028,8.265488624572754,-0.12190967323605473,3,60mm,1.1775773
SubNetW8CleanAuxExDnRcK6Rr01QdEma,minbias,0,test,14.133561,14.236477851867676,0.007281725854586973,1,30mm,0.6247246
SubNetW8CleanAuxExDnRcK6Rr01QdEma,minbias,0,test,59.695396,51.78860092163086,-0.13245234935097216,0,15mm,2.4479668
SubNetW8CleanAuxExDnRcK6Rr01QdEma,minbias,0,test,53.58629,48.47313690185547,-0.09541902785185274,0,15mm,1.7737392
SubNetW8CleanAuxExDnRcK6Rr01QdEma,minbias,0,test,24.998167,21.688703536987305,-0.1323882465442603,1,30mm,1.3363613
SubNetW8CleanAuxExDnRcK6Rr01QdEma,minbias,0,test,24.577133,25.18175506591797,0.024600993240772473,3,60mm,4.23247
SubNetW8CleanAuxExDnRcK6Rr01QdEma,minbias,0,test,21.191046,21.155778884887695,-0.0016642348196627132,4,120mm,4.5797434
SubNetW8CleanAuxExDnRcK6Rr01QdEma,minbias,0,test,10.09344,9.744818687438965,-0.03453940048975135,3,60mm,2.0938368
SubNetW8CleanAuxExDnRcK6Rr01QdEma,minbias,0,test,12.147512,14.066873550415039,0.15800445767213422,2,40mm,0.88204503
SubNetW8CleanAuxExDnRcK6Rr01QdEma,minbias,0,test,75.44351,74.73870849609375,-0.009342134909408162,1,30mm,4.8812065
SubNetW8CleanAuxExDnRcK6Rr01QdEma,minbias,0,test,45.81789,43.02891540527344,-0.06087086838313749,1,30mm,2.6436505
SubNetW8CleanAuxExDnRcK6Rr01QdEma,minbias,0,test,21.971838,21.987993240356445,0.0007352704367202811,2,40mm,2.1467094
SubNetW8CleanAuxExDnRcK6Rr01QdEma,minbias,0,test,11.974815,14.03121566772461,0.17172709856182888,2,40mm,1.4180665
SubNetW8CleanAuxExDnRcK6Rr01QdEma,minbias,0,test,5.181025,4.9649224281311035,-0.04171039493540829,4,120mm,1.176605
SubNetW8CleanAuxExDnRcK6Rr01QdEma,minbias,0,test,46.861874,46.506534576416016,-0.007582689781537977,2,40mm,4.045752
SubNetW8CleanAuxExDnRcK6Rr01QdEma,minbias,0,test,41.276447,40.70390701293945,-0.013870871179764266,3,60mm,4.588754
SubNetW8CleanAuxExDnRcK6Rr01QdEma,minbias,0,test,13.826061,13.715670585632324,-0.007984245199023632,4,120mm,3.1162088
SubNetW8CleanAuxExDnRcK6Rr01QdEma,minbias,0,test,17.51456,17.55789566040039,0.002474224828192817,3,60mm,2.5080001
SubNetW8CleanAuxExDnRcK6Rr01QdEma,minbias,0,test,64.67155,63.51427459716797,-0.017894613530921366,2,40mm,4.680718
SubNetW8CleanAuxExDnRcK6Rr01QdEma,minbias,0,test,12.931217,12.365242004394531,-0.04376812953763909,3,60mm,1.4565122
SubNetW8CleanAuxExDnRcK6Rr01QdEma,minbias,0,test,18.162825,18.493816375732422,0.018223583155396073,2,40mm,1.5431519
SubNetW8CleanAuxExDnRcK6Rr01QdEma,minbias,0,test,26.447954,25.65519905090332,-0.02997415685243665,3,60mm,4.046732
SubNetW8CleanAuxExDnRcK6Rr01QdEma,minbias,0,test,86.99739,86.9864273071289,-0.00012602033057840245,1,30mm,4.9486113
SubNetW8CleanAuxExDnRcK6Rr01QdEma,minbias,0,test,18.828896,20.77111053466797,0.10315076413901303,3,60mm,3.765186
SubNetW8CleanAuxExDnRcK6Rr01QdEma,minbias,0,test,24.767056,24.48690414428711,-0.011311452306379532,3,60mm,2.937445
SubNetW8CleanAuxExDnRcK6Rr01QdEma,minbias,0,test,5.8596797,6.008817195892334,0.025451475952707137,3,60mm,0.7954652
SubNetW8CleanAuxExDnRcK6Rr01QdEma,minbias,0,test,11.7855625,11.340502738952637,-0.03776313398108344,3,60mm,1.6519213
SubNetW8CleanAuxExDnRcK6Rr01QdEma,minbias,0,test,19.130787,18.456432342529297,-0.03524970284271989,2,40mm,2.4674797
SubNetW8CleanAuxExDnRcK6Rr01QdEma,minbias,0,test,24.518578,23.61992645263672,-0.03665184573913116,3,60mm,4.246131
SubNetW8CleanAuxExDnRcK6Rr01QdEma,minbias,0,test,28.223207,29.142778396606445,0.032582084219402896,1,30mm,2.5126178
SubNetW8CleanAuxExDnRcK6Rr01QdEma,minbias,0,test,21.814745,21.098569869995117,-0.03282986260022003,1,30mm,0.97239524
SubNetW8CleanAuxExDnRcK6Rr01QdEma,minbias,0,test,3.1759775,3.1291022300720215,-0.014759310758226785,3,60mm,0.71528
SubNetW8CleanAuxExDnRcK6Rr01QdEma,minbias,0,test,16.685865,19.80141258239746,0.18671774613266123,3,60mm,2.6001956
SubNetW8CleanAuxExDnRcK6Rr01QdEma,minbias,0,test,6.049736,5.672069072723389,-0.06242701314457011,3,60mm,0.9888031
SubNetW8CleanAuxExDnRcK6Rr01QdEma,minbias,0,test,69.96014,84.5873031616211,0.2090785910075612,1,30mm,4.50476
SubNetW8CleanAuxExDnRcK6Rr01QdEma,minbias,0,test,13.677308,13.599214553833008,-0.0057097148266345155,4,120mm,3.2353199
SubNetW8CleanAuxExDnRcK6Rr01QdEma,minbias,0,test,54.80032,55.75262451171875,0.01737772417741712,0,15mm,1.8560013
SubNetW8CleanAuxExDnRcK6Rr01QdEma,minbias,0,test,20.337765,27.829763412475586,0.36837866738392355,2,40mm,1.7834467
SubNetW8CleanAuxExDnRcK6Rr01QdEma,minbias,0,test,16.813026,16.67064094543457,-0.008468759827146566,3,60mm,2.2466245
SubNetW8CleanAuxExDnRcK6Rr01QdEma,minbias,0,test,10.1553755,10.99548625946045,0.0827257229837719,4,120mm,2.4250724
SubNetW8CleanAuxExDnRcK6Rr01QdEma,minbias,0,test,86.852745,86.00724792480469,-0.009734834872530795,1,30mm,4.360332
SubNetW8CleanAuxExDnRcK6Rr01QdEma,minbias,0,test,26.231714,25.267345428466797,-0.03676346925133933,2,40mm,2.4025295
SubNetW8CleanAuxExDnRcK6Rr01QdEma,minbias,0,test,34.097706,34.873085021972656,0.022739922284577885,2,40mm,2.7179954
SubNetW8CleanAuxExDnRcK6Rr01QdEma,minbias,0,test,64.31882,63.23785400390625,-0.0168063279589713,0,15mm,2.0412574
SubNetW8CleanAuxExDnRcK6Rr01QdEma,minbias,0,test,53.040993,50.931793212890625,-0.03976546092173272,0,15mm,1.0947592
SubNetW8CleanAuxExDnRcK6Rr01QdEma,minbias,0,test,24.537987,17.954687118530273,-0.2682901291973274,0,15mm,0.5028981
SubNetW8CleanAuxExDnRcK6Rr01QdEma,minbias,0,test,28.237003,27.6400203704834,-0.02114186654410788,3,60mm,3.477839
SubNetW8CleanAuxExDnRcK6Rr01QdEma,minbias,0,test,2.9788792,2.8217275142669678,-0.05275531091115371,3,60mm,0.687749
SubNetW8CleanAuxExDnRcK6Rr01QdEma,minbias,0,test,91.810715,91.50150299072266,-0.0033679264113605223,1,30mm,4.127228
SubNetW8CleanAuxExDnRcK6Rr01QdEma,minbias,0,test,14.5543995,12.828812599182129,-0.11856118779188851,3,60mm,3.4121692
SubNetW8CleanAuxExDnRcK6Rr01QdEma,minbias,0,test,22.631144,21.864355087280273,-0.03388200336832714,2,40mm,2.3521988
SubNetW8CleanAuxExDnRcK6Rr01QdEma,minbias,0,test,96.41678,94.5805435180664,-0.019044766623884102,0,15mm,4.313207
SubNetW8CleanAuxExDnRcK6Rr01QdEma,minbias,0,test,9.599927,6.588202953338623,-0.3137236367891807,3,60mm,1.2513331
SubNetW8CleanAuxExDnRcK6Rr01QdEma,minbias,0,test,10.689568,14.010660171508789,0.3106854028576058,1,30mm,0.6870519
SubNetW8CleanAuxExDnRcK6Rr01QdEma,minbias,0,test,34.36552,33.94364929199219,-0.012276001627313127,3,60mm,4.3281164
SubNetW8CleanAuxExDnRcK6Rr01QdEma,minbias,0,test,9.004328,11.710693359375,0.30056275751393646,3,60mm,1.2863574
SubNetW8CleanAuxExDnRcK6Rr01QdEma,minbias,0,test,21.963396,20.423677444458008,-0.07010385019033627,3,60mm,2.3044508
SubNetW8CleanAuxExDnRcK6Rr01QdEma,minbias,0,test,18.095503,17.57752227783203,-0.028624823513229036,2,40mm,1.2103944
SubNetW8CleanAuxExDnRcK6Rr01QdEma,minbias,0,test,10.422168,10.905579566955566,0.046383036546403966,2,40mm,0.7572424
SubNetW8CleanAuxExDnRcK6Rr01QdEma,minbias,0,test,28.131607,29.750043869018555,0.057530905012006084,2,40mm,3.2514668
SubNetW8CleanAuxExDnRcK6Rr01QdEma,minbias,0,test,6.593377,7.245715141296387,0.09893837660734395,3,60mm,1.2998922
SubNetW8CleanAuxExDnRcK6Rr01QdEma,minbias,0,test,38.30941,39.177757263183594,0.02266668074007261,1,30mm,1.5209239
SubNetW8CleanAuxExDnRcK6Rr01QdEma,minbias,0,test,6.51402,7.653657913208008,0.1749515587930215,2,40mm,0.63093126
SubNetW8CleanAuxExDnRcK6Rr01QdEma,minbias,0,test,10.689643,10.568619728088379,-0.011321536103934493,2,40mm,1.4832716
SubNetW8CleanAuxExDnRcK6Rr01QdEma,minbias,0,test,41.00685,38.268516540527344,-0.0667774914648781,2,40mm,3.7739177
SubNetW8CleanAuxExDnRcK6Rr01QdEma,minbias,0,test,48.597538,44.06026840209961,-0.09336418632584675,0,15mm,1.307818
SubNetW8CleanAuxExDnRcK6Rr01QdEma,minbias,0,test,18.501095,18.11764144897461,-0.020725982592401437,3,60mm,3.454779
SubNetW8CleanAuxExDnRcK6Rr01QdEma,minbias,0,test,40.27728,40.54434585571289,0.006630709989830841,1,30mm,4.171069
SubNetW8CleanAuxExDnRcK6Rr01QdEma,minbias,0,test,4.2223024,4.901715278625488,0.1609105107845341,3,60mm,0.6614821
SubNetW8CleanAuxExDnRcK6Rr01QdEma,minbias,0,test,49.197212,50.38298416137695,0.02410242143100505,1,30mm,3.5559435
SubNetW8CleanAuxExDnRcK6Rr01QdEma,minbias,0,test,27.212633,27.12764549255371,-0.003123095070061477,2,40mm,4.5484376
SubNetW8CleanAuxExDnRcK6Rr01QdEma,minbias,0,test,12.830079,13.605273246765137,0.060420061586317075,3,60mm,2.805299
SubNetW8CleanAuxExDnRcK6Rr01QdEma,minbias,0,test,31.21099,31.902803421020508,0.02216566969461642,2,40mm,2.5454268
SubNetW8CleanAuxExDnRcK6Rr01QdEma,minbias,0,test,35.36707,34.76179122924805,-0.01711416942563937,2,40mm,3.4556131
SubNetW8CleanAuxExDnRcK6Rr01QdEma,minbias,0,test,18.351984,18.20005989074707,-0.008278349256500284,2,40mm,1.4255726
SubNetW8CleanAuxExDnRcK6Rr01QdEma,minbias,0,test,14.822888,14.670144081115723,-0.01030462412962807,3,60mm,1.7194427
SubNetW8CleanAuxExDnRcK6Rr01QdEma,minbias,0,test,33.72478,28.66803550720215,-0.14994153775884822,2,40mm,4.2613854
SubNetW8CleanAuxExDnRcK6Rr01QdEma,minbias,0,test,19.958145,19.594724655151367,-0.018209131353227104,3,60mm,2.9108562
SubNetW8CleanAuxExDnRcK6Rr01QdEma,minbias,0,test,15.422025,19.51180648803711,0.2651909741815137,0,15mm,0.5210838
SubNetW8CleanAuxExDnRcK6Rr01QdEma,minbias,0,test,8.051826,7.442296981811523,-0.07570066437670908,4,120mm,1.9310749
SubNetW8CleanAuxExDnRcK6Rr01QdEma,minbias,0,test,9.20605,9.205212593078613,-9.095388979640795e-05,3,60mm,2.1442256
SubNetW8CleanAuxExDnRcK6Rr01QdEma,minbias,0,test,12.463337,14.041589736938477,0.12663163961435964,2,40mm,1.2966957
SubNetW8CleanAuxExDnRcK6Rr01QdEma,minbias,0,test,6.1180296,7.983680725097656,0.30494313600206,1,30mm,0.5651203
SubNetW8CleanAuxExDnRcK6Rr01QdEma,minbias,0,test,13.834173,13.577725410461426,-0.018537269144975554,2,40mm,1.5588988
SubNetW8CleanAuxExDnRcK6Rr01QdEma,minbias,0,test,21.144506,21.299606323242188,0.0073352323975215405,1,30mm,1.6937965
SubNetW8CleanAuxExDnRcK6Rr01QdEma,minbias,0,test,8.14595,8.371087074279785,0.027637875033014625,2,40mm,0.79857147
SubNetW8CleanAuxExDnRcK6Rr01QdEma,minbias,0,test,60.564354,61.743499755859375,0.019469303909367852,1,30mm,3.6039743
SubNetW8CleanAuxExDnRcK6Rr01QdEma,minbias,0,test,85.90016,84.12140655517578,-0.0207072391005112,1,30mm,2.9953003
SubNetW8CleanAuxExDnRcK6Rr01QdEma,minbias,0,test,18.257702,22.135746002197266,0.21240592902808886,2,40mm,2.1819925
SubNetW8CleanAuxExDnRcK6Rr01QdEma,minbias,0,test,16.123919,16.59112548828125,0.028976018080866917,3,60mm,2.7677171
SubNetW8CleanAuxExDnRcK6Rr01QdEma,minbias,0,test,13.163556,14.759160041809082,0.12121374580534705,1,30mm,0.7676321
SubNetW8CleanAuxExDnRcK6Rr01QdEma,minbias,0,test,19.48774,20.104745864868164,0.03166125552353538,3,60mm,3.977797
SubNetW8CleanAuxExDnRcK6Rr01QdEma,minbias,0,test,78.198586,77.87384033203125,-0.00415282675643891,1,30mm,4.4411902
SubNetW8CleanAuxExDnRcK6Rr01QdEma,minbias,0,test,72.46919,69.84288787841797,-0.036240291021428006,1,30mm,3.6791103
SubNetW8CleanAuxExDnRcK6Rr01QdEma,minbias,0,test,34.067142,33.666259765625,-0.011767430188935779,3,60mm,4.5405
SubNetW8CleanAuxExDnRcK6Rr01QdEma,minbias,0,test,31.043348,32.12532043457031,0.03485358960975771,3,60mm,3.7704835
SubNetW8CleanAuxExDnRcK6Rr01QdEma,minbias,0,test,38.973053,37.570709228515625,-0.03598239406014869,3,60mm,4.980997
SubNetW8CleanAuxExDnRcK6Rr01QdEma,minbias,0,test,16.007872,15.541021347045898,-0.02916379463905394,3,60mm,3.8207543
SubNetW8CleanAuxExDnRcK6Rr01QdEma,minbias,0,test,25.529062,26.338703155517578,0.031714478025124615,3,60mm,4.3653865
SubNetW8CleanAuxExDnRcK6Rr01QdEma,minbias,0,test,6.249546,6.742587566375732,0.07889237255391479,2,40mm,1.0097533
SubNetW8CleanAuxExDnRcK6Rr01QdEma,minbias,0,test,13.943879,14.840313911437988,0.06428876611297141,0,15mm,0.68579584
SubNetW8CleanAuxExDnRcK6Rr01QdEma,minbias,0,test,31.694632,29.68133544921875,-0.06352167629579508,3,60mm,3.576271
SubNetW8CleanAuxExDnRcK6Rr01QdEma,minbias,0,test,63.589397,65.88554382324219,0.03610895032202066,0,15mm,1.4550308
SubNetW8CleanAuxExDnRcK6Rr01QdEma,minbias,0,test,6.61714,6.124467372894287,-0.07445398723138208,3,60mm,1.0692648
SubNetW8CleanAuxExDnRcK6Rr01QdEma,minbias,0,test,15.933514,16.747751235961914,0.05110219961095308,3,60mm,2.421948
SubNetW8CleanAuxExDnRcK6Rr01QdEma,minbias,0,test,44.915504,50.883949279785156,0.13288161619387262,1,30mm,2.5762749
SubNetW8CleanAuxExDnRcK6Rr01QdEma,minbias,0,test,18.44287,19.461360931396484,0.05522414840669643,4,120mm,4.281954
SubNetW8CleanAuxExDnRcK6Rr01QdEma,minbias,0,test,17.903402,17.741151809692383,-0.009062552235706844,3,60mm,2.9720926
SubNetW8CleanAuxExDnRcK6Rr01QdEma,minbias,0,test,14.797014,13.860615730285645,-0.06328293608435376,3,60mm,1.5866699
SubNetW8CleanAuxExDnRcK6Rr01QdEma,minbias,0,test,51.4856,46.75664520263672,-0.09185003883558884,1,30mm,3.2148798
SubNetW8CleanAuxExDnRcK6Rr01QdEma,minbias,0,test,16.428852,16.718656539916992,0.017639970046845255,4,120mm,3.8020644
SubNetW8CleanAuxExDnRcK6Rr01QdEma,minbias,0,test,86.345825,88.45347595214844,0.02440941124910756,1,30mm,4.239896
SubNetW8CleanAuxExDnRcK6Rr01QdEma,minbias,0,test,67.0949,65.12590789794922,-0.029346404582169083,0,15mm,2.9147742
SubNetW8CleanAuxExDnRcK6Rr01QdEma,minbias,0,test,50.336243,51.32674026489258,0.019677622652353843,1,30mm,2.7213607
SubNetW8CleanAuxExDnRcK6Rr01QdEma,minbias,0,test,36.787045,37.267269134521484,0.013054177512051401,0,15mm,1.1186874
SubNetW8CleanAuxExDnRcK6Rr01QdEma,minbias,0,test,31.294231,30.596328735351562,-0.022301320335779584,3,60mm,3.5905423
SubNetW8CleanAuxExDnRcK6Rr01QdEma,minbias,0,test,94.07532,91.79114532470703,-0.024280248227180445,1,30mm,3.4827516
SubNetW8CleanAuxExDnRcK6Rr01QdEma,minbias,0,test,17.448107,24.426414489746094,0.3999464135385944,2,40mm,1.6010442
SubNetW8CleanAuxExDnRcK6Rr01QdEma,minbias,0,test,10.167511,10.166582107543945,-9.1357539266812e-05,3,60mm,2.1901872
SubNetW8CleanAuxExDnRcK6Rr01QdEma,minbias,0,test,23.503317,23.710954666137695,0.00883440358362142,3,60mm,4.0823374
SubNetW8CleanAuxExDnRcK6Rr01QdEma,minbias,0,test,30.598705,30.461034774780273,-0.004499226867775374,1,30mm,1.9507674
SubNetW8CleanAuxExDnRcK6Rr01QdEma,minbias,0,test,70.629875,70.18655395507812,-0.006276681459199129,1,30mm,3.6929386
SubNetW8CleanAuxExDnRcK6Rr01QdEma,minbias,0,test,27.546808,28.788074493408203,0.045060256697248446,2,40mm,2.8231683
SubNetW8CleanAuxExDnRcK6Rr01QdEma,minbias,0,test,23.151241,23.37708854675293,0.009755297407677332,1,30mm,1.3475354
SubNetW8CleanAuxExDnRcK6Rr01QdEma,minbias,0,test,73.501274,74.66654968261719,0.015853814615569783,0,15mm,2.0540361
SubNetW8CleanAuxExDnRcK6Rr01QdEma,minbias,0,test,9.554115,9.330633163452148,-0.02339119060718997,3,60mm,2.0114794
SubNetW8CleanAuxExDnRcK6Rr01QdEma,minbias,0,test,54.11628,56.291297912597656,0.0401915713079517,1,30mm,2.609393
SubNetW8CleanAuxExDnRcK6Rr01QdEma,minbias,0,test,59.741425,56.96663284301758,-0.04644669486776454,2,40mm,3.913109
SubNetW8CleanAuxExDnRcK6Rr01QdEma,minbias,0,test,27.560099,27.944995880126953,0.01396574217569424,3,60mm,3.2767806
SubNetW8CleanAuxExDnRcK6Rr01QdEma,minbias,0,test,12.225827,11.750267028808594,-0.038897996826605,3,60mm,2.0664496
SubNetW8CleanAuxExDnRcK6Rr01QdEma,minbias,0,test,4.4279003,4.317318439483643,-0.024973885362664983,3,60mm,1.0340965
SubNetW8CleanAuxExDnRcK6Rr01QdEma,minbias,0,test,37.607056,39.409664154052734,0.04793272055362774,2,40mm,3.6770008
SubNetW8CleanAuxExDnRcK6Rr01QdEma,minbias,0,test,19.502316,19.231342315673828,-0.013894411936433149,3,60mm,1.978605
SubNetW8CleanAuxExDnRcK6Rr01QdEma,minbias,0,test,88.25421,89.99610137939453,0.019737187897012065,1,30mm,4.7315564
SubNetW8CleanAuxExDnRcK6Rr01QdEma,minbias,0,test,78.56194,76.9129867553711,-0.020989250452862707,0,15mm,2.8666606
SubNetW8CleanAuxExDnRcK6Rr01QdEma,minbias,0,test,8.910531,8.277220726013184,-0.0710743630054641,4,120mm,1.9638312
SubNetW8CleanAuxExDnRcK6Rr01QdEma,minbias,0,test,79.11729,78.36344909667969,-0.00952810210084587,1,30mm,4.975086
SubNetW8CleanAuxExDnRcK6Rr01QdEma,minbias,0,test,79.44867,77.16976928710938,-0.028683930929632062,1,30mm,4.822677
SubNetW8CleanAuxExDnRcK6Rr01QdEma,minbias,0,test,15.538903,15.06798267364502,-0.030305907410590915,3,60mm,2.2757301
SubNetW8CleanAuxExDnRcK6Rr01QdEma,minbias,0,test,5.210083,5.102240562438965,-0.020698796009934184,3,60mm,0.724826
SubNetW8CleanAuxExDnRcK6Rr01QdEma,minbias,0,test,29.583918,28.155515670776367,-0.0482830558641818,3,60mm,4.297381
SubNetW8CleanAuxExDnRcK6Rr01QdEma,minbias,0,test,48.680885,47.56193542480469,-0.022985405522057856,2,40mm,4.6647453
SubNetW8CleanAuxExDnRcK6Rr01QdEma,minbias,0,test,27.843079,27.33244514465332,-0.018339691372503464,3,60mm,3.79016
SubNetW8CleanAuxExDnRcK6Rr01QdEma,minbias,0,test,88.06261,85.20448303222656,-0.032455589072147184,1,30mm,4.8396444
SubNetW8CleanAuxExDnRcK6Rr01QdEma,minbias,0,test,82.64245,79.94367980957031,-0.03265596152033523,0,15mm,2.8532937
SubNetW8CleanAuxExDnRcK6Rr01QdEma,minbias,0,test,37.943935,38.070289611816406,0.0033300240530222958,2,40mm,3.4450245
SubNetW8CleanAuxExDnRcK6Rr01QdEma,minbias,0,test,28.71067,28.26311683654785,-0.015588407630279244,3,60mm,4.304826
SubNetW8CleanAuxExDnRcK6Rr01QdEma,minbias,0,test,12.889589,12.465049743652344,-0.032936624731775166,3,60mm,2.3970668
SubNetW8CleanAuxExDnRcK6Rr01QdEma,minbias,0,test,53.033302,55.375423431396484,0.04416321485514474,0,15mm,1.2962468
SubNetW8CleanAuxExDnRcK6Rr01QdEma,minbias,0,test,25.468351,25.034976959228516,-0.017016193891431053,3,60mm,3.7697031
SubNetW8CleanAuxExDnRcK6Rr01QdEma,minbias,0,test,37.907097,38.80228042602539,0.02361519708229287,2,40mm,2.425285
SubNetW8CleanAuxExDnRcK6Rr01QdEma,minbias,0,test,18.343863,21.1619815826416,0.15362735323136545,2,40mm,3.485019
SubNetW8CleanAuxExDnRcK6Rr01QdEma,minbias,0,test,12.310734,11.940773963928223,-0.030051809859056755,3,60mm,1.9535425
SubNetW8CleanAuxExDnRcK6Rr01QdEma,minbias,0,test,21.536083,21.679729461669922,0.006670026241884175,3,60mm,2.8743439
SubNetW8CleanAuxExDnRcK6Rr01QdEma,minbias,0,test,16.297571,16.005245208740234,-0.017936781514358513,2,40mm,3.4236405
SubNetW8CleanAuxExDnRcK6Rr01QdEma,minbias,0,test,50.24932,53.7863883972168,0.0703903524281313,1,30mm,2.8045058
SubNetW8CleanAuxExDnRcK6Rr01QdEma,minbias,0,test,11.404781,11.644597053527832,0.021027646632850505,3,60mm,2.305472
SubNetW8CleanAuxExDnRcK6Rr01QdEma,minbias,0,test,47.892998,50.39106750488281,0.05215939450389828,2,40mm,3.6899807
SubNetW8CleanAuxExDnRcK6Rr01QdEma,minbias,0,test,17.512508,16.77140235900879,-0.04231866827539166,3,60mm,3.2758036
SubNetW8CleanAuxExDnRcK6Rr01QdEma,minbias,0,test,12.562374,12.530272483825684,-0.0025553793312240725,2,40mm,2.3233452
SubNetW8CleanAuxExDnRcK6Rr01QdEma,minbias,0,test,25.529476,25.77257537841797,0.009522295368223022,2,40mm,2.4150827
SubNetW8CleanAuxExDnRcK6Rr01QdEma,minbias,0,test,4.353003,3.8363418579101562,-0.11869074387749945,3,60mm,0.9399276
SubNetW8CleanAuxExDnRcK6Rr01QdEma,minbias,0,test,21.060205,19.481903076171875,-0.07494240198420288,3,60mm,2.7536397
SubNetW8CleanAuxExDnRcK6Rr01QdEma,minbias,0,test,28.16373,29.307756423950195,0.040620534899788785,1,30mm,2.3421214
SubNetW8CleanAuxExDnRcK6Rr01QdEma,minbias,0,test,50.044254,48.4432487487793,-0.03199179559168552,0,15mm,1.390771
SubNetW8CleanAuxExDnRcK6Rr01QdEma,minbias,0,test,12.497489,11.49234676361084,-0.08042753339351083,2,40mm,1.5495533
SubNetW8CleanAuxExDnRcK6Rr01QdEma,minbias,0,test,29.24278,28.852035522460938,-0.013362106947600316,2,40mm,2.6412208
SubNetW8CleanAuxExDnRcK6Rr01QdEma,minbias,0,test,20.055716,19.944007873535156,-0.005569867953035712,3,60mm,2.4758759
SubNetW8CleanAuxExDnRcK6Rr01QdEma,minbias,0,test,4.063613,3.8851027488708496,-0.04392893510853191,4,120mm,0.91535
SubNetW8CleanAuxExDnRcK6Rr01QdEma,minbias,0,test,14.520619,14.52358341217041,0.000204124885811785,2,40mm,1.2824701
SubNetW8CleanAuxExDnRcK6Rr01QdEma,minbias,0,test,23.411572,24.51151466369629,0.0469828845485476,3,60mm,4.6106143
SubNetW8CleanAuxExDnRcK6Rr01QdEma,minbias,0,test,36.586266,35.72792053222656,-0.023460853916276614,2,40mm,2.9180176
SubNetW8CleanAuxExDnRcK6Rr01QdEma,minbias,0,test,35.55136,36.58512496948242,0.029078039601801553,1,30mm,1.9077297
SubNetW8CleanAuxExDnRcK6Rr01QdEma,minbias,0,test,22.374725,22.7582950592041,0.017142991100351113,2,40mm,2.0638592
SubNetW8CleanAuxExDnRcK6Rr01QdEma,minbias,0,test,11.729076,11.59370231628418,-0.01154175015700687,3,60mm,2.374793
SubNetW8CleanAuxExDnRcK6Rr01QdEma,minbias,0,test,13.021376,13.123734474182129,0.00786082981992986,3,60mm,1.5636659
SubNetW8CleanAuxExDnRcK6Rr01QdEma,minbias,0,test,34.017643,35.11834716796875,0.032356862406043074,1,30mm,1.3730816
SubNetW8CleanAuxExDnRcK6Rr01QdEma,minbias,0,test,6.3983603,6.098803997039795,-0.04681766007613164,2,40mm,0.68431526
SubNetW8CleanAuxExDnRcK6Rr01QdEma,minbias,0,test,8.745175,8.36613941192627,-0.04334229263942857,3,60mm,1.5860217
SubNetW8CleanAuxExDnRcK6Rr01QdEma,minbias,0,test,14.640296,16.32017707824707,0.11474365667949704,3,60mm,1.8103874
SubNetW8CleanAuxExDnRcK6Rr01QdEma,minbias,0,test,66.26466,66.70832824707031,0.006695341469092675,2,40mm,4.7101846
SubNetW8CleanAuxExDnRcK6Rr01QdEma,minbias,0,test,10.34582,9.630409240722656,-0.06914977804518074,3,60mm,2.0937016
SubNetW8CleanAuxExDnRcK6Rr01QdEma,minbias,0,test,5.3503923,5.983527660369873,0.11833437219767307,2,40mm,0.5206528
SubNetW8CleanAuxExDnRcK6Rr01QdEma,minbias,0,test,48.537655,46.88041305541992,-0.03414342587211183,0,15mm,1.1599839
SubNetW8CleanAuxExDnRcK6Rr01QdEma,minbias,0,test,38.011932,39.59925842285156,0.0417586255343918,2,40mm,2.5921679
SubNetW8CleanAuxExDnRcK6Rr01QdEma,minbias,0,test,30.655584,29.14373207092285,-0.0493173526841586,1,30mm,2.4515743
SubNetW8CleanAuxExDnRcK6Rr01QdEma,minbias,0,test,29.85074,34.80424499511719,0.16594243528194363,2,40mm,2.0436504
SubNetW8CleanAuxExDnRcK6Rr01QdEma,minbias,0,test,34.3313,34.864662170410156,0.015535775239829075,1,30mm,2.3202455
SubNetW8CleanAuxExDnRcK6Rr01QdEma,minbias,0,test,17.614449,19.16832160949707,0.08821582225271474,3,60mm,4.24388
SubNetW8CleanAuxExDnRcK6Rr01QdEma,minbias,0,test,20.189709,19.899782180786133,-0.01436011450680963,3,60mm,4.6238194
SubNetW8CleanAuxExDnRcK6Rr01QdEma,minbias,0,test,26.831213,33.4605598449707,0.24707592788173804,2,40mm,2.8695624
SubNetW8CleanAuxExDnRcK6Rr01QdEma,minbias,0,test,30.69577,29.709434509277344,-0.03213262758751645,3,60mm,4.018616
SubNetW8CleanAuxExDnRcK6Rr01QdEma,minbias,0,test,22.79529,23.314409255981445,0.02277309316302656,3,60mm,4.8263845
SubNetW8CleanAuxExDnRcK6Rr01QdEma,minbias,0,test,23.674538,22.643882751464844,-0.043534320377664804,3,60mm,3.8275828
SubNetW8CleanAuxExDnRcK6Rr01QdEma,minbias,0,test,93.02235,93.74593353271484,0.007778636675859429,0,15mm,2.3930833
SubNetW8CleanAuxExDnRcK6Rr01QdEma,minbias,0,test,13.709957,13.396875381469727,-0.022836084644807686,2,40mm,1.352648
SubNetW8CleanAuxExDnRcK6Rr01QdEma,minbias,0,test,48.689526,47.53647994995117,-0.02368159557907612,2,40mm,3.9928906
SubNetW8CleanAuxExDnRcK6Rr01QdEma,minbias,0,test,15.800453,15.715953826904297,-0.005347907312275191,2,40mm,1.8940848
SubNetW8CleanAuxExDnRcK6Rr01QdEma,minbias,0,test,34.98178,34.507225036621094,-0.013565803558109102,2,40mm,3.798614
SubNetW8CleanAuxExDnRcK6Rr01QdEma,minbias,0,test,7.1480794,7.745158672332764,0.08353002869996806,2,40mm,0.72448933
SubNetW8CleanAuxExDnRcK6Rr01QdEma,minbias,0,test,38.548916,25.63259506225586,-0.3350631402105436,2,40mm,2.3765333
SubNetW8CleanAuxExDnRcK6Rr01QdEma,minbias,0,test,8.500138,9.872623443603516,0.16146621562719177,2,40mm,1.1920944
SubNetW8CleanAuxExDnRcK6Rr01QdEma,minbias,0,test,53.308323,53.61823654174805,0.005813606925836101,1,30mm,2.0803463
SubNetW8CleanAuxExDnRcK6Rr01QdEma,minbias,0,test,11.422687,11.446065902709961,0.002046744932500788,3,60mm,1.8391954
SubNetW8CleanAuxExDnRcK6Rr01QdEma,minbias,0,test,20.06004,18.66744613647461,-0.0694212682074895,4,120mm,4.5717945
SubNetW8CleanAuxExDnRcK6Rr01QdEma,minbias,0,test,14.086864,13.911120414733887,-0.01247573986801842,2,40mm,0.8824506
SubNetW8CleanAuxExDnRcK6Rr01QdEma,minbias,0,test,23.659864,22.715261459350586,-0.03992427637430451,3,60mm,3.8855667
SubNetW8CleanAuxExDnRcK6Rr01QdEma,minbias,0,test,4.4024215,4.56929874420166,0.03790579132713856,2,40mm,0.5207906
SubNetW8CleanAuxExDnRcK6Rr01QdEma,minbias,0,test,47.5477,48.236595153808594,0.01448852823702551,2,40mm,4.310773
SubNetW8CleanAuxExDnRcK6Rr01QdEma,minbias,0,test,6.416529,6.172006607055664,-0.038108230284138345,3,60mm,1.0981375
SubNetW8CleanAuxExDnRcK6Rr01QdEma,minbias,0,test,89.94114,87.38182830810547,-0.028455397999705645,0,15mm,2.894808
SubNetW8CleanAuxExDnRcK6Rr01QdEma,minbias,0,test,25.169426,29.14462661743164,0.15793767639777667,2,40mm,2.5755217
SubNetW8CleanAuxExDnRcK6Rr01QdEma,minbias,0,test,40.174744,38.658836364746094,-0.03773284282074618,2,40mm,3.6884153
SubNetW8CleanAuxExDnRcK6Rr01QdEma,minbias,0,test,21.875046,21.665781021118164,-0.009566368792475965,2,40mm,2.1854813
SubNetW8CleanAuxExDnRcK6Rr01QdEma,minbias,0,test,18.501606,17.961894989013672,-0.029171035146806745,4,120mm,3.8115947
SubNetW8CleanAuxExDnRcK6Rr01QdEma,minbias,0,test,27.223473,28.12162971496582,0.03299201145664443,3,60mm,4.8995566
SubNetW8CleanAuxExDnRcK6Rr01QdEma,minbias,0,test,78.12361,78.39608764648438,0.0034877573019365116,1,30mm,4.930101
SubNetW8CleanAuxExDnRcK6Rr01QdEma,minbias,0,test,12.194063,11.727737426757812,-0.0382420324341437,3,60mm,1.6850291
SubNetW8CleanAuxExDnRcK6Rr01QdEma,minbias,0,test,21.75507,22.199752807617188,0.020440434363833138,3,60mm,3.6347353
SubNetW8CleanAuxExDnRcK6Rr01QdEma,minbias,0,test,33.29842,33.44069290161133,0.004272663670593424,0,15mm,1.671958
SubNetW8CleanAuxExDnRcK6Rr01QdEma,minbias,0,test,6.5182347,6.149429798126221,-0.05658049256133757,3,60mm,1.1143763
SubNetW8CleanAuxExDnRcK6Rr01QdEma,minbias,0,test,26.75798,26.934499740600586,0.0065968877932449654,1,30mm,1.8195122
SubNetW8CleanAuxExDnRcK6Rr01QdEma,minbias,0,test,57.778027,58.16090393066406,0.00662669482693401,2,40mm,4.838302
SubNetW8CleanAuxExDnRcK6Rr01QdEma,minbias,0,test,9.272323,11.496092796325684,0.2398288136002884,3,60mm,1.4847136
SubNetW8CleanAuxExDnRcK6Rr01QdEma,minbias,0,test,14.140181,14.276480674743652,0.009639204119712419,3,60mm,3.0735655
SubNetW8CleanAuxExDnRcK6Rr01QdEma,minbias,0,test,61.94787,59.17703628540039,-0.04472844886670346,0,15mm,2.7485619
SubNetW8CleanAuxExDnRcK6Rr01QdEma,minbias,0,test,24.047123,22.894577026367188,-0.04792864123897156,3,60mm,2.4936254
SubNetW8CleanAuxExDnRcK6Rr01QdEma,minbias,0,test,20.53628,20.599952697753906,0.0031005138421600353,3,60mm,2.7207747
SubNetW8CleanAuxExDnRcK6Rr01QdEma,minbias,0,test,7.7314444,7.515922546386719,-0.027876008988274026,3,60mm,1.292481
SubNetW8CleanAuxExDnRcK6Rr01QdEma,minbias,0,test,36.93159,38.15281677246094,0.03306723876052997,1,30mm,2.2021062
SubNetW8CleanAuxExDnRcK6Rr01QdEma,minbias,0,test,83.02087,83.41678619384766,0.004768919152511986,0,15mm,3.6070635
SubNetW8CleanAuxExDnRcK6Rr01QdEma,minbias,0,test,53.927586,56.00516891479492,0.0385254279382885,0,15mm,1.9732153
SubNetW8CleanAuxExDnRcK6Rr01QdEma,minbias,0,test,19.866886,20.157073974609375,0.014606608890002537,3,60mm,3.5650468
SubNetW8CleanAuxExDnRcK6Rr01QdEma,minbias,0,test,9.704307,9.468857765197754,-0.0242623040393376,3,60mm,1.7117236
SubNetW8CleanAuxExDnRcK6Rr01QdEma,minbias,0,test,96.89403,102.0446548461914,0.05315732308752996,0,15mm,3.2355645
SubNetW8CleanAuxExDnRcK6Rr01QdEma,minbias,0,test,30.152246,30.75751495361328,0.02007374405389628,2,40mm,3.6092722
SubNetW8CleanAuxExDnRcK6Rr01QdEma,minbias,0,test,13.844417,14.368291854858398,0.037840181421366026,3,60mm,3.2398434
SubNetW8CleanAuxExDnRcK6Rr01QdEma,minbias,0,test,75.368225,75.9839096069336,0.008169019616417694,0,15mm,3.0914373
SubNetW8CleanAuxExDnRcK6Rr01QdEma,minbias,0,test,22.460495,23.022905349731445,0.025039980407222773,2,40mm,1.84495
SubNetW8CleanAuxExDnRcK6Rr01QdEma,minbias,0,test,40.73892,40.24046325683594,-0.012235353032263863,2,40mm,3.2479787
SubNetW8CleanAuxExDnRcK6Rr01QdEma,minbias,0,test,8.352694,8.539053916931152,0.02231140863766279,3,60mm,1.6971973
SubNetW8CleanAuxExDnRcK6Rr01QdEma,minbias,0,test,15.861027,15.708902359008789,-0.009591081786288314,4,120mm,3.7687266
SubNetW8CleanAuxExDnRcK6Rr01QdEma,minbias,0,test,28.803713,28.727754592895508,-0.002637099333765547,3,60mm,4.952337
SubNetW8CleanAuxExDnRcK6Rr01QdEma,minbias,0,test,20.5087,19.831937789916992,-0.032998758889240754,2,40mm,2.27935
SubNetW8CleanAuxExDnRcK6Rr01QdEma,minbias,0,test,29.788279,29.573925018310547,-0.007195902939734045,1,30mm,1.9411275
SubNetW8CleanAuxExDnRcK6Rr01QdEma,minbias,0,test,5.3306947,4.895296096801758,-0.08167764337532746,2,40mm,0.63594806
SubNetW8CleanAuxExDnRcK6Rr01QdEma,minbias,0,test,14.075734,9.018860816955566,-0.35926178143033116,1,30mm,0.9329356
SubNetW8CleanAuxExDnRcK6Rr01QdEma,minbias,0,test,18.858665,18.709583282470703,-0.007905235081677953,3,60mm,4.3058543
SubNetW8CleanAuxExDnRcK6Rr01QdEma,minbias,0,test,14.651279,14.604598045349121,-0.003186165704830657,2,40mm,1.524242
SubNetW8CleanAuxExDnRcK6Rr01QdEma,minbias,0,test,15.268915,15.320178031921387,0.0033573344888997436,2,40mm,1.3072481
SubNetW8CleanAuxExDnRcK6Rr01QdEma,minbias,0,test,8.189072,8.205265998840332,0.001977555484749649,3,60mm,1.6517912
SubNetW8CleanAuxExDnRcK6Rr01QdEma,minbias,0,test,10.791521,18.84267234802246,0.7460626932597367,1,30mm,0.8158194
SubNetW8CleanAuxExDnRcK6Rr01QdEma,minbias,0,test,58.164055,53.59926986694336,-0.07848120310417062,2,40mm,4.835582
SubNetW8CleanAuxExDnRcK6Rr01QdEma,minbias,0,test,65.393906,63.69895553588867,-0.02591908354732242,2,40mm,4.739225
SubNetW8CleanAuxExDnRcK6Rr01QdEma,minbias,0,test,5.0991735,4.683694362640381,-0.08147971028289258,3,60mm,0.62756854
SubNetW8CleanAuxExDnRcK6Rr01QdEma,minbias,0,test,31.656872,31.48137664794922,-0.005543666753869525,2,40mm,3.3119547
SubNetW8CleanAuxExDnRcK6Rr01QdEma,minbias,0,test,75.97072,73.98247528076172,-0.026171176807663343,1,30mm,3.7075188
SubNetW8CleanAuxExDnRcK6Rr01QdEma,minbias,0,test,45.881756,43.90793991088867,-0.043019624735619044,1,30mm,1.8847005
SubNetW8CleanAuxExDnRcK6Rr01QdEma,minbias,0,test,15.084115,14.99703598022461,-0.0057728973819740625,1,30mm,1.3436521
SubNetW8CleanAuxExDnRcK6Rr01QdEma,minbias,0,test,68.61595,68.34561157226562,-0.003939899684554549,1,30mm,3.4076326
SubNetW8CleanAuxExDnRcK6Rr01QdEma,minbias,0,test,19.380093,18.960662841796875,-0.02164230002706491,3,60mm,3.3205261
SubNetW8CleanAuxExDnRcK6Rr01QdEma,minbias,0,test,48.234158,43.245601654052734,-0.1034237179692502,1,30mm,3.8671563
SubNetW8CleanAuxExDnRcK6Rr01QdEma,minbias,0,test,47.158607,47.89250183105469,0.015562256549040088,1,30mm,2.987071
SubNetW8CleanAuxExDnRcK6Rr01QdEma,minbias,0,test,21.285662,20.976442337036133,-0.014527119933955945,3,60mm,2.8321495
SubNetW8CleanAuxExDnRcK6Rr01QdEma,minbias,0,test,40.195282,40.89924621582031,0.01751360355442455,2,40mm,3.7856135
SubNetW8CleanAuxExDnRcK6Rr01QdEma,minbias,0,test,43.03753,43.20317459106445,0.003848864078539016,1,30mm,2.574047
SubNetW8CleanAuxExDnRcK6Rr01QdEma,minbias,0,test,20.583498,21.419178009033203,0.04059951364388925,2,40mm,1.3411502
SubNetW8CleanAuxExDnRcK6Rr01QdEma,minbias,0,test,20.534822,21.325429916381836,0.038500817515175534,3,60mm,3.5636463
SubNetW8CleanAuxExDnRcK6Rr01QdEma,minbias,0,test,24.98399,23.602285385131836,-0.05530359026616627,3,60mm,4.4843106
SubNetW8CleanAuxExDnRcK6Rr01QdEma,minbias,0,test,26.926601,30.048357009887695,0.11593574519309446,3,60mm,3.776867
SubNetW8CleanAuxExDnRcK6Rr01QdEma,minbias,0,test,6.4931197,6.307498931884766,-0.02858730361673545,3,60mm,0.82136995
SubNetW8CleanAuxExDnRcK6Rr01QdEma,minbias,0,test,50.507378,53.97799301147461,0.06871501848234085,1,30mm,2.680668
SubNetW8CleanAuxExDnRcK6Rr01QdEma,minbias,0,test,31.22263,32.704254150390625,0.04745354970937066,2,40mm,3.8651235
SubNetW8CleanAuxExDnRcK6Rr01QdEma,minbias,0,test,25.501036,24.89107894897461,-0.02391890073566072,3,60mm,2.981818
SubNetW8CleanAuxExDnRcK6Rr01QdEma,minbias,0,test,35.832214,34.82537841796875,-0.02809862453689904,1,30mm,1.8623511
SubNetW8CleanAuxExDnRcK6Rr01QdEma,minbias,0,test,71.44783,70.64386749267578,-0.011252443989787309,0,15mm,1.6976967
SubNetW8CleanAuxExDnRcK6Rr01QdEma,minbias,0,test,70.69565,69.54134368896484,-0.016327801412010512,0,15mm,2.1558714
SubNetW8CleanAuxExDnRcK6Rr01QdEma,minbias,0,test,4.6954093,4.9196600914001465,0.04775958371834954,2,40mm,0.5187336
SubNetW8CleanAuxExDnRcK6Rr01QdEma,minbias,0,test,36.597504,40.11005783081055,0.09597797164340038,0,15mm,1.9668062
SubNetW8CleanAuxExDnRcK6Rr01QdEma,minbias,0,test,19.798197,19.576921463012695,-0.011176539555992404,2,40mm,2.2253897
SubNetW8CleanAuxExDnRcK6Rr01QdEma,minbias,0,test,25.560246,24.709068298339844,-0.03330082315182603,3,60mm,4.3065677
SubNetW8CleanAuxExDnRcK6Rr01QdEma,minbias,0,test,20.912579,20.447643280029297,-0.02223232782577944,2,40mm,2.4642024
SubNetW8CleanAuxExDnRcK6Rr01QdEma,minbias,0,test,28.175577,26.688405990600586,-0.05278227893808318,2,40mm,3.161705
SubNetW8CleanAuxExDnRcK6Rr01QdEma,minbias,0,test,25.805283,17.22609519958496,-0.3324585717031058,2,40mm,1.4910789
SubNetW8CleanAuxExDnRcK6Rr01QdEma,minbias,0,test,43.83667,43.245521545410156,-0.013485248252624538,2,40mm,4.043687
SubNetW8CleanAuxExDnRcK6Rr01QdEma,minbias,0,test,9.106614,8.495721817016602,-0.06708226441429277,2,40mm,0.62214756
SubNetW8CleanAuxExDnRcK6Rr01QdEma,minbias,0,test,17.8879,18.238332748413086,0.0195905255165294,3,60mm,2.9908323
SubNetW8CleanAuxExDnRcK6Rr01QdEma,minbias,0,test,55.9428,55.35789489746094,-0.010455388924525355,1,30mm,4.864732
SubNetW8CleanAuxExDnRcK6Rr01QdEma,minbias,0,test,3.331213,3.6306962966918945,0.08990217662029809,3,60mm,0.71856546
SubNetW8CleanAuxExDnRcK6Rr01QdEma,minbias,0,test,9.280841,9.008001327514648,-0.0293981493612554,3,60mm,1.7949647
SubNetW8CleanAuxExDnRcK6Rr01QdEma,minbias,0,test,33.587154,34.1711311340332,0.017386907472181523,0,15mm,1.0827217
SubNetW8CleanAuxExDnRcK6Rr01QdEma,minbias,0,test,50.73056,50.45676040649414,-0.00539713921167706,0,15mm,2.2104914
SubNetW8CleanAuxExDnRcK6Rr01QdEma,minbias,0,test,7.332992,7.420809745788574,0.011975693958779399,3,60mm,1.2308561
SubNetW8CleanAuxExDnRcK6Rr01QdEma,minbias,0,test,13.68515,12.992974281311035,-0.0505786094974745,3,60mm,2.9428537
SubNetW8CleanAuxExDnRcK6Rr01QdEma,minbias,0,test,34.009514,32.91999435424805,-0.032035726984461665,3,60mm,4.5694795
SubNetW8CleanAuxExDnRcK6Rr01QdEma,minbias,0,test,19.540894,18.89569854736328,-0.033017681894564554,3,60mm,2.4344282
SubNetW8CleanAuxExDnRcK6Rr01QdEma,minbias,0,test,55.432034,55.521766662597656,0.001618795451847399,2,40mm,4.9405694
SubNetW8CleanAuxExDnRcK6Rr01QdEma,minbias,0,test,31.931265,31.33323097229004,-0.018728788456296885,1,30mm,1.8039908
SubNetW8CleanAuxExDnRcK6Rr01QdEma,minbias,0,test,9.241946,8.61609935760498,-0.06771808100458954,3,60mm,1.2949164
SubNetW8CleanAuxExDnRcK6Rr01QdEma,minbias,0,test,9.095031,9.434775352478027,0.037354966235639386,2,40mm,1.0546293
SubNetW8CleanAuxExDnRcK6Rr01QdEma,minbias,0,test,98.34198,97.31956481933594,-0.010396528129043903,0,15mm,2.2499247
SubNetW8CleanAuxExDnRcK6Rr01QdEma,minbias,0,test,57.456005,58.49314880371094,0.018051093276231445,2,40mm,4.112168
SubNetW8CleanAuxExDnRcK6Rr01QdEma,minbias,0,test,56.855015,52.62517547607422,-0.07439694351948156,1,30mm,4.068865
SubNetW8CleanAuxExDnRcK6Rr01QdEma,minbias,0,test,27.565033,28.4274959564209,0.03128829915494147,2,40mm,4.0924225
SubNetW8CleanAuxExDnRcK6Rr01QdEma,minbias,0,test,49.206352,39.96332931518555,-0.18784206711294926,0,15mm,2.440198
SubNetW8CleanAuxExDnRcK6Rr01QdEma,minbias,0,test,36.44916,35.545196533203125,-0.02480070757197672,1,30mm,3.5298355
SubNetW8CleanAuxExDnRcK6Rr01QdEma,minbias,0,test,44.019,41.49999237060547,-0.057225483969285174,1,30mm,2.485445
SubNetW8CleanAuxExDnRcK6Rr01QdEma,minbias,0,test,32.03089,33.45680236816406,0.04451674263693395,0,15mm,1.3082335
SubNetW8CleanAuxExDnRcK6Rr01QdEma,minbias,0,test,15.096658,13.950178146362305,-0.07594261096641042,2,40mm,0.93940645
SubNetW8CleanAuxExDnRcK6Rr01QdEma,minbias,0,test,7.514577,7.597956657409668,0.011095733859755708,3,60mm,1.3030864
SubNetW8CleanAuxExDnRcK6Rr01QdEma,minbias,0,test,6.6739197,6.4620161056518555,-0.031750992267628786,3,60mm,1.3401794
SubNetW8CleanAuxExDnRcK6Rr01QdEma,minbias,0,test,13.015631,12.851567268371582,-0.012605109746731347,4,120mm,3.0641017
SubNetW8CleanAuxExDnRcK6Rr01QdEma,minbias,0,test,4.7525225,4.579198360443115,-0.03646991871582772,4,120mm,1.0833703
SubNetW8CleanAuxExDnRcK6Rr01QdEma,minbias,0,test,27.883171,27.746200561523438,-0.0049123006712172845,0,15mm,0.7709959
SubNetW8CleanAuxExDnRcK6Rr01QdEma,minbias,0,test,28.217823,28.06880760192871,-0.0052808973422541206,0,15mm,0.7333259
SubNetW8CleanAuxExDnRcK6Rr01QdEma,minbias,0,test,47.17435,51.063655853271484,0.0824453342517304,1,30mm,2.9726229
SubNetW8CleanAuxExDnRcK6Rr01QdEma,minbias,0,test,20.323488,21.197772979736328,0.04301843926263982,3,60mm,4.7498474
SubNetW8CleanAuxExDnRcK6Rr01QdEma,minbias,0,test,40.20709,39.21555709838867,-0.02466061109594675,3,60mm,4.356726
SubNetW8CleanAuxExDnRcK6Rr01QdEma,minbias,0,test,22.83398,22.906431198120117,0.0031729306953751646,2,40mm,2.5250556
SubNetW8CleanAuxExDnRcK6Rr01QdEma,minbias,0,test,34.336067,35.72537612915039,0.04046208674286422,1,30mm,2.3064198
SubNetW8CleanAuxExDnRcK6Rr01QdEma,minbias,0,test,42.56727,41.147342681884766,-0.033357218915301856,2,40mm,3.1414595
SubNetW8CleanAuxExDnRcK6Rr01QdEma,minbias,0,test,50.117485,49.512939453125,-0.012062568436987164,0,15mm,1.524344
SubNetW8CleanAuxExDnRcK6Rr01QdEma,minbias,0,test,53.465218,40.86241912841797,-0.23571957676261268,1,30mm,3.2392478
SubNetW8CleanAuxExDnRcK6Rr01QdEma,minbias,0,test,72.233765,72.2225112915039,-0.0001557908131795127,0,15mm,1.7017322
SubNetW8CleanAuxExDnRcK6Rr01QdEma,minbias,0,test,24.483932,25.5954647064209,0.04539843472960814,2,40mm,1.5910993
SubNetW8CleanAuxExDnRcK6Rr01QdEma,minbias,0,test,12.966286,13.128410339355469,0.012503552479910418,3,60mm,1.6855257
SubNetW8CleanAuxExDnRcK6Rr01QdEma,minbias,0,test,84.70748,82.04387664794922,-0.031444740096150725,1,30mm,3.9588583
SubNetW8CleanAuxExDnRcK6Rr01QdEma,minbias,0,test,30.581186,30.39394760131836,-0.006122675930025578,3,60mm,3.8855987
SubNetW8CleanAuxExDnRcK6Rr01QdEma,minbias,0,test,50.685802,50.54646682739258,-0.002749007129461134,1,30mm,3.0099955
SubNetW8CleanAuxExDnRcK6Rr01QdEma,minbias,0,test,17.516329,17.334930419921875,-0.010355959497804879,3,60mm,2.8978622
SubNetW8CleanAuxExDnRcK6Rr01QdEma,minbias,0,test,30.294931,30.697988510131836,0.01330444003687159,2,40mm,3.6885462
SubNetW8CleanAuxExDnRcK6Rr01QdEma,minbias,0,test,41.092476,41.47187042236328,0.009232700707918262,2,40mm,4.071517
SubNetW8CleanAuxExDnRcK6Rr01QdEma,minbias,0,test,31.210419,32.046207427978516,0.02677915778090023,3,60mm,3.7052374
SubNetW8CleanAuxExDnRcK6Rr01QdEma,minbias,0,test,37.483295,37.38747024536133,-0.002556477337062435,2,40mm,3.840475
SubNetW8CleanAuxExDnRcK6Rr01QdEma,minbias,0,test,17.828224,18.60124969482422,0.043359647309696436,2,40mm,2.7689583
SubNetW8CleanAuxExDnRcK6Rr01QdEma,minbias,0,test,10.127672,10.379742622375488,0.024889275845099812,3,60mm,2.085982
SubNetW8CleanAuxExDnRcK6Rr01QdEma,minbias,0,test,16.47819,16.928422927856445,0.027322993241248206,1,30mm,0.80691177
SubNetW8CleanAuxExDnRcK6Rr01QdEma,minbias,0,test,8.526495,8.96618938446045,0.051568013074623664,3,60mm,1.4309287
SubNetW8CleanAuxExDnRcK6Rr01QdEma,minbias,0,test,34.826813,35.459232330322266,0.01815898545835326,3,60mm,4.62368
SubNetW8CleanAuxExDnRcK6Rr01QdEma,minbias,0,test,99.47208,98.44757843017578,-0.01029935256961112,1,30mm,4.463755
SubNetW8CleanAuxExDnRcK6Rr01QdEma,minbias,0,test,51.1667,58.68989181518555,0.1470330036219223,1,30mm,4.9673777
SubNetW8CleanAuxExDnRcK6Rr01QdEma,minbias,0,test,4.6969748,4.233752250671387,-0.09862145910721232,4,120mm,1.1255383
SubNetW8CleanAuxExDnRcK6Rr01QdEma,minbias,0,test,19.22551,19.473052978515625,0.012875774923549299,4,120mm,4.4657903
SubNetW8CleanAuxExDnRcK6Rr01QdEma,minbias,0,test,31.779331,21.247482299804688,-0.3314056182862526,0,15mm,1.6516083
SubNetW8CleanAuxExDnRcK6Rr01QdEma,minbias,0,test,7.899396,7.572864532470703,-0.04133625059262114,3,60mm,1.7846893
SubNetW8CleanAuxExDnRcK6Rr01QdEma,minbias,0,test,43.456924,43.890296936035156,0.009972461308718206,2,40mm,2.712206
SubNetW8CleanAuxExDnRcK6Rr01QdEma,minbias,0,test,25.514532,25.653074264526367,0.00542993204062836,3,60mm,3.5243466
SubNetW8CleanAuxExDnRcK6Rr01QdEma,minbias,0,test,23.33781,22.059682846069336,-0.05476639161982433,3,60mm,2.994282
SubNetW8CleanAuxExDnRcK6Rr01QdEma,minbias,0,test,31.654661,32.79314041137695,0.03596561107904539,0,15mm,1.1767709
SubNetW8CleanAuxExDnRcK6Rr01QdEma,minbias,0,test,62.32669,76.8393783569336,0.23284868049635676,0,15mm,1.3493528
SubNetW8CleanAuxExDnRcK6Rr01QdEma,minbias,0,test,34.877365,33.750701904296875,-0.032303564342660906,0,15mm,0.9028989
SubNetW8CleanAuxExDnRcK6Rr01QdEma,minbias,0,test,14.1988125,13.778186798095703,-0.029624004619930977,3,60mm,2.8915563
SubNetW8CleanAuxExDnRcK6Rr01QdEma,minbias,0,test,93.3067,86.09981536865234,-0.07723867807216023,0,15mm,2.0733852
SubNetW8CleanAuxExDnRcK6Rr01QdEma,minbias,0,test,13.064954,12.925676345825195,-0.010660386579254832,1,30mm,0.6618579
SubNetW8CleanAuxExDnRcK6Rr01QdEma,minbias,0,test,24.546381,23.180246353149414,-0.05565523666149086,3,60mm,4.7431407
SubNetW8CleanAuxExDnRcK6Rr01QdEma,minbias,0,test,73.17595,73.37993621826172,0.002787625225229684,2,40mm,4.4982176
SubNetW8CleanAuxExDnRcK6Rr01QdEma,minbias,0,test,57.397762,49.5345573425293,-0.13699497404010597,1,30mm,4.8058844
SubNetW8CleanAuxExDnRcK6Rr01QdEma,minbias,0,test,76.72988,74.13117218017578,-0.03386828003470965,0,15mm,1.8661596
SubNetW8CleanAuxExDnRcK6Rr01QdEma,minbias,0,test,19.951305,20.046720504760742,0.004782399622188072,4,120mm,4.593965
SubNetW8CleanAuxExDnRcK6Rr01QdEma,minbias,0,test,19.493582,20.287656784057617,0.040735203078671844,1,30mm,1.9346514
SubNetW8CleanAuxExDnRcK6Rr01QdEma,minbias,0,test,45.263844,45.540489196777344,0.0061118464272276185,2,40mm,3.3988433
SubNetW8CleanAuxExDnRcK6Rr01QdEma,minbias,0,test,2.5673046,2.585982322692871,0.007275222194238262,4,120mm,0.54606426
SubNetW8CleanAuxExDnRcK6Rr01QdEma,minbias,0,test,10.935498,11.307470321655273,0.03401510164082944,4,120mm,2.2578783
SubNetW8CleanAuxExDnRcK6Rr01QdEma,minbias,0,test,59.636745,53.77860641479492,-0.09823036105674932,0,15mm,1.8949171
SubNetW8CleanAuxExDnRcK6Rr01QdEma,minbias,0,test,18.076702,17.9611873626709,-0.006390256059732868,3,60mm,3.647446
SubNetW8CleanAuxExDnRcK6Rr01QdEma,minbias,0,test,11.924038,11.936225891113281,0.0010221334276021565,2,40mm,1.4747002
SubNetW8CleanAuxExDnRcK6Rr01QdEma,minbias,0,test,59.82444,62.02997970581055,0.0368668675089836,0,15mm,2.480828
SubNetW8CleanAuxExDnRcK6Rr01QdEma,minbias,0,test,28.822199,29.04773712158203,0.007825157782675785,2,40mm,2.4329553
SubNetW8CleanAuxExDnRcK6Rr01QdEma,minbias,0,test,42.399937,42.406124114990234,0.00014593038221066834,2,40mm,3.083043
SubNetW8CleanAuxExDnRcK6Rr01QdEma,minbias,0,test,8.621261,8.124139785766602,-0.05766220020758739,4,120mm,1.9693283
SubNetW8CleanAuxExDnRcK6Rr01QdEma,minbias,0,test,31.50289,31.87379264831543,0.011773618847525924,3,60mm,4.6819124
SubNetW8CleanAuxExDnRcK6Rr01QdEma,minbias,0,test,49.685425,46.950862884521484,-0.05503750709419375,1,30mm,3.1818123
SubNetW8CleanAuxExDnRcK6Rr01QdEma,minbias,0,test,34.819973,33.88472366333008,-0.0268595650211928,2,40mm,2.9884777
SubNetW8CleanAuxExDnRcK6Rr01QdEma,minbias,0,test,20.252703,21.442901611328125,0.05876741070961877,1,30mm,1.0899827
SubNetW8CleanAuxExDnRcK6Rr01QdEma,minbias,0,test,21.023315,21.70229148864746,0.032296336000418036,3,60mm,4.5221796
SubNetW8CleanAuxExDnRcK6Rr01QdEma,minbias,0,test,50.83936,48.8036994934082,-0.04004101976756913,0,15mm,1.0241742
SubNetW8CleanAuxExDnRcK6Rr01QdEma,minbias,0,test,20.336288,20.71414566040039,0.018580441024971472,4,120mm,4.0190086
SubNetW8CleanAuxExDnRcK6Rr01QdEma,minbias,0,test,6.0674405,5.8550944328308105,-0.03499763642057807,3,60mm,1.1576933
SubNetW8CleanAuxExDnRcK6Rr01QdEma,minbias,0,test,47.76605,47.52712631225586,-0.005001923478844539,2,40mm,3.5925372
SubNetW8CleanAuxExDnRcK6Rr01QdEma,minbias,0,test,49.985153,50.445213317871094,0.009203935372655625,2,40mm,4.2522206
SubNetW8CleanAuxExDnRcK6Rr01QdEma,minbias,0,test,62.62602,64.07591247558594,0.02315162268948079,1,30mm,3.119702
SubNetW8CleanAuxExDnRcK6Rr01QdEma,minbias,0,test,7.4480586,6.833036422729492,-0.0825748312500788,4,120mm,1.7119452
SubNetW8CleanAuxExDnRcK6Rr01QdEma,minbias,0,test,3.962095,3.764521360397339,-0.049865957453594234,4,120mm,0.8895565
SubNetW8CleanAuxExDnRcK6Rr01QdEma,minbias,0,test,25.230007,25.872102737426758,0.025449678290931477,2,40mm,3.3951604
SubNetW8CleanAuxExDnRcK6Rr01QdEma,minbias,0,test,50.04352,50.4486198425293,0.008094913111595936,1,30mm,2.3002312
SubNetW8CleanAuxExDnRcK6Rr01QdEma,minbias,0,test,27.405876,29.098318099975586,0.0617547102105902,3,60mm,4.036774
SubNetW8CleanAuxExDnRcK6Rr01QdEma,minbias,0,test,41.710552,41.535316467285156,-0.0042012329969962625,1,30mm,3.936382
SubNetW8CleanAuxExDnRcK6Rr01QdEma,minbias,0,test,79.10845,79.41545104980469,0.003880738396337513,0,15mm,1.8811507
SubNetW8CleanAuxExDnRcK6Rr01QdEma,minbias,0,test,87.636116,86.56033325195312,-0.012275564283762308,1,30mm,4.5111284
SubNetW8CleanAuxExDnRcK6Rr01QdEma,minbias,0,test,65.93497,67.7499771118164,0.02752727653100573,1,30mm,2.7209494
SubNetW8CleanAuxExDnRcK6Rr01QdEma,minbias,0,test,34.74755,39.24958038330078,0.12956393455077042,2,40mm,2.3931632
SubNetW8CleanAuxExDnRcK6Rr01QdEma,minbias,0,test,41.81693,39.74526596069336,-0.04954124942061511,1,30mm,2.9547474
SubNetW8CleanAuxExDnRcK6Rr01QdEma,minbias,0,test,30.371168,27.83492088317871,-0.0835083867044889,1,30mm,1.8252393
SubNetW8CleanAuxExDnRcK6Rr01QdEma,minbias,0,test,14.699642,14.488348960876465,-0.014374038354989849,3,60mm,2.96151
SubNetW8CleanAuxExDnRcK6Rr01QdEma,minbias,0,test,26.055172,24.71425437927246,-0.05146454565725456,2,40mm,3.6821167
SubNetW8CleanAuxExDnRcK6Rr01QdEma,minbias,0,test,29.230352,28.494691848754883,-0.025167693596978014,2,40mm,2.2605586
SubNetW8CleanAuxExDnRcK6Rr01QdEma,minbias,0,test,49.659626,48.92591094970703,-0.014774880851266214,1,30mm,3.4877088
SubNetW8CleanAuxExDnRcK6Rr01QdEma,minbias,0,test,25.229872,28.127649307250977,0.11485502526928482,2,40mm,1.4708092
SubNetW8CleanAuxExDnRcK6Rr01QdEma,minbias,0,test,8.842157,8.453482627868652,-0.04395700280229875,3,60mm,1.7778211
SubNetW8CleanAuxExDnRcK6Rr01QdEma,minbias,0,test,72.9021,38.70887756347656,-0.46902931779897994,1,30mm,4.719088
SubNetW8CleanAuxExDnRcK6Rr01QdEma,minbias,0,test,33.62789,27.7817325592041,-0.17384851423936654,0,15mm,1.0448298
SubNetW8CleanAuxExDnRcK6Rr01QdEma,minbias,0,test,74.36415,73.2884521484375,-0.014465287884816158,1,30mm,3.1242354
SubNetW8CleanAuxExDnRcK6Rr01QdEma,minbias,0,test,20.673464,19.731420516967773,-0.04556775355021547,2,40mm,1.911335
SubNetW8CleanAuxExDnRcK6Rr01QdEma,minbias,0,test,17.820656,17.345365524291992,-0.0266707523667592,3,60mm,2.8437593
SubNetW8CleanAuxExDnRcK6Rr01QdEma,minbias,0,test,5.6394386,5.530126571655273,-0.01938349979199716,2,40mm,0.9120651
SubNetW8CleanAuxExDnRcK6Rr01QdEma,minbias,0,test,11.869961,12.215039253234863,0.02907157610506883,2,40mm,1.9624375
SubNetW8CleanAuxExDnRcK6Rr01QdEma,minbias,0,test,28.909317,28.121810913085938,-0.027240564108221177,2,40mm,2.5629542
SubNetW8CleanAuxExDnRcK6Rr01QdEma,minbias,0,test,87.947205,86.97050476074219,-0.011105524429759428,0,15mm,3.2219598
SubNetW8CleanAuxExDnRcK6Rr01QdEma,minbias,0,test,6.6174245,6.360442161560059,-0.03883419100149199,2,40mm,0.56949013
SubNetW8CleanAuxExDnRcK6Rr01QdEma,minbias,0,test,22.18962,21.790468215942383,-0.017988179392871673,2,40mm,2.4223042
SubNetW8CleanAuxExDnRcK6Rr01QdEma,minbias,0,test,14.825354,14.440403938293457,-0.025965632520258297,3,60mm,2.2539132
SubNetW8CleanAuxExDnRcK6Rr01QdEma,minbias,0,test,43.57772,42.722225189208984,-0.019631486922117136,2,40mm,4.2707872
SubNetW8CleanAuxExDnRcK6Rr01QdEma,minbias,0,test,17.806307,17.555356979370117,-0.014093313222574233,4,120mm,4.2579885
SubNetW8CleanAuxExDnRcK6Rr01QdEma,minbias,0,test,38.140728,41.347137451171875,0.08406786190899451,2,40mm,3.2127182
SubNetW8CleanAuxExDnRcK6Rr01QdEma,minbias,0,test,40.408924,40.8563232421875,0.011071790435852824,2,40mm,3.397612
SubNetW8CleanAuxExDnRcK6Rr01QdEma,minbias,0,test,39.306145,39.7679443359375,0.0117487895324766,3,60mm,4.7172127
SubNetW8CleanAuxExDnRcK6Rr01QdEma,minbias,0,test,26.278122,28.618844985961914,0.08907497432008471,0,15mm,1.2637824
SubNetW8CleanAuxExDnRcK6Rr01QdEma,minbias,0,test,9.794165,9.704363822937012,-0.0091688099797409,1,30mm,0.62519693
SubNetW8CleanAuxExDnRcK6Rr01QdEma,minbias,0,test,24.033562,23.838336944580078,-0.00812300583436798,3,60mm,3.6116233
SubNetW8CleanAuxExDnRcK6Rr01QdEma,minbias,0,test,9.4218235,9.187339782714844,-0.024887296905166667,4,120mm,2.0815847
SubNetW8CleanAuxExDnRcK6Rr01QdEma,minbias,0,test,12.32337,13.741296768188477,0.11505998689056396,0,15mm,0.562013
SubNetW8CleanAuxExDnRcK6Rr01QdEma,minbias,0,test,15.031804,15.03933334350586,0.0005008885617163727,3,60mm,3.5929854
SubNetW8CleanAuxExDnRcK6Rr01QdEma,minbias,0,test,5.0062838,4.7213873863220215,-0.05690775581301655,4,120mm,1.0351224
SubNetW8CleanAuxExDnRcK6Rr01QdEma,minbias,0,test,79.10845,70.8603286743164,-0.10426348862555668,1,30mm,3.7133923
SubNetW8CleanAuxExDnRcK6Rr01QdEma,minbias,0,test,14.147904,13.340312957763672,-0.05708205368694208,1,30mm,0.7637153
SubNetW8CleanAuxExDnRcK6Rr01QdEma,minbias,0,test,32.343254,31.960220336914062,-0.011842771026786325,1,30mm,3.0214217
SubNetW8CleanAuxExDnRcK6Rr01QdEma,minbias,0,test,10.765811,9.792872428894043,-0.09037299100141194,2,40mm,0.99695754
SubNetW8CleanAuxExDnRcK6Rr01QdEma,minbias,0,test,63.662437,53.87370681762695,-0.15375990953413698,0,15mm,1.6921695
SubNetW8CleanAuxExDnRcK6Rr01QdEma,minbias,0,test,5.886072,6.045285224914551,0.027049118971923747,3,60mm,0.86718774
SubNetW8CleanAuxExDnRcK6Rr01QdEma,minbias,0,test,31.802958,31.710205078125,-0.0029164726759633997,3,60mm,4.972947
SubNetW8CleanAuxExDnRcK6Rr01QdEma,minbias,0,test,14.125691,13.809574127197266,-0.02237888945892752,2,40mm,1.5663478
SubNetW8CleanAuxExDnRcK6Rr01QdEma,minbias,0,test,21.333197,22.257793426513672,0.04334075207298094,3,60mm,4.311824
SubNetW8CleanAuxExDnRcK6Rr01QdEma,minbias,0,test,6.327386,6.379071235656738,0.008168512881806311,3,60mm,1.0743144
SubNetW8CleanAuxExDnRcK6Rr01QdEma,minbias,0,test,84.93632,87.73362731933594,0.0329342024668966,0,15mm,3.6836038
SubNetW8CleanAuxExDnRcK6Rr01QdEma,minbias,0,test,14.106058,14.256884574890137,0.010692317646201488,3,60mm,1.8450664
SubNetW8CleanAuxExDnRcK6Rr01QdEma,minbias,0,test,3.84878,3.419670581817627,-0.11149230255455744,4,120mm,0.9171538
SubNetW8CleanAuxExDnRcK6Rr01QdEma,minbias,0,test,9.745631,13.146350860595703,0.34894811496388844,0,15mm,0.27365285
SubNetW8CleanAuxExDnRcK6Rr01QdEma,minbias,0,test,3.8517685,3.701242446899414,-0.03907972324946174,2,40mm,0.55351543
SubNetW8CleanAuxExDnRcK6Rr01QdEma,minbias,0,test,18.112427,18.398794174194336,0.01581054931020298,1,30mm,1.8557032
SubNetW8CleanAuxExDnRcK6Rr01QdEma,minbias,0,test,46.764908,41.71745681762695,-0.10793244876883701,0,15mm,2.266219
SubNetW8CleanAuxExDnRcK6Rr01QdEma,minbias,0,test,7.4248924,7.923027515411377,0.06708987300085134,3,60mm,1.1175379
SubNetW8CleanAuxExDnRcK6Rr01QdEma,minbias,0,test,20.51995,21.633567810058594,0.054269961492286356,2,40mm,1.9219654
SubNetW8CleanAuxExDnRcK6Rr01QdEma,minbias,0,test,67.37187,68.36566925048828,0.014750923100512514,1,30mm,3.4726164
SubNetW8CleanAuxExDnRcK6Rr01QdEma,minbias,0,test,13.86137,13.328909873962402,-0.038413245543423624,3,60mm,2.589676
SubNetW8CleanAuxExDnRcK6Rr01QdEma,minbias,0,test,12.385106,11.708959579467773,-0.054593517611253084,2,40mm,2.187132
SubNetW8CleanAuxExDnRcK6Rr01QdEma,minbias,0,test,43.100773,44.426414489746094,0.030756794929358122,2,40mm,4.359851
SubNetW8CleanAuxExDnRcK6Rr01QdEma,minbias,0,test,19.91315,19.504741668701172,-0.02050951770584275,3,60mm,3.5947244
SubNetW8CleanAuxExDnRcK6Rr01QdEma,minbias,0,test,23.586859,23.562780380249023,-0.0010208383149472589,3,60mm,3.4116952
SubNetW8CleanAuxExDnRcK6Rr01QdEma,minbias,0,test,17.792194,24.393024444580078,0.37099583908379663,3,60mm,2.610742
SubNetW8CleanAuxExDnRcK6Rr01QdEma,minbias,0,test,12.870652,12.926915168762207,0.004371415612954399,1,30mm,0.73434865
SubNetW8CleanAuxExDnRcK6Rr01QdEma,minbias,0,test,42.118423,41.98137283325195,-0.003253935389724183,2,40mm,2.8259985
SubNetW8CleanAuxExDnRcK6Rr01QdEma,minbias,0,test,21.140898,18.435094833374023,-0.12798902626408581,3,60mm,3.700549
SubNetW8CleanAuxExDnRcK6Rr01QdEma,minbias,0,test,16.65335,16.341215133666992,-0.018743116601337317,3,60mm,2.5856922
SubNetW8CleanAuxExDnRcK6Rr01QdEma,minbias,0,test,7.285152,6.971945285797119,-0.042992469402714506,3,60mm,1.0921743
SubNetW8CleanAuxExDnRcK6Rr01QdEma,minbias,0,test,47.173706,45.76448059082031,-0.029873113260033057,1,30mm,2.8977642
SubNetW8CleanAuxExDnRcK6Rr01QdEma,minbias,0,test,29.631405,30.508161544799805,0.02958876474938843,2,40mm,3.6171122
SubNetW8CleanAuxExDnRcK6Rr01QdEma,minbias,0,test,13.000806,12.739602088928223,-0.020091351935138335,3,60mm,2.5235283
SubNetW8CleanAuxExDnRcK6Rr01QdEma,minbias,0,test,44.19509,43.58463668823242,-0.013812723134945304,2,40mm,3.9204822
SubNetW8CleanAuxExDnRcK6Rr01QdEma,minbias,0,test,26.093458,26.232017517089844,0.005310117980449114,3,60mm,4.9316797
SubNetW8CleanAuxExDnRcK6Rr01QdEma,minbias,0,test,90.33443,84.65323638916016,-0.0628906463122515,0,15mm,2.9533644
SubNetW8CleanAuxExDnRcK6Rr01QdEma,minbias,0,test,15.951036,15.829354286193848,-0.007628480281508754,2,40mm,1.209341
SubNetW8CleanAuxExDnRcK6Rr01QdEma,minbias,0,test,20.727028,19.79498863220215,-0.0449673376073394,3,60mm,3.4136076
SubNetW8CleanAuxExDnRcK6Rr01QdEma,minbias,0,test,25.470469,25.26436996459961,-0.00809166727136068,3,60mm,3.2129064
SubNetW8CleanAuxExDnRcK6Rr01QdEma,minbias,0,test,40.890697,40.04634094238281,-0.020649110651481117,3,60mm,4.0596223
SubNetW8CleanAuxExDnRcK6Rr01QdEma,minbias,0,test,25.266361,25.199810028076172,-0.002633984683151125,3,60mm,4.4639034
SubNetW8CleanAuxExDnRcK6Rr01QdEma,minbias,0,test,15.579634,16.04941749572754,0.03015371167384795,1,30mm,1.0960128
SubNetW8CleanAuxExDnRcK6Rr01QdEma,minbias,0,test,25.92459,25.191852569580078,-0.028264154277778064,3,60mm,4.8841615
SubNetW8CleanAuxExDnRcK6Rr01QdEma,minbias,0,test,79.99632,76.76412200927734,-0.04040436505355416,1,30mm,4.687239
SubNetW8CleanAuxExDnRcK6Rr01QdEma,minbias,0,test,23.310839,24.795024871826172,0.06366935963257814,0,15mm,0.74194086
SubNetW8CleanAuxExDnRcK6Rr01QdEma,minbias,0,test,12.277682,11.532297134399414,-0.06071057643484201,3,60mm,2.575421
SubNetW8CleanAuxExDnRcK6Rr01QdEma,minbias,0,test,8.220859,8.374009132385254,0.018629508961224284,1,30mm,0.73920614
SubNetW8CleanAuxExDnRcK6Rr01QdEma,minbias,0,test,83.14954,82.12059020996094,-0.012374734793358821,1,30mm,3.946683
SubNetW8CleanAuxExDnRcK6Rr01QdEma,minbias,0,test,27.238428,28.037109375,0.02932185571643453,2,40mm,2.0952616
SubNetW8CleanAuxExDnRcK6Rr01QdEma,minbias,0,test,28.396976,29.434005737304688,0.036519002909285,1,30mm,1.6208128
SubNetW8CleanAuxExDnRcK6Rr01QdEma,minbias,0,test,13.560179,13.97811222076416,0.03082064562337483,3,60mm,2.2707756
SubNetW8CleanAuxExDnRcK6Rr01QdEma,minbias,0,test,12.4386425,12.736088752746582,0.023913079813310922,3,60mm,2.548352
SubNetW8CleanAuxExDnRcK6Rr01QdEma,minbias,0,test,24.339304,23.603443145751953,-0.03023343746730711,3,60mm,3.9406352
SubNetW8CleanAuxExDnRcK6Rr01QdEma,minbias,0,test,17.068113,16.64535903930664,-0.024768659524325942,3,60mm,2.5857441
SubNetW8CleanAuxExDnRcK6Rr01QdEma,minbias,0,test,19.881987,19.103559494018555,-0.0391523814484942,3,60mm,2.9466875
SubNetW8CleanAuxExDnRcK6Rr01QdEma,minbias,0,test,24.13933,28.362091064453125,0.1749328241450807,1,30mm,1.5395467
SubNetW8CleanAuxExDnRcK6Rr01QdEma,minbias,0,test,19.888159,26.224224090576172,0.3185848100190245,1,30mm,0.94455653
SubNetW8CleanAuxExDnRcK6Rr01QdEma,minbias,0,test,25.927195,26.01422882080078,0.003356870144351154,0,15mm,0.56955236
SubNetW8CleanAuxExDnRcK6Rr01QdEma,minbias,0,test,10.152847,10.466470718383789,0.03089019458141773,3,60mm,1.8449306
SubNetW8CleanAuxExDnRcK6Rr01QdEma,minbias,0,test,66.11937,66.11541748046875,-5.977108367283268e-05,2,40mm,4.487194
SubNetW8CleanAuxExDnRcK6Rr01QdEma,minbias,0,test,33.124874,32.7283821105957,-0.011969615432141478,2,40mm,2.3021142
SubNetW8CleanAuxExDnRcK6Rr01QdEma,minbias,0,test,46.319584,46.525203704833984,0.004439154990845795,2,40mm,4.5068784
SubNetW8CleanAuxExDnRcK6Rr01QdEma,minbias,0,test,5.520189,6.304259777069092,0.14203698384898944,3,60mm,1.2689018
SubNetW8CleanAuxExDnRcK6Rr01QdEma,minbias,0,test,31.202307,31.872873306274414,0.021490928996555025,1,30mm,1.7394104
SubNetW8CleanAuxExDnRcK6Rr01QdEma,minbias,0,test,18.015934,16.673913955688477,-0.07449072779125976,1,30mm,0.9967258
SubNetW8CleanAuxExDnRcK6Rr01QdEma,minbias,0,test,50.990765,51.12369918823242,0.0026070322990563444,1,30mm,4.2995844
SubNetW8CleanAuxExDnRcK6Rr01QdEma,minbias,0,test,29.44387,28.75629997253418,-0.023351908535999222,2,40mm,2.4044335
SubNetW8CleanAuxExDnRcK6Rr01QdEma,minbias,0,test,54.79541,54.90797805786133,0.0020543308516232095,2,40mm,3.8059595
SubNetW8CleanAuxExDnRcK6Rr01QdEma,minbias,0,test,19.463982,18.978591918945312,-0.024937842561666534,3,60mm,4.1524043
SubNetW8CleanAuxExDnRcK6Rr01QdEma,minbias,0,test,20.86908,20.81682014465332,-0.002504156686232717,3,60mm,3.589075
SubNetW8CleanAuxExDnRcK6Rr01QdEma,minbias,0,test,17.791956,17.452190399169922,-0.019096582169012,3,60mm,3.9946623
SubNetW8CleanAuxExDnRcK6Rr01QdEma,minbias,0,test,82.44982,82.54888153076172,0.0012014587396915744,1,30mm,4.9071493
SubNetW8CleanAuxExDnRcK6Rr01QdEma,minbias,0,test,17.75088,17.129261016845703,-0.03501901290625453,4,120mm,3.97381
SubNetW8CleanAuxExDnRcK6Rr01QdEma,minbias,0,test,35.45242,39.17094802856445,0.10488787007973954,1,30mm,3.0141213
SubNetW8CleanAuxExDnRcK6Rr01QdEma,minbias,0,test,5.5851774,5.6578545570373535,0.013012502554861083,4,120mm,1.092398
SubNetW8CleanAuxExDnRcK6Rr01QdEma,minbias,0,test,19.576765,19.423110961914062,-0.007848799228906356,1,30mm,1.0716436
SubNetW8CleanAuxExDnRcK6Rr01QdEma,minbias,0,test,13.157581,12.58320140838623,-0.04365391378417083,3,60mm,1.5883816
SubNetW8CleanAuxExDnRcK6Rr01QdEma,minbias,0,test,60.105682,57.08472442626953,-0.05026077115351124,1,30mm,2.760486
SubNetW8CleanAuxExDnRcK6Rr01QdEma,minbias,0,test,15.390258,19.25351905822754,0.2510199155959698,2,40mm,1.4035469
SubNetW8CleanAuxExDnRcK6Rr01QdEma,minbias,0,test,27.582113,24.896671295166016,-0.09736171934789162,3,60mm,4.0489373
SubNetW8CleanAuxExDnRcK6Rr01QdEma,minbias,0,test,39.94911,39.869667053222656,-0.0019885567985773456,1,30mm,4.0405874
SubNetW8CleanAuxExDnRcK6Rr01QdEma,minbias,0,test,22.281107,22.183330535888672,-0.0043883103827973,3,60mm,3.099283
SubNetW8CleanAuxExDnRcK6Rr01QdEma,minbias,0,test,10.950498,12.257619857788086,0.11936646854075916,3,60mm,2.2001193
SubNetW8CleanAuxExDnRcK6Rr01QdEma,minbias,0,test,83.7321,79.52378845214844,-0.05025925440645018,0,15mm,2.6761856
SubNetW8CleanAuxExDnRcK6Rr01QdEma,minbias,0,test,15.627105,14.486895561218262,-0.07296356014543204,3,60mm,1.7855909
SubNetW8CleanAuxExDnRcK6Rr01QdEma,minbias,0,test,24.208807,24.027671813964844,-0.0074822017324243095,2,40mm,2.825298
SubNetW8CleanAuxExDnRcK6Rr01QdEma,minbias,0,test,56.355362,56.43817901611328,0.0014695509848225985,2,40mm,3.9142904
SubNetW8CleanAuxExDnRcK6Rr01QdEma,minbias,0,test,41.11426,41.110958099365234,-8.034992485050907e-05,2,40mm,3.476111
SubNetW8CleanAuxExDnRcK6Rr01QdEma,minbias,0,test,25.804636,26.050113677978516,0.00951292924172642,3,60mm,3.3804412
SubNetW8CleanAuxExDnRcK6Rr01QdEma,minbias,0,test,41.64235,39.955440521240234,-0.040509451377812145,2,40mm,4.8000298
SubNetW8CleanAuxExDnRcK6Rr01QdEma,minbias,0,test,32.64906,35.33583068847656,0.08229245959254583,2,40mm,2.6642127
SubNetW8CleanAuxExDnRcK6Rr01QdEma,minbias,0,test,11.386899,12.777420997619629,0.1221159513096659,2,40mm,0.7648587
SubNetW8CleanAuxExDnRcK6Rr01QdEma,minbias,0,test,38.85806,37.74412536621094,-0.028666732047914478,3,60mm,4.682895
SubNetW8CleanAuxExDnRcK6Rr01QdEma,minbias,0,test,17.298588,17.284231185913086,-0.0008299297795829608,4,120mm,4.007241
SubNetW8CleanAuxExDnRcK6Rr01QdEma,minbias,0,test,81.49221,78.7940444946289,-0.033109494523490324,2,40mm,4.9073524
SubNetW8CleanAuxExDnRcK6Rr01QdEma,minbias,0,test,4.453646,4.476499557495117,0.005131385283447809,3,60mm,0.85994977
SubNetW8CleanAuxExDnRcK6Rr01QdEma,minbias,0,test,10.142129,10.775569915771484,0.06245641076417763,3,60mm,1.5404986
SubNetW8CleanAuxExDnRcK6Rr01QdEma,minbias,0,test,19.98941,19.727249145507812,-0.013115006877726043,3,60mm,3.3896697
SubNetW8CleanAuxExDnRcK6Rr01QdEma,minbias,0,test,54.509693,54.55109786987305,0.0007595846120502792,2,40mm,3.954928
SubNetW8CleanAuxExDnRcK6Rr01QdEma,minbias,0,test,15.427019,15.675137519836426,0.016083366375291508,2,40mm,1.4751093
SubNetW8CleanAuxExDnRcK6Rr01QdEma,minbias,0,test,48.939003,49.13010787963867,0.003904960813203351,0,15mm,1.3427539
SubNetW8CleanAuxExDnRcK6Rr01QdEma,minbias,0,test,16.543213,16.827377319335938,0.017177100396983613,2,40mm,1.862409
SubNetW8CleanAuxExDnRcK6Rr01QdEma,minbias,0,test,21.189524,21.650094985961914,0.021735801882601713,3,60mm,3.9431875
SubNetW8CleanAuxExDnRcK6Rr01QdEma,minbias,0,test,48.994083,46.52483367919922,-0.05039893705028342,2,40mm,4.8009853
SubNetW8CleanAuxExDnRcK6Rr01QdEma,minbias,0,test,53.45641,54.85184860229492,0.026104243853882325,1,30mm,2.306702
SubNetW8CleanAuxExDnRcK6Rr01QdEma,minbias,0,test,17.223352,18.3403377532959,0.06485295620806952,2,40mm,1.8505229
SubNetW8CleanAuxExDnRcK6Rr01QdEma,minbias,0,test,73.674934,57.77362823486328,-0.21583061165379014,0,15mm,2.4574819
SubNetW8CleanAuxExDnRcK6Rr01QdEma,minbias,0,test,22.135862,21.867509841918945,-0.012122975120474555,3,60mm,3.665465
SubNetW8CleanAuxExDnRcK6Rr01QdEma,minbias,0,test,19.380013,19.316347122192383,-0.003285105722947601,3,60mm,2.7684295
SubNetW8CleanAuxExDnRcK6Rr01QdEma,minbias,0,test,88.33152,83.04590606689453,-0.05983836810292531,0,15mm,4.2538013
SubNetW8CleanAuxExDnRcK6Rr01QdEma,minbias,0,test,37.606693,37.7492561340332,0.0037908907649937262,1,30mm,2.3905218
SubNetW8CleanAuxExDnRcK6Rr01QdEma,minbias,0,test,17.643488,22.797054290771484,0.29209453260224105,0,15mm,0.7159881
SubNetW8CleanAuxExDnRcK6Rr01QdEma,minbias,0,test,29.21113,28.937023162841797,-0.009383648562573565,3,60mm,3.9597125
SubNetW8CleanAuxExDnRcK6Rr01QdEma,minbias,0,test,47.204315,46.81089782714844,-0.008334351570444931,2,40mm,4.7021747
SubNetW8CleanAuxExDnRcK6Rr01QdEma,minbias,0,test,6.0098066,6.337216854095459,0.05447932705559522,3,60mm,0.7852717
SubNetW8CleanAuxExDnRcK6Rr01QdEma,minbias,0,test,88.06104,87.9095458984375,-0.0017203621762212906,1,30mm,3.5723968
SubNetW8CleanAuxExDnRcK6Rr01QdEma,minbias,0,test,34.190266,32.594993591308594,-0.04665866244743677,3,60mm,3.8085887
SubNetW8CleanAuxExDnRcK6Rr01QdEma,minbias,0,test,17.382076,16.85506820678711,-0.030319050995620156,3,60mm,2.3995216
SubNetW8CleanAuxExDnRcK6Rr01QdEma,minbias,0,test,7.0010095,6.626347064971924,-0.05351548247498106,3,60mm,1.2516419
SubNetW8CleanAuxExDnRcK6Rr01QdEma,minbias,0,test,50.94551,52.52247619628906,0.03095396052133048,1,30mm,2.4483643
SubNetW8CleanAuxExDnRcK6Rr01QdEma,minbias,0,test,27.897408,28.169857025146484,0.00976612228567264,3,60mm,4.721566
SubNetW8CleanAuxExDnRcK6Rr01QdEma,minbias,0,test,48.68146,49.73821258544922,0.021707467735313957,2,40mm,3.571247
SubNetW8CleanAuxExDnRcK6Rr01QdEma,minbias,0,test,16.046694,15.199331283569336,-0.05280605019155271,1,30mm,1.1637869
SubNetW8CleanAuxExDnRcK6Rr01QdEma,minbias,0,test,35.646336,35.214874267578125,-0.012103946364872553,3,60mm,3.5692403
SubNetW8CleanAuxExDnRcK6Rr01QdEma,minbias,0,test,27.3587,27.770315170288086,0.01504513645511052,3,60mm,4.99574
SubNetW8CleanAuxExDnRcK6Rr01QdEma,minbias,0,test,7.2878613,7.72414493560791,0.05986441942630183,4,120mm,1.725721
SubNetW8CleanAuxExDnRcK6Rr01QdEma,minbias,0,test,27.113682,27.740114212036133,0.023103923089488054,1,30mm,2.686723
SubNetW8CleanAuxExDnRcK6Rr01QdEma,minbias,0,test,33.553387,32.839622497558594,-0.021272493215242383,2,40mm,2.068322
SubNetW8CleanAuxExDnRcK6Rr01QdEma,minbias,0,test,12.194913,30.083961486816406,1.4669271283609437,0,15mm,0.50050664
SubNetW8CleanAuxExDnRcK6Rr01QdEma,minbias,0,test,29.164001,28.416812896728516,-0.025620234898696803,3,60mm,4.7444634
SubNetW8CleanAuxExDnRcK6Rr01QdEma,minbias,0,test,42.91559,42.74935531616211,-0.003873489075262193,2,40mm,3.8260074
SubNetW8CleanAuxExDnRcK6Rr01QdEma,minbias,0,test,6.8101068,6.862548351287842,0.007700554319758357,3,60mm,1.0177513
SubNetW8CleanAuxExDnRcK6Rr01QdEma,minbias,0,test,36.673035,36.82753372192383,0.004212878900093475,1,30mm,2.060394
SubNetW8CleanAuxExDnRcK6Rr01QdEma,minbias,0,test,8.874904,7.811966419219971,-0.11976887841632677,4,120mm,2.1081645
SubNetW8CleanAuxExDnRcK6Rr01QdEma,minbias,0,test,13.283828,13.076086044311523,-0.015638695470914343,2,40mm,2.698105
SubNetW8CleanAuxExDnRcK6Rr01QdEma,minbias,0,test,2.7262902,2.7491917610168457,0.008400255708625126,4,120mm,0.5944232
SubNetW8CleanAuxExDnRcK6Rr01QdEma,minbias,0,test,31.283388,29.410293579101562,-0.0598750541489943,3,60mm,3.6914117
SubNetW8CleanAuxExDnRcK6Rr01QdEma,minbias,0,test,15.578703,15.393233299255371,-0.011905331801613794,3,60mm,1.9373231
SubNetW8CleanAuxExDnRcK6Rr01QdEma,minbias,0,test,17.869364,17.802597045898438,-0.0037363803040616483,4,120mm,4.2543745
SubNetW8CleanAuxExDnRcK6Rr01QdEma,minbias,0,test,91.18801,87.09562683105469,-0.04487853486326154,1,30mm,3.74028
SubNetW8CleanAuxExDnRcK6Rr01QdEma,minbias,0,test,19.592403,19.755266189575195,0.008312547178940255,2,40mm,2.7445939
SubNetW8CleanAuxExDnRcK6Rr01QdEma,minbias,0,test,81.81707,80.36808776855469,-0.01771002357625151,1,30mm,4.02807
SubNetW8CleanAuxExDnRcK6Rr01QdEma,minbias,0,test,58.70028,55.95866775512695,-0.04670525449628493,0,15mm,1.9771703
SubNetW8CleanAuxExDnRcK6Rr01QdEma,minbias,0,test,92.41068,91.3450927734375,-0.011531025135866346,1,30mm,3.600643
SubNetW8CleanAuxExDnRcK6Rr01QdEma,minbias,0,test,92.6065,88.37319946289062,-0.04571276653326595,0,15mm,2.4461663
SubNetW8CleanAuxExDnRcK6Rr01QdEma,minbias,0,test,51.99667,52.07402801513672,0.001487753854099827,1,30mm,3.1757028
SubNetW8CleanAuxExDnRcK6Rr01QdEma,minbias,0,test,27.029629,26.24359703063965,-0.02908037436200328,3,60mm,3.7013834
SubNetW8CleanAuxExDnRcK6Rr01QdEma,minbias,0,test,25.964817,24.599456787109375,-0.05258501369495516,3,60mm,4.0296435
SubNetW8CleanAuxExDnRcK6Rr01QdEma,minbias,0,test,27.960844,27.41849708557129,-0.01939665889811648,3,60mm,3.7579489
SubNetW8CleanAuxExDnRcK6Rr01QdEma,minbias,0,test,21.432203,20.976713180541992,-0.021252603200937026,3,60mm,4.771677
SubNetW8CleanAuxExDnRcK6Rr01QdEma,minbias,0,test,27.949617,27.049402236938477,-0.0322084963274335,3,60mm,3.3539538
SubNetW8CleanAuxExDnRcK6Rr01QdEma,minbias,0,test,14.097496,12.555744171142578,-0.10936352512491965,3,60mm,1.9456409
SubNetW8CleanAuxExDnRcK6Rr01QdEma,minbias,0,test,25.964605,25.56661033630371,-0.015328366830038243,2,40mm,3.7915182
SubNetW8CleanAuxExDnRcK6Rr01QdEma,minbias,0,test,28.593233,28.223773956298828,-0.012921209393126798,2,40mm,2.5032904
SubNetW8CleanAuxExDnRcK6Rr01QdEma,minbias,0,test,91.70623,88.44445037841797,-0.035567701118433215,0,15mm,2.7711778
SubNetW8CleanAuxExDnRcK6Rr01QdEma,minbias,0,test,50.71957,49.630096435546875,-0.021480342221558035,2,40mm,4.209373
SubNetW8CleanAuxExDnRcK6Rr01QdEma,minbias,0,test,50.833645,49.88630294799805,-0.018636120259032607,2,40mm,4.895285
SubNetW8CleanAuxExDnRcK6Rr01QdEma,minbias,0,test,21.584894,22.822643280029297,0.057343301727243556,1,30mm,1.2276986
SubNetW8CleanAuxExDnRcK6Rr01QdEma,minbias,0,test,31.757093,31.290306091308594,-0.014698679502648138,3,60mm,4.9725122
SubNetW8CleanAuxExDnRcK6Rr01QdEma,minbias,0,test,18.862679,19.708614349365234,0.044847067731394574,3,60mm,4.0180097
SubNetW8CleanAuxExDnRcK6Rr01QdEma,minbias,0,test,83.137596,80.8370590209961,-0.027671441278713904,1,30mm,4.024707
SubNetW8CleanAuxExDnRcK6Rr01QdEma,minbias,0,test,80.259186,78.66183471679688,-0.01990240816020783,1,30mm,3.6660657
SubNetW8CleanAuxExDnRcK6Rr01QdEma,minbias,0,test,31.262678,29.616090774536133,-0.05266942787554385,3,60mm,4.9806247
SubNetW8CleanAuxExDnRcK6Rr01QdEma,minbias,0,test,13.154112,13.208600997924805,0.0041423652400920385,3,60mm,2.0619104
SubNetW8CleanAuxExDnRcK6Rr01QdEma,minbias,0,test,11.402271,11.737566947937012,0.029406042815796507,2,40mm,0.6714219
SubNetW8CleanAuxExDnRcK6Rr01QdEma,minbias,0,test,41.298866,41.01951217651367,-0.0067642073663549684,2,40mm,2.8564112
SubNetW8CleanAuxExDnRcK6Rr01QdEma,minbias,0,test,15.129,14.790809631347656,-0.022353763316550146,2,40mm,2.411441
SubNetW8CleanAuxExDnRcK6Rr01QdEma,minbias,0,test,7.649145,11.042482376098633,0.44362307077552976,2,40mm,0.9048687
SubNetW8CleanAuxExDnRcK6Rr01QdEma,minbias,0,test,21.583794,19.09392738342285,-0.11535813852870469,0,15mm,0.71396464
SubNetW8CleanAuxExDnRcK6Rr01QdEma,minbias,0,test,26.141323,25.72365379333496,-0.015977358714135637,3,60mm,2.7755275
SubNetW8CleanAuxExDnRcK6Rr01QdEma,minbias,0,test,71.59206,79.13088989257812,0.10530265521732662,0,15mm,2.410328
SubNetW8CleanAuxExDnRcK6Rr01QdEma,minbias,0,test,22.92949,22.152587890625,-0.033882187279356546,2,40mm,1.9266429
SubNetW8CleanAuxExDnRcK6Rr01QdEma,minbias,0,test,16.324213,17.07780647277832,0.0461641515908755,2,40mm,3.1249785
SubNetW8CleanAuxExDnRcK6Rr01QdEma,minbias,0,test,4.691297,5.218808174133301,0.1124446211224368,3,60mm,1.0448436
SubNetW8CleanAuxExDnRcK6Rr01QdEma,minbias,0,test,36.28519,35.66109848022461,-0.017199636877631264,0,15mm,1.663167
SubNetW8CleanAuxExDnRcK6Rr01QdEma,minbias,0,test,8.481363,9.600556373596191,0.1319591011445176,1,30mm,0.5792494
SubNetW8CleanAuxExDnRcK6Rr01QdEma,minbias,0,test,4.69948,4.306473731994629,-0.08362761837929678,4,120mm,0.9049076
SubNetW8CleanAuxExDnRcK6Rr01QdEma,minbias,0,test,43.127396,44.525394439697266,0.032415562994158265,0,15mm,2.2228446
SubNetW8CleanAuxExDnRcK6Rr01QdEma,minbias,0,test,10.561753,10.27436351776123,-0.027210421207568447,2,40mm,1.7632201
SubNetW8CleanAuxExDnRcK6Rr01QdEma,minbias,0,test,44.75018,45.931793212890625,0.026404674592283017,0,15mm,1.5827243
SubNetW8CleanAuxExDnRcK6Rr01QdEma,minbias,0,test,13.429431,13.755971908569336,0.024315322659161254,3,60mm,1.9057393
SubNetW8CleanAuxExDnRcK6Rr01QdEma,minbias,0,test,13.720951,13.70058536529541,-0.0014842786704533095,1,30mm,0.6170328
SubNetW8CleanAuxExDnRcK6Rr01QdEma,minbias,0,test,16.929224,16.503156661987305,-0.0251675653848914,3,60mm,2.3621776
SubNetW8CleanAuxExDnRcK6Rr01QdEma,minbias,0,test,74.68965,74.5235595703125,-0.0022237607972933615,1,30mm,4.241143
SubNetW8CleanAuxExDnRcK6Rr01QdEma,minbias,0,test,21.834372,12.198351860046387,-0.44132342793827717,1,30mm,1.3812966
SubNetW8CleanAuxExDnRcK6Rr01QdEma,minbias,0,test,17.760698,18.716659545898438,0.05382452932170101,2,40mm,1.7789545
SubNetW8CleanAuxExDnRcK6Rr01QdEma,minbias,0,test,16.845806,17.33072853088379,0.028785942658412278,4,120mm,4.0400515
SubNetW8CleanAuxExDnRcK6Rr01QdEma,minbias,0,test,11.992024,12.15429973602295,0.01353193661259744,1,30mm,0.8711349
SubNetW8CleanAuxExDnRcK6Rr01QdEma,minbias,0,test,18.514853,18.59978675842285,0.004587356799625741,3,60mm,3.4170477
SubNetW8CleanAuxExDnRcK6Rr01QdEma,minbias,0,test,20.871155,20.715335845947266,-0.0074657555278064835,4,120mm,4.7309427
SubNetW8CleanAuxExDnRcK6Rr01QdEma,minbias,0,test,19.737701,17.129480361938477,-0.1321441133951281,2,40mm,2.8456259
SubNetW8CleanAuxExDnRcK6Rr01QdEma,minbias,0,test,29.537317,28.96622085571289,-0.01933474238542643,3,60mm,3.6736078
SubNetW8CleanAuxExDnRcK6Rr01QdEma,minbias,0,test,26.155136,26.02842903137207,-0.004844443420261246,3,60mm,4.3995295
SubNetW8CleanAuxExDnRcK6Rr01QdEma,minbias,0,test,8.815881,9.566232681274414,0.08511366305135981,3,60mm,1.0105287
SubNetW8CleanAuxExDnRcK6Rr01QdEma,minbias,0,test,13.155654,12.579655647277832,-0.04378332755696157,3,60mm,2.3451598
SubNetW8CleanAuxExDnRcK6Rr01QdEma,minbias,0,test,30.51197,30.091487884521484,-0.013780907241705664,2,40mm,2.9657042
SubNetW8CleanAuxExDnRcK6Rr01QdEma,minbias,0,test,8.082579,7.66802453994751,-0.0512898341726058,4,120mm,1.923461
SubNetW8CleanAuxExDnRcK6Rr01QdEma,minbias,0,test,7.213045,6.897291660308838,-0.043775334088017814,2,40mm,0.80238366
SubNetW8CleanAuxExDnRcK6Rr01QdEma,minbias,0,test,90.28731,88.93692016601562,-0.01495656041868021,1,30mm,4.6565733
SubNetW8CleanAuxExDnRcK6Rr01QdEma,minbias,0,test,10.404716,10.004846572875977,-0.038431513450566834,2,40mm,2.2890935
SubNetW8CleanAuxExDnRcK6Rr01QdEma,minbias,0,test,51.214092,52.2198486328125,0.019638274035458148,2,40mm,4.2377415
SubNetW8CleanAuxExDnRcK6Rr01QdEma,minbias,0,test,62.38941,63.55714416503906,0.018716895845181103,0,15mm,3.4759355
SubNetW8CleanAuxExDnRcK6Rr01QdEma,minbias,0,test,46.29986,42.02292251586914,-0.0923747016411488,0,15mm,2.647901
SubNetW8CleanAuxExDnRcK6Rr01QdEma,minbias,0,test,52.470806,51.52621841430664,-0.018002157339195413,1,30mm,3.3652163
SubNetW8CleanAuxExDnRcK6Rr01QdEma,minbias,0,test,34.9196,34.2999153137207,-0.017746082462198887,2,40mm,4.575263
SubNetW8CleanAuxExDnRcK6Rr01QdEma,minbias,0,test,52.145588,50.52771759033203,-0.031026025313151684,0,15mm,1.8339715
SubNetW8CleanAuxExDnRcK6Rr01QdEma,minbias,0,test,24.854504,25.644411087036133,0.031781260537438794,3,60mm,3.8031664
SubNetW8CleanAuxExDnRcK6Rr01QdEma,minbias,0,test,9.974329,11.049925804138184,0.10783650809525569,4,120mm,2.372615
SubNetW8CleanAuxExDnRcK6Rr01QdEma,minbias,0,test,12.526305,11.630136489868164,-0.07154294060282529,3,60mm,1.889649
SubNetW8CleanAuxExDnRcK6Rr01QdEma,minbias,0,test,7.426628,11.033921241760254,0.4857242175292755,2,40mm,0.77244085
SubNetW8CleanAuxExDnRcK6Rr01QdEma,minbias,0,test,14.116884,14.126540184020996,0.0006840002577921389,3,60mm,2.8708386
SubNetW8CleanAuxExDnRcK6Rr01QdEma,minbias,0,test,10.32139,10.355567932128906,0.0033113543474392326,3,60mm,2.3856678
SubNetW8CleanAuxExDnRcK6Rr01QdEma,minbias,0,test,17.616177,17.62018394470215,0.00022748065981303967,3,60mm,4.2242727
SubNetW8CleanAuxExDnRcK6Rr01QdEma,minbias,0,test,18.017126,20.18199348449707,0.12015608877382267,3,60mm,3.253878
SubNetW8CleanAuxExDnRcK6Rr01QdEma,minbias,0,test,23.816427,23.198768615722656,-0.02593414239364278,3,60mm,3.9661615
SubNetW8CleanAuxExDnRcK6Rr01QdEma,minbias,0,test,4.0608544,3.5013792514801025,-0.13777277478095062,3,60mm,0.5455353
SubNetW8CleanAuxExDnRcK6Rr01QdEma,minbias,0,test,36.904037,35.233917236328125,-0.04525575935594284,3,60mm,4.4105654
SubNetW8CleanAuxExDnRcK6Rr01QdEma,minbias,0,test,56.371353,54.64278793334961,-0.03066389432736938,0,15mm,1.8134533
SubNetW8CleanAuxExDnRcK6Rr01QdEma,minbias,0,test,59.21458,56.81476974487305,-0.04052736284370284,2,40mm,4.002388
SubNetW8CleanAuxExDnRcK6Rr01QdEma,minbias,0,test,19.807442,20.522499084472656,0.036100440605330686,3,60mm,3.6307502
SubNetW8CleanAuxExDnRcK6Rr01QdEma,minbias,0,test,27.16075,27.09128761291504,-0.002557433942495302,3,60mm,3.712896
SubNetW8CleanAuxExDnRcK6Rr01QdEma,minbias,0,test,34.93571,34.406005859375,-0.015162280481933799,2,40mm,2.9190207
SubNetW8CleanAuxExDnRcK6Rr01QdEma,minbias,0,test,30.755686,29.11374282836914,-0.053386648187513486,1,30mm,3.191259
SubNetW8CleanAuxExDnRcK6Rr01QdEma,minbias,0,test,21.744951,20.867431640625,-0.040355096570650506,1,30mm,1.4247825
SubNetW8CleanAuxExDnRcK6Rr01QdEma,minbias,0,test,19.123125,19.360523223876953,0.012414192065150376,3,60mm,3.9941988
SubNetW8CleanAuxExDnRcK6Rr01QdEma,minbias,0,test,52.798836,51.71792984008789,-0.02047215433565075,2,40mm,3.932123
SubNetW8CleanAuxExDnRcK6Rr01QdEma,minbias,0,test,6.06339,5.768123149871826,-0.048696626650990726,3,60mm,1.3811057
SubNetW8CleanAuxExDnRcK6Rr01QdEma,minbias,0,test,21.534435,21.470399856567383,-0.0029736287411274986,2,40mm,1.5301884
SubNetW8CleanAuxExDnRcK6Rr01QdEma,minbias,0,test,5.386247,5.599465370178223,0.03958567178058292,3,60mm,1.1579424
SubNetW8CleanAuxExDnRcK6Rr01QdEma,minbias,0,test,45.13074,45.91270446777344,0.01732662325043899,3,60mm,4.5261927
SubNetW8CleanAuxExDnRcK6Rr01QdEma,minbias,0,test,15.045785,15.619156837463379,0.03810847284489882,3,60mm,3.5119658
SubNetW8CleanAuxExDnRcK6Rr01QdEma,minbias,0,test,83.552986,81.11920928955078,-0.029128544265845213,0,15mm,2.82922
SubNetW8CleanAuxExDnRcK6Rr01QdEma,minbias,0,test,22.84384,23.016504287719727,0.007558477253138074,3,60mm,3.3515162
SubNetW8CleanAuxExDnRcK6Rr01QdEma,minbias,0,test,30.808714,31.04521942138672,0.007676578421643709,2,40mm,3.918179
SubNetW8CleanAuxExDnRcK6Rr01QdEma,minbias,0,test,16.152739,16.199684143066406,0.0029063537240188175,3,60mm,3.4345107
SubNetW8CleanAuxExDnRcK6Rr01QdEma,minbias,0,test,50.444176,39.79795455932617,-0.21104956139906428,2,40mm,3.450645
SubNetW8CleanAuxExDnRcK6Rr01QdEma,minbias,0,test,5.8322096,7.309707164764404,0.2533341018704067,3,60mm,0.62776434
SubNetW8CleanAuxExDnRcK6Rr01QdEma,minbias,0,test,5.5487547,5.435675621032715,-0.020379180071948944,4,120mm,1.2504175
SubNetW8CleanAuxExDnRcK6Rr01QdEma,minbias,0,test,26.119314,27.651796340942383,0.05867237308952511,3,60mm,3.8377616
SubNetW8CleanAuxExDnRcK6Rr01QdEma,minbias,0,test,4.3950534,4.394538402557373,-0.00011717357800911099,3,60mm,0.6817819
SubNetW8CleanAuxExDnRcK6Rr01QdEma,minbias,0,test,15.759155,15.452359199523926,-0.019467799421374332,4,120mm,3.5061035
SubNetW8CleanAuxExDnRcK6Rr01QdEma,minbias,0,test,66.18535,66.15739440917969,-0.0004223608727838002,1,30mm,3.788363
SubNetW8CleanAuxExDnRcK6Rr01QdEma,minbias,0,test,12.155923,10.524765968322754,-0.13418618530128756,2,40mm,0.9295118
SubNetW8CleanAuxExDnRcK6Rr01QdEma,minbias,0,test,44.777153,43.4454231262207,-0.029741280971254058,0,15mm,1.0840309
SubNetW8CleanAuxExDnRcK6Rr01QdEma,minbias,0,test,37.547493,35.5256233215332,-0.05384832645016435,3,60mm,4.5308266
SubNetW8CleanAuxExDnRcK6Rr01QdEma,minbias,0,test,58.121414,56.82027053833008,-0.022386648096832662,2,40mm,3.9362826
SubNetW8CleanAuxExDnRcK6Rr01QdEma,minbias,0,test,83.526695,83.44522857666016,-0.0009753369813019219,0,15mm,3.9678082
SubNetW8CleanAuxExDnRcK6Rr01QdEma,minbias,0,test,17.271296,18.257671356201172,0.057110701742315584,3,60mm,3.6966054
SubNetW8CleanAuxExDnRcK6Rr01QdEma,minbias,0,test,56.382355,57.4107666015625,0.018239959470365052,0,15mm,2.6710622
SubNetW8CleanAuxExDnRcK6Rr01QdEma,minbias,0,test,13.593387,15.069989204406738,0.10862653967927893,2,40mm,1.6591988
SubNetW8CleanAuxExDnRcK6Rr01QdEma,minbias,0,test,29.539122,29.645591735839844,0.0036043762361572806,0,15mm,1.4617152
SubNetW8CleanAuxExDnRcK6Rr01QdEma,minbias,0,test,45.81073,43.57541275024414,-0.04879462150412428,2,40mm,4.908085
SubNetW8CleanAuxExDnRcK6Rr01QdEma,minbias,0,test,10.888452,10.772024154663086,-0.010692743660995818,3,60mm,1.2287178
SubNetW8CleanAuxExDnRcK6Rr01QdEma,minbias,0,test,4.8692408,4.522101879119873,-0.0712921990791201,4,120mm,1.0299916
SubNetW8CleanAuxExDnRcK6Rr01QdEma,minbias,0,test,51.357014,51.473907470703125,0.002276101351763371,2,40mm,4.691271
SubNetW8CleanAuxExDnRcK6Rr01QdEma,minbias,0,test,4.6824837,5.087245464324951,0.08644168767846461,4,120mm,1.1051061
SubNetW8CleanAuxExDnRcK6Rr01QdEma,minbias,0,test,19.288532,17.83242416381836,-0.07549087062999504,3,60mm,2.1935773
SubNetW8CleanAuxExDnRcK6Rr01QdEma,minbias,0,test,45.53658,46.25834274291992,0.015850193945099678,2,40mm,3.1912255
SubNetW8CleanAuxExDnRcK6Rr01QdEma,minbias,0,test,78.88266,81.36198425292969,0.031430536743851656,0,15mm,2.663268
SubNetW8CleanAuxExDnRcK6Rr01QdEma,minbias,0,test,14.766472,14.890506744384766,0.008399764191765247,2,40mm,2.4802208
SubNetW8CleanAuxExDnRcK6Rr01QdEma,minbias,0,test,86.84021,83.06510925292969,-0.043471805396439356,1,30mm,3.706902
SubNetW8CleanAuxExDnRcK6Rr01QdEma,minbias,0,test,35.378,35.829105377197266,0.01275106128553305,2,40mm,2.6159346
SubNetW8CleanAuxExDnRcK6Rr01QdEma,minbias,0,test,29.535147,28.94232749938965,-0.020071652923298378,3,60mm,4.325978
SubNetW8CleanAuxExDnRcK6Rr01QdEma,minbias,0,test,8.255149,8.062024116516113,-0.02339446250417765,3,60mm,1.0970359
SubNetW8CleanAuxExDnRcK6Rr01QdEma,minbias,0,test,35.525772,33.85379409790039,-0.04706380461958659,2,40mm,4.899141
SubNetW8CleanAuxExDnRcK6Rr01QdEma,minbias,0,test,17.148165,16.906497955322266,-0.014092866342171328,3,60mm,3.1964395
SubNetW8CleanAuxExDnRcK6Rr01QdEma,minbias,0,test,26.372528,26.152103424072266,-0.008358116122313186,0,15mm,0.94418293
SubNetW8CleanAuxExDnRcK6Rr01QdEma,minbias,0,test,27.842411,27.77365493774414,-0.0024694737612247497,2,40mm,2.6274781
SubNetW8CleanAuxExDnRcK6Rr01QdEma,minbias,0,test,27.171886,33.06052017211914,0.21671788376356016,3,60mm,3.472213
SubNetW8CleanAuxExDnRcK6Rr01QdEma,minbias,0,test,45.930744,44.5080451965332,-0.03097487315485803,2,40mm,4.844182
SubNetW8CleanAuxExDnRcK6Rr01QdEma,minbias,0,test,75.83759,74.92607879638672,-0.012019293403492948,1,30mm,3.6825879
SubNetW8CleanAuxExDnRcK6Rr01QdEma,minbias,0,test,26.17456,25.591821670532227,-0.02226355912639566,3,60mm,4.11108
SubNetW8CleanAuxExDnRcK6Rr01QdEma,minbias,0,test,6.650488,6.2595930099487305,-0.058776874076330254,2,40mm,0.94704944
SubNetW8CleanAuxExDnRcK6Rr01QdEma,minbias,0,test,19.052343,19.150310516357422,0.005141999906896899,2,40mm,2.0544262
SubNetW8CleanAuxExDnRcK6Rr01QdEma,minbias,0,test,18.974163,17.537647247314453,-0.07570904729287287,4,120mm,4.460216
SubNetW8CleanAuxExDnRcK6Rr01QdEma,minbias,0,test,51.11061,52.02207946777344,0.017833253970267915,2,40mm,4.373997
SubNetW8CleanAuxExDnRcK6Rr01QdEma,minbias,0,test,16.342985,15.557548522949219,-0.04805955722815536,2,40mm,1.1111808
SubNetW8CleanAuxExDnRcK6Rr01QdEma,minbias,0,test,86.922935,83.22306060791016,-0.042565001483784615,1,30mm,4.6807914
SubNetW8CleanAuxExDnRcK6Rr01QdEma,minbias,0,test,83.282455,85.18144989013672,0.02280185467238094,1,30mm,4.3530483
SubNetW8CleanAuxExDnRcK6Rr01QdEma,minbias,0,test,10.316514,10.080906867980957,-0.022837864308594247,3,60mm,1.3353628
SubNetW8CleanAuxExDnRcK6Rr01QdEma,minbias,0,test,37.254677,36.96167755126953,-0.007864764711363548,3,60mm,4.6310463
SubNetW8CleanAuxExDnRcK6Rr01QdEma,minbias,0,test,8.486938,8.708662986755371,0.02612538205681414,4,120mm,1.8800722
SubNetW8CleanAuxExDnRcK6Rr01QdEma,minbias,0,test,70.735725,76.4229965209961,0.08040167943108933,1,30mm,2.7244773
SubNetW8CleanAuxExDnRcK6Rr01QdEma,minbias,0,test,95.67102,101.05307006835938,0.05625579754432919,0,15mm,2.6804075
SubNetW8CleanAuxExDnRcK6Rr01QdEma,minbias,0,test,3.6848001,4.7640814781188965,0.2929009136876639,3,60mm,0.539635
SubNetW8CleanAuxExDnRcK6Rr01QdEma,minbias,0,test,5.2323437,5.13837194442749,-0.017959777709327107,2,40mm,1.1293305
SubNetW8CleanAuxExDnRcK6Rr01QdEma,minbias,0,test,14.992858,14.875680923461914,-0.00781552190421686,2,40mm,2.6934276
SubNetW8CleanAuxExDnRcK6Rr01QdEma,minbias,0,test,3.6036766,3.366518259048462,-0.06581009552485073,3,60mm,0.6388732
SubNetW8CleanAuxExDnRcK6Rr01QdEma,minbias,0,test,3.510585,4.23746395111084,0.20705348739081186,3,60mm,0.8433386
SubNetW8CleanAuxExDnRcK6Rr01QdEma,minbias,0,test,59.059162,58.9373893737793,-0.002061877644400689,0,15mm,2.0506728
SubNetW8CleanAuxExDnRcK6Rr01QdEma,minbias,0,test,46.903736,47.353546142578125,0.009590068197938173,2,40mm,3.585468
SubNetW8CleanAuxExDnRcK6Rr01QdEma,minbias,0,test,32.757156,31.921688079833984,-0.025504908995967468,2,40mm,3.1063147
SubNetW8CleanAuxExDnRcK6Rr01QdEma,minbias,0,test,15.946857,16.257545471191406,0.019482711231748828,3,60mm,2.2448652
SubNetW8CleanAuxExDnRcK6Rr01QdEma,minbias,0,test,43.606678,46.22968673706055,0.060151537511845765,2,40mm,4.4973893
SubNetW8CleanAuxExDnRcK6Rr01QdEma,minbias,0,test,4.3024645,4.066381931304932,-0.05487147068322218,3,60mm,0.5749624
SubNetW8CleanAuxExDnRcK6Rr01QdEma,minbias,0,test,55.360577,58.298065185546875,0.05306101805188823,1,30mm,3.385988
SubNetW8CleanAuxExDnRcK6Rr01QdEma,minbias,0,test,20.531494,20.54833984375,0.0008204811110978927,3,60mm,4.620676
SubNetW8CleanAuxExDnRcK6Rr01QdEma,minbias,0,test,47.60139,51.448333740234375,0.08081576680507352,0,15mm,2.2364264
SubNetW8CleanAuxExDnRcK6Rr01QdEma,minbias,0,test,22.5778,22.431602478027344,-0.006475310607935825,3,60mm,4.423592
SubNetW8CleanAuxExDnRcK6Rr01QdEma,minbias,0,test,14.54499,13.793088912963867,-0.05169482373797718,2,40mm,1.5131671
SubNetW8CleanAuxExDnRcK6Rr01QdEma,minbias,0,test,24.510815,24.678274154663086,0.0068320653634665884,3,60mm,4.688315
SubNetW8CleanAuxExDnRcK6Rr01QdEma,minbias,0,test,85.97162,84.2190933227539,-0.020384928852820505,0,15mm,2.9482293
SubNetW8CleanAuxExDnRcK6Rr01QdEma,minbias,0,test,4.436888,4.2418670654296875,-0.04395448857792017,3,60mm,0.8028579
SubNetW8CleanAuxExDnRcK6Rr01QdEma,minbias,0,test,4.3716135,4.563688278198242,0.043936815454031164,3,60mm,0.6545328
SubNetW8CleanAuxExDnRcK6Rr01QdEma,minbias,0,test,5.2793736,4.768496513366699,-0.09676851207981751,4,120mm,1.2262341
SubNetW8CleanAuxExDnRcK6Rr01QdEma,minbias,0,test,10.023233,10.391249656677246,0.03671631975347189,2,40mm,0.78420496
SubNetW8CleanAuxExDnRcK6Rr01QdEma,minbias,0,test,11.230159,10.34084415435791,-0.07918985535861,3,60mm,2.689065
SubNetW8CleanAuxExDnRcK6Rr01QdEma,minbias,0,test,40.102856,42.563987731933594,0.061370493638993384,2,40mm,3.2844226
SubNetW8CleanAuxExDnRcK6Rr01QdEma,minbias,0,test,84.79969,82.16387176513672,-0.031082878649448253,1,30mm,4.271877
SubNetW8CleanAuxExDnRcK6Rr01QdEma,minbias,0,test,8.397555,9.160841941833496,0.09089390407672493,3,60mm,1.5842997
SubNetW8CleanAuxExDnRcK6Rr01QdEma,minbias,0,test,20.00444,18.5010929107666,-0.07515068523452506,3,60mm,2.7431557
SubNetW8CleanAuxExDnRcK6Rr01QdEma,minbias,0,test,15.278886,15.584696769714355,0.020015263646823156,2,40mm,1.9391935
SubNetW8CleanAuxExDnRcK6Rr01QdEma,minbias,0,test,37.268326,37.5478401184082,0.0075000501552355825,2,40mm,3.6302693
SubNetW8CleanAuxExDnRcK6Rr01QdEma,minbias,0,test,18.638983,17.475610733032227,-0.062416069265912144,3,60mm,3.3479757
SubNetW8CleanAuxExDnRcK6Rr01QdEma,minbias,0,test,9.8919325,9.583637237548828,-0.031166331788952673,2,40mm,0.9340429
SubNetW8CleanAuxExDnRcK6Rr01QdEma,minbias,0,test,30.49011,28.65090560913086,-0.06032135549002571,3,60mm,4.876505
SubNetW8CleanAuxExDnRcK6Rr01QdEma,minbias,0,test,49.03863,48.94557189941406,-0.0018976781582961122,1,30mm,2.8701272
SubNetW8CleanAuxExDnRcK6Rr01QdEma,minbias,0,test,12.498037,12.144402503967285,-0.028295229460314153,4,120mm,2.6332002
SubNetW8CleanAuxExDnRcK6Rr01QdEma,minbias,0,test,24.837555,25.140369415283203,0.012191799252221136,1,30mm,1.2372969
SubNetW8CleanAuxExDnRcK6Rr01QdEma,minbias,0,test,21.38521,21.33750343322754,-0.0022308223263109994,3,60mm,3.879217
SubNetW8CleanAuxExDnRcK6Rr01QdEma,minbias,0,test,9.45649,9.508905410766602,0.005542844142023995,3,60mm,1.6686312
SubNetW8CleanAuxExDnRcK6Rr01QdEma,minbias,0,test,15.038697,15.449180603027344,0.02729514090648899,3,60mm,2.768883
SubNetW8CleanAuxExDnRcK6Rr01QdEma,minbias,0,test,19.772623,18.26178741455078,-0.0764104814437283,0,15mm,0.57869816
SubNetW8CleanAuxExDnRcK6Rr01QdEma,minbias,0,test,86.72323,86.64053344726562,-0.0009535508398135217,1,30mm,4.8385468
SubNetW8CleanAuxExDnRcK6Rr01QdEma,minbias,0,test,63.458828,66.34561157226562,0.04549065420982101,1,30mm,4.460685
SubNetW8CleanAuxExDnRcK6Rr01QdEma,minbias,0,test,76.33772,77.06453704833984,0.009521036829067464,0,15mm,3.946969
SubNetW8CleanAuxExDnRcK6Rr01QdEma,minbias,0,test,14.992893,14.961163520812988,-0.0021163158916488456,3,60mm,2.6057758
SubNetW8CleanAuxExDnRcK6Rr01QdEma,minbias,0,test,21.878748,23.643449783325195,0.08065826472776672,2,40mm,2.1185427
SubNetW8CleanAuxExDnRcK6Rr01QdEma,minbias,0,test,32.064415,32.340797424316406,0.008619600466076127,2,40mm,3.8125381
SubNetW8CleanAuxExDnRcK6Rr01QdEma,minbias,0,test,40.926487,41.259437561035156,0.008135332805213835,1,30mm,3.5368688
SubNetW8CleanAuxExDnRcK6Rr01QdEma,minbias,0,test,40.54547,39.64365005493164,-0.022242216207509546,2,40mm,3.96895
SubNetW8CleanAuxExDnRcK6Rr01QdEma,minbias,0,test,23.937897,25.395109176635742,0.060874706940490686,3,60mm,4.787624
SubNetW8CleanAuxExDnRcK6Rr01QdEma,minbias,0,test,16.383314,14.535501480102539,-0.11278625543172971,1,30mm,0.8403353
SubNetW8CleanAuxExDnRcK6Rr01QdEma,minbias,0,test,29.241894,27.85309600830078,-0.04749342744397789,1,30mm,1.2184128
SubNetW8CleanAuxExDnRcK6Rr01QdEma,minbias,0,test,33.186653,33.37295150756836,0.005613653464574986,2,40mm,3.5942776
SubNetW8CleanAuxExDnRcK6Rr01QdEma,minbias,0,test,33.65208,33.79780960083008,0.004330462266248114,2,40mm,2.6060784
SubNetW8CleanAuxExDnRcK6Rr01QdEma,minbias,0,test,23.367952,23.519882202148438,0.006501633223651826,2,40mm,2.0487595
SubNetW8CleanAuxExDnRcK6Rr01QdEma,minbias,0,test,30.82587,30.672121047973633,-0.004987676369852201,3,60mm,3.5122883
SubNetW8CleanAuxExDnRcK6Rr01QdEma,minbias,0,test,13.194994,15.036452293395996,0.1395573445820939,1,30mm,0.70758665
SubNetW8CleanAuxExDnRcK6Rr01QdEma,minbias,0,test,55.855766,55.57352066040039,-0.005053115456131296,2,40mm,4.983273
SubNetW8CleanAuxExDnRcK6Rr01QdEma,minbias,0,test,21.22443,20.61925506591797,-0.028513133964442328,1,30mm,1.5124921
SubNetW8CleanAuxExDnRcK6Rr01QdEma,minbias,0,test,25.959526,26.306413650512695,0.013362631801225433,2,40mm,3.7964067
SubNetW8CleanAuxExDnRcK6Rr01QdEma,minbias,0,test,33.18309,33.09699249267578,-0.0025946262611584725,3,60mm,4.7178106
SubNetW8CleanAuxExDnRcK6Rr01QdEma,minbias,0,test,36.117886,37.610252380371094,0.04131932881478595,2,40mm,4.455921
SubNetW8CleanAuxExDnRcK6Rr01QdEma,minbias,0,test,67.78606,74.20172882080078,0.09464589963999415,0,15mm,1.5226467
SubNetW8CleanAuxExDnRcK6Rr01QdEma,minbias,0,test,15.834821,15.829554557800293,-0.00033257020456445296,3,60mm,1.7815571
SubNetW8CleanAuxExDnRcK6Rr01QdEma,minbias,0,test,35.08938,35.75192642211914,0.018881727069827825,2,40mm,4.5972233
SubNetW8CleanAuxExDnRcK6Rr01QdEma,minbias,0,test,22.176472,21.784963607788086,-0.017654210621648625,3,60mm,4.7559676
SubNetW8CleanAuxExDnRcK6Rr01QdEma,minbias,0,test,11.445154,11.095402717590332,-0.030558913114232533,4,120mm,2.6452293
SubNetW8CleanAuxExDnRcK6Rr01QdEma,minbias,0,test,8.550529,8.791488647460938,0.02818072829222884,3,60mm,1.87428
SubNetW8CleanAuxExDnRcK6Rr01QdEma,minbias,0,test,7.2626686,7.513803005218506,0.03457880416941328,1,30mm,0.5175277
SubNetW8CleanAuxExDnRcK6Rr01QdEma,minbias,0,test,16.099195,15.706811904907227,-0.024372868564672134,3,60mm,1.7053053
SubNetW8CleanAuxExDnRcK6Rr01QdEma,minbias,0,test,21.710978,17.47710609436035,-0.19501063226506998,1,30mm,1.4370904
SubNetW8CleanAuxExDnRcK6Rr01QdEma,minbias,0,test,11.675216,11.57542896270752,-0.00854688776690038,3,60mm,1.6357377
SubNetW8CleanAuxExDnRcK6Rr01QdEma,minbias,0,test,15.183407,15.56558895111084,0.02517103872405646,4,120mm,3.5155962
SubNetW8CleanAuxExDnRcK6Rr01QdEma,minbias,0,test,24.1693,23.896841049194336,-0.011272938366312157,3,60mm,3.5078404
SubNetW8CleanAuxExDnRcK6Rr01QdEma,minbias,0,test,15.840304,15.642662048339844,-0.012477179836942853,3,60mm,2.0498276
SubNetW8CleanAuxExDnRcK6Rr01QdEma,minbias,0,test,12.580254,12.23058795928955,-0.027794800714892598,3,60mm,2.1168118
SubNetW8CleanAuxExDnRcK6Rr01QdEma,minbias,0,test,6.9220753,7.442636013031006,0.07520298768778799,3,60mm,1.5215139
SubNetW8CleanAuxExDnRcK6Rr01QdEma,minbias,0,test,43.344135,41.37454605102539,-0.04544073195771492,2,40mm,4.638096
SubNetW8CleanAuxExDnRcK6Rr01QdEma,minbias,0,test,29.944706,29.645174026489258,-0.010002834458093024,2,40mm,3.8629208
SubNetW8CleanAuxExDnRcK6Rr01QdEma,minbias,0,test,10.707739,10.28624153137207,-0.039363804986124684,2,40mm,1.3684151
SubNetW8CleanAuxExDnRcK6Rr01QdEma,minbias,0,test,27.99505,27.441326141357422,-0.019779363867162614,3,60mm,3.889286
SubNetW8CleanAuxExDnRcK6Rr01QdEma,minbias,0,test,22.93125,22.434040069580078,-0.021682619012110438,3,60mm,3.5301695
SubNetW8CleanAuxExDnRcK6Rr01QdEma,minbias,0,test,9.176603,10.109813690185547,0.1016945312618538,3,60mm,1.5439281
SubNetW8CleanAuxExDnRcK6Rr01QdEma,minbias,0,test,32.65673,31.156564712524414,-0.04593741961875841,3,60mm,3.9507287
SubNetW8CleanAuxExDnRcK6Rr01QdEma,minbias,0,test,14.731171,14.514667510986328,-0.01469694081966233,3,60mm,2.143499
SubNetW8CleanAuxExDnRcK6Rr01QdEma,minbias,0,test,34.85543,37.21670150756836,0.06774470616742079,1,30mm,2.1851952
SubNetW8CleanAuxExDnRcK6Rr01QdEma,minbias,0,test,63.149445,64.73440551757812,0.025098572885944526,2,40mm,4.2576838
SubNetW8CleanAuxExDnRcK6Rr01QdEma,minbias,0,test,28.682287,28.53968048095703,-0.004971944327682998,3,60mm,4.2210455
SubNetW8CleanAuxExDnRcK6Rr01QdEma,minbias,0,test,13.257211,15.97777271270752,0.2052137539562251,1,30mm,0.7593326
SubNetW8CleanAuxExDnRcK6Rr01QdEma,minbias,0,test,27.489258,27.029075622558594,-0.016740437049273527,3,60mm,4.454192
SubNetW8CleanAuxExDnRcK6Rr01QdEma,minbias,0,test,30.312826,30.19941520690918,-0.0037413518990633277,2,40mm,3.0245159
SubNetW8CleanAuxExDnRcK6Rr01QdEma,minbias,0,test,47.503494,47.49568176269531,-0.00016446158585292636,2,40mm,4.833311
SubNetW8CleanAuxExDnRcK6Rr01QdEma,minbias,0,test,13.288218,12.96932315826416,-0.023998281577062075,3,60mm,1.7369305
SubNetW8CleanAuxExDnRcK6Rr01QdEma,minbias,0,test,19.224775,18.662187576293945,-0.029263683389721074,3,60mm,4.436163
SubNetW8CleanAuxExDnRcK6Rr01QdEma,minbias,0,test,7.319638,7.089951038360596,-0.03137952233535646,2,40mm,0.8952648
SubNetW8CleanAuxExDnRcK6Rr01QdEma,minbias,0,test,72.303665,73.95972442626953,0.022904222924883477,0,15mm,2.4506278
SubNetW8CleanAuxExDnRcK6Rr01QdEma,minbias,0,test,19.520271,17.72316551208496,-0.09206356619990685,1,30mm,1.7471708
SubNetW8CleanAuxExDnRcK6Rr01QdEma,minbias,0,test,55.619152,55.22951889038086,-0.007005377899809151,1,30mm,3.1402059
SubNetW8CleanAuxExDnRcK6Rr01QdEma,minbias,0,test,24.863838,24.570161819458008,-0.011811385435751887,3,60mm,3.1322947
SubNetW8CleanAuxExDnRcK6Rr01QdEma,minbias,0,test,11.556325,11.392789840698242,-0.014151135303484108,3,60mm,2.058911
SubNetW8CleanAuxExDnRcK6Rr01QdEma,minbias,0,test,23.109045,25.00794792175293,0.08217141343180545,0,15mm,1.0238097
SubNetW8CleanAuxExDnRcK6Rr01QdEma,minbias,0,test,21.184092,21.59451675415039,0.019374216960869495,3,60mm,3.5662491
SubNetW8CleanAuxExDnRcK6Rr01QdEma,minbias,0,test,21.404907,21.93052864074707,0.02455611737164176,4,120mm,4.460617
SubNetW8CleanAuxExDnRcK6Rr01QdEma,minbias,0,test,9.187512,10.648876190185547,0.15905978997914105,3,60mm,1.9048668
SubNetW8CleanAuxExDnRcK6Rr01QdEma,minbias,0,test,2.6230783,2.416567325592041,-0.07872849888583777,3,60mm,0.50184965
SubNetW8CleanAuxExDnRcK6Rr01QdEma,minbias,0,test,80.3026,80.1455078125,-0.0019562161023092273,1,30mm,3.6611793
SubNetW8CleanAuxExDnRcK6Rr01QdEma,minbias,0,test,12.312879,12.975591659545898,0.053822755173906556,2,40mm,1.4566455
SubNetW8CleanAuxExDnRcK6Rr01QdEma,minbias,0,test,32.217808,31.789186477661133,-0.013303862732595984,1,30mm,2.5388722
SubNetW8CleanAuxExDnRcK6Rr01QdEma,minbias,0,test,21.423962,19.259817123413086,-0.10101514147648494,2,40mm,2.8346972
SubNetW8CleanAuxExDnRcK6Rr01QdEma,minbias,0,test,44.635525,44.42799377441406,-0.004649457500618515,0,15mm,1.5271082
SubNetW8CleanAuxExDnRcK6Rr01QdEma,minbias,0,test,18.79316,16.353071212768555,-0.1298391722828759,1,30mm,1.5845214
SubNetW8CleanAuxExDnRcK6Rr01QdEma,minbias,0,test,31.53253,30.555076599121094,-0.030998249650513787,3,60mm,4.785788
SubNetW8CleanAuxExDnRcK6Rr01QdEma,minbias,0,test,14.655307,14.616459846496582,-0.002650710086929964,4,120mm,3.5057797
SubNetW8CleanAuxExDnRcK6Rr01QdEma,minbias,0,test,86.805275,89.3763427734375,0.029618796912322054,1,30mm,3.8614922
SubNetW8CleanAuxExDnRcK6Rr01QdEma,minbias,0,test,36.306324,38.63450622558594,0.06412607952626148,2,40mm,2.9337816
SubNetW8CleanAuxExDnRcK6Rr01QdEma,minbias,0,test,59.819973,59.125587463378906,-0.011607921131257859,0,15mm,1.5218358
SubNetW8CleanAuxExDnRcK6Rr01QdEma,minbias,0,test,31.879246,32.85326385498047,0.030553360776349958,3,60mm,4.024004
SubNetW8CleanAuxExDnRcK6Rr01QdEma,minbias,0,test,18.874952,19.202129364013672,0.01733392711393633,2,40mm,1.3983102
SubNetW8CleanAuxExDnRcK6Rr01QdEma,minbias,0,test,40.68807,41.32929992675781,0.015759694727226714,2,40mm,2.827012
SubNetW8CleanAuxExDnRcK6Rr01QdEma,minbias,0,test,12.272909,11.687081336975098,-0.04773341182639501,3,60mm,2.8817031
SubNetW8CleanAuxExDnRcK6Rr01QdEma,minbias,0,test,12.74884,13.525922775268555,0.06095318656434179,3,60mm,1.6194974
SubNetW8CleanAuxExDnRcK6Rr01QdEma,minbias,0,test,49.225178,49.7994270324707,0.011665763205992441,1,30mm,2.8292198
SubNetW8CleanAuxExDnRcK6Rr01QdEma,minbias,0,test,18.941757,18.550268173217773,-0.020668041763636347,2,40mm,1.7582062
SubNetW8CleanAuxExDnRcK6Rr01QdEma,minbias,0,test,65.74535,60.68339157104492,-0.07699345798459512,1,30mm,2.6039338
SubNetW8CleanAuxExDnRcK6Rr01QdEma,minbias,0,test,37.806286,37.27217483520508,-0.014127571932168959,3,60mm,3.6985312
SubNetW8CleanAuxExDnRcK6Rr01QdEma,minbias,0,test,27.62469,27.003881454467773,-0.022472927945322962,2,40mm,1.9052176
SubNetW8CleanAuxExDnRcK6Rr01QdEma,minbias,0,test,31.644463,32.70366287231445,0.03347189998898181,3,60mm,4.284757
SubNetW8CleanAuxExDnRcK6Rr01QdEma,minbias,0,test,17.321524,18.174589157104492,0.049248871355255686,2,40mm,1.3611299
SubNetW8CleanAuxExDnRcK6Rr01QdEma,minbias,0,test,54.521053,53.66980743408203,-0.015613159107935037,1,30mm,2.1688554
SubNetW8CleanAuxExDnRcK6Rr01QdEma,minbias,0,test,11.119323,11.365971565246582,0.022181997357509475,4,120mm,2.5652375
SubNetW8CleanAuxExDnRcK6Rr01QdEma,minbias,0,test,10.811312,15.235511779785156,0.409219544475967,1,30mm,1.0244821
SubNetW8CleanAuxExDnRcK6Rr01QdEma,minbias,0,test,26.897156,24.84535026550293,-0.07628336298427663,1,30mm,2.3750951
SubNetW8CleanAuxExDnRcK6Rr01QdEma,minbias,0,test,17.677225,17.746126174926758,0.0038977306433338743,3,60mm,3.3365781
SubNetW8CleanAuxExDnRcK6Rr01QdEma,minbias,0,test,14.062146,12.616477012634277,-0.10280572787306319,4,120mm,3.322338
SubNetW8CleanAuxExDnRcK6Rr01QdEma,minbias,0,test,65.19726,64.75567626953125,-0.006773010700909854,2,40mm,4.9664516
SubNetW8CleanAuxExDnRcK6Rr01QdEma,minbias,0,test,8.730951,7.097758769989014,-0.18705779947408352,2,40mm,1.060954
SubNetW8CleanAuxExDnRcK6Rr01QdEma,minbias,0,test,22.340618,21.652883529663086,-0.0307840454445254,2,40mm,2.415887
SubNetW8CleanAuxExDnRcK6Rr01QdEma,minbias,0,test,49.002327,48.150081634521484,-0.01739193592609367,2,40mm,4.935298
SubNetW8CleanAuxExDnRcK6Rr01QdEma,minbias,0,test,17.204899,16.769996643066406,-0.025277811590317945,3,60mm,3.5650992
SubNetW8CleanAuxExDnRcK6Rr01QdEma,minbias,0,test,11.899798,11.763867378234863,-0.011422967895973635,4,120mm,2.7810493
SubNetW8CleanAuxExDnRcK6Rr01QdEma,minbias,0,test,49.86391,50.514129638671875,0.01303987101734494,1,30mm,3.017483
SubNetW8CleanAuxExDnRcK6Rr01QdEma,minbias,0,test,63.251347,63.318115234375,0.0010556082967687619,1,30mm,2.8452008
SubNetW8CleanAuxExDnRcK6Rr01QdEma,minbias,0,test,6.375619,5.796051502227783,-0.09090371277609555,4,120mm,1.3982447
SubNetW8CleanAuxExDnRcK6Rr01QdEma,minbias,0,test,62.64388,62.38349914550781,-0.004156508116660351,0,15mm,2.1705415
SubNetW8CleanAuxExDnRcK6Rr01QdEma,minbias,0,test,81.041824,75.9541015625,-0.06277897640758878,0,15mm,1.7807953
SubNetW8CleanAuxExDnRcK6Rr01QdEma,minbias,0,test,2.415802,2.850634813308716,0.17999521939465146,4,120mm,0.5491003
SubNetW8CleanAuxExDnRcK6Rr01QdEma,minbias,0,test,11.68146,12.124895095825195,0.03796055465883086,2,40mm,2.278037
SubNetW8CleanAuxExDnRcK6Rr01QdEma,minbias,0,test,78.61422,74.02700805664062,-0.05835091448345486,1,30mm,3.6048462
SubNetW8CleanAuxExDnRcK6Rr01QdEma,minbias,0,test,4.8428664,4.488279342651367,-0.07321843042696863,2,40mm,0.62384564
SubNetW8CleanAuxExDnRcK6Rr01QdEma,minbias,0,test,3.1590002,2.971740484237671,-0.059278146466586246,3,60mm,0.54381067
SubNetW8CleanAuxExDnRcK6Rr01QdEma,minbias,0,test,60.82533,59.5150260925293,-0.02154205755473737,1,30mm,2.9101112
SubNetW8CleanAuxExDnRcK6Rr01QdEma,minbias,0,test,65.63676,67.34751892089844,0.026064085198650222,0,15mm,3.0192072
SubNetW8CleanAuxExDnRcK6Rr01QdEma,minbias,0,test,26.17246,25.472177505493164,-0.026756485086220194,3,60mm,4.729814
SubNetW8CleanAuxExDnRcK6Rr01QdEma,minbias,0,test,9.67255,9.73753833770752,0.006718821297199362,2,40mm,0.7881838
SubNetW8CleanAuxExDnRcK6Rr01QdEma,minbias,0,test,6.156764,6.885075569152832,0.118294535098868,3,60mm,0.96817774
SubNetW8CleanAuxExDnRcK6Rr01QdEma,minbias,0,test,20.513412,18.827430725097656,-0.08218923850406923,2,40mm,2.817991
SubNetW8CleanAuxExDnRcK6Rr01QdEma,minbias,0,test,12.142497,12.156598091125488,0.001161295602509771,4,120mm,2.858873
SubNetW8CleanAuxExDnRcK6Rr01QdEma,minbias,0,test,15.662343,15.894472122192383,0.014820841084329794,4,120mm,3.6574426
SubNetW8CleanAuxExDnRcK6Rr01QdEma,minbias,0,test,47.047905,50.5037841796875,0.07345447610806688,1,30mm,2.8964942
SubNetW8CleanAuxExDnRcK6Rr01QdEma,minbias,0,test,17.718754,17.032678604125977,-0.03872028573489217,4,120mm,4.143878
SubNetW8CleanAuxExDnRcK6Rr01QdEma,minbias,0,test,21.818842,21.48019027709961,-0.015521064689212882,2,40mm,2.8653715
SubNetW8CleanAuxExDnRcK6Rr01QdEma,minbias,0,test,50.953926,46.20576477050781,-0.09318538688980216,1,30mm,2.3206933
SubNetW8CleanAuxExDnRcK6Rr01QdEma,minbias,0,test,37.758625,36.0004997253418,-0.046562217341198586,3,60mm,4.404864
SubNetW8CleanAuxExDnRcK6Rr01QdEma,minbias,0,test,74.96061,75.1083755493164,0.0019712501591564457,0,15mm,2.209019
SubNetW8CleanAuxExDnRcK6Rr01QdEma,minbias,0,test,97.67987,97.73294830322266,0.000543384193948171,0,15mm,3.0775886
SubNetW8CleanAuxExDnRcK6Rr01QdEma,minbias,0,test,37.36288,36.27663803100586,-0.029072776382146892,1,30mm,1.9521174
SubNetW8CleanAuxExDnRcK6Rr01QdEma,minbias,0,test,17.653713,17.059282302856445,-0.03367172196814261,3,60mm,3.1790502
SubNetW8CleanAuxExDnRcK6Rr01QdEma,minbias,0,test,63.86366,64.97807312011719,0.01744989614117043,1,30mm,4.581582
SubNetW8CleanAuxExDnRcK6Rr01QdEma,minbias,0,test,16.960157,17.051454544067383,0.005383036698014321,3,60mm,2.8434393
SubNetW8CleanAuxExDnRcK6Rr01QdEma,minbias,0,test,6.7364864,6.5816121101379395,-0.02299037135967208,3,60mm,1.5580928
SubNetW8CleanAuxExDnRcK6Rr01QdEma,minbias,0,test,22.93764,23.27791404724121,0.014834779084426764,3,60mm,4.8146157
SubNetW8CleanAuxExDnRcK6Rr01QdEma,minbias,0,test,19.813866,18.540334701538086,-0.0642747347656546,3,60mm,4.2920523
SubNetW8CleanAuxExDnRcK6Rr01QdEma,minbias,0,test,63.85332,61.491058349609375,-0.03699514271214155,2,40mm,4.8188815
SubNetW8CleanAuxExDnRcK6Rr01QdEma,minbias,0,test,16.891079,16.459379196166992,-0.02555785536919919,2,40mm,2.2664495
SubNetW8CleanAuxExDnRcK6Rr01QdEma,minbias,0,test,9.8244505,10.865026473999023,0.10591696521820748,2,40mm,1.2072337
SubNetW8CleanAuxExDnRcK6Rr01QdEma,minbias,0,test,10.461233,9.982134819030762,-0.045797499552846954,3,60mm,1.9651672
SubNetW8CleanAuxExDnRcK6Rr01QdEma,minbias,0,test,31.251322,30.437986373901367,-0.02602563258280155,2,40mm,4.4812846
SubNetW8CleanAuxExDnRcK6Rr01QdEma,minbias,0,test,38.280403,38.029273986816406,-0.0065602535451497745,2,40mm,3.911932
SubNetW8CleanAuxExDnRcK6Rr01QdEma,minbias,0,test,25.956444,25.326126098632812,-0.0242836689482544,3,60mm,4.4848356
SubNetW8CleanAuxExDnRcK6Rr01QdEma,minbias,0,test,24.58883,23.976133346557617,-0.02491771986302116,3,60mm,2.5482206
SubNetW8CleanAuxExDnRcK6Rr01QdEma,minbias,0,test,41.37486,41.93381118774414,0.013509467995663993,0,15mm,1.2592181
SubNetW8CleanAuxExDnRcK6Rr01QdEma,minbias,0,test,16.449738,16.7103271484375,0.01584156579008389,3,60mm,3.0284677
SubNetW8CleanAuxExDnRcK6Rr01QdEma,minbias,0,test,24.456501,23.16086769104004,-0.05297705160950694,3,60mm,3.9860687
SubNetW8CleanAuxExDnRcK6Rr01QdEma,minbias,0,test,36.911915,35.856143951416016,-0.028602441217593144,2,40mm,4.033617
SubNetW8CleanAuxExDnRcK6Rr01QdEma,minbias,0,test,23.903734,25.208066940307617,0.05456606578080048,2,40mm,2.2951515
SubNetW8CleanAuxExDnRcK6Rr01QdEma,minbias,0,test,23.016071,22.367900848388672,-0.028161646798513296,1,30mm,1.1066355
SubNetW8CleanAuxExDnRcK6Rr01QdEma,minbias,0,test,5.2417655,4.902270317077637,-0.06476733499327147,3,60mm,1.184474
SubNetW8CleanAuxExDnRcK6Rr01QdEma,minbias,0,test,38.232094,38.19058609008789,-0.00108567741940635,2,40mm,2.7520642
SubNetW8CleanAuxExDnRcK6Rr01QdEma,minbias,0,test,29.874664,31.920297622680664,0.06847385112157833,1,30mm,2.742293
SubNetW8CleanAuxExDnRcK6Rr01QdEma,minbias,0,test,17.569838,16.273378372192383,-0.07378891198161464,0,15mm,0.5436259
SubNetW8CleanAuxExDnRcK6Rr01QdEma,minbias,0,test,57.220993,56.41315841674805,-0.01411780156718534,0,15mm,1.1930345
SubNetW8CleanAuxExDnRcK6Rr01QdEma,minbias,0,test,8.149787,8.358600616455078,0.025621978660306466,3,60mm,1.3545427
SubNetW8CleanAuxExDnRcK6Rr01QdEma,minbias,0,test,86.17022,84.2838134765625,-0.02189162285405566,0,15mm,3.6698132
SubNetW8CleanAuxExDnRcK6Rr01QdEma,minbias,0,test,27.868696,26.461528778076172,-0.05049276162577221,2,40mm,2.2745497
SubNetW8CleanAuxExDnRcK6Rr01QdEma,minbias,0,test,23.627851,22.986753463745117,-0.027133149318938732,3,60mm,4.0405846
SubNetW8CleanAuxExDnRcK6Rr01QdEma,minbias,0,test,21.166767,20.934953689575195,-0.010951763652331192,1,30mm,0.9708272
SubNetW8CleanAuxExDnRcK6Rr01QdEma,minbias,0,test,11.396338,11.11975383758545,-0.024269604324779537,3,60mm,2.694454
SubNetW8CleanAuxExDnRcK6Rr01QdEma,minbias,0,test,53.135162,54.67096710205078,0.028903736819645642,0,15mm,2.6163719
SubNetW8CleanAuxExDnRcK6Rr01QdEma,minbias,0,test,26.45869,27.28929328918457,0.031392431963900735,2,40mm,3.3041978
SubNetW8CleanAuxExDnRcK6Rr01QdEma,minbias,0,test,15.891734,15.00688362121582,-0.05567992109311193,3,60mm,3.3854218
SubNetW8CleanAuxExDnRcK6Rr01QdEma,minbias,0,test,33.82794,33.96372604370117,0.004013964242733703,2,40mm,2.2872307
SubNetW8CleanAuxExDnRcK6Rr01QdEma,minbias,0,test,70.36906,76.91060638427734,0.09296059929225775,0,15mm,3.321587
SubNetW8CleanAuxExDnRcK6Rr01QdEma,minbias,0,test,43.19461,41.18684387207031,-0.046481880399971476,0,15mm,0.9300327
SubNetW8CleanAuxExDnRcK6Rr01QdEma,minbias,0,test,33.24666,40.8925895690918,0.22997593229098068,3,60mm,3.759077
SubNetW8CleanAuxExDnRcK6Rr01QdEma,minbias,0,test,18.345373,17.67832374572754,-0.03636063449736593,3,60mm,3.894983
SubNetW8CleanAuxExDnRcK6Rr01QdEma,minbias,0,test,71.14499,70.60103607177734,-0.007645695774722849,1,30mm,3.7882013
SubNetW8CleanAuxExDnRcK6Rr01QdEma,minbias,0,test,65.02906,63.46547317504883,-0.024044437671005392,2,40mm,4.7225304
SubNetW8CleanAuxExDnRcK6Rr01QdEma,minbias,0,test,21.871395,21.687585830688477,-0.008404094913102123,2,40mm,1.9890163
SubNetW8CleanAuxExDnRcK6Rr01QdEma,minbias,0,test,10.777185,10.604960441589355,-0.015980517309638786,3,60mm,1.461308
SubNetW8CleanAuxExDnRcK6Rr01QdEma,minbias,0,test,48.925793,47.89002227783203,-0.021170232697831026,2,40mm,4.7958264
SubNetW8CleanAuxExDnRcK6Rr01QdEma,minbias,0,test,16.95551,17.013912200927734,0.003444486066255248,2,40mm,2.7452185
SubNetW8CleanAuxExDnRcK6Rr01QdEma,minbias,0,test,64.044174,62.77377700805664,-0.019836264613614984,0,15mm,1.702627
SubNetW8CleanAuxExDnRcK6Rr01QdEma,minbias,0,test,59.689426,58.846736907958984,-0.014117902695206297,0,15mm,1.6908072
SubNetW8CleanAuxExDnRcK6Rr01QdEma,minbias,0,test,4.2684546,4.430943489074707,0.03806739310679497,3,60mm,0.98183876
SubNetW8CleanAuxExDnRcK6Rr01QdEma,minbias,0,test,75.073494,66.35111999511719,-0.11618446808054406,0,15mm,2.8448207
SubNetW8CleanAuxExDnRcK6Rr01QdEma,minbias,0,test,61.19388,77.77706146240234,0.2709941547007009,1,30mm,2.8466263
SubNetW8CleanAuxExDnRcK6Rr01QdEma,minbias,0,test,67.544014,68.20065307617188,0.009721647566639957,0,15mm,2.9550488
SubNetW8CleanAuxExDnRcK6Rr01QdEma,minbias,0,test,7.939445,7.95554256439209,0.0020275404119212137,2,40mm,0.7808498
SubNetW8CleanAuxExDnRcK6Rr01QdEma,minbias,0,test,23.932814,23.512651443481445,-0.01755590492494752,3,60mm,3.9729755
SubNetW8CleanAuxExDnRcK6Rr01QdEma,minbias,0,test,6.714637,7.2782883644104,0.08394371554283486,3,60mm,1.2737306
SubNetW8CleanAuxExDnRcK6Rr01QdEma,minbias,0,test,25.722113,30.824003219604492,0.19834648235421048,2,40mm,3.9673808
SubNetW8CleanAuxExDnRcK6Rr01QdEma,minbias,0,test,39.47311,40.49834442138672,0.025972977990438295,1,30mm,1.8706067
SubNetW8CleanAuxExDnRcK6Rr01QdEma,minbias,0,test,27.195951,27.172561645507812,-0.0008600477286864194,1,30mm,1.7689915
SubNetW8CleanAuxExDnRcK6Rr01QdEma,minbias,0,test,21.936314,21.985837936401367,0.00225764037149645,3,60mm,3.947303
SubNetW8CleanAuxExDnRcK6Rr01QdEma,minbias,0,test,2.6347134,2.7100422382354736,0.028590899708609063,3,60mm,0.5377891
SubNetW8CleanAuxExDnRcK6Rr01QdEma,minbias,0,test,45.02626,45.428707122802734,0.008938045120018279,2,40mm,3.7919486
SubNetW8CleanAuxExDnRcK6Rr01QdEma,minbias,0,test,17.751778,17.63372802734375,-0.006650016911921797,2,40mm,2.4074304
SubNetW8CleanAuxExDnRcK6Rr01QdEma,minbias,0,test,27.45135,28.50777244567871,0.03848347042292355,2,40mm,4.105646
SubNetW8CleanAuxExDnRcK6Rr01QdEma,minbias,0,test,9.383184,9.092355728149414,-0.03099466997703626,3,60mm,2.2005188
SubNetW8CleanAuxExDnRcK6Rr01QdEma,minbias,0,test,49.150158,48.34233856201172,-0.016435743047474638,0,15mm,1.5598779
SubNetW8CleanAuxExDnRcK6Rr01QdEma,minbias,0,test,90.942314,93.43395233154297,0.02739800726359598,0,15mm,2.5409546
SubNetW8CleanAuxExDnRcK6Rr01QdEma,minbias,0,test,38.894466,38.95707321166992,0.001609658579175166,1,30mm,4.0298905
SubNetW8CleanAuxExDnRcK6Rr01QdEma,minbias,0,test,22.446774,22.0191707611084,-0.019049631671602674,3,60mm,2.7965922
SubNetW8CleanAuxExDnRcK6Rr01QdEma,minbias,0,test,27.829765,26.813676834106445,-0.03651085354262673,2,40mm,3.495946
SubNetW8CleanAuxExDnRcK6Rr01QdEma,minbias,0,test,25.606247,25.523075103759766,-0.0032481075672876614,3,60mm,4.6323156
SubNetW8CleanAuxExDnRcK6Rr01QdEma,minbias,0,test,9.195533,9.116064071655273,-0.0086421014258653,3,60mm,1.6545103
SubNetW8CleanAuxExDnRcK6Rr01QdEma,minbias,0,test,17.849258,17.07029914855957,-0.043640988092520816,3,60mm,2.1736512
SubNetW8CleanAuxExDnRcK6Rr01QdEma,minbias,0,test,71.92525,69.41931915283203,-0.03484072891467471,1,30mm,3.5652652
SubNetW8CleanAuxExDnRcK6Rr01QdEma,minbias,0,test,25.392796,21.407716751098633,-0.15693738020292436,2,40mm,2.965639
SubNetW8CleanAuxExDnRcK6Rr01QdEma,minbias,0,test,7.2853384,7.196963787078857,-0.012130474912985356,3,60mm,0.8437267
SubNetW8CleanAuxExDnRcK6Rr01QdEma,minbias,0,test,40.007797,38.65940856933594,-0.03370314700770538,2,40mm,3.2266262
SubNetW8CleanAuxExDnRcK6Rr01QdEma,minbias,0,test,14.716968,13.69173526763916,-0.06966328554453483,3,60mm,3.5460286
SubNetW8CleanAuxExDnRcK6Rr01QdEma,minbias,0,test,14.854295,21.22275161743164,0.42872831973226266,2,40mm,0.97136253
SubNetW8CleanAuxExDnRcK6Rr01QdEma,minbias,0,test,12.229976,12.595135688781738,0.02985778527687688,3,60mm,2.6248357
SubNetW8CleanAuxExDnRcK6Rr01QdEma,minbias,0,test,72.99369,74.15274047851562,0.01587876952104894,1,30mm,4.3986607
SubNetW8CleanAuxExDnRcK6Rr01QdEma,minbias,0,test,40.58243,43.07316589355469,0.06137468826494419,1,30mm,2.9949827
SubNetW8CleanAuxExDnRcK6Rr01QdEma,minbias,0,test,19.457214,19.166955947875977,-0.014917778171631868,3,60mm,3.3650665
SubNetW8CleanAuxExDnRcK6Rr01QdEma,minbias,0,test,27.331459,21.52672004699707,-0.21238306336916513,0,15mm,1.1810118
SubNetW8CleanAuxExDnRcK6Rr01QdEma,minbias,0,test,23.462946,22.279193878173828,-0.05045197917853017,2,40mm,3.4148257
SubNetW8CleanAuxExDnRcK6Rr01QdEma,minbias,0,test,44.928795,39.153656005859375,-0.12853981222661526,1,30mm,3.348114
SubNetW8CleanAuxExDnRcK6Rr01QdEma,minbias,0,test,20.288488,20.606163024902344,0.015657876070636734,3,60mm,3.0065818
SubNetW8CleanAuxExDnRcK6Rr01QdEma,minbias,0,test,6.5214286,8.176932334899902,0.2538559961604008,3,60mm,1.0308499
SubNetW8CleanAuxExDnRcK6Rr01QdEma,minbias,0,test,24.87951,24.98880386352539,0.0043928911841579765,3,60mm,3.180041
SubNetW8CleanAuxExDnRcK6Rr01QdEma,minbias,0,test,7.972055,7.751353740692139,-0.02768435727106755,3,60mm,1.1091399
SubNetW8CleanAuxExDnRcK6Rr01QdEma,minbias,0,test,8.003436,7.821834564208984,-0.022690444746920724,3,60mm,1.7337338
SubNetW8CleanAuxExDnRcK6Rr01QdEma,minbias,0,test,23.555964,23.970195770263672,0.01758502698235298,2,40mm,1.9940089
SubNetW8CleanAuxExDnRcK6Rr01QdEma,minbias,0,test,34.156467,33.91640853881836,-0.0070282121347392534,3,60mm,4.266529
SubNetW8CleanAuxExDnRcK6Rr01QdEma,minbias,0,test,58.664845,59.351078033447266,0.011697525599960512,1,30mm,3.336843
SubNetW8CleanAuxExDnRcK6Rr01QdEma,minbias,0,test,17.985128,18.02091407775879,0.001989736978660339,3,60mm,3.5973184
SubNetW8CleanAuxExDnRcK6Rr01QdEma,minbias,0,test,9.36242,9.65759563446045,0.03152769794347865,3,60mm,1.8985147
SubNetW8CleanAuxExDnRcK6Rr01QdEma,minbias,0,test,48.801083,47.02425765991211,-0.036409539627063725,2,40mm,4.0327806
SubNetW8CleanAuxExDnRcK6Rr01QdEma,minbias,0,test,54.01593,52.975196838378906,-0.019267155707872408,1,30mm,2.2018406
SubNetW8CleanAuxExDnRcK6Rr01QdEma,minbias,0,test,17.784403,18.590612411499023,0.045332394409398624,3,60mm,2.7591007
SubNetW8CleanAuxExDnRcK6Rr01QdEma,minbias,0,test,7.1981688,7.090636253356934,-0.014938869160620705,3,60mm,1.1036599
SubNetW8CleanAuxExDnRcK6Rr01QdEma,minbias,0,test,10.775846,9.788474082946777,-0.09162821072079463,2,40mm,0.682608
SubNetW8CleanAuxExDnRcK6Rr01QdEma,minbias,0,test,75.065674,63.563838958740234,-0.153223627829147,1,30mm,4.2971935
SubNetW8CleanAuxExDnRcK6Rr01QdEma,minbias,0,test,7.4616385,7.259033203125,-0.027152916727110288,3,60mm,1.674208
SubNetW8CleanAuxExDnRcK6Rr01QdEma,minbias,0,test,10.547329,11.81602668762207,0.12028616389847224,4,120mm,2.1593118
SubNetW8CleanAuxExDnRcK6Rr01QdEma,minbias,0,test,4.4569488,4.500654697418213,0.009806246970251786,2,40mm,0.532506
SubNetW8CleanAuxExDnRcK6Rr01QdEma,minbias,0,test,32.068184,30.737201690673828,-0.04150475787612462,3,60mm,4.728441
SubNetW8CleanAuxExDnRcK6Rr01QdEma,minbias,0,test,8.43906,8.085716247558594,-0.04187006073909405,3,60mm,1.5188931
SubNetW8CleanAuxExDnRcK6Rr01QdEma,minbias,0,test,16.808716,16.667865753173828,-0.008379585248770804,3,60mm,1.9252589
SubNetW8CleanAuxExDnRcK6Rr01QdEma,minbias,0,test,14.681113,14.166994094848633,-0.0350190847070756,3,60mm,3.2349935
SubNetW8CleanAuxExDnRcK6Rr01QdEma,minbias,0,test,4.1771793,3.9933433532714844,-0.04400959797629733,3,60mm,0.7855265
SubNetW8CleanAuxExDnRcK6Rr01QdEma,minbias,0,test,11.212149,13.781452178955078,0.22915353595666854,3,60mm,2.0699496
SubNetW8CleanAuxExDnRcK6Rr01QdEma,minbias,0,test,25.868008,25.899986267089844,0.0012362222710831094,3,60mm,4.626172
SubNetW8CleanAuxExDnRcK6Rr01QdEma,minbias,0,test,15.410367,15.725491523742676,0.02044886481112851,2,40mm,1.7030954
SubNetW8CleanAuxExDnRcK6Rr01QdEma,minbias,0,test,87.276115,86.58191680908203,-0.007954050258513146,0,15mm,2.6037776
SubNetW8CleanAuxExDnRcK6Rr01QdEma,minbias,0,test,16.034452,15.737077713012695,-0.018545985682085098,2,40mm,3.3217487
SubNetW8CleanAuxExDnRcK6Rr01QdEma,minbias,0,test,18.29926,19.565006256103516,0.06916930666216947,2,40mm,2.0309186
SubNetW8CleanAuxExDnRcK6Rr01QdEma,minbias,0,test,5.543169,4.84967565536499,-0.12510774315889006,4,120mm,1.1209153
SubNetW8CleanAuxExDnRcK6Rr01QdEma,minbias,0,test,46.947144,45.419620513916016,-0.03253708160097346,0,15mm,1.2966607
SubNetW8CleanAuxExDnRcK6Rr01QdEma,minbias,0,test,14.160371,13.68949031829834,-0.03325340234270424,1,30mm,0.7132472
SubNetW8CleanAuxExDnRcK6Rr01QdEma,minbias,0,test,62.147896,64.2950210571289,0.034548639435864725,1,30mm,3.9920428
SubNetW8CleanAuxExDnRcK6Rr01QdEma,minbias,0,test,14.894071,14.508927345275879,-0.025858832666936227,3,60mm,2.7745993
SubNetW8CleanAuxExDnRcK6Rr01QdEma,minbias,0,test,34.032642,33.717315673828125,-0.009265418985001661,3,60mm,4.4515862
SubNetW8CleanAuxExDnRcK6Rr01QdEma,minbias,0,test,92.8526,94.19303131103516,0.014436119311350692,0,15mm,2.7573364
SubNetW8CleanAuxExDnRcK6Rr01QdEma,minbias,0,test,8.053223,8.02601432800293,-0.003378564012005092,2,40mm,0.7574486
SubNetW8CleanAuxExDnRcK6Rr01QdEma,minbias,0,test,57.29061,57.5926399230957,0.005271870020687963,2,40mm,4.17461
SubNetW8CleanAuxExDnRcK6Rr01QdEma,minbias,0,test,2.5679662,2.426464796066284,-0.055102526443874256,4,120mm,0.59155107
SubNetW8CleanAuxExDnRcK6Rr01QdEma,minbias,0,test,87.50043,87.0943374633789,-0.004641003427020118,0,15mm,2.6325648
SubNetW8CleanAuxExDnRcK6Rr01QdEma,minbias,0,test,35.55498,36.48971176147461,0.026289720804353767,0,15mm,1.395964
SubNetW8CleanAuxExDnRcK6Rr01QdEma,minbias,0,test,65.81143,63.989810943603516,-0.02767939990048729,1,30mm,3.233829
SubNetW8CleanAuxExDnRcK6Rr01QdEma,minbias,0,test,63.776176,63.8795051574707,0.001620177166166803,0,15mm,2.853262
SubNetW8CleanAuxExDnRcK6Rr01QdEma,minbias,0,test,6.9303403,7.991324424743652,0.15309264628669772,2,40mm,1.2763283
SubNetW8CleanAuxExDnRcK6Rr01QdEma,minbias,0,test,54.098507,54.62012481689453,0.009642001582473192,1,30mm,4.880853
SubNetW8CleanAuxExDnRcK6Rr01QdEma,minbias,0,test,16.498552,16.986051559448242,0.02954800079028974,3,60mm,1.9889594
SubNetW8CleanAuxExDnRcK6Rr01QdEma,minbias,0,test,13.901734,13.808754920959473,-0.006688333181839257,3,60mm,2.5677254
SubNetW8CleanAuxExDnRcK6Rr01QdEma,minbias,0,test,80.53436,79.96018981933594,-0.007129540158017367,0,15mm,1.6369404
SubNetW8CleanAuxExDnRcK6Rr01QdEma,minbias,0,test,99.85604,97.66203308105469,-0.021971708997885253,0,15mm,4.156109
SubNetW8CleanAuxExDnRcK6Rr01QdEma,minbias,0,test,13.926011,13.544918060302734,-0.027365555209419523,3,60mm,2.6327536
SubNetW8CleanAuxExDnRcK6Rr01QdEma,minbias,0,test,12.8221445,12.256924629211426,-0.04408154024327127,2,40mm,1.2781805
SubNetW8CleanAuxExDnRcK6Rr01QdEma,minbias,0,test,5.056346,5.354279041290283,0.05892261036148305,2,40mm,0.57564795
SubNetW8CleanAuxExDnRcK6Rr01QdEma,minbias,0,test,17.270037,17.086652755737305,-0.010618619106821603,3,60mm,2.5621536
SubNetW8CleanAuxExDnRcK6Rr01QdEma,minbias,0,test,89.50133,89.9186782836914,0.004663067919016717,1,30mm,4.0828295
SubNetW8CleanAuxExDnRcK6Rr01QdEma,minbias,0,test,45.505886,44.609527587890625,-0.019697638421020236,2,40mm,4.672291
SubNetW8CleanAuxExDnRcK6Rr01QdEma,minbias,0,test,29.639507,28.06266212463379,-0.053200788847204805,1,30mm,2.2884927
SubNetW8CleanAuxExDnRcK6Rr01QdEma,minbias,0,test,10.793168,10.333891868591309,-0.04255249213670531,2,40mm,1.5117928
SubNetW8CleanAuxExDnRcK6Rr01QdEma,minbias,0,test,22.948145,21.313730239868164,-0.07122208261573415,1,30mm,1.1643349
SubNetW8CleanAuxExDnRcK6Rr01QdEma,minbias,0,test,50.616306,49.244625091552734,-0.027099591288139102,1,30mm,2.6626015
SubNetW8CleanAuxExDnRcK6Rr01QdEma,minbias,0,test,7.404635,7.9868669509887695,0.07863074981751472,2,40mm,0.7107152
SubNetW8CleanAuxExDnRcK6Rr01QdEma,minbias,0,test,4.678162,4.400056838989258,-0.059447546519316385,3,60mm,0.83210707
SubNetW8CleanAuxExDnRcK6Rr01QdEma,minbias,0,test,20.079716,19.37468147277832,-0.03511176480310618,3,60mm,2.8380013
SubNetW8CleanAuxExDnRcK6Rr01QdEma,minbias,0,test,38.933575,39.99182891845703,0.027181019229188363,0,15mm,1.3240722
SubNetW8CleanAuxExDnRcK6Rr01QdEma,minbias,0,test,28.276978,28.50760269165039,0.00815593364847067,2,40mm,3.4590745
SubNetW8CleanAuxExDnRcK6Rr01QdEma,minbias,0,test,20.042355,20.112720489501953,0.003510860236890734,3,60mm,4.512533
SubNetW8CleanAuxExDnRcK6Rr01QdEma,minbias,0,test,87.152115,91.69185638427734,0.052089860618765194,1,30mm,4.9893155
SubNetW8CleanAuxExDnRcK6Rr01QdEma,minbias,0,test,42.121204,42.13835144042969,0.00040708864959859703,2,40mm,3.4424603
SubNetW8CleanAuxExDnRcK6Rr01QdEma,minbias,0,test,41.352245,41.250640869140625,-0.0024570482414462136,2,40mm,3.5266209
SubNetW8CleanAuxExDnRcK6Rr01QdEma,minbias,0,test,15.7867,15.285463333129883,-0.03175058167263767,2,40mm,1.6215603
SubNetW8CleanAuxExDnRcK6Rr01QdEma,minbias,0,test,43.33023,44.433128356933594,0.025453306522895014,1,30mm,2.3014834
SubNetW8CleanAuxExDnRcK6Rr01QdEma,minbias,0,test,37.88842,37.58683776855469,-0.007959749590776388,1,30mm,1.9218899
SubNetW8CleanAuxExDnRcK6Rr01QdEma,minbias,0,test,16.40295,16.755239486694336,0.021477185120240216,4,120mm,3.8548918
SubNetW8CleanAuxExDnRcK6Rr01QdEma,minbias,0,test,24.14161,23.004314422607422,-0.04710931902869808,3,60mm,3.7339973
SubNetW8CleanAuxExDnRcK6Rr01QdEma,minbias,0,test,7.1395173,7.067287445068359,-0.010116911144604779,2,40mm,1.1319872
SubNetW8CleanAuxExDnRcK6Rr01QdEma,minbias,0,test,59.11349,62.38566589355469,0.05535411251511424,1,30mm,2.9322474
SubNetW8CleanAuxExDnRcK6Rr01QdEma,minbias,0,test,10.655634,14.344878196716309,0.34622475732647695,1,30mm,0.72621185
SubNetW8CleanAuxExDnRcK6Rr01QdEma,minbias,0,test,40.56845,40.297061920166016,-0.006689656650972209,2,40mm,3.833132
SubNetW8CleanAuxExDnRcK6Rr01QdEma,minbias,0,test,25.443146,24.930908203125,-0.0201326342985243,3,60mm,3.6288545
SubNetW8CleanAuxExDnRcK6Rr01QdEma,minbias,0,test,11.725585,12.07724380493164,0.0299907272507971,3,60mm,2.2522557
SubNetW8CleanAuxExDnRcK6Rr01QdEma,minbias,0,test,28.02064,27.298725128173828,-0.0257636622980848,2,40mm,2.6530592
SubNetW8CleanAuxExDnRcK6Rr01QdEma,minbias,0,test,39.30268,40.43627166748047,0.028842579444629646,2,40mm,2.9921424
SubNetW8CleanAuxExDnRcK6Rr01QdEma,minbias,0,test,99.786705,99.52145385742188,-0.002658181364166068,0,15mm,3.114095
SubNetW8CleanAuxExDnRcK6Rr01QdEma,minbias,0,test,28.275177,28.921228408813477,0.022848713089071992,0,15mm,0.7612185
SubNetW8CleanAuxExDnRcK6Rr01QdEma,minbias,0,test,17.502821,17.288372039794922,-0.0122522494640942,2,40mm,2.51656
SubNetW8CleanAuxExDnRcK6Rr01QdEma,minbias,0,test,17.854078,17.65216827392578,-0.011308901843552155,2,40mm,1.5793381
SubNetW8CleanAuxExDnRcK6Rr01QdEma,minbias,0,test,32.85443,33.912662506103516,0.03220969947258623,3,60mm,3.8123527
SubNetW8CleanAuxExDnRcK6Rr01QdEma,minbias,0,test,80.960205,88.15577697753906,0.08887788627104487,0,15mm,1.8457812
SubNetW8CleanAuxExDnRcK6Rr01QdEma,minbias,0,test,11.01613,11.211564064025879,0.01774067741586416,4,120mm,2.547946
SubNetW8CleanAuxExDnRcK6Rr01QdEma,minbias,0,test,7.9950433,7.890347480773926,-0.013095088210221872,4,120mm,1.6350849
SubNetW8CleanAuxExDnRcK6Rr01QdEma,minbias,0,test,33.322304,31.326427459716797,-0.05989610820169611,1,30mm,1.4738015
SubNetW8CleanAuxExDnRcK6Rr01QdEma,minbias,0,test,22.294153,21.407365798950195,-0.0397766807314196,2,40mm,2.0005157
SubNetW8CleanAuxExDnRcK6Rr01QdEma,minbias,0,test,25.29506,25.90036964416504,0.023929987084802873,2,40mm,2.3479168
SubNetW8CleanAuxExDnRcK6Rr01QdEma,minbias,0,test,63.05933,65.36727905273438,0.03659964459903975,0,15mm,2.016099
SubNetW8CleanAuxExDnRcK6Rr01QdEma,minbias,0,test,40.082287,51.63810348510742,0.2883023291071729,1,30mm,2.79797
SubNetW8CleanAuxExDnRcK6Rr01QdEma,minbias,0,test,14.214109,14.489167213439941,0.019351039486267707,2,40mm,1.5054481
SubNetW8CleanAuxExDnRcK6Rr01QdEma,minbias,0,test,16.80641,15.729785919189453,-0.06406031550721969,3,60mm,2.9803154
SubNetW8CleanAuxExDnRcK6Rr01QdEma,minbias,0,test,33.43274,32.444862365722656,-0.02954818881192922,1,30mm,2.2108822
SubNetW8CleanAuxExDnRcK6Rr01QdEma,minbias,0,test,33.325817,32.950042724609375,-0.011275774044051112,3,60mm,4.046469
SubNetW8CleanAuxExDnRcK6Rr01QdEma,minbias,0,test,16.03522,16.03143310546875,-0.00023611071296747443,4,120mm,3.4268317
SubNetW8CleanAuxExDnRcK6Rr01QdEma,minbias,0,test,15.588039,15.308877944946289,-0.017908695642597894,3,60mm,3.0784273
SubNetW8CleanAuxExDnRcK6Rr01QdEma,minbias,0,test,27.36965,26.291824340820312,-0.03938031910204476,1,30mm,1.3825393
SubNetW8CleanAuxExDnRcK6Rr01QdEma,minbias,0,test,23.675646,25.693092346191406,0.08521188957546189,1,30mm,1.0849372
SubNetW8CleanAuxExDnRcK6Rr01QdEma,minbias,0,test,73.76954,73.83850860595703,0.000934935037011142,1,30mm,3.1447208
SubNetW8CleanAuxExDnRcK6Rr01QdEma,minbias,0,test,48.658463,49.132816314697266,0.009748639099420808,1,30mm,3.7498722
SubNetW8CleanAuxExDnRcK6Rr01QdEma,minbias,0,test,10.829633,11.514853477478027,0.0632727566692759,3,60mm,2.3582602
SubNetW8CleanAuxExDnRcK6Rr01QdEma,minbias,0,test,48.094624,45.11650848388672,-0.06192199586967251,2,40mm,3.8809564
SubNetW8CleanAuxExDnRcK6Rr01QdEma,minbias,0,test,15.221169,14.898774147033691,-0.021180719740725773,3,60mm,2.4824135
SubNetW8CleanAuxExDnRcK6Rr01QdEma,minbias,0,test,66.27613,62.523643493652344,-0.05661898400415799,2,40mm,4.6509256
SubNetW8CleanAuxExDnRcK6Rr01QdEma,minbias,0,test,43.248585,42.644283294677734,-0.013972745146862753,1,30mm,2.7846835
SubNetW8CleanAuxExDnRcK6Rr01QdEma,minbias,0,test,24.116497,24.611379623413086,0.020520500253480067,3,60mm,4.3518767
SubNetW8CleanAuxExDnRcK6Rr01QdEma,minbias,0,test,22.470455,21.751001358032227,-0.03201776760696684,3,60mm,4.7318664
SubNetW8CleanAuxExDnRcK6Rr01QdEma,minbias,0,test,10.275625,12.235031127929688,0.1906848347816854,2,40mm,1.4616387
SubNetW8CleanAuxExDnRcK6Rr01QdEma,minbias,0,test,40.45686,39.19335174560547,-0.03123099162577836,1,30mm,3.7542684
SubNetW8CleanAuxExDnRcK6Rr01QdEma,minbias,0,test,41.97384,40.96786117553711,-0.023966776907424103,1,30mm,1.7141051
SubNetW8CleanAuxExDnRcK6Rr01QdEma,minbias,0,test,55.54799,53.59022521972656,-0.03524454639924868,2,40mm,4.5649548
SubNetW8CleanAuxExDnRcK6Rr01QdEma,minbias,0,test,19.126226,18.395267486572266,-0.03821762444664256,3,60mm,3.1727629
SubNetW8CleanAuxExDnRcK6Rr01QdEma,minbias,0,test,24.739803,23.844165802001953,-0.036202289114102726,2,40mm,4.151933
SubNetW8CleanAuxExDnRcK6Rr01QdEma,minbias,0,test,29.927137,28.667476654052734,-0.04209091918970531,3,60mm,4.621304
SubNetW8CleanAuxExDnRcK6Rr01QdEma,minbias,0,test,70.34651,70.16587829589844,-0.002567768325608122,2,40mm,4.694338
SubNetW8CleanAuxExDnRcK6Rr01QdEma,minbias,0,test,14.38855,14.602456092834473,0.014866424417371515,4,120mm,3.0376117
SubNetW8CleanAuxExDnRcK6Rr01QdEma,minbias,0,test,11.097727,10.719206809997559,-0.03410788695527378,1,30mm,0.6417794
SubNetW8CleanAuxExDnRcK6Rr01QdEma,minbias,0,test,42.99418,45.057273864746094,0.047985451791402456,3,60mm,4.986452
SubNetW8CleanAuxExDnRcK6Rr01QdEma,minbias,0,test,51.693066,50.93146514892578,-0.014733126869277191,0,15mm,2.7636733
SubNetW8CleanAuxExDnRcK6Rr01QdEma,minbias,0,test,19.94581,20.178524017333984,0.011667297323633363,3,60mm,3.065839
SubNetW8CleanAuxExDnRcK6Rr01QdEma,minbias,0,test,2.720433,2.350628614425659,-0.13593585387547746,4,120mm,0.54849917
SubNetW8CleanAuxExDnRcK6Rr01QdEma,minbias,0,test,44.473404,43.0098991394043,-0.032907415711678656,2,40mm,3.7819185
SubNetW8CleanAuxExDnRcK6Rr01QdEma,minbias,0,test,31.795498,31.53627586364746,-0.008152790420250855,2,40mm,3.6639376
SubNetW8CleanAuxExDnRcK6Rr01QdEma,minbias,0,test,44.169483,38.46775436401367,-0.12908751494654225,1,30mm,2.331343
SubNetW8CleanAuxExDnRcK6Rr01QdEma,minbias,0,test,20.170937,19.950061798095703,-0.010950150254648072,2,40mm,1.7546571
SubNetW8CleanAuxExDnRcK6Rr01QdEma,minbias,0,test,70.39059,75.67313385009766,0.07504621332537043,1,30mm,4.0122705
SubNetW8CleanAuxExDnRcK6Rr01QdEma,minbias,0,test,38.689926,41.46750259399414,0.0717906887686186,2,40mm,3.5629804
SubNetW8CleanAuxExDnRcK6Rr01QdEma,minbias,0,test,14.15172,14.136910438537598,-0.0010464882297198663,2,40mm,2.2412534
SubNetW8CleanAuxExDnRcK6Rr01QdEma,minbias,0,test,94.79894,92.66802978515625,-0.022478233649916524,0,15mm,2.910611
SubNetW8CleanAuxExDnRcK6Rr01QdEma,minbias,0,test,10.896516,10.78152847290039,-0.010552673439335858,4,120mm,2.4931479
SubNetW8CleanAuxExDnRcK6Rr01QdEma,minbias,0,test,19.590342,19.208324432373047,-0.019500279476712068,3,60mm,2.9504812
SubNetW8CleanAuxExDnRcK6Rr01QdEma,minbias,0,test,35.81167,36.4530029296875,0.01790853546949278,3,60mm,4.492153
SubNetW8CleanAuxExDnRcK6Rr01QdEma,minbias,0,test,30.84228,31.071624755859375,0.007436069118838429,2,40mm,2.5963442
SubNetW8CleanAuxExDnRcK6Rr01QdEma,minbias,0,test,15.30821,15.438657760620117,0.008521400249765998,3,60mm,3.556791
SubNetW8CleanAuxExDnRcK6Rr01QdEma,minbias,0,test,17.407179,17.743743896484375,0.019334839955623018,1,30mm,0.9085769
SubNetW8CleanAuxExDnRcK6Rr01QdEma,minbias,0,test,18.559052,17.60846710205078,-0.05121945003066708,4,120mm,3.8998837
SubNetW8CleanAuxExDnRcK6Rr01QdEma,minbias,0,test,9.100651,9.092010498046875,-0.0009494144439260443,3,60mm,1.5955088
SubNetW8CleanAuxExDnRcK6Rr01QdEma,minbias,0,test,10.925639,10.83359146118164,-0.00842492508311754,1,30mm,1.0617893
SubNetW8CleanAuxExDnRcK6Rr01QdEma,minbias,0,test,14.152601,13.991539001464844,-0.011380398404914005,2,40mm,1.2184741
SubNetW8CleanAuxExDnRcK6Rr01QdEma,minbias,0,test,15.981009,18.182870864868164,0.13777993617349615,2,40mm,1.4621406
SubNetW8CleanAuxExDnRcK6Rr01QdEma,minbias,0,test,99.6872,83.6773681640625,-0.16060069793813825,0,15mm,2.155754
SubNetW8CleanAuxExDnRcK6Rr01QdEma,minbias,0,test,30.926365,30.54072380065918,-0.01246965491372376,2,40mm,2.2497647
SubNetW8CleanAuxExDnRcK6Rr01QdEma,minbias,0,test,9.150298,9.163712501525879,0.0014660050154338133,3,60mm,0.9072975
SubNetW8CleanAuxExDnRcK6Rr01QdEma,minbias,0,test,34.45979,33.4617805480957,-0.02896154471608614,1,30mm,1.9360448
SubNetW8CleanAuxExDnRcK6Rr01QdEma,minbias,0,test,21.413273,20.978384017944336,-0.020309312014673564,1,30mm,1.161695
SubNetW8CleanAuxExDnRcK6Rr01QdEma,minbias,0,test,7.470918,7.194828033447266,-0.036955316403205596,3,60mm,1.414939
SubNetW8CleanAuxExDnRcK6Rr01QdEma,minbias,0,test,88.07351,87.03762817382812,-0.011761550683036193,1,30mm,3.6346996
SubNetW8CleanAuxExDnRcK6Rr01QdEma,minbias,0,test,32.66265,31.906845092773438,-0.02313976191961098,3,60mm,3.6411438
SubNetW8CleanAuxExDnRcK6Rr01QdEma,minbias,0,test,39.568787,41.683929443359375,0.05345483151960151,1,30mm,2.4045072
SubNetW8CleanAuxExDnRcK6Rr01QdEma,minbias,0,test,13.041245,13.318385124206543,0.021251011993868696,2,40mm,1.3894104
SubNetW8CleanAuxExDnRcK6Rr01QdEma,minbias,0,test,30.154642,30.087549209594727,-0.002224960763054784,1,30mm,2.7738223
SubNetW8CleanAuxExDnRcK6Rr01QdEma,minbias,0,test,14.43167,15.595759391784668,0.0806621262572853,2,40mm,1.7875872
SubNetW8CleanAuxExDnRcK6Rr01QdEma,minbias,0,test,64.47981,62.353492736816406,-0.03297652084873004,2,40mm,4.872232
SubNetW8CleanAuxExDnRcK6Rr01QdEma,minbias,0,test,22.732613,22.495988845825195,-0.010408999972815192,3,60mm,4.431082
SubNetW8CleanAuxExDnRcK6Rr01QdEma,minbias,0,test,84.25213,82.97058868408203,-0.01521077198013776,1,30mm,4.4362206
SubNetW8CleanAuxExDnRcK6Rr01QdEma,minbias,0,test,20.653608,21.591552734375,0.04541310155600442,3,60mm,3.686451
SubNetW8CleanAuxExDnRcK6Rr01QdEma,minbias,0,test,4.9556136,4.682275295257568,-0.05515731031712234,2,40mm,0.6075515
SubNetW8CleanAuxExDnRcK6Rr01QdEma,minbias,0,test,14.801016,14.963988304138184,0.011010896269907366,3,60mm,2.194646
SubNetW8CleanAuxExDnRcK6Rr01QdEma,minbias,0,test,8.734822,8.45071792602539,-0.032525486877840404,2,40mm,0.85020614
SubNetW8CleanAuxExDnRcK6Rr01QdEma,minbias,0,test,78.33347,79.17240142822266,0.010709702868079152,0,15mm,2.8518891
SubNetW8CleanAuxExDnRcK6Rr01QdEma,minbias,0,test,10.499074,7.498800754547119,-0.28576550967896763,1,30mm,0.96292245
SubNetW8CleanAuxExDnRcK6Rr01QdEma,minbias,0,test,45.380924,28.802223205566406,-0.3653231242524485,1,30mm,3.2852283
SubNetW8CleanAuxExDnRcK6Rr01QdEma,minbias,0,test,15.554559,14.922524452209473,-0.040633380332734226,3,60mm,1.9675878
SubNetW8CleanAuxExDnRcK6Rr01QdEma,minbias,0,test,3.7955298,3.4501125812530518,-0.09100633520703971,3,60mm,0.7789964
SubNetW8CleanAuxExDnRcK6Rr01QdEma,minbias,0,test,39.843853,40.38258361816406,0.013521047308873602,2,40mm,3.6421142
SubNetW8CleanAuxExDnRcK6Rr01QdEma,minbias,0,test,19.603714,19.21392250061035,-0.019883553129833142,2,40mm,2.7358189
SubNetW8CleanAuxExDnRcK6Rr01QdEma,minbias,0,test,8.65889,8.776594161987305,0.013593473828526381,2,40mm,1.1623672
SubNetW8CleanAuxExDnRcK6Rr01QdEma,minbias,0,test,53.67515,54.07757568359375,0.007497395814640484,2,40mm,3.7498162
SubNetW8CleanAuxExDnRcK6Rr01QdEma,minbias,0,test,10.015166,9.673136711120605,-0.03415116253492423,3,60mm,2.05527
SubNetW8CleanAuxExDnRcK6Rr01QdEma,minbias,0,test,16.020584,15.656071662902832,-0.022752756149248765,2,40mm,2.2919388
SubNetW8CleanAuxExDnRcK6Rr01QdEma,minbias,0,test,8.457279,8.320201873779297,-0.016208206943990278,4,120mm,1.6803879
SubNetW8CleanAuxExDnRcK6Rr01QdEma,minbias,0,test,43.67369,43.31950759887695,-0.008109761061337761,3,60mm,4.9579196
SubNetW8CleanAuxExDnRcK6Rr01QdEma,minbias,0,test,25.040625,25.951040267944336,0.03635754551986481,2,40mm,3.6758883
SubNetW8CleanAuxExDnRcK6Rr01QdEma,minbias,0,test,6.179802,5.278184413909912,-0.1458974795030611,3,60mm,1.4407854
SubNetW8CleanAuxExDnRcK6Rr01QdEma,minbias,0,test,73.1541,68.16615295410156,-0.0681840889052604,0,15mm,2.390773
SubNetW8CleanAuxExDnRcK6Rr01QdEma,minbias,0,test,23.31668,24.170330047607422,0.036611091551369546,2,40mm,2.0698748
SubNetW8CleanAuxExDnRcK6Rr01QdEma,minbias,0,test,13.934085,14.357309341430664,0.030373322139899628,3,60mm,2.1994405
SubNetW8CleanAuxExDnRcK6Rr01QdEma,minbias,0,test,27.054077,26.697532653808594,-0.013178956083870652,3,60mm,4.817495
SubNetW8CleanAuxExDnRcK6Rr01QdEma,minbias,0,test,15.021053,14.460382461547852,-0.03732566824263739,2,40mm,1.8234808
SubNetW8CleanAuxExDnRcK6Rr01QdEma,minbias,0,test,21.366192,20.980615615844727,-0.018046091255894736,3,60mm,3.8738954
SubNetW8CleanAuxExDnRcK6Rr01QdEma,minbias,0,test,27.826933,27.486736297607422,-0.012225443983810869,2,40mm,3.242657
SubNetW8CleanAuxExDnRcK6Rr01QdEma,minbias,0,test,26.870409,27.330978393554688,0.01714039341607765,3,60mm,4.9831595
SubNetW8CleanAuxExDnRcK6Rr01QdEma,minbias,0,test,36.6368,35.39451599121094,-0.033908062552757356,2,40mm,3.164037
SubNetW8CleanAuxExDnRcK6Rr01QdEma,minbias,0,test,57.316246,54.9495735168457,-0.04129147806571798,1,30mm,4.150517
SubNetW8CleanAuxExDnRcK6Rr01QdEma,minbias,0,test,13.444462,13.272336959838867,-0.012802659187347576,3,60mm,2.959633
SubNetW8CleanAuxExDnRcK6Rr01QdEma,minbias,0,test,17.186161,18.00619125366211,0.04771456583198841,3,60mm,3.632403
SubNetW8CleanAuxExDnRcK6Rr01QdEma,minbias,0,test,19.50645,19.25138282775879,-0.013076075696895617,2,40mm,2.2607439
SubNetW8CleanAuxExDnRcK6Rr01QdEma,minbias,0,test,26.289768,26.894371032714844,0.022997647171490998,3,60mm,3.1965492
SubNetW8CleanAuxExDnRcK6Rr01QdEma,minbias,0,test,44.566257,44.3165283203125,-0.005603547855103308,1,30mm,3.116203
SubNetW8CleanAuxExDnRcK6Rr01QdEma,minbias,0,test,23.24197,22.651473999023438,-0.025406454859494332,3,60mm,4.508753
SubNetW8CleanAuxExDnRcK6Rr01QdEma,minbias,0,test,8.794078,9.47757625579834,0.07772257562660378,3,60mm,1.4006757
SubNetW8CleanAuxExDnRcK6Rr01QdEma,minbias,0,test,29.0628,29.57311248779297,0.017558977237205786,2,40mm,2.2991378
SubNetW8CleanAuxExDnRcK6Rr01QdEma,minbias,0,test,24.838232,24.371173858642578,-0.018804002676314213,2,40mm,3.317527
SubNetW8CleanAuxExDnRcK6Rr01QdEma,minbias,0,test,27.273441,26.579288482666016,-0.02545160414564851,3,60mm,4.4309587
SubNetW8CleanAuxExDnRcK6Rr01QdEma,minbias,0,test,32.444695,34.85703659057617,0.07435243596198182,2,40mm,4.0700727
SubNetW8CleanAuxExDnRcK6Rr01QdEma,minbias,0,test,50.34472,50.0791015625,-0.00527597285741932,1,30mm,2.6610332
SubNetW8CleanAuxExDnRcK6Rr01QdEma,minbias,0,test,15.111152,15.361416816711426,0.016561617969767628,2,40mm,1.2079358
SubNetW8CleanAuxExDnRcK6Rr01QdEma,minbias,0,test,13.997545,13.28893756866455,-0.05062371018477951,3,60mm,2.787949
SubNetW8CleanAuxExDnRcK6Rr01QdEma,minbias,0,test,14.728975,14.766497611999512,0.002547517069238392,3,60mm,2.5755365
SubNetW8CleanAuxExDnRcK6Rr01QdEma,minbias,0,test,48.298923,46.162139892578125,-0.04424081212055064,1,30mm,2.5113578
SubNetW8CleanAuxExDnRcK6Rr01QdEma,minbias,0,test,8.112174,7.6727447509765625,-0.05416911438215111,3,60mm,1.6144745
SubNetW8CleanAuxExDnRcK6Rr01QdEma,minbias,0,test,19.393705,18.824859619140625,-0.029331462869325753,2,40mm,3.8447323
SubNetW8CleanAuxExDnRcK6Rr01QdEma,minbias,0,test,14.906826,14.7581787109375,-0.00997176113528686,3,60mm,3.2171316
SubNetW8CleanAuxExDnRcK6Rr01QdEma,minbias,0,test,20.030552,19.770549774169922,-0.012980278196701556,2,40mm,3.596867
SubNetW8CleanAuxExDnRcK6Rr01QdEma,minbias,0,test,15.170172,14.817463874816895,-0.02325009030571168,3,60mm,2.1635633
SubNetW8CleanAuxExDnRcK6Rr01QdEma,minbias,0,test,25.710295,26.168367385864258,0.01781670211406139,2,40mm,1.8100222
SubNetW8CleanAuxExDnRcK6Rr01QdEma,minbias,0,test,2.930727,3.42753529548645,0.16951708215509464,4,120mm,0.65110683
SubNetW8CleanAuxExDnRcK6Rr01QdEma,minbias,0,test,41.998398,43.31527328491211,0.031355373678384035,0,15mm,1.2242814
SubNetW8CleanAuxExDnRcK6Rr01QdEma,minbias,0,test,25.021446,23.97161293029785,-0.04195733884292985,2,40mm,1.7439519
SubNetW8CleanAuxExDnRcK6Rr01QdEma,minbias,0,test,21.941107,20.09284019470215,-0.0842376193108525,1,30mm,2.2496648
SubNetW8CleanAuxExDnRcK6Rr01QdEma,minbias,0,test,27.575033,26.88239860534668,-0.02511817765732771,3,60mm,3.1774242
SubNetW8CleanAuxExDnRcK6Rr01QdEma,minbias,0,test,23.256754,25.844629287719727,0.11127414319921769,2,40mm,1.4723933
SubNetW8CleanAuxExDnRcK6Rr01QdEma,minbias,0,test,7.1310906,7.370433807373047,0.033563332511087784,2,40mm,0.6804657
SubNetW8CleanAuxExDnRcK6Rr01QdEma,minbias,0,test,50.723686,49.51955032348633,-0.023739124352951224,1,30mm,3.7032733
SubNetW8CleanAuxExDnRcK6Rr01QdEma,minbias,0,test,24.72041,23.716806411743164,-0.04059815376030795,1,30mm,1.5563908
SubNetW8CleanAuxExDnRcK6Rr01QdEma,minbias,0,test,19.357384,18.23835563659668,-0.057808849953748465,3,60mm,2.8004503
SubNetW8CleanAuxExDnRcK6Rr01QdEma,minbias,0,test,45.962704,46.387794494628906,0.009248602791619875,2,40mm,4.30728
SubNetW8CleanAuxExDnRcK6Rr01QdEma,minbias,0,test,40.41232,41.122291564941406,0.017568216720517116,0,15mm,1.4061221
SubNetW8CleanAuxExDnRcK6Rr01QdEma,minbias,0,test,67.63851,71.1266098022461,0.05156970576441422,2,40mm,3.8506126
SubNetW8CleanAuxExDnRcK6Rr01QdEma,minbias,0,test,27.613667,28.77972412109375,0.04222755370846132,3,60mm,4.161912
SubNetW8CleanAuxExDnRcK6Rr01QdEma,minbias,0,test,11.59715,11.051081657409668,-0.04708641335511643,4,120mm,2.7618198
SubNetW8CleanAuxExDnRcK6Rr01QdEma,minbias,0,test,22.186813,24.023929595947266,0.08280216776074845,2,40mm,2.2225678
SubNetW8CleanAuxExDnRcK6Rr01QdEma,minbias,0,test,29.746592,28.53029441833496,-0.0408886223780649,2,40mm,3.2540965
SubNetW8CleanAuxExDnRcK6Rr01QdEma,minbias,0,test,36.951084,40.09476852416992,0.08507691886805402,0,15mm,2.103632
SubNetW8CleanAuxExDnRcK6Rr01QdEma,minbias,0,test,53.788094,54.200950622558594,0.007675621653156384,0,15mm,1.8142165
SubNetW8CleanAuxExDnRcK6Rr01QdEma,minbias,0,test,44.79073,39.85279083251953,-0.11024465872301614,1,30mm,1.823521
SubNetW8CleanAuxExDnRcK6Rr01QdEma,minbias,0,test,78.07146,76.52145385742188,-0.01985364578966331,1,30mm,3.462837
SubNetW8CleanAuxExDnRcK6Rr01QdEma,minbias,0,test,31.900494,50.204769134521484,0.5737928613170928,0,15mm,1.2068211
SubNetW8CleanAuxExDnRcK6Rr01QdEma,minbias,0,test,25.669687,25.166828155517578,-0.01958960817439992,3,60mm,4.426569
SubNetW8CleanAuxExDnRcK6Rr01QdEma,minbias,0,test,93.69336,89.84041595458984,-0.041122908241437495,1,30mm,4.6960516
SubNetW8CleanAuxExDnRcK6Rr01QdEma,minbias,0,test,15.0634575,14.961163520812988,-0.006790869113235787,3,60mm,3.0979953
SubNetW8CleanAuxExDnRcK6Rr01QdEma,minbias,0,test,33.90474,32.78765869140625,-0.03294762646485272,0,15mm,1.4421012
SubNetW8CleanAuxExDnRcK6Rr01QdEma,minbias,0,test,23.515488,22.96686553955078,-0.02333024681544682,3,60mm,4.983124
SubNetW8CleanAuxExDnRcK6Rr01QdEma,minbias,0,test,3.0687535,2.964001417160034,-0.03413505333772038,3,60mm,0.545479
SubNetW8CleanAuxExDnRcK6Rr01QdEma,minbias,0,test,52.391304,51.862857818603516,-0.010086524995583934,2,40mm,4.3646245
SubNetW8CleanAuxExDnRcK6Rr01QdEma,minbias,0,test,57.251907,51.621402740478516,-0.09834614895653349,0,15mm,1.8059933
SubNetW8CleanAuxExDnRcK6Rr01QdEma,minbias,0,test,30.927116,32.24701690673828,0.04267777492988478,3,60mm,4.452673
SubNetW8CleanAuxExDnRcK6Rr01QdEma,minbias,0,test,17.954124,17.212947845458984,-0.04128169030244133,2,40mm,2.1849437
SubNetW8CleanAuxExDnRcK6Rr01QdEma,minbias,0,test,12.763798,12.244794845581055,-0.04066210732786746,3,60mm,1.2726191
SubNetW8CleanAuxExDnRcK6Rr01QdEma,minbias,0,test,20.197458,19.798301696777344,-0.019762712968817042,3,60mm,3.7789285
SubNetW8CleanAuxExDnRcK6Rr01QdEma,minbias,0,test,10.372979,10.468867301940918,0.009244030697470818,3,60mm,1.8744055
SubNetW8CleanAuxExDnRcK6Rr01QdEma,minbias,0,test,13.302977,13.72215461730957,0.03151009141611305,3,60mm,2.1463058
SubNetW8CleanAuxExDnRcK6Rr01QdEma,minbias,0,test,25.915,25.512374877929688,-0.01553640838794712,3,60mm,4.2289863
SubNetW8CleanAuxExDnRcK6Rr01QdEma,minbias,0,test,72.57885,67.88524627685547,-0.06466902588075019,1,30mm,2.7202404
SubNetW8CleanAuxExDnRcK6Rr01QdEma,minbias,0,test,9.652635,9.56214427947998,-0.009374677975770629,3,60mm,2.1755998
SubNetW8CleanAuxExDnRcK6Rr01QdEma,minbias,0,test,5.850513,6.170093536376953,0.054624364731325814,3,60mm,1.4015243
SubNetW8CleanAuxExDnRcK6Rr01QdEma,minbias,0,test,33.825672,35.37583923339844,0.04582812358854782,3,60mm,4.6956854
SubNetW8CleanAuxExDnRcK6Rr01QdEma,minbias,0,test,10.49804,10.503213882446289,0.0004928237145500614,4,120mm,2.3422117
SubNetW8CleanAuxExDnRcK6Rr01QdEma,minbias,0,test,24.36759,23.930240631103516,-0.017947992408987923,2,40mm,2.284314
SubNetW8CleanAuxExDnRcK6Rr01QdEma,minbias,0,test,32.898987,32.29267501831055,-0.01842949758541934,0,15mm,0.7316536
SubNetW8CleanAuxExDnRcK6Rr01QdEma,minbias,0,test,9.57134,9.421380996704102,-0.01566746314395273,4,120mm,2.2981524
SubNetW8CleanAuxExDnRcK6Rr01QdEma,minbias,0,test,84.67165,91.57597351074219,0.08154228077047176,1,30mm,3.2883837
SubNetW8CleanAuxExDnRcK6Rr01QdEma,minbias,0,test,5.1456723,5.0094709396362305,-0.026469112912425263,3,60mm,0.939378
SubNetW8CleanAuxExDnRcK6Rr01QdEma,minbias,0,test,75.93147,77.65132904052734,0.02265011067582079,0,15mm,2.625502
SubNetW8CleanAuxExDnRcK6Rr01QdEma,minbias,0,test,29.074415,28.774131774902344,-0.010328098772403815,3,60mm,4.295228
SubNetW8CleanAuxExDnRcK6Rr01QdEma,minbias,0,test,15.547583,21.50147819519043,0.38294670701796285,0,15mm,0.6819233
SubNetW8CleanAuxExDnRcK6Rr01QdEma,minbias,0,test,48.233955,44.70750045776367,-0.07311146053674078,0,15mm,1.1697736
SubNetW8CleanAuxExDnRcK6Rr01QdEma,minbias,0,test,20.23031,20.520357131958008,0.014337233862715903,4,120mm,4.447107
SubNetW8CleanAuxExDnRcK6Rr01QdEma,minbias,0,test,8.504126,7.298812389373779,-0.14173276161566906,4,120mm,1.8808892
SubNetW8CleanAuxExDnRcK6Rr01QdEma,minbias,0,test,14.984464,14.572688102722168,-0.02748016862405489,4,120mm,3.3523018
SubNetW8CleanAuxExDnRcK6Rr01QdEma,minbias,0,test,23.859175,23.664836883544922,-0.0081452039754486,2,40mm,1.7879401
SubNetW8CleanAuxExDnRcK6Rr01QdEma,minbias,0,test,9.989317,10.111595153808594,0.0122408983749005,3,60mm,1.4978306
SubNetW8CleanAuxExDnRcK6Rr01QdEma,minbias,0,test,37.741432,36.895591735839844,-0.022411456190764012,3,60mm,4.4442706
SubNetW8CleanAuxExDnRcK6Rr01QdEma,minbias,0,test,46.656254,48.56365203857422,0.040881941174542025,2,40mm,4.6279716
SubNetW8CleanAuxExDnRcK6Rr01QdEma,minbias,0,test,29.155077,29.756792068481445,0.02063843248608821,0,15mm,1.3018708
SubNetW8CleanAuxExDnRcK6Rr01QdEma,minbias,0,test,36.801384,47.376285552978516,0.28735064933449506,1,30mm,2.2321813
SubNetW8CleanAuxExDnRcK6Rr01QdEma,minbias,0,test,20.7237,20.556636810302734,-0.008061435113818072,4,120mm,4.1827755
SubNetW8CleanAuxExDnRcK6Rr01QdEma,minbias,0,test,23.37839,22.81683921813965,-0.024020052526680824,3,60mm,4.3196244
SubNetW8CleanAuxExDnRcK6Rr01QdEma,minbias,0,test,22.514008,21.794448852539062,-0.031960490092024396,3,60mm,2.6440177
SubNetW8CleanAuxExDnRcK6Rr01QdEma,minbias,0,test,84.80442,84.36534881591797,-0.0051774618921262006,0,15mm,2.5653484
SubNetW8CleanAuxExDnRcK6Rr01QdEma,minbias,0,test,25.480505,25.64897918701172,0.006611886124560762,2,40mm,3.8761365
SubNetW8CleanAuxExDnRcK6Rr01QdEma,minbias,0,test,15.983647,16.114652633666992,0.008196207306783831,3,60mm,3.63659
SubNetW8CleanAuxExDnRcK6Rr01QdEma,minbias,0,test,45.08641,44.60371780395508,-0.010705946934174149,2,40mm,3.7776904
SubNetW8CleanAuxExDnRcK6Rr01QdEma,minbias,0,test,23.888536,23.407987594604492,-0.020116295511994786,3,60mm,3.7685258
SubNetW8CleanAuxExDnRcK6Rr01QdEma,minbias,0,test,59.952133,59.30746078491211,-0.01075311852335814,1,30mm,3.4509127
SubNetW8CleanAuxExDnRcK6Rr01QdEma,minbias,0,test,48.123802,49.23275375366211,0.023043723027932783,1,30mm,2.4363396
SubNetW8CleanAuxExDnRcK6Rr01QdEma,minbias,0,test,30.877943,31.283143997192383,0.013122666809150862,2,40mm,2.5737438
SubNetW8CleanAuxExDnRcK6Rr01QdEma,minbias,0,test,15.677206,15.741063117980957,0.0040732435608514805,4,120mm,3.4802568
SubNetW8CleanAuxExDnRcK6Rr01QdEma,minbias,0,test,4.3214836,3.6739180088043213,-0.14984798309751235,3,60mm,0.9929439
SubNetW8CleanAuxExDnRcK6Rr01QdEma,minbias,0,test,17.616705,17.124046325683594,-0.027965423543617973,3,60mm,4.0245194
SubNetW8CleanAuxExDnRcK6Rr01QdEma,minbias,0,test,12.66345,12.46624755859375,-0.015572587149689787,4,120mm,2.9972882
SubNetW8CleanAuxExDnRcK6Rr01QdEma,minbias,0,test,27.36189,29.8671932220459,0.09156174360048941,2,40mm,3.7157094
SubNetW8CleanAuxExDnRcK6Rr01QdEma,minbias,0,test,31.677366,32.871849060058594,0.03770776881084803,3,60mm,4.2804656
SubNetW8CleanAuxExDnRcK6Rr01QdEma,minbias,0,test,42.04551,41.91646957397461,-0.0030690498565684177,2,40mm,4.144057
SubNetW8CleanAuxExDnRcK6Rr01QdEma,minbias,0,test,9.041928,8.699831008911133,-0.03783454937792874,3,60mm,1.5053362
SubNetW8CleanAuxExDnRcK6Rr01QdEma,minbias,0,test,9.611156,9.437727928161621,-0.018044502357008718,2,40mm,1.3199247
SubNetW8CleanAuxExDnRcK6Rr01QdEma,minbias,0,test,45.813133,44.45438766479492,-0.029658429338169867,1,30mm,2.8299763
SubNetW8CleanAuxExDnRcK6Rr01QdEma,minbias,0,test,50.801346,50.92368698120117,0.0024082266723175483,1,30mm,2.3422136
SubNetW8CleanAuxExDnRcK6Rr01QdEma,minbias,0,test,16.607052,17.38950538635254,0.047115739993141004,4,120mm,3.4219549
SubNetW8CleanAuxExDnRcK6Rr01QdEma,minbias,0,test,4.1715755,4.205176830291748,0.008054818534255492,4,120mm,0.8798456
SubNetW8CleanAuxExDnRcK6Rr01QdEma,minbias,0,test,47.849556,47.65484619140625,-0.0040692076214292605,1,30mm,2.567814
SubNetW8CleanAuxExDnRcK6Rr01QdEma,minbias,0,test,90.91484,82.47109985351562,-0.09287527514624816,0,15mm,2.0820749
SubNetW8CleanAuxExDnRcK6Rr01QdEma,minbias,0,test,20.896034,19.937931060791016,-0.04585095759770852,3,60mm,2.8438249
SubNetW8CleanAuxExDnRcK6Rr01QdEma,minbias,0,test,24.116692,23.680192947387695,-0.018099441225198243,3,60mm,3.2819014
SubNetW8CleanAuxExDnRcK6Rr01QdEma,minbias,0,test,66.744125,65.23451232910156,-0.02261791624096421,1,30mm,3.3918548
SubNetW8CleanAuxExDnRcK6Rr01QdEma,minbias,0,test,15.168304,15.212029457092285,0.002882656653957927,4,120mm,3.1479075
SubNetW8CleanAuxExDnRcK6Rr01QdEma,minbias,0,test,14.689065,14.997215270996094,0.02097821010879919,2,40mm,2.4870727
SubNetW8CleanAuxExDnRcK6Rr01QdEma,minbias,0,test,30.425137,30.636486053466797,0.006946541943865681,3,60mm,4.632854
SubNetW8CleanAuxExDnRcK6Rr01QdEma,minbias,0,test,6.705693,6.321781635284424,-0.057251524352412875,3,60mm,1.3416952
SubNetW8CleanAuxExDnRcK6Rr01QdEma,minbias,0,test,8.352085,8.130157470703125,-0.026571525529939244,3,60mm,1.4406765
SubNetW8CleanAuxExDnRcK6Rr01QdEma,minbias,0,test,24.661282,25.133621215820312,0.019153085312523688,3,60mm,3.945781
SubNetW8CleanAuxExDnRcK6Rr01QdEma,minbias,0,test,44.684315,46.25187301635742,0.03508072794947803,1,30mm,2.1280282
SubNetW8CleanAuxExDnRcK6Rr01QdEma,minbias,0,test,32.200413,31.117761611938477,-0.03362227517712346,1,30mm,1.4912084
SubNetW8CleanAuxExDnRcK6Rr01QdEma,minbias,0,test,10.576539,11.097662925720215,0.049271683691296086,3,60mm,1.9381503
SubNetW8CleanAuxExDnRcK6Rr01QdEma,minbias,0,test,27.898525,27.625417709350586,-0.009789317763440941,2,40mm,2.5816822
SubNetW8CleanAuxExDnRcK6Rr01QdEma,minbias,0,test,65.47845,28.209335327148438,-0.5691813621635275,0,15mm,1.6504612
SubNetW8CleanAuxExDnRcK6Rr01QdEma,minbias,0,test,40.41643,40.06892395019531,-0.008598173181971536,0,15mm,1.3567454
SubNetW8CleanAuxExDnRcK6Rr01QdEma,minbias,0,test,19.06327,18.605573654174805,-0.0240093594129015,3,60mm,3.4620728
SubNetW8CleanAuxExDnRcK6Rr01QdEma,minbias,0,test,16.762032,16.005937576293945,-0.045107538211761056,4,120mm,3.646064
SubNetW8CleanAuxExDnRcK6Rr01QdEma,minbias,0,test,6.076622,6.068480968475342,-0.0013397313161116475,2,40mm,0.7676397
SubNetW8CleanAuxExDnRcK6Rr01QdEma,minbias,0,test,53.056572,55.088348388671875,0.03829452889902574,1,30mm,4.625812
SubNetW8CleanAuxExDnRcK6Rr01QdEma,minbias,0,test,21.954834,23.37315559387207,0.06460179159206914,2,40mm,2.6902218
SubNetW8CleanAuxExDnRcK6Rr01QdEma,minbias,0,test,27.437025,26.516620635986328,-0.03354607257344733,3,60mm,3.7118785
SubNetW8CleanAuxExDnRcK6Rr01QdEma,minbias,0,test,27.089813,27.485530853271484,0.014607617167917697,0,15mm,1.3017668
SubNetW8CleanAuxExDnRcK6Rr01QdEma,minbias,0,test,44.88652,45.72983932495117,0.01878779936519326,2,40mm,4.302747
SubNetW8CleanAuxExDnRcK6Rr01QdEma,minbias,0,test,73.02389,32.4168701171875,-0.5560785495351928,1,30mm,4.021948
SubNetW8CleanAuxExDnRcK6Rr01QdEma,minbias,0,test,20.558119,20.156997680664062,-0.019511568302271964,3,60mm,3.7276087
SubNetW8CleanAuxExDnRcK6Rr01QdEma,minbias,0,test,13.860419,14.254865646362305,0.028458473384243455,3,60mm,1.9699501
SubNetW8CleanAuxExDnRcK6Rr01QdEma,minbias,0,test,43.61673,43.330467224121094,-0.006563135611898141,0,15mm,1.5609671
SubNetW8CleanAuxExDnRcK6Rr01QdEma,minbias,0,test,58.32796,56.721435546875,-0.027542972435183666,0,15mm,1.7214756
SubNetW8CleanAuxExDnRcK6Rr01QdEma,minbias,0,test,5.340652,5.5927734375,0.04720799052942026,3,60mm,0.6850676
SubNetW8CleanAuxExDnRcK6Rr01QdEma,minbias,0,test,9.257825,8.925108909606934,-0.035938894052690795,3,60mm,1.7853774
SubNetW8CleanAuxExDnRcK6Rr01QdEma,minbias,0,test,18.312057,17.684162139892578,-0.03428862952139777,3,60mm,3.9917235
SubNetW8CleanAuxExDnRcK6Rr01QdEma,minbias,0,test,37.72353,38.158870697021484,0.011540300800981118,0,15mm,1.9155385
SubNetW8CleanAuxExDnRcK6Rr01QdEma,minbias,0,test,23.48505,22.97274398803711,-0.021814141719314617,3,60mm,3.2718012
SubNetW8CleanAuxExDnRcK6Rr01QdEma,minbias,0,test,50.885574,52.05046844482422,0.022892423227881986,0,15mm,1.3801255
SubNetW8CleanAuxExDnRcK6Rr01QdEma,minbias,0,test,23.590271,23.148456573486328,-0.018728670928815583,1,30mm,0.90393907
SubNetW8CleanAuxExDnRcK6Rr01QdEma,minbias,0,test,19.576982,17.749897003173828,-0.0933282488844237,1,30mm,1.7439624
SubNetW8CleanAuxExDnRcK6Rr01QdEma,minbias,0,test,16.421154,16.01765251159668,-0.024572055659072722,2,40mm,1.6522772
SubNetW8CleanAuxExDnRcK6Rr01QdEma,minbias,0,test,49.819843,52.70817184448242,0.05797546442094492,1,30mm,2.6058502
SubNetW8CleanAuxExDnRcK6Rr01QdEma,minbias,0,test,20.040188,20.92482566833496,0.04414319066740391,4,120mm,4.5564537
SubNetW8CleanAuxExDnRcK6Rr01QdEma,minbias,0,test,96.176285,89.25590515136719,-0.07195515665613039,1,30mm,3.8678422
SubNetW8CleanAuxExDnRcK6Rr01QdEma,minbias,0,test,83.090744,82.41798400878906,-0.00809669016341208,1,30mm,3.2431757
SubNetW8CleanAuxExDnRcK6Rr01QdEma,minbias,0,test,46.018566,45.473045349121094,-0.011854362887160907,1,30mm,1.9118099
SubNetW8CleanAuxExDnRcK6Rr01QdEma,minbias,0,test,14.588041,14.0374116897583,-0.03774527397139382,3,60mm,3.4515762
SubNetW8CleanAuxExDnRcK6Rr01QdEma,minbias,0,test,52.897175,53.258480072021484,0.0068303314485511635,2,40mm,3.8551543
SubNetW8CleanAuxExDnRcK6Rr01QdEma,minbias,0,test,37.072887,37.0238151550293,-0.001323669911873715,2,40mm,3.9528122
SubNetW8CleanAuxExDnRcK6Rr01QdEma,minbias,0,test,25.01299,27.133390426635742,0.0847719282834214,1,30mm,1.5897118
SubNetW8CleanAuxExDnRcK6Rr01QdEma,minbias,0,test,58.226974,67.26551818847656,0.15522949252914664,0,15mm,1.4129089
SubNetW8CleanAuxExDnRcK6Rr01QdEma,minbias,0,test,18.870749,19.418733596801758,0.029038862784191988,3,60mm,4.261941
SubNetW8CleanAuxExDnRcK6Rr01QdEma,minbias,0,test,15.409306,14.581304550170898,-0.05373383105699603,2,40mm,2.8622906
SubNetW8CleanAuxExDnRcK6Rr01QdEma,minbias,0,test,29.68155,34.72492599487305,0.16991623012425383,2,40mm,2.2571726
SubNetW8CleanAuxExDnRcK6Rr01QdEma,minbias,0,test,31.508047,31.82738494873047,0.010135120205824855,0,15mm,0.7264828
SubNetW8CleanAuxExDnRcK6Rr01QdEma,minbias,0,test,94.18241,90.18138122558594,-0.042481710943105266,0,15mm,3.3295403
SubNetW8CleanAuxExDnRcK6Rr01QdEma,minbias,0,test,10.228587,10.62376594543457,0.03863473899605707,3,60mm,1.5349518
SubNetW8CleanAuxExDnRcK6Rr01QdEma,minbias,0,test,31.525408,32.56767272949219,0.03306110884464086,3,60mm,4.6228485
SubNetW8CleanAuxExDnRcK6Rr01QdEma,minbias,0,test,8.280029,8.909448623657227,0.07601655793896511,3,60mm,1.3680012
SubNetW8CleanAuxExDnRcK6Rr01QdEma,minbias,0,test,39.642437,40.85508346557617,0.030589604896138267,1,30mm,3.4284875
SubNetW8CleanAuxExDnRcK6Rr01QdEma,minbias,0,test,84.06327,87.57186889648438,0.04173759007821598,0,15mm,3.9170432
SubNetW8CleanAuxExDnRcK6Rr01QdEma,minbias,0,test,44.159546,42.66980743408203,-0.03373536647731201,2,40mm,3.798758
SubNetW8CleanAuxExDnRcK6Rr01QdEma,minbias,0,test,8.046287,7.591795444488525,-0.05648458251803956,3,60mm,1.1428332
SubNetW8CleanAuxExDnRcK6Rr01QdEma,minbias,0,test,78.80675,74.31944274902344,-0.05694061528315697,0,15mm,2.6441188
SubNetW8CleanAuxExDnRcK6Rr01QdEma,minbias,0,test,17.07022,17.021894454956055,-0.0028310408200844517,3,60mm,2.4706793
SubNetW8CleanAuxExDnRcK6Rr01QdEma,minbias,0,test,40.34007,40.14603805541992,-0.004809876814992342,2,40mm,3.5890357
SubNetW8CleanAuxExDnRcK6Rr01QdEma,minbias,0,test,49.362686,52.23647689819336,0.05821787598457262,1,30mm,4.2912326
SubNetW8CleanAuxExDnRcK6Rr01QdEma,minbias,0,test,36.68871,35.9561767578125,-0.019966156237571808,2,40mm,4.216751
SubNetW8CleanAuxExDnRcK6Rr01QdEma,minbias,0,test,16.111408,15.795823097229004,-0.01958768171205505,3,60mm,2.992369
SubNetW8CleanAuxExDnRcK6Rr01QdEma,minbias,0,test,16.50266,15.488365173339844,-0.061462547966418035,2,40mm,2.0778441
SubNetW8CleanAuxExDnRcK6Rr01QdEma,minbias,0,test,12.759125,12.866443634033203,0.00841114733395365,3,60mm,1.6328881
SubNetW8CleanAuxExDnRcK6Rr01QdEma,minbias,0,test,60.063004,57.75949478149414,-0.03835154126132512,2,40mm,3.6777472
SubNetW8CleanAuxExDnRcK6Rr01QdEma,minbias,0,test,20.37625,20.375972747802734,-1.3572937173300659e-05,3,60mm,3.0880616
SubNetW8CleanAuxExDnRcK6Rr01QdEma,minbias,0,test,8.244665,8.040780067443848,-0.024729334038776418,2,40mm,1.1978112
SubNetW8CleanAuxExDnRcK6Rr01QdEma,minbias,0,test,34.092255,34.375667572021484,0.008313117931136427,3,60mm,3.890036
SubNetW8CleanAuxExDnRcK6Rr01QdEma,minbias,0,test,12.574324,12.618685722351074,0.0035279884148313734,2,40mm,1.8297716
SubNetW8CleanAuxExDnRcK6Rr01QdEma,minbias,0,test,51.421482,50.38965606689453,-0.020066049779696837,1,30mm,3.8150177
SubNetW8CleanAuxExDnRcK6Rr01QdEma,minbias,0,test,17.891857,17.822065353393555,-0.0039007573808009788,0,15mm,0.7951551
SubNetW8CleanAuxExDnRcK6Rr01QdEma,minbias,0,test,58.52437,64.59737396240234,0.1037688377357251,0,15mm,2.154671
SubNetW8CleanAuxExDnRcK6Rr01QdEma,minbias,0,test,17.261454,16.6345272064209,-0.03631944537293097,3,60mm,3.2747338
SubNetW8CleanAuxExDnRcK6Rr01QdEma,minbias,0,test,7.657952,7.52822208404541,-0.01694052804474555,3,60mm,1.1231589
SubNetW8CleanAuxExDnRcK6Rr01QdEma,minbias,0,test,40.340595,38.498619079589844,-0.04566060948203998,2,40mm,4.8763213
SubNetW8CleanAuxExDnRcK6Rr01QdEma,minbias,0,test,64.22294,63.90403747558594,-0.00496553208671735,1,30mm,2.4979985
SubNetW8CleanAuxExDnRcK6Rr01QdEma,minbias,0,test,25.730963,26.029956817626953,0.011620010770594158,2,40mm,2.6022232
SubNetW8CleanAuxExDnRcK6Rr01QdEma,minbias,0,test,61.17228,61.3540153503418,0.0029708880286825057,2,40mm,4.776809
SubNetW8CleanAuxExDnRcK6Rr01QdEma,minbias,0,test,31.934708,33.64820098876953,0.05365614635957372,2,40mm,2.216369
SubNetW8CleanAuxExDnRcK6Rr01QdEma,minbias,0,test,39.64887,40.404415130615234,0.019055942760782374,2,40mm,3.3807385
SubNetW8CleanAuxExDnRcK6Rr01QdEma,minbias,0,test,24.769348,24.816463470458984,0.0019021625297852562,3,60mm,3.2305636
SubNetW8CleanAuxExDnRcK6Rr01QdEma,minbias,0,test,52.948086,51.30269241333008,-0.03107559692084083,0,15mm,2.3802476
SubNetW8CleanAuxExDnRcK6Rr01QdEma,minbias,0,test,9.826365,10.434083938598633,0.06184570170048764,3,60mm,1.4462554
SubNetW8CleanAuxExDnRcK6Rr01QdEma,minbias,0,test,19.286726,18.5530948638916,-0.03803813742737572,3,60mm,4.506497
SubNetW8CleanAuxExDnRcK6Rr01QdEma,minbias,0,test,34.635822,35.032447814941406,0.011451309439331592,2,40mm,3.7943633
SubNetW8CleanAuxExDnRcK6Rr01QdEma,minbias,0,test,33.40893,35.12992858886719,0.05151307651755532,1,30mm,1.9161675
SubNetW8CleanAuxExDnRcK6Rr01QdEma,minbias,0,test,5.02362,4.887326717376709,-0.02713051699074398,3,60mm,0.81052065
SubNetW8CleanAuxExDnRcK6Rr01QdEma,minbias,0,test,13.887937,13.271501541137695,-0.044386367037052676,3,60mm,3.1748402
SubNetW8CleanAuxExDnRcK6Rr01QdEma,minbias,0,test,24.120024,28.91932487487793,0.19897580540128645,3,60mm,2.9506238
SubNetW8CleanAuxExDnRcK6Rr01QdEma,minbias,0,test,20.16128,19.72412109375,-0.021683077243567994,3,60mm,3.8893855
SubNetW8CleanAuxExDnRcK6Rr01QdEma,minbias,0,test,79.06237,93.87194061279297,0.18731503060495935,0,15mm,1.8069342
SubNetW8CleanAuxExDnRcK6Rr01QdEma,minbias,0,test,16.395033,16.98929214477539,0.03624629888436326,2,40mm,1.5250633
SubNetW8CleanAuxExDnRcK6Rr01QdEma,minbias,0,test,42.57884,41.89262390136719,-0.01611632617608627,3,60mm,4.982581
SubNetW8CleanAuxExDnRcK6Rr01QdEma,minbias,0,test,4.6765146,4.58872127532959,-0.018773244018116197,3,60mm,0.7421067
SubNetW8CleanAuxExDnRcK6Rr01QdEma,minbias,0,test,15.134884,15.45932388305664,0.0214365703100603,4,120mm,3.0952423
SubNetW8CleanAuxExDnRcK6Rr01QdEma,minbias,0,test,26.379576,26.216598510742188,-0.006178159205436962,3,60mm,4.2360783
SubNetW8CleanAuxExDnRcK6Rr01QdEma,minbias,0,test,16.935759,16.610397338867188,-0.01921149561081692,3,60mm,3.8436613
SubNetW8CleanAuxExDnRcK6Rr01QdEma,minbias,0,test,12.097116,12.056918144226074,-0.0033229676021893084,4,120mm,2.4824612
SubNetW8CleanAuxExDnRcK6Rr01QdEma,minbias,0,test,8.774208,9.524386405944824,0.08549812486902786,3,60mm,1.2939695
SubNetW8CleanAuxExDnRcK6Rr01QdEma,minbias,0,test,13.705618,17.346176147460938,0.26562525441185825,2,40mm,1.7434123
SubNetW8CleanAuxExDnRcK6Rr01QdEma,minbias,0,test,31.703182,37.26244354248047,0.1753534166811157,3,60mm,3.4464521
SubNetW8CleanAuxExDnRcK6Rr01QdEma,minbias,0,test,9.944307,12.001243591308594,0.20684560486151726,3,60mm,1.2871159
SubNetW8CleanAuxExDnRcK6Rr01QdEma,minbias,0,test,22.672476,22.356613159179688,-0.01393154670092056,0,15mm,1.2637593
SubNetW8CleanAuxExDnRcK6Rr01QdEma,minbias,0,test,36.481743,37.720237731933594,0.03394834720033635,1,30mm,1.7769699
SubNetW8CleanAuxExDnRcK6Rr01QdEma,minbias,0,test,3.0471022,2.9343321323394775,-0.03700895890159939,4,120mm,0.66797817
SubNetW8CleanAuxExDnRcK6Rr01QdEma,minbias,0,test,62.762978,61.366302490234375,-0.022253168400683254,0,15mm,2.0013528
SubNetW8CleanAuxExDnRcK6Rr01QdEma,minbias,0,test,11.754979,11.141349792480469,-0.0522016529464695,4,120mm,2.5312235
SubNetW8CleanAuxExDnRcK6Rr01QdEma,minbias,0,test,7.493701,7.279193878173828,-0.028624988307669574,4,120mm,1.7140625
SubNetW8CleanAuxExDnRcK6Rr01QdEma,minbias,0,test,31.553041,30.938682556152344,-0.019470671402399664,3,60mm,4.6723304
SubNetW8CleanAuxExDnRcK6Rr01QdEma,minbias,0,test,13.506686,13.365985870361328,-0.010417088105610817,4,120mm,3.2587707
SubNetW8CleanAuxExDnRcK6Rr01QdEma,minbias,0,test,52.487656,52.506893157958984,0.0003665150991429833,1,30mm,3.0373619
SubNetW8CleanAuxExDnRcK6Rr01QdEma,minbias,0,test,10.099933,10.13468074798584,0.0034404266370755554,2,40mm,1.0109696
SubNetW8CleanAuxExDnRcK6Rr01QdEma,minbias,0,test,73.87669,72.28246307373047,-0.021579615592668744,1,30mm,3.618848
SubNetW8CleanAuxExDnRcK6Rr01QdEma,minbias,0,test,38.228203,38.57733154296875,0.009132752716365822,3,60mm,4.5082684
SubNetW8CleanAuxExDnRcK6Rr01QdEma,minbias,0,test,19.846235,19.069562911987305,-0.039134493394276326,3,60mm,4.27288
SubNetW8CleanAuxExDnRcK6Rr01QdEma,minbias,0,test,38.477623,36.116920471191406,-0.061352607865543085,1,30mm,2.4950218
SubNetW8CleanAuxExDnRcK6Rr01QdEma,minbias,0,test,2.8999207,5.408204555511475,0.8649491180285631,3,60mm,0.5494334
SubNetW8CleanAuxExDnRcK6Rr01QdEma,minbias,0,test,20.971016,20.376766204833984,-0.02833671612860278,3,60mm,4.241232
SubNetW8CleanAuxExDnRcK6Rr01QdEma,minbias,0,test,89.29327,77.36998748779297,-0.13352942840076432,0,15mm,2.4972186
SubNetW8CleanAuxExDnRcK6Rr01QdEma,minbias,0,test,22.840828,21.980871200561523,-0.03764998114432094,3,60mm,4.158841
SubNetW8CleanAuxExDnRcK6Rr01QdEma,minbias,0,test,33.81305,33.77347946166992,-0.001170253956277456,3,60mm,4.6956825
SubNetW8CleanAuxExDnRcK6Rr01QdEma,minbias,0,test,74.364815,72.05433654785156,-0.03106950804568931,0,15mm,2.3195856
SubNetW8CleanAuxExDnRcK6Rr01QdEma,minbias,0,test,21.96507,21.153764724731445,-0.03693618882143601,3,60mm,3.4173179
SubNetW8CleanAuxExDnRcK6Rr01QdEma,minbias,0,test,8.405161,8.321191787719727,-0.00999018545518493,3,60mm,1.8593545
SubNetW8CleanAuxExDnRcK6Rr01QdEma,minbias,0,test,50.80538,52.48707962036133,0.033100781584712635,1,30mm,2.1254656
SubNetW8CleanAuxExDnRcK6Rr01QdEma,minbias,0,test,43.58648,42.23795700073242,-0.030939002448289954,1,30mm,2.1727443
SubNetW8CleanAuxExDnRcK6Rr01QdEma,minbias,0,test,36.91408,36.1909294128418,-0.01959014364761924,2,40mm,3.166828
SubNetW8CleanAuxExDnRcK6Rr01QdEma,minbias,0,test,14.745371,15.358582496643066,0.04158672151379528,3,60mm,3.0566003
SubNetW8CleanAuxExDnRcK6Rr01QdEma,minbias,0,test,31.22025,29.685108184814453,-0.049171324115817816,2,40mm,3.3114824
SubNetW8CleanAuxExDnRcK6Rr01QdEma,minbias,0,test,89.84323,90.53964233398438,0.007751403455794392,1,30mm,4.2851734
SubNetW8CleanAuxExDnRcK6Rr01QdEma,minbias,0,test,19.478765,19.1641902923584,-0.016149647446169535,1,30mm,1.0205258
SubNetW8CleanAuxExDnRcK6Rr01QdEma,minbias,0,test,33.130207,23.65291976928711,-0.28606181889570215,1,30mm,2.239199
SubNetW8CleanAuxExDnRcK6Rr01QdEma,minbias,0,test,18.495182,18.914026260375977,0.02264612601144167,2,40mm,1.3382032
SubNetW8CleanAuxExDnRcK6Rr01QdEma,minbias,0,test,11.88246,14.198637008666992,0.1949240677636359,1,30mm,0.679318
SubNetW8CleanAuxExDnRcK6Rr01QdEma,minbias,0,test,41.981598,42.90388488769531,0.021968839525665196,1,30mm,2.5137205
SubNetW8CleanAuxExDnRcK6Rr01QdEma,minbias,0,test,6.367572,5.851570129394531,-0.08103586658624995,3,60mm,1.2125108
SubNetW8CleanAuxExDnRcK6Rr01QdEma,minbias,0,test,5.0479198,5.19806432723999,0.029743851815396516,3,60mm,0.9702288
SubNetW8CleanAuxExDnRcK6Rr01QdEma,minbias,0,test,34.90288,20.888751983642578,-0.4015178399972633,1,30mm,2.5739048
SubNetW8CleanAuxExDnRcK6Rr01QdEma,minbias,0,test,79.08056,85.53485870361328,0.08161677189168759,1,30mm,3.84916
SubNetW8CleanAuxExDnRcK6Rr01QdEma,minbias,0,test,7.4842477,6.717098236083984,-0.10250187871063265,2,40mm,0.7507329
SubNetW8CleanAuxExDnRcK6Rr01QdEma,minbias,0,test,55.673378,55.55426025390625,-0.002139581629773901,2,40mm,3.9095767
SubNetW8CleanAuxExDnRcK6Rr01QdEma,minbias,0,test,97.04208,99.29776763916016,0.023244388537285277,0,15mm,3.2935462
SubNetW8CleanAuxExDnRcK6Rr01QdEma,minbias,0,test,45.275223,46.05137252807617,0.01714292502890813,2,40mm,2.9055567
SubNetW8CleanAuxExDnRcK6Rr01QdEma,minbias,0,test,78.6752,79.51287078857422,0.010647184341215699,0,15mm,2.5558422
SubNetW8CleanAuxExDnRcK6Rr01QdEma,minbias,0,test,22.618591,21.710018157958984,-0.04016930755053527,3,60mm,4.0379195
SubNetW8CleanAuxExDnRcK6Rr01QdEma,minbias,0,test,21.640244,21.324337005615234,-0.014598103954619024,4,120mm,4.899008
SubNetW8CleanAuxExDnRcK6Rr01QdEma,minbias,0,test,11.8849125,11.730167388916016,-0.013020297965838257,2,40mm,1.3338677
SubNetW8CleanAuxExDnRcK6Rr01QdEma,minbias,0,test,14.372803,14.364773750305176,-0.0005586234096583986,3,60mm,2.8917606
SubNetW8CleanAuxExDnRcK6Rr01QdEma,minbias,0,test,58.42162,61.68311309814453,0.05582682773097036,0,15mm,1.878696
SubNetW8CleanAuxExDnRcK6Rr01QdEma,minbias,0,test,7.457741,6.471723556518555,-0.13221393123894498,3,60mm,1.5054765
SubNetW8CleanAuxExDnRcK6Rr01QdEma,minbias,0,test,24.165972,23.20791244506836,-0.03964497354326135,2,40mm,1.9678217
SubNetW8CleanAuxExDnRcK6Rr01QdEma,minbias,0,test,16.733034,16.649473190307617,-0.004993771179500062,2,40mm,2.7541435
SubNetW8CleanAuxExDnRcK6Rr01QdEma,minbias,0,test,64.24625,64.29731750488281,0.0007949284184416427,1,30mm,3.0538628
SubNetW8CleanAuxExDnRcK6Rr01QdEma,minbias,0,test,29.222813,30.370145797729492,0.03926155770088058,0,15mm,1.0697529
SubNetW8CleanAuxExDnRcK6Rr01QdEma,minbias,0,test,19.06878,18.830060958862305,-0.012518888409770668,2,40mm,1.9440243
SubNetW8CleanAuxExDnRcK6Rr01QdEma,minbias,0,test,61.810387,61.006858825683594,-0.012999883603396878,0,15mm,1.9604282
SubNetW8CleanAuxExDnRcK6Rr01QdEma,minbias,0,test,7.459062,7.055669784545898,-0.05408083610676284,3,60mm,1.4349668
SubNetW8CleanAuxExDnRcK6Rr01QdEma,minbias,0,test,12.417908,14.705978393554688,0.18425573222579938,3,60mm,2.7092686
SubNetW8CleanAuxExDnRcK6Rr01QdEma,minbias,0,test,7.884487,7.939953804016113,0.007034909290420055,3,60mm,1.6940843
SubNetW8CleanAuxExDnRcK6Rr01QdEma,minbias,0,test,17.347847,16.097339630126953,-0.07208429702126429,4,120mm,3.799803
SubNetW8CleanAuxExDnRcK6Rr01QdEma,minbias,0,test,7.1885095,7.066904067993164,-0.0169166357609023,3,60mm,1.5262544
SubNetW8CleanAuxExDnRcK6Rr01QdEma,minbias,0,test,10.751902,11.077788352966309,0.03030968266799916,2,40mm,1.5104948
SubNetW8CleanAuxExDnRcK6Rr01QdEma,minbias,0,test,78.45814,79.71418762207031,0.016009175717023094,1,30mm,4.8277435
SubNetW8CleanAuxExDnRcK6Rr01QdEma,minbias,0,test,29.458555,31.45442008972168,0.06775162098593013,2,40mm,2.792803
SubNetW8CleanAuxExDnRcK6Rr01QdEma,minbias,0,test,33.79603,35.60868835449219,0.05363530323522081,1,30mm,2.5660338
SubNetW8CleanAuxExDnRcK6Rr01QdEma,minbias,0,test,19.438484,19.100704193115234,-0.017376869278734386,2,40mm,2.8538773
SubNetW8CleanAuxExDnRcK6Rr01QdEma,minbias,0,test,23.633413,23.742597579956055,0.0046199109575193464,2,40mm,2.1197567
SubNetW8CleanAuxExDnRcK6Rr01QdEma,minbias,0,test,29.11309,27.607620239257812,-0.051711111710938784,2,40mm,1.8890978
SubNetW8CleanAuxExDnRcK6Rr01QdEma,minbias,0,test,3.233943,3.3993797302246094,0.05115635786714079,3,60mm,0.6550714
SubNetW8CleanAuxExDnRcK6Rr01QdEma,minbias,0,test,86.41895,87.17889404296875,0.008793685588682987,1,30mm,4.0644007
SubNetW8CleanAuxExDnRcK6Rr01QdEma,minbias,0,test,46.773182,45.872493743896484,-0.01925650842010429,2,40mm,3.9427695
SubNetW8CleanAuxExDnRcK6Rr01QdEma,minbias,0,test,18.004879,16.94245719909668,-0.05900743897449745,4,120mm,4.2622943
SubNetW8CleanAuxExDnRcK6Rr01QdEma,minbias,0,test,24.522182,23.784683227539062,-0.030074779768285542,3,60mm,2.9525564
SubNetW8CleanAuxExDnRcK6Rr01QdEma,minbias,0,test,17.952423,18.295408248901367,0.0191052289359388,3,60mm,2.8275697
SubNetW8CleanAuxExDnRcK6Rr01QdEma,minbias,0,test,4.0129914,4.408892631530762,0.09865488382461063,3,60mm,0.5818725
SubNetW8CleanAuxExDnRcK6Rr01QdEma,minbias,0,test,49.06017,49.36827087402344,0.006280077279621654,2,40mm,4.7274156
SubNetW8CleanAuxExDnRcK6Rr01QdEma,minbias,0,test,13.604283,14.06972599029541,0.034212949413342075,2,40mm,1.0271871
SubNetW8CleanAuxExDnRcK6Rr01QdEma,minbias,0,test,14.685426,14.443323135375977,-0.016485911063762515,2,40mm,1.6774522
SubNetW8CleanAuxExDnRcK6Rr01QdEma,minbias,0,test,14.114976,14.630544662475586,0.036526362906971865,3,60mm,3.1387858
SubNetW8CleanAuxExDnRcK6Rr01QdEma,minbias,0,test,12.408079,12.362842559814453,-0.003645736538851474,2,40mm,1.4217495
SubNetW8CleanAuxExDnRcK6Rr01QdEma,minbias,0,test,13.72707,13.269899368286133,-0.03330430246863314,4,120mm,3.2321112
SubNetW8CleanAuxExDnRcK6Rr01QdEma,minbias,0,test,24.411388,23.747907638549805,-0.027179148841146472,3,60mm,4.048916
SubNetW8CleanAuxExDnRcK6Rr01QdEma,minbias,0,test,33.44327,33.65443420410156,0.006314052328100672,2,40mm,2.7852988
SubNetW8CleanAuxExDnRcK6Rr01QdEma,minbias,0,test,10.386716,10.360876083374023,-0.002487774372499252,1,30mm,0.9085661
SubNetW8CleanAuxExDnRcK6Rr01QdEma,minbias,0,test,47.767952,53.61703872680664,0.12244792838762764,0,15mm,1.3957977
SubNetW8CleanAuxExDnRcK6Rr01QdEma,minbias,0,test,86.169556,79.98017120361328,-0.07182797233606408,1,30mm,3.873182
SubNetW8CleanAuxExDnRcK6Rr01QdEma,minbias,0,test,30.709064,29.724016189575195,-0.03207679265488783,2,40mm,3.674538
SubNetW8CleanAuxExDnRcK6Rr01QdEma,minbias,0,test,3.3807085,1.7744712829589844,-0.47511851257419135,4,120mm,0.81475425
SubNetW8CleanAuxExDnRcK6Rr01QdEma,minbias,0,test,18.897423,19.220748901367188,0.01710953469284271,3,60mm,3.9167573
SubNetW8CleanAuxExDnRcK6Rr01QdEma,minbias,0,test,38.401688,37.2591667175293,-0.0297518410072265,2,40mm,2.8610084
SubNetW8CleanAuxExDnRcK6Rr01QdEma,minbias,0,test,45.937584,45.30622863769531,-0.013743763422519817,0,15mm,1.6596957
SubNetW8CleanAuxExDnRcK6Rr01QdEma,minbias,0,test,19.41557,19.505571365356445,0.004635561209703987,3,60mm,2.5653028
SubNetW8CleanAuxExDnRcK6Rr01QdEma,minbias,0,test,13.178226,12.779672622680664,-0.030243360071649517,2,40mm,1.8247449
SubNetW8CleanAuxExDnRcK6Rr01QdEma,minbias,0,test,41.36071,42.05143356323242,0.016699989356660838,2,40mm,3.8112493
SubNetW8CleanAuxExDnRcK6Rr01QdEma,minbias,0,test,83.19096,83.31053161621094,0.0014372699354714413,1,30mm,3.8445938
SubNetW8CleanAuxExDnRcK6Rr01QdEma,minbias,0,test,73.644135,74.1283187866211,0.006574648046077103,1,30mm,3.583872
SubNetW8CleanAuxExDnRcK6Rr01QdEma,minbias,0,test,80.22262,79.90457916259766,-0.003964454762885428,2,40mm,4.861474
SubNetW8CleanAuxExDnRcK6Rr01QdEma,minbias,0,test,8.088231,9.259078979492188,0.14475945113413613,4,120mm,1.673054
SubNetW8CleanAuxExDnRcK6Rr01QdEma,minbias,0,test,13.51173,13.794946670532227,0.020960785359988243,1,30mm,0.6938282
SubNetW8CleanAuxExDnRcK6Rr01QdEma,minbias,0,test,19.424227,19.974939346313477,0.02835184083408615,4,120mm,4.519092
SubNetW8CleanAuxExDnRcK6Rr01QdEma,minbias,0,test,5.833225,5.503243923187256,-0.05656919852018605,2,40mm,0.9851202
SubNetW8CleanAuxExDnRcK6Rr01QdEma,minbias,0,test,22.782188,22.402179718017578,-0.016680078778154916,3,60mm,3.9240892
SubNetW8CleanAuxExDnRcK6Rr01QdEma,minbias,0,test,33.125504,36.52410888671875,0.10259784708092856,0,15mm,1.0209618
SubNetW8CleanAuxExDnRcK6Rr01QdEma,minbias,0,test,15.854219,15.89079761505127,0.002307157318714559,4,120mm,3.759112
SubNetW8CleanAuxExDnRcK6Rr01QdEma,minbias,0,test,42.39334,43.34614181518555,0.022475245564717916,2,40mm,3.315857
SubNetW8CleanAuxExDnRcK6Rr01QdEma,minbias,0,test,11.167143,10.412188529968262,-0.06760496816372352,3,60mm,2.0641906
SubNetW8CleanAuxExDnRcK6Rr01QdEma,minbias,0,test,22.691277,21.7706298828125,-0.040572713722824116,3,60mm,4.087619
SubNetW8CleanAuxExDnRcK6Rr01QdEma,minbias,0,test,19.197475,18.977937698364258,-0.011435760694032404,3,60mm,3.8939795
SubNetW8CleanAuxExDnRcK6Rr01QdEma,minbias,0,test,44.613655,46.55435562133789,0.04350014647032174,1,30mm,2.2714856
SubNetW8CleanAuxExDnRcK6Rr01QdEma,minbias,0,test,73.576256,72.14572143554688,-0.019442880685772046,1,30mm,4.8611374
SubNetW8CleanAuxExDnRcK6Rr01QdEma,minbias,0,test,12.482567,13.245466232299805,0.06111718919513609,3,60mm,2.4576204
SubNetW8CleanAuxExDnRcK6Rr01QdEma,minbias,0,test,60.37352,59.87196731567383,-0.008307492798812377,0,15mm,1.6437079
SubNetW8CleanAuxExDnRcK6Rr01QdEma,minbias,0,test,35.490402,38.08631134033203,0.07314397572723497,2,40mm,3.3327935
SubNetW8CleanAuxExDnRcK6Rr01QdEma,minbias,0,test,24.256733,25.83162498474121,0.06492597531247069,2,40mm,1.8719761
SubNetW8CleanAuxExDnRcK6Rr01QdEma,minbias,0,test,6.634695,7.266936302185059,0.09529318891438843,1,30mm,0.5046534
SubNetW8CleanAuxExDnRcK6Rr01QdEma,minbias,0,test,7.6554995,6.786449909210205,-0.11351964085884636,2,40mm,1.150393
SubNetW8CleanAuxExDnRcK6Rr01QdEma,minbias,0,test,57.80499,56.798789978027344,-0.017406782751480554,1,30mm,3.027283
SubNetW8CleanAuxExDnRcK6Rr01QdEma,minbias,0,test,21.040077,20.617725372314453,-0.020073682855500707,2,40mm,1.9354357
SubNetW8CleanAuxExDnRcK6Rr01QdEma,minbias,0,test,14.243292,14.859163284301758,0.04323940250043279,4,120mm,3.0196695
SubNetW8CleanAuxExDnRcK6Rr01QdEma,minbias,0,test,99.691444,100.79723358154297,0.011092117194801965,0,15mm,2.236949
SubNetW8CleanAuxExDnRcK6Rr01QdEma,minbias,0,test,28.750898,29.375240325927734,0.02171556369744998,3,60mm,4.733589
SubNetW8CleanAuxExDnRcK6Rr01QdEma,minbias,0,test,11.478343,11.595168113708496,0.010177871811158479,3,60mm,1.4991441
SubNetW8CleanAuxExDnRcK6Rr01QdEma,minbias,0,test,89.8619,88.73076629638672,-0.012587470652795307,0,15mm,3.3639789
SubNetW8CleanAuxExDnRcK6Rr01QdEma,minbias,0,test,12.567679,12.765694618225098,0.01575590899705559,2,40mm,1.0408666
SubNetW8CleanAuxExDnRcK6Rr01QdEma,minbias,0,test,95.61614,84.71990203857422,-0.11395816621915378,0,15mm,3.5175548
SubNetW8CleanAuxExDnRcK6Rr01QdEma,minbias,0,test,12.57542,13.59814167022705,0.0813270061527569,3,60mm,1.5180072
SubNetW8CleanAuxExDnRcK6Rr01QdEma,minbias,0,test,20.924742,21.68032455444336,0.036109540497863746,2,40mm,1.6258326
SubNetW8CleanAuxExDnRcK6Rr01QdEma,minbias,0,test,23.270254,22.569551467895508,-0.03011151761245512,3,60mm,4.2053447
SubNetW8CleanAuxExDnRcK6Rr01QdEma,minbias,0,test,24.443111,26.31793212890625,0.07670139357623706,2,40mm,3.1683009
SubNetW8CleanAuxExDnRcK6Rr01QdEma,minbias,0,test,23.09875,22.868717193603516,-0.00995863306545608,2,40mm,3.413513
SubNetW8CleanAuxExDnRcK6Rr01QdEma,minbias,0,test,54.267204,52.95076370239258,-0.024258492760558914,2,40mm,4.521179
SubNetW8CleanAuxExDnRcK6Rr01QdEma,minbias,0,test,2.658893,2.7068305015563965,0.018029078731149673,3,60mm,0.5852009
SubNetW8CleanAuxExDnRcK6Rr01QdEma,minbias,0,test,9.125555,8.833857536315918,-0.031964905247638176,3,60mm,1.954754
SubNetW8CleanAuxExDnRcK6Rr01QdEma,minbias,0,test,10.85555,10.477344512939453,-0.03483981059608088,4,120mm,2.3141146
SubNetW8CleanAuxExDnRcK6Rr01QdEma,minbias,0,test,45.37133,46.95985794067383,0.03501170607732318,3,60mm,4.355692
SubNetW8CleanAuxExDnRcK6Rr01QdEma,minbias,0,test,24.621548,24.948408126831055,0.013275381054540958,3,60mm,4.27236
SubNetW8CleanAuxExDnRcK6Rr01QdEma,minbias,0,test,46.51108,46.218631744384766,-0.00628774779064778,1,30mm,3.9500291
SubNetW8CleanAuxExDnRcK6Rr01QdEma,minbias,0,test,14.95093,14.487603187561035,-0.03098980901291848,3,60mm,1.73989
SubNetW8CleanAuxExDnRcK6Rr01QdEma,minbias,0,test,18.294731,18.530195236206055,0.012870596144086033,3,60mm,3.374129
SubNetW8CleanAuxExDnRcK6Rr01QdEma,minbias,0,test,33.199776,32.6121711730957,-0.017699050984232967,3,60mm,4.2112412
SubNetW8CleanAuxExDnRcK6Rr01QdEma,minbias,0,test,26.187828,25.40825843811035,-0.029768395605407227,2,40mm,3.5105455
SubNetW8CleanAuxExDnRcK6Rr01QdEma,minbias,0,test,12.291628,12.397067070007324,0.008578130341401202,3,60mm,1.2560008
SubNetW8CleanAuxExDnRcK6Rr01QdEma,minbias,0,test,8.118301,8.604533195495605,0.05989329299809598,3,60mm,1.0114651
SubNetW8CleanAuxExDnRcK6Rr01QdEma,minbias,0,test,23.07306,23.342933654785156,0.011696523282605398,3,60mm,2.5242307
SubNetW8CleanAuxExDnRcK6Rr01QdEma,minbias,0,test,25.757229,25.8870906829834,0.005041762544202966,3,60mm,3.061119
SubNetW8CleanAuxExDnRcK6Rr01QdEma,minbias,0,test,10.978337,10.556796073913574,-0.03839754627085101,4,120mm,2.4134939
SubNetW8CleanAuxExDnRcK6Rr01QdEma,minbias,0,test,55.599426,54.15156936645508,-0.026040860494807028,2,40mm,4.7580986
SubNetW8CleanAuxExDnRcK6Rr01QdEma,minbias,0,test,32.21827,33.28372573852539,0.033069944846128685,1,30mm,1.820412
SubNetW8CleanAuxExDnRcK6Rr01QdEma,minbias,0,test,36.686092,36.991580963134766,0.00832709527329567,2,40mm,3.1501865
SubNetW8CleanAuxExDnRcK6Rr01QdEma,minbias,0,test,20.783337,20.647783279418945,-0.006522213556814038,2,40mm,1.9132806
SubNetW8CleanAuxExDnRcK6Rr01QdEma,minbias,0,test,46.53599,49.04961013793945,0.054014503164200756,1,30mm,3.438163
SubNetW8CleanAuxExDnRcK6Rr01QdEma,minbias,0,test,52.801258,53.117488861083984,0.005989076498968737,2,40mm,4.2203274
SubNetW8CleanAuxExDnRcK6Rr01QdEma,minbias,0,test,7.538694,7.515503883361816,-0.0030761325247455895,3,60mm,1.1769619
SubNetW8CleanAuxExDnRcK6Rr01QdEma,minbias,0,test,21.64385,21.197481155395508,-0.020623371738773932,3,60mm,4.097777
SubNetW8CleanAuxExDnRcK6Rr01QdEma,minbias,0,test,53.51901,51.809940338134766,-0.03193385568758589,1,30mm,2.4665885
SubNetW8CleanAuxExDnRcK6Rr01QdEma,minbias,0,test,10.327478,14.214669227600098,0.37639302305094047,3,60mm,1.960266
SubNetW8CleanAuxExDnRcK6Rr01QdEma,minbias,0,test,85.857285,79.69248962402344,-0.0718028173669919,0,15mm,2.473091
SubNetW8CleanAuxExDnRcK6Rr01QdEma,minbias,0,test,29.533028,30.043649673461914,0.017289863762231183,2,40mm,2.2507682
SubNetW8CleanAuxExDnRcK6Rr01QdEma,minbias,0,test,15.117643,16.063720703125,0.06258100713865855,3,60mm,2.2524
SubNetW8CleanAuxExDnRcK6Rr01QdEma,minbias,0,test,20.726095,20.19049072265625,-0.025842034969492778,2,40mm,3.365836
SubNetW8CleanAuxExDnRcK6Rr01QdEma,minbias,0,test,13.147304,12.727407455444336,-0.03193781319484257,3,60mm,2.3952217
SubNetW8CleanAuxExDnRcK6Rr01QdEma,minbias,0,test,24.946348,26.83504295349121,0.07571027024778743,3,60mm,3.8579674
SubNetW8CleanAuxExDnRcK6Rr01QdEma,minbias,0,test,29.856503,28.377033233642578,-0.04955266604597108,2,40mm,3.2366252
