model,dataset,seed,split,true_energy,pred_energy,pred_bias,region,region_name,ET
SubNetW8CleanAuxExDnRcK8QdEma,minbias,0,test,17.648048,17.790475845336914,0.008070435961118116,3,60mm,3.0232003
SubNetW8CleanAuxExDnRcK8QdEma,minbias,0,test,7.324918,7.426662921905518,0.013890275836954569,3,60mm,1.0251173
SubNetW8CleanAuxExDnRcK8QdEma,minbias,0,test,22.954573,22.485565185546875,-0.020431985323902557,3,60mm,2.7493026
SubNetW8CleanAuxExDnRcK8QdEma,minbias,0,test,7.569893,7.0240607261657715,-0.07210566457804413,4,120mm,1.7264355
SubNetW8CleanAuxExDnRcK8QdEma,minbias,0,test,10.749306,10.550445556640625,-0.018499815108312445,3,60mm,2.5521622
SubNetW8CleanAuxExDnRcK8QdEma,minbias,0,test,10.679472,10.019628524780273,-0.06178614885663258,4,120mm,2.545131
SubNetW8CleanAuxExDnRcK8QdEma,minbias,0,test,37.153606,36.54109573364258,-0.016485901107797574,3,60mm,3.7739694
SubNetW8CleanAuxExDnRcK8QdEma,minbias,0,test,5.748899,5.904269218444824,0.027026085499590957,3,60mm,1.0104442
SubNetW8CleanAuxExDnRcK8QdEma,minbias,0,test,16.165222,15.818089485168457,-0.021474043424415945,4,120mm,3.8728092
SubNetW8CleanAuxExDnRcK8QdEma,minbias,0,test,5.9424725,6.008458137512207,0.011104078326673816,3,60mm,0.9645251
SubNetW8CleanAuxExDnRcK8QdEma,minbias,0,test,95.213394,92.28813934326172,-0.030723144022224647,0,15mm,3.1575005
SubNetW8CleanAuxExDnRcK8QdEma,minbias,0,test,7.2147512,6.992565631866455,-0.030796018355063293,3,60mm,1.1899463
SubNetW8CleanAuxExDnRcK8QdEma,minbias,0,test,23.698177,23.194576263427734,-0.021250624765084325,3,60mm,4.7436986
SubNetW8CleanAuxExDnRcK8QdEma,minbias,0,test,66.3311,65.8443374633789,-0.0073383827056123785,0,15mm,2.40485
SubNetW8CleanAuxExDnRcK8QdEma,minbias,0,test,50.91213,42.713932037353516,-0.16102639313985612,2,40mm,4.732396
SubNetW8CleanAuxExDnRcK8QdEma,minbias,0,test,44.51636,45.027862548828125,0.011490186934588031,2,40mm,4.088533
SubNetW8CleanAuxExDnRcK8QdEma,minbias,0,test,17.219051,16.65089988708496,-0.03299551537915013,3,60mm,2.7420223
SubNetW8CleanAuxExDnRcK8QdEma,minbias,0,test,14.948297,13.986969947814941,-0.06431011025922806,1,30mm,0.6880049
SubNetW8CleanAuxExDnRcK8QdEma,minbias,0,test,27.510103,27.792400360107422,0.01026158033953184,2,40mm,3.6259952
SubNetW8CleanAuxExDnRcK8QdEma,minbias,0,test,34.06998,36.47565841674805,0.07060989620591362,1,30mm,1.410578
SubNetW8CleanAuxExDnRcK8QdEma,minbias,0,test,7.938931,7.782697677612305,-0.019679388941594267,3,60mm,1.6197433
SubNetW8CleanAuxExDnRcK8QdEma,minbias,0,test,9.945505,9.895674705505371,-0.005010347488037192,3,60mm,1.4090137
SubNetW8CleanAuxExDnRcK8QdEma,minbias,0,test,13.7384405,14.133064270019531,0.028724057582644402,3,60mm,2.6834257
SubNetW8CleanAuxExDnRcK8QdEma,minbias,0,test,31.380781,37.43747329711914,0.1930064165670926,2,40mm,2.7751596
SubNetW8CleanAuxExDnRcK8QdEma,minbias,0,test,75.902466,74.62016296386719,-0.016894086938900932,1,30mm,4.4835606
SubNetW8CleanAuxExDnRcK8QdEma,minbias,0,test,69.8941,93.3919448852539,0.3361921783040771,0,15mm,2.4147873
SubNetW8CleanAuxExDnRcK8QdEma,minbias,0,test,41.402016,40.33305740356445,-0.02581899129204135,2,40mm,3.6520138
SubNetW8CleanAuxExDnRcK8QdEma,minbias,0,test,10.617036,10.536194801330566,-0.007614278172842659,2,40mm,0.87156886
SubNetW8CleanAuxExDnRcK8QdEma,minbias,0,test,13.436384,13.663215637207031,0.016881880777084746,3,60mm,2.9922764
SubNetW8CleanAuxExDnRcK8QdEma,minbias,0,test,25.697235,24.428003311157227,-0.04939176494898745,2,40mm,3.0129628
SubNetW8CleanAuxExDnRcK8QdEma,minbias,0,test,35.69524,35.38688659667969,-0.008638502609675691,2,40mm,3.10195
SubNetW8CleanAuxExDnRcK8QdEma,minbias,0,test,87.25986,84.2132339477539,-0.03491437332718739,0,15mm,3.2954624
SubNetW8CleanAuxExDnRcK8QdEma,minbias,0,test,33.343834,31.00848388671875,-0.07003843775104723,1,30mm,2.5199018
SubNetW8CleanAuxExDnRcK8QdEma,minbias,0,test,25.015247,25.022016525268555,0.00027060217332652847,2,40mm,3.0589793
SubNetW8CleanAuxExDnRcK8QdEma,minbias,0,test,18.739485,18.813495635986328,0.003949460182086639,3,60mm,2.639611
SubNetW8CleanAuxExDnRcK8QdEma,minbias,0,test,4.836682,4.834289073944092,-0.0004947128915298027,3,60mm,0.89883643
SubNetW8CleanAuxExDnRcK8QdEma,minbias,0,test,7.884892,9.050268173217773,0.14779862404137645,3,60mm,1.545793
SubNetW8CleanAuxExDnRcK8QdEma,minbias,0,test,3.4007728,5.699435234069824,0.675923548124195,2,40mm,0.5145867
SubNetW8CleanAuxExDnRcK8QdEma,minbias,0,test,25.80173,27.607337951660156,0.06998014494434579,1,30mm,1.3711396
SubNetW8CleanAuxExDnRcK8QdEma,minbias,0,test,62.909016,70.3691635131836,0.11858630722370411,1,30mm,4.4474645
SubNetW8CleanAuxExDnRcK8QdEma,minbias,0,test,10.114138,9.947007179260254,-0.016524440942678242,4,120mm,2.2106702
SubNetW8CleanAuxExDnRcK8QdEma,minbias,0,test,21.840372,21.008054733276367,-0.03810911961727925,2,40mm,2.284573
SubNetW8CleanAuxExDnRcK8QdEma,minbias,0,test,10.681692,10.280730247497559,-0.03753729945433115,2,40mm,1.1671557
SubNetW8CleanAuxExDnRcK8QdEma,minbias,0,test,9.016983,10.252676963806152,0.13704072938401213,1,30mm,0.64209485
SubNetW8CleanAuxExDnRcK8QdEma,minbias,0,test,58.853382,59.84056854248047,0.01677365678033027,1,30mm,3.3623939
SubNetW8CleanAuxExDnRcK8QdEma,minbias,0,test,31.879086,31.57594108581543,-0.009509195443148766,3,60mm,4.7115545
SubNetW8CleanAuxExDnRcK8QdEma,minbias,0,test,30.988007,29.909509658813477,-0.034803688639620245,3,60mm,3.2844157
SubNetW8CleanAuxExDnRcK8QdEma,minbias,0,test,19.076645,19.204450607299805,0.006699590547805334,1,30mm,1.7004645
SubNetW8CleanAuxExDnRcK8QdEma,minbias,0,test,5.8275647,5.838990688323975,0.001960676979326781,3,60mm,0.797163
SubNetW8CleanAuxExDnRcK8QdEma,minbias,0,test,35.48023,36.326324462890625,0.023846972705629632,3,60mm,4.938168
SubNetW8CleanAuxExDnRcK8QdEma,minbias,0,test,38.289852,37.91924285888672,-0.00967904712897838,3,60mm,4.934253
SubNetW8CleanAuxExDnRcK8QdEma,minbias,0,test,81.7622,81.19877624511719,-0.006890998051178876,0,15mm,2.7279031
SubNetW8CleanAuxExDnRcK8QdEma,minbias,0,test,15.34004,14.97665786743164,-0.023688486769015804,2,40mm,1.5607656
SubNetW8CleanAuxExDnRcK8QdEma,minbias,0,test,4.6424484,4.720136642456055,0.016734319920459484,3,60mm,0.7033391
SubNetW8CleanAuxExDnRcK8QdEma,minbias,0,test,9.064744,9.48947525024414,0.04685529506191055,3,60mm,0.9667304
SubNetW8CleanAuxExDnRcK8QdEma,minbias,0,test,16.20975,17.94045066833496,0.10676916853256735,3,60mm,1.8947114
SubNetW8CleanAuxExDnRcK8QdEma,minbias,0,test,53.35088,51.956966400146484,-0.026127278082126226,2,40mm,4.553785
SubNetW8CleanAuxExDnRcK8QdEma,minbias,0,test,47.005264,47.57441329956055,0.012108197369484541,2,40mm,2.9429932
SubNetW8CleanAuxExDnRcK8QdEma,minbias,0,test,68.02874,65.87703704833984,-0.031629321417664835,1,30mm,2.9433634
SubNetW8CleanAuxExDnRcK8QdEma,minbias,0,test,17.924524,18.028148651123047,0.005781148893873267,3,60mm,3.4378402
SubNetW8CleanAuxExDnRcK8QdEma,minbias,0,test,18.938564,19.494232177734375,0.02934054917676665,3,60mm,2.8622153
SubNetW8CleanAuxExDnRcK8QdEma,minbias,0,test,24.356436,23.274612426757812,-0.044416324250357464,2,40mm,4.316698
SubNetW8CleanAuxExDnRcK8QdEma,minbias,0,test,76.93952,73.54190063476562,-0.04415963442141635,1,30mm,3.37073
SubNetW8CleanAuxExDnRcK8QdEma,minbias,0,test,31.457205,31.33019256591797,-0.0040376204287549955,3,60mm,3.8730175
SubNetW8CleanAuxExDnRcK8QdEma,minbias,0,test,12.188913,12.44813060760498,0.021266642474510267,3,60mm,1.5618664
SubNetW8CleanAuxExDnRcK8QdEma,minbias,0,test,25.97614,28.51334571838379,0.09767450979067593,0,15mm,0.7548724
SubNetW8CleanAuxExDnRcK8QdEma,minbias,0,test,42.48749,40.937095642089844,-0.03649064482066133,2,40mm,3.7592363
SubNetW8CleanAuxExDnRcK8QdEma,minbias,0,test,10.844385,10.66520881652832,-0.01652249787664617,3,60mm,2.0577595
SubNetW8CleanAuxExDnRcK8QdEma,minbias,0,test,31.107365,30.742780685424805,-0.011720181801481822,2,40mm,2.429659
SubNetW8CleanAuxExDnRcK8QdEma,minbias,0,test,14.868998,16.26829719543457,0.0941085378911306,4,120mm,3.4494903
SubNetW8CleanAuxExDnRcK8QdEma,minbias,0,test,7.930641,6.408321857452393,-0.1919541287272063,4,120mm,1.894636
SubNetW8CleanAuxExDnRcK8QdEma,minbias,0,test,6.8175883,6.893416881561279,0.011122489153537751,3,60mm,1.3676836
SubNetW8CleanAuxExDnRcK8QdEma,minbias,0,test,22.888252,23.155292510986328,0.011667131665271668,2,40mm,3.1431983
SubNetW8CleanAuxExDnRcK8QdEma,minbias,0,test,28.159788,27.265810012817383,-0.03174662091614522,0,15mm,0.84417677
SubNetW8CleanAuxExDnRcK8QdEma,minbias,0,test,34.192173,36.791324615478516,0.07601598210832128,0,15mm,1.3259844
SubNetW8CleanAuxExDnRcK8QdEma,minbias,0,test,50.897476,49.876014709472656,-0.020069000727601538,1,30mm,2.5123072
SubNetW8CleanAuxExDnRcK8QdEma,minbias,0,test,21.799574,20.960445404052734,-0.038492885144307265,3,60mm,3.8285422
SubNetW8CleanAuxExDnRcK8QdEma,minbias,0,test,37.68587,35.541969299316406,-0.05688874267710953,1,30mm,1.9463758
SubNetW8CleanAuxExDnRcK8QdEma,minbias,0,test,9.534681,9.362329483032227,-0.0180763080978108,1,30mm,0.985924
SubNetW8CleanAuxExDnRcK8QdEma,minbias,0,test,15.428844,19.076128005981445,0.23639382491972594,1,30mm,1.5124186
SubNetW8CleanAuxExDnRcK8QdEma,minbias,0,test,14.302781,14.312722206115723,0.0006950467186213061,3,60mm,2.7031531
SubNetW8CleanAuxExDnRcK8QdEma,minbias,0,test,24.609528,24.760496139526367,0.006134557077399183,2,40mm,3.0482442
SubNetW8CleanAuxExDnRcK8QdEma,minbias,0,test,31.49417,32.036415100097656,0.01721734143289,1,30mm,1.563612
SubNetW8CleanAuxExDnRcK8QdEma,minbias,0,test,83.85398,85.42839813232422,0.018775699080030517,1,30mm,3.746082
SubNetW8CleanAuxExDnRcK8QdEma,minbias,0,test,99.26084,99.52562713623047,0.0026675752789113716,1,30mm,3.5756037
SubNetW8CleanAuxExDnRcK8QdEma,minbias,0,test,92.42702,94.65214538574219,0.02407443452087632,0,15mm,2.5237198
SubNetW8CleanAuxExDnRcK8QdEma,minbias,0,test,31.287058,31.59294319152832,0.009776736315315615,1,30mm,2.7364035
SubNetW8CleanAuxExDnRcK8QdEma,minbias,0,test,38.989975,34.528743743896484,-0.11441995627037227,1,30mm,1.8356309
SubNetW8CleanAuxExDnRcK8QdEma,minbias,0,test,11.836977,12.100251197814941,0.022241674770403064,3,60mm,1.4721296
SubNetW8CleanAuxExDnRcK8QdEma,minbias,0,test,39.879807,33.6455192565918,-0.15632691846341562,0,15mm,1.2472233
SubNetW8CleanAuxExDnRcK8QdEma,minbias,0,test,25.701916,24.135950088500977,-0.0609279739396934,0,15mm,0.69483995
SubNetW8CleanAuxExDnRcK8QdEma,minbias,0,test,23.173317,22.843664169311523,-0.014225533051093864,2,40mm,3.5630224
SubNetW8CleanAuxExDnRcK8QdEma,minbias,0,test,18.34741,17.90965461730957,-0.02385925751354534,3,60mm,3.4707327
SubNetW8CleanAuxExDnRcK8QdEma,minbias,0,test,25.32667,24.562084197998047,-0.030188947234805474,1,30mm,1.6365702
SubNetW8CleanAuxExDnRcK8QdEma,minbias,0,test,22.27431,23.163711547851562,0.039929516251414165,3,60mm,3.293913
SubNetW8CleanAuxExDnRcK8QdEma,minbias,0,test,24.67622,24.76824951171875,0.003729484165576391,3,60mm,3.4439375
SubNetW8CleanAuxExDnRcK8QdEma,minbias,0,test,15.137737,15.523331642150879,0.025472391348666745,3,60mm,2.0778623
SubNetW8CleanAuxExDnRcK8QdEma,minbias,0,test,36.682293,35.532928466796875,-0.03133295057020857,2,40mm,3.7929187
SubNetW8CleanAuxExDnRcK8QdEma,minbias,0,test,26.406528,26.04714584350586,-0.013609612856280817,3,60mm,3.7889447
SubNetW8CleanAuxExDnRcK8QdEma,minbias,0,test,36.413013,36.29497528076172,-0.0032416481438859446,1,30mm,2.1517892
SubNetW8CleanAuxExDnRcK8QdEma,minbias,0,test,15.835948,18.191036224365234,0.1487178560685376,1,30mm,0.7783248
SubNetW8CleanAuxExDnRcK8QdEma,minbias,0,test,5.60904,5.5478515625,-0.010908858439196978,4,120mm,1.0975294
SubNetW8CleanAuxExDnRcK8QdEma,minbias,0,test,70.47821,75.93290710449219,0.07739550451843091,1,30mm,3.0894182
SubNetW8CleanAuxExDnRcK8QdEma,minbias,0,test,7.6293454,7.308339595794678,-0.042075145858751495,3,60mm,1.2519807
SubNetW8CleanAuxExDnRcK8QdEma,minbias,0,test,57.551647,57.51387405395508,-0.0006563345129281251,0,15mm,1.6524034
SubNetW8CleanAuxExDnRcK8QdEma,minbias,0,test,14.300039,13.97131061553955,-0.022987956126833797,2,40mm,3.1673975
SubNetW8CleanAuxExDnRcK8QdEma,minbias,0,test,5.8522167,6.076879024505615,0.03838926592285441,3,60mm,0.9123218
SubNetW8CleanAuxExDnRcK8QdEma,minbias,0,test,35.707714,25.185165405273438,-0.2946855867537027,0,15mm,1.9003081
SubNetW8CleanAuxExDnRcK8QdEma,minbias,0,test,63.539623,63.39139938354492,-0.0023327786560118913,2,40mm,4.343415
SubNetW8CleanAuxExDnRcK8QdEma,minbias,0,test,17.508665,18.87278175354004,0.07791094649942165,4,120mm,4.0803657
SubNetW8CleanAuxExDnRcK8QdEma,minbias,0,test,47.8346,47.89301300048828,0.0012211759063500693,1,30mm,2.7067776
SubNetW8CleanAuxExDnRcK8QdEma,minbias,0,test,15.631524,15.468121528625488,-0.010453398943959025,3,60mm,2.4376948
SubNetW8CleanAuxExDnRcK8QdEma,minbias,0,test,8.614945,8.787561416625977,0.02003680774457095,2,40mm,1.397683
SubNetW8CleanAuxExDnRcK8QdEma,minbias,0,test,16.573217,15.937854766845703,-0.03833670977066883,1,30mm,0.8435813
SubNetW8CleanAuxExDnRcK8QdEma,minbias,0,test,13.188979,14.367329597473145,0.08934356748223582,0,15mm,0.50724757
SubNetW8CleanAuxExDnRcK8QdEma,minbias,0,test,31.152086,36.443336486816406,0.16985219497246784,2,40mm,2.7395613
SubNetW8CleanAuxExDnRcK8QdEma,minbias,0,test,17.84682,17.479482650756836,-0.02058283567781294,3,60mm,3.18824
SubNetW8CleanAuxExDnRcK8QdEma,minbias,0,test,18.952559,18.900205612182617,-0.0027623133428248403,3,60mm,3.942146
SubNetW8CleanAuxExDnRcK8QdEma,minbias,0,test,25.095295,24.016094207763672,-0.04300410681270017,1,30mm,2.1149347
SubNetW8CleanAuxExDnRcK8QdEma,minbias,0,test,72.72143,73.65424346923828,0.012827244712745545,1,30mm,4.054543
SubNetW8CleanAuxExDnRcK8QdEma,minbias,0,test,27.72007,26.38722801208496,-0.048082197436232654,2,40mm,2.7649794
SubNetW8CleanAuxExDnRcK8QdEma,minbias,0,test,12.446015,12.202507972717285,-0.01956508796190337,2,40mm,0.9182586
SubNetW8CleanAuxExDnRcK8QdEma,minbias,0,test,47.005043,45.219242095947266,-0.037991688098366394,2,40mm,4.798998
SubNetW8CleanAuxExDnRcK8QdEma,minbias,0,test,23.424107,23.354156494140625,-0.002986244255139936,2,40mm,3.3183002
SubNetW8CleanAuxExDnRcK8QdEma,minbias,0,test,12.56025,12.852269172668457,0.0232494483643102,3,60mm,2.8532088
SubNetW8CleanAuxExDnRcK8QdEma,minbias,0,test,23.9012,23.47674560546875,-0.017758679357426588,3,60mm,3.1695168
SubNetW8CleanAuxExDnRcK8QdEma,minbias,0,test,19.305906,19.339805603027344,0.0017559034386482875,3,60mm,3.510054
SubNetW8CleanAuxExDnRcK8QdEma,minbias,0,test,41.410583,41.72037887573242,0.007481067724339097,1,30mm,2.2579055
SubNetW8CleanAuxExDnRcK8QdEma,minbias,0,test,17.496363,18.075817108154297,0.033118564834937025,4,120mm,4.1338663
SubNetW8CleanAuxExDnRcK8QdEma,minbias,0,test,10.201861,11.037943840026855,0.08195391284277975,3,60mm,1.7380195
SubNetW8CleanAuxExDnRcK8QdEma,minbias,0,test,15.331777,15.083373069763184,-0.016201876362272882,4,120mm,3.55274
SubNetW8CleanAuxExDnRcK8QdEma,minbias,0,test,11.8575945,12.324236869812012,0.0393538824550177,3,60mm,1.9975659
SubNetW8CleanAuxExDnRcK8QdEma,minbias,0,test,16.695637,16.35545539855957,-0.02037546430943593,4,120mm,3.7702942
SubNetW8CleanAuxExDnRcK8QdEma,minbias,0,test,11.750907,11.1228666305542,-0.05344611413391265,3,60mm,1.9323528
SubNetW8CleanAuxExDnRcK8QdEma,minbias,0,test,19.743793,19.431886672973633,-0.015797714596837542,4,120mm,4.540447
SubNetW8CleanAuxExDnRcK8QdEma,minbias,0,test,19.314249,19.58401870727539,0.01396739101989497,3,60mm,2.9496264
SubNetW8CleanAuxExDnRcK8QdEma,minbias,0,test,41.162495,43.980316162109375,0.06845604295852437,0,15mm,1.1194811
SubNetW8CleanAuxExDnRcK8QdEma,minbias,0,test,16.246851,27.587966918945312,0.6980501005573003,1,30mm,0.7579317
SubNetW8CleanAuxExDnRcK8QdEma,minbias,0,test,80.55153,77.73116302490234,-0.035013188988496924,1,30mm,4.7341876
SubNetW8CleanAuxExDnRcK8QdEma,minbias,0,test,18.641422,18.719484329223633,0.004187559101298088,2,40mm,2.271094
SubNetW8CleanAuxExDnRcK8QdEma,minbias,0,test,19.598642,20.343521118164062,0.03800665146326643,3,60mm,3.9897423
SubNetW8CleanAuxExDnRcK8QdEma,minbias,0,test,19.274616,20.555200576782227,0.06643890178072231,4,120mm,4.2171826
SubNetW8CleanAuxExDnRcK8QdEma,minbias,0,test,20.653622,20.78548812866211,0.006384664983322574,4,120mm,4.677377
SubNetW8CleanAuxExDnRcK8QdEma,minbias,0,test,33.84304,33.93929672241211,0.0028441964663115105,2,40mm,3.0481527
SubNetW8CleanAuxExDnRcK8QdEma,minbias,0,test,15.385558,15.562211036682129,0.011481735459411668,3,60mm,2.73607
SubNetW8CleanAuxExDnRcK8QdEma,minbias,0,test,20.553722,20.318103790283203,-0.011463548399370138,3,60mm,4.062502
SubNetW8CleanAuxExDnRcK8QdEma,minbias,0,test,35.39622,39.000972747802734,0.10184001197554848,2,40mm,3.3413231
SubNetW8CleanAuxExDnRcK8QdEma,minbias,0,test,6.0468407,7.1699323654174805,0.18573198127866064,2,40mm,0.64355534
SubNetW8CleanAuxExDnRcK8QdEma,minbias,0,test,36.60164,36.042057037353516,-0.015288434480817958,2,40mm,3.320702
SubNetW8CleanAuxExDnRcK8QdEma,minbias,0,test,77.766304,73.53075408935547,-0.054465105167916916,1,30mm,3.959357
SubNetW8CleanAuxExDnRcK8QdEma,minbias,0,test,26.58986,25.411603927612305,-0.0443122659513534,3,60mm,4.6078873
SubNetW8CleanAuxExDnRcK8QdEma,minbias,0,test,11.329563,16.271949768066406,0.4362380584092065,1,30mm,0.94913965
SubNetW8CleanAuxExDnRcK8QdEma,minbias,0,test,15.293911,15.897346496582031,0.039455932307810526,3,60mm,2.0103662
SubNetW8CleanAuxExDnRcK8QdEma,minbias,0,test,15.80743,15.039612770080566,-0.04857320160634271,3,60mm,2.4140816
SubNetW8CleanAuxExDnRcK8QdEma,minbias,0,test,15.380456,15.075193405151367,-0.019847432754467653,2,40mm,1.9990855
SubNetW8CleanAuxExDnRcK8QdEma,minbias,0,test,75.00066,76.68158721923828,0.022412114476119127,1,30mm,3.5768425
SubNetW8CleanAuxExDnRcK8QdEma,minbias,0,test,8.889043,9.0620698928833,0.019465204680652715,2,40mm,1.3344972
SubNetW8CleanAuxExDnRcK8QdEma,minbias,0,test,19.675688,19.511505126953125,-0.00834444339211382,3,60mm,4.117873
SubNetW8CleanAuxExDnRcK8QdEma,minbias,0,test,14.747594,14.845303535461426,0.00662546423225141,3,60mm,3.465467
SubNetW8CleanAuxExDnRcK8QdEma,minbias,0,test,8.481359,8.40721321105957,-0.008742151016450594,4,120mm,1.9544276
SubNetW8CleanAuxExDnRcK8QdEma,minbias,0,test,20.985542,20.266698837280273,-0.03425422368872144,2,40mm,1.9963733
SubNetW8CleanAuxExDnRcK8QdEma,minbias,0,test,9.20115,9.038309097290039,-0.0176978795317837,3,60mm,1.7361228
SubNetW8CleanAuxExDnRcK8QdEma,minbias,0,test,9.73429,9.257430076599121,-0.04898765501766755,3,60mm,1.794804
SubNetW8CleanAuxExDnRcK8QdEma,minbias,0,test,7.0660353,7.299128532409668,0.03298784294009871,3,60mm,1.6295753
SubNetW8CleanAuxExDnRcK8QdEma,minbias,0,test,24.764963,24.438758850097656,-0.01317200829052867,3,60mm,3.2874923
SubNetW8CleanAuxExDnRcK8QdEma,minbias,0,test,37.30725,37.850215911865234,0.014553871461712387,1,30mm,2.1296206
SubNetW8CleanAuxExDnRcK8QdEma,minbias,0,test,53.71731,68.86041259765625,0.2819035468162834,0,15mm,1.3898199
SubNetW8CleanAuxExDnRcK8QdEma,minbias,0,test,86.11131,83.86786651611328,-0.02605286431509002,0,15mm,2.7011387
SubNetW8CleanAuxExDnRcK8QdEma,minbias,0,test,27.204329,27.2724552154541,0.002504258775369861,2,40mm,1.8256856
SubNetW8CleanAuxExDnRcK8QdEma,minbias,0,test,15.891243,14.92600154876709,-0.06074046148225287,3,60mm,3.7889817
SubNetW8CleanAuxExDnRcK8QdEma,minbias,0,test,24.36424,23.706682205200195,-0.026988669612417637,2,40mm,1.5512719
SubNetW8CleanAuxExDnRcK8QdEma,minbias,0,test,34.512077,34.23247528076172,-0.008101571171599709,2,40mm,2.3995574
SubNetW8CleanAuxExDnRcK8QdEma,minbias,0,test,13.636304,13.780345916748047,0.010563127377794634,1,30mm,1.0318584
SubNetW8CleanAuxExDnRcK8QdEma,minbias,0,test,43.691036,43.79197692871094,0.0023103298312117104,2,40mm,3.7460604
SubNetW8CleanAuxExDnRcK8QdEma,minbias,0,test,9.253491,9.714069366455078,0.04977342548775443,4,120mm,1.9204528
SubNetW8CleanAuxExDnRcK8QdEma,minbias,0,test,6.3649254,7.083001136779785,0.1128176229692417,3,60mm,1.4589822
SubNetW8CleanAuxExDnRcK8QdEma,minbias,0,test,9.842342,9.693760871887207,-0.015096152839935928,3,60mm,1.2354089
SubNetW8CleanAuxExDnRcK8QdEma,minbias,0,test,53.135162,53.000160217285156,-0.0025407306621607617,0,15mm,2.6163719
SubNetW8CleanAuxExDnRcK8QdEma,minbias,0,test,20.57736,20.697702407836914,0.005848284412710125,1,30mm,1.5989287
SubNetW8CleanAuxExDnRcK8QdEma,minbias,0,test,10.327289,12.139179229736328,0.17544688324728153,3,60mm,1.413537
SubNetW8CleanAuxExDnRcK8QdEma,minbias,0,test,36.318836,36.31313705444336,-0.00015692016345325577,2,40mm,4.2226825
SubNetW8CleanAuxExDnRcK8QdEma,minbias,0,test,18.948414,21.071203231811523,0.11202992503039422,3,60mm,3.5413344
SubNetW8CleanAuxExDnRcK8QdEma,minbias,0,test,7.136657,7.099711894989014,-0.005176841451880909,3,60mm,1.6413534
SubNetW8CleanAuxExDnRcK8QdEma,minbias,0,test,24.801086,25.30492401123047,0.02031514171594795,2,40mm,3.2691324
SubNetW8CleanAuxExDnRcK8QdEma,minbias,0,test,48.282787,45.517059326171875,-0.05728186275419933,0,15mm,1.8413397
SubNetW8CleanAuxExDnRcK8QdEma,minbias,0,test,54.35647,53.943294525146484,-0.007601186927959969,2,40mm,4.9921827
SubNetW8CleanAuxExDnRcK8QdEma,minbias,0,test,16.196589,12.881192207336426,-0.2046971993871175,2,40mm,1.6818749
SubNetW8CleanAuxExDnRcK8QdEma,minbias,0,test,6.8362103,6.5672688484191895,-0.03934071547926521,3,60mm,1.3932472
SubNetW8CleanAuxExDnRcK8QdEma,minbias,0,test,46.388035,44.470245361328125,-0.04134233033684487,0,15mm,1.0074465
SubNetW8CleanAuxExDnRcK8QdEma,minbias,0,test,15.519504,15.572659492492676,0.0034251030471299515,2,40mm,1.9712037
SubNetW8CleanAuxExDnRcK8QdEma,minbias,0,test,3.0643387,2.944936990737915,-0.03896491401696511,3,60mm,0.507194
SubNetW8CleanAuxExDnRcK8QdEma,minbias,0,test,13.524974,13.442030906677246,-0.006132578402580746,2,40mm,2.1657605
SubNetW8CleanAuxExDnRcK8QdEma,minbias,0,test,49.768192,72.377685546875,0.4542960516487533,0,15mm,1.1602485
SubNetW8CleanAuxExDnRcK8QdEma,minbias,0,test,9.921597,10.101836204528809,0.018166398617087243,3,60mm,1.2262183
SubNetW8CleanAuxExDnRcK8QdEma,minbias,0,test,18.088175,20.8350772857666,0.15186178225075708,0,15mm,0.83690315
SubNetW8CleanAuxExDnRcK8QdEma,minbias,0,test,86.704994,81.29283905029297,-0.06242033923420254,0,15mm,3.3596485
SubNetW8CleanAuxExDnRcK8QdEma,minbias,0,test,67.30632,68.17681121826172,0.012933273210735008,0,15mm,3.1616113
SubNetW8CleanAuxExDnRcK8QdEma,minbias,0,test,52.90403,52.077144622802734,-0.01562990996702307,2,40mm,3.3111005
SubNetW8CleanAuxExDnRcK8QdEma,minbias,0,test,88.19264,76.77165985107422,-0.12950039906273458,0,15mm,1.7932796
SubNetW8CleanAuxExDnRcK8QdEma,minbias,0,test,49.04734,48.393585205078125,-0.013329064996166484,1,30mm,2.8656437
SubNetW8CleanAuxExDnRcK8QdEma,minbias,0,test,22.543024,22.126468658447266,-0.018478239809216257,2,40mm,2.1156564
SubNetW8CleanAuxExDnRcK8QdEma,minbias,0,test,34.64005,33.57755661010742,-0.030672369175836045,1,30mm,1.789416
SubNetW8CleanAuxExDnRcK8QdEma,minbias,0,test,30.130833,30.220354080200195,0.002971089749002953,3,60mm,3.874914
SubNetW8CleanAuxExDnRcK8QdEma,minbias,0,test,34.51822,32.386226654052734,-0.061764262531905034,2,40mm,3.880651
SubNetW8CleanAuxExDnRcK8QdEma,minbias,0,test,72.95169,76.41061401367188,0.04741388866926788,0,15mm,1.6278719
SubNetW8CleanAuxExDnRcK8QdEma,minbias,0,test,28.808607,27.738615036010742,-0.037141402278216606,3,60mm,4.828259
SubNetW8CleanAuxExDnRcK8QdEma,minbias,0,test,24.186739,24.257339477539062,0.002918975961879955,2,40mm,2.6018913
SubNetW8CleanAuxExDnRcK8QdEma,minbias,0,test,6.926597,6.940784454345703,0.002048240387819922,2,40mm,0.5748532
SubNetW8CleanAuxExDnRcK8QdEma,minbias,0,test,6.530141,6.45184326171875,-0.011990187735428703,3,60mm,1.1854688
SubNetW8CleanAuxExDnRcK8QdEma,minbias,0,test,10.493033,9.697118759155273,-0.07585172170248822,1,30mm,0.8538593
SubNetW8CleanAuxExDnRcK8QdEma,minbias,0,test,66.27158,67.34854888916016,0.01625078614732156,1,30mm,3.0279162
SubNetW8CleanAuxExDnRcK8QdEma,minbias,0,test,31.496876,32.98565673828125,0.047267576204925055,2,40mm,2.3791559
SubNetW8CleanAuxExDnRcK8QdEma,minbias,0,test,21.226408,20.100013732910156,-0.05306570341990757,3,60mm,2.5942388
SubNetW8CleanAuxExDnRcK8QdEma,minbias,0,test,15.760033,15.441096305847168,-0.020237035986365837,3,60mm,2.875951
SubNetW8CleanAuxExDnRcK8QdEma,minbias,0,test,28.924767,27.60577964782715,-0.04560060634723273,3,60mm,4.273078
SubNetW8CleanAuxExDnRcK8QdEma,minbias,0,test,55.042416,54.5197868347168,-0.009495019037650376,1,30mm,4.472438
SubNetW8CleanAuxExDnRcK8QdEma,minbias,0,test,11.01547,10.71318531036377,-0.027441793499655476,3,60mm,1.385939
SubNetW8CleanAuxExDnRcK8QdEma,minbias,0,test,61.524715,61.399845123291016,-0.0020295957394238506,2,40mm,4.7198806
SubNetW8CleanAuxExDnRcK8QdEma,minbias,0,test,20.589966,20.681331634521484,0.004437395137336653,3,60mm,4.2680364
SubNetW8CleanAuxExDnRcK8QdEma,minbias,0,test,17.123173,17.743276596069336,0.036214307053409556,4,120mm,3.520078
SubNetW8CleanAuxExDnRcK8QdEma,minbias,0,test,33.686863,33.59608459472656,-0.0026947700941103436,3,60mm,4.649629
SubNetW8CleanAuxExDnRcK8QdEma,minbias,0,test,46.160744,48.05436706542969,0.041022375285126644,1,30mm,3.656213
SubNetW8CleanAuxExDnRcK8QdEma,minbias,0,test,13.876888,13.476551055908203,-0.0288492067746402,3,60mm,3.150752
SubNetW8CleanAuxExDnRcK8QdEma,minbias,0,test,34.217438,34.208404541015625,-0.00026399414218403194,2,40mm,3.664234
SubNetW8CleanAuxExDnRcK8QdEma,minbias,0,test,56.745125,56.29859924316406,-0.00786896804212378,2,40mm,4.2000093
SubNetW8CleanAuxExDnRcK8QdEma,minbias,0,test,42.890167,40.85963439941406,-0.04734261878079582,2,40mm,3.0398428
SubNetW8CleanAuxExDnRcK8QdEma,minbias,0,test,19.117601,19.74304962158203,0.03271583155320057,2,40mm,2.7913978
SubNetW8CleanAuxExDnRcK8QdEma,minbias,0,test,6.8430104,6.3648762702941895,-0.06987190220943973,3,60mm,0.9045005
SubNetW8CleanAuxExDnRcK8QdEma,minbias,0,test,95.34339,89.74972534179688,-0.05866862918804572,0,15mm,3.884011
SubNetW8CleanAuxExDnRcK8QdEma,minbias,0,test,8.393686,8.274059295654297,-0.014252021662872982,3,60mm,1.521424
SubNetW8CleanAuxExDnRcK8QdEma,minbias,0,test,20.510286,21.13623046875,0.03051854700934986,1,30mm,1.3846335
SubNetW8CleanAuxExDnRcK8QdEma,minbias,0,test,35.314064,34.17901611328125,-0.03214152615699706,3,60mm,4.3239326
SubNetW8CleanAuxExDnRcK8QdEma,minbias,0,test,14.782217,15.147723197937012,0.024726072654954967,3,60mm,2.8604908
SubNetW8CleanAuxExDnRcK8QdEma,minbias,0,test,53.687748,53.087623596191406,-0.011178050523375838,2,40mm,4.3838816
SubNetW8CleanAuxExDnRcK8QdEma,minbias,0,test,35.45908,34.26063537597656,-0.033797954576383904,1,30mm,1.4238507
SubNetW8CleanAuxExDnRcK8QdEma,minbias,0,test,27.88188,30.718505859375,0.10173725991721927,0,15mm,0.6477516
SubNetW8CleanAuxExDnRcK8QdEma,minbias,0,test,64.75064,61.53118133544922,-0.04972089064257834,1,30mm,3.882083
SubNetW8CleanAuxExDnRcK8QdEma,minbias,0,test,8.815504,8.400772094726562,-0.04704574756975699,2,40mm,0.7014103
SubNetW8CleanAuxExDnRcK8QdEma,minbias,0,test,5.708697,5.287255764007568,-0.07382439282309017,2,40mm,1.1810021
SubNetW8CleanAuxExDnRcK8QdEma,minbias,0,test,8.376924,8.544357299804688,0.019987497496823936,3,60mm,1.1401473
SubNetW8CleanAuxExDnRcK8QdEma,minbias,0,test,34.629997,33.878822326660156,-0.021691452103238973,3,60mm,4.154812
SubNetW8CleanAuxExDnRcK8QdEma,minbias,0,test,46.49209,47.268009185791016,0.0166893098588059,2,40mm,3.8333857
SubNetW8CleanAuxExDnRcK8QdEma,minbias,0,test,19.634636,19.444841384887695,-0.009666313199155563,3,60mm,3.0787868
SubNetW8CleanAuxExDnRcK8QdEma,minbias,0,test,19.518074,18.868616104125977,-0.03327469351394474,3,60mm,2.9724567
SubNetW8CleanAuxExDnRcK8QdEma,minbias,0,test,10.049615,10.817183494567871,0.07637791053812548,3,60mm,1.9502189
SubNetW8CleanAuxExDnRcK8QdEma,minbias,0,test,23.41577,22.398334503173828,-0.043450849245235235,2,40mm,2.7892349
SubNetW8CleanAuxExDnRcK8QdEma,minbias,0,test,40.95224,40.435707092285156,-0.012613056039728066,1,30mm,2.25363
SubNetW8CleanAuxExDnRcK8QdEma,minbias,0,test,46.218166,45.509586334228516,-0.015331201409067408,1,30mm,2.8333664
SubNetW8CleanAuxExDnRcK8QdEma,minbias,0,test,20.836243,20.082979202270508,-0.03615159821431191,2,40mm,2.582476
SubNetW8CleanAuxExDnRcK8QdEma,minbias,0,test,11.802115,12.112288475036621,0.026281138854737485,3,60mm,2.013355
SubNetW8CleanAuxExDnRcK8QdEma,minbias,0,test,78.220314,79.43449401855469,0.015522566072466493,1,30mm,3.762397
SubNetW8CleanAuxExDnRcK8QdEma,minbias,0,test,48.206745,48.49563217163086,0.005992668101541199,1,30mm,2.8494248
SubNetW8CleanAuxExDnRcK8QdEma,minbias,0,test,43.390152,43.9226188659668,0.012271606900648102,2,40mm,3.8061953
SubNetW8CleanAuxExDnRcK8QdEma,minbias,0,test,49.861115,49.87516784667969,0.0002818497915046958,1,30mm,2.7081704
SubNetW8CleanAuxExDnRcK8QdEma,minbias,0,test,90.5943,88.75281524658203,-0.020326710220393895,0,15mm,3.381463
SubNetW8CleanAuxExDnRcK8QdEma,minbias,0,test,9.248659,8.97079849243164,-0.030043343305916514,4,120mm,1.8326792
SubNetW8CleanAuxExDnRcK8QdEma,minbias,0,test,39.216618,38.96003723144531,-0.006542643618668187,3,60mm,4.287827
SubNetW8CleanAuxExDnRcK8QdEma,minbias,0,test,27.807476,27.430532455444336,-0.013555476507988162,3,60mm,4.8836126
SubNetW8CleanAuxExDnRcK8QdEma,minbias,0,test,7.5999703,7.535766124725342,-0.00844795612679472,3,60mm,1.1480601
SubNetW8CleanAuxExDnRcK8QdEma,minbias,0,test,15.158528,14.376970291137695,-0.05155896534913251,2,40mm,1.6116683
SubNetW8CleanAuxExDnRcK8QdEma,minbias,0,test,89.349266,90.51927185058594,0.013094744367073918,0,15mm,3.9751465
SubNetW8CleanAuxExDnRcK8QdEma,minbias,0,test,13.287118,12.984861373901367,-0.02274809218382301,2,40mm,1.6382815
SubNetW8CleanAuxExDnRcK8QdEma,minbias,0,test,32.43985,31.862979888916016,-0.017782756924107357,3,60mm,4.9164915
SubNetW8CleanAuxExDnRcK8QdEma,minbias,0,test,11.282009,11.162574768066406,-0.010586266627579777,3,60mm,1.8129666
SubNetW8CleanAuxExDnRcK8QdEma,minbias,0,test,37.699764,37.31581497192383,-0.010184394714557121,0,15mm,1.3457681
SubNetW8CleanAuxExDnRcK8QdEma,minbias,0,test,38.38691,37.31892776489258,-0.02782150827723784,0,15mm,1.2546558
SubNetW8CleanAuxExDnRcK8QdEma,minbias,0,test,4.4027157,4.961961269378662,0.12702287103315824,3,60mm,0.7524275
SubNetW8CleanAuxExDnRcK8QdEma,minbias,0,test,52.138714,51.68852996826172,-0.008634349320899126,2,40mm,4.9155474
SubNetW8CleanAuxExDnRcK8QdEma,minbias,0,test,40.37373,40.763675689697266,0.00965840874073609,0,15mm,1.0138069
SubNetW8CleanAuxExDnRcK8QdEma,minbias,0,test,13.097492,14.027800559997559,0.07102950141098008,1,30mm,0.67887974
SubNetW8CleanAuxExDnRcK8QdEma,minbias,0,test,4.5187855,6.0792460441589355,0.34532742824943186,4,120mm,0.97323847
SubNetW8CleanAuxExDnRcK8QdEma,minbias,0,test,7.795587,7.796431541442871,0.00010832777574942831,3,60mm,1.516621
SubNetW8CleanAuxExDnRcK8QdEma,minbias,0,test,5.4935412,5.5125651359558105,0.003462956666777428,3,60mm,0.8434504
SubNetW8CleanAuxExDnRcK8QdEma,minbias,0,test,15.9569,15.242829322814941,-0.04474994116072761,3,60mm,3.1537406
SubNetW8CleanAuxExDnRcK8QdEma,minbias,0,test,15.156272,14.293959617614746,-0.05689475094011309,2,40mm,2.9308925
SubNetW8CleanAuxExDnRcK8QdEma,minbias,0,test,4.5939364,4.324761867523193,-0.058593447934298104,4,120mm,0.93809646
SubNetW8CleanAuxExDnRcK8QdEma,minbias,0,test,15.040215,15.690065383911133,0.043207551572500336,2,40mm,2.25031
SubNetW8CleanAuxExDnRcK8QdEma,minbias,0,test,31.69627,30.75255012512207,-0.029773846077746913,3,60mm,3.978138
SubNetW8CleanAuxExDnRcK8QdEma,minbias,0,test,10.549872,10.199946403503418,-0.03316874192022434,3,60mm,2.4715884
SubNetW8CleanAuxExDnRcK8QdEma,minbias,0,test,49.339703,54.563236236572266,0.10586877006661544,1,30mm,2.5099225
SubNetW8CleanAuxExDnRcK8QdEma,minbias,0,test,49.71186,27.072124481201172,-0.45541920733695906,1,30mm,4.673682
SubNetW8CleanAuxExDnRcK8QdEma,minbias,0,test,68.84889,68.31205749511719,-0.007797289100084814,0,15mm,2.9529376
SubNetW8CleanAuxExDnRcK8QdEma,minbias,0,test,38.256966,36.86442184448242,-0.036399744975338155,0,15mm,0.84382784
SubNetW8CleanAuxExDnRcK8QdEma,minbias,0,test,34.530293,36.23845291137695,0.04946846018889506,1,30mm,1.9942316
SubNetW8CleanAuxExDnRcK8QdEma,minbias,0,test,47.26452,46.9246826171875,-0.00719008951494382,1,30mm,2.081431
SubNetW8CleanAuxExDnRcK8QdEma,minbias,0,test,8.331583,8.30140495300293,-0.0036221291901901154,4,120mm,1.8518674
SubNetW8CleanAuxExDnRcK8QdEma,minbias,0,test,38.468765,38.01347351074219,-0.01183536162348886,2,40mm,4.6492023
SubNetW8CleanAuxExDnRcK8QdEma,minbias,0,test,13.274899,13.174636840820312,-0.007552727277951976,3,60mm,2.8091974
SubNetW8CleanAuxExDnRcK8QdEma,minbias,0,test,51.2145,48.086883544921875,-0.061068971799641436,1,30mm,3.2127645
SubNetW8CleanAuxExDnRcK8QdEma,minbias,0,test,42.144497,43.69205093383789,0.03672019194189091,0,15mm,1.0460447
SubNetW8CleanAuxExDnRcK8QdEma,minbias,0,test,28.760818,28.831195831298828,0.002446987031990089,3,60mm,3.3842838
SubNetW8CleanAuxExDnRcK8QdEma,minbias,0,test,3.1116574,3.3494207859039307,0.07641053487880112,3,60mm,0.5548737
SubNetW8CleanAuxExDnRcK8QdEma,minbias,0,test,11.405136,10.560688018798828,-0.07404103568547338,2,40mm,2.0188017
SubNetW8CleanAuxExDnRcK8QdEma,minbias,0,test,25.988073,25.201923370361328,-0.030250414029556194,2,40mm,2.4630592
SubNetW8CleanAuxExDnRcK8QdEma,minbias,0,test,13.153629,16.130664825439453,0.2263280691502243,4,120mm,2.9931169
SubNetW8CleanAuxExDnRcK8QdEma,minbias,0,test,6.2625737,6.062074184417725,-0.03201551687892301,3,60mm,0.89280844
SubNetW8CleanAuxExDnRcK8QdEma,minbias,0,test,63.704517,61.5477294921875,-0.03385612137949068,2,40mm,4.3440924
SubNetW8CleanAuxExDnRcK8QdEma,minbias,0,test,35.750557,35.530784606933594,-0.00614738224079614,2,40mm,3.435993
SubNetW8CleanAuxExDnRcK8QdEma,minbias,0,test,51.03882,51.367130279541016,0.006432592499581391,2,40mm,3.768529
SubNetW8CleanAuxExDnRcK8QdEma,minbias,0,test,5.776225,5.465107440948486,-0.053861759926139396,4,120mm,1.3037424
SubNetW8CleanAuxExDnRcK8QdEma,minbias,0,test,20.023733,20.113784790039062,0.004497245861982302,2,40mm,1.7004935
SubNetW8CleanAuxExDnRcK8QdEma,minbias,0,test,45.833652,44.983238220214844,-0.018554364092868147,0,15mm,1.7623911
SubNetW8CleanAuxExDnRcK8QdEma,minbias,0,test,18.526398,18.964134216308594,0.023627718577502232,2,40mm,1.9825213
SubNetW8CleanAuxExDnRcK8QdEma,minbias,0,test,8.034004,8.159793853759766,0.01565715414426716,2,40mm,0.7499763
SubNetW8CleanAuxExDnRcK8QdEma,minbias,0,test,88.378716,84.66433715820312,-0.04202797398993008,0,15mm,2.6779957
SubNetW8CleanAuxExDnRcK8QdEma,minbias,0,test,6.2798038,6.823062419891357,0.08650886052631557,3,60mm,1.4832382
SubNetW8CleanAuxExDnRcK8QdEma,minbias,0,test,14.921346,15.023300170898438,0.006832792572492918,4,120mm,3.5752912
SubNetW8CleanAuxExDnRcK8QdEma,minbias,0,test,56.14616,59.708744049072266,0.06345196030079125,0,15mm,1.9172084
SubNetW8CleanAuxExDnRcK8QdEma,minbias,0,test,42.90565,43.086883544921875,0.004223976277664132,1,30mm,2.4438555
SubNetW8CleanAuxExDnRcK8QdEma,minbias,0,test,52.43187,52.356056213378906,-0.001445939162004306,2,40mm,4.492376
SubNetW8CleanAuxExDnRcK8QdEma,minbias,0,test,5.3142123,4.980113983154297,-0.06286883527082932,3,60mm,0.94176304
SubNetW8CleanAuxExDnRcK8QdEma,minbias,0,test,3.550379,3.5365262031555176,-0.003901790359234214,3,60mm,0.5973779
SubNetW8CleanAuxExDnRcK8QdEma,minbias,0,test,22.361134,21.54269790649414,-0.03660081302158347,3,60mm,3.994399
SubNetW8CleanAuxExDnRcK8QdEma,minbias,0,test,43.20412,42.602256774902344,-0.013930705039802871,2,40mm,4.567711
SubNetW8CleanAuxExDnRcK8QdEma,minbias,0,test,88.45623,88.27734375,-0.002022315593185664,0,15mm,2.42924
SubNetW8CleanAuxExDnRcK8QdEma,minbias,0,test,19.777746,18.650177001953125,-0.05701201679776757,1,30mm,1.2754618
SubNetW8CleanAuxExDnRcK8QdEma,minbias,0,test,53.885983,53.24085235595703,-0.011972133148169695,1,30mm,3.1706364
SubNetW8CleanAuxExDnRcK8QdEma,minbias,0,test,49.00835,48.4691162109375,-0.011002903735392255,2,40mm,4.166258
SubNetW8CleanAuxExDnRcK8QdEma,minbias,0,test,43.962498,52.55971145629883,0.19555790031762754,3,60mm,4.970323
SubNetW8CleanAuxExDnRcK8QdEma,minbias,0,test,18.258522,17.24313735961914,-0.055611547977357345,2,40mm,2.0036197
SubNetW8CleanAuxExDnRcK8QdEma,minbias,0,test,16.781809,17.168121337890625,0.02301971665400737,3,60mm,2.2545593
SubNetW8CleanAuxExDnRcK8QdEma,minbias,0,test,11.769895,11.901658058166504,0.011194956516680232,3,60mm,2.3490071
SubNetW8CleanAuxExDnRcK8QdEma,minbias,0,test,6.1653605,6.0483927726745605,-0.01897175015224639,3,60mm,1.4772221
SubNetW8CleanAuxExDnRcK8QdEma,minbias,0,test,22.920662,22.67327117919922,-0.010793350901737053,3,60mm,3.8633318
SubNetW8CleanAuxExDnRcK8QdEma,minbias,0,test,28.184797,24.8375301361084,-0.11876144138259648,3,60mm,4.429556
SubNetW8CleanAuxExDnRcK8QdEma,minbias,0,test,99.494095,99.3974838256836,-0.0009710226832677638,1,30mm,4.409415
SubNetW8CleanAuxExDnRcK8QdEma,minbias,0,test,34.42157,34.4366455078125,0.00043797199461659275,2,40mm,2.651714
SubNetW8CleanAuxExDnRcK8QdEma,minbias,0,test,24.575228,21.225032806396484,-0.13632406449394185,0,15mm,0.6405011
SubNetW8CleanAuxExDnRcK8QdEma,minbias,0,test,27.962372,28.274293899536133,0.011155064931663183,0,15mm,0.94338655
SubNetW8CleanAuxExDnRcK8QdEma,minbias,0,test,48.160446,44.791690826416016,-0.0699485907770726,0,15mm,1.1534127
SubNetW8CleanAuxExDnRcK8QdEma,minbias,0,test,23.627161,24.256864547729492,0.02665167943941915,1,30mm,1.293439
SubNetW8CleanAuxExDnRcK8QdEma,minbias,0,test,17.443384,17.478727340698242,0.002026164752234383,2,40mm,3.7345595
SubNetW8CleanAuxExDnRcK8QdEma,minbias,0,test,40.62816,40.677364349365234,0.0012111250364774673,1,30mm,3.789892
SubNetW8CleanAuxExDnRcK8QdEma,minbias,0,test,24.756624,25.182842254638672,0.01721632275136953,2,40mm,1.8402205
SubNetW8CleanAuxExDnRcK8QdEma,minbias,0,test,5.175532,4.75949764251709,-0.08038482470365194,2,40mm,0.6831176
SubNetW8CleanAuxExDnRcK8QdEma,minbias,0,test,26.558481,25.633390426635742,-0.03483221733412245,3,60mm,4.6174493
SubNetW8CleanAuxExDnRcK8QdEma,minbias,0,test,45.839836,44.87864303588867,-0.020968510493534098,1,30mm,2.867703
SubNetW8CleanAuxExDnRcK8QdEma,minbias,0,test,18.640242,18.424034118652344,-0.011598964683298796,3,60mm,2.4301355
SubNetW8CleanAuxExDnRcK8QdEma,minbias,0,test,27.507109,27.5367488861084,0.0010775468294292878,3,60mm,4.4934616
SubNetW8CleanAuxExDnRcK8QdEma,minbias,0,test,10.777165,10.603203773498535,-0.016141687794456905,3,60mm,1.6077094
SubNetW8CleanAuxExDnRcK8QdEma,minbias,0,test,74.23215,76.03436279296875,0.02427810111579376,1,30mm,2.7985468
SubNetW8CleanAuxExDnRcK8QdEma,minbias,0,test,43.366974,42.981624603271484,-0.008885777337727219,2,40mm,4.875615
SubNetW8CleanAuxExDnRcK8QdEma,minbias,0,test,21.279709,20.866058349609375,-0.019438729889207362,1,30mm,1.674232
SubNetW8CleanAuxExDnRcK8QdEma,minbias,0,test,14.897305,14.883116722106934,-0.0009523744897559361,3,60mm,1.895213
SubNetW8CleanAuxExDnRcK8QdEma,minbias,0,test,7.9256196,7.907247543334961,-0.002318059633255709,4,120mm,1.8903424
SubNetW8CleanAuxExDnRcK8QdEma,minbias,0,test,43.736008,46.29427719116211,0.05849343906376303,3,60mm,4.582444
SubNetW8CleanAuxExDnRcK8QdEma,minbias,0,test,15.207587,14.774410247802734,-0.02848426824235395,2,40mm,2.9321675
SubNetW8CleanAuxExDnRcK8QdEma,minbias,0,test,20.585619,18.597187042236328,-0.09659325440597255,1,30mm,1.2563666
SubNetW8CleanAuxExDnRcK8QdEma,minbias,0,test,61.419003,63.472015380859375,0.03342634629728303,2,40mm,4.9623065
SubNetW8CleanAuxExDnRcK8QdEma,minbias,0,test,29.200161,30.790788650512695,0.05447325004013903,1,30mm,1.9163742
SubNetW8CleanAuxExDnRcK8QdEma,minbias,0,test,14.6465645,14.294963836669922,-0.02400567364212458,2,40mm,1.801668
SubNetW8CleanAuxExDnRcK8QdEma,minbias,0,test,42.54471,39.770530700683594,-0.06520617170155762,2,40mm,2.8018973
SubNetW8CleanAuxExDnRcK8QdEma,minbias,0,test,24.014532,22.52825927734375,-0.06189055886522976,3,60mm,2.6455743
SubNetW8CleanAuxExDnRcK8QdEma,minbias,0,test,97.00433,94.53365325927734,-0.025469792407943226,0,15mm,2.6900597
SubNetW8CleanAuxExDnRcK8QdEma,minbias,0,test,9.279865,8.708090782165527,-0.06161452417743363,3,60mm,1.2925458
SubNetW8CleanAuxExDnRcK8QdEma,minbias,0,test,52.48172,58.114498138427734,0.10732838349941654,0,15mm,1.7971225
SubNetW8CleanAuxExDnRcK8QdEma,minbias,0,test,7.802361,5.6335530281066895,-0.2779681663281638,2,40mm,1.356004
SubNetW8CleanAuxExDnRcK8QdEma,minbias,0,test,43.557144,65.57288360595703,0.5054449703474544,1,30mm,1.9276567
SubNetW8CleanAuxExDnRcK8QdEma,minbias,0,test,9.192253,9.353362083435059,0.01752660296286579,3,60mm,1.6882038
SubNetW8CleanAuxExDnRcK8QdEma,minbias,0,test,5.6389275,6.766295433044434,0.1999259577962822,4,120mm,1.1767511
SubNetW8CleanAuxExDnRcK8QdEma,minbias,0,test,11.285651,11.470606803894043,0.01638856221337015,3,60mm,2.6260147
SubNetW8CleanAuxExDnRcK8QdEma,minbias,0,test,33.39169,28.847198486328125,-0.13609646320397106,1,30mm,1.6559535
SubNetW8CleanAuxExDnRcK8QdEma,minbias,0,test,18.437885,17.687450408935547,-0.0407007020551452,3,60mm,3.5928872
SubNetW8CleanAuxExDnRcK8QdEma,minbias,0,test,2.9345987,3.4384279251098633,0.17168590836373832,3,60mm,0.5919665
SubNetW8CleanAuxExDnRcK8QdEma,minbias,0,test,61.922504,62.9947624206543,0.017316127723860708,1,30mm,4.2691946
SubNetW8CleanAuxExDnRcK8QdEma,minbias,0,test,36.418934,34.503639221191406,-0.05259062920779867,1,30mm,1.7375482
SubNetW8CleanAuxExDnRcK8QdEma,minbias,0,test,2.5835884,2.89072322845459,0.11887918031478306,4,120mm,0.6179075
SubNetW8CleanAuxExDnRcK8QdEma,minbias,0,test,28.390308,27.157878875732422,-0.04341021900477926,2,40mm,2.97564
SubNetW8CleanAuxExDnRcK8QdEma,minbias,0,test,22.062916,20.47635841369629,-0.07191059434500047,1,30mm,2.1126084
SubNetW8CleanAuxExDnRcK8QdEma,minbias,0,test,88.85519,87.25267028808594,-0.018035145027741173,0,15mm,2.9795957
SubNetW8CleanAuxExDnRcK8QdEma,minbias,0,test,21.474539,23.42824935913086,0.0909779983609329,0,15mm,0.836761
SubNetW8CleanAuxExDnRcK8QdEma,minbias,0,test,5.7489157,6.203124523162842,0.07900774280773204,4,120mm,1.2983686
SubNetW8CleanAuxExDnRcK8QdEma,minbias,0,test,46.02244,46.46056365966797,0.00951974249755927,0,15mm,1.8158813
SubNetW8CleanAuxExDnRcK8QdEma,minbias,0,test,60.274357,60.508201599121094,0.0038796723736580496,2,40mm,4.7859464
SubNetW8CleanAuxExDnRcK8QdEma,minbias,0,test,40.79476,40.65686798095703,-0.0033801809633010604,2,40mm,3.8348927
SubNetW8CleanAuxExDnRcK8QdEma,minbias,0,test,22.475592,22.3013858795166,-0.007750887392337313,3,60mm,4.8357143
SubNetW8CleanAuxExDnRcK8QdEma,minbias,0,test,73.51597,74.26017761230469,0.010123097151948146,0,15mm,1.7725374
SubNetW8CleanAuxExDnRcK8QdEma,minbias,0,test,18.325874,17.987014770507812,-0.018490771683203566,3,60mm,3.028396
SubNetW8CleanAuxExDnRcK8QdEma,minbias,0,test,36.304527,37.741004943847656,0.039567452564428285,1,30mm,1.8800751
SubNetW8CleanAuxExDnRcK8QdEma,minbias,0,test,24.064135,24.048702239990234,-0.0006413011747994357,3,60mm,4.05257
SubNetW8CleanAuxExDnRcK8QdEma,minbias,0,test,53.164696,45.6871223449707,-0.14064922766378463,0,15mm,2.4277282
SubNetW8CleanAuxExDnRcK8QdEma,minbias,0,test,97.01419,96.19694519042969,-0.008423978777971741,0,15mm,2.5881498
SubNetW8CleanAuxExDnRcK8QdEma,minbias,0,test,51.30486,52.793235778808594,0.029010441540245235,1,30mm,2.7845137
SubNetW8CleanAuxExDnRcK8QdEma,minbias,0,test,8.069827,8.008639335632324,-0.007582286898562218,3,60mm,1.5369081
SubNetW8CleanAuxExDnRcK8QdEma,minbias,0,test,34.24742,35.40947341918945,0.03393108478332452,2,40mm,3.6836536
SubNetW8CleanAuxExDnRcK8QdEma,minbias,0,test,27.512926,25.28468894958496,-0.0809887375797218,0,15mm,0.6507053
SubNetW8CleanAuxExDnRcK8QdEma,minbias,0,test,78.74933,77.01592254638672,-0.022011693273054633,1,30mm,4.6659346
SubNetW8CleanAuxExDnRcK8QdEma,minbias,0,test,24.593775,24.58658218383789,-0.0002924565974168347,3,60mm,4.1691623
SubNetW8CleanAuxExDnRcK8QdEma,minbias,0,test,28.203012,22.423961639404297,-0.20490899097764914,1,30mm,1.6742357
SubNetW8CleanAuxExDnRcK8QdEma,minbias,0,test,41.160786,41.074886322021484,-0.0020869220938951605,2,40mm,3.0859563
SubNetW8CleanAuxExDnRcK8QdEma,minbias,0,test,14.077436,10.32642936706543,-0.2664552664941521,0,15mm,0.63305205
SubNetW8CleanAuxExDnRcK8QdEma,minbias,0,test,18.025131,17.58542823791504,-0.02439388552393773,4,120mm,4.2676177
SubNetW8CleanAuxExDnRcK8QdEma,minbias,0,test,73.69799,73.89866638183594,0.0027229502896712887,1,30mm,3.7147489
SubNetW8CleanAuxExDnRcK8QdEma,minbias,0,test,14.375825,14.224283218383789,-0.010541427059378772,3,60mm,2.6914124
SubNetW8CleanAuxExDnRcK8QdEma,minbias,0,test,28.141466,32.59041976928711,0.15809246065180083,2,40mm,4.0764785
SubNetW8CleanAuxExDnRcK8QdEma,minbias,0,test,26.797272,27.18555450439453,0.014489638341269151,3,60mm,4.2179737
SubNetW8CleanAuxExDnRcK8QdEma,minbias,0,test,22.220228,22.950347900390625,0.03285833515239189,2,40mm,2.2409296
SubNetW8CleanAuxExDnRcK8QdEma,minbias,0,test,19.703335,18.570980072021484,-0.05747020731984265,2,40mm,4.0014725
SubNetW8CleanAuxExDnRcK8QdEma,minbias,0,test,19.232843,20.980024337768555,0.09084361071682201,2,40mm,2.332721
SubNetW8CleanAuxExDnRcK8QdEma,minbias,0,test,10.868132,11.800190925598145,0.0857607654293211,3,60mm,2.2062707
SubNetW8CleanAuxExDnRcK8QdEma,minbias,0,test,36.069855,35.66352081298828,-0.011265194337769291,3,60mm,3.801189
SubNetW8CleanAuxExDnRcK8QdEma,minbias,0,test,19.355621,19.265213012695312,-0.0046709079299008804,3,60mm,4.4587507
SubNetW8CleanAuxExDnRcK8QdEma,minbias,0,test,19.22643,19.034969329833984,-0.009958247798379172,2,40mm,1.7592762
SubNetW8CleanAuxExDnRcK8QdEma,minbias,0,test,65.37282,63.96256637573242,-0.021572446480418006,1,30mm,3.8712125
SubNetW8CleanAuxExDnRcK8QdEma,minbias,0,test,65.03485,69.31179809570312,0.06576392427812983,1,30mm,3.4683108
SubNetW8CleanAuxExDnRcK8QdEma,minbias,0,test,85.870544,83.69915771484375,-0.025286746847508312,0,15mm,1.8056135
SubNetW8CleanAuxExDnRcK8QdEma,minbias,0,test,53.899498,51.610496520996094,-0.04246795518290547,2,40mm,3.8046422
SubNetW8CleanAuxExDnRcK8QdEma,minbias,0,test,16.185116,16.064414978027344,-0.007457520697854769,2,40mm,1.7591984
SubNetW8CleanAuxExDnRcK8QdEma,minbias,0,test,60.22807,122.7252197265625,1.037674810796541,0,15mm,1.9908581
SubNetW8CleanAuxExDnRcK8QdEma,minbias,0,test,4.6571074,4.664563179016113,0.001600956396361486,3,60mm,0.88387537
SubNetW8CleanAuxExDnRcK8QdEma,minbias,0,test,5.569929,5.562802791595459,-0.0012794294455229505,3,60mm,1.0951763
SubNetW8CleanAuxExDnRcK8QdEma,minbias,0,test,48.356136,50.58838653564453,0.04616270826018165,0,15mm,2.4427435
SubNetW8CleanAuxExDnRcK8QdEma,minbias,0,test,99.67544,95.08106231689453,-0.04609335766054057,1,30mm,4.4006395
SubNetW8CleanAuxExDnRcK8QdEma,minbias,0,test,19.969578,19.541563034057617,-0.02143334024208654,3,60mm,3.104213
SubNetW8CleanAuxExDnRcK8QdEma,minbias,0,test,6.33074,6.060600280761719,-0.042671108793235324,3,60mm,1.0478723
SubNetW8CleanAuxExDnRcK8QdEma,minbias,0,test,57.744347,59.73041534423828,0.03439416742736867,2,40mm,4.698931
SubNetW8CleanAuxExDnRcK8QdEma,minbias,0,test,71.90472,75.752197265625,0.053508044557410095,1,30mm,3.981636
SubNetW8CleanAuxExDnRcK8QdEma,minbias,0,test,23.24936,22.6214656829834,-0.027006914226833878,3,60mm,2.782153
SubNetW8CleanAuxExDnRcK8QdEma,minbias,0,test,20.513678,21.169506072998047,0.031970302392126504,4,120mm,4.5906167
SubNetW8CleanAuxExDnRcK8QdEma,minbias,0,test,39.963287,39.19544982910156,-0.019213572637850396,1,30mm,2.4861264
SubNetW8CleanAuxExDnRcK8QdEma,minbias,0,test,8.654261,8.4259033203125,-0.0263866925997146,3,60mm,1.6120055
SubNetW8CleanAuxExDnRcK8QdEma,minbias,0,test,7.360623,7.349249839782715,-0.0015451196510573029,2,40mm,0.8824841
SubNetW8CleanAuxExDnRcK8QdEma,minbias,0,test,8.981341,9.106369018554688,0.013920822237552866,4,120mm,2.055071
SubNetW8CleanAuxExDnRcK8QdEma,minbias,0,test,12.649883,12.836869239807129,0.014781635968373674,2,40mm,1.6341485
SubNetW8CleanAuxExDnRcK8QdEma,minbias,0,test,8.271636,7.976306915283203,-0.035703830971774875,4,120mm,1.9319949
SubNetW8CleanAuxExDnRcK8QdEma,minbias,0,test,23.45569,25.46452522277832,0.08564381631866613,3,60mm,3.789867
SubNetW8CleanAuxExDnRcK8QdEma,minbias,0,test,25.59134,24.665424346923828,-0.036180786022034894,2,40mm,2.697466
SubNetW8CleanAuxExDnRcK8QdEma,minbias,0,test,32.018932,35.29133987426758,0.10220226885553241,0,15mm,1.4891188
SubNetW8CleanAuxExDnRcK8QdEma,minbias,0,test,37.697643,37.50605773925781,-0.0050821622812950995,0,15mm,1.1071916
SubNetW8CleanAuxExDnRcK8QdEma,minbias,0,test,31.609245,32.57894515991211,0.03067772894945242,3,60mm,3.8406653
SubNetW8CleanAuxExDnRcK8QdEma,minbias,0,test,48.438526,46.84279251098633,-0.032943480516297696,0,15mm,1.2703463
SubNetW8CleanAuxExDnRcK8QdEma,minbias,0,test,13.53499,13.0574369430542,-0.03528287473086078,3,60mm,2.5711243
SubNetW8CleanAuxExDnRcK8QdEma,minbias,0,test,82.59269,84.08382415771484,0.018054075394881464,0,15mm,2.0740345
SubNetW8CleanAuxExDnRcK8QdEma,minbias,0,test,18.679705,18.277986526489258,-0.021505593735465567,2,40mm,2.871115
SubNetW8CleanAuxExDnRcK8QdEma,minbias,0,test,5.6508203,5.57313871383667,-0.013746949634487748,3,60mm,0.94932956
SubNetW8CleanAuxExDnRcK8QdEma,minbias,0,test,15.352289,15.135001182556152,-0.014153460402203,3,60mm,3.2144337
SubNetW8CleanAuxExDnRcK8QdEma,minbias,0,test,18.073895,53.0207633972168,1.9335549897709203,1,30mm,1.3387986
SubNetW8CleanAuxExDnRcK8QdEma,minbias,0,test,13.425267,13.06932258605957,-0.026513039007948436,3,60mm,2.1362982
SubNetW8CleanAuxExDnRcK8QdEma,minbias,0,test,75.17553,77.09342193603516,0.02551219085946621,0,15mm,2.8499517
SubNetW8CleanAuxExDnRcK8QdEma,minbias,0,test,10.813972,10.870617866516113,0.005238166965216173,3,60mm,1.8326867
SubNetW8CleanAuxExDnRcK8QdEma,minbias,0,test,66.649155,70.9428939819336,0.06442301242307846,2,40mm,4.9057317
SubNetW8CleanAuxExDnRcK8QdEma,minbias,0,test,24.490152,26.13053321838379,0.066981243535285,1,30mm,1.5531925
SubNetW8CleanAuxExDnRcK8QdEma,minbias,0,test,37.135303,38.22415542602539,0.029321207211614242,3,60mm,4.7532053
SubNetW8CleanAuxExDnRcK8QdEma,minbias,0,test,24.809422,26.05808448791504,0.05033019196477784,2,40mm,3.11247
SubNetW8CleanAuxExDnRcK8QdEma,minbias,0,test,10.287011,9.805880546569824,-0.04677068908758397,4,120mm,2.2891064
SubNetW8CleanAuxExDnRcK8QdEma,minbias,0,test,18.322702,18.13065528869629,-0.010481375228715395,3,60mm,2.9341757
SubNetW8CleanAuxExDnRcK8QdEma,minbias,0,test,10.534421,10.330655097961426,-0.019342863720461345,3,60mm,2.1275792
SubNetW8CleanAuxExDnRcK8QdEma,minbias,0,test,26.97661,26.104965209960938,-0.03231113797540963,0,15mm,0.9105842
SubNetW8CleanAuxExDnRcK8QdEma,minbias,0,test,30.253986,29.410465240478516,-0.027881321428675054,2,40mm,4.3895555
SubNetW8CleanAuxExDnRcK8QdEma,minbias,0,test,30.847485,32.07318878173828,0.03973433197101883,3,60mm,4.3386126
SubNetW8CleanAuxExDnRcK8QdEma,minbias,0,test,43.98842,45.01469421386719,0.023330587184445806,0,15mm,1.0516508
SubNetW8CleanAuxExDnRcK8QdEma,minbias,0,test,14.486525,14.610898971557617,0.008585522976556792,3,60mm,2.4821165
SubNetW8CleanAuxExDnRcK8QdEma,minbias,0,test,29.450167,29.408689498901367,-0.0014083860301524753,3,60mm,3.8759146
SubNetW8CleanAuxExDnRcK8QdEma,minbias,0,test,2.354453,2.3459694385528564,-0.003603235225854595,3,60mm,0.55756533
SubNetW8CleanAuxExDnRcK8QdEma,minbias,0,test,12.7614565,4.879486560821533,-0.6176387417210377,1,30mm,0.75923765
SubNetW8CleanAuxExDnRcK8QdEma,minbias,0,test,69.24503,71.57495880126953,0.03364754737312392,1,30mm,3.0211592
SubNetW8CleanAuxExDnRcK8QdEma,minbias,0,test,11.899375,12.404770851135254,0.04247247363012119,2,40mm,1.5450203
SubNetW8CleanAuxExDnRcK8QdEma,minbias,0,test,28.986849,30.011920928955078,0.035363350592141796,2,40mm,2.670593
SubNetW8CleanAuxExDnRcK8QdEma,minbias,0,test,24.479568,24.01097869873047,-0.019142076914877793,3,60mm,4.1962714
SubNetW8CleanAuxExDnRcK8QdEma,minbias,0,test,28.445837,28.52757453918457,0.0028734439507112075,2,40mm,3.2225
SubNetW8CleanAuxExDnRcK8QdEma,minbias,0,test,30.271767,30.06288719177246,-0.006900141414054817,2,40mm,3.4284914
SubNetW8CleanAuxExDnRcK8QdEma,minbias,0,test,15.9344015,15.623391151428223,-0.019518170198027596,3,60mm,2.8145835
SubNetW8CleanAuxExDnRcK8QdEma,minbias,0,test,12.506978,11.579486846923828,-0.07415789693207919,3,60mm,2.7725964
SubNetW8CleanAuxExDnRcK8QdEma,minbias,0,test,37.84881,39.01047897338867,0.03069239792062728,2,40mm,4.117014
SubNetW8CleanAuxExDnRcK8QdEma,minbias,0,test,47.346973,46.938480377197266,-0.008627648453377712,1,30mm,2.3938742
SubNetW8CleanAuxExDnRcK8QdEma,minbias,0,test,37.640057,38.50419998168945,0.022958078425152628,1,30mm,2.9336283
SubNetW8CleanAuxExDnRcK8QdEma,minbias,0,test,16.108566,15.534993171691895,-0.035606713991120476,2,40mm,2.4030287
SubNetW8CleanAuxExDnRcK8QdEma,minbias,0,test,76.660614,75.5185317993164,-0.014897900689287313,0,15mm,3.4504766
SubNetW8CleanAuxExDnRcK8QdEma,minbias,0,test,15.400765,17.840288162231445,0.1584026947267465,3,60mm,3.6073258
SubNetW8CleanAuxExDnRcK8QdEma,minbias,0,test,23.598518,22.909250259399414,-0.029208109650335157,2,40mm,2.2857902
SubNetW8CleanAuxExDnRcK8QdEma,minbias,0,test,23.326244,22.682783126831055,-0.027585290527054274,3,60mm,4.5696893
SubNetW8CleanAuxExDnRcK8QdEma,minbias,0,test,9.257531,9.542662620544434,0.030799945401492224,3,60mm,1.907465
SubNetW8CleanAuxExDnRcK8QdEma,minbias,0,test,60.31093,60.16393280029297,-0.002437295337146761,1,30mm,4.3815174
SubNetW8CleanAuxExDnRcK8QdEma,minbias,0,test,14.386291,13.373139381408691,-0.07042476761369931,1,30mm,1.275606
SubNetW8CleanAuxExDnRcK8QdEma,minbias,0,test,28.738298,34.284759521484375,0.19299893908235433,1,30mm,2.8300467
SubNetW8CleanAuxExDnRcK8QdEma,minbias,0,test,44.24389,43.279930114746094,-0.021787387256892665,2,40mm,3.7509885
SubNetW8CleanAuxExDnRcK8QdEma,minbias,0,test,20.198019,20.059383392333984,-0.006863823387124213,3,60mm,3.4659731
SubNetW8CleanAuxExDnRcK8QdEma,minbias,0,test,6.2992115,6.262340068817139,-0.005853341048464578,3,60mm,1.3208978
SubNetW8CleanAuxExDnRcK8QdEma,minbias,0,test,4.2186236,3.836803913116455,-0.09050812724402757,3,60mm,0.66447306
SubNetW8CleanAuxExDnRcK8QdEma,minbias,0,test,10.793033,10.305817604064941,-0.04514162590685156,2,40mm,1.1311916
SubNetW8CleanAuxExDnRcK8QdEma,minbias,0,test,26.649443,25.02635383605957,-0.06090517001058471,2,40mm,2.9893467
SubNetW8CleanAuxExDnRcK8QdEma,minbias,0,test,17.840296,18.330516815185547,0.027478301328931698,3,60mm,2.4641647
SubNetW8CleanAuxExDnRcK8QdEma,minbias,0,test,21.87095,21.983327865600586,0.0051381930440701495,4,120mm,4.883866
SubNetW8CleanAuxExDnRcK8QdEma,minbias,0,test,19.213858,19.37350845336914,0.008309148819264589,2,40mm,2.3367946
SubNetW8CleanAuxExDnRcK8QdEma,minbias,0,test,31.557272,39.832489013671875,0.262228530636172,1,30mm,2.037123
SubNetW8CleanAuxExDnRcK8QdEma,minbias,0,test,63.948277,64.14344024658203,0.003051899713767625,0,15mm,1.9372469
SubNetW8CleanAuxExDnRcK8QdEma,minbias,0,test,24.315529,23.934833526611328,-0.01565646978351687,0,15mm,0.6796994
SubNetW8CleanAuxExDnRcK8QdEma,minbias,0,test,9.66347,9.254631996154785,-0.04230760386752719,3,60mm,1.4034227
SubNetW8CleanAuxExDnRcK8QdEma,minbias,0,test,36.346226,36.266475677490234,-0.0021941772333908816,2,40mm,4.2717547
SubNetW8CleanAuxExDnRcK8QdEma,minbias,0,test,26.309763,25.419187545776367,-0.03384961736327807,2,40mm,3.75826
SubNetW8CleanAuxExDnRcK8QdEma,minbias,0,test,58.347122,86.0099868774414,0.47410846748959234,0,15mm,2.216666
SubNetW8CleanAuxExDnRcK8QdEma,minbias,0,test,6.29746,6.196749210357666,-0.0159922996841535,4,120mm,1.4182647
SubNetW8CleanAuxExDnRcK8QdEma,minbias,0,test,25.918602,25.831602096557617,-0.003356658403987023,3,60mm,4.7801213
SubNetW8CleanAuxExDnRcK8QdEma,minbias,0,test,41.382317,40.75857162475586,-0.015072741596106054,0,15mm,1.3521266
SubNetW8CleanAuxExDnRcK8QdEma,minbias,0,test,70.21651,78.28577423095703,0.11491980479426234,1,30mm,3.8555703
SubNetW8CleanAuxExDnRcK8QdEma,minbias,0,test,17.258821,18.86808967590332,0.09324322577001753,1,30mm,0.9573293
SubNetW8CleanAuxExDnRcK8QdEma,minbias,0,test,11.044643,10.8076171875,-0.021460739470732904,3,60mm,1.6805971
SubNetW8CleanAuxExDnRcK8QdEma,minbias,0,test,10.606146,9.813333511352539,-0.07475027761917397,3,60mm,1.5098577
SubNetW8CleanAuxExDnRcK8QdEma,minbias,0,test,10.2583,10.893291473388672,0.06190028138055048,3,60mm,1.1347003
SubNetW8CleanAuxExDnRcK8QdEma,minbias,0,test,50.91557,51.80854415893555,0.017538345651387344,1,30mm,2.7301478
SubNetW8CleanAuxExDnRcK8QdEma,minbias,0,test,74.487274,71.9012222290039,-0.03471803700345666,1,30mm,3.9763288
SubNetW8CleanAuxExDnRcK8QdEma,minbias,0,test,20.655022,21.286195755004883,0.03055790004414005,3,60mm,2.6948035
SubNetW8CleanAuxExDnRcK8QdEma,minbias,0,test,6.957317,6.861492156982422,-0.01377322898909028,2,40mm,1.3217095
SubNetW8CleanAuxExDnRcK8QdEma,minbias,0,test,21.639982,22.370018005371094,0.03373550746576881,2,40mm,3.0453203
SubNetW8CleanAuxExDnRcK8QdEma,minbias,0,test,23.685368,23.89435577392578,0.008823514727144266,3,60mm,3.3511531
SubNetW8CleanAuxExDnRcK8QdEma,minbias,0,test,52.752014,53.41203689575195,0.012511801608027007,2,40mm,4.7816725
SubNetW8CleanAuxExDnRcK8QdEma,minbias,0,test,24.155663,23.700193405151367,-0.018855584307787665,1,30mm,1.0832866
SubNetW8CleanAuxExDnRcK8QdEma,minbias,0,test,69.30435,67.65367889404297,-0.023817738274257816,0,15mm,1.751578
SubNetW8CleanAuxExDnRcK8QdEma,minbias,0,test,12.50065,13.167962074279785,0.05338215586621842,2,40mm,1.3303314
SubNetW8CleanAuxExDnRcK8QdEma,minbias,0,test,27.844381,27.20220375061035,-0.023063093919056588,3,60mm,4.1112247
SubNetW8CleanAuxExDnRcK8QdEma,minbias,0,test,30.796303,26.59596061706543,-0.1363911183186165,0,15mm,0.86267275
SubNetW8CleanAuxExDnRcK8QdEma,minbias,0,test,8.401909,8.395767211914062,-0.0007309841953044849,3,60mm,1.7551434
SubNetW8CleanAuxExDnRcK8QdEma,minbias,0,test,64.21709,65.9820327758789,0.02748405560039835,1,30mm,3.723485
SubNetW8CleanAuxExDnRcK8QdEma,minbias,0,test,66.66863,66.65367126464844,-0.00022441202276257677,0,15mm,2.54916
SubNetW8CleanAuxExDnRcK8QdEma,minbias,0,test,83.88008,81.95925903320312,-0.02289962189601369,1,30mm,3.7077026
SubNetW8CleanAuxExDnRcK8QdEma,minbias,0,test,29.04852,29.052204132080078,0.00012685664083345038,2,40mm,2.98947
SubNetW8CleanAuxExDnRcK8QdEma,minbias,0,test,35.418446,34.592166900634766,-0.023329049957602432,3,60mm,4.1539993
SubNetW8CleanAuxExDnRcK8QdEma,minbias,0,test,4.5567164,4.327629089355469,-0.050274656249336136,2,40mm,0.546792
SubNetW8CleanAuxExDnRcK8QdEma,minbias,0,test,10.8089905,10.607193946838379,-0.018669322734472305,1,30mm,0.5156094
SubNetW8CleanAuxExDnRcK8QdEma,minbias,0,test,35.408867,35.37242126464844,-0.0010292794117615633,3,60mm,4.689575
SubNetW8CleanAuxExDnRcK8QdEma,minbias,0,test,50.09928,49.143375396728516,-0.019080232077023584,3,60mm,4.938971
SubNetW8CleanAuxExDnRcK8QdEma,minbias,0,test,61.335384,63.04582595825195,0.027886702055507806,0,15mm,1.9973022
SubNetW8CleanAuxExDnRcK8QdEma,minbias,0,test,14.982786,15.309688568115234,0.021818531321866397,1,30mm,0.73887837
SubNetW8CleanAuxExDnRcK8QdEma,minbias,0,test,79.95066,76.00554656982422,-0.04934435939523785,0,15mm,3.751754
SubNetW8CleanAuxExDnRcK8QdEma,minbias,0,test,16.934093,16.177017211914062,-0.04470722123567661,4,120mm,4.0231547
SubNetW8CleanAuxExDnRcK8QdEma,minbias,0,test,47.436874,43.67839431762695,-0.07923119135441292,2,40mm,4.0359616
SubNetW8CleanAuxExDnRcK8QdEma,minbias,0,test,22.59164,22.735912322998047,0.006386072351059147,2,40mm,1.7772387
SubNetW8CleanAuxExDnRcK8QdEma,minbias,0,test,82.64982,82.43858337402344,-0.0025557835506938575,0,15mm,2.4729962
SubNetW8CleanAuxExDnRcK8QdEma,minbias,0,test,8.263207,6.48695707321167,-0.21495894617651756,3,60mm,1.2860211
SubNetW8CleanAuxExDnRcK8QdEma,minbias,0,test,50.35557,47.47566604614258,-0.05719140108592069,0,15mm,1.132384
SubNetW8CleanAuxExDnRcK8QdEma,minbias,0,test,37.54177,37.11713790893555,-0.011310948193083314,2,40mm,2.5642567
SubNetW8CleanAuxExDnRcK8QdEma,minbias,0,test,38.828835,37.953216552734375,-0.022550714989842513,0,15mm,1.0663611
SubNetW8CleanAuxExDnRcK8QdEma,minbias,0,test,5.004668,5.037927150726318,0.006645578364163907,3,60mm,0.73751205
SubNetW8CleanAuxExDnRcK8QdEma,minbias,0,test,5.9441214,6.338963031768799,0.06642557360878931,2,40mm,0.7514032
SubNetW8CleanAuxExDnRcK8QdEma,minbias,0,test,40.807102,40.8083381652832,3.0287911841897497e-05,1,30mm,2.9783535
SubNetW8CleanAuxExDnRcK8QdEma,minbias,0,test,81.77901,81.64374542236328,-0.0016539884828142837,1,30mm,3.8234308
SubNetW8CleanAuxExDnRcK8QdEma,minbias,0,test,20.397118,20.124387741088867,-0.013371000687864676,3,60mm,2.4366357
SubNetW8CleanAuxExDnRcK8QdEma,minbias,0,test,51.923218,50.18373107910156,-0.03350113434660462,0,15mm,1.5450356
SubNetW8CleanAuxExDnRcK8QdEma,minbias,0,test,60.855846,64.2158203125,0.05521201504795803,0,15mm,2.9337926
SubNetW8CleanAuxExDnRcK8QdEma,minbias,0,test,35.345654,34.603485107421875,-0.020997445295532935,3,60mm,3.417211
SubNetW8CleanAuxExDnRcK8QdEma,minbias,0,test,18.949299,40.0837287902832,1.1153146134481609,2,40mm,1.7456232
SubNetW8CleanAuxExDnRcK8QdEma,minbias,0,test,12.157659,11.901276588439941,-0.021088105649812228,3,60mm,1.9228274
SubNetW8CleanAuxExDnRcK8QdEma,minbias,0,test,25.609476,25.701622009277344,0.003598118113695703,3,60mm,4.9936953
SubNetW8CleanAuxExDnRcK8QdEma,minbias,0,test,26.53816,26.517314910888672,-0.0007854882536481034,2,40mm,2.6692266
SubNetW8CleanAuxExDnRcK8QdEma,minbias,0,test,14.156726,13.546154022216797,-0.043129454246155996,3,60mm,2.2231617
SubNetW8CleanAuxExDnRcK8QdEma,minbias,0,test,16.640371,15.997623443603516,-0.038625813484951976,2,40mm,1.6527222
SubNetW8CleanAuxExDnRcK8QdEma,minbias,0,test,13.643509,13.129380226135254,-0.03768302482494368,2,40mm,1.5166613
SubNetW8CleanAuxExDnRcK8QdEma,minbias,0,test,36.181046,35.73236083984375,-0.01240109802750633,2,40mm,4.891706
SubNetW8CleanAuxExDnRcK8QdEma,minbias,0,test,4.0681562,3.877793073654175,-0.046793475317826516,3,60mm,0.62611103
SubNetW8CleanAuxExDnRcK8QdEma,minbias,0,test,22.460308,22.24915885925293,-0.00940099374388037,1,30mm,1.374287
SubNetW8CleanAuxExDnRcK8QdEma,minbias,0,test,23.411211,23.175941467285156,-0.010049439406195959,2,40mm,4.173779
SubNetW8CleanAuxExDnRcK8QdEma,minbias,0,test,85.14125,89.9355239868164,0.056309642413003846,0,15mm,2.2377768
SubNetW8CleanAuxExDnRcK8QdEma,minbias,0,test,41.210606,40.907535552978516,-0.007354176523007738,2,40mm,4.170471
SubNetW8CleanAuxExDnRcK8QdEma,minbias,0,test,19.914717,21.373985290527344,0.07327588890271253,2,40mm,1.3709178
SubNetW8CleanAuxExDnRcK8QdEma,minbias,0,test,69.38486,88.20401000976562,0.27122853022273463,0,15mm,3.0265079
SubNetW8CleanAuxExDnRcK8QdEma,minbias,0,test,36.45841,32.17618942260742,-0.11745490618584453,2,40mm,2.3286796
SubNetW8CleanAuxExDnRcK8QdEma,minbias,0,test,16.048603,15.946245193481445,-0.006377992153637546,2,40mm,1.2351248
SubNetW8CleanAuxExDnRcK8QdEma,minbias,0,test,49.075935,49.05519104003906,-0.0004226984891210206,1,30mm,2.9174638
SubNetW8CleanAuxExDnRcK8QdEma,minbias,0,test,42.514378,41.495460510253906,-0.023966411868256432,2,40mm,4.694529
SubNetW8CleanAuxExDnRcK8QdEma,minbias,0,test,3.3576787,3.7360057830810547,0.11267520525451569,3,60mm,0.54967374
SubNetW8CleanAuxExDnRcK8QdEma,minbias,0,test,38.094326,36.62346649169922,-0.03861098702319066,1,30mm,2.2950785
SubNetW8CleanAuxExDnRcK8QdEma,minbias,0,test,29.524357,30.320627212524414,0.026969948058260584,1,30mm,2.9063878
SubNetW8CleanAuxExDnRcK8QdEma,minbias,0,test,26.577564,25.511043548583984,-0.040128609277625626,3,60mm,4.682052
SubNetW8CleanAuxExDnRcK8QdEma,minbias,0,test,18.862904,18.681543350219727,-0.009614651521589246,2,40mm,1.739842
SubNetW8CleanAuxExDnRcK8QdEma,minbias,0,test,9.085935,8.69854736328125,-0.04263593026896517,4,120mm,2.01056
SubNetW8CleanAuxExDnRcK8QdEma,minbias,0,test,12.701608,12.94277572631836,0.018987204436862415,3,60mm,2.3823588
SubNetW8CleanAuxExDnRcK8QdEma,minbias,0,test,41.664494,39.89931869506836,-0.04236640637782285,1,30mm,3.4432602
SubNetW8CleanAuxExDnRcK8QdEma,minbias,0,test,16.827957,16.406352996826172,-0.025053793080935804,3,60mm,3.5467126
SubNetW8CleanAuxExDnRcK8QdEma,minbias,0,test,83.66787,93.16026306152344,0.11345327116226067,1,30mm,4.227465
SubNetW8CleanAuxExDnRcK8QdEma,minbias,0,test,55.919487,54.43268966674805,-0.026588179050652805,1,30mm,3.872688
SubNetW8CleanAuxExDnRcK8QdEma,minbias,0,test,22.93193,20.80999755859375,-0.09253180753852475,1,30mm,1.560115
SubNetW8CleanAuxExDnRcK8QdEma,minbias,0,test,83.35365,81.19770050048828,-0.025865122609568747,0,15mm,2.73521
SubNetW8CleanAuxExDnRcK8QdEma,minbias,0,test,6.569856,6.369431018829346,-0.030506778675288393,3,60mm,0.99172294
SubNetW8CleanAuxExDnRcK8QdEma,minbias,0,test,38.04121,36.91813659667969,-0.02952255127340553,0,15mm,0.8923624
SubNetW8CleanAuxExDnRcK8QdEma,minbias,0,test,50.244904,50.336910247802734,0.0018311644927646586,2,40mm,4.2692676
SubNetW8CleanAuxExDnRcK8QdEma,minbias,0,test,4.841178,4.613795280456543,-0.04696845741117184,3,60mm,1.1390138
SubNetW8CleanAuxExDnRcK8QdEma,minbias,0,test,31.485846,31.946701049804688,0.014636909878940285,2,40mm,2.3382185
SubNetW8CleanAuxExDnRcK8QdEma,minbias,0,test,14.926938,14.945843696594238,0.0012665450594295802,3,60mm,2.6733599
SubNetW8CleanAuxExDnRcK8QdEma,minbias,0,test,30.972582,30.56092643737793,-0.013290962562982012,2,40mm,4.1342163
SubNetW8CleanAuxExDnRcK8QdEma,minbias,0,test,6.3954883,6.41828727722168,0.0035648591804946506,3,60mm,1.2259064
SubNetW8CleanAuxExDnRcK8QdEma,minbias,0,test,62.839607,61.86138153076172,-0.015567024540603547,0,15mm,2.7818704
SubNetW8CleanAuxExDnRcK8QdEma,minbias,0,test,17.96951,17.969226837158203,-1.5709254810314377e-05,3,60mm,2.2438033
SubNetW8CleanAuxExDnRcK8QdEma,minbias,0,test,83.640785,82.10599517822266,-0.018349780374196212,0,15mm,3.9200087
SubNetW8CleanAuxExDnRcK8QdEma,minbias,0,test,74.52997,75.22346496582031,0.009304937601291918,0,15mm,2.982967
SubNetW8CleanAuxExDnRcK8QdEma,minbias,0,test,45.83138,45.41903305053711,-0.008997021163150487,2,40mm,3.3511093
SubNetW8CleanAuxExDnRcK8QdEma,minbias,0,test,26.68436,26.159244537353516,-0.019678791504679327,3,60mm,4.8019214
SubNetW8CleanAuxExDnRcK8QdEma,minbias,0,test,59.350353,59.36529541015625,0.0002517620936270948,0,15mm,1.6762763
SubNetW8CleanAuxExDnRcK8QdEma,minbias,0,test,30.964209,30.552526473999023,-0.013295419049322077,1,30mm,1.6680179
SubNetW8CleanAuxExDnRcK8QdEma,minbias,0,test,21.958944,21.994993209838867,0.0016416494633673118,3,60mm,4.358097
SubNetW8CleanAuxExDnRcK8QdEma,minbias,0,test,94.1613,93.08011627197266,-0.011482258418672675,1,30mm,4.817161
SubNetW8CleanAuxExDnRcK8QdEma,minbias,0,test,12.648966,12.952424049377441,0.023990752900349355,3,60mm,2.0654593
SubNetW8CleanAuxExDnRcK8QdEma,minbias,0,test,58.960506,57.234249114990234,-0.029278197024962815,2,40mm,4.411532
SubNetW8CleanAuxExDnRcK8QdEma,minbias,0,test,27.303837,28.07532501220703,0.028255669513129966,2,40mm,2.222062
SubNetW8CleanAuxExDnRcK8QdEma,minbias,0,test,65.89553,66.07347106933594,0.002700340474691698,0,15mm,2.6602376
SubNetW8CleanAuxExDnRcK8QdEma,minbias,0,test,9.232009,9.22533130645752,-0.0007233125109821215,2,40mm,0.920933
SubNetW8CleanAuxExDnRcK8QdEma,minbias,0,test,11.342299,10.786202430725098,-0.049028597114181394,2,40mm,1.285902
SubNetW8CleanAuxExDnRcK8QdEma,minbias,0,test,3.9760387,3.921677589416504,-0.013672177044459888,3,60mm,0.69097596
SubNetW8CleanAuxExDnRcK8QdEma,minbias,0,test,15.386827,16.093463897705078,0.04592476455998162,3,60mm,2.8057945
SubNetW8CleanAuxExDnRcK8QdEma,minbias,0,test,22.584097,22.595077514648438,0.00048620965999024435,3,60mm,2.6823692
SubNetW8CleanAuxExDnRcK8QdEma,minbias,0,test,22.243773,22.079679489135742,-0.0073770318199665175,3,60mm,2.2325876
SubNetW8CleanAuxExDnRcK8QdEma,minbias,0,test,14.172405,12.747167587280273,-0.10056427481507779,0,15mm,0.5724108
SubNetW8CleanAuxExDnRcK8QdEma,minbias,0,test,10.746464,8.69866943359375,-0.190555180270922,1,30mm,1.0340321
SubNetW8CleanAuxExDnRcK8QdEma,minbias,0,test,17.676485,17.69295310974121,0.0009316359014970299,4,120mm,4.094039
SubNetW8CleanAuxExDnRcK8QdEma,minbias,0,test,36.3918,40.411006927490234,0.11044265490636573,1,30mm,2.259848
SubNetW8CleanAuxExDnRcK8QdEma,minbias,0,test,5.502684,6.819762706756592,0.2393520257643762,2,40mm,0.8440727
SubNetW8CleanAuxExDnRcK8QdEma,minbias,0,test,23.172188,24.150028228759766,0.042198882203327015,2,40mm,3.3187208
SubNetW8CleanAuxExDnRcK8QdEma,minbias,0,test,49.38582,44.4732551574707,-0.09947315798401324,2,40mm,4.6758103
SubNetW8CleanAuxExDnRcK8QdEma,minbias,0,test,3.3535016,3.4587061405181885,0.03137156204798863,3,60mm,0.7437117
SubNetW8CleanAuxExDnRcK8QdEma,minbias,0,test,22.746195,21.966102600097656,-0.0342955050233712,3,60mm,4.6329975
SubNetW8CleanAuxExDnRcK8QdEma,minbias,0,test,7.990995,7.770931243896484,-0.027538959577776523,3,60mm,1.4256531
SubNetW8CleanAuxExDnRcK8QdEma,minbias,0,test,17.00244,17.288267135620117,0.016810978020961098,2,40mm,1.8372797
SubNetW8CleanAuxExDnRcK8QdEma,minbias,0,test,40.852642,41.01088333129883,0.0038734648237159774,2,40mm,3.8016224
SubNetW8CleanAuxExDnRcK8QdEma,minbias,0,test,14.814719,14.606182098388672,-0.014076345216432862,4,120mm,3.3714895
SubNetW8CleanAuxExDnRcK8QdEma,minbias,0,test,7.1623535,4.987951755523682,-0.3035876064142551,3,60mm,0.74194384
SubNetW8CleanAuxExDnRcK8QdEma,minbias,0,test,30.01969,29.706710815429688,-0.010425782181456289,3,60mm,3.8738034
SubNetW8CleanAuxExDnRcK8QdEma,minbias,0,test,17.058844,15.382320404052734,-0.09827883100897195,1,30mm,1.2192148
SubNetW8CleanAuxExDnRcK8QdEma,minbias,0,test,43.802364,47.852970123291016,0.09247459204755182,1,30mm,2.1878977
SubNetW8CleanAuxExDnRcK8QdEma,minbias,0,test,12.590356,12.236681938171387,-0.028090860854215083,4,120mm,2.9994187
SubNetW8CleanAuxExDnRcK8QdEma,minbias,0,test,6.4525237,6.6355061531066895,0.02835827546461811,3,60mm,1.3978566
SubNetW8CleanAuxExDnRcK8QdEma,minbias,0,test,31.254644,37.35575485229492,0.19520652295633556,0,15mm,1.029802
SubNetW8CleanAuxExDnRcK8QdEma,minbias,0,test,91.2637,86.34313201904297,-0.053915962694225716,0,15mm,2.2630465
SubNetW8CleanAuxExDnRcK8QdEma,minbias,0,test,69.29728,68.14607238769531,-0.016612585384038425,0,15mm,2.5219784
SubNetW8CleanAuxExDnRcK8QdEma,minbias,0,test,33.710274,34.122581481933594,0.012230922311848413,1,30mm,2.3586228
SubNetW8CleanAuxExDnRcK8QdEma,minbias,0,test,17.61735,17.826337814331055,0.011862635081331563,3,60mm,2.769326
SubNetW8CleanAuxExDnRcK8QdEma,minbias,0,test,41.74059,40.98068618774414,-0.018205372030548173,2,40mm,4.5094447
SubNetW8CleanAuxExDnRcK8QdEma,minbias,0,test,14.362725,14.712614059448242,0.02436089219090931,2,40mm,3.1266775
SubNetW8CleanAuxExDnRcK8QdEma,minbias,0,test,38.22972,38.271602630615234,0.0010955235902281313,2,40mm,3.8094077
SubNetW8CleanAuxExDnRcK8QdEma,minbias,0,test,12.04876,11.956685066223145,-0.007641893832701641,3,60mm,2.6003504
SubNetW8CleanAuxExDnRcK8QdEma,minbias,0,test,85.189064,80.7834243774414,-0.05171602363302341,1,30mm,3.44851
SubNetW8CleanAuxExDnRcK8QdEma,minbias,0,test,44.26534,44.42346954345703,0.003572335594614673,2,40mm,4.7404575
SubNetW8CleanAuxExDnRcK8QdEma,minbias,0,test,18.13879,17.720073699951172,-0.023084033039080132,3,60mm,2.771276
SubNetW8CleanAuxExDnRcK8QdEma,minbias,0,test,21.52867,21.03012466430664,-0.02315724602942637,4,120mm,4.6207056
SubNetW8CleanAuxExDnRcK8QdEma,minbias,0,test,10.6908045,10.322239875793457,-0.034474917799727556,4,120mm,2.5681918
SubNetW8CleanAuxExDnRcK8QdEma,minbias,0,test,40.599796,37.07954406738281,-0.08670615493216993,3,60mm,4.4539895
SubNetW8CleanAuxExDnRcK8QdEma,minbias,0,test,97.272224,84.71731567382812,-0.1290698226188688,0,15mm,3.189713
SubNetW8CleanAuxExDnRcK8QdEma,minbias,0,test,3.8881035,3.578838348388672,-0.07954138512602005,3,60mm,0.80989116
SubNetW8CleanAuxExDnRcK8QdEma,minbias,0,test,45.68317,52.794677734375,0.15567018151705359,2,40mm,4.3390374
SubNetW8CleanAuxExDnRcK8QdEma,minbias,0,test,19.258102,18.589221954345703,-0.03473241797988902,3,60mm,4.2996945
SubNetW8CleanAuxExDnRcK8QdEma,minbias,0,test,59.30218,59.38816452026367,0.0014499176010669412,2,40mm,4.5072823
SubNetW8CleanAuxExDnRcK8QdEma,minbias,0,test,9.792803,9.023165702819824,-0.07859211736711635,3,60mm,1.8229659
SubNetW8CleanAuxExDnRcK8QdEma,minbias,0,test,28.854677,29.73115348815918,0.030375536061521213,2,40mm,2.516286
SubNetW8CleanAuxExDnRcK8QdEma,minbias,0,test,16.965578,21.747188568115234,0.28184188399375865,2,40mm,1.0920603
SubNetW8CleanAuxExDnRcK8QdEma,minbias,0,test,26.15597,25.571805953979492,-0.02233385625782225,3,60mm,4.301271
SubNetW8CleanAuxExDnRcK8QdEma,minbias,0,test,4.2829413,4.408411502838135,0.02929532567377402,3,60mm,0.5085796
SubNetW8CleanAuxExDnRcK8QdEma,minbias,0,test,47.290512,50.07985305786133,0.05898309935593704,0,15mm,2.420741
SubNetW8CleanAuxExDnRcK8QdEma,minbias,0,test,59.9242,57.09673309326172,-0.04718402823289336,1,30mm,3.402923
SubNetW8CleanAuxExDnRcK8QdEma,minbias,0,test,21.454361,20.932056427001953,-0.024344912246014094,3,60mm,2.7093463
SubNetW8CleanAuxExDnRcK8QdEma,minbias,0,test,10.411086,10.089957237243652,-0.03084489386327427,3,60mm,1.8710347
SubNetW8CleanAuxExDnRcK8QdEma,minbias,0,test,11.884037,11.494403839111328,-0.0327862643078789,2,40mm,1.7231466
SubNetW8CleanAuxExDnRcK8QdEma,minbias,0,test,36.400784,34.92333221435547,-0.040588448402142596,0,15mm,1.4121627
SubNetW8CleanAuxExDnRcK8QdEma,minbias,0,test,45.752083,46.0584602355957,0.006696469143547379,2,40mm,4.388732
SubNetW8CleanAuxExDnRcK8QdEma,minbias,0,test,13.222197,14.340802192687988,0.08460058864098596,1,30mm,0.9587728
SubNetW8CleanAuxExDnRcK8QdEma,minbias,0,test,43.66524,43.53329086303711,-0.0030218630349096998,2,40mm,3.341683
SubNetW8CleanAuxExDnRcK8QdEma,minbias,0,test,40.125725,42.19806671142578,0.05164621772349065,1,30mm,1.9865626
SubNetW8CleanAuxExDnRcK8QdEma,minbias,0,test,72.221146,64.54410552978516,-0.1062990628733691,1,30mm,4.843831
SubNetW8CleanAuxExDnRcK8QdEma,minbias,0,test,14.6380005,13.681805610656738,-0.06532277945953158,4,120mm,2.987944
SubNetW8CleanAuxExDnRcK8QdEma,minbias,0,test,38.193447,37.7787971496582,-0.010856573436582195,3,60mm,4.9035406
SubNetW8CleanAuxExDnRcK8QdEma,minbias,0,test,30.526585,30.146217346191406,-0.012460197684158514,2,40mm,3.7593384
SubNetW8CleanAuxExDnRcK8QdEma,minbias,0,test,97.68976,95.84544372558594,-0.018879303289058957,0,15mm,2.604386
SubNetW8CleanAuxExDnRcK8QdEma,minbias,0,test,94.05334,95.6778564453125,0.017272320135395258,0,15mm,2.8556228
SubNetW8CleanAuxExDnRcK8QdEma,minbias,0,test,24.007921,23.708301544189453,-0.012480034066718493,2,40mm,2.067341
SubNetW8CleanAuxExDnRcK8QdEma,minbias,0,test,14.5428295,14.376237869262695,-0.01145524288322941,2,40mm,1.9216172
SubNetW8CleanAuxExDnRcK8QdEma,minbias,0,test,53.707905,52.51116943359375,-0.022282295058563273,0,15mm,1.4728576
SubNetW8CleanAuxExDnRcK8QdEma,minbias,0,test,85.46282,78.14997100830078,-0.08556762793923078,0,15mm,1.816896
SubNetW8CleanAuxExDnRcK8QdEma,minbias,0,test,74.66958,80.33413696289062,0.07586166308252373,0,15mm,2.0683644
SubNetW8CleanAuxExDnRcK8QdEma,minbias,0,test,58.986553,57.387367248535156,-0.02711102542971855,0,15mm,3.267551
SubNetW8CleanAuxExDnRcK8QdEma,minbias,0,test,28.426107,26.81585693359375,-0.05664688625807668,3,60mm,2.8214748
SubNetW8CleanAuxExDnRcK8QdEma,minbias,0,test,34.83155,37.663326263427734,0.08129915598515014,2,40mm,3.097224
SubNetW8CleanAuxExDnRcK8QdEma,minbias,0,test,40.663208,38.37614440917969,-0.05624405231858254,0,15mm,1.2615237
SubNetW8CleanAuxExDnRcK8QdEma,minbias,0,test,24.237492,24.045408248901367,-0.007925051068564115,3,60mm,3.4464583
SubNetW8CleanAuxExDnRcK8QdEma,minbias,0,test,8.632512,8.196793556213379,-0.05047412985971367,3,60mm,1.5770721
SubNetW8CleanAuxExDnRcK8QdEma,minbias,0,test,5.520452,5.0860371589660645,-0.0786919009189333,3,60mm,0.8662511
SubNetW8CleanAuxExDnRcK8QdEma,minbias,0,test,14.256903,13.931775093078613,-0.022804925346397442,3,60mm,2.6788216
SubNetW8CleanAuxExDnRcK8QdEma,minbias,0,test,8.166378,7.614450931549072,-0.06758529769937593,3,60mm,1.7881298
SubNetW8CleanAuxExDnRcK8QdEma,minbias,0,test,41.214066,40.692256927490234,-0.012660935466613399,0,15mm,1.119701
SubNetW8CleanAuxExDnRcK8QdEma,minbias,0,test,52.292374,50.58228302001953,-0.032702486378158646,1,30mm,4.2460837
SubNetW8CleanAuxExDnRcK8QdEma,minbias,0,test,6.084519,7.0203070640563965,0.1537982161823821,3,60mm,1.3945266
SubNetW8CleanAuxExDnRcK8QdEma,minbias,0,test,69.890945,72.27952575683594,0.034175819305545696,1,30mm,3.4386003
SubNetW8CleanAuxExDnRcK8QdEma,minbias,0,test,19.807945,20.142925262451172,0.016911396246996224,3,60mm,3.8242846
SubNetW8CleanAuxExDnRcK8QdEma,minbias,0,test,20.407793,19.566482543945312,-0.041224962407336196,3,60mm,2.881524
SubNetW8CleanAuxExDnRcK8QdEma,minbias,0,test,14.448668,13.924844741821289,-0.03625405480971422,2,40mm,1.1774415
SubNetW8CleanAuxExDnRcK8QdEma,minbias,0,test,21.988478,21.98763084411621,-3.8513934627837365e-05,3,60mm,3.982279
SubNetW8CleanAuxExDnRcK8QdEma,minbias,0,test,49.292477,49.65503692626953,0.007355286178078124,2,40mm,4.452847
SubNetW8CleanAuxExDnRcK8QdEma,minbias,0,test,14.323327,13.328229904174805,-0.06947388381605102,3,60mm,2.336126
SubNetW8CleanAuxExDnRcK8QdEma,minbias,0,test,21.702753,20.614482879638672,-0.05014433809468444,2,40mm,2.6488395
SubNetW8CleanAuxExDnRcK8QdEma,minbias,0,test,23.812792,22.660974502563477,-0.04836968845458878,2,40mm,4.2390747
SubNetW8CleanAuxExDnRcK8QdEma,minbias,0,test,37.323,34.92455291748047,-0.06426195173119875,2,40mm,3.6308947
SubNetW8CleanAuxExDnRcK8QdEma,minbias,0,test,16.713081,15.5075101852417,-0.07213338753419696,3,60mm,3.2576025
SubNetW8CleanAuxExDnRcK8QdEma,minbias,0,test,31.125898,30.33564567565918,-0.025388911715133355,2,40mm,3.1865494
SubNetW8CleanAuxExDnRcK8QdEma,minbias,0,test,22.372232,21.902320861816406,-0.02100423266376472,1,30mm,1.2473353
SubNetW8CleanAuxExDnRcK8QdEma,minbias,0,test,31.77209,31.47011375427246,-0.009504478582490816,2,40mm,3.3899558
SubNetW8CleanAuxExDnRcK8QdEma,minbias,0,test,73.202644,50.14617156982422,-0.31496775811357314,1,30mm,4.9188786
SubNetW8CleanAuxExDnRcK8QdEma,minbias,0,test,34.446926,35.534828186035156,0.03158197818285724,1,30mm,2.749955
SubNetW8CleanAuxExDnRcK8QdEma,minbias,0,test,11.934357,11.423095703125,-0.04283942567092425,3,60mm,1.9688187
SubNetW8CleanAuxExDnRcK8QdEma,minbias,0,test,42.15561,44.85047912597656,0.06392672412232914,1,30mm,3.2420743
SubNetW8CleanAuxExDnRcK8QdEma,minbias,0,test,16.720598,16.655004501342773,-0.003922928989509855,2,40mm,1.7187885
SubNetW8CleanAuxExDnRcK8QdEma,minbias,0,test,12.150387,12.297802925109863,0.012132627307151145,3,60mm,2.7981658
SubNetW8CleanAuxExDnRcK8QdEma,minbias,0,test,54.689373,56.83224868774414,0.03918267029219358,1,30mm,2.8509064
SubNetW8CleanAuxExDnRcK8QdEma,minbias,0,test,36.33722,35.98221969604492,-0.009769584730972891,2,40mm,3.346509
SubNetW8CleanAuxExDnRcK8QdEma,minbias,0,test,23.667566,24.205425262451172,0.022725571197637517,3,60mm,4.782723
SubNetW8CleanAuxExDnRcK8QdEma,minbias,0,test,56.349712,59.185665130615234,0.05032772377036987,2,40mm,4.9815845
SubNetW8CleanAuxExDnRcK8QdEma,minbias,0,test,14.352302,14.236538887023926,-0.008065794171346452,3,60mm,3.1450398
SubNetW8CleanAuxExDnRcK8QdEma,minbias,0,test,46.067005,45.64237594604492,-0.009217643082598315,1,30mm,2.1703157
SubNetW8CleanAuxExDnRcK8QdEma,minbias,0,test,34.472065,33.56422805786133,-0.026335437543468898,2,40mm,2.9234622
SubNetW8CleanAuxExDnRcK8QdEma,minbias,0,test,17.623396,18.12339973449707,0.028371592908238208,2,40mm,1.8151788
SubNetW8CleanAuxExDnRcK8QdEma,minbias,0,test,37.050526,38.45824432373047,0.03799456642436572,2,40mm,3.4307365
SubNetW8CleanAuxExDnRcK8QdEma,minbias,0,test,9.662024,9.491965293884277,-0.017600686817552558,3,60mm,1.6247873
SubNetW8CleanAuxExDnRcK8QdEma,minbias,0,test,23.184978,23.663719177246094,0.020648744291317023,2,40mm,3.0720758
SubNetW8CleanAuxExDnRcK8QdEma,minbias,0,test,25.214758,25.3485164642334,0.0053047721239247725,2,40mm,2.2649913
SubNetW8CleanAuxExDnRcK8QdEma,minbias,0,test,40.629314,41.18903350830078,0.013776237518345003,0,15mm,1.4366295
SubNetW8CleanAuxExDnRcK8QdEma,minbias,0,test,33.194305,33.08335494995117,-0.0033424549351803723,3,60mm,4.841508
SubNetW8CleanAuxExDnRcK8QdEma,minbias,0,test,99.24707,96.92328643798828,-0.02341413068612308,0,15mm,4.704268
SubNetW8CleanAuxExDnRcK8QdEma,minbias,0,test,20.234053,20.70635223388672,0.02334181806218827,3,60mm,4.8764877
SubNetW8CleanAuxExDnRcK8QdEma,minbias,0,test,70.80317,68.8681640625,-0.02732935839556272,0,15mm,3.3577852
SubNetW8CleanAuxExDnRcK8QdEma,minbias,0,test,75.59847,73.71355438232422,-0.024933284340058703,0,15mm,2.1849678
SubNetW8CleanAuxExDnRcK8QdEma,minbias,0,test,19.216936,19.326892852783203,0.005721866414880372,1,30mm,0.9489731
SubNetW8CleanAuxExDnRcK8QdEma,minbias,0,test,79.66724,80.45980834960938,0.009948531642543834,1,30mm,3.389319
SubNetW8CleanAuxExDnRcK8QdEma,minbias,0,test,2.939547,3.0397467613220215,0.0340867818378805,3,60mm,0.5058794
SubNetW8CleanAuxExDnRcK8QdEma,minbias,0,test,21.173847,21.36109733581543,0.008843463144595054,3,60mm,4.717294
SubNetW8CleanAuxExDnRcK8QdEma,minbias,0,test,20.772408,20.785240173339844,0.0006177734372847521,3,60mm,2.7484937
SubNetW8CleanAuxExDnRcK8QdEma,minbias,0,test,10.9931,11.316896438598633,0.029454500311917098,4,120mm,2.4550538
SubNetW8CleanAuxExDnRcK8QdEma,minbias,0,test,9.701415,9.850106239318848,0.015326751450037035,2,40mm,1.6094539
SubNetW8CleanAuxExDnRcK8QdEma,minbias,0,test,17.515045,17.405559539794922,-0.006250947410237795,2,40mm,2.001657
SubNetW8CleanAuxExDnRcK8QdEma,minbias,0,test,30.76107,30.790672302246094,0.0009623218743450845,2,40mm,2.9738111
SubNetW8CleanAuxExDnRcK8QdEma,minbias,0,test,37.875893,38.94268798828125,0.0281655500316349,0,15mm,0.86230475
SubNetW8CleanAuxExDnRcK8QdEma,minbias,0,test,51.844322,52.25260925292969,0.007875250962461111,2,40mm,4.665867
SubNetW8CleanAuxExDnRcK8QdEma,minbias,0,test,81.660225,78.93476867675781,-0.03337556614183812,0,15mm,2.8816335
SubNetW8CleanAuxExDnRcK8QdEma,minbias,0,test,23.99128,22.922691345214844,-0.04454069455905951,3,60mm,4.046763
SubNetW8CleanAuxExDnRcK8QdEma,minbias,0,test,21.616762,21.30493927001953,-0.014425050750396462,2,40mm,2.4265127
SubNetW8CleanAuxExDnRcK8QdEma,minbias,0,test,33.564095,33.977779388427734,0.012325219869556925,2,40mm,3.6324515
SubNetW8CleanAuxExDnRcK8QdEma,minbias,0,test,64.18931,66.29984283447266,0.03287984756735707,1,30mm,3.554232
SubNetW8CleanAuxExDnRcK8QdEma,minbias,0,test,42.808895,35.86482238769531,-0.1622109775402899,0,15mm,1.6695815
SubNetW8CleanAuxExDnRcK8QdEma,minbias,0,test,38.22381,37.798152923583984,-0.011135870130383418,1,30mm,2.0668128
SubNetW8CleanAuxExDnRcK8QdEma,minbias,0,test,30.764368,30.69365692138672,-0.0022984751623263966,2,40mm,3.569192
SubNetW8CleanAuxExDnRcK8QdEma,minbias,0,test,27.538675,28.317630767822266,0.028285872536577772,3,60mm,4.666563
SubNetW8CleanAuxExDnRcK8QdEma,minbias,0,test,11.182073,11.231106758117676,0.004385065294539858,3,60mm,2.0513952
SubNetW8CleanAuxExDnRcK8QdEma,minbias,0,test,19.297167,18.913389205932617,-0.01988777015308374,3,60mm,3.385552
SubNetW8CleanAuxExDnRcK8QdEma,minbias,0,test,36.20219,39.126007080078125,0.08076352973866574,2,40mm,3.5801406
SubNetW8CleanAuxExDnRcK8QdEma,minbias,0,test,31.715631,31.86122703552246,0.004590655891749673,2,40mm,3.1887553
SubNetW8CleanAuxExDnRcK8QdEma,minbias,0,test,55.464325,54.81581497192383,-0.011692380279016534,1,30mm,3.525854
SubNetW8CleanAuxExDnRcK8QdEma,minbias,0,test,19.37797,19.2197322845459,-0.0081658429331678,3,60mm,2.5644403
SubNetW8CleanAuxExDnRcK8QdEma,minbias,0,test,31.579588,30.97016716003418,-0.019297933133089362,2,40mm,4.8015366
SubNetW8CleanAuxExDnRcK8QdEma,minbias,0,test,20.360647,19.899873733520508,-0.022630590445217758,4,120mm,4.479307
SubNetW8CleanAuxExDnRcK8QdEma,minbias,0,test,23.605442,24.661392211914062,0.04473333575737004,2,40mm,2.173055
SubNetW8CleanAuxExDnRcK8QdEma,minbias,0,test,11.801924,12.812440872192383,0.08562308498261118,4,120mm,2.5740817
SubNetW8CleanAuxExDnRcK8QdEma,minbias,0,test,90.4107,90.39285278320312,-0.00019737878609260573,1,30mm,4.0331955
SubNetW8CleanAuxExDnRcK8QdEma,minbias,0,test,25.557821,25.916282653808594,0.01402550617146292,1,30mm,1.4213946
SubNetW8CleanAuxExDnRcK8QdEma,minbias,0,test,22.199455,22.45313262939453,0.01142718887373273,3,60mm,2.9845877
SubNetW8CleanAuxExDnRcK8QdEma,minbias,0,test,50.14454,52.8076286315918,0.053108270844855365,0,15mm,2.3281553
SubNetW8CleanAuxExDnRcK8QdEma,minbias,0,test,21.01924,20.500757217407227,-0.024667029941103258,3,60mm,3.5297549
SubNetW8CleanAuxExDnRcK8QdEma,minbias,0,test,9.514015,9.646430969238281,0.013917969304446443,2,40mm,1.5603867
SubNetW8CleanAuxExDnRcK8QdEma,minbias,0,test,63.162865,69.15586853027344,0.0948817612231021,2,40mm,3.935154
SubNetW8CleanAuxExDnRcK8QdEma,minbias,0,test,5.355645,5.400156497955322,0.008311102904109413,3,60mm,0.8932285
SubNetW8CleanAuxExDnRcK8QdEma,minbias,0,test,23.36275,23.238449096679688,-0.005320435643987875,3,60mm,3.5086665
SubNetW8CleanAuxExDnRcK8QdEma,minbias,0,test,82.31371,104.14949035644531,0.2652750856124786,0,15mm,3.11589
SubNetW8CleanAuxExDnRcK8QdEma,minbias,0,test,33.951477,33.99551773071289,0.0012971653594266996,2,40mm,2.6979275
SubNetW8CleanAuxExDnRcK8QdEma,minbias,0,test,23.499075,25.016780853271484,0.06458577290797618,2,40mm,2.4577644
SubNetW8CleanAuxExDnRcK8QdEma,minbias,0,test,85.39074,91.19529724121094,0.06797643208499382,0,15mm,2.8518429
SubNetW8CleanAuxExDnRcK8QdEma,minbias,0,test,5.2455106,4.710662841796875,-0.10196295067747463,3,60mm,0.9711083
SubNetW8CleanAuxExDnRcK8QdEma,minbias,0,test,8.472429,8.808621406555176,0.039680724395558586,3,60mm,1.0590065
SubNetW8CleanAuxExDnRcK8QdEma,minbias,0,test,45.02394,45.315738677978516,0.006480943942245299,1,30mm,2.3339279
SubNetW8CleanAuxExDnRcK8QdEma,minbias,0,test,24.30354,24.076648712158203,-0.009335700507940081,1,30mm,1.7076906
SubNetW8CleanAuxExDnRcK8QdEma,minbias,0,test,42.262318,45.3656005859375,0.0734290758405256,2,40mm,3.1386716
SubNetW8CleanAuxExDnRcK8QdEma,minbias,0,test,9.569406,9.388814926147461,-0.018871666429645106,4,120mm,2.2757642
SubNetW8CleanAuxExDnRcK8QdEma,minbias,0,test,54.304485,54.47477340698242,0.0031358014891544883,2,40mm,4.9617157
SubNetW8CleanAuxExDnRcK8QdEma,minbias,0,test,50.20337,50.31819152832031,0.0022871450594019738,1,30mm,2.7527335
SubNetW8CleanAuxExDnRcK8QdEma,minbias,0,test,72.36752,74.41688537597656,0.0283188105960388,0,15mm,4.066934
SubNetW8CleanAuxExDnRcK8QdEma,minbias,0,test,30.034096,29.749765396118164,-0.009466919539534935,3,60mm,4.273575
SubNetW8CleanAuxExDnRcK8QdEma,minbias,0,test,14.241307,15.381779670715332,0.08008200310545166,2,40mm,1.2600726
SubNetW8CleanAuxExDnRcK8QdEma,minbias,0,test,51.290115,50.681304931640625,-0.011869936742659015,2,40mm,3.0852737
SubNetW8CleanAuxExDnRcK8QdEma,minbias,0,test,4.419214,4.066940784454346,-0.07971395038910689,2,40mm,0.68329495
SubNetW8CleanAuxExDnRcK8QdEma,minbias,0,test,10.343301,10.391874313354492,0.004696130839241253,2,40mm,0.6816735
SubNetW8CleanAuxExDnRcK8QdEma,minbias,0,test,32.838913,32.910221099853516,0.0021714523883535897,2,40mm,4.659377
SubNetW8CleanAuxExDnRcK8QdEma,minbias,0,test,6.4252014,6.193181991577148,-0.03611084064386505,2,40mm,0.9735939
SubNetW8CleanAuxExDnRcK8QdEma,minbias,0,test,24.674376,24.360464096069336,-0.012722163426385213,3,60mm,4.043202
SubNetW8CleanAuxExDnRcK8QdEma,minbias,0,test,4.842117,5.020587921142578,0.036858071495289524,3,60mm,0.9211315
SubNetW8CleanAuxExDnRcK8QdEma,minbias,0,test,27.096413,26.923912048339844,-0.006366178893287278,3,60mm,4.0124583
SubNetW8CleanAuxExDnRcK8QdEma,minbias,0,test,10.1889925,10.18260669708252,-0.000626735491508601,3,60mm,2.3355153
SubNetW8CleanAuxExDnRcK8QdEma,minbias,0,test,5.4867597,4.333020210266113,-0.21027701654594,2,40mm,0.54451126
SubNetW8CleanAuxExDnRcK8QdEma,minbias,0,test,29.944715,31.48438835144043,0.0514171808234003,3,60mm,4.0475707
SubNetW8CleanAuxExDnRcK8QdEma,minbias,0,test,52.25065,55.24374008178711,0.0572833384706386,1,30mm,2.6703033
SubNetW8CleanAuxExDnRcK8QdEma,minbias,0,test,21.320328,20.505523681640625,-0.038217239733218666,3,60mm,2.248122
SubNetW8CleanAuxExDnRcK8QdEma,minbias,0,test,14.3608055,14.207390785217285,-0.010682877512319333,3,60mm,1.5216545
SubNetW8CleanAuxExDnRcK8QdEma,minbias,0,test,72.4391,71.55585479736328,-0.012192964144982166,1,30mm,4.3709416
SubNetW8CleanAuxExDnRcK8QdEma,minbias,0,test,7.453683,7.390527248382568,-0.008473079945080175,1,30mm,0.70921445
SubNetW8CleanAuxExDnRcK8QdEma,minbias,0,test,13.498708,13.798798561096191,0.02223107536507496,4,120mm,3.1116498
SubNetW8CleanAuxExDnRcK8QdEma,minbias,0,test,23.05553,22.67832374572754,-0.016360794716099858,3,60mm,2.6672428
SubNetW8CleanAuxExDnRcK8QdEma,minbias,0,test,5.415468,5.259575366973877,-0.028786587373844985,3,60mm,0.921978
SubNetW8CleanAuxExDnRcK8QdEma,minbias,0,test,7.2889476,6.792999267578125,-0.06804114161485086,2,40mm,0.9195187
SubNetW8CleanAuxExDnRcK8QdEma,minbias,0,test,16.091835,15.373617172241211,-0.04463243929301741,3,60mm,2.3842638
SubNetW8CleanAuxExDnRcK8QdEma,minbias,0,test,85.01655,80.7783432006836,-0.04985152947213345,1,30mm,4.9890738
SubNetW8CleanAuxExDnRcK8QdEma,minbias,0,test,19.868649,19.347246170043945,-0.026242467284393944,3,60mm,3.1118524
SubNetW8CleanAuxExDnRcK8QdEma,minbias,0,test,92.801056,98.51229095458984,0.06154278084977993,0,15mm,2.2694604
SubNetW8CleanAuxExDnRcK8QdEma,minbias,0,test,7.343598,6.8434157371521,-0.06811132082099702,3,60mm,1.5376375
SubNetW8CleanAuxExDnRcK8QdEma,minbias,0,test,14.1077585,13.886945724487305,-0.015651869657502204,2,40mm,1.9279842
SubNetW8CleanAuxExDnRcK8QdEma,minbias,0,test,37.29029,40.91275405883789,0.09714226264921866,1,30mm,2.0486708
SubNetW8CleanAuxExDnRcK8QdEma,minbias,0,test,19.244558,17.616670608520508,-0.08458950824163003,1,30mm,0.99792796
SubNetW8CleanAuxExDnRcK8QdEma,minbias,0,test,17.858658,18.083385467529297,0.01258367972931973,3,60mm,3.5224981
SubNetW8CleanAuxExDnRcK8QdEma,minbias,0,test,33.726185,33.03044891357422,-0.02062895446355928,3,60mm,4.877559
SubNetW8CleanAuxExDnRcK8QdEma,minbias,0,test,58.444622,55.951786041259766,-0.04265295781770617,2,40mm,4.0601954
SubNetW8CleanAuxExDnRcK8QdEma,minbias,0,test,31.238632,29.450233459472656,-0.057249585420477644,1,30mm,1.3569585
SubNetW8CleanAuxExDnRcK8QdEma,minbias,0,test,61.478603,59.86309051513672,-0.026277643920448734,2,40mm,3.997377
SubNetW8CleanAuxExDnRcK8QdEma,minbias,0,test,10.413426,10.85558795928955,0.04246071783743033,2,40mm,0.80574477
SubNetW8CleanAuxExDnRcK8QdEma,minbias,0,test,38.72802,34.4758186340332,-0.10979650164622501,1,30mm,2.0538368
SubNetW8CleanAuxExDnRcK8QdEma,minbias,0,test,7.2039685,6.738199234008789,-0.06465454274432902,3,60mm,1.3009087
SubNetW8CleanAuxExDnRcK8QdEma,minbias,0,test,18.648947,18.17072868347168,-0.025643168202160505,3,60mm,3.1060042
SubNetW8CleanAuxExDnRcK8QdEma,minbias,0,test,40.3866,41.59478759765625,0.029915543484266838,2,40mm,2.8288972
SubNetW8CleanAuxExDnRcK8QdEma,minbias,0,test,5.8776193,7.163455009460449,0.21876812441339677,2,40mm,1.0021846
SubNetW8CleanAuxExDnRcK8QdEma,minbias,0,test,7.6483893,7.491041660308838,-0.020572655516718275,2,40mm,1.080353
SubNetW8CleanAuxExDnRcK8QdEma,minbias,0,test,36.996017,37.64368438720703,0.017506395976855327,3,60mm,4.915632
SubNetW8CleanAuxExDnRcK8QdEma,minbias,0,test,23.766346,23.389890670776367,-0.015839847966479415,3,60mm,4.4836063
SubNetW8CleanAuxExDnRcK8QdEma,minbias,0,test,16.926819,17.040000915527344,0.0066865527946951,1,30mm,0.91127545
SubNetW8CleanAuxExDnRcK8QdEma,minbias,0,test,53.632458,46.258705139160156,-0.13748675532793764,0,15mm,1.1916956
SubNetW8CleanAuxExDnRcK8QdEma,minbias,0,test,27.179502,24.405258178710938,-0.10207119537158438,1,30mm,1.1358783
SubNetW8CleanAuxExDnRcK8QdEma,minbias,0,test,41.21854,40.284122467041016,-0.022669840325850732,2,40mm,4.974439
SubNetW8CleanAuxExDnRcK8QdEma,minbias,0,test,15.041112,15.031134605407715,-0.000663337972218514,3,60mm,3.173041
SubNetW8CleanAuxExDnRcK8QdEma,minbias,0,test,22.40043,20.69709014892578,-0.07604052595149113,1,30mm,1.8045007
SubNetW8CleanAuxExDnRcK8QdEma,minbias,0,test,29.379507,36.93170166015625,0.2570565455259233,3,60mm,4.0208645
SubNetW8CleanAuxExDnRcK8QdEma,minbias,0,test,36.065742,34.87225341796875,-0.03309204226003126,1,30mm,2.53538
SubNetW8CleanAuxExDnRcK8QdEma,minbias,0,test,3.6306114,3.658281087875366,0.007621214445496349,3,60mm,0.5389728
SubNetW8CleanAuxExDnRcK8QdEma,minbias,0,test,57.77716,55.1411018371582,-0.045624582066106756,1,30mm,3.0081089
SubNetW8CleanAuxExDnRcK8QdEma,minbias,0,test,37.746548,36.87354278564453,-0.023128073070210697,2,40mm,2.575339
SubNetW8CleanAuxExDnRcK8QdEma,minbias,0,test,16.314693,16.62684440612793,0.019133118016535278,4,120mm,3.6067424
SubNetW8CleanAuxExDnRcK8QdEma,minbias,0,test,31.77725,31.445119857788086,-0.010451830447843702,2,40mm,3.3707814
SubNetW8CleanAuxExDnRcK8QdEma,minbias,0,test,25.906479,23.709156036376953,-0.08481750281392408,0,15mm,0.8342427
SubNetW8CleanAuxExDnRcK8QdEma,minbias,0,test,29.823252,35.72013854980469,0.1977278292818745,0,15mm,0.75914454
SubNetW8CleanAuxExDnRcK8QdEma,minbias,0,test,39.612118,38.12501525878906,-0.03754160576012566,2,40mm,3.399103
SubNetW8CleanAuxExDnRcK8QdEma,minbias,0,test,11.361302,11.387996673583984,0.002349580788149952,3,60mm,2.702551
SubNetW8CleanAuxExDnRcK8QdEma,minbias,0,test,5.154237,4.880243301391602,-0.053158887164640456,3,60mm,1.0479474
SubNetW8CleanAuxExDnRcK8QdEma,minbias,0,test,77.245224,76.63526916503906,-0.007896343649570925,1,30mm,4.485311
SubNetW8CleanAuxExDnRcK8QdEma,minbias,0,test,13.176478,13.135281562805176,-0.003126542761541118,3,60mm,2.708763
SubNetW8CleanAuxExDnRcK8QdEma,minbias,0,test,83.43003,83.1406021118164,-0.0034691190699951413,1,30mm,4.5756245
SubNetW8CleanAuxExDnRcK8QdEma,minbias,0,test,80.59291,91.13603973388672,0.1308195580355478,0,15mm,2.6015306
SubNetW8CleanAuxExDnRcK8QdEma,minbias,0,test,10.82468,10.948524475097656,0.011440905686974201,3,60mm,1.7117049
SubNetW8CleanAuxExDnRcK8QdEma,minbias,0,test,83.43694,83.8711166381836,0.00520361326879315,0,15mm,3.9236524
SubNetW8CleanAuxExDnRcK8QdEma,minbias,0,test,51.406067,50.466835021972656,-0.018270837068426138,1,30mm,3.7084196
SubNetW8CleanAuxExDnRcK8QdEma,minbias,0,test,24.981733,25.449485778808594,0.018723779116256445,2,40mm,2.6789122
SubNetW8CleanAuxExDnRcK8QdEma,minbias,0,test,26.509926,25.708284378051758,-0.030239294858936394,3,60mm,4.685886
SubNetW8CleanAuxExDnRcK8QdEma,minbias,0,test,50.178314,52.943931579589844,0.055115788846295866,1,30mm,2.5254955
SubNetW8CleanAuxExDnRcK8QdEma,minbias,0,test,35.87413,37.68767166137695,0.050552902600415894,1,30mm,1.4114978
SubNetW8CleanAuxExDnRcK8QdEma,minbias,0,test,20.440466,19.420076370239258,-0.04992007327634995,3,60mm,2.6681094
SubNetW8CleanAuxExDnRcK8QdEma,minbias,0,test,17.412645,23.311126708984375,0.33874699988750434,2,40mm,2.2460413
SubNetW8CleanAuxExDnRcK8QdEma,minbias,0,test,99.0687,98.1198501586914,-0.009577722461525773,1,30mm,4.250551
SubNetW8CleanAuxExDnRcK8QdEma,minbias,0,test,29.153692,29.904296875,0.025746468858773408,3,60mm,3.6488826
SubNetW8CleanAuxExDnRcK8QdEma,minbias,0,test,18.88859,18.311790466308594,-0.03053692186688539,2,40mm,2.4492953
SubNetW8CleanAuxExDnRcK8QdEma,minbias,0,test,11.04174,11.115973472595215,0.006722948766050063,3,60mm,1.0690105
SubNetW8CleanAuxExDnRcK8QdEma,minbias,0,test,38.879528,40.79021072387695,0.04914366954195115,3,60mm,4.1665483
SubNetW8CleanAuxExDnRcK8QdEma,minbias,0,test,16.882391,16.95568084716797,0.004341202103435249,3,60mm,2.7298245
SubNetW8CleanAuxExDnRcK8QdEma,minbias,0,test,11.668639,13.012910842895508,0.11520380729609148,3,60mm,1.3805196
SubNetW8CleanAuxExDnRcK8QdEma,minbias,0,test,83.743454,89.54791259765625,0.06931238613092683,0,15mm,2.4958797
SubNetW8CleanAuxExDnRcK8QdEma,minbias,0,test,23.947186,22.875762939453125,-0.04474106471394934,1,30mm,1.4822507
SubNetW8CleanAuxExDnRcK8QdEma,minbias,0,test,24.845526,24.314603805541992,-0.021368915335395644,1,30mm,1.9508678
SubNetW8CleanAuxExDnRcK8QdEma,minbias,0,test,9.744917,9.596450805664062,-0.015235236124727769,1,30mm,0.62073857
SubNetW8CleanAuxExDnRcK8QdEma,minbias,0,test,23.431366,25.981914520263672,0.10885189352942626,2,40mm,3.2564602
SubNetW8CleanAuxExDnRcK8QdEma,minbias,0,test,27.670763,27.333711624145508,-0.012180776923634173,1,30mm,2.740891
SubNetW8CleanAuxExDnRcK8QdEma,minbias,0,test,58.928974,57.02035903930664,-0.03238839874242916,1,30mm,4.073198
SubNetW8CleanAuxExDnRcK8QdEma,minbias,0,test,16.19646,16.192420959472656,-0.0002494226654309317,0,15mm,0.58711547
SubNetW8CleanAuxExDnRcK8QdEma,minbias,0,test,26.474583,26.752628326416016,0.010502362123716802,1,30mm,2.0937443
SubNetW8CleanAuxExDnRcK8QdEma,minbias,0,test,7.035711,6.570593357086182,-0.066108097245976,4,120mm,1.653436
SubNetW8CleanAuxExDnRcK8QdEma,minbias,0,test,18.216454,18.778894424438477,0.030875431959314303,1,30mm,1.316888
SubNetW8CleanAuxExDnRcK8QdEma,minbias,0,test,41.928516,37.586692810058594,-0.10355299810059015,2,40mm,4.887056
SubNetW8CleanAuxExDnRcK8QdEma,minbias,0,test,16.481882,17.066532135009766,0.035472286252931085,1,30mm,0.8816456
SubNetW8CleanAuxExDnRcK8QdEma,minbias,0,test,72.064186,74.93290710449219,0.03980785968319411,1,30mm,3.667
SubNetW8CleanAuxExDnRcK8QdEma,minbias,0,test,19.956608,19.661911010742188,-0.01476687874712912,3,60mm,3.3461618
SubNetW8CleanAuxExDnRcK8QdEma,minbias,0,test,17.386135,18.73855972290039,0.07778753666071991,3,60mm,4.0385756
SubNetW8CleanAuxExDnRcK8QdEma,minbias,0,test,69.61881,69.05967712402344,-0.008031384283113452,1,30mm,3.5430303
SubNetW8CleanAuxExDnRcK8QdEma,minbias,0,test,55.451363,52.54155349731445,-0.052474979434161906,1,30mm,2.6228707
SubNetW8CleanAuxExDnRcK8QdEma,minbias,0,test,37.5923,37.70436096191406,0.002980944119880702,1,30mm,3.8756664
SubNetW8CleanAuxExDnRcK8QdEma,minbias,0,test,14.391532,14.058853149414062,-0.02311628783850095,3,60mm,2.967429
SubNetW8CleanAuxExDnRcK8QdEma,minbias,0,test,56.610657,55.60835647583008,-0.01770515164812414,2,40mm,4.7701063
SubNetW8CleanAuxExDnRcK8QdEma,minbias,0,test,33.930027,35.39363098144531,0.04313595073299359,0,15mm,1.5679867
SubNetW8CleanAuxExDnRcK8QdEma,minbias,0,test,14.873935,13.595441818237305,-0.08595525994984377,2,40mm,1.635054
SubNetW8CleanAuxExDnRcK8QdEma,minbias,0,test,43.98163,45.076324462890625,0.024889847972855872,1,30mm,2.508236
SubNetW8CleanAuxExDnRcK8QdEma,minbias,0,test,5.829081,5.5859527587890625,-0.041709541739604394,3,60mm,1.0945548
SubNetW8CleanAuxExDnRcK8QdEma,minbias,0,test,65.844505,64.90372467041016,-0.014287914158035653,2,40mm,4.151613
SubNetW8CleanAuxExDnRcK8QdEma,minbias,0,test,25.091425,24.486507415771484,-0.02410853618887776,3,60mm,3.3834326
SubNetW8CleanAuxExDnRcK8QdEma,minbias,0,test,18.319769,17.357627868652344,-0.052519278051106566,2,40mm,1.537605
SubNetW8CleanAuxExDnRcK8QdEma,minbias,0,test,48.338875,49.5339469909668,0.024722796684845116,1,30mm,2.0938487
SubNetW8CleanAuxExDnRcK8QdEma,minbias,0,test,16.323051,15.58659553527832,-0.04511753941934893,1,30mm,0.99658954
SubNetW8CleanAuxExDnRcK8QdEma,minbias,0,test,19.116747,18.968482971191406,-0.007755709275791611,4,120mm,4.1258926
SubNetW8CleanAuxExDnRcK8QdEma,minbias,0,test,26.372616,25.792232513427734,-0.022007043399485338,2,40mm,2.1956143
SubNetW8CleanAuxExDnRcK8QdEma,minbias,0,test,18.84815,18.186647415161133,-0.03509643276634489,2,40mm,2.0326557
SubNetW8CleanAuxExDnRcK8QdEma,minbias,0,test,25.922768,21.109333038330078,-0.18568366880543563,2,40mm,2.4715614
SubNetW8CleanAuxExDnRcK8QdEma,minbias,0,test,22.392736,21.29989242553711,-0.04880350432269587,3,60mm,4.9527926
SubNetW8CleanAuxExDnRcK8QdEma,minbias,0,test,8.868548,8.601608276367188,-0.030099640329584454,2,40mm,0.952814
SubNetW8CleanAuxExDnRcK8QdEma,minbias,0,test,99.60121,94.85790252685547,-0.047623005255485906,1,30mm,4.3217483
SubNetW8CleanAuxExDnRcK8QdEma,minbias,0,test,22.331272,20.769943237304688,-0.06991670152881557,0,15mm,0.6031505
SubNetW8CleanAuxExDnRcK8QdEma,minbias,0,test,7.7347736,7.308167934417725,-0.05515425809857788,3,60mm,1.312536
SubNetW8CleanAuxExDnRcK8QdEma,minbias,0,test,5.8355093,5.569900989532471,-0.04551587479929231,4,120mm,1.3721243
SubNetW8CleanAuxExDnRcK8QdEma,minbias,0,test,5.234358,5.5443220138549805,0.05921723157470127,3,60mm,1.0002755
SubNetW8CleanAuxExDnRcK8QdEma,minbias,0,test,72.13344,73.96329498291016,0.025367664712712568,0,15mm,1.4765722
SubNetW8CleanAuxExDnRcK8QdEma,minbias,0,test,31.610304,30.747285842895508,-0.027301794984258332,2,40mm,2.744948
SubNetW8CleanAuxExDnRcK8QdEma,minbias,0,test,20.108011,19.408218383789062,-0.034801694378759906,3,60mm,4.474186
SubNetW8CleanAuxExDnRcK8QdEma,minbias,0,test,29.601557,29.824846267700195,0.007543167118575056,3,60mm,4.3464527
SubNetW8CleanAuxExDnRcK8QdEma,minbias,0,test,58.891613,59.81597900390625,0.015696055008902254,1,30mm,4.23438
SubNetW8CleanAuxExDnRcK8QdEma,minbias,0,test,43.303825,42.19495391845703,-0.02560677839130543,2,40mm,3.72304
SubNetW8CleanAuxExDnRcK8QdEma,minbias,0,test,29.73661,31.242334365844727,0.05063535932155827,1,30mm,2.0291216
SubNetW8CleanAuxExDnRcK8QdEma,minbias,0,test,43.853703,42.98984146118164,-0.01969870350387548,2,40mm,3.5542545
SubNetW8CleanAuxExDnRcK8QdEma,minbias,0,test,43.270145,42.17869186401367,-0.02522417111720532,3,60mm,4.5977983
SubNetW8CleanAuxExDnRcK8QdEma,minbias,0,test,11.324136,12.030190467834473,0.06234954271090043,2,40mm,1.6039302
SubNetW8CleanAuxExDnRcK8QdEma,minbias,0,test,57.183826,61.83073806762695,0.08126269104147132,2,40mm,4.379732
SubNetW8CleanAuxExDnRcK8QdEma,minbias,0,test,14.6444235,14.89027214050293,0.016787868498600922,3,60mm,2.0435066
SubNetW8CleanAuxExDnRcK8QdEma,minbias,0,test,21.503773,21.124794006347656,-0.01762382507980631,2,40mm,2.3510895
SubNetW8CleanAuxExDnRcK8QdEma,minbias,0,test,81.70452,86.92365264892578,0.06387812319809894,0,15mm,2.4410367
SubNetW8CleanAuxExDnRcK8QdEma,minbias,0,test,9.925562,10.798644065856934,0.08796299588016798,1,30mm,0.6639645
SubNetW8CleanAuxExDnRcK8QdEma,minbias,0,test,12.639388,13.095962524414062,0.03612314432892072,3,60mm,1.7451636
SubNetW8CleanAuxExDnRcK8QdEma,minbias,0,test,8.728083,8.730633735656738,0.00029228398683667223,3,60mm,1.4682077
SubNetW8CleanAuxExDnRcK8QdEma,minbias,0,test,18.472013,18.644174575805664,0.009320104846274768,2,40mm,2.385952
SubNetW8CleanAuxExDnRcK8QdEma,minbias,0,test,6.5777574,6.464270114898682,-0.01725318181656721,4,120mm,1.4954354
SubNetW8CleanAuxExDnRcK8QdEma,minbias,0,test,54.625206,54.36542892456055,-0.004755626351724551,0,15mm,2.5667422
SubNetW8CleanAuxExDnRcK8QdEma,minbias,0,test,46.677414,48.51454162597656,0.03935795774571926,2,40mm,4.117564
SubNetW8CleanAuxExDnRcK8QdEma,minbias,0,test,49.12152,51.017730712890625,0.03860242269264558,2,40mm,3.947335
SubNetW8CleanAuxExDnRcK8QdEma,minbias,0,test,35.06549,34.747398376464844,-0.009071378715538203,2,40mm,4.0134673
SubNetW8CleanAuxExDnRcK8QdEma,minbias,0,test,49.65945,47.36450958251953,-0.04621357916663693,0,15mm,1.6101575
SubNetW8CleanAuxExDnRcK8QdEma,minbias,0,test,19.322899,21.880077362060547,0.13233927865657513,2,40mm,1.8875529
SubNetW8CleanAuxExDnRcK8QdEma,minbias,0,test,96.546684,96.9970703125,0.004664956137969689,1,30mm,4.643874
SubNetW8CleanAuxExDnRcK8QdEma,minbias,0,test,30.154865,29.712203979492188,-0.014679597521390808,1,30mm,2.787724
SubNetW8CleanAuxExDnRcK8QdEma,minbias,0,test,15.439181,16.074729919433594,0.0411646562158432,2,40mm,2.8492522
SubNetW8CleanAuxExDnRcK8QdEma,minbias,0,test,32.852997,32.68873596191406,-0.004999874596735565,0,15mm,1.1925998
SubNetW8CleanAuxExDnRcK8QdEma,minbias,0,test,29.357033,27.46164894104004,-0.06456319510588282,0,15mm,0.8491324
SubNetW8CleanAuxExDnRcK8QdEma,minbias,0,test,12.066464,11.50737476348877,-0.04633417387170469,3,60mm,2.2405677
SubNetW8CleanAuxExDnRcK8QdEma,minbias,0,test,27.69391,28.398386001586914,0.025437917130551657,2,40mm,3.8026898
SubNetW8CleanAuxExDnRcK8QdEma,minbias,0,test,24.236002,23.174970626831055,-0.04377914075666711,2,40mm,2.455453
SubNetW8CleanAuxExDnRcK8QdEma,minbias,0,test,51.37848,64.22512817382812,0.25003949939711445,1,30mm,2.4880643
SubNetW8CleanAuxExDnRcK8QdEma,minbias,0,test,17.573692,18.310794830322266,0.041943519611499225,0,15mm,0.8076786
SubNetW8CleanAuxExDnRcK8QdEma,minbias,0,test,29.653067,29.02193832397461,-0.021283745081848937,3,60mm,4.637283
SubNetW8CleanAuxExDnRcK8QdEma,minbias,0,test,7.828657,7.908633232116699,0.010215811002197261,3,60mm,1.6233448
SubNetW8CleanAuxExDnRcK8QdEma,minbias,0,test,67.20103,70.17377471923828,0.04423664249101367,1,30mm,3.7655573
SubNetW8CleanAuxExDnRcK8QdEma,minbias,0,test,18.674124,18.622509002685547,-0.0027639723290222573,3,60mm,3.8003674
SubNetW8CleanAuxExDnRcK8QdEma,minbias,0,test,21.593754,20.53965187072754,-0.048815132052319576,2,40mm,3.4441445
SubNetW8CleanAuxExDnRcK8QdEma,minbias,0,test,6.0368605,6.858371257781982,0.13608245484633996,3,60mm,0.6365665
SubNetW8CleanAuxExDnRcK8QdEma,minbias,0,test,11.334107,11.434419631958008,0.008850474893167037,3,60mm,1.1900302
SubNetW8CleanAuxExDnRcK8QdEma,minbias,0,test,97.94101,98.68907165527344,0.007637884655711691,0,15mm,4.768614
SubNetW8CleanAuxExDnRcK8QdEma,minbias,0,test,46.48939,43.839927673339844,-0.05699071504150144,1,30mm,2.9623475
SubNetW8CleanAuxExDnRcK8QdEma,minbias,0,test,45.326195,44.11444091796875,-0.026734074006121822,3,60mm,4.532814
SubNetW8CleanAuxExDnRcK8QdEma,minbias,0,test,98.017624,91.29288482666016,-0.06860744840615574,0,15mm,4.531724
SubNetW8CleanAuxExDnRcK8QdEma,minbias,0,test,31.079746,29.118915557861328,-0.06309030559435813,1,30mm,1.5589259
SubNetW8CleanAuxExDnRcK8QdEma,minbias,0,test,9.153196,8.774605751037598,-0.041361571406512865,2,40mm,0.98860514
SubNetW8CleanAuxExDnRcK8QdEma,minbias,0,test,58.363636,61.322044372558594,0.050689240040819206,0,15mm,2.2032454
SubNetW8CleanAuxExDnRcK8QdEma,minbias,0,test,34.069214,34.39186477661133,0.00947045360898624,3,60mm,4.4569325
SubNetW8CleanAuxExDnRcK8QdEma,minbias,0,test,13.311291,13.685688018798828,0.02812629407002487,3,60mm,2.0928402
SubNetW8CleanAuxExDnRcK8QdEma,minbias,0,test,66.50089,65.16321563720703,-0.02011517362949522,1,30mm,3.333385
SubNetW8CleanAuxExDnRcK8QdEma,minbias,0,test,5.5617685,5.492033958435059,-0.012538201287153772,3,60mm,0.9152336
SubNetW8CleanAuxExDnRcK8QdEma,minbias,0,test,8.563342,8.292564392089844,-0.031620563483962916,3,60mm,1.2379085
SubNetW8CleanAuxExDnRcK8QdEma,minbias,0,test,13.967467,13.123403549194336,-0.060430695145709534,2,40mm,1.3062139
SubNetW8CleanAuxExDnRcK8QdEma,minbias,0,test,98.22641,96.2808837890625,-0.01980654820620731,0,15mm,3.3510847
SubNetW8CleanAuxExDnRcK8QdEma,minbias,0,test,28.20856,29.379865646362305,0.04152302221657256,1,30mm,2.4570167
SubNetW8CleanAuxExDnRcK8QdEma,minbias,0,test,13.311074,12.615362167358398,-0.05226566061549087,3,60mm,1.4499526
SubNetW8CleanAuxExDnRcK8QdEma,minbias,0,test,7.5112114,7.69974422454834,0.025100189485220747,2,40mm,0.9361221
SubNetW8CleanAuxExDnRcK8QdEma,minbias,0,test,15.825725,15.912517547607422,0.0054842952247660115,3,60mm,3.1270516
SubNetW8CleanAuxExDnRcK8QdEma,minbias,0,test,54.976818,55.24626159667969,0.004901038680479752,1,30mm,3.6912618
SubNetW8CleanAuxExDnRcK8QdEma,minbias,0,test,11.305304,11.16651439666748,-0.012276466176893597,3,60mm,2.4064813
SubNetW8CleanAuxExDnRcK8QdEma,minbias,0,test,59.662308,58.71385192871094,-0.015897068794118896,0,15mm,1.9036671
SubNetW8CleanAuxExDnRcK8QdEma,minbias,0,test,14.1066,14.125297546386719,0.0013254603449657232,3,60mm,2.5134096
SubNetW8CleanAuxExDnRcK8QdEma,minbias,0,test,32.42301,31.920623779296875,-0.01549479745744986,3,60mm,4.891535
SubNetW8CleanAuxExDnRcK8QdEma,minbias,0,test,31.758196,32.11299133300781,0.011171776170973535,3,60mm,4.7491193
SubNetW8CleanAuxExDnRcK8QdEma,minbias,0,test,35.51039,38.95182800292969,0.0969135131395591,1,30mm,1.9910752
SubNetW8CleanAuxExDnRcK8QdEma,minbias,0,test,82.96797,80.90038299560547,-0.024920324810308814,1,30mm,4.4994836
SubNetW8CleanAuxExDnRcK8QdEma,minbias,0,test,42.23335,40.68513488769531,-0.03665856487889907,2,40mm,3.0387454
SubNetW8CleanAuxExDnRcK8QdEma,minbias,0,test,6.567645,6.117992401123047,-0.06846482518777208,2,40mm,1.3348182
SubNetW8CleanAuxExDnRcK8QdEma,minbias,0,test,7.70797,9.563455581665039,0.24072296662157888,4,120mm,1.8061548
SubNetW8CleanAuxExDnRcK8QdEma,minbias,0,test,4.6512733,4.239514350891113,-0.08852606103874683,4,120mm,1.1146531
SubNetW8CleanAuxExDnRcK8QdEma,minbias,0,test,53.336716,49.92268753051758,-0.06400896873815431,1,30mm,3.161877
SubNetW8CleanAuxExDnRcK8QdEma,minbias,0,test,54.411354,53.7919921875,-0.011382952842933891,1,30mm,2.9521456
SubNetW8CleanAuxExDnRcK8QdEma,minbias,0,test,39.61386,38.50812911987305,-0.027912754118238903,2,40mm,4.3750734
SubNetW8CleanAuxExDnRcK8QdEma,minbias,0,test,31.782406,30.957212448120117,-0.02596384329622503,3,60mm,3.4283326
SubNetW8CleanAuxExDnRcK8QdEma,minbias,0,test,50.211166,47.9697380065918,-0.044640037998698756,0,15mm,2.1795664
SubNetW8CleanAuxExDnRcK8QdEma,minbias,0,test,80.23425,78.91609954833984,-0.016428811052840553,1,30mm,4.1960635
SubNetW8CleanAuxExDnRcK8QdEma,minbias,0,test,19.255999,18.49652862548828,-0.03944069592476551,3,60mm,3.1088471
SubNetW8CleanAuxExDnRcK8QdEma,minbias,0,test,7.0113177,7.293036460876465,0.04018056830075012,3,60mm,0.9967084
SubNetW8CleanAuxExDnRcK8QdEma,minbias,0,test,44.383373,44.75539779663086,0.008382069878945408,2,40mm,3.7375934
SubNetW8CleanAuxExDnRcK8QdEma,minbias,0,test,21.377483,21.29253387451172,-0.00397378362766887,3,60mm,4.2296987
SubNetW8CleanAuxExDnRcK8QdEma,minbias,0,test,79.113884,80.98126983642578,0.02360376928169461,1,30mm,3.4057302
SubNetW8CleanAuxExDnRcK8QdEma,minbias,0,test,62.156124,62.26860809326172,0.001809700650950985,1,30mm,4.226364
SubNetW8CleanAuxExDnRcK8QdEma,minbias,0,test,7.490326,6.935336112976074,-0.07409421433897079,3,60mm,1.5531831
SubNetW8CleanAuxExDnRcK8QdEma,minbias,0,test,68.999435,75.50012969970703,0.09421373138606004,0,15mm,2.6402795
SubNetW8CleanAuxExDnRcK8QdEma,minbias,0,test,20.20748,19.183820724487305,-0.05065741888344555,3,60mm,4.338991
SubNetW8CleanAuxExDnRcK8QdEma,minbias,0,test,9.703577,9.574943542480469,-0.013256296991686844,2,40mm,0.87759686
SubNetW8CleanAuxExDnRcK8QdEma,minbias,0,test,21.406706,22.077106475830078,0.03131731822758743,3,60mm,3.3784814
SubNetW8CleanAuxExDnRcK8QdEma,minbias,0,test,64.60004,63.8156623840332,-0.012142009170385326,1,30mm,3.0460362
SubNetW8CleanAuxExDnRcK8QdEma,minbias,0,test,12.559024,12.765308380126953,0.01642520353151178,3,60mm,1.9654723
SubNetW8CleanAuxExDnRcK8QdEma,minbias,0,test,7.2181997,7.059371471405029,-0.02200386030550816,2,40mm,0.670688
SubNetW8CleanAuxExDnRcK8QdEma,minbias,0,test,37.08727,35.62432098388672,-0.03944609273307853,1,30mm,1.800398
SubNetW8CleanAuxExDnRcK8QdEma,minbias,0,test,27.018663,30.26399040222168,0.12011426868304054,3,60mm,3.518059
SubNetW8CleanAuxExDnRcK8QdEma,minbias,0,test,4.7008004,4.7095208168029785,0.0018550878940197801,3,60mm,0.78106683
SubNetW8CleanAuxExDnRcK8QdEma,minbias,0,test,51.558018,50.722442626953125,-0.016206501734104095,2,40mm,4.673129
SubNetW8CleanAuxExDnRcK8QdEma,minbias,0,test,49.267227,49.609989166259766,0.0069572008224785264,2,40mm,3.489402
SubNetW8CleanAuxExDnRcK8QdEma,minbias,0,test,79.07412,41.070674896240234,-0.4806053469746401,1,30mm,4.969575
SubNetW8CleanAuxExDnRcK8QdEma,minbias,0,test,12.21666,12.25613021850586,0.0032308891361938485,4,120mm,2.940945
SubNetW8CleanAuxExDnRcK8QdEma,minbias,0,test,37.63708,39.722190856933594,0.05540040957457859,3,60mm,4.8629866
SubNetW8CleanAuxExDnRcK8QdEma,minbias,0,test,8.467438,8.225799560546875,-0.028537343987082853,2,40mm,1.4994632
SubNetW8CleanAuxExDnRcK8QdEma,minbias,0,test,9.6446495,9.869928359985352,0.02335790992082787,4,120mm,2.1704986
SubNetW8CleanAuxExDnRcK8QdEma,minbias,0,test,13.956632,12.875459671020508,-0.07746654176622247,4,120mm,2.955077
SubNetW8CleanAuxExDnRcK8QdEma,minbias,0,test,22.501421,22.377683639526367,-0.005499089828328252,3,60mm,4.358149
SubNetW8CleanAuxExDnRcK8QdEma,minbias,0,test,25.134647,25.538246154785156,0.01605746758524229,2,40mm,2.7837772
SubNetW8CleanAuxExDnRcK8QdEma,minbias,0,test,26.512457,26.226423263549805,-0.010788650464026883,3,60mm,4.5031996
SubNetW8CleanAuxExDnRcK8QdEma,minbias,0,test,13.591012,12.845661163330078,-0.05484145239888072,3,60mm,3.156886
SubNetW8CleanAuxExDnRcK8QdEma,minbias,0,test,5.841679,6.318696975708008,0.08165766582327216,3,60mm,0.8648577
SubNetW8CleanAuxExDnRcK8QdEma,minbias,0,test,7.1259084,6.686296463012695,-0.06169205224826657,4,120mm,1.577615
SubNetW8CleanAuxExDnRcK8QdEma,minbias,0,test,34.2555,35.44210433959961,0.03463979561405872,2,40mm,2.8362858
SubNetW8CleanAuxExDnRcK8QdEma,minbias,0,test,36.896034,35.79450988769531,-0.029854817074393747,1,30mm,1.9387069
SubNetW8CleanAuxExDnRcK8QdEma,minbias,0,test,15.914781,16.44556999206543,0.033351975631143116,3,60mm,2.5730572
SubNetW8CleanAuxExDnRcK8QdEma,minbias,0,test,23.254854,22.70648956298828,-0.02358065264621989,3,60mm,4.209828
SubNetW8CleanAuxExDnRcK8QdEma,minbias,0,test,32.08779,25.86507225036621,-0.1939279368473762,1,30mm,1.8099874
SubNetW8CleanAuxExDnRcK8QdEma,minbias,0,test,5.955244,6.539409637451172,0.09809263345208263,4,120mm,1.3506109
SubNetW8CleanAuxExDnRcK8QdEma,minbias,0,test,50.317566,46.4940185546875,-0.07598832124579846,2,40mm,4.579489
SubNetW8CleanAuxExDnRcK8QdEma,minbias,0,test,8.773356,8.668519973754883,-0.011949413508145157,3,60mm,1.4326363
SubNetW8CleanAuxExDnRcK8QdEma,minbias,0,test,17.814528,17.412073135375977,-0.022591358426919728,3,60mm,2.8296657
SubNetW8CleanAuxExDnRcK8QdEma,minbias,0,test,66.65606,70.16313934326172,0.052614572730364184,1,30mm,3.2244716
SubNetW8CleanAuxExDnRcK8QdEma,minbias,0,test,27.033173,26.701385498046875,-0.01227333225712135,2,40mm,2.8067274
SubNetW8CleanAuxExDnRcK8QdEma,minbias,0,test,48.27149,49.739803314208984,0.030417854919689624,2,40mm,4.71608
SubNetW8CleanAuxExDnRcK8QdEma,minbias,0,test,73.354996,71.58049011230469,-0.024190658013605315,1,30mm,3.2709143
SubNetW8CleanAuxExDnRcK8QdEma,minbias,0,test,41.3257,40.87790298461914,-0.010835772421363687,3,60mm,4.5791693
SubNetW8CleanAuxExDnRcK8QdEma,minbias,0,test,37.464264,35.06842803955078,-0.06394989854426703,3,60mm,4.068633
SubNetW8CleanAuxExDnRcK8QdEma,minbias,0,test,3.245428,3.1422979831695557,-0.03177704125500502,3,60mm,0.55324805
SubNetW8CleanAuxExDnRcK8QdEma,minbias,0,test,14.606114,18.512874603271484,0.26747429960561186,0,15mm,0.54353815
SubNetW8CleanAuxExDnRcK8QdEma,minbias,0,test,16.242466,16.01772689819336,-0.013836511960806597,3,60mm,3.0522733
SubNetW8CleanAuxExDnRcK8QdEma,minbias,0,test,21.115992,21.891029357910156,0.03670382999118127,1,30mm,0.95164
SubNetW8CleanAuxExDnRcK8QdEma,minbias,0,test,22.333778,21.569746017456055,-0.03420972263831956,3,60mm,3.596823
SubNetW8CleanAuxExDnRcK8QdEma,minbias,0,test,15.479313,14.94067668914795,-0.03479716516967657,2,40mm,2.2428901
SubNetW8CleanAuxExDnRcK8QdEma,minbias,0,test,92.07575,90.00601959228516,-0.022478585460908196,1,30mm,4.4131117
SubNetW8CleanAuxExDnRcK8QdEma,minbias,0,test,62.563538,60.65290069580078,-0.030539144287887066,1,30mm,3.626042
SubNetW8CleanAuxExDnRcK8QdEma,minbias,0,test,87.79264,64.2515869140625,-0.2681438169306285,0,15mm,2.7593827
SubNetW8CleanAuxExDnRcK8QdEma,minbias,0,test,69.60593,68.31251525878906,-0.01858191277187815,1,30mm,4.056604
SubNetW8CleanAuxExDnRcK8QdEma,minbias,0,test,26.564339,26.8841495513916,0.012039105174532772,3,60mm,3.6604488
SubNetW8CleanAuxExDnRcK8QdEma,minbias,0,test,50.8149,50.444435119628906,-0.007290466556077901,1,30mm,2.067114
SubNetW8CleanAuxExDnRcK8QdEma,minbias,0,test,38.58689,40.189918518066406,0.04154331419207424,0,15mm,1.3251178
SubNetW8CleanAuxExDnRcK8QdEma,minbias,0,test,18.909077,19.232133865356445,0.017084767276974056,3,60mm,3.1113658
SubNetW8CleanAuxExDnRcK8QdEma,minbias,0,test,20.590849,26.18419075012207,0.2716421187092626,2,40mm,2.0204368
SubNetW8CleanAuxExDnRcK8QdEma,minbias,0,test,33.253628,32.85453414916992,-0.012001506440284637,3,60mm,4.4323597
SubNetW8CleanAuxExDnRcK8QdEma,minbias,0,test,46.722534,46.108802795410156,-0.01313566130460797,2,40mm,4.1323104
SubNetW8CleanAuxExDnRcK8QdEma,minbias,0,test,29.653276,33.94022750854492,0.14456922064697708,2,40mm,3.0443363
SubNetW8CleanAuxExDnRcK8QdEma,minbias,0,test,43.116154,44.52593231201172,0.03269722536529285,1,30mm,2.971178
SubNetW8CleanAuxExDnRcK8QdEma,minbias,0,test,71.766174,66.05317687988281,-0.07960571245355352,1,30mm,3.2960079
SubNetW8CleanAuxExDnRcK8QdEma,minbias,0,test,8.984691,8.971134185791016,-0.0015088421973964428,3,60mm,2.1260815
SubNetW8CleanAuxExDnRcK8QdEma,minbias,0,test,28.262089,28.6654052734375,0.014270583501614365,1,30mm,1.2671274
SubNetW8CleanAuxExDnRcK8QdEma,minbias,0,test,17.234486,17.18876075744629,-0.00265310318892531,2,40mm,1.5336748
SubNetW8CleanAuxExDnRcK8QdEma,minbias,0,test,14.450377,14.5468168258667,0.006673829926627128,3,60mm,3.0723472
SubNetW8CleanAuxExDnRcK8QdEma,minbias,0,test,56.67374,52.658939361572266,-0.07084058680401095,1,30mm,4.9442654
SubNetW8CleanAuxExDnRcK8QdEma,minbias,0,test,11.184645,11.134700775146484,-0.004465401029165372,4,120mm,2.4755387
SubNetW8CleanAuxExDnRcK8QdEma,minbias,0,test,45.381546,44.19878387451172,-0.026062623460681666,2,40mm,3.2752616
SubNetW8CleanAuxExDnRcK8QdEma,minbias,0,test,16.856503,17.01946258544922,0.009667488980682926,3,60mm,2.7290099
SubNetW8CleanAuxExDnRcK8QdEma,minbias,0,test,10.6583395,10.411852836608887,-0.023126178689323873,2,40mm,0.94183654
SubNetW8CleanAuxExDnRcK8QdEma,minbias,0,test,12.247465,11.727845191955566,-0.0424267336987999,2,40mm,1.1403167
SubNetW8CleanAuxExDnRcK8QdEma,minbias,0,test,62.795155,60.94631576538086,-0.02944238004934341,0,15mm,1.5511202
SubNetW8CleanAuxExDnRcK8QdEma,minbias,0,test,34.110188,33.95975875854492,-0.0044100834050845306,2,40mm,3.259836
SubNetW8CleanAuxExDnRcK8QdEma,minbias,0,test,55.68185,55.50334548950195,-0.0032058012163465044,1,30mm,4.9222856
SubNetW8CleanAuxExDnRcK8QdEma,minbias,0,test,34.340046,36.36894607543945,0.05908262763194605,1,30mm,1.9302907
SubNetW8CleanAuxExDnRcK8QdEma,minbias,0,test,3.2106814,3.7100634574890137,0.15553770394756672,4,120mm,0.70849055
SubNetW8CleanAuxExDnRcK8QdEma,minbias,0,test,7.6529775,7.496703624725342,-0.020420005486790016,3,60mm,1.5146333
SubNetW8CleanAuxExDnRcK8QdEma,minbias,0,test,85.83439,83.81450653076172,-0.023532318828921595,0,15mm,2.5792143
SubNetW8CleanAuxExDnRcK8QdEma,minbias,0,test,61.137882,58.84859085083008,-0.037444728182173925,1,30mm,3.0772493
SubNetW8CleanAuxExDnRcK8QdEma,minbias,0,test,51.943268,52.25388717651367,0.005979973291455165,0,15mm,1.8938515
SubNetW8CleanAuxExDnRcK8QdEma,minbias,0,test,33.15958,32.49483871459961,-0.02004674098671455,2,40mm,2.6932318
SubNetW8CleanAuxExDnRcK8QdEma,minbias,0,test,52.73943,52.857208251953125,0.002233220557201987,2,40mm,3.5061426
SubNetW8CleanAuxExDnRcK8QdEma,minbias,0,test,27.29501,27.149398803710938,-0.005334704452956918,2,40mm,3.6519465
SubNetW8CleanAuxExDnRcK8QdEma,minbias,0,test,42.28952,49.397796630859375,0.1680860015168757,2,40mm,4.519315
SubNetW8CleanAuxExDnRcK8QdEma,minbias,0,test,41.705006,43.23166275024414,0.03660608794684794,1,30mm,1.7937998
SubNetW8CleanAuxExDnRcK8QdEma,minbias,0,test,64.57874,64.07499694824219,-0.007800493002215747,1,30mm,2.989515
SubNetW8CleanAuxExDnRcK8QdEma,minbias,0,test,8.408595,8.249510765075684,-0.018919250892390216,2,40mm,0.59242785
SubNetW8CleanAuxExDnRcK8QdEma,minbias,0,test,72.84439,82.146484375,0.12769814387726663,0,15mm,1.8696711
SubNetW8CleanAuxExDnRcK8QdEma,minbias,0,test,46.61472,45.47609329223633,-0.02442632098855546,2,40mm,3.4245245
SubNetW8CleanAuxExDnRcK8QdEma,minbias,0,test,10.544632,10.400976181030273,-0.01362359326998075,3,60mm,2.0743086
SubNetW8CleanAuxExDnRcK8QdEma,minbias,0,test,60.24314,58.65388488769531,-0.02638070086721578,1,30mm,2.5664935
SubNetW8CleanAuxExDnRcK8QdEma,minbias,0,test,16.706839,15.806639671325684,-0.05388206336312873,2,40mm,3.645146
SubNetW8CleanAuxExDnRcK8QdEma,minbias,0,test,25.390173,25.279664993286133,-0.004352391189656801,3,60mm,4.206118
SubNetW8CleanAuxExDnRcK8QdEma,minbias,0,test,24.43856,28.265100479125977,0.15657796192632945,1,30mm,1.1610255
SubNetW8CleanAuxExDnRcK8QdEma,minbias,0,test,19.50134,19.171302795410156,-0.01692386554058023,2,40mm,3.1088872
SubNetW8CleanAuxExDnRcK8QdEma,minbias,0,test,14.791272,14.071208000183105,-0.04868169250446153,3,60mm,3.1853895
SubNetW8CleanAuxExDnRcK8QdEma,minbias,0,test,9.90708,10.170093536376953,0.026548069438714128,3,60mm,1.7407382
SubNetW8CleanAuxExDnRcK8QdEma,minbias,0,test,24.279112,23.730058670043945,-0.02261422062121976,3,60mm,4.124612
SubNetW8CleanAuxExDnRcK8QdEma,minbias,0,test,14.451357,14.293270111083984,-0.010939234146702614,1,30mm,1.0498625
SubNetW8CleanAuxExDnRcK8QdEma,minbias,0,test,25.420588,24.499454498291016,-0.03623571012842497,3,60mm,3.0937276
SubNetW8CleanAuxExDnRcK8QdEma,minbias,0,test,32.579727,32.43260955810547,-0.004515618377206265,3,60mm,4.0231633
SubNetW8CleanAuxExDnRcK8QdEma,minbias,0,test,19.778234,19.50801658630371,-0.01366238709305978,3,60mm,3.630505
SubNetW8CleanAuxExDnRcK8QdEma,minbias,0,test,16.05995,18.444902420043945,0.14850311263403881,3,60mm,3.4611325
SubNetW8CleanAuxExDnRcK8QdEma,minbias,0,test,86.30254,95.27763366699219,0.10399566047878839,1,30mm,4.225364
SubNetW8CleanAuxExDnRcK8QdEma,minbias,0,test,18.020884,17.242637634277344,-0.04318578072514434,4,120mm,3.9074957
SubNetW8CleanAuxExDnRcK8QdEma,minbias,0,test,4.9707575,4.954445838928223,-0.003281521087859507,3,60mm,1.1358831
SubNetW8CleanAuxExDnRcK8QdEma,minbias,0,test,8.904559,13.746373176574707,0.5437455091818055,1,30mm,0.58229446
SubNetW8CleanAuxExDnRcK8QdEma,minbias,0,test,88.44506,87.76566314697266,-0.007681577438021003,1,30mm,3.655797
SubNetW8CleanAuxExDnRcK8QdEma,minbias,0,test,5.368453,5.435171604156494,0.012427896456905119,3,60mm,1.2395024
SubNetW8CleanAuxExDnRcK8QdEma,minbias,0,test,62.394947,61.347721099853516,-0.016783826281247527,2,40mm,4.6363554
SubNetW8CleanAuxExDnRcK8QdEma,minbias,0,test,78.17638,78.17919158935547,3.60114744855089e-05,1,30mm,3.472882
SubNetW8CleanAuxExDnRcK8QdEma,minbias,0,test,23.865374,23.83980369567871,-0.001071423233836022,3,60mm,3.0311956
SubNetW8CleanAuxExDnRcK8QdEma,minbias,0,test,8.342602,8.426270484924316,0.010029090569890764,3,60mm,1.4943421
SubNetW8CleanAuxExDnRcK8QdEma,minbias,0,test,86.45836,84.84374237060547,-0.01867507569092508,1,30mm,4.7577605
SubNetW8CleanAuxExDnRcK8QdEma,minbias,0,test,5.437723,5.065561771392822,-0.06844066486304656,3,60mm,1.0082247
SubNetW8CleanAuxExDnRcK8QdEma,minbias,0,test,15.847576,15.775835037231445,-0.00452694490854999,4,120mm,3.570709
SubNetW8CleanAuxExDnRcK8QdEma,minbias,0,test,12.640916,11.138114929199219,-0.11888386544479457,3,60mm,1.3582578
SubNetW8CleanAuxExDnRcK8QdEma,minbias,0,test,5.0287137,4.9639387130737305,-0.012881025627118237,3,60mm,0.8888707
SubNetW8CleanAuxExDnRcK8QdEma,minbias,0,test,90.436676,89.25768280029297,-0.013036671369552,1,30mm,4.223984
SubNetW8CleanAuxExDnRcK8QdEma,minbias,0,test,10.036556,10.259072303771973,0.022170558752242053,2,40mm,1.035631
SubNetW8CleanAuxExDnRcK8QdEma,minbias,0,test,6.237412,5.504965305328369,-0.11742797707877373,3,60mm,0.69084215
SubNetW8CleanAuxExDnRcK8QdEma,minbias,0,test,77.4413,78.48637390136719,0.013495053291569414,1,30mm,4.688525
SubNetW8CleanAuxExDnRcK8QdEma,minbias,0,test,2.6357718,2.5513086318969727,-0.032044929331172534,4,120mm,0.5981874
SubNetW8CleanAuxExDnRcK8QdEma,minbias,0,test,14.230686,13.688260078430176,-0.038116651731180506,2,40mm,2.0104797
SubNetW8CleanAuxExDnRcK8QdEma,minbias,0,test,31.930496,33.129207611083984,0.037541270488297585,3,60mm,4.573839
SubNetW8CleanAuxExDnRcK8QdEma,minbias,0,test,7.7293367,7.777854919433594,0.0062771467317441765,3,60mm,1.0228561
SubNetW8CleanAuxExDnRcK8QdEma,minbias,0,test,42.581234,40.360069274902344,-0.05216299519414036,1,30mm,1.9416732
SubNetW8CleanAuxExDnRcK8QdEma,minbias,0,test,36.204315,35.29703140258789,-0.025060100662287366,2,40mm,3.73489
SubNetW8CleanAuxExDnRcK8QdEma,minbias,0,test,70.30558,68.0934829711914,-0.031464034058039325,1,30mm,4.52672
SubNetW8CleanAuxExDnRcK8QdEma,minbias,0,test,45.50523,48.57603454589844,0.06748245419976295,0,15mm,0.9716201
SubNetW8CleanAuxExDnRcK8QdEma,minbias,0,test,79.09219,76.48424530029297,-0.032973523484455924,0,15mm,2.8928642
SubNetW8CleanAuxExDnRcK8QdEma,minbias,0,test,4.7142305,4.35650634765625,-0.0758817768709481,3,60mm,0.7715171
SubNetW8CleanAuxExDnRcK8QdEma,minbias,0,test,17.337461,18.244613647460938,0.052323241057609104,4,120mm,3.8822575
SubNetW8CleanAuxExDnRcK8QdEma,minbias,0,test,97.410965,99.60002136230469,0.022472381802731034,1,30mm,4.820654
SubNetW8CleanAuxExDnRcK8QdEma,minbias,0,test,11.808763,11.088868141174316,-0.06096273052404688,3,60mm,2.6943033
SubNetW8CleanAuxExDnRcK8QdEma,minbias,0,test,6.710476,6.686774253845215,-0.00353203976326677,3,60mm,1.5945323
SubNetW8CleanAuxExDnRcK8QdEma,minbias,0,test,26.912128,26.45459747314453,-0.017000921209839537,2,40mm,4.5388384
SubNetW8CleanAuxExDnRcK8QdEma,minbias,0,test,83.52778,82.8414306640625,-0.008217002447810096,0,15mm,4.6304026
SubNetW8CleanAuxExDnRcK8QdEma,minbias,0,test,34.598396,36.65602493286133,0.059471792093331644,1,30mm,1.9021891
SubNetW8CleanAuxExDnRcK8QdEma,minbias,0,test,13.653925,14.146519660949707,0.036077151516870076,2,40mm,1.575701
SubNetW8CleanAuxExDnRcK8QdEma,minbias,0,test,45.764153,45.25007629394531,-0.01123316404927377,1,30mm,2.7271962
SubNetW8CleanAuxExDnRcK8QdEma,minbias,0,test,18.301947,18.204252243041992,-0.005337923822762214,3,60mm,3.1838114
SubNetW8CleanAuxExDnRcK8QdEma,minbias,0,test,92.14086,91.68035888671875,-0.0049978111443595985,0,15mm,4.4968963
SubNetW8CleanAuxExDnRcK8QdEma,minbias,0,test,35.989643,35.9010124206543,-0.0024626717200512127,3,60mm,4.125925
SubNetW8CleanAuxExDnRcK8QdEma,minbias,0,test,79.49312,83.70426177978516,0.05297494405106207,0,15mm,3.8172126
SubNetW8CleanAuxExDnRcK8QdEma,minbias,0,test,5.097421,5.192053318023682,0.01856471058600473,3,60mm,0.8288528
SubNetW8CleanAuxExDnRcK8QdEma,minbias,0,test,17.522196,17.115110397338867,-0.023232557321869463,3,60mm,3.4527469
SubNetW8CleanAuxExDnRcK8QdEma,minbias,0,test,75.170975,77.15164184570312,0.02634882840529751,1,30mm,4.741131
SubNetW8CleanAuxExDnRcK8QdEma,minbias,0,test,12.815,12.76877498626709,-0.003607069499008797,3,60mm,1.4247291
SubNetW8CleanAuxExDnRcK8QdEma,minbias,0,test,5.9954243,5.70593786239624,-0.048284557550291374,3,60mm,1.157491
SubNetW8CleanAuxExDnRcK8QdEma,minbias,0,test,11.196432,11.569488525390625,0.03331922240554119,0,15mm,0.5447918
SubNetW8CleanAuxExDnRcK8QdEma,minbias,0,test,22.05521,21.06896209716797,-0.04471723512407633,2,40mm,2.0674398
SubNetW8CleanAuxExDnRcK8QdEma,minbias,0,test,11.332609,11.807271003723145,0.0418846021855237,3,60mm,2.244092
SubNetW8CleanAuxExDnRcK8QdEma,minbias,0,test,36.921402,37.3436279296875,0.011435804967679708,0,15mm,1.1785297
SubNetW8CleanAuxExDnRcK8QdEma,minbias,0,test,16.881104,13.208280563354492,-0.21757007466194234,3,60mm,1.9003425
SubNetW8CleanAuxExDnRcK8QdEma,minbias,0,test,17.906576,17.398094177246094,-0.02839638214043727,3,60mm,3.365595
SubNetW8CleanAuxExDnRcK8QdEma,minbias,0,test,11.261156,11.583749771118164,0.0286465871364745,3,60mm,1.6531374
SubNetW8CleanAuxExDnRcK8QdEma,minbias,0,test,9.409683,9.258743286132812,-0.016040916336534927,4,120mm,2.0765038
SubNetW8CleanAuxExDnRcK8QdEma,minbias,0,test,55.366302,57.34374237060547,0.035715584957472624,1,30mm,2.73391
SubNetW8CleanAuxExDnRcK8QdEma,minbias,0,test,50.874996,51.57882308959961,0.01383443650262528,2,40mm,4.4705734
SubNetW8CleanAuxExDnRcK8QdEma,minbias,0,test,54.775112,63.8387336730957,0.16546970266036554,1,30mm,4.4905043
SubNetW8CleanAuxExDnRcK8QdEma,minbias,0,test,9.18238,15.12788200378418,0.6474903522622553,1,30mm,0.7632009
SubNetW8CleanAuxExDnRcK8QdEma,minbias,0,test,37.554985,38.22010040283203,0.01771044125363863,2,40mm,2.796578
SubNetW8CleanAuxExDnRcK8QdEma,minbias,0,test,33.66574,34.328678131103516,0.019691744345103457,2,40mm,3.1551433
SubNetW8CleanAuxExDnRcK8QdEma,minbias,0,test,19.2132,18.76228904724121,-0.023468791105154763,3,60mm,4.593273
SubNetW8CleanAuxExDnRcK8QdEma,minbias,0,test,47.44961,47.629661560058594,0.003794549416250126,2,40mm,3.3837943
SubNetW8CleanAuxExDnRcK8QdEma,minbias,0,test,16.837143,16.5749454498291,-0.015572564500620278,3,60mm,3.2555044
SubNetW8CleanAuxExDnRcK8QdEma,minbias,0,test,25.468882,25.443090438842773,-0.0010126541326316296,3,60mm,4.1927204
SubNetW8CleanAuxExDnRcK8QdEma,minbias,0,test,27.366508,29.07461929321289,0.06241610289204047,2,40mm,3.9873226
SubNetW8CleanAuxExDnRcK8QdEma,minbias,0,test,15.693776,15.203669548034668,-0.031229359878761187,2,40mm,1.4063195
SubNetW8CleanAuxExDnRcK8QdEma,minbias,0,test,37.40775,37.34590530395508,-0.0016532369210267017,2,40mm,3.3241808
SubNetW8CleanAuxExDnRcK8QdEma,minbias,0,test,38.59419,41.368202209472656,0.07187645636381879,1,30mm,1.5910162
SubNetW8CleanAuxExDnRcK8QdEma,minbias,0,test,39.180534,38.837562561035156,-0.008753627466691949,2,40mm,4.898897
SubNetW8CleanAuxExDnRcK8QdEma,minbias,0,test,8.788325,7.925053119659424,-0.09822943048500055,3,60mm,1.5328135
SubNetW8CleanAuxExDnRcK8QdEma,minbias,0,test,11.440079,11.349233627319336,-0.007940951293586962,3,60mm,2.61752
SubNetW8CleanAuxExDnRcK8QdEma,minbias,0,test,35.025578,33.819644927978516,-0.03443005659599563,2,40mm,4.7989244
SubNetW8CleanAuxExDnRcK8QdEma,minbias,0,test,59.539845,56.62739181518555,-0.04891602794026373,1,30mm,4.312608
SubNetW8CleanAuxExDnRcK8QdEma,minbias,0,test,40.13289,40.90849685668945,0.019325996359901954,2,40mm,3.0004563
SubNetW8CleanAuxExDnRcK8QdEma,minbias,0,test,67.16955,77.55925750732422,0.15467886529910624,1,30mm,4.5281305
SubNetW8CleanAuxExDnRcK8QdEma,minbias,0,test,61.399357,58.630226135253906,-0.04510032106543249,1,30mm,3.1307797
SubNetW8CleanAuxExDnRcK8QdEma,minbias,0,test,81.31058,76.61985778808594,-0.05768892258438629,1,30mm,3.382752
SubNetW8CleanAuxExDnRcK8QdEma,minbias,0,test,89.4931,87.87245178222656,-0.018109230659060005,1,30mm,4.3229003
SubNetW8CleanAuxExDnRcK8QdEma,minbias,0,test,8.754715,9.286822319030762,0.06077951769850576,2,40mm,0.57485807
SubNetW8CleanAuxExDnRcK8QdEma,minbias,0,test,11.377644,10.89512825012207,-0.04240907455656695,3,60mm,1.6011817
SubNetW8CleanAuxExDnRcK8QdEma,minbias,0,test,24.26293,23.717613220214844,-0.02247530277861476,3,60mm,3.1749082
SubNetW8CleanAuxExDnRcK8QdEma,minbias,0,test,9.631158,9.23910903930664,-0.04070630352447735,4,120mm,2.0850627
SubNetW8CleanAuxExDnRcK8QdEma,minbias,0,test,20.940294,20.122804641723633,-0.03903907049485167,3,60mm,4.776781
SubNetW8CleanAuxExDnRcK8QdEma,minbias,0,test,27.742426,27.031204223632812,-0.025636607881143636,3,60mm,4.650124
SubNetW8CleanAuxExDnRcK8QdEma,minbias,0,test,9.183819,9.266468048095703,0.008999440494491528,4,120mm,2.0276365
SubNetW8CleanAuxExDnRcK8QdEma,minbias,0,test,57.14844,59.100868225097656,0.034164132310259054,2,40mm,3.7019463
SubNetW8CleanAuxExDnRcK8QdEma,minbias,0,test,32.90013,32.33515548706055,-0.017172446354439375,3,60mm,4.021908
SubNetW8CleanAuxExDnRcK8QdEma,minbias,0,test,9.964905,9.976333618164062,0.0011469084004531727,3,60mm,2.02689
SubNetW8CleanAuxExDnRcK8QdEma,minbias,0,test,24.2314,25.627365112304688,0.05760977916650134,2,40mm,1.9024311
SubNetW8CleanAuxExDnRcK8QdEma,minbias,0,test,15.693254,15.391919136047363,-0.01920158341522049,3,60mm,2.4573295
SubNetW8CleanAuxExDnRcK8QdEma,minbias,0,test,24.111404,24.2094783782959,0.004067534086630298,3,60mm,4.224396
SubNetW8CleanAuxExDnRcK8QdEma,minbias,0,test,20.144629,19.52110481262207,-0.030952355929085296,3,60mm,4.352245
SubNetW8CleanAuxExDnRcK8QdEma,minbias,0,test,8.656194,8.728094100952148,0.008306233657978668,3,60mm,2.0235167
SubNetW8CleanAuxExDnRcK8QdEma,minbias,0,test,52.893948,53.38554382324219,0.009293997597403347,2,40mm,3.5604827
SubNetW8CleanAuxExDnRcK8QdEma,minbias,0,test,50.598763,54.45212173461914,0.07615520678954324,2,40mm,3.203355
SubNetW8CleanAuxExDnRcK8QdEma,minbias,0,test,10.0075035,10.173107147216797,0.016547947001742447,3,60mm,2.3968933
SubNetW8CleanAuxExDnRcK8QdEma,minbias,0,test,10.260972,10.651381492614746,0.03804800059185398,1,30mm,0.5178708
SubNetW8CleanAuxExDnRcK8QdEma,minbias,0,test,81.75886,78.96202850341797,-0.03420827175655916,0,15mm,1.9195269
SubNetW8CleanAuxExDnRcK8QdEma,minbias,0,test,22.606731,22.615188598632812,0.000374100248404563,2,40mm,2.4753842
SubNetW8CleanAuxExDnRcK8QdEma,minbias,0,test,73.61647,69.66046142578125,-0.05373809547004482,1,30mm,3.5213792
SubNetW8CleanAuxExDnRcK8QdEma,minbias,0,test,13.718979,12.6850004196167,-0.07536847101559696,3,60mm,2.1710968
SubNetW8CleanAuxExDnRcK8QdEma,minbias,0,test,46.980354,46.480098724365234,-0.010648186717061248,2,40mm,4.007808
SubNetW8CleanAuxExDnRcK8QdEma,minbias,0,test,33.879066,36.62964630126953,0.08118818257995497,1,30mm,1.9611361
SubNetW8CleanAuxExDnRcK8QdEma,minbias,0,test,8.676645,9.183810234069824,0.058451733225823865,4,120mm,1.7364662
SubNetW8CleanAuxExDnRcK8QdEma,minbias,0,test,26.88698,27.38824462890625,0.018643394352408027,2,40mm,2.9736128
SubNetW8CleanAuxExDnRcK8QdEma,minbias,0,test,29.185017,29.038223266601562,-0.005029750961908386,2,40mm,3.275572
SubNetW8CleanAuxExDnRcK8QdEma,minbias,0,test,34.9387,33.08644104003906,-0.05301457991296188,3,60mm,3.5905006
SubNetW8CleanAuxExDnRcK8QdEma,minbias,0,test,69.44539,73.01313781738281,0.051374887309271644,0,15mm,1.9316117
SubNetW8CleanAuxExDnRcK8QdEma,minbias,0,test,20.180765,20.04935646057129,-0.0065115812218533575,3,60mm,3.2886226
SubNetW8CleanAuxExDnRcK8QdEma,minbias,0,test,17.279213,19.655601501464844,0.1375287495126547,4,120mm,3.8079
SubNetW8CleanAuxExDnRcK8QdEma,minbias,0,test,24.604431,22.952707290649414,-0.0671311542001245,1,30mm,1.0777473
SubNetW8CleanAuxExDnRcK8QdEma,minbias,0,test,23.564917,24.672868728637695,0.047017018401669386,3,60mm,2.927753
SubNetW8CleanAuxExDnRcK8QdEma,minbias,0,test,8.414539,7.905434608459473,-0.06050298278962796,2,40mm,0.6626264
SubNetW8CleanAuxExDnRcK8QdEma,minbias,0,test,97.99489,94.57160949707031,-0.03493323853705421,0,15mm,2.965466
SubNetW8CleanAuxExDnRcK8QdEma,minbias,0,test,4.7277384,4.982635021209717,0.05391513240931278,2,40mm,0.6051016
SubNetW8CleanAuxExDnRcK8QdEma,minbias,0,test,38.782516,42.60927963256836,0.09867237870187529,1,30mm,2.1795847
SubNetW8CleanAuxExDnRcK8QdEma,minbias,0,test,26.328125,26.89057731628418,0.021363174030971877,2,40mm,2.9846354
SubNetW8CleanAuxExDnRcK8QdEma,minbias,0,test,67.78878,57.95366287231445,-0.1450847368734406,1,30mm,4.4628897
SubNetW8CleanAuxExDnRcK8QdEma,minbias,0,test,17.229122,16.669103622436523,-0.032504182985494734,3,60mm,3.8166199
SubNetW8CleanAuxExDnRcK8QdEma,minbias,0,test,15.876249,16.340993881225586,0.02927294467970909,2,40mm,1.3079404
SubNetW8CleanAuxExDnRcK8QdEma,minbias,0,test,16.214521,16.291519165039062,0.004748691313185116,4,120mm,3.7436333
SubNetW8CleanAuxExDnRcK8QdEma,minbias,0,test,40.436695,39.75535583496094,-0.01684952893034375,3,60mm,4.639482
SubNetW8CleanAuxExDnRcK8QdEma,minbias,0,test,8.67426,7.953749656677246,-0.08306304759180272,3,60mm,1.0247324
SubNetW8CleanAuxExDnRcK8QdEma,minbias,0,test,5.894157,5.894437789916992,4.7650086243411494e-05,2,40mm,0.91427255
SubNetW8CleanAuxExDnRcK8QdEma,minbias,0,test,52.535072,50.94010925292969,-0.030359967219861783,1,30mm,2.770232
SubNetW8CleanAuxExDnRcK8QdEma,minbias,0,test,21.968048,21.0139102935791,-0.04343298038894272,3,60mm,3.8121557
SubNetW8CleanAuxExDnRcK8QdEma,minbias,0,test,48.42752,49.88038635253906,0.0300008255228994,2,40mm,4.583904
SubNetW8CleanAuxExDnRcK8QdEma,minbias,0,test,42.704334,44.4614372253418,0.041145775874890544,2,40mm,3.3522754
SubNetW8CleanAuxExDnRcK8QdEma,minbias,0,test,30.212477,29.308134078979492,-0.029932754584758303,2,40mm,3.0752532
SubNetW8CleanAuxExDnRcK8QdEma,minbias,0,test,10.792659,10.482701301574707,-0.02871929057041389,3,60mm,1.3711783
SubNetW8CleanAuxExDnRcK8QdEma,minbias,0,test,15.056905,15.447151184082031,0.02591810180558296,3,60mm,2.4600158
SubNetW8CleanAuxExDnRcK8QdEma,minbias,0,test,26.776524,27.039104461669922,0.009806383965364152,2,40mm,2.6078315
SubNetW8CleanAuxExDnRcK8QdEma,minbias,0,test,25.178116,24.95941734313965,-0.008686055101804535,1,30mm,1.3792118
SubNetW8CleanAuxExDnRcK8QdEma,minbias,0,test,29.789595,29.562692642211914,-0.00761682093094862,3,60mm,4.079566
SubNetW8CleanAuxExDnRcK8QdEma,minbias,0,test,17.07677,17.06822395324707,-0.0005004944630635499,3,60mm,3.015061
SubNetW8CleanAuxExDnRcK8QdEma,minbias,0,test,74.777626,72.96931457519531,-0.02418252033694057,0,15mm,3.0221586
SubNetW8CleanAuxExDnRcK8QdEma,minbias,0,test,7.812067,11.019485473632812,0.4105723144324649,2,40mm,0.5895182
SubNetW8CleanAuxExDnRcK8QdEma,minbias,0,test,48.692745,46.74900436401367,-0.03991848963113431,2,40mm,4.5858765
SubNetW8CleanAuxExDnRcK8QdEma,minbias,0,test,17.307825,17.455894470214844,0.008555054199862688,3,60mm,3.8424435
SubNetW8CleanAuxExDnRcK8QdEma,minbias,0,test,25.048174,24.544458389282227,-0.020109869767706123,1,30mm,1.268207
SubNetW8CleanAuxExDnRcK8QdEma,minbias,0,test,44.788944,44.36360549926758,-0.009496511969480315,2,40mm,4.7349834
SubNetW8CleanAuxExDnRcK8QdEma,minbias,0,test,12.968017,12.41550064086914,-0.04260605145584062,4,120mm,3.105204
SubNetW8CleanAuxExDnRcK8QdEma,minbias,0,test,41.8648,42.81144332885742,0.02261192793618294,1,30mm,4.0986233
SubNetW8CleanAuxExDnRcK8QdEma,minbias,0,test,13.777018,13.79011058807373,0.0009503504369645643,3,60mm,2.600771
SubNetW8CleanAuxExDnRcK8QdEma,minbias,0,test,29.547781,29.345611572265625,-0.006842118479193804,2,40mm,3.8769767
SubNetW8CleanAuxExDnRcK8QdEma,minbias,0,test,29.755323,29.629030227661133,-0.004244389504113322,3,60mm,4.851737
SubNetW8CleanAuxExDnRcK8QdEma,minbias,0,test,27.14446,27.72038459777832,0.021216996222819473,3,60mm,4.8488045
SubNetW8CleanAuxExDnRcK8QdEma,minbias,0,test,25.327326,25.346643447875977,0.0007627187761436449,2,40mm,2.8145149
SubNetW8CleanAuxExDnRcK8QdEma,minbias,0,test,45.10988,45.424720764160156,0.006979451825427585,2,40mm,4.9711876
SubNetW8CleanAuxExDnRcK8QdEma,minbias,0,test,18.668331,19.594451904296875,0.0496091884594172,4,120mm,4.033551
SubNetW8CleanAuxExDnRcK8QdEma,minbias,0,test,42.864555,41.25381088256836,-0.037577538430814905,2,40mm,3.995529
SubNetW8CleanAuxExDnRcK8QdEma,minbias,0,test,21.151295,20.731176376342773,-0.019862535022278083,3,60mm,3.1548321
SubNetW8CleanAuxExDnRcK8QdEma,minbias,0,test,47.29111,46.73798370361328,-0.01169622107010515,2,40mm,4.505415
SubNetW8CleanAuxExDnRcK8QdEma,minbias,0,test,82.3317,81.23478698730469,-0.013323132599988852,0,15mm,3.840887
SubNetW8CleanAuxExDnRcK8QdEma,minbias,0,test,9.185022,9.168020248413086,-0.00185106851756911,2,40mm,1.2288854
SubNetW8CleanAuxExDnRcK8QdEma,minbias,0,test,42.486347,41.71773147583008,-0.0180908873870812,2,40mm,4.4670844
SubNetW8CleanAuxExDnRcK8QdEma,minbias,0,test,56.952766,53.3184700012207,-0.06381246506154858,0,15mm,1.9310768
SubNetW8CleanAuxExDnRcK8QdEma,minbias,0,test,91.028564,95.93163299560547,0.053862966772427745,0,15mm,3.4699142
SubNetW8CleanAuxExDnRcK8QdEma,minbias,0,test,13.566919,13.820833206176758,0.01871566221325449,3,60mm,2.9204838
SubNetW8CleanAuxExDnRcK8QdEma,minbias,0,test,31.018267,31.710433959960938,0.022314827881682486,3,60mm,3.4281383
SubNetW8CleanAuxExDnRcK8QdEma,minbias,0,test,5.8779793,5.813656330108643,-0.010943037633763142,3,60mm,1.2023547
SubNetW8CleanAuxExDnRcK8QdEma,minbias,0,test,36.77399,36.84507751464844,0.0019330750436641342,1,30mm,2.6256168
SubNetW8CleanAuxExDnRcK8QdEma,minbias,0,test,47.932655,43.71013641357422,-0.08809273952035046,0,15mm,2.1986842
SubNetW8CleanAuxExDnRcK8QdEma,minbias,0,test,64.24979,65.44705200195312,0.018634546393285323,0,15mm,1.9920101
SubNetW8CleanAuxExDnRcK8QdEma,minbias,0,test,6.531725,6.701797962188721,0.026037996732374502,3,60mm,1.3574018
SubNetW8CleanAuxExDnRcK8QdEma,minbias,0,test,49.91816,48.85951232910156,-0.021207656025113097,1,30mm,3.7693443
SubNetW8CleanAuxExDnRcK8QdEma,minbias,0,test,59.63485,62.378387451171875,0.04600561456280916,1,30mm,3.453473
SubNetW8CleanAuxExDnRcK8QdEma,minbias,0,test,16.804728,16.37419891357422,-0.02561949542802089,3,60mm,3.7389736
SubNetW8CleanAuxExDnRcK8QdEma,minbias,0,test,6.019248,7.12394905090332,0.18352808200849258,2,40mm,0.7108182
SubNetW8CleanAuxExDnRcK8QdEma,minbias,0,test,36.898273,36.359371185302734,-0.014605081269776776,1,30mm,2.067206
SubNetW8CleanAuxExDnRcK8QdEma,minbias,0,test,20.27553,19.349271774291992,-0.04568354531238639,4,120mm,4.674599
SubNetW8CleanAuxExDnRcK8QdEma,minbias,0,test,15.8299055,15.618378639221191,-0.01336248473464352,3,60mm,2.985707
SubNetW8CleanAuxExDnRcK8QdEma,minbias,0,test,19.79183,19.19777488708496,-0.030015171608401503,3,60mm,2.7160115
SubNetW8CleanAuxExDnRcK8QdEma,minbias,0,test,65.25826,65.23182678222656,-0.00040509586041137524,2,40mm,3.8605928
SubNetW8CleanAuxExDnRcK8QdEma,minbias,0,test,94.63908,94.17147064208984,-0.004940935704713767,0,15mm,4.4877944
SubNetW8CleanAuxExDnRcK8QdEma,minbias,0,test,13.373852,13.485126495361328,0.00832031946375733,3,60mm,1.6278638
SubNetW8CleanAuxExDnRcK8QdEma,minbias,0,test,14.958216,14.095649719238281,-0.05766503243325749,3,60mm,3.1521082
SubNetW8CleanAuxExDnRcK8QdEma,minbias,0,test,47.413868,47.18683624267578,-0.00478829755043364,2,40mm,3.8312998
SubNetW8CleanAuxExDnRcK8QdEma,minbias,0,test,15.2534,14.675982475280762,-0.03785499491101518,2,40mm,1.270784
SubNetW8CleanAuxExDnRcK8QdEma,minbias,0,test,42.156235,41.40822219848633,-0.01774381766579758,3,60mm,4.98856
SubNetW8CleanAuxExDnRcK8QdEma,minbias,0,test,21.58537,21.147151947021484,-0.020301583023694558,3,60mm,3.722989
SubNetW8CleanAuxExDnRcK8QdEma,minbias,0,test,19.752796,19.93229866027832,0.009087446942175559,3,60mm,4.5012302
SubNetW8CleanAuxExDnRcK8QdEma,minbias,0,test,27.171003,27.43503189086914,0.00971729110898778,2,40mm,2.725047
SubNetW8CleanAuxExDnRcK8QdEma,minbias,0,test,11.619183,11.450602531433105,-0.014508770645382474,3,60mm,1.753984
SubNetW8CleanAuxExDnRcK8QdEma,minbias,0,test,32.307224,32.022064208984375,-0.008826510822521061,2,40mm,2.8140466
SubNetW8CleanAuxExDnRcK8QdEma,minbias,0,test,16.639372,16.479097366333008,-0.009632244945822488,2,40mm,1.2389977
SubNetW8CleanAuxExDnRcK8QdEma,minbias,0,test,53.35386,51.4744987487793,-0.035224447416539295,1,30mm,2.130001
SubNetW8CleanAuxExDnRcK8QdEma,minbias,0,test,25.525227,24.76276206970215,-0.029871018795343485,3,60mm,3.717473
SubNetW8CleanAuxExDnRcK8QdEma,minbias,0,test,47.036594,46.35917663574219,-0.014401930324667744,2,40mm,4.370235
SubNetW8CleanAuxExDnRcK8QdEma,minbias,0,test,34.949997,35.22976303100586,0.008004752709362961,2,40mm,3.470102
SubNetW8CleanAuxExDnRcK8QdEma,minbias,0,test,5.700795,5.429973602294922,-0.04750592910303386,3,60mm,1.3237051
SubNetW8CleanAuxExDnRcK8QdEma,minbias,0,test,17.225348,16.78877830505371,-0.02534458090831815,3,60mm,3.335901
SubNetW8CleanAuxExDnRcK8QdEma,minbias,0,test,44.227455,43.69929122924805,-0.011941991874736213,2,40mm,4.3506985
SubNetW8CleanAuxExDnRcK8QdEma,minbias,0,test,40.031956,36.37710952758789,-0.09129821728075405,0,15mm,1.1068506
SubNetW8CleanAuxExDnRcK8QdEma,minbias,0,test,12.19588,13.028614044189453,0.0682799529288749,1,30mm,0.99379283
SubNetW8CleanAuxExDnRcK8QdEma,minbias,0,test,21.800379,21.668256759643555,-0.006060538718635655,1,30mm,1.1282763
SubNetW8CleanAuxExDnRcK8QdEma,minbias,0,test,28.177542,27.370119094848633,-0.02865482892710669,3,60mm,4.5721655
SubNetW8CleanAuxExDnRcK8QdEma,minbias,0,test,55.268906,57.62623977661133,0.04265208637081819,1,30mm,4.4448957
SubNetW8CleanAuxExDnRcK8QdEma,minbias,0,test,33.718346,32.71946334838867,-0.029624297238779462,1,30mm,2.5146208
SubNetW8CleanAuxExDnRcK8QdEma,minbias,0,test,60.71114,62.95726013183594,0.03699684217358645,1,30mm,3.2119746
SubNetW8CleanAuxExDnRcK8QdEma,minbias,0,test,35.00831,35.46257400512695,0.012975936716333791,2,40mm,2.7186723
SubNetW8CleanAuxExDnRcK8QdEma,minbias,0,test,77.303,77.52635192871094,0.0028892865845613347,0,15mm,2.1979556
SubNetW8CleanAuxExDnRcK8QdEma,minbias,0,test,15.873938,15.1353120803833,-0.046530706162740465,2,40mm,1.756613
SubNetW8CleanAuxExDnRcK8QdEma,minbias,0,test,46.91064,47.1624755859375,0.005368395433062334,2,40mm,4.4478517
SubNetW8CleanAuxExDnRcK8QdEma,minbias,0,test,22.451107,21.692508697509766,-0.033788905232470134,3,60mm,4.3374844
SubNetW8CleanAuxExDnRcK8QdEma,minbias,0,test,52.66333,49.26315689086914,-0.06456434073219008,2,40mm,3.994753
SubNetW8CleanAuxExDnRcK8QdEma,minbias,0,test,16.880354,20.29046630859375,0.2020166399119927,2,40mm,1.6706364
SubNetW8CleanAuxExDnRcK8QdEma,minbias,0,test,8.649956,7.8879923820495605,-0.08808870120580325,3,60mm,1.581986
SubNetW8CleanAuxExDnRcK8QdEma,minbias,0,test,13.127309,13.06432819366455,-0.004797681885648775,3,60mm,1.8364351
SubNetW8CleanAuxExDnRcK8QdEma,minbias,0,test,3.180972,3.8927247524261475,0.22375318956039747,3,60mm,0.5393947
SubNetW8CleanAuxExDnRcK8QdEma,minbias,0,test,5.17898,5.158665180206299,-0.003922527977808565,3,60mm,0.88318145
SubNetW8CleanAuxExDnRcK8QdEma,minbias,0,test,55.085617,55.04484558105469,-0.0007401475475271591,1,30mm,4.227446
SubNetW8CleanAuxExDnRcK8QdEma,minbias,0,test,16.242525,16.156347274780273,-0.0053056914114898435,3,60mm,1.5512422
SubNetW8CleanAuxExDnRcK8QdEma,minbias,0,test,42.805153,47.7576789855957,0.11569929687907998,1,30mm,1.8775525
SubNetW8CleanAuxExDnRcK8QdEma,minbias,0,test,46.978123,51.89626693725586,0.10469009705455123,2,40mm,3.518547
SubNetW8CleanAuxExDnRcK8QdEma,minbias,0,test,11.160952,10.271683692932129,-0.07967671146446076,3,60mm,1.7185413
SubNetW8CleanAuxExDnRcK8QdEma,minbias,0,test,48.302063,47.45732116699219,-0.017488731723405038,2,40mm,4.587737
SubNetW8CleanAuxExDnRcK8QdEma,minbias,0,test,11.800958,11.68738079071045,-0.009624378980105486,3,60mm,2.1426892
SubNetW8CleanAuxExDnRcK8QdEma,minbias,0,test,33.667244,34.229251861572266,0.016693017841373115,2,40mm,2.5881464
SubNetW8CleanAuxExDnRcK8QdEma,minbias,0,test,47.373093,45.842567443847656,-0.032307901423770824,1,30mm,2.3071687
SubNetW8CleanAuxExDnRcK8QdEma,minbias,0,test,18.141459,17.5692195892334,-0.03154315965064469,4,120mm,4.304517
SubNetW8CleanAuxExDnRcK8QdEma,minbias,0,test,21.864864,22.098148345947266,0.010669354854186519,3,60mm,3.897606
SubNetW8CleanAuxExDnRcK8QdEma,minbias,0,test,15.392379,18.3333683013916,0.19106789997744134,1,30mm,0.68595463
SubNetW8CleanAuxExDnRcK8QdEma,minbias,0,test,46.978836,50.45121765136719,0.07391374250723892,2,40mm,3.0422666
SubNetW8CleanAuxExDnRcK8QdEma,minbias,0,test,24.334309,24.472314834594727,0.005671260788955523,3,60mm,3.1431022
SubNetW8CleanAuxExDnRcK8QdEma,minbias,0,test,13.896805,13.645483016967773,-0.01808486166758716,4,120mm,3.2988548
SubNetW8CleanAuxExDnRcK8QdEma,minbias,0,test,24.096577,23.71647071838379,-0.015774272718047655,3,60mm,4.7799897
SubNetW8CleanAuxExDnRcK8QdEma,minbias,0,test,17.100657,16.133081436157227,-0.05658116533188995,0,15mm,0.7212144
SubNetW8CleanAuxExDnRcK8QdEma,minbias,0,test,34.33934,34.87141799926758,0.015494700423868357,2,40mm,2.516799
SubNetW8CleanAuxExDnRcK8QdEma,minbias,0,test,17.129288,16.85870361328125,-0.015796576651211258,3,60mm,2.8053153
SubNetW8CleanAuxExDnRcK8QdEma,minbias,0,test,15.684709,15.125873565673828,-0.03562928990407688,3,60mm,2.4847705
SubNetW8CleanAuxExDnRcK8QdEma,minbias,0,test,39.15732,38.40566635131836,-0.019195690616604866,0,15mm,1.39526
SubNetW8CleanAuxExDnRcK8QdEma,minbias,0,test,19.085283,18.33821678161621,-0.039143589689776825,3,60mm,3.2665806
SubNetW8CleanAuxExDnRcK8QdEma,minbias,0,test,33.21521,33.24421310424805,0.0008731886188482196,2,40mm,3.5897965
SubNetW8CleanAuxExDnRcK8QdEma,minbias,0,test,8.169469,13.074979782104492,0.6004687666531758,2,40mm,0.6259721
SubNetW8CleanAuxExDnRcK8QdEma,minbias,0,test,28.24568,28.462114334106445,0.007662569280264542,1,30mm,1.7303119
SubNetW8CleanAuxExDnRcK8QdEma,minbias,0,test,42.446594,42.1474723815918,-0.007047016658398575,1,30mm,2.7033832
SubNetW8CleanAuxExDnRcK8QdEma,minbias,0,test,20.140263,20.615371704101562,0.023590015169568934,1,30mm,1.0043739
SubNetW8CleanAuxExDnRcK8QdEma,minbias,0,test,44.657303,45.18534851074219,0.011824396470927034,2,40mm,3.8516278
SubNetW8CleanAuxExDnRcK8QdEma,minbias,0,test,19.88424,18.628259658813477,-0.06316457600084724,3,60mm,3.8303087
SubNetW8CleanAuxExDnRcK8QdEma,minbias,0,test,7.353388,6.885075569152832,-0.06368659917676811,3,60mm,1.6014899
SubNetW8CleanAuxExDnRcK8QdEma,minbias,0,test,19.313583,19.66219139099121,0.018049888009733506,2,40mm,2.4299574
SubNetW8CleanAuxExDnRcK8QdEma,minbias,0,test,40.32592,41.9332275390625,0.03985792338768035,1,30mm,2.2930622
SubNetW8CleanAuxExDnRcK8QdEma,minbias,0,test,76.19537,76.13671112060547,-0.0007698947039574966,0,15mm,2.1024902
SubNetW8CleanAuxExDnRcK8QdEma,minbias,0,test,7.922514,8.578131675720215,0.08275374673873448,4,120mm,1.8160119
SubNetW8CleanAuxExDnRcK8QdEma,minbias,0,test,23.342659,23.49730110168457,0.00662487101941478,2,40mm,2.8959832
SubNetW8CleanAuxExDnRcK8QdEma,minbias,0,test,13.370479,12.668689727783203,-0.05248794165861925,3,60mm,2.4061217
SubNetW8CleanAuxExDnRcK8QdEma,minbias,0,test,34.27834,34.351139068603516,0.0021237809042449207,3,60mm,3.5587435
SubNetW8CleanAuxExDnRcK8QdEma,minbias,0,test,19.20598,26.21122932434082,0.36474311197268183,3,60mm,4.597972
SubNetW8CleanAuxExDnRcK8QdEma,minbias,0,test,42.82005,42.218666076660156,-0.014044430570674282,0,15mm,1.1355548
SubNetW8CleanAuxExDnRcK8QdEma,minbias,0,test,8.426924,11.384106636047363,0.3509208070826264,2,40mm,0.86120427
SubNetW8CleanAuxExDnRcK8QdEma,minbias,0,test,68.624466,70.86363983154297,0.032629381641238187,2,40mm,4.71411
SubNetW8CleanAuxExDnRcK8QdEma,minbias,0,test,17.927647,18.095115661621094,0.00934138362103365,3,60mm,2.5257416
SubNetW8CleanAuxExDnRcK8QdEma,minbias,0,test,42.743984,44.24043273925781,0.035009570213650365,1,30mm,1.8421559
SubNetW8CleanAuxExDnRcK8QdEma,minbias,0,test,24.937977,24.412691116333008,-0.021063686290802353,3,60mm,4.7644935
SubNetW8CleanAuxExDnRcK8QdEma,minbias,0,test,17.567005,16.046939849853516,-0.08652956460087058,3,60mm,1.980739
SubNetW8CleanAuxExDnRcK8QdEma,minbias,0,test,87.589264,87.1441879272461,-0.0050813988937764565,1,30mm,3.603937
SubNetW8CleanAuxExDnRcK8QdEma,minbias,0,test,78.31274,79.39840698242188,0.013863268218646807,0,15mm,3.1343877
SubNetW8CleanAuxExDnRcK8QdEma,minbias,0,test,60.00364,59.78136444091797,-0.003704354988437686,1,30mm,4.0853705
SubNetW8CleanAuxExDnRcK8QdEma,minbias,0,test,5.9356103,6.188937187194824,0.042679165290595344,2,40mm,0.70697236
SubNetW8CleanAuxExDnRcK8QdEma,minbias,0,test,18.522806,18.552011489868164,0.0015767223390108498,3,60mm,3.2311652
SubNetW8CleanAuxExDnRcK8QdEma,minbias,0,test,5.4684567,5.769887447357178,0.05512171280808609,3,60mm,0.9835661
SubNetW8CleanAuxExDnRcK8QdEma,minbias,0,test,55.543056,60.626121520996094,0.09151576010322326,0,15mm,1.2270889
SubNetW8CleanAuxExDnRcK8QdEma,minbias,0,test,8.543198,9.137616157531738,0.06957799073741655,2,40mm,0.50357246
SubNetW8CleanAuxExDnRcK8QdEma,minbias,0,test,34.419533,33.876644134521484,-0.015772690608336082,3,60mm,4.402334
SubNetW8CleanAuxExDnRcK8QdEma,minbias,0,test,9.2685795,9.596046447753906,0.03533086869688784,4,120mm,2.0089073
SubNetW8CleanAuxExDnRcK8QdEma,minbias,0,test,46.430374,46.81419372558594,0.008266562291212143,2,40mm,4.967652
SubNetW8CleanAuxExDnRcK8QdEma,minbias,0,test,74.325775,73.46395874023438,-0.011595121672818065,0,15mm,2.7335258
SubNetW8CleanAuxExDnRcK8QdEma,minbias,0,test,32.167717,32.88037872314453,0.022154563956390927,1,30mm,1.911617
SubNetW8CleanAuxExDnRcK8QdEma,minbias,0,test,95.92906,93.74803161621094,-0.02273586575824582,0,15mm,2.200238
SubNetW8CleanAuxExDnRcK8QdEma,minbias,0,test,43.410847,42.04874038696289,-0.03137709642788378,2,40mm,3.0967338
SubNetW8CleanAuxExDnRcK8QdEma,minbias,0,test,13.411939,13.461227416992188,0.0036749906868427384,4,120mm,3.118664
SubNetW8CleanAuxExDnRcK8QdEma,minbias,0,test,6.231508,6.066641330718994,-0.02645691112291393,4,120mm,1.4231131
SubNetW8CleanAuxExDnRcK8QdEma,minbias,0,test,59.29423,58.36106491088867,-0.01573789695287975,1,30mm,3.369693
SubNetW8CleanAuxExDnRcK8QdEma,minbias,0,test,32.1459,32.67586898803711,0.01648634039626873,2,40mm,4.178604
SubNetW8CleanAuxExDnRcK8QdEma,minbias,0,test,4.6235323,4.5773844718933105,-0.009981075157921904,3,60mm,1.0139306
SubNetW8CleanAuxExDnRcK8QdEma,minbias,0,test,5.5268855,6.058526515960693,0.09619178931005057,4,120mm,1.1899248
SubNetW8CleanAuxExDnRcK8QdEma,minbias,0,test,16.186295,17.635787963867188,0.08955066295243608,0,15mm,0.64069957
SubNetW8CleanAuxExDnRcK8QdEma,minbias,0,test,70.788185,67.98450469970703,-0.03960661535796939,1,30mm,3.3814685
SubNetW8CleanAuxExDnRcK8QdEma,minbias,0,test,67.49943,66.85799407958984,-0.009502802272109423,1,30mm,3.4730766
SubNetW8CleanAuxExDnRcK8QdEma,minbias,0,test,23.503803,23.724069595336914,0.009371519144815155,3,60mm,3.970628
SubNetW8CleanAuxExDnRcK8QdEma,minbias,0,test,52.039562,52.794654846191406,0.014509972577784414,1,30mm,2.4426348
SubNetW8CleanAuxExDnRcK8QdEma,minbias,0,test,11.062039,10.559288024902344,-0.045448342149746024,3,60mm,1.7068136
SubNetW8CleanAuxExDnRcK8QdEma,minbias,0,test,34.343822,34.44465255737305,0.0029359014473686607,3,60mm,4.608084
SubNetW8CleanAuxExDnRcK8QdEma,minbias,0,test,12.187242,11.67198657989502,-0.042278227773791754,1,30mm,0.87965167
SubNetW8CleanAuxExDnRcK8QdEma,minbias,0,test,4.2867365,5.445516109466553,0.270317437116919,2,40mm,0.5230839
SubNetW8CleanAuxExDnRcK8QdEma,minbias,0,test,79.742546,83.00691223144531,0.04093631706422163,0,15mm,1.9367791
SubNetW8CleanAuxExDnRcK8QdEma,minbias,0,test,33.474957,33.264400482177734,-0.0062899567978563775,2,40mm,4.963897
SubNetW8CleanAuxExDnRcK8QdEma,minbias,0,test,24.064049,24.538087844848633,0.019699057392498664,3,60mm,4.5183544
SubNetW8CleanAuxExDnRcK8QdEma,minbias,0,test,8.988245,8.762496948242188,-0.025115922170922844,3,60mm,1.2179831
SubNetW8CleanAuxExDnRcK8QdEma,minbias,0,test,8.944696,8.637277603149414,-0.03436883808992541,2,40mm,1.6574515
SubNetW8CleanAuxExDnRcK8QdEma,minbias,0,test,45.762295,46.01836013793945,0.005595553499738282,3,60mm,4.907462
SubNetW8CleanAuxExDnRcK8QdEma,minbias,0,test,22.762451,21.135412216186523,-0.07147907505228723,2,40mm,4.584143
SubNetW8CleanAuxExDnRcK8QdEma,minbias,0,test,23.688683,24.42626953125,0.03113668197246766,2,40mm,3.0475771
SubNetW8CleanAuxExDnRcK8QdEma,minbias,0,test,33.46963,33.15587615966797,-0.009374320068594622,3,60mm,3.3525767
SubNetW8CleanAuxExDnRcK8QdEma,minbias,0,test,8.524485,7.792482852935791,-0.08587050277617114,1,30mm,0.8716592
SubNetW8CleanAuxExDnRcK8QdEma,minbias,0,test,13.151204,12.942985534667969,-0.01583266237791825,4,120mm,3.0308185
SubNetW8CleanAuxExDnRcK8QdEma,minbias,0,test,15.986777,14.484441757202148,-0.0939736333147233,0,15mm,0.71262085
SubNetW8CleanAuxExDnRcK8QdEma,minbias,0,test,23.882854,24.525888442993164,0.026924502778981507,3,60mm,3.2686808
SubNetW8CleanAuxExDnRcK8QdEma,minbias,0,test,78.321594,80.89976501464844,0.03291775150188481,1,30mm,3.115618
SubNetW8CleanAuxExDnRcK8QdEma,minbias,0,test,23.334509,22.212926864624023,-0.04806537974528857,3,60mm,4.2260346
SubNetW8CleanAuxExDnRcK8QdEma,minbias,0,test,31.859741,30.367477416992188,-0.04683854096821782,2,40mm,2.4795883
SubNetW8CleanAuxExDnRcK8QdEma,minbias,0,test,26.384266,25.271202087402344,-0.042186650805026926,3,60mm,4.585247
SubNetW8CleanAuxExDnRcK8QdEma,minbias,0,test,27.995182,27.140382766723633,-0.030533799333375966,3,60mm,4.5107155
SubNetW8CleanAuxExDnRcK8QdEma,minbias,0,test,31.715073,35.342124938964844,0.11436367651537505,3,60mm,3.987945
SubNetW8CleanAuxExDnRcK8QdEma,minbias,0,test,26.586613,26.996000289916992,0.015398260511733985,3,60mm,3.320194
SubNetW8CleanAuxExDnRcK8QdEma,minbias,0,test,8.233578,7.857148170471191,-0.04571883210718397,2,40mm,0.8051681
SubNetW8CleanAuxExDnRcK8QdEma,minbias,0,test,44.94137,28.967370986938477,-0.3554408285806685,1,30mm,2.7713044
SubNetW8CleanAuxExDnRcK8QdEma,minbias,0,test,22.043333,21.655582427978516,-0.01759038094047316,4,120mm,4.659807
SubNetW8CleanAuxExDnRcK8QdEma,minbias,0,test,30.67697,29.123010635375977,-0.05065555420635237,2,40mm,3.6836953
SubNetW8CleanAuxExDnRcK8QdEma,minbias,0,test,69.666985,67.09269714355469,-0.03695132537857593,1,30mm,3.6876006
SubNetW8CleanAuxExDnRcK8QdEma,minbias,0,test,33.274242,32.278717041015625,-0.029918798694386517,2,40mm,2.9424324
SubNetW8CleanAuxExDnRcK8QdEma,minbias,0,test,6.91314,6.837824821472168,-0.010894470614892238,3,60mm,1.6346289
SubNetW8CleanAuxExDnRcK8QdEma,minbias,0,test,34.772163,34.51987838745117,-0.00725537266187426,2,40mm,2.356927
SubNetW8CleanAuxExDnRcK8QdEma,minbias,0,test,8.344397,8.547435760498047,0.02433239684772137,3,60mm,1.5320312
SubNetW8CleanAuxExDnRcK8QdEma,minbias,0,test,34.8971,35.99956512451172,0.0315919268173106,2,40mm,2.899844
SubNetW8CleanAuxExDnRcK8QdEma,minbias,0,test,44.70754,45.6501350402832,0.021083612852867084,0,15mm,1.0452735
SubNetW8CleanAuxExDnRcK8QdEma,minbias,0,test,36.926193,37.97880935668945,0.028505947326337377,2,40mm,4.146184
SubNetW8CleanAuxExDnRcK8QdEma,minbias,0,test,3.2372026,3.3277623653411865,0.027974683991794924,3,60mm,0.7206385
SubNetW8CleanAuxExDnRcK8QdEma,minbias,0,test,6.020733,6.293318748474121,0.045274532899026054,2,40mm,0.63271034
SubNetW8CleanAuxExDnRcK8QdEma,minbias,0,test,9.741108,9.137988090515137,-0.061914912947466205,2,40mm,1.5054979
SubNetW8CleanAuxExDnRcK8QdEma,minbias,0,test,32.708824,31.956647872924805,-0.022996127319135917,2,40mm,3.6560571
SubNetW8CleanAuxExDnRcK8QdEma,minbias,0,test,28.11438,28.05192756652832,-0.002221365598120806,2,40mm,2.0978844
SubNetW8CleanAuxExDnRcK8QdEma,minbias,0,test,69.36786,68.69239807128906,-0.009737374430609846,1,30mm,3.0171103
SubNetW8CleanAuxExDnRcK8QdEma,minbias,0,test,26.878593,27.231321334838867,0.013123004026930118,2,40mm,2.804777
SubNetW8CleanAuxExDnRcK8QdEma,minbias,0,test,86.43545,85.5972900390625,-0.009696920374460238,0,15mm,2.558777
SubNetW8CleanAuxExDnRcK8QdEma,minbias,0,test,19.265547,18.803377151489258,-0.023989438350529357,4,120mm,4.5207605
SubNetW8CleanAuxExDnRcK8QdEma,minbias,0,test,17.458513,16.547740936279297,-0.05216780547407607,3,60mm,3.0944002
SubNetW8CleanAuxExDnRcK8QdEma,minbias,0,test,12.724488,12.544878959655762,-0.014115247313621904,3,60mm,1.8387187
SubNetW8CleanAuxExDnRcK8QdEma,minbias,0,test,4.627449,3.734921455383301,-0.1928768039120965,2,40mm,1.0330676
SubNetW8CleanAuxExDnRcK8QdEma,minbias,0,test,45.00673,44.468196868896484,-0.01196559420198462,2,40mm,4.653076
SubNetW8CleanAuxExDnRcK8QdEma,minbias,0,test,42.328663,40.80842208862305,-0.03591516198556177,0,15mm,0.8948542
SubNetW8CleanAuxExDnRcK8QdEma,minbias,0,test,24.709902,24.396562576293945,-0.012680715439975176,1,30mm,1.3484994
SubNetW8CleanAuxExDnRcK8QdEma,minbias,0,test,14.2431135,13.345842361450195,-0.06299684090786284,3,60mm,2.794798
SubNetW8CleanAuxExDnRcK8QdEma,minbias,0,test,36.51744,36.078182220458984,-0.012028733828707616,2,40mm,2.6324134
SubNetW8CleanAuxExDnRcK8QdEma,minbias,0,test,21.696548,22.09685707092285,0.018450335992910905,2,40mm,1.6299232
SubNetW8CleanAuxExDnRcK8QdEma,minbias,0,test,21.12183,20.73259925842285,-0.01842788851140542,2,40mm,2.7781608
SubNetW8CleanAuxExDnRcK8QdEma,minbias,0,test,11.230739,10.65490436553955,-0.05127305449435959,3,60mm,1.8809233
SubNetW8CleanAuxExDnRcK8QdEma,minbias,0,test,5.697509,5.436242580413818,-0.045856222457936746,3,60mm,1.041712
SubNetW8CleanAuxExDnRcK8QdEma,minbias,0,test,5.506021,5.995212078094482,0.08884656510980427,4,120mm,1.2840153
SubNetW8CleanAuxExDnRcK8QdEma,minbias,0,test,54.811283,55.31614303588867,0.009210875857234235,0,15mm,2.6185899
SubNetW8CleanAuxExDnRcK8QdEma,minbias,0,test,40.534832,38.725955963134766,-0.044625225967754645,1,30mm,2.8118103
SubNetW8CleanAuxExDnRcK8QdEma,minbias,0,test,24.350756,25.17081069946289,0.033676778590484124,3,60mm,4.1060877
SubNetW8CleanAuxExDnRcK8QdEma,minbias,0,test,34.71466,33.75022888183594,-0.027781684878640522,3,60mm,3.8877053
SubNetW8CleanAuxExDnRcK8QdEma,minbias,0,test,4.5305047,4.478882312774658,-0.011394401755491446,4,120mm,0.97426844
SubNetW8CleanAuxExDnRcK8QdEma,minbias,0,test,44.075447,43.729637145996094,-0.007845863386842122,1,30mm,3.1596437
SubNetW8CleanAuxExDnRcK8QdEma,minbias,0,test,27.064108,27.107595443725586,0.001606834742050589,3,60mm,4.8174973
SubNetW8CleanAuxExDnRcK8QdEma,minbias,0,test,20.171476,17.808856964111328,-0.1171267465689858,4,120mm,4.722103
SubNetW8CleanAuxExDnRcK8QdEma,minbias,0,test,8.116344,8.158063888549805,0.005140175714908102,3,60mm,1.6023216
SubNetW8CleanAuxExDnRcK8QdEma,minbias,0,test,11.07542,10.941580772399902,-0.012084381689459245,2,40mm,2.3761616
SubNetW8CleanAuxExDnRcK8QdEma,minbias,0,test,56.905327,55.93231201171875,-0.01709883565422643,0,15mm,2.3430624
SubNetW8CleanAuxExDnRcK8QdEma,minbias,0,test,5.958031,6.104828357696533,0.024638538436931423,3,60mm,1.2899565
SubNetW8CleanAuxExDnRcK8QdEma,minbias,0,test,14.05087,13.7870454788208,-0.01877637925516873,3,60mm,1.8959866
SubNetW8CleanAuxExDnRcK8QdEma,minbias,0,test,22.263655,22.91574478149414,0.02928944421565549,3,60mm,3.3508413
SubNetW8CleanAuxExDnRcK8QdEma,minbias,0,test,26.694199,27.261844635009766,0.021264771231331858,3,60mm,3.778722
SubNetW8CleanAuxExDnRcK8QdEma,minbias,0,test,32.249718,32.21697235107422,-0.0010153689288118217,1,30mm,1.8029729
SubNetW8CleanAuxExDnRcK8QdEma,minbias,0,test,21.244076,20.918209075927734,-0.015339179857378538,3,60mm,3.6344981
SubNetW8CleanAuxExDnRcK8QdEma,minbias,0,test,17.147371,17.748014450073242,0.03502829370908933,3,60mm,2.8473382
SubNetW8CleanAuxExDnRcK8QdEma,minbias,0,test,13.8638115,14.502593994140625,0.04607553280329313,4,120mm,3.1600966
SubNetW8CleanAuxExDnRcK8QdEma,minbias,0,test,19.237394,18.8631649017334,-0.01945322867934407,3,60mm,4.118661
SubNetW8CleanAuxExDnRcK8QdEma,minbias,0,test,29.119987,35.67892074584961,0.22523818943281237,1,30mm,2.7605748
SubNetW8CleanAuxExDnRcK8QdEma,minbias,0,test,35.816048,35.287784576416016,-0.014749340768447028,0,15mm,1.2085074
SubNetW8CleanAuxExDnRcK8QdEma,minbias,0,test,16.125551,15.732050895690918,-0.024402286942246776,3,60mm,3.0588574
SubNetW8CleanAuxExDnRcK8QdEma,minbias,0,test,39.0828,38.82172775268555,-0.006680024307679111,2,40mm,4.037107
SubNetW8CleanAuxExDnRcK8QdEma,minbias,0,test,8.624031,8.959053993225098,0.03884760197776127,3,60mm,0.87164664
SubNetW8CleanAuxExDnRcK8QdEma,minbias,0,test,75.01082,70.30543518066406,-0.06272939551972989,0,15mm,3.0422006
SubNetW8CleanAuxExDnRcK8QdEma,minbias,0,test,26.33907,10.899189949035645,-0.5861968470717254,0,15mm,1.0567936
SubNetW8CleanAuxExDnRcK8QdEma,minbias,0,test,21.886677,21.49260711669922,-0.018005002561237493,2,40mm,3.6319895
SubNetW8CleanAuxExDnRcK8QdEma,minbias,0,test,87.72557,87.15150451660156,-0.006543886322630588,0,15mm,2.3122017
SubNetW8CleanAuxExDnRcK8QdEma,minbias,0,test,18.328043,16.862834930419922,-0.0799435081458103,1,30mm,1.2743254
SubNetW8CleanAuxExDnRcK8QdEma,minbias,0,test,6.8075843,7.270742416381836,0.06803560722945523,3,60mm,1.5366129
SubNetW8CleanAuxExDnRcK8QdEma,minbias,0,test,29.330666,29.760953903198242,0.014670254022118856,3,60mm,3.7870028
SubNetW8CleanAuxExDnRcK8QdEma,minbias,0,test,60.532482,66.51657104492188,0.09885748420412699,1,30mm,3.957467
SubNetW8CleanAuxExDnRcK8QdEma,minbias,0,test,25.439932,24.780929565429688,-0.0259042479931737,2,40mm,2.1959796
SubNetW8CleanAuxExDnRcK8QdEma,minbias,0,test,66.04722,64.95992279052734,-0.01646239705226127,2,40mm,4.9466667
SubNetW8CleanAuxExDnRcK8QdEma,minbias,0,test,56.807835,55.519039154052734,-0.02268693182363779,1,30mm,3.2624028
SubNetW8CleanAuxExDnRcK8QdEma,minbias,0,test,65.17305,63.938018798828125,-0.01895002810698021,1,30mm,3.287317
SubNetW8CleanAuxExDnRcK8QdEma,minbias,0,test,49.750973,48.503482818603516,-0.025074684177995632,3,60mm,4.981151
SubNetW8CleanAuxExDnRcK8QdEma,minbias,0,test,3.0763834,3.295783281326294,0.07131748677681893,3,60mm,0.51676863
SubNetW8CleanAuxExDnRcK8QdEma,minbias,0,test,19.25885,19.676498413085938,0.021686046327372033,3,60mm,3.6827033
SubNetW8CleanAuxExDnRcK8QdEma,minbias,0,test,29.687916,31.0085506439209,0.044483919003498684,1,30mm,1.614898
SubNetW8CleanAuxExDnRcK8QdEma,minbias,0,test,11.405025,12.944677352905273,0.1349977652879184,4,120mm,2.3779469
SubNetW8CleanAuxExDnRcK8QdEma,minbias,0,test,88.553276,85.73773193359375,-0.03179491774472931,0,15mm,2.921827
SubNetW8CleanAuxExDnRcK8QdEma,minbias,0,test,5.0971947,7.908377170562744,0.5515156237955574,3,60mm,0.75264317
SubNetW8CleanAuxExDnRcK8QdEma,minbias,0,test,71.120026,66.1941909790039,-0.0692608672704671,1,30mm,4.427826
SubNetW8CleanAuxExDnRcK8QdEma,minbias,0,test,42.279785,44.460182189941406,0.05157067439282126,2,40mm,3.9854438
SubNetW8CleanAuxExDnRcK8QdEma,minbias,0,test,31.086071,39.122928619384766,0.25853565094335806,0,15mm,1.3473665
SubNetW8CleanAuxExDnRcK8QdEma,minbias,0,test,14.371356,14.988081932067871,0.04291355117658835,3,60mm,1.8559463
SubNetW8CleanAuxExDnRcK8QdEma,minbias,0,test,46.612663,46.32036590576172,-0.006270771562528865,1,30mm,2.987084
SubNetW8CleanAuxExDnRcK8QdEma,minbias,0,test,39.55797,37.294803619384766,-0.05721134392631588,1,30mm,2.052401
SubNetW8CleanAuxExDnRcK8QdEma,minbias,0,test,26.049284,25.61575698852539,-0.016642568490891407,3,60mm,4.4912167
SubNetW8CleanAuxExDnRcK8QdEma,minbias,0,test,41.736454,46.623260498046875,0.11708724672357396,2,40mm,4.3026676
SubNetW8CleanAuxExDnRcK8QdEma,minbias,0,test,87.488495,86.55306243896484,-0.010692062258465196,1,30mm,4.3237133
SubNetW8CleanAuxExDnRcK8QdEma,minbias,0,test,26.02293,25.190792083740234,-0.031977108529989695,3,60mm,4.108512
SubNetW8CleanAuxExDnRcK8QdEma,minbias,0,test,15.633252,15.312699317932129,-0.02050455164273901,2,40mm,1.829251
SubNetW8CleanAuxExDnRcK8QdEma,minbias,0,test,22.390778,23.131013870239258,0.03305987384506759,3,60mm,3.5495346
SubNetW8CleanAuxExDnRcK8QdEma,minbias,0,test,36.665558,36.946720123291016,0.007668293580211261,2,40mm,4.501387
SubNetW8CleanAuxExDnRcK8QdEma,minbias,0,test,19.051792,18.457447052001953,-0.03119628265188823,3,60mm,2.7385702
SubNetW8CleanAuxExDnRcK8QdEma,minbias,0,test,27.975542,27.588533401489258,-0.013833821916473643,3,60mm,3.7436857
SubNetW8CleanAuxExDnRcK8QdEma,minbias,0,test,10.69101,10.366546630859375,-0.03034922143732166,3,60mm,2.1018102
SubNetW8CleanAuxExDnRcK8QdEma,minbias,0,test,23.977192,22.30734634399414,-0.06964308357185933,2,40mm,1.9424886
SubNetW8CleanAuxExDnRcK8QdEma,minbias,0,test,15.405804,15.539968490600586,0.008708718672767457,3,60mm,2.2865481
SubNetW8CleanAuxExDnRcK8QdEma,minbias,0,test,26.890245,25.911388397216797,-0.036401937746382784,1,30mm,1.5092629
SubNetW8CleanAuxExDnRcK8QdEma,minbias,0,test,50.112362,49.85191345214844,-0.005197289568767749,1,30mm,2.8175166
SubNetW8CleanAuxExDnRcK8QdEma,minbias,0,test,5.522162,5.655162811279297,0.024084923916826817,4,120mm,1.1583767
SubNetW8CleanAuxExDnRcK8QdEma,minbias,0,test,20.092667,19.1064510345459,-0.049083360102916695,1,30mm,1.735915
SubNetW8CleanAuxExDnRcK8QdEma,minbias,0,test,9.640157,10.123320579528809,0.05011991468117172,3,60mm,1.3290796
SubNetW8CleanAuxExDnRcK8QdEma,minbias,0,test,22.923626,23.61941909790039,0.030352665564040704,3,60mm,4.1358104
SubNetW8CleanAuxExDnRcK8QdEma,minbias,0,test,17.948317,18.758453369140625,0.04513720223840645,4,120mm,3.692624
SubNetW8CleanAuxExDnRcK8QdEma,minbias,0,test,18.60553,18.5162410736084,-0.004799041606387777,3,60mm,4.4326725
SubNetW8CleanAuxExDnRcK8QdEma,minbias,0,test,20.854551,19.288230895996094,-0.07510688653185338,1,30mm,1.0491775
SubNetW8CleanAuxExDnRcK8QdEma,minbias,0,test,28.881287,27.986312866210938,-0.030988015410267744,2,40mm,1.9389352
SubNetW8CleanAuxExDnRcK8QdEma,minbias,0,test,67.11317,70.55728149414062,0.05131801774242195,1,30mm,3.2415204
SubNetW8CleanAuxExDnRcK8QdEma,minbias,0,test,51.8139,53.243255615234375,0.027586335356077463,1,30mm,2.1282663
SubNetW8CleanAuxExDnRcK8QdEma,minbias,0,test,42.57021,41.8013801574707,-0.0180602669020411,3,60mm,4.556431
SubNetW8CleanAuxExDnRcK8QdEma,minbias,0,test,16.386623,15.88283920288086,-0.030743623498628248,3,60mm,3.301949
SubNetW8CleanAuxExDnRcK8QdEma,minbias,0,test,60.137596,57.62242126464844,-0.04182366818038519,1,30mm,3.5579183
SubNetW8CleanAuxExDnRcK8QdEma,minbias,0,test,16.994606,16.961559295654297,-0.0019445418373911227,2,40mm,1.9911224
SubNetW8CleanAuxExDnRcK8QdEma,minbias,0,test,12.820661,13.722644805908203,0.07035395784575038,1,30mm,0.82995087
SubNetW8CleanAuxExDnRcK8QdEma,minbias,0,test,9.765728,9.929487228393555,0.016768768454395122,3,60mm,1.7701005
SubNetW8CleanAuxExDnRcK8QdEma,minbias,0,test,15.394676,15.838685035705566,0.028841712628189686,3,60mm,3.09737
SubNetW8CleanAuxExDnRcK8QdEma,minbias,0,test,33.20065,33.21249008178711,0.00035664423967274317,2,40mm,3.1875594
SubNetW8CleanAuxExDnRcK8QdEma,minbias,0,test,68.60004,71.54473114013672,0.042925553164173014,0,15mm,1.5222791
SubNetW8CleanAuxExDnRcK8QdEma,minbias,0,test,37.17884,36.0206413269043,-0.03115210938405799,2,40mm,3.037019
SubNetW8CleanAuxExDnRcK8QdEma,minbias,0,test,92.316635,90.86840057373047,-0.01568768788027497,0,15mm,3.0275972
SubNetW8CleanAuxExDnRcK8QdEma,minbias,0,test,24.058933,23.569242477416992,-0.02035380269720255,2,40mm,2.4111576
SubNetW8CleanAuxExDnRcK8QdEma,minbias,0,test,40.863384,41.02207565307617,0.003883462155054529,2,40mm,3.767752
SubNetW8CleanAuxExDnRcK8QdEma,minbias,0,test,61.54383,67.15543365478516,0.09118058956895858,0,15mm,1.8447021
SubNetW8CleanAuxExDnRcK8QdEma,minbias,0,test,98.75772,96.17388153076172,-0.02616341681156875,0,15mm,2.6084723
SubNetW8CleanAuxExDnRcK8QdEma,minbias,0,test,11.214282,12.270576477050781,0.09419189189717825,2,40mm,1.6131206
SubNetW8CleanAuxExDnRcK8QdEma,minbias,0,test,12.025179,11.711926460266113,-0.026049712141358317,3,60mm,2.4438648
SubNetW8CleanAuxExDnRcK8QdEma,minbias,0,test,17.061047,15.753314018249512,-0.07665019695017339,2,40mm,1.5176814
SubNetW8CleanAuxExDnRcK8QdEma,minbias,0,test,20.109785,18.122928619384766,-0.09880048208728198,1,30mm,0.7625301
SubNetW8CleanAuxExDnRcK8QdEma,minbias,0,test,3.780675,3.90718150138855,0.03346137110352965,2,40mm,0.50777143
SubNetW8CleanAuxExDnRcK8QdEma,minbias,0,test,13.607319,13.434659957885742,-0.012688680395741336,2,40mm,1.370938
SubNetW8CleanAuxExDnRcK8QdEma,minbias,0,test,65.84583,64.61511993408203,-0.01869082427587132,1,30mm,2.729507
SubNetW8CleanAuxExDnRcK8QdEma,minbias,0,test,8.076084,6.894753932952881,-0.14627512343553462,1,30mm,0.5164288
SubNetW8CleanAuxExDnRcK8QdEma,minbias,0,test,17.238543,17.548744201660156,0.017994656095550843,4,120mm,4.1176724
SubNetW8CleanAuxExDnRcK8QdEma,minbias,0,test,10.014988,9.224223136901855,-0.07895813883686442,1,30mm,0.646955
SubNetW8CleanAuxExDnRcK8QdEma,minbias,0,test,45.516357,46.55803680419922,0.02288582481830126,1,30mm,2.4292312
SubNetW8CleanAuxExDnRcK8QdEma,minbias,0,test,15.8628435,15.700223922729492,-0.010251604046966456,3,60mm,2.184133
SubNetW8CleanAuxExDnRcK8QdEma,minbias,0,test,30.279827,30.144695281982422,-0.004462767750002317,3,60mm,4.0083632
SubNetW8CleanAuxExDnRcK8QdEma,minbias,0,test,99.86671,102.69661712646484,0.028336873895555836,1,30mm,4.0388656
SubNetW8CleanAuxExDnRcK8QdEma,minbias,0,test,26.794264,26.983739852905273,0.007071514049313166,3,60mm,3.1283503
SubNetW8CleanAuxExDnRcK8QdEma,minbias,0,test,70.273125,69.88316345214844,-0.0055492230403766385,1,30mm,2.913748
SubNetW8CleanAuxExDnRcK8QdEma,minbias,0,test,13.086677,12.881379127502441,-0.01568751764909504,2,40mm,0.92236155
SubNetW8CleanAuxExDnRcK8QdEma,minbias,0,test,12.441895,13.135055541992188,0.055711853930379585,2,40mm,0.99980444
SubNetW8CleanAuxExDnRcK8QdEma,minbias,0,test,20.556087,20.759965896606445,0.009918152117736279,3,60mm,3.19574
SubNetW8CleanAuxExDnRcK8QdEma,minbias,0,test,22.781517,20.448286056518555,-0.10241771736884464,3,60mm,4.7474627
SubNetW8CleanAuxExDnRcK8QdEma,minbias,0,test,9.922913,11.09280776977539,0.11789836508239171,2,40mm,1.5794084
SubNetW8CleanAuxExDnRcK8QdEma,minbias,0,test,10.891498,11.396100997924805,0.04633002768777694,1,30mm,0.7730687
SubNetW8CleanAuxExDnRcK8QdEma,minbias,0,test,70.574974,70.51587677001953,-0.0008373689232782366,1,30mm,3.6831317
SubNetW8CleanAuxExDnRcK8QdEma,minbias,0,test,32.39155,30.509944915771484,-0.058089327248638356,1,30mm,2.3122945
SubNetW8CleanAuxExDnRcK8QdEma,minbias,0,test,32.697155,32.28437805175781,-0.012624246575486331,3,60mm,4.3079967
SubNetW8CleanAuxExDnRcK8QdEma,minbias,0,test,83.40132,80.71434783935547,-0.032217398073727366,0,15mm,2.5870414
SubNetW8CleanAuxExDnRcK8QdEma,minbias,0,test,61.32018,60.53498458862305,-0.012804828850175087,1,30mm,4.723519
SubNetW8CleanAuxExDnRcK8QdEma,minbias,0,test,40.46182,40.22581100463867,-0.005832849289556408,3,60mm,4.0602345
SubNetW8CleanAuxExDnRcK8QdEma,minbias,0,test,25.16314,23.511417388916016,-0.06564053601634601,3,60mm,4.6544967
SubNetW8CleanAuxExDnRcK8QdEma,minbias,0,test,19.50832,19.692291259765625,0.00943040745687962,4,120mm,4.5996895
SubNetW8CleanAuxExDnRcK8QdEma,minbias,0,test,15.763339,15.108555793762207,-0.04153835980620557,3,60mm,2.9509742
SubNetW8CleanAuxExDnRcK8QdEma,minbias,0,test,86.80577,84.39411926269531,-0.027782157649726136,0,15mm,2.0385275
SubNetW8CleanAuxExDnRcK8QdEma,minbias,0,test,43.063477,43.421730041503906,0.008319195466811813,0,15mm,1.9325309
SubNetW8CleanAuxExDnRcK8QdEma,minbias,0,test,99.36326,96.21446990966797,-0.031689665818753654,0,15mm,2.2537932
SubNetW8CleanAuxExDnRcK8QdEma,minbias,0,test,30.621788,31.180967330932617,0.018260831326228688,1,30mm,1.5158556
SubNetW8CleanAuxExDnRcK8QdEma,minbias,0,test,77.04978,79.67960357666016,0.03413146300911496,1,30mm,4.351426
SubNetW8CleanAuxExDnRcK8QdEma,minbias,0,test,28.604721,26.732946395874023,-0.06543586525192313,1,30mm,1.1482728
SubNetW8CleanAuxExDnRcK8QdEma,minbias,0,test,7.058099,7.018397331237793,-0.005624951273167089,3,60mm,1.3632419
SubNetW8CleanAuxExDnRcK8QdEma,minbias,0,test,21.58267,21.10647964477539,-0.022063561289855094,4,120mm,4.3414383
SubNetW8CleanAuxExDnRcK8QdEma,minbias,0,test,36.337555,31.703266143798828,-0.12753441436992585,0,15mm,1.2611074
SubNetW8CleanAuxExDnRcK8QdEma,minbias,0,test,18.980938,18.77434539794922,-0.010884212375287361,0,15mm,0.81564426
SubNetW8CleanAuxExDnRcK8QdEma,minbias,0,test,34.820766,37.47249221801758,0.07615357269429257,2,40mm,3.9909053
SubNetW8CleanAuxExDnRcK8QdEma,minbias,0,test,12.790587,13.106754302978516,0.02471871441360718,2,40mm,1.4237015
SubNetW8CleanAuxExDnRcK8QdEma,minbias,0,test,59.10034,58.61457824707031,-0.008219301869255347,0,15mm,2.126574
SubNetW8CleanAuxExDnRcK8QdEma,minbias,0,test,28.898046,28.66350555419922,-0.00811615205143934,2,40mm,3.5398757
SubNetW8CleanAuxExDnRcK8QdEma,minbias,0,test,11.707378,11.484803199768066,-0.01901153104623987,2,40mm,1.3532555
SubNetW8CleanAuxExDnRcK8QdEma,minbias,0,test,10.183105,10.482179641723633,0.029369643071206042,2,40mm,1.0822797
SubNetW8CleanAuxExDnRcK8QdEma,minbias,0,test,3.5719438,3.5306859016418457,-0.011550534120758904,3,60mm,0.6333573
SubNetW8CleanAuxExDnRcK8QdEma,minbias,0,test,19.308432,18.37019157409668,-0.04859224557819242,2,40mm,2.434249
SubNetW8CleanAuxExDnRcK8QdEma,minbias,0,test,20.093307,20.401935577392578,0.01535974514650662,2,40mm,2.1814988
SubNetW8CleanAuxExDnRcK8QdEma,minbias,0,test,15.283248,14.836609840393066,-0.029224030705281345,3,60mm,3.4555163
SubNetW8CleanAuxExDnRcK8QdEma,minbias,0,test,26.515453,26.52661895751953,0.00042109854785010725,3,60mm,3.34301
SubNetW8CleanAuxExDnRcK8QdEma,minbias,0,test,96.865746,95.54204559326172,-0.013665304940689071,0,15mm,3.9437401
SubNetW8CleanAuxExDnRcK8QdEma,minbias,0,test,34.05617,33.43351745605469,-0.018283146204347123,2,40mm,2.975245
SubNetW8CleanAuxExDnRcK8QdEma,minbias,0,test,52.17495,52.032711029052734,-0.0027261859936318356,2,40mm,4.702984
SubNetW8CleanAuxExDnRcK8QdEma,minbias,0,test,37.710083,38.648902893066406,0.024895725768076638,2,40mm,2.677196
SubNetW8CleanAuxExDnRcK8QdEma,minbias,0,test,26.89891,26.77560043334961,-0.004584203847526225,2,40mm,2.6329749
SubNetW8CleanAuxExDnRcK8QdEma,minbias,0,test,13.507426,13.756001472473145,0.0184028552702451,3,60mm,1.7082185
SubNetW8CleanAuxExDnRcK8QdEma,minbias,0,test,24.684202,23.918256759643555,-0.031029782876671463,3,60mm,4.2342005
SubNetW8CleanAuxExDnRcK8QdEma,minbias,0,test,28.291536,27.471359252929688,-0.028990192283875782,3,60mm,4.9497538
SubNetW8CleanAuxExDnRcK8QdEma,minbias,0,test,30.205515,30.96417808532715,0.025116710633970918,3,60mm,4.065725
SubNetW8CleanAuxExDnRcK8QdEma,minbias,0,test,30.460516,29.739871978759766,-0.023658299083354817,2,40mm,4.5844045
SubNetW8CleanAuxExDnRcK8QdEma,minbias,0,test,53.407104,52.70406723022461,-0.01316374045452573,1,30mm,3.286349
SubNetW8CleanAuxExDnRcK8QdEma,minbias,0,test,12.57989,13.227888107299805,0.05151061282751668,3,60mm,1.3160851
SubNetW8CleanAuxExDnRcK8QdEma,minbias,0,test,95.478065,108.71038055419922,0.13859010439169728,0,15mm,4.0598884
SubNetW8CleanAuxExDnRcK8QdEma,minbias,0,test,48.589466,51.19405746459961,0.053604033527310024,1,30mm,2.0823507
SubNetW8CleanAuxExDnRcK8QdEma,minbias,0,test,10.691789,10.49521255493164,-0.01838570930215655,3,60mm,1.4708856
SubNetW8CleanAuxExDnRcK8QdEma,minbias,0,test,70.28378,67.39685821533203,-0.041075261206942604,1,30mm,3.744491
SubNetW8CleanAuxExDnRcK8QdEma,minbias,0,test,10.315269,9.790213584899902,-0.05090084043185017,3,60mm,1.2590786
SubNetW8CleanAuxExDnRcK8QdEma,minbias,0,test,31.074488,31.58537483215332,0.016440726268954098,1,30mm,1.8250211
SubNetW8CleanAuxExDnRcK8QdEma,minbias,0,test,8.298597,8.002596855163574,-0.0356687363748045,3,60mm,1.6138793
SubNetW8CleanAuxExDnRcK8QdEma,minbias,0,test,36.208984,19.470130920410156,-0.4622845336183181,0,15mm,1.4436604
SubNetW8CleanAuxExDnRcK8QdEma,minbias,0,test,10.130406,11.43320083618164,0.1286023884582359,4,120mm,2.4197237
SubNetW8CleanAuxExDnRcK8QdEma,minbias,0,test,11.261335,11.450484275817871,0.016796312038431127,3,60mm,2.0318227
SubNetW8CleanAuxExDnRcK8QdEma,minbias,0,test,19.895649,18.786117553710938,-0.05576754018051877,1,30mm,1.0156643
SubNetW8CleanAuxExDnRcK8QdEma,minbias,0,test,8.293955,8.253107070922852,-0.004925006111413777,3,60mm,1.5714916
SubNetW8CleanAuxExDnRcK8QdEma,minbias,0,test,21.28455,21.213699340820312,-0.0033287231005282303,4,120mm,4.5663753
SubNetW8CleanAuxExDnRcK8QdEma,minbias,0,test,45.72232,47.84748458862305,0.046479793809891534,2,40mm,4.09961
SubNetW8CleanAuxExDnRcK8QdEma,minbias,0,test,5.766144,5.98200798034668,0.037436489454603095,3,60mm,0.91146696
SubNetW8CleanAuxExDnRcK8QdEma,minbias,0,test,10.93104,11.148309707641602,0.019876416263582053,2,40mm,1.0468423
SubNetW8CleanAuxExDnRcK8QdEma,minbias,0,test,26.031008,27.814559936523438,0.06851644722259986,3,60mm,4.368382
SubNetW8CleanAuxExDnRcK8QdEma,minbias,0,test,39.41579,38.095672607421875,-0.03349210891765708,2,40mm,2.800946
SubNetW8CleanAuxExDnRcK8QdEma,minbias,0,test,38.74279,37.94542694091797,-0.020580946201282146,3,60mm,3.7955413
SubNetW8CleanAuxExDnRcK8QdEma,minbias,0,test,35.223522,35.63758087158203,0.011755175507803806,3,60mm,4.323255
SubNetW8CleanAuxExDnRcK8QdEma,minbias,0,test,39.39277,38.41312026977539,-0.024868741610241107,1,30mm,2.5129762
SubNetW8CleanAuxExDnRcK8QdEma,minbias,0,test,8.656355,8.377240180969238,-0.03224390939319666,3,60mm,1.565382
SubNetW8CleanAuxExDnRcK8QdEma,minbias,0,test,12.383957,11.996478080749512,-0.03128877395745411,4,120mm,2.842959
SubNetW8CleanAuxExDnRcK8QdEma,minbias,0,test,55.473244,54.8968505859375,-0.010390470952438502,1,30mm,2.8844068
SubNetW8CleanAuxExDnRcK8QdEma,minbias,0,test,20.84584,20.69013786315918,-0.007469240268110577,3,60mm,3.1823316
SubNetW8CleanAuxExDnRcK8QdEma,minbias,0,test,76.706406,45.5189323425293,-0.40658238431392213,1,30mm,3.701585
SubNetW8CleanAuxExDnRcK8QdEma,minbias,0,test,75.01879,75.73038482666016,0.009485538443889663,1,30mm,4.404875
SubNetW8CleanAuxExDnRcK8QdEma,minbias,0,test,42.14699,41.820396423339844,-0.007748958893454283,0,15mm,1.4654716
SubNetW8CleanAuxExDnRcK8QdEma,minbias,0,test,43.909607,37.032798767089844,-0.15661283820882244,2,40mm,4.1467175
SubNetW8CleanAuxExDnRcK8QdEma,minbias,0,test,84.94022,85.65162658691406,0.008375335761188207,0,15mm,2.7750897
SubNetW8CleanAuxExDnRcK8QdEma,minbias,0,test,23.49216,23.691905975341797,0.008502631152054407,3,60mm,3.3479323
SubNetW8CleanAuxExDnRcK8QdEma,minbias,0,test,54.185383,55.81181335449219,0.03001603801871444,2,40mm,4.663429
SubNetW8CleanAuxExDnRcK8QdEma,minbias,0,test,8.293925,9.077091217041016,0.09442645125897298,2,40mm,1.1957108
SubNetW8CleanAuxExDnRcK8QdEma,minbias,0,test,22.2954,21.914539337158203,-0.01708250454200888,3,60mm,3.8763182
SubNetW8CleanAuxExDnRcK8QdEma,minbias,0,test,9.153963,9.241527557373047,0.009565744097123963,3,60mm,1.3649768
SubNetW8CleanAuxExDnRcK8QdEma,minbias,0,test,22.304958,21.492826461791992,-0.03641037428569427,2,40mm,2.0186074
SubNetW8CleanAuxExDnRcK8QdEma,minbias,0,test,20.551342,23.041200637817383,0.12115309190258539,2,40mm,1.4517151
SubNetW8CleanAuxExDnRcK8QdEma,minbias,0,test,35.184067,34.63349533081055,-0.0156483173253108,2,40mm,2.8889709
SubNetW8CleanAuxExDnRcK8QdEma,minbias,0,test,85.658745,84.5211410522461,-0.013280649421868462,0,15mm,3.1692421
SubNetW8CleanAuxExDnRcK8QdEma,minbias,0,test,32.79527,31.90682029724121,-0.02709075857473986,3,60mm,4.728031
SubNetW8CleanAuxExDnRcK8QdEma,minbias,0,test,21.44032,20.66326141357422,-0.03624282108321908,3,60mm,2.9193301
SubNetW8CleanAuxExDnRcK8QdEma,minbias,0,test,73.34901,74.38250732421875,0.014090179520472201,1,30mm,4.1112967
SubNetW8CleanAuxExDnRcK8QdEma,minbias,0,test,14.573683,14.719367027282715,0.009996391742390642,0,15mm,0.5761066
SubNetW8CleanAuxExDnRcK8QdEma,minbias,0,test,12.814144,13.030617713928223,0.016893331082764584,2,40mm,1.5203754
SubNetW8CleanAuxExDnRcK8QdEma,minbias,0,test,23.446133,24.114038467407227,0.028486821992485423,3,60mm,3.3664567
SubNetW8CleanAuxExDnRcK8QdEma,minbias,0,test,12.200333,11.29487133026123,-0.0742161167190496,3,60mm,2.9028108
SubNetW8CleanAuxExDnRcK8QdEma,minbias,0,test,17.721416,16.3045597076416,-0.07995166570768708,2,40mm,1.9575258
SubNetW8CleanAuxExDnRcK8QdEma,minbias,0,test,26.987253,26.59381866455078,-0.01457853164156886,3,60mm,4.3631506
SubNetW8CleanAuxExDnRcK8QdEma,minbias,0,test,5.2625365,5.192624568939209,-0.013284840199272563,3,60mm,1.0810261
SubNetW8CleanAuxExDnRcK8QdEma,minbias,0,test,54.01265,52.73051071166992,-0.02373775098007702,2,40mm,4.519089
SubNetW8CleanAuxExDnRcK8QdEma,minbias,0,test,32.204006,35.14607238769531,0.09135714900829628,2,40mm,2.2963057
SubNetW8CleanAuxExDnRcK8QdEma,minbias,0,test,85.0405,84.63160705566406,-0.004808177112883172,0,15mm,3.5825949
SubNetW8CleanAuxExDnRcK8QdEma,minbias,0,test,16.470663,17.11962890625,0.03940131813676562,1,30mm,1.4594948
SubNetW8CleanAuxExDnRcK8QdEma,minbias,0,test,34.906616,34.21530532836914,-0.01980458026612575,1,30mm,2.937358
SubNetW8CleanAuxExDnRcK8QdEma,minbias,0,test,15.09265,15.128825187683105,0.0023968470201585212,2,40mm,1.6698403
SubNetW8CleanAuxExDnRcK8QdEma,minbias,0,test,81.7718,81.274658203125,-0.0060795897142310595,1,30mm,4.321264
SubNetW8CleanAuxExDnRcK8QdEma,minbias,0,test,5.713848,5.7505388259887695,0.006421366344182333,2,40mm,0.60649174
SubNetW8CleanAuxExDnRcK8QdEma,minbias,0,test,22.744637,22.02009391784668,-0.031855537311505366,3,60mm,4.7071657
SubNetW8CleanAuxExDnRcK8QdEma,minbias,0,test,29.571192,28.97878646850586,-0.020033190527677047,3,60mm,4.9231715
SubNetW8CleanAuxExDnRcK8QdEma,minbias,0,test,34.54556,34.36769485473633,-0.005148681341943351,3,60mm,4.8182993
SubNetW8CleanAuxExDnRcK8QdEma,minbias,0,test,95.749016,94.39104461669922,-0.014182612530742045,0,15mm,2.7224252
SubNetW8CleanAuxExDnRcK8QdEma,minbias,0,test,45.325306,44.76213073730469,-0.01242518257190417,2,40mm,4.6413355
SubNetW8CleanAuxExDnRcK8QdEma,minbias,0,test,66.48571,70.08552551269531,0.054144196713147075,0,15mm,1.4783237
SubNetW8CleanAuxExDnRcK8QdEma,minbias,0,test,27.6554,27.0778751373291,-0.02088287276006151,2,40mm,4.2700253
SubNetW8CleanAuxExDnRcK8QdEma,minbias,0,test,70.73384,69.28531646728516,-0.02047852139512074,0,15mm,2.460813
SubNetW8CleanAuxExDnRcK8QdEma,minbias,0,test,15.176381,14.896653175354004,-0.018431794361410292,3,60mm,2.861383
SubNetW8CleanAuxExDnRcK8QdEma,minbias,0,test,14.292584,14.338132858276367,0.003186858141941862,2,40mm,1.3056409
SubNetW8CleanAuxExDnRcK8QdEma,minbias,0,test,16.912266,16.915319442749023,0.000180559198944108,3,60mm,3.0679014
SubNetW8CleanAuxExDnRcK8QdEma,minbias,0,test,17.331696,16.175701141357422,-0.06669828762600694,2,40mm,1.4812567
SubNetW8CleanAuxExDnRcK8QdEma,minbias,0,test,20.935106,21.556251525878906,0.029670030817167348,3,60mm,3.9480867
SubNetW8CleanAuxExDnRcK8QdEma,minbias,0,test,9.849719,9.690878868103027,-0.016126366516304613,3,60mm,1.6872249
SubNetW8CleanAuxExDnRcK8QdEma,minbias,0,test,2.972701,5.6148681640625,0.8888102189757605,3,60mm,0.5258715
SubNetW8CleanAuxExDnRcK8QdEma,minbias,0,test,18.451088,19.690921783447266,0.06719570331220237,2,40mm,1.958676
SubNetW8CleanAuxExDnRcK8QdEma,minbias,0,test,21.10368,20.707019805908203,-0.01879576725582921,2,40mm,1.4811945
SubNetW8CleanAuxExDnRcK8QdEma,minbias,0,test,43.49258,44.09992218017578,0.013964261503427888,1,30mm,3.0264115
SubNetW8CleanAuxExDnRcK8QdEma,minbias,0,test,14.385708,13.895500183105469,-0.03407602024540679,2,40mm,1.8474646
SubNetW8CleanAuxExDnRcK8QdEma,minbias,0,test,73.6301,73.56670379638672,-0.0008609609688022823,1,30mm,4.309109
SubNetW8CleanAuxExDnRcK8QdEma,minbias,0,test,38.27817,37.667152404785156,-0.015962599830403268,3,60mm,3.8974285
SubNetW8CleanAuxExDnRcK8QdEma,minbias,0,test,82.02103,78.16357421875,-0.04703004280667422,1,30mm,4.8504486
SubNetW8CleanAuxExDnRcK8QdEma,minbias,0,test,27.0314,27.778011322021484,0.02762012410318504,2,40mm,2.290879
SubNetW8CleanAuxExDnRcK8QdEma,minbias,0,test,30.874245,30.659265518188477,-0.006963058494608876,3,60mm,4.7032256
SubNetW8CleanAuxExDnRcK8QdEma,minbias,0,test,39.87357,39.418975830078125,-0.011400876928715609,2,40mm,2.744492
SubNetW8CleanAuxExDnRcK8QdEma,minbias,0,test,26.388224,27.747438430786133,0.05150838498423105,3,60mm,4.06056
SubNetW8CleanAuxExDnRcK8QdEma,minbias,0,test,6.171631,5.994087219238281,-0.0287677024407611,3,60mm,0.7753443
SubNetW8CleanAuxExDnRcK8QdEma,minbias,0,test,11.041606,11.151777267456055,0.009977834615640058,2,40mm,0.9599809
SubNetW8CleanAuxExDnRcK8QdEma,minbias,0,test,26.058096,25.084117889404297,-0.03737717618140368,2,40mm,2.1957915
SubNetW8CleanAuxExDnRcK8QdEma,minbias,0,test,8.477174,8.616398811340332,0.01642351676422016,2,40mm,0.7547522
SubNetW8CleanAuxExDnRcK8QdEma,minbias,0,test,49.326458,49.7280387878418,0.008141286178134255,2,40mm,4.808687
SubNetW8CleanAuxExDnRcK8QdEma,minbias,0,test,42.328976,41.894981384277344,-0.01025288909704658,1,30mm,1.9259498
SubNetW8CleanAuxExDnRcK8QdEma,minbias,0,test,48.82726,49.180641174316406,0.007237393975658701,2,40mm,3.8867528
SubNetW8CleanAuxExDnRcK8QdEma,minbias,0,test,97.924965,97.09249877929688,-0.0085010612594828,0,15mm,3.426135
SubNetW8CleanAuxExDnRcK8QdEma,minbias,0,test,26.654425,27.06254768371582,0.015311642305197326,3,60mm,3.10704
SubNetW8CleanAuxExDnRcK8QdEma,minbias,0,test,24.75823,25.897966384887695,0.04603463841719413,0,15mm,0.57651
SubNetW8CleanAuxExDnRcK8QdEma,minbias,0,test,14.076499,20.511146545410156,0.4571198823545273,1,30mm,1.0681597
SubNetW8CleanAuxExDnRcK8QdEma,minbias,0,test,7.7510567,7.858673572540283,0.013884158762297094,3,60mm,1.4690768
SubNetW8CleanAuxExDnRcK8QdEma,minbias,0,test,10.774214,10.552454948425293,-0.020582368864417222,2,40mm,0.9377778
SubNetW8CleanAuxExDnRcK8QdEma,minbias,0,test,44.97943,42.44141387939453,-0.056426175430121406,0,15mm,1.6396384
SubNetW8CleanAuxExDnRcK8QdEma,minbias,0,test,84.94302,83.76883697509766,-0.013823227095655533,1,30mm,4.705938
SubNetW8CleanAuxExDnRcK8QdEma,minbias,0,test,29.37955,30.290266036987305,0.030998264922439622,2,40mm,2.476906
SubNetW8CleanAuxExDnRcK8QdEma,minbias,0,test,7.1460156,7.346847057342529,0.02810397055813918,3,60mm,1.5117738
SubNetW8CleanAuxExDnRcK8QdEma,minbias,0,test,41.818874,41.48735809326172,-0.007927431595172951,2,40mm,3.1105475
SubNetW8CleanAuxExDnRcK8QdEma,minbias,0,test,8.793457,8.640973091125488,-0.017340613547393025,2,40mm,1.5208305
SubNetW8CleanAuxExDnRcK8QdEma,minbias,0,test,31.7829,33.57793045043945,0.05647787338388999,1,30mm,2.5341086
SubNetW8CleanAuxExDnRcK8QdEma,minbias,0,test,32.91064,31.144390106201172,-0.053668071234578174,0,15mm,1.1853428
SubNetW8CleanAuxExDnRcK8QdEma,minbias,0,test,57.882168,58.16733932495117,0.0049267593033970325,0,15mm,1.6717908
SubNetW8CleanAuxExDnRcK8QdEma,minbias,0,test,10.588034,9.590250015258789,-0.09423691795922995,3,60mm,1.8162735
SubNetW8CleanAuxExDnRcK8QdEma,minbias,0,test,79.38217,76.80476379394531,-0.03246834627930628,0,15mm,2.166905
SubNetW8CleanAuxExDnRcK8QdEma,minbias,0,test,11.924261,11.931992530822754,0.0006483787651676565,2,40mm,1.3920652
SubNetW8CleanAuxExDnRcK8QdEma,minbias,0,test,9.020673,9.159067153930664,0.015341910616933685,3,60mm,1.4917283
SubNetW8CleanAuxExDnRcK8QdEma,minbias,0,test,8.786024,8.400303840637207,-0.04390157013915619,2,40mm,0.93153685
SubNetW8CleanAuxExDnRcK8QdEma,minbias,0,test,69.790085,70.5530776977539,0.010932682782208047,1,30mm,3.3710039
SubNetW8CleanAuxExDnRcK8QdEma,minbias,0,test,31.632591,31.109041213989258,-0.01655096888749963,2,40mm,3.4166324
SubNetW8CleanAuxExDnRcK8QdEma,minbias,0,test,13.307312,13.405499458312988,0.007378458287276457,2,40mm,0.9421836
SubNetW8CleanAuxExDnRcK8QdEma,minbias,0,test,10.671767,10.919118881225586,0.023178133572543613,4,120mm,2.5080545
SubNetW8CleanAuxExDnRcK8QdEma,minbias,0,test,31.0576,30.9151554107666,-0.004586465486635327,2,40mm,2.836365
SubNetW8CleanAuxExDnRcK8QdEma,minbias,0,test,41.932556,41.48117446899414,-0.010764468584021247,3,60mm,4.531
SubNetW8CleanAuxExDnRcK8QdEma,minbias,0,test,29.270578,32.98789596557617,0.1269984327729583,0,15mm,1.0663549
SubNetW8CleanAuxExDnRcK8QdEma,minbias,0,test,10.406076,10.323465347290039,-0.007938735077526071,2,40mm,1.249536
SubNetW8CleanAuxExDnRcK8QdEma,minbias,0,test,21.29944,21.95489501953125,0.030773326613558583,3,60mm,3.6743603
SubNetW8CleanAuxExDnRcK8QdEma,minbias,0,test,34.011124,33.01479721069336,-0.02929413495932842,1,30mm,1.7352656
SubNetW8CleanAuxExDnRcK8QdEma,minbias,0,test,39.837643,39.98701477050781,0.003749521578588988,3,60mm,4.4658847
SubNetW8CleanAuxExDnRcK8QdEma,minbias,0,test,14.760445,14.474552154541016,-0.019368826178579268,2,40mm,1.6069374
SubNetW8CleanAuxExDnRcK8QdEma,minbias,0,test,23.493101,22.411945343017578,-0.04602013891036982,3,60mm,4.5036087
SubNetW8CleanAuxExDnRcK8QdEma,minbias,0,test,46.582134,44.55677795410156,-0.043479250692825544,1,30mm,2.4791331
SubNetW8CleanAuxExDnRcK8QdEma,minbias,0,test,19.288067,17.94537353515625,-0.06961264383433496,3,60mm,2.5627093
SubNetW8CleanAuxExDnRcK8QdEma,minbias,0,test,28.45565,28.558658599853516,0.003619958393871636,2,40mm,2.1249278
SubNetW8CleanAuxExDnRcK8QdEma,minbias,0,test,2.7301528,2.7434611320495605,0.004874557367503307,3,60mm,0.53763837
SubNetW8CleanAuxExDnRcK8QdEma,minbias,0,test,6.3726234,6.71904993057251,0.054361675381387586,3,60mm,0.7264439
SubNetW8CleanAuxExDnRcK8QdEma,minbias,0,test,40.121414,39.06517791748047,-0.026325997937930223,0,15mm,1.0497987
SubNetW8CleanAuxExDnRcK8QdEma,minbias,0,test,21.907204,22.233400344848633,0.014889927321698915,3,60mm,4.6327105
SubNetW8CleanAuxExDnRcK8QdEma,minbias,0,test,22.217928,21.718843460083008,-0.022463142115103474,1,30mm,1.2172858
SubNetW8CleanAuxExDnRcK8QdEma,minbias,0,test,18.123419,17.693647384643555,-0.02371359553587804,4,120mm,4.113893
SubNetW8CleanAuxExDnRcK8QdEma,minbias,0,test,90.67067,87.7677230834961,-0.032016378464987616,0,15mm,3.372496
SubNetW8CleanAuxExDnRcK8QdEma,minbias,0,test,17.320387,19.006004333496094,0.09731984960473494,3,60mm,3.3621273
SubNetW8CleanAuxExDnRcK8QdEma,minbias,0,test,8.451317,8.543943405151367,0.01096001646609146,2,40mm,1.1821021
SubNetW8CleanAuxExDnRcK8QdEma,minbias,0,test,20.858126,19.9458065032959,-0.04373926962832164,3,60mm,4.82472
SubNetW8CleanAuxExDnRcK8QdEma,minbias,0,test,13.856821,16.708951950073242,0.20582865850007526,1,30mm,0.67108953
SubNetW8CleanAuxExDnRcK8QdEma,minbias,0,test,15.214962,14.596685409545898,-0.04063609201529095,4,120mm,3.1777267
SubNetW8CleanAuxExDnRcK8QdEma,minbias,0,test,38.220848,39.6294059753418,0.03685313022800041,0,15mm,1.2976512
SubNetW8CleanAuxExDnRcK8QdEma,minbias,0,test,59.067898,59.001190185546875,-0.0011293378226131523,1,30mm,4.936423
SubNetW8CleanAuxExDnRcK8QdEma,minbias,0,test,56.48204,56.801822662353516,0.0056616626238279455,0,15mm,1.7446364
SubNetW8CleanAuxExDnRcK8QdEma,minbias,0,test,16.624754,18.132429122924805,0.09068857050450774,2,40mm,1.5380913
SubNetW8CleanAuxExDnRcK8QdEma,minbias,0,test,42.828262,41.88457107543945,-0.02203431104466913,2,40mm,4.5246487
SubNetW8CleanAuxExDnRcK8QdEma,minbias,0,test,13.878787,13.346942901611328,-0.03832064989102224,4,120mm,3.1227775
SubNetW8CleanAuxExDnRcK8QdEma,minbias,0,test,56.352734,55.035919189453125,-0.02336735661614109,2,40mm,4.7189193
SubNetW8CleanAuxExDnRcK8QdEma,minbias,0,test,34.809288,34.08613204956055,-0.020774799381833242,2,40mm,2.1043777
SubNetW8CleanAuxExDnRcK8QdEma,minbias,0,test,16.124985,16.91269302368164,0.04885017227070865,0,15mm,0.7421702
SubNetW8CleanAuxExDnRcK8QdEma,minbias,0,test,3.9517343,4.2188639640808105,0.0675980820252462,3,60mm,0.5599318
SubNetW8CleanAuxExDnRcK8QdEma,minbias,0,test,22.186483,22.06467056274414,-0.005490406854063545,3,60mm,3.4791198
SubNetW8CleanAuxExDnRcK8QdEma,minbias,0,test,61.70792,60.30409622192383,-0.0227494922992878,1,30mm,3.4046836
SubNetW8CleanAuxExDnRcK8QdEma,minbias,0,test,20.904835,20.752696990966797,-0.00727763496753786,3,60mm,3.7150655
SubNetW8CleanAuxExDnRcK8QdEma,minbias,0,test,14.57142,14.15932559967041,-0.028280985946880444,3,60mm,2.5070977
SubNetW8CleanAuxExDnRcK8QdEma,minbias,0,test,17.573435,17.833208084106445,0.014782155959364607,2,40mm,2.065355
SubNetW8CleanAuxExDnRcK8QdEma,minbias,0,test,9.255995,8.5639009475708,-0.07477249764929861,3,60mm,1.1368849
SubNetW8CleanAuxExDnRcK8QdEma,minbias,0,test,16.165533,15.675650596618652,-0.030304133317680226,3,60mm,2.8201368
SubNetW8CleanAuxExDnRcK8QdEma,minbias,0,test,21.693985,21.261362075805664,-0.019942067344382308,4,120mm,4.36791
SubNetW8CleanAuxExDnRcK8QdEma,minbias,0,test,10.728912,11.504082679748535,0.07225059732908568,3,60mm,2.5513225
SubNetW8CleanAuxExDnRcK8QdEma,minbias,0,test,63.90489,64.24313354492188,0.005292950220575854,0,15mm,3.22737
SubNetW8CleanAuxExDnRcK8QdEma,minbias,0,test,41.047504,40.182960510253906,-0.021062033536619618,2,40mm,3.3699706
SubNetW8CleanAuxExDnRcK8QdEma,minbias,0,test,19.71833,19.54547882080078,-0.00876603440250634,2,40mm,1.462523
SubNetW8CleanAuxExDnRcK8QdEma,minbias,0,test,72.8055,69.7125244140625,-0.042482669063736433,1,30mm,3.5893683
SubNetW8CleanAuxExDnRcK8QdEma,minbias,0,test,15.209164,14.26627254486084,-0.061994935529074424,1,30mm,1.4533665
SubNetW8CleanAuxExDnRcK8QdEma,minbias,0,test,38.488712,38.4657096862793,-0.0005976459884128316,2,40mm,3.9383783
SubNetW8CleanAuxExDnRcK8QdEma,minbias,0,test,64.54563,71.30369567871094,0.10470211728550116,0,15mm,2.3445187
SubNetW8CleanAuxExDnRcK8QdEma,minbias,0,test,24.010841,22.866222381591797,-0.04767092374717563,3,60mm,3.1236954
SubNetW8CleanAuxExDnRcK8QdEma,minbias,0,test,13.182953,13.896663665771484,0.05413891647510649,1,30mm,1.1794231
SubNetW8CleanAuxExDnRcK8QdEma,minbias,0,test,23.725033,25.402469635009766,0.07070324590493415,1,30mm,1.605561
SubNetW8CleanAuxExDnRcK8QdEma,minbias,0,test,15.090553,14.412673950195312,-0.04492077399366723,3,60mm,2.6126173
SubNetW8CleanAuxExDnRcK8QdEma,minbias,0,test,6.3507934,6.1778130531311035,-0.027237590436637427,3,60mm,1.1256016
SubNetW8CleanAuxExDnRcK8QdEma,minbias,0,test,20.903698,18.75391387939453,-0.1028422861578907,2,40mm,3.369249
SubNetW8CleanAuxExDnRcK8QdEma,minbias,0,test,96.97207,88.698486328125,-0.08531923224925131,0,15mm,2.2630877
SubNetW8CleanAuxExDnRcK8QdEma,minbias,0,test,22.736897,23.527925491333008,0.03479054302430007,3,60mm,2.6663902
SubNetW8CleanAuxExDnRcK8QdEma,minbias,0,test,11.266409,11.02348518371582,-0.021561771660428386,3,60mm,1.513808
SubNetW8CleanAuxExDnRcK8QdEma,minbias,0,test,16.965048,18.169055938720703,0.07096992086521103,1,30mm,1.3911247
SubNetW8CleanAuxExDnRcK8QdEma,minbias,0,test,10.285666,9.640790939331055,-0.06269652322238883,2,40mm,1.0967857
SubNetW8CleanAuxExDnRcK8QdEma,minbias,0,test,38.20198,37.99583053588867,-0.005396318508710474,2,40mm,3.0950272
SubNetW8CleanAuxExDnRcK8QdEma,minbias,0,test,18.151104,19.65151023864746,0.0826619839464604,3,60mm,4.0071077
SubNetW8CleanAuxExDnRcK8QdEma,minbias,0,test,59.45559,60.80866622924805,0.02275777518769173,1,30mm,2.6491935
SubNetW8CleanAuxExDnRcK8QdEma,minbias,0,test,20.889023,20.16647720336914,-0.034589728287349075,3,60mm,4.215386
SubNetW8CleanAuxExDnRcK8QdEma,minbias,0,test,19.796404,19.873260498046875,0.0038823522497362095,2,40mm,3.780607
SubNetW8CleanAuxExDnRcK8QdEma,minbias,0,test,13.509656,14.129803657531738,0.04590403391919784,3,60mm,2.4189343
SubNetW8CleanAuxExDnRcK8QdEma,minbias,0,test,15.919544,15.569199562072754,-0.02200720404158618,3,60mm,3.0111008
SubNetW8CleanAuxExDnRcK8QdEma,minbias,0,test,28.95101,29.41181755065918,0.015916812721433304,2,40mm,4.3080263
SubNetW8CleanAuxExDnRcK8QdEma,minbias,0,test,44.12938,41.837440490722656,-0.051936800823495166,1,30mm,2.5327544
SubNetW8CleanAuxExDnRcK8QdEma,minbias,0,test,36.54592,35.551856994628906,-0.027200417857740078,3,60mm,4.0442724
SubNetW8CleanAuxExDnRcK8QdEma,minbias,0,test,43.13598,38.85833740234375,-0.09916643659026603,1,30mm,3.8865368
SubNetW8CleanAuxExDnRcK8QdEma,minbias,0,test,89.89464,90.77550506591797,0.009798882596219638,1,30mm,4.9917264
SubNetW8CleanAuxExDnRcK8QdEma,minbias,0,test,37.539616,39.080604553222656,0.04104967235845525,2,40mm,3.865239
SubNetW8CleanAuxExDnRcK8QdEma,minbias,0,test,14.4906025,14.061089515686035,-0.029640794977234486,3,60mm,2.4595132
SubNetW8CleanAuxExDnRcK8QdEma,minbias,0,test,25.534447,25.9906005859375,0.01786425508634837,3,60mm,4.952558
SubNetW8CleanAuxExDnRcK8QdEma,minbias,0,test,22.844576,22.46741485595703,-0.016509872100486156,3,60mm,4.3055015
SubNetW8CleanAuxExDnRcK8QdEma,minbias,0,test,3.2694747,3.5491549968719482,0.08554286969804425,3,60mm,0.62279826
SubNetW8CleanAuxExDnRcK8QdEma,minbias,0,test,20.172773,19.942453384399414,-0.011417367988159954,1,30mm,1.8107336
SubNetW8CleanAuxExDnRcK8QdEma,minbias,0,test,13.755945,13.72853946685791,-0.0019922832216017206,3,60mm,2.6604457
SubNetW8CleanAuxExDnRcK8QdEma,minbias,0,test,12.707932,11.999951362609863,-0.055711746278657936,3,60mm,1.807616
SubNetW8CleanAuxExDnRcK8QdEma,minbias,0,test,18.69181,18.054073333740234,-0.034118539265534764,4,120mm,4.2143674
SubNetW8CleanAuxExDnRcK8QdEma,minbias,0,test,13.341597,13.166375160217285,-0.013133468833235518,2,40mm,0.82365143
SubNetW8CleanAuxExDnRcK8QdEma,minbias,0,test,6.7308955,6.611903667449951,-0.017678457712827944,2,40mm,1.1636128
SubNetW8CleanAuxExDnRcK8QdEma,minbias,0,test,51.424385,53.112098693847656,0.03281932532053111,0,15mm,1.8418663
SubNetW8CleanAuxExDnRcK8QdEma,minbias,0,test,25.048119,24.00116729736328,-0.04179760208850947,1,30mm,1.5398012
SubNetW8CleanAuxExDnRcK8QdEma,minbias,0,test,56.414658,52.04767608642578,-0.07740863266193176,1,30mm,2.2584014
SubNetW8CleanAuxExDnRcK8QdEma,minbias,0,test,76.705894,79.5407485961914,0.0369574482581303,0,15mm,1.800336
SubNetW8CleanAuxExDnRcK8QdEma,minbias,0,test,5.8272667,6.203622341156006,0.06458527949054149,2,40mm,0.71882296
SubNetW8CleanAuxExDnRcK8QdEma,minbias,0,test,39.24046,39.95276641845703,0.018152360763478814,2,40mm,4.1507616
SubNetW8CleanAuxExDnRcK8QdEma,minbias,0,test,22.947174,20.717370986938477,-0.09717114091282064,1,30mm,0.9581758
SubNetW8CleanAuxExDnRcK8QdEma,minbias,0,test,9.416565,9.183314323425293,-0.024770244715810796,4,120mm,2.2021964
SubNetW8CleanAuxExDnRcK8QdEma,minbias,0,test,31.749409,32.13970947265625,0.012293165965730601,2,40mm,3.5336306
SubNetW8CleanAuxExDnRcK8QdEma,minbias,0,test,22.538895,22.584779739379883,0.0020358179389605713,2,40mm,2.2460759
SubNetW8CleanAuxExDnRcK8QdEma,minbias,0,test,14.230721,14.172398567199707,-0.00409838015605557,3,60mm,3.0143735
SubNetW8CleanAuxExDnRcK8QdEma,minbias,0,test,16.354193,15.984625816345215,-0.022597686320305566,3,60mm,3.5116565
SubNetW8CleanAuxExDnRcK8QdEma,minbias,0,test,18.193544,18.00410270690918,-0.01041257694872555,3,60mm,2.4807959
SubNetW8CleanAuxExDnRcK8QdEma,minbias,0,test,4.2146015,3.9692068099975586,-0.058224889293173376,3,60mm,0.85470927
SubNetW8CleanAuxExDnRcK8QdEma,minbias,0,test,34.95105,38.106964111328125,0.09029526507147612,3,60mm,4.5017405
SubNetW8CleanAuxExDnRcK8QdEma,minbias,0,test,60.18939,60.852317810058594,0.011014060018048832,2,40mm,4.928824
SubNetW8CleanAuxExDnRcK8QdEma,minbias,0,test,11.566471,11.076333045959473,-0.04237576436777246,3,60mm,2.351338
SubNetW8CleanAuxExDnRcK8QdEma,minbias,0,test,16.613401,16.091154098510742,-0.03143530343193912,2,40mm,1.626531
SubNetW8CleanAuxExDnRcK8QdEma,minbias,0,test,4.384162,4.4918212890625,0.024556424044843705,4,120mm,0.931028
SubNetW8CleanAuxExDnRcK8QdEma,minbias,0,test,16.349081,16.7816104888916,0.026455887546203316,4,120mm,3.3871565
SubNetW8CleanAuxExDnRcK8QdEma,minbias,0,test,35.72684,35.42631912231445,-0.00841165472239458,3,60mm,3.4790409
SubNetW8CleanAuxExDnRcK8QdEma,minbias,0,test,38.24413,37.88515853881836,-0.00938629404768998,2,40mm,4.9387345
SubNetW8CleanAuxExDnRcK8QdEma,minbias,0,test,7.0123124,6.611647129058838,-0.05713739771526838,3,60mm,1.5258197
SubNetW8CleanAuxExDnRcK8QdEma,minbias,0,test,5.0600653,4.6342997550964355,-0.08414229692700326,4,120mm,1.0956124
SubNetW8CleanAuxExDnRcK8QdEma,minbias,0,test,80.81191,89.45586395263672,0.10696382680088767,0,15mm,2.3685236
SubNetW8CleanAuxExDnRcK8QdEma,minbias,0,test,36.67923,37.26169204711914,0.01587989483361829,2,40mm,3.3501625
SubNetW8CleanAuxExDnRcK8QdEma,minbias,0,test,7.00292,7.307049751281738,0.04342896876984015,3,60mm,1.3361851
SubNetW8CleanAuxExDnRcK8QdEma,minbias,0,test,15.640378,15.205649375915527,-0.027795275950640574,3,60mm,2.9903913
SubNetW8CleanAuxExDnRcK8QdEma,minbias,0,test,24.216461,25.863061904907227,0.06799510097350425,2,40mm,1.4364263
SubNetW8CleanAuxExDnRcK8QdEma,minbias,0,test,16.149107,17.607025146484375,0.09027856270793766,2,40mm,2.1370358
SubNetW8CleanAuxExDnRcK8QdEma,minbias,0,test,9.802899,9.563546180725098,-0.02441657015191523,2,40mm,0.9906726
SubNetW8CleanAuxExDnRcK8QdEma,minbias,0,test,7.0137463,7.102013111114502,0.012584836437713909,3,60mm,1.1496214
SubNetW8CleanAuxExDnRcK8QdEma,minbias,0,test,72.027466,75.12277221679688,0.04297397334797615,1,30mm,3.4121935
SubNetW8CleanAuxExDnRcK8QdEma,minbias,0,test,9.7816305,9.738330841064453,-0.0044266316251401205,4,120mm,2.073145
SubNetW8CleanAuxExDnRcK8QdEma,minbias,0,test,17.065432,17.37261199951172,0.01800015446171388,3,60mm,2.4020376
SubNetW8CleanAuxExDnRcK8QdEma,minbias,0,test,7.43911,7.011810302734375,-0.057439601090805814,3,60mm,1.1490884
SubNetW8CleanAuxExDnRcK8QdEma,minbias,0,test,59.09535,50.482513427734375,-0.14574471882661266,0,15mm,2.261715
SubNetW8CleanAuxExDnRcK8QdEma,minbias,0,test,27.102373,29.208311080932617,0.07770308334967813,2,40mm,2.3599308
SubNetW8CleanAuxExDnRcK8QdEma,minbias,0,test,36.18944,36.12777328491211,-0.0017040438628437293,2,40mm,3.17361
SubNetW8CleanAuxExDnRcK8QdEma,minbias,0,test,24.441517,24.18858528137207,-0.010348440979729534,3,60mm,3.637269
SubNetW8CleanAuxExDnRcK8QdEma,minbias,0,test,88.63885,87.36103057861328,-0.014415990399783252,0,15mm,2.805006
SubNetW8CleanAuxExDnRcK8QdEma,minbias,0,test,7.9979453,7.7917914390563965,-0.02577585388150072,2,40mm,0.6884681
SubNetW8CleanAuxExDnRcK8QdEma,minbias,0,test,14.4157505,14.594405174255371,0.012393019057277632,2,40mm,1.7270293
SubNetW8CleanAuxExDnRcK8QdEma,minbias,0,test,28.541912,28.67112922668457,0.004527277200985669,3,60mm,4.3809295
SubNetW8CleanAuxExDnRcK8QdEma,minbias,0,test,30.829416,29.811511993408203,-0.03301730634584987,3,60mm,4.117957
SubNetW8CleanAuxExDnRcK8QdEma,minbias,0,test,31.109512,30.417354583740234,-0.022249070896358747,2,40mm,3.3530424
SubNetW8CleanAuxExDnRcK8QdEma,minbias,0,test,32.15582,33.58966827392578,0.0445906645210159,2,40mm,3.4759266
SubNetW8CleanAuxExDnRcK8QdEma,minbias,0,test,5.723092,6.452600002288818,0.1274674447021935,4,120mm,1.2447054
SubNetW8CleanAuxExDnRcK8QdEma,minbias,0,test,84.855095,83.4732437133789,-0.016284834726307262,1,30mm,4.864531
SubNetW8CleanAuxExDnRcK8QdEma,minbias,0,test,13.703186,13.800929069519043,0.0071328692547869554,3,60mm,2.0235903
SubNetW8CleanAuxExDnRcK8QdEma,minbias,0,test,27.339664,26.877849578857422,-0.016891753776268725,3,60mm,3.8073716
SubNetW8CleanAuxExDnRcK8QdEma,minbias,0,test,8.364133,8.745762825012207,0.045626958498837356,2,40mm,1.3918744
SubNetW8CleanAuxExDnRcK8QdEma,minbias,0,test,67.15938,63.37831115722656,-0.056299909323419994,0,15mm,3.5189276
SubNetW8CleanAuxExDnRcK8QdEma,minbias,0,test,16.157005,17.02579689025879,0.05377181993369318,0,15mm,0.54992366
SubNetW8CleanAuxExDnRcK8QdEma,minbias,0,test,47.27907,45.97842025756836,-0.027510090629078388,2,40mm,3.2578342
SubNetW8CleanAuxExDnRcK8QdEma,minbias,0,test,53.17717,51.746177673339844,-0.026909896330550853,1,30mm,3.208348
SubNetW8CleanAuxExDnRcK8QdEma,minbias,0,test,23.966528,22.241697311401367,-0.07196831480316168,3,60mm,4.9015217
SubNetW8CleanAuxExDnRcK8QdEma,minbias,0,test,39.32711,37.95620346069336,-0.03485907862811355,2,40mm,3.9855797
SubNetW8CleanAuxExDnRcK8QdEma,minbias,0,test,26.047438,26.610370635986328,0.021611836654264804,1,30mm,1.2488714
SubNetW8CleanAuxExDnRcK8QdEma,minbias,0,test,74.459015,70.88831329345703,-0.047955262425544265,0,15mm,2.2970152
SubNetW8CleanAuxExDnRcK8QdEma,minbias,0,test,16.016987,15.146567344665527,-0.054343523571380725,2,40mm,2.8071594
SubNetW8CleanAuxExDnRcK8QdEma,minbias,0,test,58.633736,58.422515869140625,-0.00360235937949116,1,30mm,3.4519181
SubNetW8CleanAuxExDnRcK8QdEma,minbias,0,test,14.127756,15.636427879333496,0.10678778341552797,3,60mm,2.5784101
SubNetW8CleanAuxExDnRcK8QdEma,minbias,0,test,12.182541,11.655742645263672,-0.043242066896711506,3,60mm,1.8314378
SubNetW8CleanAuxExDnRcK8QdEma,minbias,0,test,40.13618,51.94289779663086,0.294166426918548,1,30mm,3.9548717
SubNetW8CleanAuxExDnRcK8QdEma,minbias,0,test,13.217988,13.269643783569336,0.003907990330492606,3,60mm,1.6834652
SubNetW8CleanAuxExDnRcK8QdEma,minbias,0,test,95.295265,96.39664459228516,0.011557545826077487,0,15mm,2.1616485
SubNetW8CleanAuxExDnRcK8QdEma,minbias,0,test,17.363333,17.702558517456055,0.01953690423135912,3,60mm,2.8522644
SubNetW8CleanAuxExDnRcK8QdEma,minbias,0,test,4.4225283,5.543166160583496,0.2533930426318267,3,60mm,0.78094983
SubNetW8CleanAuxExDnRcK8QdEma,minbias,0,test,51.84716,50.53337860107422,-0.02533951193627859,2,40mm,4.223061
SubNetW8CleanAuxExDnRcK8QdEma,minbias,0,test,29.743723,28.86556625366211,-0.029524100411965182,2,40mm,4.3727093
SubNetW8CleanAuxExDnRcK8QdEma,minbias,0,test,17.536781,17.142578125,-0.022478650959004698,3,60mm,3.3958178
SubNetW8CleanAuxExDnRcK8QdEma,minbias,0,test,50.62777,49.23930740356445,-0.027424910897313914,2,40mm,3.5674553
SubNetW8CleanAuxExDnRcK8QdEma,minbias,0,test,55.564705,56.20654296875,0.01155118298465041,2,40mm,4.270101
SubNetW8CleanAuxExDnRcK8QdEma,minbias,0,test,95.15868,89.37586975097656,-0.060770218716343805,0,15mm,3.9803972
SubNetW8CleanAuxExDnRcK8QdEma,minbias,0,test,16.237371,15.798404693603516,-0.027034348052797474,3,60mm,2.8638601
SubNetW8CleanAuxExDnRcK8QdEma,minbias,0,test,27.44722,27.143585205078125,-0.011062491765256532,2,40mm,2.3463554
SubNetW8CleanAuxExDnRcK8QdEma,minbias,0,test,31.357874,31.262046813964844,-0.0030559183609168983,2,40mm,3.1795628
SubNetW8CleanAuxExDnRcK8QdEma,minbias,0,test,11.015454,10.882061958312988,-0.012109562660311712,2,40mm,1.1692978
SubNetW8CleanAuxExDnRcK8QdEma,minbias,0,test,40.60667,40.23993682861328,-0.009031362276117116,1,30mm,2.400486
SubNetW8CleanAuxExDnRcK8QdEma,minbias,0,test,24.490257,23.593164443969727,-0.03663060006162022,3,60mm,4.7273645
SubNetW8CleanAuxExDnRcK8QdEma,minbias,0,test,27.833477,27.999935150146484,0.005980500738791195,2,40mm,2.576333
SubNetW8CleanAuxExDnRcK8QdEma,minbias,0,test,12.476659,11.662773132324219,-0.06523266368436242,2,40mm,1.1192315
SubNetW8CleanAuxExDnRcK8QdEma,minbias,0,test,30.512066,29.481060028076172,-0.03379010333741528,3,60mm,4.1285872
SubNetW8CleanAuxExDnRcK8QdEma,minbias,0,test,36.21675,36.44784164428711,0.006380764111748816,2,40mm,3.9626176
SubNetW8CleanAuxExDnRcK8QdEma,minbias,0,test,13.670327,13.653078079223633,-0.0012617918448775134,2,40mm,1.5590992
SubNetW8CleanAuxExDnRcK8QdEma,minbias,0,test,31.69214,31.608644485473633,-0.002634599374607638,0,15mm,1.1692991
SubNetW8CleanAuxExDnRcK8QdEma,minbias,0,test,59.99475,64.74755859375,0.07922039078125742,0,15mm,1.9808109
SubNetW8CleanAuxExDnRcK8QdEma,minbias,0,test,13.228084,13.306258201599121,0.0059097442506483855,3,60mm,2.3656068
SubNetW8CleanAuxExDnRcK8QdEma,minbias,0,test,31.75473,31.504180908203125,-0.007890141551638141,2,40mm,3.7551694
SubNetW8CleanAuxExDnRcK8QdEma,minbias,0,test,24.406216,24.680709838867188,0.011246896072690804,3,60mm,3.3059769
SubNetW8CleanAuxExDnRcK8QdEma,minbias,0,test,63.44531,64.22173309326172,0.012237696120451558,0,15mm,2.8464506
SubNetW8CleanAuxExDnRcK8QdEma,minbias,0,test,24.660997,23.819440841674805,-0.034125000531731176,3,60mm,3.3431208
SubNetW8CleanAuxExDnRcK8QdEma,minbias,0,test,29.865713,29.43222427368164,-0.014514598867624628,3,60mm,4.5121326
SubNetW8CleanAuxExDnRcK8QdEma,minbias,0,test,32.661865,32.372314453125,-0.008865102442014328,2,40mm,3.877811
SubNetW8CleanAuxExDnRcK8QdEma,minbias,0,test,20.775219,21.12632942199707,0.016900445621719218,1,30mm,1.6744198
SubNetW8CleanAuxExDnRcK8QdEma,minbias,0,test,65.913605,64.5684585571289,-0.020407716807177567,1,30mm,3.2818205
SubNetW8CleanAuxExDnRcK8QdEma,minbias,0,test,4.021917,4.296282768249512,0.06821769595632077,3,60mm,0.511044
SubNetW8CleanAuxExDnRcK8QdEma,minbias,0,test,5.344808,5.204841136932373,-0.026187463059406002,3,60mm,1.0554866
SubNetW8CleanAuxExDnRcK8QdEma,minbias,0,test,87.57252,34.48834991455078,-0.606173820960499,0,15mm,3.7534184
SubNetW8CleanAuxExDnRcK8QdEma,minbias,0,test,21.967615,22.57146644592285,0.027488250993695784,3,60mm,2.570405
SubNetW8CleanAuxExDnRcK8QdEma,minbias,0,test,4.5356646,4.076364994049072,-0.1012640062876512,3,60mm,0.72694063
SubNetW8CleanAuxExDnRcK8QdEma,minbias,0,test,20.702974,20.289505004882812,-0.01997149338037818,3,60mm,3.4182537
SubNetW8CleanAuxExDnRcK8QdEma,minbias,0,test,18.96379,18.371166229248047,-0.031250326879951995,3,60mm,3.4649906
SubNetW8CleanAuxExDnRcK8QdEma,minbias,0,test,33.398556,31.489295959472656,-0.057165938854154774,2,40mm,3.5484562
SubNetW8CleanAuxExDnRcK8QdEma,minbias,0,test,22.604397,22.81697654724121,0.009404353005523225,1,30mm,1.2266976
SubNetW8CleanAuxExDnRcK8QdEma,minbias,0,test,15.038127,14.863556861877441,-0.011608499133627381,3,60mm,2.7271059
SubNetW8CleanAuxExDnRcK8QdEma,minbias,0,test,88.362495,83.96507263183594,-0.049765715301589575,1,30mm,4.657606
SubNetW8CleanAuxExDnRcK8QdEma,minbias,0,test,90.25331,88.61022186279297,-0.01820530763210715,1,30mm,4.6810737
SubNetW8CleanAuxExDnRcK8QdEma,minbias,0,test,12.815755,12.97838020324707,0.012689483701538551,1,30mm,0.5718422
SubNetW8CleanAuxExDnRcK8QdEma,minbias,0,test,17.403952,19.361400604248047,0.11247152366827429,1,30mm,1.5326344
SubNetW8CleanAuxExDnRcK8QdEma,minbias,0,test,44.297745,46.690704345703125,0.054019896682749424,2,40mm,4.1016836
SubNetW8CleanAuxExDnRcK8QdEma,minbias,0,test,8.110898,9.449836730957031,0.1650789727748485,3,60mm,1.18057
SubNetW8CleanAuxExDnRcK8QdEma,minbias,0,test,60.61206,60.090824127197266,-0.008599549577672394,0,15mm,2.1990461
SubNetW8CleanAuxExDnRcK8QdEma,minbias,0,test,12.242116,12.987668991088867,0.060900666046625807,3,60mm,1.7252865
SubNetW8CleanAuxExDnRcK8QdEma,minbias,0,test,2.9894216,3.1476495265960693,0.05292927575396922,3,60mm,0.64988637
SubNetW8CleanAuxExDnRcK8QdEma,minbias,0,test,36.68749,38.70636749267578,0.05502908528859907,2,40mm,2.9423509
SubNetW8CleanAuxExDnRcK8QdEma,minbias,0,test,20.212154,19.984628677368164,-0.01125687577321488,3,60mm,3.5572298
SubNetW8CleanAuxExDnRcK8QdEma,minbias,0,test,82.86704,80.22531127929688,-0.03187915462150015,1,30mm,4.721032
SubNetW8CleanAuxExDnRcK8QdEma,minbias,0,test,29.668463,33.89088439941406,0.1423202031473334,1,30mm,1.4263039
SubNetW8CleanAuxExDnRcK8QdEma,minbias,0,test,48.163868,47.66201400756836,-0.010419718436806225,1,30mm,2.765007
SubNetW8CleanAuxExDnRcK8QdEma,minbias,0,test,10.297513,9.730743408203125,-0.05503946433160689,4,120mm,2.366873
SubNetW8CleanAuxExDnRcK8QdEma,minbias,0,test,18.168846,17.842634201049805,-0.017954465956756205,2,40mm,2.397893
SubNetW8CleanAuxExDnRcK8QdEma,minbias,0,test,5.0705695,5.219636917114258,0.02939855206368769,3,60mm,0.5794559
SubNetW8CleanAuxExDnRcK8QdEma,minbias,0,test,96.13551,93.60403442382812,-0.02633240094934608,0,15mm,3.3951907
SubNetW8CleanAuxExDnRcK8QdEma,minbias,0,test,13.550618,13.80411434173584,0.018707350973368397,3,60mm,1.5143058
SubNetW8CleanAuxExDnRcK8QdEma,minbias,0,test,39.07497,39.66991424560547,0.015225705778106668,2,40mm,2.4136245
SubNetW8CleanAuxExDnRcK8QdEma,minbias,0,test,57.745773,59.135536193847656,0.024066919509875495,1,30mm,4.4228225
SubNetW8CleanAuxExDnRcK8QdEma,minbias,0,test,2.9064348,2.9331562519073486,0.009193902352091277,3,60mm,0.5441218
SubNetW8CleanAuxExDnRcK8QdEma,minbias,0,test,18.081573,17.618112564086914,-0.0256316698649951,1,30mm,0.97162944
SubNetW8CleanAuxExDnRcK8QdEma,minbias,0,test,4.125986,4.229959011077881,0.02519953032652933,3,60mm,0.6648813
SubNetW8CleanAuxExDnRcK8QdEma,minbias,0,test,16.356829,16.250688552856445,-0.006489041288694097,3,60mm,3.7086697
SubNetW8CleanAuxExDnRcK8QdEma,minbias,0,test,11.79041,9.8212890625,-0.16701038999716977,1,30mm,0.61595243
SubNetW8CleanAuxExDnRcK8QdEma,minbias,0,test,93.40351,94.6124267578125,0.012942936479509948,1,30mm,4.704986
SubNetW8CleanAuxExDnRcK8QdEma,minbias,0,test,12.974203,12.271661758422852,-0.05414909458222383,3,60mm,1.6301526
SubNetW8CleanAuxExDnRcK8QdEma,minbias,0,test,10.903081,11.308228492736816,0.03715899704960557,2,40mm,1.6671689
SubNetW8CleanAuxExDnRcK8QdEma,minbias,0,test,13.090399,13.560342788696289,0.03589989944834282,2,40mm,1.9804732
SubNetW8CleanAuxExDnRcK8QdEma,minbias,0,test,12.128552,12.294161796569824,0.0136545033386124,3,60mm,1.4721793
SubNetW8CleanAuxExDnRcK8QdEma,minbias,0,test,29.959616,29.762672424316406,-0.006573625142742623,2,40mm,2.072167
SubNetW8CleanAuxExDnRcK8QdEma,minbias,0,test,2.9205313,3.031043291091919,0.03783969691735134,3,60mm,0.5073297
SubNetW8CleanAuxExDnRcK8QdEma,minbias,0,test,23.73709,23.057205200195312,-0.028642263270334145,2,40mm,4.286799
SubNetW8CleanAuxExDnRcK8QdEma,minbias,0,test,37.97018,36.461997985839844,-0.0397201831889894,2,40mm,2.8055296
SubNetW8CleanAuxExDnRcK8QdEma,minbias,0,test,18.036787,18.037883758544922,6.080492395099668e-05,2,40mm,1.6765118
SubNetW8CleanAuxExDnRcK8QdEma,minbias,0,test,34.10691,33.573448181152344,-0.015640892516454175,2,40mm,2.16403
SubNetW8CleanAuxExDnRcK8QdEma,minbias,0,test,5.83267,5.569980621337891,-0.045037621006416284,2,40mm,0.8184482
SubNetW8CleanAuxExDnRcK8QdEma,minbias,0,test,19.68042,19.615339279174805,-0.0033068726662613956,3,60mm,3.5900135
SubNetW8CleanAuxExDnRcK8QdEma,minbias,0,test,19.68172,19.20445442199707,-0.024249216727768252,2,40mm,3.5516367
SubNetW8CleanAuxExDnRcK8QdEma,minbias,0,test,16.071138,15.882132530212402,-0.011760576460332794,3,60mm,3.6822107
SubNetW8CleanAuxExDnRcK8QdEma,minbias,0,test,11.127229,10.583353042602539,-0.04887791085595372,3,60mm,1.6831471
SubNetW8CleanAuxExDnRcK8QdEma,minbias,0,test,20.959566,21.32756996154785,0.01755779881951236,2,40mm,3.6389618
SubNetW8CleanAuxExDnRcK8QdEma,minbias,0,test,64.58817,63.408935546875,-0.018257791055932615,1,30mm,3.9686165
SubNetW8CleanAuxExDnRcK8QdEma,minbias,0,test,23.062387,23.080018997192383,0.0007645145493884176,3,60mm,4.2748537
SubNetW8CleanAuxExDnRcK8QdEma,minbias,0,test,85.42244,86.77982330322266,0.01589024774728509,1,30mm,3.9913008
SubNetW8CleanAuxExDnRcK8QdEma,minbias,0,test,36.915154,36.00794982910156,-0.024575373206355722,2,40mm,4.0385303
SubNetW8CleanAuxExDnRcK8QdEma,minbias,0,test,22.944918,21.4162540435791,-0.0666231910983982,1,30mm,1.9004288
SubNetW8CleanAuxExDnRcK8QdEma,minbias,0,test,77.27221,74.5289535522461,-0.03550119305232513,1,30mm,4.347998
SubNetW8CleanAuxExDnRcK8QdEma,minbias,0,test,15.459772,16.207433700561523,0.04836174720151676,1,30mm,1.454869
SubNetW8CleanAuxExDnRcK8QdEma,minbias,0,test,74.75557,73.2428207397461,-0.020235933312118926,1,30mm,4.462641
SubNetW8CleanAuxExDnRcK8QdEma,minbias,0,test,19.554964,19.285314559936523,-0.013789312253979169,2,40mm,2.0595593
SubNetW8CleanAuxExDnRcK8QdEma,minbias,0,test,22.774788,22.468095779418945,-0.013466299871664145,3,60mm,4.7918105
SubNetW8CleanAuxExDnRcK8QdEma,minbias,0,test,56.435802,57.434593200683594,0.017697821195680197,0,15mm,2.3948426
SubNetW8CleanAuxExDnRcK8QdEma,minbias,0,test,7.338247,7.880704879760742,0.07392202395684988,3,60mm,0.8213434
SubNetW8CleanAuxExDnRcK8QdEma,minbias,0,test,49.13788,48.81125259399414,-0.006647129149458086,1,30mm,2.234758
SubNetW8CleanAuxExDnRcK8QdEma,minbias,0,test,34.44125,37.23909378051758,0.08123526136539727,0,15mm,0.9102833
SubNetW8CleanAuxExDnRcK8QdEma,minbias,0,test,60.44313,59.744773864746094,-0.01155394538171628,2,40mm,4.9354453
SubNetW8CleanAuxExDnRcK8QdEma,minbias,0,test,20.343565,20.194194793701172,-0.007342380432119655,2,40mm,3.8689
SubNetW8CleanAuxExDnRcK8QdEma,minbias,0,test,24.139427,24.010398864746094,-0.005345127675289829,2,40mm,3.1303194
SubNetW8CleanAuxExDnRcK8QdEma,minbias,0,test,17.493887,16.972087860107422,-0.029827509980282052,3,60mm,2.9490094
SubNetW8CleanAuxExDnRcK8QdEma,minbias,0,test,58.019146,55.22959518432617,-0.04807983183525477,2,40mm,4.924248
SubNetW8CleanAuxExDnRcK8QdEma,minbias,0,test,20.449923,19.934242248535156,-0.02521673671652558,3,60mm,2.0581462
SubNetW8CleanAuxExDnRcK8QdEma,minbias,0,test,37.41001,37.71513366699219,0.008156169029480465,3,60mm,4.964504
SubNetW8CleanAuxExDnRcK8QdEma,minbias,0,test,46.22715,44.04289627075195,-0.04725045118198545,2,40mm,4.2798185
SubNetW8CleanAuxExDnRcK8QdEma,minbias,0,test,21.811865,21.82888412475586,0.0007802758711994429,2,40mm,2.6878638
SubNetW8CleanAuxExDnRcK8QdEma,minbias,0,test,96.90987,93.35066986083984,-0.03672687422700216,0,15mm,2.885927
SubNetW8CleanAuxExDnRcK8QdEma,minbias,0,test,40.214554,38.606815338134766,-0.0399790210665828,2,40mm,3.9608383
SubNetW8CleanAuxExDnRcK8QdEma,minbias,0,test,13.520571,13.849325180053711,0.02431512922094159,3,60mm,2.323859
SubNetW8CleanAuxExDnRcK8QdEma,minbias,0,test,13.350505,13.275269508361816,-0.005635394880169842,4,120mm,2.792763
SubNetW8CleanAuxExDnRcK8QdEma,minbias,0,test,11.404599,11.027270317077637,-0.033085675910427215,2,40mm,0.87445354
SubNetW8CleanAuxExDnRcK8QdEma,minbias,0,test,52.667885,51.4785270690918,-0.022582219914142332,2,40mm,4.919633
SubNetW8CleanAuxExDnRcK8QdEma,minbias,0,test,24.986462,24.318960189819336,-0.02671452481820369,3,60mm,4.4201655
SubNetW8CleanAuxExDnRcK8QdEma,minbias,0,test,26.672548,26.483943939208984,-0.007071103697292691,3,60mm,4.035452
SubNetW8CleanAuxExDnRcK8QdEma,minbias,0,test,72.40053,71.7013168334961,-0.009657541738490316,0,15mm,1.8892909
SubNetW8CleanAuxExDnRcK8QdEma,minbias,0,test,16.468893,15.867453575134277,-0.036519726865994695,3,60mm,2.6368496
SubNetW8CleanAuxExDnRcK8QdEma,minbias,0,test,29.15679,31.972440719604492,0.09656930551062692,1,30mm,2.66806
SubNetW8CleanAuxExDnRcK8QdEma,minbias,0,test,19.453007,20.079021453857422,0.03218087145594395,3,60mm,3.5612137
SubNetW8CleanAuxExDnRcK8QdEma,minbias,0,test,15.274871,15.210286140441895,-0.004228168774372376,0,15mm,0.52449745
SubNetW8CleanAuxExDnRcK8QdEma,minbias,0,test,22.346355,22.425403594970703,0.003537407115749902,3,60mm,3.471918
SubNetW8CleanAuxExDnRcK8QdEma,minbias,0,test,16.839231,17.272594451904297,0.02573531702113363,3,60mm,1.622902
SubNetW8CleanAuxExDnRcK8QdEma,minbias,0,test,35.107018,34.03789520263672,-0.030453236704960363,2,40mm,3.8874774
SubNetW8CleanAuxExDnRcK8QdEma,minbias,0,test,25.844038,28.197649002075195,0.0910697852848461,1,30mm,1.2904043
SubNetW8CleanAuxExDnRcK8QdEma,minbias,0,test,8.126874,7.7696404457092285,-0.04395706462778015,4,120mm,1.7559695
SubNetW8CleanAuxExDnRcK8QdEma,minbias,0,test,19.741323,20.774375915527344,0.05232944214565616,2,40mm,1.9609333
SubNetW8CleanAuxExDnRcK8QdEma,minbias,0,test,36.011833,46.8649787902832,0.301377204038098,0,15mm,1.1707851
SubNetW8CleanAuxExDnRcK8QdEma,minbias,0,test,13.665556,15.204547882080078,0.11261831814844103,1,30mm,0.9094805
SubNetW8CleanAuxExDnRcK8QdEma,minbias,0,test,27.861515,27.663816452026367,-0.0070957588924780435,3,60mm,3.911859
SubNetW8CleanAuxExDnRcK8QdEma,minbias,0,test,8.767139,8.259729385375977,-0.0578763521683644,4,120mm,2.0770195
SubNetW8CleanAuxExDnRcK8QdEma,minbias,0,test,25.397058,26.003128051757812,0.02386377009491203,3,60mm,4.7223024
SubNetW8CleanAuxExDnRcK8QdEma,minbias,0,test,13.056918,14.126274108886719,0.08189956870745396,1,30mm,0.6520654
SubNetW8CleanAuxExDnRcK8QdEma,minbias,0,test,16.880606,16.650096893310547,-0.013655244867998295,3,60mm,3.711702
SubNetW8CleanAuxExDnRcK8QdEma,minbias,0,test,19.105494,20.49875259399414,0.0729245253540034,2,40mm,1.6030606
SubNetW8CleanAuxExDnRcK8QdEma,minbias,0,test,61.569588,71.84814453125,0.16694210902560824,0,15mm,2.0878441
SubNetW8CleanAuxExDnRcK8QdEma,minbias,0,test,7.586001,7.586294651031494,3.872022855988533e-05,3,60mm,1.0172747
SubNetW8CleanAuxExDnRcK8QdEma,minbias,0,test,18.594273,17.9720458984375,-0.03346335336803041,2,40mm,1.3929793
SubNetW8CleanAuxExDnRcK8QdEma,minbias,0,test,23.8333,23.450138092041016,-0.016076730903325065,3,60mm,3.6321106
SubNetW8CleanAuxExDnRcK8QdEma,minbias,0,test,34.058258,34.24366760253906,0.005443893976905478,2,40mm,2.610574
SubNetW8CleanAuxExDnRcK8QdEma,minbias,0,test,34.178856,31.492191314697266,-0.07860604197736065,3,60mm,3.6397102
SubNetW8CleanAuxExDnRcK8QdEma,minbias,0,test,11.566094,11.270127296447754,-0.025589199936774,2,40mm,1.6367805
SubNetW8CleanAuxExDnRcK8QdEma,minbias,0,test,14.828154,15.125611305236816,0.020060332717494633,2,40mm,1.3951902
SubNetW8CleanAuxExDnRcK8QdEma,minbias,0,test,38.858875,39.08706283569336,0.005872212188909431,2,40mm,3.971254
SubNetW8CleanAuxExDnRcK8QdEma,minbias,0,test,6.1635346,6.251002788543701,0.014191231552787675,2,40mm,0.5793636
SubNetW8CleanAuxExDnRcK8QdEma,minbias,0,test,8.914917,9.234647750854492,0.0358646927332229,3,60mm,0.9285607
SubNetW8CleanAuxExDnRcK8QdEma,minbias,0,test,8.466041,8.235981941223145,-0.027174293227198776,4,120mm,2.0373201
SubNetW8CleanAuxExDnRcK8QdEma,minbias,0,test,29.846684,27.208539962768555,-0.08838983866446992,2,40mm,2.4508944
SubNetW8CleanAuxExDnRcK8QdEma,minbias,0,test,14.356698,14.520694732666016,0.011423009389674776,3,60mm,2.779039
SubNetW8CleanAuxExDnRcK8QdEma,minbias,0,test,18.604122,18.91969871520996,0.016962722056921065,4,120mm,3.9687555
SubNetW8CleanAuxExDnRcK8QdEma,minbias,0,test,30.832157,30.832653045654297,1.6084202034916117e-05,1,30mm,1.4350927
SubNetW8CleanAuxExDnRcK8QdEma,minbias,0,test,14.493269,14.342683792114258,-0.010390007589509032,3,60mm,2.1196105
SubNetW8CleanAuxExDnRcK8QdEma,minbias,0,test,24.855312,23.85328483581543,-0.04031442041809663,2,40mm,2.2506907
SubNetW8CleanAuxExDnRcK8QdEma,minbias,0,test,4.812412,5.198122501373291,0.08014915046125481,3,60mm,0.61278075
SubNetW8CleanAuxExDnRcK8QdEma,minbias,0,test,23.91654,23.86075782775879,-0.0023323740714585872,4,120mm,4.861197
SubNetW8CleanAuxExDnRcK8QdEma,minbias,0,test,48.919537,47.62449645996094,-0.02647286178227437,2,40mm,4.74618
SubNetW8CleanAuxExDnRcK8QdEma,minbias,0,test,24.185251,39.511070251464844,0.6336845073874784,3,60mm,2.5605211
SubNetW8CleanAuxExDnRcK8QdEma,minbias,0,test,62.349392,63.16880798339844,0.013142326182862929,1,30mm,3.5430741
SubNetW8CleanAuxExDnRcK8QdEma,minbias,0,test,52.648945,52.55222702026367,-0.0018370327219189297,1,30mm,4.8746624
SubNetW8CleanAuxExDnRcK8QdEma,minbias,0,test,2.7600553,4.242178440093994,0.5369903764614399,3,60mm,0.50812846
SubNetW8CleanAuxExDnRcK8QdEma,minbias,0,test,20.676907,20.279956817626953,-0.01919773474921349,3,60mm,2.6029088
SubNetW8CleanAuxExDnRcK8QdEma,minbias,0,test,15.329029,14.840782165527344,-0.03185113127993566,1,30mm,1.1492188
SubNetW8CleanAuxExDnRcK8QdEma,minbias,0,test,14.536101,15.269831657409668,0.05047641722750518,2,40mm,1.4258082
SubNetW8CleanAuxExDnRcK8QdEma,minbias,0,test,23.487074,22.989242553710938,-0.021195971314255435,2,40mm,3.6502407
SubNetW8CleanAuxExDnRcK8QdEma,minbias,0,test,4.090125,4.137514114379883,0.011586205674445127,2,40mm,0.5532252
SubNetW8CleanAuxExDnRcK8QdEma,minbias,0,test,25.621077,25.590351104736328,-0.0011992267001508239,3,60mm,3.5401504
SubNetW8CleanAuxExDnRcK8QdEma,minbias,0,test,71.44112,69.27293395996094,-0.030349223029219607,2,40mm,4.6612945
SubNetW8CleanAuxExDnRcK8QdEma,minbias,0,test,28.778067,27.295957565307617,-0.051501342623721746,3,60mm,4.3398066
SubNetW8CleanAuxExDnRcK8QdEma,minbias,0,test,12.186384,11.57661247253418,-0.05003713311969071,2,40mm,2.5266147
SubNetW8CleanAuxExDnRcK8QdEma,minbias,0,test,46.962353,48.78364562988281,0.03878197684831952,2,40mm,4.448284
SubNetW8CleanAuxExDnRcK8QdEma,minbias,0,test,63.5129,66.95354461669922,0.05417235301473444,2,40mm,4.313785
SubNetW8CleanAuxExDnRcK8QdEma,minbias,0,test,27.940945,28.194868087768555,0.009087860812219128,3,60mm,4.044658
SubNetW8CleanAuxExDnRcK8QdEma,minbias,0,test,38.080883,37.86495590209961,-0.005670223662495255,2,40mm,4.6992717
SubNetW8CleanAuxExDnRcK8QdEma,minbias,0,test,18.517578,18.3514404296875,-0.0089718911507225,0,15mm,0.669458
SubNetW8CleanAuxExDnRcK8QdEma,minbias,0,test,37.54432,42.624542236328125,0.13531269705054383,1,30mm,2.9699175
SubNetW8CleanAuxExDnRcK8QdEma,minbias,0,test,63.665943,63.75161361694336,0.0013456247871059812,0,15mm,1.6106097
SubNetW8CleanAuxExDnRcK8QdEma,minbias,0,test,27.248981,26.899330139160156,-0.012831721324338852,3,60mm,4.3377743
SubNetW8CleanAuxExDnRcK8QdEma,minbias,0,test,34.08946,35.21834182739258,0.033115321059041136,1,30mm,1.645796
SubNetW8CleanAuxExDnRcK8QdEma,minbias,0,test,24.796957,25.462400436401367,0.02683568874926956,2,40mm,3.231163
SubNetW8CleanAuxExDnRcK8QdEma,minbias,0,test,16.447783,16.341636657714844,-0.006453505732964215,2,40mm,1.7777653
SubNetW8CleanAuxExDnRcK8QdEma,minbias,0,test,41.783604,41.06064224243164,-0.017302514917621803,2,40mm,3.353116
SubNetW8CleanAuxExDnRcK8QdEma,minbias,0,test,64.255615,64.9132308959961,0.010234368766409263,1,30mm,4.589043
SubNetW8CleanAuxExDnRcK8QdEma,minbias,0,test,31.996466,35.21324920654297,0.1005355890063302,3,60mm,3.4309285
SubNetW8CleanAuxExDnRcK8QdEma,minbias,0,test,80.70223,81.35643768310547,0.0081064092420704,0,15mm,3.4132345
SubNetW8CleanAuxExDnRcK8QdEma,minbias,0,test,31.06031,32.357852935791016,0.04177493904037122,1,30mm,1.8595544
SubNetW8CleanAuxExDnRcK8QdEma,minbias,0,test,17.404257,18.117347717285156,0.0409722117958633,2,40mm,2.1017966
SubNetW8CleanAuxExDnRcK8QdEma,minbias,0,test,29.027798,29.69073486328125,0.02283801103967531,3,60mm,3.9285147
SubNetW8CleanAuxExDnRcK8QdEma,minbias,0,test,39.97944,40.18476104736328,0.0051356965450646275,0,15mm,1.0983735
SubNetW8CleanAuxExDnRcK8QdEma,minbias,0,test,34.56338,38.822914123535156,0.1232383170045459,2,40mm,3.4370341
SubNetW8CleanAuxExDnRcK8QdEma,minbias,0,test,5.4939632,5.667932033538818,0.03166544520085446,2,40mm,0.69278216
SubNetW8CleanAuxExDnRcK8QdEma,minbias,0,test,57.064045,56.78609085083008,-0.004870914807991511,0,15mm,1.3321744
SubNetW8CleanAuxExDnRcK8QdEma,minbias,0,test,23.8986,22.031169891357422,-0.07813971373249373,2,40mm,4.7027864
SubNetW8CleanAuxExDnRcK8QdEma,minbias,0,test,35.630768,35.644287109375,0.00037942733024487474,3,60mm,3.858973
SubNetW8CleanAuxExDnRcK8QdEma,minbias,0,test,4.162015,4.08381462097168,-0.01878905794409913,3,60mm,1.0035346
SubNetW8CleanAuxExDnRcK8QdEma,minbias,0,test,6.7543454,6.6872172355651855,-0.009938517696820637,4,120mm,1.4463059
SubNetW8CleanAuxExDnRcK8QdEma,minbias,0,test,24.301489,24.79413414001465,0.02027222554875885,3,60mm,3.2281656
SubNetW8CleanAuxExDnRcK8QdEma,minbias,0,test,28.332298,28.17091941833496,-0.00569593256733214,3,60mm,4.673212
SubNetW8CleanAuxExDnRcK8QdEma,minbias,0,test,5.27574,5.074929714202881,-0.03806298772354988,3,60mm,1.1048617
SubNetW8CleanAuxExDnRcK8QdEma,minbias,0,test,24.876833,24.75023078918457,-0.005089159582522651,3,60mm,3.142287
SubNetW8CleanAuxExDnRcK8QdEma,minbias,0,test,62.92302,60.339847564697266,-0.04105289079795127,2,40mm,4.605058
SubNetW8CleanAuxExDnRcK8QdEma,minbias,0,test,11.788865,12.43476676940918,0.054789131531629565,3,60mm,1.6393635
SubNetW8CleanAuxExDnRcK8QdEma,minbias,0,test,3.2662666,3.2541699409484863,-0.003703507700707598,3,60mm,0.5021943
SubNetW8CleanAuxExDnRcK8QdEma,minbias,0,test,96.548904,84.06449890136719,-0.12930654773052375,0,15mm,3.816022
SubNetW8CleanAuxExDnRcK8QdEma,minbias,0,test,45.165836,45.04022216796875,-0.0027811765806841082,2,40mm,4.0068755
SubNetW8CleanAuxExDnRcK8QdEma,minbias,0,test,32.606018,31.006776809692383,-0.04904742595237521,2,40mm,3.8144507
SubNetW8CleanAuxExDnRcK8QdEma,minbias,0,test,43.361965,46.99928665161133,0.08388276354901736,1,30mm,1.9172271
SubNetW8CleanAuxExDnRcK8QdEma,minbias,0,test,6.9752336,7.3285908699035645,0.050658850672933076,3,60mm,0.71783024
SubNetW8CleanAuxExDnRcK8QdEma,minbias,0,test,51.61902,49.2642936706543,-0.045617389674669995,0,15mm,1.843544
SubNetW8CleanAuxExDnRcK8QdEma,minbias,0,test,17.739046,17.43389892578125,-0.017202005640851503,3,60mm,3.9398863
SubNetW8CleanAuxExDnRcK8QdEma,minbias,0,test,11.230121,11.189372062683105,-0.0036285092056607127,3,60mm,1.8244394
SubNetW8CleanAuxExDnRcK8QdEma,minbias,0,test,40.151978,39.02055358886719,-0.02817853614045751,2,40mm,3.756009
SubNetW8CleanAuxExDnRcK8QdEma,minbias,0,test,16.637062,16.70760154724121,0.00423989969976879,3,60mm,2.8451455
SubNetW8CleanAuxExDnRcK8QdEma,minbias,0,test,86.518776,119.21443176269531,0.37790243178486715,0,15mm,3.040134
SubNetW8CleanAuxExDnRcK8QdEma,minbias,0,test,16.90764,16.440584182739258,-0.02762397719526022,4,120mm,3.8769069
SubNetW8CleanAuxExDnRcK8QdEma,minbias,0,test,5.3165116,5.485814094543457,0.03184465214821097,3,60mm,1.0350243
SubNetW8CleanAuxExDnRcK8QdEma,minbias,0,test,48.514393,48.152015686035156,-0.007469477518716516,0,15mm,2.0463042
SubNetW8CleanAuxExDnRcK8QdEma,minbias,0,test,24.713736,25.496179580688477,0.03166028857504166,3,60mm,3.4927166
SubNetW8CleanAuxExDnRcK8QdEma,minbias,0,test,6.5137177,6.524507999420166,0.0016565575345000028,3,60mm,0.82566124
SubNetW8CleanAuxExDnRcK8QdEma,minbias,0,test,27.620445,26.807863235473633,-0.029419584246134334,2,40mm,2.735757
SubNetW8CleanAuxExDnRcK8QdEma,minbias,0,test,19.799314,20.586814880371094,0.03977412356945109,0,15mm,0.6323099
SubNetW8CleanAuxExDnRcK8QdEma,minbias,0,test,46.807125,47.33859634399414,0.011354494671524273,3,60mm,4.906649
SubNetW8CleanAuxExDnRcK8QdEma,minbias,0,test,44.326675,44.5589714050293,0.005240546190644846,2,40mm,3.3425882
SubNetW8CleanAuxExDnRcK8QdEma,minbias,0,test,7.748104,7.531259536743164,-0.02798678954802747,3,60mm,1.0922934
SubNetW8CleanAuxExDnRcK8QdEma,minbias,0,test,14.182457,13.943707466125488,-0.016834142672934815,3,60mm,2.5888903
SubNetW8CleanAuxExDnRcK8QdEma,minbias,0,test,53.00575,58.167694091796875,0.09738463213646154,0,15mm,2.0381615
SubNetW8CleanAuxExDnRcK8QdEma,minbias,0,test,43.98255,42.37885284423828,-0.03646215767506733,1,30mm,2.0683641
SubNetW8CleanAuxExDnRcK8QdEma,minbias,0,test,81.6461,83.29122161865234,0.020149384414435367,0,15mm,2.6388397
SubNetW8CleanAuxExDnRcK8QdEma,minbias,0,test,26.407309,27.58827018737793,0.044721013706357615,1,30mm,1.0763958
SubNetW8CleanAuxExDnRcK8QdEma,minbias,0,test,21.636011,21.090991973876953,-0.025190371120873523,3,60mm,3.7193456
SubNetW8CleanAuxExDnRcK8QdEma,minbias,0,test,75.74323,72.46981811523438,-0.04321725511257912,0,15mm,1.744222
SubNetW8CleanAuxExDnRcK8QdEma,minbias,0,test,46.471832,44.99076461791992,-0.03187022299215447,2,40mm,3.4283078
SubNetW8CleanAuxExDnRcK8QdEma,minbias,0,test,5.3375893,5.268376350402832,-0.01296707372766337,3,60mm,0.83491886
SubNetW8CleanAuxExDnRcK8QdEma,minbias,0,test,67.75864,68.26409149169922,0.007459639735803325,0,15mm,1.5644346
SubNetW8CleanAuxExDnRcK8QdEma,minbias,0,test,57.0799,60.14006805419922,0.05361202949672439,0,15mm,1.5814463
SubNetW8CleanAuxExDnRcK8QdEma,minbias,0,test,23.902029,24.064453125,0.006795410016017911,3,60mm,4.925583
SubNetW8CleanAuxExDnRcK8QdEma,minbias,0,test,23.050358,23.00320816040039,-0.002045506563246091,3,60mm,3.7154164
SubNetW8CleanAuxExDnRcK8QdEma,minbias,0,test,8.328459,8.52234935760498,0.023280486411233037,3,60mm,1.4977684
SubNetW8CleanAuxExDnRcK8QdEma,minbias,0,test,41.864437,39.84226989746094,-0.04830274442296334,1,30mm,3.7630777
SubNetW8CleanAuxExDnRcK8QdEma,minbias,0,test,5.24469,5.0923237800598145,-0.029051509822062394,3,60mm,1.1146492
SubNetW8CleanAuxExDnRcK8QdEma,minbias,0,test,15.045637,13.897713661193848,-0.07629610228990036,3,60mm,3.440128
SubNetW8CleanAuxExDnRcK8QdEma,minbias,0,test,10.1234,10.139596939086914,0.0015999767879015803,2,40mm,1.2290167
SubNetW8CleanAuxExDnRcK8QdEma,minbias,0,test,21.362017,19.823060989379883,-0.07204168556201074,1,30mm,1.3902115
SubNetW8CleanAuxExDnRcK8QdEma,minbias,0,test,10.504073,10.5684175491333,0.006125662421798461,3,60mm,2.2296443
SubNetW8CleanAuxExDnRcK8QdEma,minbias,0,test,99.44998,97.1379165649414,-0.02324852237511188,0,15mm,2.1817555
SubNetW8CleanAuxExDnRcK8QdEma,minbias,0,test,16.227133,14.988248825073242,-0.0763464493480076,4,120mm,3.7052588
SubNetW8CleanAuxExDnRcK8QdEma,minbias,0,test,26.66772,24.779890060424805,-0.07079085418614772,2,40mm,1.958831
SubNetW8CleanAuxExDnRcK8QdEma,minbias,0,test,21.54298,21.131982803344727,-0.0190780192454425,2,40mm,2.0682228
SubNetW8CleanAuxExDnRcK8QdEma,minbias,0,test,38.53128,37.267295837402344,-0.0328041181916896,2,40mm,3.2216678
SubNetW8CleanAuxExDnRcK8QdEma,minbias,0,test,59.37733,63.15648651123047,0.0636464401743071,1,30mm,4.4783006
SubNetW8CleanAuxExDnRcK8QdEma,minbias,0,test,14.82187,13.538651466369629,-0.08657601212004462,0,15mm,0.652906
SubNetW8CleanAuxExDnRcK8QdEma,minbias,0,test,20.701754,20.024797439575195,-0.03270042670316187,4,120mm,4.545223
SubNetW8CleanAuxExDnRcK8QdEma,minbias,0,test,18.625635,17.665634155273438,-0.05154191973802469,3,60mm,2.5908322
SubNetW8CleanAuxExDnRcK8QdEma,minbias,0,test,15.569741,16.716758728027344,0.07366965581462814,3,60mm,3.42972
SubNetW8CleanAuxExDnRcK8QdEma,minbias,0,test,35.996204,34.86100769042969,-0.03153656629811041,0,15mm,0.8797048
SubNetW8CleanAuxExDnRcK8QdEma,minbias,0,test,93.79808,94.1644287109375,0.0039057117679393016,1,30mm,4.8600216
SubNetW8CleanAuxExDnRcK8QdEma,minbias,0,test,31.6045,32.68379592895508,0.03415007730904174,1,30mm,1.468186
SubNetW8CleanAuxExDnRcK8QdEma,minbias,0,test,64.33351,64.23866271972656,-0.0014743270003209075,2,40mm,4.3532567
SubNetW8CleanAuxExDnRcK8QdEma,minbias,0,test,7.029858,7.177191734313965,0.020958263968405833,3,60mm,1.2929949
SubNetW8CleanAuxExDnRcK8QdEma,minbias,0,test,9.435775,10.711987495422363,0.13525255942237258,1,30mm,0.90161306
SubNetW8CleanAuxExDnRcK8QdEma,minbias,0,test,26.231308,27.77305793762207,0.05877518403578619,2,40mm,2.558555
SubNetW8CleanAuxExDnRcK8QdEma,minbias,0,test,51.871323,50.35366439819336,-0.029258136416038028,2,40mm,4.9034348
SubNetW8CleanAuxExDnRcK8QdEma,minbias,0,test,14.052148,14.795186996459961,0.05287726390921588,3,60mm,2.1397986
SubNetW8CleanAuxExDnRcK8QdEma,minbias,0,test,28.811563,28.194955825805664,-0.021401395526162936,1,30mm,2.111522
SubNetW8CleanAuxExDnRcK8QdEma,minbias,0,test,55.879963,58.81725311279297,0.05256428311871786,0,15mm,1.2527078
SubNetW8CleanAuxExDnRcK8QdEma,minbias,0,test,40.30636,38.700809478759766,-0.039833637293714697,2,40mm,4.2053995
SubNetW8CleanAuxExDnRcK8QdEma,minbias,0,test,40.670578,36.59941482543945,-0.10010094218963328,2,40mm,4.5380173
SubNetW8CleanAuxExDnRcK8QdEma,minbias,0,test,14.380866,14.473140716552734,0.006416488791918029,3,60mm,3.455205
SubNetW8CleanAuxExDnRcK8QdEma,minbias,0,test,18.646072,18.55251693725586,-0.005017434690492317,0,15mm,0.744967
SubNetW8CleanAuxExDnRcK8QdEma,minbias,0,test,12.752124,13.461686134338379,0.055642676541148406,3,60mm,2.6451879
SubNetW8CleanAuxExDnRcK8QdEma,minbias,0,test,37.14999,36.808231353759766,-0.009199429859199082,1,30mm,1.7358699
SubNetW8CleanAuxExDnRcK8QdEma,minbias,0,test,24.356415,25.65448760986328,0.05329490509465473,0,15mm,0.70330554
SubNetW8CleanAuxExDnRcK8QdEma,minbias,0,test,97.366425,96.60979461669922,-0.007770953357511323,1,30mm,4.9445186
SubNetW8CleanAuxExDnRcK8QdEma,minbias,0,test,83.19881,85.31201171875,0.025399462303372866,0,15mm,2.090028
SubNetW8CleanAuxExDnRcK8QdEma,minbias,0,test,53.516945,51.67778778076172,-0.03436588371095428,1,30mm,4.663604
SubNetW8CleanAuxExDnRcK8QdEma,minbias,0,test,5.4954305,5.821995258331299,0.05942478767223913,3,60mm,0.71956885
SubNetW8CleanAuxExDnRcK8QdEma,minbias,0,test,28.936647,27.61061668395996,-0.045825306303673874,2,40mm,3.0255165
SubNetW8CleanAuxExDnRcK8QdEma,minbias,0,test,78.00662,78.8039779663086,0.01022164052484209,1,30mm,4.612422
SubNetW8CleanAuxExDnRcK8QdEma,minbias,0,test,14.6188755,13.44786262512207,-0.08010280121302094,2,40mm,1.3989563
SubNetW8CleanAuxExDnRcK8QdEma,minbias,0,test,81.980125,81.69850158691406,-0.003435269693286336,1,30mm,4.607992
SubNetW8CleanAuxExDnRcK8QdEma,minbias,0,test,31.63263,32.99399948120117,0.04303689300344038,1,30mm,2.956156
SubNetW8CleanAuxExDnRcK8QdEma,minbias,0,test,28.191391,27.297157287597656,-0.03172009866033465,1,30mm,1.9787604
SubNetW8CleanAuxExDnRcK8QdEma,minbias,0,test,11.059392,10.774738311767578,-0.025738635927576414,4,120mm,2.480392
SubNetW8CleanAuxExDnRcK8QdEma,minbias,0,test,16.268618,16.503419876098633,0.014432833288840374,2,40mm,1.4596474
SubNetW8CleanAuxExDnRcK8QdEma,minbias,0,test,61.628937,48.3534049987793,-0.21541068960616638,1,30mm,4.0276537
SubNetW8CleanAuxExDnRcK8QdEma,minbias,0,test,99.20943,98.38436126708984,-0.008316403377593429,0,15mm,4.3541813
SubNetW8CleanAuxExDnRcK8QdEma,minbias,0,test,20.271297,19.675212860107422,-0.02940534990691568,3,60mm,3.2903302
SubNetW8CleanAuxExDnRcK8QdEma,minbias,0,test,21.381008,21.340957641601562,-0.0018731813913639428,3,60mm,4.7066364
SubNetW8CleanAuxExDnRcK8QdEma,minbias,0,test,30.153137,30.192087173461914,0.0012917384404558252,1,30mm,1.7665898
SubNetW8CleanAuxExDnRcK8QdEma,minbias,0,test,23.078337,22.400390625,-0.029375864432946486,2,40mm,2.1559412
SubNetW8CleanAuxExDnRcK8QdEma,minbias,0,test,29.029034,30.962356567382812,0.06659963018675819,2,40mm,2.9795005
SubNetW8CleanAuxExDnRcK8QdEma,minbias,0,test,8.785244,8.884369850158691,0.011283222441694551,3,60mm,1.4081777
SubNetW8CleanAuxExDnRcK8QdEma,minbias,0,test,8.104092,7.875502109527588,-0.028206681858128246,3,60mm,1.8288074
SubNetW8CleanAuxExDnRcK8QdEma,minbias,0,test,20.18237,20.590471267700195,0.02022071991784813,4,120mm,4.2112927
SubNetW8CleanAuxExDnRcK8QdEma,minbias,0,test,15.874168,18.18101692199707,0.14532090554002353,1,30mm,0.7481124
SubNetW8CleanAuxExDnRcK8QdEma,minbias,0,test,37.770332,36.334354400634766,-0.038018673571642236,0,15mm,1.5837069
SubNetW8CleanAuxExDnRcK8QdEma,minbias,0,test,58.387142,58.68339538574219,0.005073945962714044,0,15mm,2.697973
SubNetW8CleanAuxExDnRcK8QdEma,minbias,0,test,24.627493,23.82467269897461,-0.03259853566078852,3,60mm,4.982148
SubNetW8CleanAuxExDnRcK8QdEma,minbias,0,test,8.515604,8.216800689697266,-0.035088917802576614,2,40mm,1.0837053
SubNetW8CleanAuxExDnRcK8QdEma,minbias,0,test,18.02781,18.577510833740234,0.03049187432102629,2,40mm,3.752741
SubNetW8CleanAuxExDnRcK8QdEma,minbias,0,test,17.295902,17.439044952392578,0.008276104831543396,3,60mm,2.243304
SubNetW8CleanAuxExDnRcK8QdEma,minbias,0,test,39.55269,42.23263168334961,0.06775628104354525,1,30mm,2.676271
SubNetW8CleanAuxExDnRcK8QdEma,minbias,0,test,7.8297153,7.7693891525268555,-0.0077047628751171215,3,60mm,1.6828172
SubNetW8CleanAuxExDnRcK8QdEma,minbias,0,test,41.01773,39.49773406982422,-0.037057063290649506,1,30mm,2.2542775
SubNetW8CleanAuxExDnRcK8QdEma,minbias,0,test,24.188099,23.755779266357422,-0.017873237692928257,3,60mm,3.5270681
SubNetW8CleanAuxExDnRcK8QdEma,minbias,0,test,3.3325531,3.318737268447876,-0.004145734278521829,3,60mm,0.7253643
SubNetW8CleanAuxExDnRcK8QdEma,minbias,0,test,61.78392,67.57697296142578,0.09376311257569947,0,15mm,2.5712216
SubNetW8CleanAuxExDnRcK8QdEma,minbias,0,test,28.087141,27.49003028869629,-0.021259221346334067,3,60mm,3.033126
SubNetW8CleanAuxExDnRcK8QdEma,minbias,0,test,48.121365,44.40460205078125,-0.07723726403274522,0,15mm,1.3736444
SubNetW8CleanAuxExDnRcK8QdEma,minbias,0,test,22.908934,22.083078384399414,-0.0360494848045676,3,60mm,3.039413
SubNetW8CleanAuxExDnRcK8QdEma,minbias,0,test,12.257579,12.733149528503418,0.03879809255471267,3,60mm,2.7506216
SubNetW8CleanAuxExDnRcK8QdEma,minbias,0,test,54.33051,52.08272933959961,-0.04137233167656862,1,30mm,1.90972
SubNetW8CleanAuxExDnRcK8QdEma,minbias,0,test,12.494367,12.698070526123047,0.016303657967194463,3,60mm,2.096552
SubNetW8CleanAuxExDnRcK8QdEma,minbias,0,test,19.482975,20.244464874267578,0.0390848865702238,3,60mm,3.394286
SubNetW8CleanAuxExDnRcK8QdEma,minbias,0,test,46.040264,44.43352508544922,-0.03489856269428104,0,15mm,1.3548353
SubNetW8CleanAuxExDnRcK8QdEma,minbias,0,test,61.510456,63.418827056884766,0.03102514748120533,0,15mm,1.2479299
SubNetW8CleanAuxExDnRcK8QdEma,minbias,0,test,25.21391,25.00472640991211,-0.008296323192895305,3,60mm,4.5323124
SubNetW8CleanAuxExDnRcK8QdEma,minbias,0,test,22.47652,21.614665985107422,-0.03834466067614439,2,40mm,1.8754604
SubNetW8CleanAuxExDnRcK8QdEma,minbias,0,test,42.611984,43.15446090698242,0.012730612374978412,2,40mm,4.110201
SubNetW8CleanAuxExDnRcK8QdEma,minbias,0,test,99.26183,95.95103454589844,-0.03335419605490875,0,15mm,3.036263
SubNetW8CleanAuxExDnRcK8QdEma,minbias,0,test,26.013037,25.01120948791504,-0.03851250626634961,1,30mm,1.58652
SubNetW8CleanAuxExDnRcK8QdEma,minbias,0,test,27.361225,27.683610916137695,0.011782578684019107,1,30mm,2.1150813
SubNetW8CleanAuxExDnRcK8QdEma,minbias,0,test,11.53175,12.857636451721191,0.11497706401533048,4,120mm,2.4416826
SubNetW8CleanAuxExDnRcK8QdEma,minbias,0,test,37.926456,37.47072219848633,-0.012016262408102496,0,15mm,1.6870848
SubNetW8CleanAuxExDnRcK8QdEma,minbias,0,test,26.066456,25.041688919067383,-0.039313626994225914,2,40mm,3.4990354
SubNetW8CleanAuxExDnRcK8QdEma,minbias,0,test,10.026292,9.191914558410645,-0.08321893093995247,1,30mm,0.5357208
SubNetW8CleanAuxExDnRcK8QdEma,minbias,0,test,13.736606,13.765876770019531,0.0021308849181209677,3,60mm,2.9633238
SubNetW8CleanAuxExDnRcK8QdEma,minbias,0,test,34.623947,34.02452087402344,-0.017312476450069725,2,40mm,3.3229637
SubNetW8CleanAuxExDnRcK8QdEma,minbias,0,test,20.939966,20.292943954467773,-0.0308989155512287,2,40mm,2.1649644
SubNetW8CleanAuxExDnRcK8QdEma,minbias,0,test,36.17127,36.09141540527344,-0.0022076377537799674,2,40mm,2.5177457
SubNetW8CleanAuxExDnRcK8QdEma,minbias,0,test,22.790033,21.946250915527344,-0.03702418563069754,4,120mm,4.9799013
SubNetW8CleanAuxExDnRcK8QdEma,minbias,0,test,14.134558,14.229948043823242,0.006748730429835481,3,60mm,3.1535273
SubNetW8CleanAuxExDnRcK8QdEma,minbias,0,test,19.250206,18.841476440429688,-0.021232476855438942,3,60mm,4.6239324
SubNetW8CleanAuxExDnRcK8QdEma,minbias,0,test,16.007082,16.142030715942383,0.008430564083523606,2,40mm,1.617934
SubNetW8CleanAuxExDnRcK8QdEma,minbias,0,test,42.01193,42.268428802490234,0.006105414651088381,3,60mm,4.912257
SubNetW8CleanAuxExDnRcK8QdEma,minbias,0,test,35.582287,36.478416442871094,0.025184710929820442,1,30mm,2.5486188
SubNetW8CleanAuxExDnRcK8QdEma,minbias,0,test,38.28209,39.654232025146484,0.03584294429132018,3,60mm,4.1507325
SubNetW8CleanAuxExDnRcK8QdEma,minbias,0,test,6.910716,6.924624443054199,0.0020125825046357626,3,60mm,0.99949706
SubNetW8CleanAuxExDnRcK8QdEma,minbias,0,test,9.686496,9.467633247375488,-0.022594603716225237,3,60mm,1.73707
SubNetW8CleanAuxExDnRcK8QdEma,minbias,0,test,21.36628,20.778120040893555,-0.027527467210565426,1,30mm,0.8891019
SubNetW8CleanAuxExDnRcK8QdEma,minbias,0,test,43.79486,43.366878509521484,-0.009772432703631151,2,40mm,4.4155064
SubNetW8CleanAuxExDnRcK8QdEma,minbias,0,test,20.485601,20.621337890625,0.006625944859364408,3,60mm,3.094898
SubNetW8CleanAuxExDnRcK8QdEma,minbias,0,test,5.147694,5.07425594329834,-0.01426622600145222,3,60mm,0.8422963
SubNetW8CleanAuxExDnRcK8QdEma,minbias,0,test,6.625559,5.8703227043151855,-0.11398829375354991,3,60mm,1.3135307
SubNetW8CleanAuxExDnRcK8QdEma,minbias,0,test,43.623672,43.29513168334961,-0.007531250426297209,1,30mm,2.340293
SubNetW8CleanAuxExDnRcK8QdEma,minbias,0,test,52.100204,52.052734375,-0.0009111306425447774,2,40mm,4.821117
SubNetW8CleanAuxExDnRcK8QdEma,minbias,0,test,13.166297,14.11137866973877,0.07178037330951348,2,40mm,2.9513166
SubNetW8CleanAuxExDnRcK8QdEma,minbias,0,test,16.560543,18.703033447265625,0.12937319622679833,0,15mm,0.6824476
SubNetW8CleanAuxExDnRcK8QdEma,minbias,0,test,9.971589,9.7999849319458,-0.017209308864630346,2,40mm,0.9919874
SubNetW8CleanAuxExDnRcK8QdEma,minbias,0,test,36.78555,35.60444259643555,-0.03210789547066295,1,30mm,1.793341
SubNetW8CleanAuxExDnRcK8QdEma,minbias,0,test,23.118776,28.26258659362793,0.22249491931166476,0,15mm,1.0050573
SubNetW8CleanAuxExDnRcK8QdEma,minbias,0,test,13.407429,39.208892822265625,1.9244155295066943,1,30mm,1.1849742
SubNetW8CleanAuxExDnRcK8QdEma,minbias,0,test,21.918634,21.120283126831055,-0.0364234045213766,0,15mm,0.7250397
SubNetW8CleanAuxExDnRcK8QdEma,minbias,0,test,7.944306,8.245264053344727,0.03788350555691378,3,60mm,1.8388023
SubNetW8CleanAuxExDnRcK8QdEma,minbias,0,test,96.82366,96.17919921875,-0.006656044332969735,0,15mm,2.3807595
SubNetW8CleanAuxExDnRcK8QdEma,minbias,0,test,4.7829833,4.9824652671813965,0.04170659847030733,3,60mm,0.79281974
SubNetW8CleanAuxExDnRcK8QdEma,minbias,0,test,73.48841,69.57182312011719,-0.053295312539418216,1,30mm,4.623188
SubNetW8CleanAuxExDnRcK8QdEma,minbias,0,test,77.53562,76.36351013183594,-0.01511707117828065,1,30mm,4.4671917
SubNetW8CleanAuxExDnRcK8QdEma,minbias,0,test,63.482475,65.34654998779297,0.029363610961719244,1,30mm,2.475383
SubNetW8CleanAuxExDnRcK8QdEma,minbias,0,test,24.927065,25.18703269958496,0.010429138169438357,2,40mm,3.916164
SubNetW8CleanAuxExDnRcK8QdEma,minbias,0,test,4.272602,3.9789695739746094,-0.06872451535083213,3,60mm,0.5855775
SubNetW8CleanAuxExDnRcK8QdEma,minbias,0,test,46.13786,45.47920608520508,-0.014275765469732637,2,40mm,3.2771714
SubNetW8CleanAuxExDnRcK8QdEma,minbias,0,test,41.904297,42.14533233642578,0.00575204643439764,2,40mm,3.4070492
SubNetW8CleanAuxExDnRcK8QdEma,minbias,0,test,26.935198,25.47550392150879,-0.0541928044447022,0,15mm,1.1332775
SubNetW8CleanAuxExDnRcK8QdEma,minbias,0,test,58.35529,43.01529312133789,-0.26287242304929914,1,30mm,4.782509
SubNetW8CleanAuxExDnRcK8QdEma,minbias,0,test,39.155685,38.56732940673828,-0.0150260686713376,2,40mm,4.3850813
SubNetW8CleanAuxExDnRcK8QdEma,minbias,0,test,20.915195,20.25057601928711,-0.03177686992742568,2,40mm,2.066463
SubNetW8CleanAuxExDnRcK8QdEma,minbias,0,test,82.26492,83.10600280761719,0.010224038147286452,0,15mm,2.5403378
SubNetW8CleanAuxExDnRcK8QdEma,minbias,0,test,32.212463,31.619091033935547,-0.018420582679164577,3,60mm,4.2041574
SubNetW8CleanAuxExDnRcK8QdEma,minbias,0,test,29.686405,30.88218879699707,0.04028051250348064,3,60mm,4.19081
SubNetW8CleanAuxExDnRcK8QdEma,minbias,0,test,49.51156,49.56673812866211,0.0011144790748367495,1,30mm,3.218861
SubNetW8CleanAuxExDnRcK8QdEma,minbias,0,test,12.238072,12.085434913635254,-0.01247234668653907,3,60mm,1.5887052
SubNetW8CleanAuxExDnRcK8QdEma,minbias,0,test,13.6361265,13.620616912841797,-0.0011373908409370026,3,60mm,2.281499
SubNetW8CleanAuxExDnRcK8QdEma,minbias,0,test,63.67845,61.32218933105469,-0.03700250477387901,1,30mm,3.3879418
SubNetW8CleanAuxExDnRcK8QdEma,minbias,0,test,82.61898,81.5654525756836,-0.012751644075395419,1,30mm,3.7305086
SubNetW8CleanAuxExDnRcK8QdEma,minbias,0,test,14.691003,14.762251853942871,0.004849839655381549,2,40mm,1.1320647
SubNetW8CleanAuxExDnRcK8QdEma,minbias,0,test,10.826284,10.891571998596191,0.0060304706178953005,3,60mm,2.2676682
SubNetW8CleanAuxExDnRcK8QdEma,minbias,0,test,28.998755,27.706254959106445,-0.04457086397198473,1,30mm,2.870994
SubNetW8CleanAuxExDnRcK8QdEma,minbias,0,test,7.972533,8.135100364685059,0.02039090136889521,3,60mm,1.5204539
SubNetW8CleanAuxExDnRcK8QdEma,minbias,0,test,4.815641,4.474785804748535,-0.07078084243089822,3,60mm,1.0454978
SubNetW8CleanAuxExDnRcK8QdEma,minbias,0,test,17.527359,17.105735778808594,-0.024055148854373654,2,40mm,3.333568
SubNetW8CleanAuxExDnRcK8QdEma,minbias,0,test,20.547976,20.480180740356445,-0.003299342053049603,2,40mm,2.1760151
SubNetW8CleanAuxExDnRcK8QdEma,minbias,0,test,26.838404,21.900123596191406,-0.18400051510004267,2,40mm,2.6967309
SubNetW8CleanAuxExDnRcK8QdEma,minbias,0,test,5.4453096,5.246546745300293,-0.036501669667052594,3,60mm,0.9309401
SubNetW8CleanAuxExDnRcK8QdEma,minbias,0,test,17.905895,17.7617244720459,-0.008051580735346509,2,40mm,2.0675356
SubNetW8CleanAuxExDnRcK8QdEma,minbias,0,test,11.557228,11.744627952575684,0.016214949014047075,3,60mm,2.7372966
SubNetW8CleanAuxExDnRcK8QdEma,minbias,0,test,12.285629,12.0582857131958,-0.018504836359887755,2,40mm,2.6261635
SubNetW8CleanAuxExDnRcK8QdEma,minbias,0,test,22.692274,27.661840438842773,0.21899816319468468,2,40mm,3.2062757
SubNetW8CleanAuxExDnRcK8QdEma,minbias,0,test,24.849072,24.39417266845703,-0.018306472102160964,3,60mm,2.7000227
SubNetW8CleanAuxExDnRcK8QdEma,minbias,0,test,37.39498,37.78001022338867,0.01029627037796077,0,15mm,1.0546063
SubNetW8CleanAuxExDnRcK8QdEma,minbias,0,test,7.307049,6.818137168884277,-0.06690958857195961,2,40mm,0.6872643
SubNetW8CleanAuxExDnRcK8QdEma,minbias,0,test,21.155054,21.565622329711914,0.01940757208709032,4,120mm,4.3529215
SubNetW8CleanAuxExDnRcK8QdEma,minbias,0,test,4.4265914,6.124711513519287,0.383617995235497,3,60mm,0.7984293
SubNetW8CleanAuxExDnRcK8QdEma,minbias,0,test,3.3502355,6.516538143157959,0.9450985510435381,3,60mm,0.55835336
SubNetW8CleanAuxExDnRcK8QdEma,minbias,0,test,44.10984,43.1866455078125,-0.020929454222169963,3,60mm,4.8477306
SubNetW8CleanAuxExDnRcK8QdEma,minbias,0,test,21.839094,22.487838745117188,0.029705654379158064,3,60mm,3.5108902
SubNetW8CleanAuxExDnRcK8QdEma,minbias,0,test,51.8794,51.99033737182617,0.0021384023218451453,2,40mm,4.384897
SubNetW8CleanAuxExDnRcK8QdEma,minbias,0,test,19.90922,20.465757369995117,0.02795376390390447,3,60mm,3.6186
SubNetW8CleanAuxExDnRcK8QdEma,minbias,0,test,29.379421,29.615285873413086,0.00802822619964405,1,30mm,1.3244737
SubNetW8CleanAuxExDnRcK8QdEma,minbias,0,test,16.376493,14.863774299621582,-0.09237137111243554,3,60mm,3.0409977
SubNetW8CleanAuxExDnRcK8QdEma,minbias,0,test,8.567824,7.320053577423096,-0.14563449638051584,2,40mm,1.9054129
SubNetW8CleanAuxExDnRcK8QdEma,minbias,0,test,21.780968,20.747072219848633,-0.04746784009807781,3,60mm,4.7092237
SubNetW8CleanAuxExDnRcK8QdEma,minbias,0,test,30.355515,33.043067932128906,0.08853592000317678,2,40mm,2.9260545
SubNetW8CleanAuxExDnRcK8QdEma,minbias,0,test,4.389655,4.347040176391602,-0.009708037585975937,3,60mm,0.540743
SubNetW8CleanAuxExDnRcK8QdEma,minbias,0,test,42.51388,40.85090637207031,-0.03911605446111488,1,30mm,1.8400432
SubNetW8CleanAuxExDnRcK8QdEma,minbias,0,test,63.289036,62.184959411621094,-0.017444986664630235,2,40mm,4.4796395
SubNetW8CleanAuxExDnRcK8QdEma,minbias,0,test,11.026398,10.157671928405762,-0.0787860006421025,2,40mm,1.0383226
SubNetW8CleanAuxExDnRcK8QdEma,minbias,0,test,26.855549,25.504314422607422,-0.05031490673110206,1,30mm,1.6871442
SubNetW8CleanAuxExDnRcK8QdEma,minbias,0,test,12.488504,12.677517890930176,0.015134997349399493,3,60mm,2.6374664
SubNetW8CleanAuxExDnRcK8QdEma,minbias,0,test,75.973724,82.04348754882812,0.07989292659148983,1,30mm,3.7845404
SubNetW8CleanAuxExDnRcK8QdEma,minbias,0,test,67.55343,66.24960327148438,-0.019300654377960358,2,40mm,4.92109
SubNetW8CleanAuxExDnRcK8QdEma,minbias,0,test,42.79181,43.437774658203125,0.015095542582309829,2,40mm,4.99944
SubNetW8CleanAuxExDnRcK8QdEma,minbias,0,test,45.48909,46.90871047973633,0.03120793392399568,2,40mm,4.0000515
SubNetW8CleanAuxExDnRcK8QdEma,minbias,0,test,13.419479,13.151865005493164,-0.019942231530975296,3,60mm,2.3803124
SubNetW8CleanAuxExDnRcK8QdEma,minbias,0,test,20.087961,20.342329025268555,0.012662700105593672,0,15mm,0.71788174
SubNetW8CleanAuxExDnRcK8QdEma,minbias,0,test,73.9576,74.46018981933594,0.006795601010174401,0,15mm,1.6368489
SubNetW8CleanAuxExDnRcK8QdEma,minbias,0,test,20.40765,18.985660552978516,-0.06967923505858131,3,60mm,2.95676
SubNetW8CleanAuxExDnRcK8QdEma,minbias,0,test,11.432127,5.645909786224365,-0.5061365407533576,1,30mm,0.8359266
SubNetW8CleanAuxExDnRcK8QdEma,minbias,0,test,16.045551,16.385570526123047,0.02119087214368154,4,120mm,3.816731
SubNetW8CleanAuxExDnRcK8QdEma,minbias,0,test,15.892068,15.770303726196289,-0.007661947063140273,3,60mm,3.5097067
SubNetW8CleanAuxExDnRcK8QdEma,minbias,0,test,34.589718,34.04069519042969,-0.01587242418985546,2,40mm,3.8085988
SubNetW8CleanAuxExDnRcK8QdEma,minbias,0,test,6.957765,6.841922760009766,-0.016649360918634004,3,60mm,1.0471634
SubNetW8CleanAuxExDnRcK8QdEma,minbias,0,test,4.6505346,4.758673667907715,0.023253033617358865,3,60mm,0.54592824
SubNetW8CleanAuxExDnRcK8QdEma,minbias,0,test,27.792006,26.42280387878418,-0.049266025736710906,1,30mm,2.369163
SubNetW8CleanAuxExDnRcK8QdEma,minbias,0,test,55.11942,55.38920593261719,0.004894587772008574,2,40mm,4.5719438
SubNetW8CleanAuxExDnRcK8QdEma,minbias,0,test,19.056927,18.43147087097168,-0.032820394666649544,2,40mm,1.9216663
SubNetW8CleanAuxExDnRcK8QdEma,minbias,0,test,35.026127,36.32670974731445,0.037131792815182196,1,30mm,1.8847095
SubNetW8CleanAuxExDnRcK8QdEma,minbias,0,test,17.177351,17.84341049194336,0.038775448792949474,2,40mm,2.1017313
SubNetW8CleanAuxExDnRcK8QdEma,minbias,0,test,18.778915,18.334985733032227,-0.023639792962513062,4,120mm,4.0549436
SubNetW8CleanAuxExDnRcK8QdEma,minbias,0,test,16.532022,18.491527557373047,0.11852785005574251,4,120mm,3.3724756
SubNetW8CleanAuxExDnRcK8QdEma,minbias,0,test,11.293645,11.773831367492676,0.04251828939529623,1,30mm,0.70540035
SubNetW8CleanAuxExDnRcK8QdEma,minbias,0,test,14.702431,14.566327095031738,-0.009257219612916368,4,120mm,3.1360748
SubNetW8CleanAuxExDnRcK8QdEma,minbias,0,test,6.408782,6.108554363250732,-0.04684628714326211,3,60mm,1.5195098
SubNetW8CleanAuxExDnRcK8QdEma,minbias,0,test,21.283672,19.553239822387695,-0.08130328654384433,2,40mm,2.4388409
SubNetW8CleanAuxExDnRcK8QdEma,minbias,0,test,10.779414,10.800639152526855,0.001969028672387463,3,60mm,2.0069945
SubNetW8CleanAuxExDnRcK8QdEma,minbias,0,test,18.975714,18.742403030395508,-0.012295226560873673,3,60mm,4.1713367
SubNetW8CleanAuxExDnRcK8QdEma,minbias,0,test,91.16145,89.4772720336914,-0.01847470782211369,0,15mm,3.0365748
SubNetW8CleanAuxExDnRcK8QdEma,minbias,0,test,45.528774,44.36984634399414,-0.025454845562603357,1,30mm,2.841879
SubNetW8CleanAuxExDnRcK8QdEma,minbias,0,test,90.15225,87.96002960205078,-0.024316892166131976,0,15mm,4.1297483
SubNetW8CleanAuxExDnRcK8QdEma,minbias,0,test,26.872854,26.603240966796875,-0.01003292257888444,3,60mm,3.621867
SubNetW8CleanAuxExDnRcK8QdEma,minbias,0,test,40.302612,39.53596496582031,-0.019022274116410554,2,40mm,3.8787684
SubNetW8CleanAuxExDnRcK8QdEma,minbias,0,test,14.93991,14.39702033996582,-0.036338210698311446,4,120mm,2.9911797
SubNetW8CleanAuxExDnRcK8QdEma,minbias,0,test,15.766489,15.19477653503418,-0.036261243251266784,3,60mm,1.8538023
SubNetW8CleanAuxExDnRcK8QdEma,minbias,0,test,24.089891,23.788284301757812,-0.012520070204047662,3,60mm,4.9285903
SubNetW8CleanAuxExDnRcK8QdEma,minbias,0,test,17.976274,17.46029281616211,-0.028703482163177862,3,60mm,4.1545854
SubNetW8CleanAuxExDnRcK8QdEma,minbias,0,test,17.555168,17.02110481262207,-0.030422000781402447,2,40mm,1.7659565
SubNetW8CleanAuxExDnRcK8QdEma,minbias,0,test,63.684586,65.63194274902344,0.03057815576980527,1,30mm,3.4120073
SubNetW8CleanAuxExDnRcK8QdEma,minbias,0,test,21.398695,18.659940719604492,-0.12798697647106327,1,30mm,1.4404764
SubNetW8CleanAuxExDnRcK8QdEma,minbias,0,test,29.519567,29.027578353881836,-0.016666542825030217,3,60mm,4.4040318
SubNetW8CleanAuxExDnRcK8QdEma,minbias,0,test,13.541764,14.541166305541992,0.07380146538250565,1,30mm,0.61362
SubNetW8CleanAuxExDnRcK8QdEma,minbias,0,test,21.91182,23.064287185668945,0.05259571118088768,2,40mm,1.8709474
SubNetW8CleanAuxExDnRcK8QdEma,minbias,0,test,16.530098,16.249797821044922,-0.016956955792697737,4,120mm,3.8146045
SubNetW8CleanAuxExDnRcK8QdEma,minbias,0,test,44.288242,44.18525314331055,-0.002325429760487996,0,15mm,1.4781064
SubNetW8CleanAuxExDnRcK8QdEma,minbias,0,test,39.10146,37.937950134277344,-0.02975616214024035,2,40mm,3.5092998
SubNetW8CleanAuxExDnRcK8QdEma,minbias,0,test,12.671118,13.318206787109375,0.0510680285369578,2,40mm,0.9678781
SubNetW8CleanAuxExDnRcK8QdEma,minbias,0,test,32.809254,33.891292572021484,0.03297968583898925,2,40mm,4.5257096
SubNetW8CleanAuxExDnRcK8QdEma,minbias,0,test,68.92752,68.57530212402344,-0.005109985446846488,0,15mm,2.2280467
SubNetW8CleanAuxExDnRcK8QdEma,minbias,0,test,5.525767,6.385711669921875,0.15562452123348125,4,120mm,1.2094969
SubNetW8CleanAuxExDnRcK8QdEma,minbias,0,test,24.23846,23.676074981689453,-0.023202197933983593,3,60mm,4.2902746
SubNetW8CleanAuxExDnRcK8QdEma,minbias,0,test,37.79999,36.50869369506836,-0.03416132802356964,3,60mm,4.6570215
SubNetW8CleanAuxExDnRcK8QdEma,minbias,0,test,61.83143,61.625431060791016,-0.0033315980553205726,0,15mm,2.7617905
SubNetW8CleanAuxExDnRcK8QdEma,minbias,0,test,29.977785,29.402366638183594,-0.019194829443520134,3,60mm,4.893989
SubNetW8CleanAuxExDnRcK8QdEma,minbias,0,test,13.856222,10.524370193481445,-0.24045890160449557,2,40mm,1.7300061
SubNetW8CleanAuxExDnRcK8QdEma,minbias,0,test,68.81028,69.20155334472656,0.005686265183192818,0,15mm,2.003612
SubNetW8CleanAuxExDnRcK8QdEma,minbias,0,test,33.29952,30.898914337158203,-0.07209125987525411,0,15mm,1.2888707
SubNetW8CleanAuxExDnRcK8QdEma,minbias,0,test,33.15859,34.359336853027344,0.03621229072773979,3,60mm,4.0690417
SubNetW8CleanAuxExDnRcK8QdEma,minbias,0,test,14.178459,14.211483001708984,0.0023291553643753904,2,40mm,1.3437226
SubNetW8CleanAuxExDnRcK8QdEma,minbias,0,test,5.9472623,6.55177116394043,0.1016448993863448,2,40mm,0.76146364
SubNetW8CleanAuxExDnRcK8QdEma,minbias,0,test,3.836389,3.9194908142089844,0.021661449872978578,3,60mm,0.82692343
SubNetW8CleanAuxExDnRcK8QdEma,minbias,0,test,18.873081,23.81145477294922,0.2616622856351687,0,15mm,0.50480413
SubNetW8CleanAuxExDnRcK8QdEma,minbias,0,test,17.383574,16.948400497436523,-0.02503357746692747,3,60mm,4.0773854
SubNetW8CleanAuxExDnRcK8QdEma,minbias,0,test,36.921112,36.944332122802734,0.0006289101535668085,2,40mm,3.1860023
SubNetW8CleanAuxExDnRcK8QdEma,minbias,0,test,28.958553,26.732276916503906,-0.07687802541616329,3,60mm,4.3767056
SubNetW8CleanAuxExDnRcK8QdEma,minbias,0,test,32.207844,32.545692443847656,0.010489639282665664,2,40mm,2.7567132
SubNetW8CleanAuxExDnRcK8QdEma,minbias,0,test,36.943577,35.82680892944336,-0.0302290135295058,2,40mm,4.396446
SubNetW8CleanAuxExDnRcK8QdEma,minbias,0,test,48.93711,46.43088150024414,-0.05121326850927266,0,15mm,1.0162501
SubNetW8CleanAuxExDnRcK8QdEma,minbias,0,test,41.09419,40.29163360595703,-0.019529649077125844,2,40mm,2.7654016
SubNetW8CleanAuxExDnRcK8QdEma,minbias,0,test,13.787881,13.496739387512207,-0.02111575463797999,3,60mm,1.9901696
SubNetW8CleanAuxExDnRcK8QdEma,minbias,0,test,7.395768,6.514692306518555,-0.1191324334866748,3,60mm,1.6285993
SubNetW8CleanAuxExDnRcK8QdEma,minbias,0,test,18.700493,18.88688087463379,0.009967010877924398,3,60mm,2.4358919
SubNetW8CleanAuxExDnRcK8QdEma,minbias,0,test,26.334604,26.652023315429688,0.012053306324648627,3,60mm,4.2942543
SubNetW8CleanAuxExDnRcK8QdEma,minbias,0,test,42.65903,43.41654586791992,0.01775743464812818,2,40mm,4.44918
SubNetW8CleanAuxExDnRcK8QdEma,minbias,0,test,7.5320797,7.847383499145508,0.04186145330223323,4,120mm,1.7547526
SubNetW8CleanAuxExDnRcK8QdEma,minbias,0,test,19.413853,19.86456298828125,0.02321591204947704,3,60mm,2.9187133
SubNetW8CleanAuxExDnRcK8QdEma,minbias,0,test,36.418003,33.77967834472656,-0.0724456179430909,0,15mm,0.93060505
SubNetW8CleanAuxExDnRcK8QdEma,minbias,0,test,5.3502145,5.211585521697998,-0.025910916307916754,3,60mm,0.93264866
SubNetW8CleanAuxExDnRcK8QdEma,minbias,0,test,4.135924,5.474605083465576,0.3236716306989633,2,40mm,0.75190073
SubNetW8CleanAuxExDnRcK8QdEma,minbias,0,test,31.277002,30.034990310668945,-0.03971007229653922,2,40mm,4.2263236
SubNetW8CleanAuxExDnRcK8QdEma,minbias,0,test,12.588405,12.405409812927246,-0.01453677789504293,3,60mm,2.622112
SubNetW8CleanAuxExDnRcK8QdEma,minbias,0,test,50.255642,50.441368103027344,0.00369562816456237,2,40mm,4.244746
SubNetW8CleanAuxExDnRcK8QdEma,minbias,0,test,75.336876,77.47003173828125,0.02831489621557637,0,15mm,2.374389
SubNetW8CleanAuxExDnRcK8QdEma,minbias,0,test,70.72314,70.09037017822266,-0.00894709640086977,1,30mm,4.1163383
SubNetW8CleanAuxExDnRcK8QdEma,minbias,0,test,21.379013,22.199913024902344,0.03839746769491015,4,120mm,4.716251
SubNetW8CleanAuxExDnRcK8QdEma,minbias,0,test,25.883701,25.13100242614746,-0.029080033372354208,2,40mm,3.5348363
SubNetW8CleanAuxExDnRcK8QdEma,minbias,0,test,19.464245,21.600839614868164,0.10977023715147771,0,15mm,0.62781614
SubNetW8CleanAuxExDnRcK8QdEma,minbias,0,test,17.242807,17.64056968688965,0.023068302604467572,3,60mm,3.6767783
SubNetW8CleanAuxExDnRcK8QdEma,minbias,0,test,19.462858,19.31816864013672,-0.0074341372910983194,2,40mm,2.0399523
SubNetW8CleanAuxExDnRcK8QdEma,minbias,0,test,8.004559,7.676774024963379,-0.04094973329006113,3,60mm,1.7422662
SubNetW8CleanAuxExDnRcK8QdEma,minbias,0,test,27.409048,26.73565101623535,-0.024568422158719017,2,40mm,4.1000843
SubNetW8CleanAuxExDnRcK8QdEma,minbias,0,test,23.839512,23.575227737426758,-0.011085970859532557,2,40mm,4.053995
SubNetW8CleanAuxExDnRcK8QdEma,minbias,0,test,35.685028,34.80458450317383,-0.024672632206388823,1,30mm,2.6515384
SubNetW8CleanAuxExDnRcK8QdEma,minbias,0,test,15.336465,15.281322479248047,-0.003595509335010849,2,40mm,1.4896005
SubNetW8CleanAuxExDnRcK8QdEma,minbias,0,test,40.38805,37.672847747802734,-0.06722786384112944,1,30mm,2.917989
SubNetW8CleanAuxExDnRcK8QdEma,minbias,0,test,15.101862,14.704232215881348,-0.026329848536037814,2,40mm,1.5347216
SubNetW8CleanAuxExDnRcK8QdEma,minbias,0,test,34.587822,35.23814010620117,0.018801939783765098,2,40mm,2.6304111
SubNetW8CleanAuxExDnRcK8QdEma,minbias,0,test,27.380636,27.18221092224121,-0.007246920466315698,3,60mm,4.8669868
SubNetW8CleanAuxExDnRcK8QdEma,minbias,0,test,43.152473,42.101863861083984,-0.0243464511912046,2,40mm,3.7846627
SubNetW8CleanAuxExDnRcK8QdEma,minbias,0,test,15.361779,14.943886756896973,-0.027203389025560187,3,60mm,2.527194
SubNetW8CleanAuxExDnRcK8QdEma,minbias,0,test,13.533577,14.858756065368652,0.0979178751804668,2,40mm,1.5181365
SubNetW8CleanAuxExDnRcK8QdEma,minbias,0,test,7.3591266,7.031032562255859,-0.044583280714112106,3,60mm,0.9667776
SubNetW8CleanAuxExDnRcK8QdEma,minbias,0,test,14.593574,13.968766212463379,-0.04281386973384882,4,120mm,3.370369
SubNetW8CleanAuxExDnRcK8QdEma,minbias,0,test,16.431253,16.10790252685547,-0.019679016435726338,2,40mm,1.6784635
SubNetW8CleanAuxExDnRcK8QdEma,minbias,0,test,20.98266,25.894163131713867,0.2340743628031634,1,30mm,1.6311313
SubNetW8CleanAuxExDnRcK8QdEma,minbias,0,test,56.907345,61.450225830078125,0.07982943197372228,2,40mm,4.8816032
SubNetW8CleanAuxExDnRcK8QdEma,minbias,0,test,29.634031,29.88658332824707,0.00852236504544357,3,60mm,4.543455
SubNetW8CleanAuxExDnRcK8QdEma,minbias,0,test,96.351524,92.00634765625,-0.0450971245753915,0,15mm,3.2623758
SubNetW8CleanAuxExDnRcK8QdEma,minbias,0,test,41.745594,46.181190490722656,0.10625304465531005,2,40mm,3.708497
SubNetW8CleanAuxExDnRcK8QdEma,minbias,0,test,9.930544,9.58273983001709,-0.03502366769007381,2,40mm,1.0667065
SubNetW8CleanAuxExDnRcK8QdEma,minbias,0,test,26.68577,26.761075973510742,0.002821951123108901,2,40mm,2.0434468
SubNetW8CleanAuxExDnRcK8QdEma,minbias,0,test,18.743399,18.30722999572754,-0.02327052198044577,3,60mm,3.3309412
SubNetW8CleanAuxExDnRcK8QdEma,minbias,0,test,26.276594,26.831819534301758,0.021130035684672643,2,40mm,1.581641
SubNetW8CleanAuxExDnRcK8QdEma,minbias,0,test,26.147749,26.431257247924805,0.010842550972718579,0,15mm,0.7842576
SubNetW8CleanAuxExDnRcK8QdEma,minbias,0,test,13.496425,13.804956436157227,0.02286025881663445,3,60mm,2.4645383
SubNetW8CleanAuxExDnRcK8QdEma,minbias,0,test,45.489468,45.258113861083984,-0.005085875299617459,2,40mm,3.858722
SubNetW8CleanAuxExDnRcK8QdEma,minbias,0,test,23.215258,22.67307472229004,-0.02335459423549202,4,120mm,4.918288
SubNetW8CleanAuxExDnRcK8QdEma,minbias,0,test,32.723278,32.22530746459961,-0.015217625213462371,3,60mm,4.9152284
SubNetW8CleanAuxExDnRcK8QdEma,minbias,0,test,65.73717,71.91326141357422,0.09395132621860292,0,15mm,1.5286288
SubNetW8CleanAuxExDnRcK8QdEma,minbias,0,test,29.84457,29.040929794311523,-0.026927523542625953,3,60mm,3.9343734
SubNetW8CleanAuxExDnRcK8QdEma,minbias,0,test,7.6678596,7.79629373550415,0.016749678356003495,3,60mm,1.4650438
SubNetW8CleanAuxExDnRcK8QdEma,minbias,0,test,4.295757,5.500822067260742,0.28052455056719205,3,60mm,0.5653896
SubNetW8CleanAuxExDnRcK8QdEma,minbias,0,test,43.423164,43.27605056762695,-0.003387910627681956,1,30mm,4.132799
SubNetW8CleanAuxExDnRcK8QdEma,minbias,0,test,25.70005,26.020458221435547,0.012467207768786404,3,60mm,4.3187256
SubNetW8CleanAuxExDnRcK8QdEma,minbias,0,test,45.04787,48.24403381347656,0.07095037195691534,0,15mm,1.6189382
SubNetW8CleanAuxExDnRcK8QdEma,minbias,0,test,16.134012,15.911391258239746,-0.01379823945730807,2,40mm,3.2957246
SubNetW8CleanAuxExDnRcK8QdEma,minbias,0,test,20.94235,21.53360366821289,0.028232422325933593,4,120mm,4.432208
SubNetW8CleanAuxExDnRcK8QdEma,minbias,0,test,6.365294,6.7965497970581055,0.06775112332477007,3,60mm,1.3890973
SubNetW8CleanAuxExDnRcK8QdEma,minbias,0,test,3.1229956,3.450061559677124,0.10472827534567508,3,60mm,0.6014712
SubNetW8CleanAuxExDnRcK8QdEma,minbias,0,test,16.405579,15.892815589904785,-0.03125540619221767,2,40mm,3.2074628
SubNetW8CleanAuxExDnRcK8QdEma,minbias,0,test,24.508577,24.456226348876953,-0.0021360276112328824,2,40mm,2.718315
SubNetW8CleanAuxExDnRcK8QdEma,minbias,0,test,3.4599392,3.524125576019287,0.018551289526067327,3,60mm,0.71583146
SubNetW8CleanAuxExDnRcK8QdEma,minbias,0,test,14.522232,14.024401664733887,-0.03428056988911754,3,60mm,3.1450748
SubNetW8CleanAuxExDnRcK8QdEma,minbias,0,test,17.424793,17.8493595123291,0.02436564170318123,3,60mm,2.3005896
SubNetW8CleanAuxExDnRcK8QdEma,minbias,0,test,10.403842,10.437524795532227,0.0032375369859198866,3,60mm,2.00736
SubNetW8CleanAuxExDnRcK8QdEma,minbias,0,test,48.166187,49.2648811340332,0.022810479914547876,1,30mm,2.5100877
SubNetW8CleanAuxExDnRcK8QdEma,minbias,0,test,69.6528,67.32382202148438,-0.03343698231190817,1,30mm,4.739944
SubNetW8CleanAuxExDnRcK8QdEma,minbias,0,test,16.236391,15.395074844360352,-0.051816701115823816,4,120mm,3.7107675
SubNetW8CleanAuxExDnRcK8QdEma,minbias,0,test,57.775143,56.995948791503906,-0.013486662986342934,1,30mm,3.4796348
SubNetW8CleanAuxExDnRcK8QdEma,minbias,0,test,25.536024,24.677555084228516,-0.03361795893721886,0,15mm,1.335118
SubNetW8CleanAuxExDnRcK8QdEma,minbias,0,test,23.432878,24.352813720703125,0.039258310781821626,1,30mm,1.0204263
SubNetW8CleanAuxExDnRcK8QdEma,minbias,0,test,7.9890757,7.847681522369385,-0.017698435255987355,2,40mm,0.76553094
SubNetW8CleanAuxExDnRcK8QdEma,minbias,0,test,16.098848,15.397753715515137,-0.04354936529914999,3,60mm,3.2044954
SubNetW8CleanAuxExDnRcK8QdEma,minbias,0,test,28.774984,28.861330032348633,0.003000720053499828,2,40mm,3.7790987
SubNetW8CleanAuxExDnRcK8QdEma,minbias,0,test,55.635307,42.56862258911133,-0.23486317150402947,1,30mm,3.5706074
SubNetW8CleanAuxExDnRcK8QdEma,minbias,0,test,53.217243,55.38725280761719,0.040776437913230934,2,40mm,4.3414135
SubNetW8CleanAuxExDnRcK8QdEma,minbias,0,test,23.283003,26.07033348083496,0.11971525515812687,0,15mm,0.6106645
SubNetW8CleanAuxExDnRcK8QdEma,minbias,0,test,55.76933,54.867984771728516,-0.016162007223866293,1,30mm,2.639077
SubNetW8CleanAuxExDnRcK8QdEma,minbias,0,test,57.842655,57.80740737915039,-0.0006093738716443919,2,40mm,4.6304927
SubNetW8CleanAuxExDnRcK8QdEma,minbias,0,test,8.959749,9.423731803894043,0.05178521972057837,3,60mm,1.099551
SubNetW8CleanAuxExDnRcK8QdEma,minbias,0,test,88.616974,91.34121704101562,0.030741776037683133,0,15mm,4.2454844
SubNetW8CleanAuxExDnRcK8QdEma,minbias,0,test,12.703486,14.649497985839844,0.153187201960036,1,30mm,0.76818764
SubNetW8CleanAuxExDnRcK8QdEma,minbias,0,test,11.282305,11.269340515136719,-0.001149078041113527,3,60mm,1.696203
SubNetW8CleanAuxExDnRcK8QdEma,minbias,0,test,12.123142,11.971023559570312,-0.01254779328818767,3,60mm,2.314533
SubNetW8CleanAuxExDnRcK8QdEma,minbias,0,test,22.148705,21.588022232055664,-0.025314451056207665,3,60mm,3.3397088
SubNetW8CleanAuxExDnRcK8QdEma,minbias,0,test,54.851513,53.69926071166992,-0.02100675325361756,1,30mm,3.244004
SubNetW8CleanAuxExDnRcK8QdEma,minbias,0,test,17.788166,17.106300354003906,-0.03833254593924462,3,60mm,3.191451
SubNetW8CleanAuxExDnRcK8QdEma,minbias,0,test,77.31608,78.5636978149414,0.01613661295525448,0,15mm,3.1675935
SubNetW8CleanAuxExDnRcK8QdEma,minbias,0,test,13.651506,13.977962493896484,0.02391355648293536,2,40mm,1.2704206
SubNetW8CleanAuxExDnRcK8QdEma,minbias,0,test,16.18786,17.41242790222168,0.0756472675416493,3,60mm,2.8112228
SubNetW8CleanAuxExDnRcK8QdEma,minbias,0,test,15.862377,15.07964038848877,-0.04934549027746682,1,30mm,0.6807002
SubNetW8CleanAuxExDnRcK8QdEma,minbias,0,test,14.979974,15.039703369140625,0.003987295100518207,3,60mm,2.1185675
SubNetW8CleanAuxExDnRcK8QdEma,minbias,0,test,4.693108,4.873645782470703,0.03846868589123864,3,60mm,0.7161603
SubNetW8CleanAuxExDnRcK8QdEma,minbias,0,test,8.630944,8.127954483032227,-0.0582774901905494,2,40mm,1.4353946
SubNetW8CleanAuxExDnRcK8QdEma,minbias,0,test,48.018185,49.06468963623047,0.021793930398129824,1,30mm,2.5876389
SubNetW8CleanAuxExDnRcK8QdEma,minbias,0,test,51.67547,54.58975601196289,0.056395958369499066,2,40mm,3.9335587
SubNetW8CleanAuxExDnRcK8QdEma,minbias,0,test,3.1572702,3.1689999103546143,0.003715145216355964,3,60mm,0.6872182
SubNetW8CleanAuxExDnRcK8QdEma,minbias,0,test,36.627003,36.1512336730957,-0.012989570745303713,3,60mm,3.8022861
SubNetW8CleanAuxExDnRcK8QdEma,minbias,0,test,5.5547256,5.637576103210449,0.014915310224717704,2,40mm,0.58087504
SubNetW8CleanAuxExDnRcK8QdEma,minbias,0,test,32.543457,32.18135070800781,-0.011126854866539637,2,40mm,4.3111777
SubNetW8CleanAuxExDnRcK8QdEma,minbias,0,test,19.203878,18.597698211669922,-0.03156550871278674,3,60mm,3.5175033
SubNetW8CleanAuxExDnRcK8QdEma,minbias,0,test,21.529564,21.362415313720703,-0.007763677463913821,2,40mm,3.6496592
SubNetW8CleanAuxExDnRcK8QdEma,minbias,0,test,21.546915,20.232458114624023,-0.06100441461728634,1,30mm,1.1953332
SubNetW8CleanAuxExDnRcK8QdEma,minbias,0,test,11.333629,11.287592887878418,-0.004061873562741569,3,60mm,1.9544764
SubNetW8CleanAuxExDnRcK8QdEma,minbias,0,test,11.51405,11.103026390075684,-0.03569753099303952,4,120mm,2.5003064
SubNetW8CleanAuxExDnRcK8QdEma,minbias,0,test,36.62861,36.062538146972656,-0.015454328642976356,2,40mm,3.744087
SubNetW8CleanAuxExDnRcK8QdEma,minbias,0,test,54.28332,56.54736328125,0.04170787348769833,0,15mm,1.2713853
SubNetW8CleanAuxExDnRcK8QdEma,minbias,0,test,56.108192,55.003047943115234,-0.019696669106538,1,30mm,3.1481051
SubNetW8CleanAuxExDnRcK8QdEma,minbias,0,test,15.759205,15.439974784851074,-0.02025673772221548,3,60mm,2.317303
SubNetW8CleanAuxExDnRcK8QdEma,minbias,0,test,55.764244,54.757083892822266,-0.018061038993554823,2,40mm,4.483067
SubNetW8CleanAuxExDnRcK8QdEma,minbias,0,test,23.21515,11.0117769241333,-0.5256642094085122,1,30mm,1.8872125
SubNetW8CleanAuxExDnRcK8QdEma,minbias,0,test,16.9147,16.470312118530273,-0.02627226303859176,2,40mm,1.552392
SubNetW8CleanAuxExDnRcK8QdEma,minbias,0,test,29.674477,32.469390869140625,0.09418579748054556,1,30mm,1.8042891
SubNetW8CleanAuxExDnRcK8QdEma,minbias,0,test,81.82484,78.16939544677734,-0.044673982011096514,1,30mm,3.5096354
SubNetW8CleanAuxExDnRcK8QdEma,minbias,0,test,10.848713,10.934038162231445,0.007865010504848113,3,60mm,1.7904915
SubNetW8CleanAuxExDnRcK8QdEma,minbias,0,test,8.938444,8.413912773132324,-0.058682624891732704,3,60mm,1.7384188
SubNetW8CleanAuxExDnRcK8QdEma,minbias,0,test,8.193803,8.070333480834961,-0.01506862628137795,2,40mm,0.89266014
SubNetW8CleanAuxExDnRcK8QdEma,minbias,0,test,6.746732,6.748045444488525,0.00019464379020228684,3,60mm,1.384703
SubNetW8CleanAuxExDnRcK8QdEma,minbias,0,test,3.0367312,3.012514114379883,-0.007974735600465244,4,120mm,0.6831278
SubNetW8CleanAuxExDnRcK8QdEma,minbias,0,test,26.31233,25.576658248901367,-0.027959211145236362,3,60mm,4.677989
SubNetW8CleanAuxExDnRcK8QdEma,minbias,0,test,21.636223,20.083507537841797,-0.07176461959382952,2,40mm,1.9633594
SubNetW8CleanAuxExDnRcK8QdEma,minbias,0,test,30.085066,30.284042358398438,0.006613796950645234,3,60mm,4.742175
SubNetW8CleanAuxExDnRcK8QdEma,minbias,0,test,24.430775,23.553070068359375,-0.03592618865117492,3,60mm,3.353776
SubNetW8CleanAuxExDnRcK8QdEma,minbias,0,test,39.06224,45.27556228637695,0.1590620914279508,1,30mm,2.8395026
SubNetW8CleanAuxExDnRcK8QdEma,minbias,0,test,7.1476464,7.333662986755371,0.026024868674832113,3,60mm,1.0061457
SubNetW8CleanAuxExDnRcK8QdEma,minbias,0,test,22.127369,22.017786026000977,-0.004952369229368814,2,40mm,3.8880289
SubNetW8CleanAuxExDnRcK8QdEma,minbias,0,test,25.66527,25.04635238647461,-0.024114979845783258,3,60mm,4.9001126
SubNetW8CleanAuxExDnRcK8QdEma,minbias,0,test,6.4358215,6.569652080535889,0.020794633077116487,3,60mm,1.0872946
SubNetW8CleanAuxExDnRcK8QdEma,minbias,0,test,4.753598,4.755970478057861,0.0004990461447658134,3,60mm,1.0680438
SubNetW8CleanAuxExDnRcK8QdEma,minbias,0,test,32.18688,31.65316390991211,-0.016581735297383826,3,60mm,4.9576693
SubNetW8CleanAuxExDnRcK8QdEma,minbias,0,test,32.302574,39.17982482910156,0.21290101023556418,1,30mm,1.3353152
SubNetW8CleanAuxExDnRcK8QdEma,minbias,0,test,18.431831,21.270944595336914,0.15403316035410453,2,40mm,2.3578355
SubNetW8CleanAuxExDnRcK8QdEma,minbias,0,test,28.09305,27.072938919067383,-0.03631186659595731,0,15mm,0.7186451
SubNetW8CleanAuxExDnRcK8QdEma,minbias,0,test,27.083147,27.91777229309082,0.03081714405759861,2,40mm,3.175246
SubNetW8CleanAuxExDnRcK8QdEma,minbias,0,test,23.51741,23.455015182495117,-0.0026531448440441086,4,120mm,4.898696
SubNetW8CleanAuxExDnRcK8QdEma,minbias,0,test,23.079723,22.63117218017578,-0.019434859379284464,3,60mm,3.3794303
SubNetW8CleanAuxExDnRcK8QdEma,minbias,0,test,40.74502,39.76750946044922,-0.02399096419523039,2,40mm,4.7612205
SubNetW8CleanAuxExDnRcK8QdEma,minbias,0,test,39.30105,40.067081451416016,0.019491418324850907,2,40mm,3.105942
SubNetW8CleanAuxExDnRcK8QdEma,minbias,0,test,73.03994,71.33879852294922,-0.02329056349454972,0,15mm,2.5416672
SubNetW8CleanAuxExDnRcK8QdEma,minbias,0,test,81.931564,85.13251495361328,0.03906858911694577,1,30mm,4.1114683
SubNetW8CleanAuxExDnRcK8QdEma,minbias,0,test,13.874118,13.677973747253418,-0.014137410832655628,3,60mm,2.1127048
SubNetW8CleanAuxExDnRcK8QdEma,minbias,0,test,14.451027,14.141522407531738,-0.021417475087441407,3,60mm,2.9593596
SubNetW8CleanAuxExDnRcK8QdEma,minbias,0,test,33.01528,33.73902130126953,0.02192135239367765,1,30mm,2.8270621
SubNetW8CleanAuxExDnRcK8QdEma,minbias,0,test,19.495167,18.70182991027832,-0.04069402828389401,1,30mm,0.7986747
SubNetW8CleanAuxExDnRcK8QdEma,minbias,0,test,22.678263,21.049236297607422,-0.07183206375876883,4,120mm,4.9585314
SubNetW8CleanAuxExDnRcK8QdEma,minbias,0,test,72.05816,70.88371276855469,-0.01629858609074808,2,40mm,4.907546
SubNetW8CleanAuxExDnRcK8QdEma,minbias,0,test,16.686749,16.430177688598633,-0.015375722596209562,3,60mm,2.5445945
SubNetW8CleanAuxExDnRcK8QdEma,minbias,0,test,20.936861,20.460161209106445,-0.02276844786960308,1,30mm,1.2336305
SubNetW8CleanAuxExDnRcK8QdEma,minbias,0,test,65.469696,68.10202026367188,0.040206757901301904,1,30mm,4.4929376
SubNetW8CleanAuxExDnRcK8QdEma,minbias,0,test,45.50231,45.51176834106445,0.00020782756231096933,2,40mm,3.8101354
SubNetW8CleanAuxExDnRcK8QdEma,minbias,0,test,52.997444,52.58181381225586,-0.00784246008878453,1,30mm,3.3356013
SubNetW8CleanAuxExDnRcK8QdEma,minbias,0,test,4.711002,4.4017744064331055,-0.0656394276458353,3,60mm,0.89109427
SubNetW8CleanAuxExDnRcK8QdEma,minbias,0,test,8.111072,10.70824909210205,0.32020152673550784,1,30mm,0.5291867
SubNetW8CleanAuxExDnRcK8QdEma,minbias,0,test,37.52205,37.25665283203125,-0.0070730710499401495,1,30mm,1.896311
SubNetW8CleanAuxExDnRcK8QdEma,minbias,0,test,9.145346,8.63579273223877,-0.055717189160329084,2,40mm,1.9862944
SubNetW8CleanAuxExDnRcK8QdEma,minbias,0,test,27.25428,28.066818237304688,0.02981323095967192,2,40mm,2.8429255
SubNetW8CleanAuxExDnRcK8QdEma,minbias,0,test,12.375065,12.125362396240234,-0.02017787030960383,3,60mm,2.5368695
SubNetW8CleanAuxExDnRcK8QdEma,minbias,0,test,61.090816,59.86931228637695,-0.019994890909171503,1,30mm,2.5669432
SubNetW8CleanAuxExDnRcK8QdEma,minbias,0,test,20.170422,20.35321044921875,0.009062222520616725,3,60mm,2.0485468
SubNetW8CleanAuxExDnRcK8QdEma,minbias,0,test,22.108234,21.980518341064453,-0.005776854999386627,2,40mm,4.013829
SubNetW8CleanAuxExDnRcK8QdEma,minbias,0,test,57.245758,56.79764938354492,-0.007827805732825377,1,30mm,3.4182405
SubNetW8CleanAuxExDnRcK8QdEma,minbias,0,test,45.054993,46.33384323120117,0.028384214034227417,0,15mm,1.7517134
SubNetW8CleanAuxExDnRcK8QdEma,minbias,0,test,11.846079,11.484015464782715,-0.03056398761052803,3,60mm,2.211141
SubNetW8CleanAuxExDnRcK8QdEma,minbias,0,test,9.760516,8.749289512634277,-0.10360380914116885,3,60mm,1.8566294
SubNetW8CleanAuxExDnRcK8QdEma,minbias,0,test,37.852867,39.53135681152344,0.044342471587444976,3,60mm,4.1805625
SubNetW8CleanAuxExDnRcK8QdEma,minbias,0,test,24.968172,24.377195358276367,-0.023669202268849165,3,60mm,3.3290622
SubNetW8CleanAuxExDnRcK8QdEma,minbias,0,test,34.927944,34.4486198425293,-0.013723233703769155,1,30mm,1.9322237
SubNetW8CleanAuxExDnRcK8QdEma,minbias,0,test,10.192222,9.998875617980957,-0.018969958695908673,3,60mm,1.483602
SubNetW8CleanAuxExDnRcK8QdEma,minbias,0,test,20.43251,21.031770706176758,0.029328766714087795,2,40mm,2.9198482
SubNetW8CleanAuxExDnRcK8QdEma,minbias,0,test,2.6306021,3.05256724357605,0.1604062882781554,4,120mm,0.5854289
SubNetW8CleanAuxExDnRcK8QdEma,minbias,0,test,16.74816,17.935712814331055,0.07090650242760987,4,120mm,3.3394597
SubNetW8CleanAuxExDnRcK8QdEma,minbias,0,test,58.56433,64.94998168945312,0.10903651625086752,2,40mm,4.5174522
SubNetW8CleanAuxExDnRcK8QdEma,minbias,0,test,22.68843,23.80694580078125,0.0492989147284737,2,40mm,3.1869342
SubNetW8CleanAuxExDnRcK8QdEma,minbias,0,test,8.030191,7.969147205352783,-0.007601838231713787,4,120mm,1.6278807
SubNetW8CleanAuxExDnRcK8QdEma,minbias,0,test,68.93975,69.03482818603516,0.0013791392298709848,1,30mm,3.9943166
SubNetW8CleanAuxExDnRcK8QdEma,minbias,0,test,15.984381,16.6076602935791,0.03899303841490509,3,60mm,2.937378
SubNetW8CleanAuxExDnRcK8QdEma,minbias,0,test,12.282417,12.32435417175293,0.003414382802207072,3,60mm,2.4149652
SubNetW8CleanAuxExDnRcK8QdEma,minbias,0,test,25.219559,25.006284713745117,-0.00845669047894193,3,60mm,3.4620838
SubNetW8CleanAuxExDnRcK8QdEma,minbias,0,test,33.653427,32.46334457397461,-0.035362893225198144,2,40mm,4.412952
SubNetW8CleanAuxExDnRcK8QdEma,minbias,0,test,16.88106,16.267702102661133,-0.03633406650918469,2,40mm,2.95858
SubNetW8CleanAuxExDnRcK8QdEma,minbias,0,test,5.2735972,4.973337650299072,-0.05693639018276986,2,40mm,0.6916347
SubNetW8CleanAuxExDnRcK8QdEma,minbias,0,test,89.938065,72.15924072265625,-0.19767852395438823,0,15mm,2.7033486
SubNetW8CleanAuxExDnRcK8QdEma,minbias,0,test,32.76838,32.13895034790039,-0.019208422225104105,2,40mm,4.308862
SubNetW8CleanAuxExDnRcK8QdEma,minbias,0,test,13.475588,14.223628997802734,0.05551083645230803,3,60mm,1.8198333
SubNetW8CleanAuxExDnRcK8QdEma,minbias,0,test,17.144855,17.274065017700195,0.007536343391062017,3,60mm,3.5733662
SubNetW8CleanAuxExDnRcK8QdEma,minbias,0,test,4.5583525,4.408810615539551,-0.032806119278736556,3,60mm,0.82803124
SubNetW8CleanAuxExDnRcK8QdEma,minbias,0,test,12.931684,11.9405517578125,-0.07664367747939449,2,40mm,1.4277351
SubNetW8CleanAuxExDnRcK8QdEma,minbias,0,test,58.67398,58.23305130004883,-0.00751490537175914,1,30mm,3.8819473
SubNetW8CleanAuxExDnRcK8QdEma,minbias,0,test,40.458916,40.02483367919922,-0.0107289585899083,2,40mm,3.6912034
SubNetW8CleanAuxExDnRcK8QdEma,minbias,0,test,36.266254,36.08195877075195,-0.005081739408125507,2,40mm,3.8323338
SubNetW8CleanAuxExDnRcK8QdEma,minbias,0,test,34.34874,34.29381561279297,-0.001599010963187042,2,40mm,2.8002598
SubNetW8CleanAuxExDnRcK8QdEma,minbias,0,test,37.186344,37.62127685546875,0.011696033012121188,2,40mm,2.7601345
SubNetW8CleanAuxExDnRcK8QdEma,minbias,0,test,23.049168,22.84341812133789,-0.008926548454776695,2,40mm,1.6297746
SubNetW8CleanAuxExDnRcK8QdEma,minbias,0,test,10.439969,10.388484954833984,-0.004931442580094925,1,30mm,0.548544
SubNetW8CleanAuxExDnRcK8QdEma,minbias,0,test,28.416842,28.082881927490234,-0.011752170957704866,2,40mm,3.499564
SubNetW8CleanAuxExDnRcK8QdEma,minbias,0,test,22.49014,22.506895065307617,0.0007449553319389679,3,60mm,4.1573157
SubNetW8CleanAuxExDnRcK8QdEma,minbias,0,test,15.257784,14.861891746520996,-0.02594689675182349,3,60mm,3.0937414
SubNetW8CleanAuxExDnRcK8QdEma,minbias,0,test,41.243294,40.445648193359375,-0.01934000648557732,2,40mm,4.3371964
SubNetW8CleanAuxExDnRcK8QdEma,minbias,0,test,55.049965,55.1778678894043,0.00232339811370208,0,15mm,1.3284917
SubNetW8CleanAuxExDnRcK8QdEma,minbias,0,test,24.116465,23.863069534301758,-0.010507140437582385,3,60mm,3.6080325
SubNetW8CleanAuxExDnRcK8QdEma,minbias,0,test,17.88502,18.056880950927734,0.009609251500042548,3,60mm,3.0095768
SubNetW8CleanAuxExDnRcK8QdEma,minbias,0,test,3.4926689,3.5529353618621826,0.017255141281349973,4,120mm,0.72482383
SubNetW8CleanAuxExDnRcK8QdEma,minbias,0,test,15.944937,15.320934295654297,-0.03913483423346109,3,60mm,3.2957351
SubNetW8CleanAuxExDnRcK8QdEma,minbias,0,test,33.047997,33.677371978759766,0.019044284798439115,3,60mm,3.9946315
SubNetW8CleanAuxExDnRcK8QdEma,minbias,0,test,56.814564,54.568763732910156,-0.03952859742344306,1,30mm,2.5167444
SubNetW8CleanAuxExDnRcK8QdEma,minbias,0,test,19.74152,18.8917293548584,-0.04304585342062528,3,60mm,3.3612707
SubNetW8CleanAuxExDnRcK8QdEma,minbias,0,test,31.30256,30.79294776916504,-0.016280234715085218,1,30mm,1.727672
SubNetW8CleanAuxExDnRcK8QdEma,minbias,0,test,15.565209,16.449769973754883,0.05682934054599187,4,120mm,3.4632034
SubNetW8CleanAuxExDnRcK8QdEma,minbias,0,test,12.522566,12.692679405212402,0.013584561318213506,3,60mm,2.0573478
SubNetW8CleanAuxExDnRcK8QdEma,minbias,0,test,2.8363965,3.1941845417022705,0.12614177584742126,3,60mm,0.6425452
SubNetW8CleanAuxExDnRcK8QdEma,minbias,0,test,24.364714,26.379608154296875,0.08269723637474402,3,60mm,3.737461
SubNetW8CleanAuxExDnRcK8QdEma,minbias,0,test,7.390308,8.692346572875977,0.17618192457266613,3,60mm,1.4566618
SubNetW8CleanAuxExDnRcK8QdEma,minbias,0,test,16.667368,17.138647079467773,0.028275558931674993,2,40mm,1.2157617
SubNetW8CleanAuxExDnRcK8QdEma,minbias,0,test,23.142902,22.51922607421875,-0.02694892325788356,3,60mm,2.8456662
SubNetW8CleanAuxExDnRcK8QdEma,minbias,0,test,7.6581974,7.633094310760498,-0.0032779374665793393,3,60mm,1.4773538
SubNetW8CleanAuxExDnRcK8QdEma,minbias,0,test,16.361675,15.852876663208008,-0.031096974550694045,2,40mm,1.6341555
SubNetW8CleanAuxExDnRcK8QdEma,minbias,0,test,66.231865,65.01045227050781,-0.018441465599633555,2,40mm,4.075727
SubNetW8CleanAuxExDnRcK8QdEma,minbias,0,test,15.982563,15.667183876037598,-0.019732701343975867,2,40mm,2.2909062
SubNetW8CleanAuxExDnRcK8QdEma,minbias,0,test,37.467022,36.27973937988281,-0.03168873587256049,2,40mm,2.3615446
SubNetW8CleanAuxExDnRcK8QdEma,minbias,0,test,17.642471,17.6226863861084,-0.0011214374118353465,3,60mm,2.2462738
SubNetW8CleanAuxExDnRcK8QdEma,minbias,0,test,46.08954,46.8500862121582,0.01650152423884066,2,40mm,3.9659827
SubNetW8CleanAuxExDnRcK8QdEma,minbias,0,test,36.96396,36.003047943115234,-0.02599588436595701,2,40mm,2.9312606
SubNetW8CleanAuxExDnRcK8QdEma,minbias,0,test,7.534355,7.196308135986328,-0.04486741336832922,2,40mm,1.4057463
SubNetW8CleanAuxExDnRcK8QdEma,minbias,0,test,8.006422,8.869709968566895,0.10782443407308473,3,60mm,1.3362211
SubNetW8CleanAuxExDnRcK8QdEma,minbias,0,test,16.755438,16.38454246520996,-0.022135821757777063,2,40mm,1.5745428
SubNetW8CleanAuxExDnRcK8QdEma,minbias,0,test,12.806593,12.768142700195312,-0.003002378639280101,3,60mm,2.1321955
SubNetW8CleanAuxExDnRcK8QdEma,minbias,0,test,18.077349,18.194433212280273,0.006476862567509567,3,60mm,4.0152044
SubNetW8CleanAuxExDnRcK8QdEma,minbias,0,test,22.29333,22.660001754760742,0.016447633816373486,3,60mm,3.562282
SubNetW8CleanAuxExDnRcK8QdEma,minbias,0,test,12.708759,12.364693641662598,-0.027073112163348623,1,30mm,0.6645514
SubNetW8CleanAuxExDnRcK8QdEma,minbias,0,test,31.51071,33.582557678222656,0.06575059499644298,3,60mm,4.69153
SubNetW8CleanAuxExDnRcK8QdEma,minbias,0,test,50.270027,47.341609954833984,-0.058253742263802644,3,60mm,4.8413095
SubNetW8CleanAuxExDnRcK8QdEma,minbias,0,test,59.441376,58.44703674316406,-0.01672806150607742,2,40mm,4.6614223
SubNetW8CleanAuxExDnRcK8QdEma,minbias,0,test,27.605558,35.998069763183594,0.30401527285174046,0,15mm,0.9031119
SubNetW8CleanAuxExDnRcK8QdEma,minbias,0,test,18.136114,16.932388305664062,-0.06637176005966006,1,30mm,1.1479962
SubNetW8CleanAuxExDnRcK8QdEma,minbias,0,test,6.6674914,6.964412212371826,0.04453260708574858,4,120mm,1.4584367
SubNetW8CleanAuxExDnRcK8QdEma,minbias,0,test,22.52286,21.977807998657227,-0.024199927763684737,2,40mm,2.2820718
SubNetW8CleanAuxExDnRcK8QdEma,minbias,0,test,27.672018,27.036996841430664,-0.022948135135755443,0,15mm,0.8676008
SubNetW8CleanAuxExDnRcK8QdEma,minbias,0,test,7.2453055,7.410923004150391,0.022858589620577963,2,40mm,0.648982
SubNetW8CleanAuxExDnRcK8QdEma,minbias,0,test,25.543625,24.594802856445312,-0.03714515954641118,2,40mm,3.2617106
SubNetW8CleanAuxExDnRcK8QdEma,minbias,0,test,27.836685,28.037723541259766,0.007222065389285159,3,60mm,4.0039763
SubNetW8CleanAuxExDnRcK8QdEma,minbias,0,test,51.09353,48.938385009765625,-0.0421803659019333,1,30mm,3.1264012
SubNetW8CleanAuxExDnRcK8QdEma,minbias,0,test,13.0628605,13.352701187133789,0.02218814925633339,3,60mm,1.9574904
SubNetW8CleanAuxExDnRcK8QdEma,minbias,0,test,63.162117,59.884498596191406,-0.05189215567260175,0,15mm,2.404986
SubNetW8CleanAuxExDnRcK8QdEma,minbias,0,test,18.920307,18.744516372680664,-0.009291116960308266,3,60mm,3.4972315
SubNetW8CleanAuxExDnRcK8QdEma,minbias,0,test,12.060263,12.096254348754883,0.0029843188043241486,4,120mm,2.7723393
SubNetW8CleanAuxExDnRcK8QdEma,minbias,0,test,27.958658,27.401203155517578,-0.01993854849942922,3,60mm,3.8165507
SubNetW8CleanAuxExDnRcK8QdEma,minbias,0,test,11.279581,11.421468734741211,0.01257916086732802,4,120mm,2.7089424
SubNetW8CleanAuxExDnRcK8QdEma,minbias,0,test,11.421723,11.152764320373535,-0.023548026580286763,3,60mm,2.2244968
SubNetW8CleanAuxExDnRcK8QdEma,minbias,0,test,9.910437,9.381985664367676,-0.05332267241065736,2,40mm,1.5578903
SubNetW8CleanAuxExDnRcK8QdEma,minbias,0,test,69.47419,70.62902069091797,0.016622445495727556,0,15mm,2.0202785
SubNetW8CleanAuxExDnRcK8QdEma,minbias,0,test,30.440945,30.78209686279297,0.011207017221119386,2,40mm,2.9415853
SubNetW8CleanAuxExDnRcK8QdEma,minbias,0,test,43.001133,41.73835754394531,-0.029366096520475615,1,30mm,2.6153893
SubNetW8CleanAuxExDnRcK8QdEma,minbias,0,test,83.34561,82.71701049804688,-0.007542101645912291,0,15mm,2.9127934
SubNetW8CleanAuxExDnRcK8QdEma,minbias,0,test,46.259613,45.8057861328125,-0.00981043451299124,1,30mm,3.2688546
SubNetW8CleanAuxExDnRcK8QdEma,minbias,0,test,28.524727,29.15384864807129,0.02205531303819175,2,40mm,3.1570437
SubNetW8CleanAuxExDnRcK8QdEma,minbias,0,test,51.458073,50.41965103149414,-0.02017995578017595,2,40mm,4.8556485
SubNetW8CleanAuxExDnRcK8QdEma,minbias,0,test,12.147354,12.503190040588379,0.029293285675345393,1,30mm,0.7387357
SubNetW8CleanAuxExDnRcK8QdEma,minbias,0,test,10.537461,10.191411972045898,-0.03283991272230191,2,40mm,1.3545998
SubNetW8CleanAuxExDnRcK8QdEma,minbias,0,test,19.80744,19.317485809326172,-0.024735856809223966,3,60mm,3.6309633
SubNetW8CleanAuxExDnRcK8QdEma,minbias,0,test,9.5984955,10.102420806884766,0.052500449092039325,3,60mm,1.7553669
SubNetW8CleanAuxExDnRcK8QdEma,minbias,0,test,18.634993,22.085357666015625,0.18515516161907408,3,60mm,2.7024713
SubNetW8CleanAuxExDnRcK8QdEma,minbias,0,test,45.287144,46.21574401855469,0.020504722428102973,2,40mm,4.3701406
SubNetW8CleanAuxExDnRcK8QdEma,minbias,0,test,18.78635,19.299030303955078,0.027290029563048046,3,60mm,2.045204
SubNetW8CleanAuxExDnRcK8QdEma,minbias,0,test,57.699986,57.684410095214844,-0.0002699378309969358,2,40mm,4.926809
SubNetW8CleanAuxExDnRcK8QdEma,minbias,0,test,63.44081,62.10174560546875,-0.02110732078187305,1,30mm,3.5066352
SubNetW8CleanAuxExDnRcK8QdEma,minbias,0,test,32.997375,33.22465896606445,0.006887925915923798,0,15mm,1.1391363
SubNetW8CleanAuxExDnRcK8QdEma,minbias,0,test,51.57775,51.98271560668945,0.007851533615101713,1,30mm,2.838016
SubNetW8CleanAuxExDnRcK8QdEma,minbias,0,test,69.4307,69.2701644897461,-0.002312200721263369,2,40mm,4.9868283
SubNetW8CleanAuxExDnRcK8QdEma,minbias,0,test,12.608129,12.963377952575684,0.0281762200919915,2,40mm,1.3574384
SubNetW8CleanAuxExDnRcK8QdEma,minbias,0,test,34.792618,33.98247146606445,-0.02328500650609666,2,40mm,2.6140249
SubNetW8CleanAuxExDnRcK8QdEma,minbias,0,test,4.1175585,4.042794704437256,-0.018157307357628882,3,60mm,0.6259359
SubNetW8CleanAuxExDnRcK8QdEma,minbias,0,test,69.72698,67.88553619384766,-0.026409373630563948,0,15mm,1.963825
SubNetW8CleanAuxExDnRcK8QdEma,minbias,0,test,52.01844,51.32950973510742,-0.013243967104912935,2,40mm,4.8750525
SubNetW8CleanAuxExDnRcK8QdEma,minbias,0,test,13.894034,13.600008964538574,-0.02116199031762822,4,120mm,2.9630985
SubNetW8CleanAuxExDnRcK8QdEma,minbias,0,test,65.92379,60.649864196777344,-0.0800003425623409,2,40mm,4.7131505
SubNetW8CleanAuxExDnRcK8QdEma,minbias,0,test,44.346195,44.27558517456055,-0.0015922458744186407,2,40mm,3.8486729
SubNetW8CleanAuxExDnRcK8QdEma,minbias,0,test,52.238922,51.17319869995117,-0.020400945807397597,0,15mm,1.2953668
SubNetW8CleanAuxExDnRcK8QdEma,minbias,0,test,16.50744,16.054471969604492,-0.027440268258011047,3,60mm,3.295509
SubNetW8CleanAuxExDnRcK8QdEma,minbias,0,test,31.183554,29.179378509521484,-0.06427026264280322,2,40mm,2.0773933
SubNetW8CleanAuxExDnRcK8QdEma,minbias,0,test,17.68505,18.4576473236084,0.0436865209766244,2,40mm,2.3971655
SubNetW8CleanAuxExDnRcK8QdEma,minbias,0,test,34.235985,33.36366271972656,-0.025479684243296608,2,40mm,3.8386207
SubNetW8CleanAuxExDnRcK8QdEma,minbias,0,test,18.69313,18.32842254638672,-0.019510265918847303,4,120mm,4.0145917
SubNetW8CleanAuxExDnRcK8QdEma,minbias,0,test,13.598063,12.897970199584961,-0.0514847772955036,2,40mm,2.366719
SubNetW8CleanAuxExDnRcK8QdEma,minbias,0,test,20.351517,21.03550910949707,0.0336089145174121,3,60mm,3.9514327
SubNetW8CleanAuxExDnRcK8QdEma,minbias,0,test,42.33604,43.653106689453125,0.03110981039253513,2,40mm,4.791755
SubNetW8CleanAuxExDnRcK8QdEma,minbias,0,test,25.91003,26.075410842895508,0.006382874723633636,2,40mm,2.3296092
SubNetW8CleanAuxExDnRcK8QdEma,minbias,0,test,42.356434,42.625244140625,0.006346385841922597,1,30mm,2.884795
SubNetW8CleanAuxExDnRcK8QdEma,minbias,0,test,4.3427973,4.37624454498291,0.007701779169840828,3,60mm,0.8313778
SubNetW8CleanAuxExDnRcK8QdEma,minbias,0,test,41.53278,41.5228157043457,-0.00023990663113138133,1,30mm,1.822767
SubNetW8CleanAuxExDnRcK8QdEma,minbias,0,test,31.249817,32.45068359375,0.038427959538825496,2,40mm,3.7634666
SubNetW8CleanAuxExDnRcK8QdEma,minbias,0,test,56.320152,60.42622756958008,0.0729059691858367,0,15mm,1.9888186
SubNetW8CleanAuxExDnRcK8QdEma,minbias,0,test,30.452585,30.034183502197266,-0.013739448231154805,2,40mm,3.2204685
SubNetW8CleanAuxExDnRcK8QdEma,minbias,0,test,43.25752,45.464115142822266,0.051010701430434846,2,40mm,4.3613415
SubNetW8CleanAuxExDnRcK8QdEma,minbias,0,test,70.93146,67.32555389404297,-0.050836451859111786,1,30mm,3.367833
SubNetW8CleanAuxExDnRcK8QdEma,minbias,0,test,41.086227,41.86175537109375,0.018875618494503588,1,30mm,2.8587592
SubNetW8CleanAuxExDnRcK8QdEma,minbias,0,test,15.141193,14.365132331848145,-0.051254946559396664,2,40mm,2.4252968
SubNetW8CleanAuxExDnRcK8QdEma,minbias,0,test,86.02517,82.99732971191406,-0.035197136869693724,0,15mm,2.3094013
SubNetW8CleanAuxExDnRcK8QdEma,minbias,0,test,25.861334,26.658588409423828,0.030828052686423968,0,15mm,1.2665437
SubNetW8CleanAuxExDnRcK8QdEma,minbias,0,test,17.821648,16.768600463867188,-0.059088093379950246,3,60mm,3.2304478
SubNetW8CleanAuxExDnRcK8QdEma,minbias,0,test,17.676655,19.618492126464844,0.10985321210601429,3,60mm,3.976993
SubNetW8CleanAuxExDnRcK8QdEma,minbias,0,test,19.394669,19.197275161743164,-0.010177715414590671,3,60mm,2.8858707
SubNetW8CleanAuxExDnRcK8QdEma,minbias,0,test,49.06019,44.91229248046875,-0.08454708302743041,1,30mm,1.988155
SubNetW8CleanAuxExDnRcK8QdEma,minbias,0,test,22.379248,25.528432846069336,0.14071899233378593,1,30mm,0.91729355
SubNetW8CleanAuxExDnRcK8QdEma,minbias,0,test,27.905222,27.943727493286133,0.0013798691256881046,3,60mm,3.4684293
SubNetW8CleanAuxExDnRcK8QdEma,minbias,0,test,13.499331,13.623799324035645,0.00922029731386087,3,60mm,1.8377831
SubNetW8CleanAuxExDnRcK8QdEma,minbias,0,test,24.051098,24.457386016845703,0.016892706901400212,3,60mm,2.9542623
SubNetW8CleanAuxExDnRcK8QdEma,minbias,0,test,27.992266,27.103830337524414,-0.03173860141404927,2,40mm,4.7621336
SubNetW8CleanAuxExDnRcK8QdEma,minbias,0,test,29.269987,29.291927337646484,0.0007495811748581271,3,60mm,4.160733
SubNetW8CleanAuxExDnRcK8QdEma,minbias,0,test,10.851322,10.87563419342041,0.0022404660886610195,3,60mm,1.4926332
SubNetW8CleanAuxExDnRcK8QdEma,minbias,0,test,20.40543,21.07805061340332,0.0329628328629481,0,15mm,0.57411695
SubNetW8CleanAuxExDnRcK8QdEma,minbias,0,test,66.262695,64.0804672241211,-0.03293298103989506,0,15mm,1.9897442
SubNetW8CleanAuxExDnRcK8QdEma,minbias,0,test,10.640709,10.067691802978516,-0.05385140449659742,3,60mm,1.4690132
SubNetW8CleanAuxExDnRcK8QdEma,minbias,0,test,14.714767,14.341715812683105,-0.025352194282763363,2,40mm,1.5089135
SubNetW8CleanAuxExDnRcK8QdEma,minbias,0,test,27.331598,27.220951080322266,-0.004048325326496571,3,60mm,4.0452833
SubNetW8CleanAuxExDnRcK8QdEma,minbias,0,test,98.76927,112.08706665039062,0.1348374302075579,0,15mm,2.4244998
SubNetW8CleanAuxExDnRcK8QdEma,minbias,0,test,55.881588,59.556785583496094,0.0657675941938245,1,30mm,2.6953583
SubNetW8CleanAuxExDnRcK8QdEma,minbias,0,test,15.018123,14.773510932922363,-0.01628777081116206,4,120mm,3.1489253
SubNetW8CleanAuxExDnRcK8QdEma,minbias,0,test,44.88325,44.65951919555664,-0.004984754640007694,1,30mm,1.9914346
SubNetW8CleanAuxExDnRcK8QdEma,minbias,0,test,17.998526,17.35124397277832,-0.035963037218281424,3,60mm,3.8390822
SubNetW8CleanAuxExDnRcK8QdEma,minbias,0,test,29.982613,31.314926147460938,0.04443620557467254,1,30mm,1.6698487
SubNetW8CleanAuxExDnRcK8QdEma,minbias,0,test,91.24876,91.85429382324219,0.0066361169004720555,0,15mm,2.844083
SubNetW8CleanAuxExDnRcK8QdEma,minbias,0,test,16.733309,15.861470222473145,-0.05210198296537594,3,60mm,2.069734
SubNetW8CleanAuxExDnRcK8QdEma,minbias,0,test,86.61555,84.51566314697266,-0.024243731080229702,1,30mm,3.9433494
SubNetW8CleanAuxExDnRcK8QdEma,minbias,0,test,32.099842,32.52107620239258,0.013122623155611635,1,30mm,1.8146354
SubNetW8CleanAuxExDnRcK8QdEma,minbias,0,test,15.769075,16.35434341430664,0.037114923102249175,3,60mm,2.7267296
SubNetW8CleanAuxExDnRcK8QdEma,minbias,0,test,5.494696,5.224274158477783,-0.04921509304739924,3,60mm,0.6344718
SubNetW8CleanAuxExDnRcK8QdEma,minbias,0,test,50.33669,51.16325378417969,0.016420722246839325,2,40mm,4.609524
SubNetW8CleanAuxExDnRcK8QdEma,minbias,0,test,4.2347746,4.356747150421143,0.028802609986346095,3,60mm,0.99799526
SubNetW8CleanAuxExDnRcK8QdEma,minbias,0,test,76.69924,76.1935806274414,-0.006592777189734944,0,15mm,1.9805852
SubNetW8CleanAuxExDnRcK8QdEma,minbias,0,test,12.438665,12.400861740112305,-0.00303920466681995,3,60mm,1.6750339
SubNetW8CleanAuxExDnRcK8QdEma,minbias,0,test,2.230236,2.352691650390625,0.0549070116293191,4,120mm,0.50905406
SubNetW8CleanAuxExDnRcK8QdEma,minbias,0,test,24.746723,24.153396606445312,-0.023975964995710752,3,60mm,4.6329265
SubNetW8CleanAuxExDnRcK8QdEma,minbias,0,test,30.62696,36.87660598754883,0.2040569837559727,2,40mm,2.1830564
SubNetW8CleanAuxExDnRcK8QdEma,minbias,0,test,10.026963,13.107386589050293,0.30721398724923166,3,60mm,1.3747405
SubNetW8CleanAuxExDnRcK8QdEma,minbias,0,test,46.19295,45.169960021972656,-0.022146045095445932,0,15mm,1.5806787
SubNetW8CleanAuxExDnRcK8QdEma,minbias,0,test,22.513231,21.41736602783203,-0.04867649766165172,2,40mm,3.812185
SubNetW8CleanAuxExDnRcK8QdEma,minbias,0,test,55.321545,49.326576232910156,-0.10836588986327667,1,30mm,3.4145575
SubNetW8CleanAuxExDnRcK8QdEma,minbias,0,test,13.261782,13.713232040405273,0.03404145524093005,3,60mm,3.1990695
SubNetW8CleanAuxExDnRcK8QdEma,minbias,0,test,21.173185,20.696609497070312,-0.022508462642535254,3,60mm,3.326431
SubNetW8CleanAuxExDnRcK8QdEma,minbias,0,test,6.1745353,6.4113640785217285,0.038355729376746694,4,120mm,1.3954291
SubNetW8CleanAuxExDnRcK8QdEma,minbias,0,test,18.546759,19.12421989440918,0.031135426600367833,3,60mm,3.764066
SubNetW8CleanAuxExDnRcK8QdEma,minbias,0,test,19.574295,20.07361602783203,0.025509014897635796,3,60mm,3.352756
SubNetW8CleanAuxExDnRcK8QdEma,minbias,0,test,33.936665,32.966739654541016,-0.02858044356227929,0,15mm,1.2267274
SubNetW8CleanAuxExDnRcK8QdEma,minbias,0,test,51.030582,51.07048797607422,0.000781992801121234,0,15mm,2.2574282
SubNetW8CleanAuxExDnRcK8QdEma,minbias,0,test,14.470126,15.468511581420898,0.06899631826925501,1,30mm,0.804803
SubNetW8CleanAuxExDnRcK8QdEma,minbias,0,test,36.24253,37.713836669921875,0.04059611218552783,2,40mm,3.532584
SubNetW8CleanAuxExDnRcK8QdEma,minbias,0,test,13.961166,14.160564422607422,0.014282333962505334,3,60mm,2.2047844
SubNetW8CleanAuxExDnRcK8QdEma,minbias,0,test,12.018955,11.494416236877441,-0.043642644786217155,3,60mm,1.6930836
SubNetW8CleanAuxExDnRcK8QdEma,minbias,0,test,9.644666,9.37102222442627,-0.028372522350816998,3,60mm,1.8608603
SubNetW8CleanAuxExDnRcK8QdEma,minbias,0,test,34.30423,34.18852996826172,-0.003372755166220265,0,15mm,1.3349746
SubNetW8CleanAuxExDnRcK8QdEma,minbias,0,test,10.28555,12.14378547668457,0.18066465458484182,4,120mm,2.1499126
SubNetW8CleanAuxExDnRcK8QdEma,minbias,0,test,24.21049,23.6285400390625,-0.02403707035595004,3,60mm,3.8171804
SubNetW8CleanAuxExDnRcK8QdEma,minbias,0,test,14.459023,14.605321884155273,0.010118138943111088,3,60mm,3.2192302
SubNetW8CleanAuxExDnRcK8QdEma,minbias,0,test,17.803383,18.915607452392578,0.062472654031990205,1,30mm,0.8574985
SubNetW8CleanAuxExDnRcK8QdEma,minbias,0,test,47.833675,48.99305725097656,0.024237775105825143,1,30mm,3.8688467
SubNetW8CleanAuxExDnRcK8QdEma,minbias,0,test,13.537476,15.984477996826172,0.18075766012317507,2,40mm,1.0523063
SubNetW8CleanAuxExDnRcK8QdEma,minbias,0,test,44.40951,49.55279541015625,0.11581491582792092,2,40mm,2.9780395
SubNetW8CleanAuxExDnRcK8QdEma,minbias,0,test,36.06022,34.28868865966797,-0.0491269939500496,1,30mm,2.655622
SubNetW8CleanAuxExDnRcK8QdEma,minbias,0,test,82.75425,83.72669982910156,0.011751061261122464,1,30mm,3.447155
SubNetW8CleanAuxExDnRcK8QdEma,minbias,0,test,31.77473,31.764755249023438,-0.00031394234145765143,3,60mm,4.311176
SubNetW8CleanAuxExDnRcK8QdEma,minbias,0,test,7.050599,7.507394313812256,0.06478814200667671,4,120mm,1.5443717
SubNetW8CleanAuxExDnRcK8QdEma,minbias,0,test,16.357735,15.221269607543945,-0.06947570032476058,3,60mm,3.8973398
SubNetW8CleanAuxExDnRcK8QdEma,minbias,0,test,12.431714,12.0508394241333,-0.030637338665808755,3,60mm,1.3041402
SubNetW8CleanAuxExDnRcK8QdEma,minbias,0,test,5.6776767,6.724266529083252,0.18433417589439993,4,120mm,1.3546054
SubNetW8CleanAuxExDnRcK8QdEma,minbias,0,test,19.028776,18.2556095123291,-0.0406314441682748,3,60mm,2.920392
SubNetW8CleanAuxExDnRcK8QdEma,minbias,0,test,23.296618,22.64508628845215,-0.027966773256268507,2,40mm,2.5231879
SubNetW8CleanAuxExDnRcK8QdEma,minbias,0,test,80.70408,79.92755889892578,-0.00962181575139831,1,30mm,4.730137
SubNetW8CleanAuxExDnRcK8QdEma,minbias,0,test,44.164238,42.81778335571289,-0.030487441469968624,1,30mm,3.6147885
SubNetW8CleanAuxExDnRcK8QdEma,minbias,0,test,5.17307,4.896732807159424,-0.05341840516765395,3,60mm,0.9189581
SubNetW8CleanAuxExDnRcK8QdEma,minbias,0,test,19.013758,19.388145446777344,0.019690360363478154,3,60mm,4.4516563
SubNetW8CleanAuxExDnRcK8QdEma,minbias,0,test,7.826663,7.5446343421936035,-0.03603434496373825,3,60mm,1.8726435
SubNetW8CleanAuxExDnRcK8QdEma,minbias,0,test,31.114206,28.13606071472168,-0.09571658583548326,1,30mm,1.7387326
SubNetW8CleanAuxExDnRcK8QdEma,minbias,0,test,56.301132,55.59952163696289,-0.012461748773833214,2,40mm,4.600348
SubNetW8CleanAuxExDnRcK8QdEma,minbias,0,test,23.468323,23.25435447692871,-0.00911732292167855,3,60mm,3.0059843
SubNetW8CleanAuxExDnRcK8QdEma,minbias,0,test,93.3675,93.06063079833984,-0.0032866844012415797,1,30mm,3.6918826
SubNetW8CleanAuxExDnRcK8QdEma,minbias,0,test,2.5056224,3.951005458831787,0.5768559059168499,3,60mm,0.51966757
SubNetW8CleanAuxExDnRcK8QdEma,minbias,0,test,28.615358,27.478059768676758,-0.03974434183098774,0,15mm,1.2916439
SubNetW8CleanAuxExDnRcK8QdEma,minbias,0,test,7.7939906,6.49446439743042,-0.16673438284539244,3,60mm,1.6898311
SubNetW8CleanAuxExDnRcK8QdEma,minbias,0,test,26.132755,25.774608612060547,-0.013704895012002671,2,40mm,2.215156
SubNetW8CleanAuxExDnRcK8QdEma,minbias,0,test,21.202463,20.579187393188477,-0.029396384392971764,3,60mm,4.550141
SubNetW8CleanAuxExDnRcK8QdEma,minbias,0,test,11.343854,11.385725975036621,0.003691163930604535,3,60mm,1.5919745
SubNetW8CleanAuxExDnRcK8QdEma,minbias,0,test,5.689202,5.658193111419678,-0.005450451805827816,2,40mm,0.5003621
SubNetW8CleanAuxExDnRcK8QdEma,minbias,0,test,30.045626,29.100322723388672,-0.031462249217762084,3,60mm,3.3442533
SubNetW8CleanAuxExDnRcK8QdEma,minbias,0,test,36.132458,36.50025177001953,0.01017904842182249,3,60mm,4.039966
SubNetW8CleanAuxExDnRcK8QdEma,minbias,0,test,16.387577,16.380094528198242,-0.00045659762029193196,3,60mm,2.718477
SubNetW8CleanAuxExDnRcK8QdEma,minbias,0,test,60.061935,48.732181549072266,-0.18863451195169778,1,30mm,3.760227
SubNetW8CleanAuxExDnRcK8QdEma,minbias,0,test,29.763271,29.601428985595703,-0.005437653152681521,3,60mm,4.4664865
SubNetW8CleanAuxExDnRcK8QdEma,minbias,0,test,13.649182,13.332656860351562,-0.02319006749833441,2,40mm,1.013131
SubNetW8CleanAuxExDnRcK8QdEma,minbias,0,test,68.95865,68.37234497070312,-0.008502250582726356,2,40mm,4.474465
SubNetW8CleanAuxExDnRcK8QdEma,minbias,0,test,16.281878,15.546943664550781,-0.04513815144171551,2,40mm,1.6452204
SubNetW8CleanAuxExDnRcK8QdEma,minbias,0,test,34.605362,34.9716682434082,0.01058524703723318,3,60mm,4.764579
SubNetW8CleanAuxExDnRcK8QdEma,minbias,0,test,9.528375,9.130126953125,-0.04179597596891271,3,60mm,1.4524003
SubNetW8CleanAuxExDnRcK8QdEma,minbias,0,test,31.921656,31.30545425415039,-0.019303553907678017,3,60mm,4.2001243
SubNetW8CleanAuxExDnRcK8QdEma,minbias,0,test,24.020927,23.454143524169922,-0.023595421396608085,2,40mm,2.2924008
SubNetW8CleanAuxExDnRcK8QdEma,minbias,0,test,33.19667,33.61109161376953,0.012483814638599267,2,40mm,2.5503845
SubNetW8CleanAuxExDnRcK8QdEma,minbias,0,test,15.354216,11.66099739074707,-0.24053447744486944,1,30mm,0.9369134
SubNetW8CleanAuxExDnRcK8QdEma,minbias,0,test,41.407333,41.91063690185547,0.012154936983886477,2,40mm,3.8700733
SubNetW8CleanAuxExDnRcK8QdEma,minbias,0,test,65.017815,63.83441162109375,-0.018201211802607697,1,30mm,3.85908
SubNetW8CleanAuxExDnRcK8QdEma,minbias,0,test,31.032173,30.16323471069336,-0.028001211570200413,3,60mm,4.898105
SubNetW8CleanAuxExDnRcK8QdEma,minbias,0,test,17.322996,17.97736930847168,0.03777482622952344,3,60mm,2.81389
SubNetW8CleanAuxExDnRcK8QdEma,minbias,0,test,78.22688,78.70787048339844,0.006148622197185372,1,30mm,3.6319025
SubNetW8CleanAuxExDnRcK8QdEma,minbias,0,test,29.165058,29.428911209106445,0.009046890010980357,3,60mm,3.6731884
SubNetW8CleanAuxExDnRcK8QdEma,minbias,0,test,39.152138,41.090518951416016,0.04950894909318437,1,30mm,3.3615239
SubNetW8CleanAuxExDnRcK8QdEma,minbias,0,test,63.357273,62.51673126220703,-0.013266698493304308,1,30mm,3.5155997
SubNetW8CleanAuxExDnRcK8QdEma,minbias,0,test,5.5103464,6.349784851074219,0.15233859644234338,3,60mm,0.6934348
SubNetW8CleanAuxExDnRcK8QdEma,minbias,0,test,19.850206,19.749126434326172,-0.005092135511627793,3,60mm,3.1444752
SubNetW8CleanAuxExDnRcK8QdEma,minbias,0,test,2.325911,2.337608575820923,0.005029225331395049,3,60mm,0.5078079
SubNetW8CleanAuxExDnRcK8QdEma,minbias,0,test,22.30156,22.36948585510254,0.003045814218417986,1,30mm,2.1299002
SubNetW8CleanAuxExDnRcK8QdEma,minbias,0,test,27.444427,27.206497192382812,-0.008669530378661583,2,40mm,2.8312628
SubNetW8CleanAuxExDnRcK8QdEma,minbias,0,test,60.272713,63.680519104003906,0.056539787963769905,1,30mm,4.0919924
SubNetW8CleanAuxExDnRcK8QdEma,minbias,0,test,38.814716,39.09714889526367,0.007276429735691536,0,15mm,1.5969924
SubNetW8CleanAuxExDnRcK8QdEma,minbias,0,test,38.84229,40.661800384521484,0.04684356822882285,1,30mm,3.6755474
SubNetW8CleanAuxExDnRcK8QdEma,minbias,0,test,5.4935145,5.813307285308838,0.05821277895898125,3,60mm,0.999975
SubNetW8CleanAuxExDnRcK8QdEma,minbias,0,test,33.013084,31.679515838623047,-0.04039515230902235,1,30mm,1.4580277
SubNetW8CleanAuxExDnRcK8QdEma,minbias,0,test,34.995125,35.81293869018555,0.023369365806525266,1,30mm,3.571569
SubNetW8CleanAuxExDnRcK8QdEma,minbias,0,test,10.263125,9.50658130645752,-0.07371478786697261,2,40mm,1.0999691
SubNetW8CleanAuxExDnRcK8QdEma,minbias,0,test,11.356203,10.762648582458496,-0.052266985067487504,2,40mm,1.6600039
SubNetW8CleanAuxExDnRcK8QdEma,minbias,0,test,19.488619,19.51102066040039,0.0011494816469033164,3,60mm,4.0212846
SubNetW8CleanAuxExDnRcK8QdEma,minbias,0,test,32.628185,31.605209350585938,-0.03135252276815814,1,30mm,1.6604354
SubNetW8CleanAuxExDnRcK8QdEma,minbias,0,test,73.469376,72.66130828857422,-0.010998695920092838,0,15mm,2.3922884
SubNetW8CleanAuxExDnRcK8QdEma,minbias,0,test,76.48578,74.46700286865234,-0.026394134587992002,1,30mm,4.931349
SubNetW8CleanAuxExDnRcK8QdEma,minbias,0,test,28.529968,29.196752548217773,0.02337136446778687,1,30mm,1.4047464
SubNetW8CleanAuxExDnRcK8QdEma,minbias,0,test,74.653465,74.65052795410156,-3.934602210187155e-05,0,15mm,1.6404268
SubNetW8CleanAuxExDnRcK8QdEma,minbias,0,test,59.88834,60.993995666503906,0.018461952196932252,2,40mm,3.8459704
SubNetW8CleanAuxExDnRcK8QdEma,minbias,0,test,26.2064,33.36597442626953,0.2731994677322309,1,30mm,1.4257103
SubNetW8CleanAuxExDnRcK8QdEma,minbias,0,test,25.421232,26.955827713012695,0.060366683880991756,1,30mm,2.3773036
SubNetW8CleanAuxExDnRcK8QdEma,minbias,0,test,97.51219,98.28622436523438,0.007937803250075648,1,30mm,4.8558226
SubNetW8CleanAuxExDnRcK8QdEma,minbias,0,test,33.966015,34.049095153808594,0.002445982906309263,2,40mm,2.8237157
SubNetW8CleanAuxExDnRcK8QdEma,minbias,0,test,7.0210953,7.048438549041748,0.0038944455371201503,3,60mm,1.3613442
SubNetW8CleanAuxExDnRcK8QdEma,minbias,0,test,25.833323,25.457218170166016,-0.014558884343818801,2,40mm,3.5725632
SubNetW8CleanAuxExDnRcK8QdEma,minbias,0,test,30.584288,30.094802856445312,-0.01600445276653062,0,15mm,1.4404522
SubNetW8CleanAuxExDnRcK8QdEma,minbias,0,test,30.713373,30.101947784423828,-0.019907464937609975,3,60mm,3.0390544
SubNetW8CleanAuxExDnRcK8QdEma,minbias,0,test,55.012028,54.59165573120117,-0.007641456360424792,0,15mm,2.0113897
SubNetW8CleanAuxExDnRcK8QdEma,minbias,0,test,50.946796,56.01008224487305,0.0993837921852867,0,15mm,2.086261
SubNetW8CleanAuxExDnRcK8QdEma,minbias,0,test,17.873413,17.148784637451172,-0.04054225373756137,3,60mm,2.8915105
SubNetW8CleanAuxExDnRcK8QdEma,minbias,0,test,12.609543,12.711867332458496,0.008114845004531857,3,60mm,2.4023638
SubNetW8CleanAuxExDnRcK8QdEma,minbias,0,test,11.559573,10.848165512084961,-0.06154272746570422,3,60mm,2.584697
SubNetW8CleanAuxExDnRcK8QdEma,minbias,0,test,10.392179,10.254491806030273,-0.013249072748444557,2,40mm,0.8259799
SubNetW8CleanAuxExDnRcK8QdEma,minbias,0,test,10.282492,11.163078308105469,0.08563942001715086,3,60mm,1.0852629
SubNetW8CleanAuxExDnRcK8QdEma,minbias,0,test,46.903187,49.1604118347168,0.04812519555095007,0,15mm,1.0792217
SubNetW8CleanAuxExDnRcK8QdEma,minbias,0,test,89.14686,87.59554290771484,-0.01740179450710444,0,15mm,4.086228
SubNetW8CleanAuxExDnRcK8QdEma,minbias,0,test,59.16632,60.296905517578125,0.019108585788250476,1,30mm,3.6045697
SubNetW8CleanAuxExDnRcK8QdEma,minbias,0,test,44.079544,42.46283721923828,-0.03667703199636385,2,40mm,4.315095
SubNetW8CleanAuxExDnRcK8QdEma,minbias,0,test,27.83498,27.976274490356445,0.0050761480451702035,3,60mm,4.854011
SubNetW8CleanAuxExDnRcK8QdEma,minbias,0,test,17.674269,17.591476440429688,-0.004684339895711487,2,40mm,2.5250766
SubNetW8CleanAuxExDnRcK8QdEma,minbias,0,test,8.828819,7.89923620223999,-0.1052896252282427,2,40mm,0.75927496
SubNetW8CleanAuxExDnRcK8QdEma,minbias,0,test,26.74072,26.84075164794922,0.003740770489589762,3,60mm,4.684221
SubNetW8CleanAuxExDnRcK8QdEma,minbias,0,test,28.023176,26.971101760864258,-0.03754301172423624,2,40mm,3.0039294
SubNetW8CleanAuxExDnRcK8QdEma,minbias,0,test,40.344494,40.15447235107422,-0.00470997394400019,2,40mm,3.8645077
SubNetW8CleanAuxExDnRcK8QdEma,minbias,0,test,6.199449,5.772523403167725,-0.06886509670232421,3,60mm,1.2991779
SubNetW8CleanAuxExDnRcK8QdEma,minbias,0,test,26.0222,26.156522750854492,0.005161866484127975,2,40mm,2.9942105
SubNetW8CleanAuxExDnRcK8QdEma,minbias,0,test,73.328476,72.84872436523438,-0.006542500449990718,1,30mm,4.5138016
SubNetW8CleanAuxExDnRcK8QdEma,minbias,0,test,23.934954,24.220630645751953,0.011935554999681575,3,60mm,3.6532085
SubNetW8CleanAuxExDnRcK8QdEma,minbias,0,test,51.966736,52.68329620361328,0.013788827645013102,2,40mm,3.8482778
SubNetW8CleanAuxExDnRcK8QdEma,minbias,0,test,22.5,24.12467384338379,0.07220772637261286,2,40mm,1.9994707
SubNetW8CleanAuxExDnRcK8QdEma,minbias,0,test,30.19353,34.44359588623047,0.14076084776443376,2,40mm,3.827547
SubNetW8CleanAuxExDnRcK8QdEma,minbias,0,test,15.929486,15.835790634155273,-0.0058818997014777885,3,60mm,3.0729136
SubNetW8CleanAuxExDnRcK8QdEma,minbias,0,test,5.747189,5.8468146324157715,0.017334663377895687,4,120mm,1.3465232
SubNetW8CleanAuxExDnRcK8QdEma,minbias,0,test,32.250217,32.013214111328125,-0.007348890805884523,3,60mm,4.780251
SubNetW8CleanAuxExDnRcK8QdEma,minbias,0,test,55.907513,56.58676528930664,0.012149576901843595,0,15mm,1.2810247
SubNetW8CleanAuxExDnRcK8QdEma,minbias,0,test,35.269535,35.487449645996094,0.006178549870280214,3,60mm,4.0885787
SubNetW8CleanAuxExDnRcK8QdEma,minbias,0,test,28.437145,22.12086296081543,-0.22211379590152536,0,15mm,1.053532
SubNetW8CleanAuxExDnRcK8QdEma,minbias,0,test,23.28583,22.392826080322266,-0.038349652180316274,2,40mm,1.9059772
SubNetW8CleanAuxExDnRcK8QdEma,minbias,0,test,16.14816,15.408403396606445,-0.045810636941554184,4,120mm,3.4967587
SubNetW8CleanAuxExDnRcK8QdEma,minbias,0,test,26.05142,25.8463134765625,-0.007873149853713235,3,60mm,3.580485
SubNetW8CleanAuxExDnRcK8QdEma,minbias,0,test,62.6862,69.94070434570312,0.1157273092229929,1,30mm,3.4106946
SubNetW8CleanAuxExDnRcK8QdEma,minbias,0,test,10.156488,9.636383056640625,-0.0512091719601685,3,60mm,1.9408618
SubNetW8CleanAuxExDnRcK8QdEma,minbias,0,test,68.05812,67.78901672363281,-0.003954032245227168,1,30mm,3.4281204
SubNetW8CleanAuxExDnRcK8QdEma,minbias,0,test,21.215641,22.435041427612305,0.057476481838795834,1,30mm,1.7681798
SubNetW8CleanAuxExDnRcK8QdEma,minbias,0,test,9.290683,9.619250297546387,0.03536526993928435,3,60mm,1.7608665
SubNetW8CleanAuxExDnRcK8QdEma,minbias,0,test,10.447844,11.126693725585938,0.06497514732060794,3,60mm,2.1644561
SubNetW8CleanAuxExDnRcK8QdEma,minbias,0,test,62.572487,62.80805206298828,0.0037646767341734666,1,30mm,3.73259
SubNetW8CleanAuxExDnRcK8QdEma,minbias,0,test,4.4310217,4.3603196144104,-0.015956156592943582,2,40mm,0.66134644
SubNetW8CleanAuxExDnRcK8QdEma,minbias,0,test,49.281017,48.52516174316406,-0.015337661470100405,1,30mm,3.8661
SubNetW8CleanAuxExDnRcK8QdEma,minbias,0,test,6.237392,6.466835021972656,0.03678509786779194,3,60mm,0.8555917
SubNetW8CleanAuxExDnRcK8QdEma,minbias,0,test,18.67521,17.631549835205078,-0.05588483686710577,3,60mm,3.1017635
SubNetW8CleanAuxExDnRcK8QdEma,minbias,0,test,58.282875,53.730865478515625,-0.07810200814137191,1,30mm,2.7485182
SubNetW8CleanAuxExDnRcK8QdEma,minbias,0,test,95.12505,101.11274719238281,0.06294549724014575,1,30mm,3.7279584
SubNetW8CleanAuxExDnRcK8QdEma,minbias,0,test,20.514063,20.253807067871094,-0.01268670253681059,3,60mm,3.3191044
SubNetW8CleanAuxExDnRcK8QdEma,minbias,0,test,11.625878,11.967965126037598,0.0294245976229095,2,40mm,1.775932
SubNetW8CleanAuxExDnRcK8QdEma,minbias,0,test,30.763903,30.823200225830078,0.0019275045267432844,1,30mm,1.7994676
SubNetW8CleanAuxExDnRcK8QdEma,minbias,0,test,73.42145,70.4920425415039,-0.03989849426861092,1,30mm,4.4059305
SubNetW8CleanAuxExDnRcK8QdEma,minbias,0,test,26.925234,26.606260299682617,-0.011846639592586805,2,40mm,3.7482874
SubNetW8CleanAuxExDnRcK8QdEma,minbias,0,test,25.323975,24.793174743652344,-0.020960369527702527,3,60mm,3.3393145
SubNetW8CleanAuxExDnRcK8QdEma,minbias,0,test,25.775114,26.262710571289062,0.018917336727054535,2,40mm,3.0140455
SubNetW8CleanAuxExDnRcK8QdEma,minbias,0,test,27.238361,26.67987632751465,-0.020503620749224183,3,60mm,2.9363308
SubNetW8CleanAuxExDnRcK8QdEma,minbias,0,test,69.7518,68.22972869873047,-0.021821255174181986,0,15mm,3.5869713
SubNetW8CleanAuxExDnRcK8QdEma,minbias,0,test,88.82122,89.64920806884766,0.009321957829320215,0,15mm,2.9323046
SubNetW8CleanAuxExDnRcK8QdEma,minbias,0,test,24.808756,24.598430633544922,-0.008477863305669353,1,30mm,1.8363916
SubNetW8CleanAuxExDnRcK8QdEma,minbias,0,test,92.113594,91.18437957763672,-0.01008770189753383,1,30mm,4.1286926
SubNetW8CleanAuxExDnRcK8QdEma,minbias,0,test,73.04211,74.18864440917969,0.01569694295092594,1,30mm,4.056251
SubNetW8CleanAuxExDnRcK8QdEma,minbias,0,test,34.250988,35.13438415527344,0.025791844267722297,3,60mm,4.5873914
SubNetW8CleanAuxExDnRcK8QdEma,minbias,0,test,13.731672,14.263916015625,0.03876029936587333,3,60mm,1.9051391
SubNetW8CleanAuxExDnRcK8QdEma,minbias,0,test,12.548557,12.953874588012695,0.03229991284466571,3,60mm,1.6782521
SubNetW8CleanAuxExDnRcK8QdEma,minbias,0,test,15.622456,15.78005599975586,0.010088068540458073,4,120mm,3.6998653
SubNetW8CleanAuxExDnRcK8QdEma,minbias,0,test,26.968084,27.21824836730957,0.009276299676010513,3,60mm,3.2735152
SubNetW8CleanAuxExDnRcK8QdEma,minbias,0,test,8.040374,8.093170166015625,0.006566406628534915,3,60mm,1.111548
SubNetW8CleanAuxExDnRcK8QdEma,minbias,0,test,22.813576,23.331642150878906,0.02270868942462778,3,60mm,3.62458
SubNetW8CleanAuxExDnRcK8QdEma,minbias,0,test,20.645397,29.241430282592773,0.41636559562178377,3,60mm,4.771177
SubNetW8CleanAuxExDnRcK8QdEma,minbias,0,test,35.7957,32.12225341796875,-0.10262256773179845,2,40mm,3.7060907
SubNetW8CleanAuxExDnRcK8QdEma,minbias,0,test,90.64105,87.57415771484375,-0.03383560158727272,0,15mm,2.2879603
SubNetW8CleanAuxExDnRcK8QdEma,minbias,0,test,25.48918,25.763042449951172,0.01074427827503377,3,60mm,2.9905953
SubNetW8CleanAuxExDnRcK8QdEma,minbias,0,test,26.899652,26.766958236694336,-0.004932935266658278,2,40mm,4.5488076
SubNetW8CleanAuxExDnRcK8QdEma,minbias,0,test,34.251743,33.59049987792969,-0.019305395132961367,3,60mm,4.750473
SubNetW8CleanAuxExDnRcK8QdEma,minbias,0,test,21.839548,20.004928588867188,-0.08400446349775326,3,60mm,4.779181
SubNetW8CleanAuxExDnRcK8QdEma,minbias,0,test,32.23756,31.767314910888672,-0.014586878081260912,3,60mm,4.307332
SubNetW8CleanAuxExDnRcK8QdEma,minbias,0,test,12.257263,11.862893104553223,-0.03217439922220067,3,60mm,1.7643238
SubNetW8CleanAuxExDnRcK8QdEma,minbias,0,test,24.233135,26.88699722290039,0.10951377009402963,2,40mm,2.853845
SubNetW8CleanAuxExDnRcK8QdEma,minbias,0,test,6.197471,6.298852443695068,0.01635849519263588,4,120mm,1.3560219
SubNetW8CleanAuxExDnRcK8QdEma,minbias,0,test,23.640436,23.05368995666504,-0.024819601954012005,1,30mm,1.1856874
SubNetW8CleanAuxExDnRcK8QdEma,minbias,0,test,20.670647,19.70008087158203,-0.046953818693314164,3,60mm,3.4268134
SubNetW8CleanAuxExDnRcK8QdEma,minbias,0,test,10.907996,10.613783836364746,-0.026972171287590996,2,40mm,1.931621
SubNetW8CleanAuxExDnRcK8QdEma,minbias,0,test,10.266188,10.657515525817871,0.03811812823145799,3,60mm,1.2935948
SubNetW8CleanAuxExDnRcK8QdEma,minbias,0,test,43.57291,45.299400329589844,0.03962301366869614,2,40mm,4.050944
SubNetW8CleanAuxExDnRcK8QdEma,minbias,0,test,25.255682,25.315887451171875,0.002383838203807276,3,60mm,4.9134936
SubNetW8CleanAuxExDnRcK8QdEma,minbias,0,test,33.024616,33.4499397277832,0.012878983459442273,2,40mm,2.6452682
SubNetW8CleanAuxExDnRcK8QdEma,minbias,0,test,12.124985,11.53665542602539,-0.048522066439053435,3,60mm,2.428371
SubNetW8CleanAuxExDnRcK8QdEma,minbias,0,test,47.20536,50.101253509521484,0.061346700281754485,1,30mm,3.61213
SubNetW8CleanAuxExDnRcK8QdEma,minbias,0,test,35.65502,37.700706481933594,0.057374381469494695,2,40mm,3.588845
SubNetW8CleanAuxExDnRcK8QdEma,minbias,0,test,65.65022,63.44659423828125,-0.033566200490743325,1,30mm,3.4192789
SubNetW8CleanAuxExDnRcK8QdEma,minbias,0,test,27.162563,27.855266571044922,0.025502130959006664,3,60mm,4.3507924
SubNetW8CleanAuxExDnRcK8QdEma,minbias,0,test,23.961643,22.916784286499023,-0.04360547909614432,3,60mm,4.990651
SubNetW8CleanAuxExDnRcK8QdEma,minbias,0,test,41.379696,41.54413604736328,0.0039739333864887705,2,40mm,4.3977256
SubNetW8CleanAuxExDnRcK8QdEma,minbias,0,test,46.320267,43.82917404174805,-0.05377975685562708,0,15mm,2.3169692
SubNetW8CleanAuxExDnRcK8QdEma,minbias,0,test,4.768703,4.687170505523682,-0.01709741172988477,3,60mm,0.9309342
SubNetW8CleanAuxExDnRcK8QdEma,minbias,0,test,21.585669,21.887096405029297,0.013964257826668991,3,60mm,2.9504223
SubNetW8CleanAuxExDnRcK8QdEma,minbias,0,test,35.86495,35.18904113769531,-0.018845897389015986,3,60mm,4.704929
SubNetW8CleanAuxExDnRcK8QdEma,minbias,0,test,6.903681,6.994970321655273,0.013223311287113626,2,40mm,0.76572514
SubNetW8CleanAuxExDnRcK8QdEma,minbias,0,test,94.88317,92.5792236328125,-0.02428193980522053,0,15mm,2.3095324
SubNetW8CleanAuxExDnRcK8QdEma,minbias,0,test,55.27866,55.975460052490234,0.01260523019544113,2,40mm,4.5777507
SubNetW8CleanAuxExDnRcK8QdEma,minbias,0,test,9.303563,9.321183204650879,0.0018939073607042722,3,60mm,1.9486173
SubNetW8CleanAuxExDnRcK8QdEma,minbias,0,test,7.238344,6.73275899887085,-0.06984818353312816,3,60mm,1.5075525
SubNetW8CleanAuxExDnRcK8QdEma,minbias,0,test,63.96843,63.56126403808594,-0.006365101193039013,1,30mm,3.014026
SubNetW8CleanAuxExDnRcK8QdEma,minbias,0,test,19.590582,19.919696807861328,0.016799649735904865,1,30mm,1.1295906
SubNetW8CleanAuxExDnRcK8QdEma,minbias,0,test,12.464596,12.538591384887695,0.005936461272298743,3,60mm,2.234448
SubNetW8CleanAuxExDnRcK8QdEma,minbias,0,test,17.08418,17.19022560119629,0.006207190753275249,4,120mm,3.6780365
SubNetW8CleanAuxExDnRcK8QdEma,minbias,0,test,4.1956277,4.2587738037109375,0.015050457053059851,3,60mm,0.605733
SubNetW8CleanAuxExDnRcK8QdEma,minbias,0,test,22.015583,21.1164493560791,-0.04084078448822115,3,60mm,2.4651241
SubNetW8CleanAuxExDnRcK8QdEma,minbias,0,test,9.242807,10.143784523010254,0.09747873095836002,2,40mm,1.2192599
SubNetW8CleanAuxExDnRcK8QdEma,minbias,0,test,16.622513,25.59234619140625,0.5396195793360035,1,30mm,0.9314682
SubNetW8CleanAuxExDnRcK8QdEma,minbias,0,test,16.59956,19.612735748291016,0.18152143813304678,3,60mm,3.8304338
SubNetW8CleanAuxExDnRcK8QdEma,minbias,0,test,73.4631,68.3815689086914,-0.06917116135655432,0,15mm,1.6815777
SubNetW8CleanAuxExDnRcK8QdEma,minbias,0,test,10.498335,9.955493927001953,-0.05170733869764832,3,60mm,1.510493
SubNetW8CleanAuxExDnRcK8QdEma,minbias,0,test,48.036076,47.041011810302734,-0.0207149266353297,2,40mm,4.7879705
SubNetW8CleanAuxExDnRcK8QdEma,minbias,0,test,36.636295,33.71428680419922,-0.07975720495190275,2,40mm,4.0598335
SubNetW8CleanAuxExDnRcK8QdEma,minbias,0,test,12.264027,12.571112632751465,0.025039573043486696,4,120mm,2.904736
SubNetW8CleanAuxExDnRcK8QdEma,minbias,0,test,50.848698,50.39954376220703,-0.008833144619139754,2,40mm,4.969721
SubNetW8CleanAuxExDnRcK8QdEma,minbias,0,test,19.097595,20.340341567993164,0.06507344716278629,4,120mm,4.042758
SubNetW8CleanAuxExDnRcK8QdEma,minbias,0,test,15.75882,14.910219192504883,-0.05384923555099397,3,60mm,3.2487383
SubNetW8CleanAuxExDnRcK8QdEma,minbias,0,test,90.91737,100.311767578125,0.10332891880837702,1,30mm,4.600079
SubNetW8CleanAuxExDnRcK8QdEma,minbias,0,test,4.647296,5.213255882263184,0.12178263150971569,4,120mm,1.1144357
SubNetW8CleanAuxExDnRcK8QdEma,minbias,0,test,10.900053,11.36928939819336,0.043048999198042504,2,40mm,1.0345044
SubNetW8CleanAuxExDnRcK8QdEma,minbias,0,test,39.18855,38.510215759277344,-0.017309476851211425,3,60mm,4.1944575
SubNetW8CleanAuxExDnRcK8QdEma,minbias,0,test,76.61918,74.05938720703125,-0.03340927958206963,0,15mm,2.1990256
SubNetW8CleanAuxExDnRcK8QdEma,minbias,0,test,38.465935,34.8376350402832,-0.09432501085424339,1,30mm,3.1020863
SubNetW8CleanAuxExDnRcK8QdEma,minbias,0,test,2.3936672,2.6425695419311523,0.103983677710481,3,60mm,0.5765629
SubNetW8CleanAuxExDnRcK8QdEma,minbias,0,test,21.995785,21.235612869262695,-0.03455988947744759,2,40mm,1.5749993
SubNetW8CleanAuxExDnRcK8QdEma,minbias,0,test,19.420938,19.158296585083008,-0.013523646493648456,3,60mm,4.2491975
SubNetW8CleanAuxExDnRcK8QdEma,minbias,0,test,26.348999,27.294628143310547,0.03588861645301611,1,30mm,1.2165234
SubNetW8CleanAuxExDnRcK8QdEma,minbias,0,test,55.74263,54.06669616699219,-0.0300655680893388,2,40mm,4.207826
SubNetW8CleanAuxExDnRcK8QdEma,minbias,0,test,32.786346,34.59989547729492,0.055314154790416126,3,60mm,4.613786
SubNetW8CleanAuxExDnRcK8QdEma,minbias,0,test,31.560987,31.3262939453125,-0.007436190880463434,3,60mm,4.337635
SubNetW8CleanAuxExDnRcK8QdEma,minbias,0,test,83.97835,85.75482177734375,0.021153952727348768,1,30mm,4.420227
SubNetW8CleanAuxExDnRcK8QdEma,minbias,0,test,8.672006,8.319559097290039,-0.040641873423350905,2,40mm,0.86271703
SubNetW8CleanAuxExDnRcK8QdEma,minbias,0,test,29.061357,27.594642639160156,-0.05046959210701707,2,40mm,3.9724803
SubNetW8CleanAuxExDnRcK8QdEma,minbias,0,test,27.20649,27.40335464477539,0.007235960425226118,2,40mm,2.1353264
SubNetW8CleanAuxExDnRcK8QdEma,minbias,0,test,13.924314,13.420320510864258,-0.03619517994375754,1,30mm,0.96676177
SubNetW8CleanAuxExDnRcK8QdEma,minbias,0,test,23.667841,23.463594436645508,-0.008629706501815493,2,40mm,3.403786
SubNetW8CleanAuxExDnRcK8QdEma,minbias,0,test,12.040303,11.746994972229004,-0.02436053747540723,4,120mm,2.6789594
SubNetW8CleanAuxExDnRcK8QdEma,minbias,0,test,41.39178,40.45436477661133,-0.02264739659265147,2,40mm,4.911139
SubNetW8CleanAuxExDnRcK8QdEma,minbias,0,test,14.354658,0.8098250031471252,-0.943584514797086,4,120mm,3.4547672
SubNetW8CleanAuxExDnRcK8QdEma,minbias,0,test,29.441021,31.169551849365234,0.058711648818501994,2,40mm,3.866087
SubNetW8CleanAuxExDnRcK8QdEma,minbias,0,test,30.690472,31.05678367614746,0.011935692327082359,2,40mm,4.32667
SubNetW8CleanAuxExDnRcK8QdEma,minbias,0,test,37.837566,39.47140121459961,0.04318023053182052,2,40mm,4.603086
SubNetW8CleanAuxExDnRcK8QdEma,minbias,0,test,22.971483,22.280643463134766,-0.03007379891499873,2,40mm,2.7680721
SubNetW8CleanAuxExDnRcK8QdEma,minbias,0,test,20.105665,17.907875061035156,-0.10931198362533001,2,40mm,3.2159173
SubNetW8CleanAuxExDnRcK8QdEma,minbias,0,test,7.245289,8.504965782165527,0.17386152016338574,3,60mm,1.5081724
SubNetW8CleanAuxExDnRcK8QdEma,minbias,0,test,7.8343134,7.624404430389404,-0.02679353655254313,2,40mm,0.72952414
SubNetW8CleanAuxExDnRcK8QdEma,minbias,0,test,63.854046,61.11525344848633,-0.04289144692724245,1,30mm,2.8724616
SubNetW8CleanAuxExDnRcK8QdEma,minbias,0,test,15.003761,13.37773323059082,-0.10837469547278433,1,30mm,0.56807446
SubNetW8CleanAuxExDnRcK8QdEma,minbias,0,test,5.007038,5.316921234130859,0.061889506424443796,3,60mm,0.6198617
SubNetW8CleanAuxExDnRcK8QdEma,minbias,0,test,15.346405,17.213470458984375,0.12166142012563852,3,60mm,2.748678
SubNetW8CleanAuxExDnRcK8QdEma,minbias,0,test,53.93178,52.003231048583984,-0.035759076688442915,0,15mm,2.4606018
SubNetW8CleanAuxExDnRcK8QdEma,minbias,0,test,19.921392,19.943294525146484,0.0010994253747913518,2,40mm,1.8897203
SubNetW8CleanAuxExDnRcK8QdEma,minbias,0,test,17.508081,17.934728622436523,0.02436858589189539,2,40mm,1.5769429
SubNetW8CleanAuxExDnRcK8QdEma,minbias,0,test,42.182686,43.726158142089844,0.03659018525877067,2,40mm,3.0523834
SubNetW8CleanAuxExDnRcK8QdEma,minbias,0,test,12.472814,20.238983154296875,0.6226477676324385,1,30mm,0.6989778
SubNetW8CleanAuxExDnRcK8QdEma,minbias,0,test,28.263187,23.50554847717285,-0.16833341768991195,0,15mm,0.63840896
SubNetW8CleanAuxExDnRcK8QdEma,minbias,0,test,27.595642,27.57256507873535,-0.0008362556317140779,2,40mm,2.5590694
SubNetW8CleanAuxExDnRcK8QdEma,minbias,0,test,5.223891,7.391381740570068,0.4149188889790534,2,40mm,0.5624989
SubNetW8CleanAuxExDnRcK8QdEma,minbias,0,test,3.1183548,3.3653452396392822,0.07920536896085184,4,120mm,0.7233752
SubNetW8CleanAuxExDnRcK8QdEma,minbias,0,test,65.37473,62.82042694091797,-0.03907176234890386,1,30mm,3.628872
SubNetW8CleanAuxExDnRcK8QdEma,minbias,0,test,68.12247,68.48030853271484,0.00525291445307996,0,15mm,2.0443172
SubNetW8CleanAuxExDnRcK8QdEma,minbias,0,test,74.36096,85.15205383300781,0.1451177021004162,1,30mm,4.692074
SubNetW8CleanAuxExDnRcK8QdEma,minbias,0,test,29.069622,29.361875534057617,0.010053570488897767,2,40mm,2.2588003
SubNetW8CleanAuxExDnRcK8QdEma,minbias,0,test,51.133472,48.76259994506836,-0.046366350343579166,1,30mm,3.1027932
SubNetW8CleanAuxExDnRcK8QdEma,minbias,0,test,16.427443,16.405132293701172,-0.001358108962439375,4,120mm,3.7828624
SubNetW8CleanAuxExDnRcK8QdEma,minbias,0,test,70.9656,78.16558837890625,0.1014574584617296,0,15mm,2.6279411
SubNetW8CleanAuxExDnRcK8QdEma,minbias,0,test,12.17829,12.51206111907959,0.02740702856404953,3,60mm,2.1674848
SubNetW8CleanAuxExDnRcK8QdEma,minbias,0,test,5.0255194,5.245639324188232,0.0438004387017783,3,60mm,1.1980784
SubNetW8CleanAuxExDnRcK8QdEma,minbias,0,test,16.621326,23.210988998413086,0.3964582834635513,1,30mm,1.7121716
SubNetW8CleanAuxExDnRcK8QdEma,minbias,0,test,75.45724,74.9241943359375,-0.007064172068659835,0,15mm,3.396524
SubNetW8CleanAuxExDnRcK8QdEma,minbias,0,test,83.540184,80.93800354003906,-0.031148847844326366,1,30mm,3.8269067
SubNetW8CleanAuxExDnRcK8QdEma,minbias,0,test,10.675101,11.24351978302002,0.05324712973555101,1,30mm,0.97913134
SubNetW8CleanAuxExDnRcK8QdEma,minbias,0,test,17.322525,16.153411865234375,-0.06749092049409422,3,60mm,2.122639
SubNetW8CleanAuxExDnRcK8QdEma,minbias,0,test,41.081085,55.84447479248047,0.3593719473013679,2,40mm,3.954679
SubNetW8CleanAuxExDnRcK8QdEma,minbias,0,test,34.695183,34.24282455444336,-0.013038070687028891,2,40mm,2.50231
SubNetW8CleanAuxExDnRcK8QdEma,minbias,0,test,25.766914,25.751556396484375,-0.0005960345492773689,2,40mm,2.3272815
SubNetW8CleanAuxExDnRcK8QdEma,minbias,0,test,27.365332,26.606985092163086,-0.027711944708818326,2,40mm,3.783688
SubNetW8CleanAuxExDnRcK8QdEma,minbias,0,test,10.932356,11.559687614440918,0.05738303258211386,2,40mm,1.2739042
SubNetW8CleanAuxExDnRcK8QdEma,minbias,0,test,52.023487,54.52748489379883,0.04813206385706614,1,30mm,2.1071837
SubNetW8CleanAuxExDnRcK8QdEma,minbias,0,test,29.550514,27.240468978881836,-0.07817275953367264,1,30mm,2.1925538
SubNetW8CleanAuxExDnRcK8QdEma,minbias,0,test,10.500828,9.920235633850098,-0.05529013208347067,2,40mm,1.0342475
SubNetW8CleanAuxExDnRcK8QdEma,minbias,0,test,12.114241,12.14333438873291,0.0024016150264722924,3,60mm,2.260365
SubNetW8CleanAuxExDnRcK8QdEma,minbias,0,test,45.250027,46.00029373168945,0.01658047704004617,1,30mm,4.1977167
SubNetW8CleanAuxExDnRcK8QdEma,minbias,0,test,11.372698,11.090446472167969,-0.024818329146379714,1,30mm,0.50423336
SubNetW8CleanAuxExDnRcK8QdEma,minbias,0,test,6.930298,6.685809135437012,-0.035278240757049995,4,120mm,1.5509412
SubNetW8CleanAuxExDnRcK8QdEma,minbias,0,test,27.356943,25.25941276550293,-0.07667268798947946,1,30mm,2.6856525
SubNetW8CleanAuxExDnRcK8QdEma,minbias,0,test,13.275758,18.253236770629883,0.37492993318339285,0,15mm,0.55635023
SubNetW8CleanAuxExDnRcK8QdEma,minbias,0,test,18.327808,17.737634658813477,-0.032200998017493876,2,40mm,2.2647004
SubNetW8CleanAuxExDnRcK8QdEma,minbias,0,test,7.6092725,7.199985980987549,-0.053787862124612285,3,60mm,1.195562
SubNetW8CleanAuxExDnRcK8QdEma,minbias,0,test,51.97735,52.21254348754883,0.004524954955946736,1,30mm,3.5679429
SubNetW8CleanAuxExDnRcK8QdEma,minbias,0,test,18.470673,18.037609100341797,-0.023446006341212744,3,60mm,1.8231399
SubNetW8CleanAuxExDnRcK8QdEma,minbias,0,test,24.909178,23.844703674316406,-0.0427342128764755,1,30mm,1.6265355
SubNetW8CleanAuxExDnRcK8QdEma,minbias,0,test,29.066072,28.52800750732422,-0.01851178749147009,3,60mm,4.045806
SubNetW8CleanAuxExDnRcK8QdEma,minbias,0,test,32.34544,31.61119270324707,-0.022700176892459734,1,30mm,2.9598494
SubNetW8CleanAuxExDnRcK8QdEma,minbias,0,test,57.926678,57.133277893066406,-0.013696622044287898,1,30mm,4.051843
SubNetW8CleanAuxExDnRcK8QdEma,minbias,0,test,17.821232,16.934627532958984,-0.04974988917379408,3,60mm,3.354275
SubNetW8CleanAuxExDnRcK8QdEma,minbias,0,test,68.087654,67.263916015625,-0.012098200604299336,0,15mm,1.7717528
SubNetW8CleanAuxExDnRcK8QdEma,minbias,0,test,42.133526,40.76670455932617,-0.032440230470642484,3,60mm,4.5276294
SubNetW8CleanAuxExDnRcK8QdEma,minbias,0,test,7.6354537,7.692383289337158,0.007455953574870167,3,60mm,0.97790986
SubNetW8CleanAuxExDnRcK8QdEma,minbias,0,test,23.622604,23.280475616455078,-0.0144831089875469,3,60mm,4.905913
SubNetW8CleanAuxExDnRcK8QdEma,minbias,0,test,10.034101,10.27746295928955,0.024253536823634736,2,40mm,0.65399206
SubNetW8CleanAuxExDnRcK8QdEma,minbias,0,test,12.157542,12.62626838684082,0.038554351638247164,3,60mm,2.502529
SubNetW8CleanAuxExDnRcK8QdEma,minbias,0,test,3.5971022,3.566859245300293,-0.008407578804481064,4,120mm,0.7431707
SubNetW8CleanAuxExDnRcK8QdEma,minbias,0,test,37.052326,35.85552215576172,-0.03230037542294928,2,40mm,3.6952977
SubNetW8CleanAuxExDnRcK8QdEma,minbias,0,test,6.1364236,6.202197074890137,0.010718537622115942,3,60mm,1.0991658
SubNetW8CleanAuxExDnRcK8QdEma,minbias,0,test,15.278693,14.80964469909668,-0.03069951689892514,3,60mm,2.7612057
SubNetW8CleanAuxExDnRcK8QdEma,minbias,0,test,54.07806,53.877830505371094,-0.003702604054573344,0,15mm,2.0007071
SubNetW8CleanAuxExDnRcK8QdEma,minbias,0,test,35.942593,36.57343292236328,0.01755132992681596,1,30mm,1.7588133
SubNetW8CleanAuxExDnRcK8QdEma,minbias,0,test,24.122053,23.66603660583496,-0.018904549200701504,2,40mm,2.8851628
SubNetW8CleanAuxExDnRcK8QdEma,minbias,0,test,5.0851984,4.609304904937744,-0.09358405706294404,4,120mm,1.0325762
SubNetW8CleanAuxExDnRcK8QdEma,minbias,0,test,5.347076,5.521147727966309,0.032554575765869176,3,60mm,0.67551786
SubNetW8CleanAuxExDnRcK8QdEma,minbias,0,test,12.572708,12.112489700317383,-0.036604558446050484,3,60mm,2.188417
SubNetW8CleanAuxExDnRcK8QdEma,minbias,0,test,31.377737,30.534286499023438,-0.026880540972323175,2,40mm,2.9391024
SubNetW8CleanAuxExDnRcK8QdEma,minbias,0,test,40.964733,42.00890350341797,0.025489495476111124,3,60mm,3.9730136
SubNetW8CleanAuxExDnRcK8QdEma,minbias,0,test,7.49749,7.517660617828369,0.0026903255382304536,3,60mm,1.0513461
SubNetW8CleanAuxExDnRcK8QdEma,minbias,0,test,5.3500395,5.1812825202941895,-0.03154312456695041,3,60mm,1.0673894
SubNetW8CleanAuxExDnRcK8QdEma,minbias,0,test,6.2177043,5.689082622528076,-0.08501878642162708,3,60mm,1.3771371
SubNetW8CleanAuxExDnRcK8QdEma,minbias,0,test,78.509186,80.82608032226562,0.029511126728754666,1,30mm,4.8477855
SubNetW8CleanAuxExDnRcK8QdEma,minbias,0,test,11.065224,11.137479782104492,0.00653001604450254,3,60mm,1.9105486
SubNetW8CleanAuxExDnRcK8QdEma,minbias,0,test,17.133541,16.6702938079834,-0.027037452228732106,3,60mm,2.9690478
SubNetW8CleanAuxExDnRcK8QdEma,minbias,0,test,56.82696,58.78848648071289,0.0345175056171283,1,30mm,4.107674
SubNetW8CleanAuxExDnRcK8QdEma,minbias,0,test,4.554549,4.42571496963501,-0.028286937179621163,3,60mm,0.92788905
SubNetW8CleanAuxExDnRcK8QdEma,minbias,0,test,14.231735,14.187555313110352,-0.003104323940083087,2,40mm,2.7336354
SubNetW8CleanAuxExDnRcK8QdEma,minbias,0,test,14.561092,14.941756248474121,0.026142535320634597,2,40mm,1.8560114
SubNetW8CleanAuxExDnRcK8QdEma,minbias,0,test,28.757252,28.84120750427246,0.0029194641244241204,0,15mm,0.6622699
SubNetW8CleanAuxExDnRcK8QdEma,minbias,0,test,49.752563,49.321353912353516,-0.00866708233862401,2,40mm,4.27031
SubNetW8CleanAuxExDnRcK8QdEma,minbias,0,test,7.902881,7.846285343170166,-0.007161413826844432,2,40mm,1.1101849
SubNetW8CleanAuxExDnRcK8QdEma,minbias,0,test,21.79845,21.923654556274414,0.005743714970758651,1,30mm,1.1013972
SubNetW8CleanAuxExDnRcK8QdEma,minbias,0,test,28.9012,28.033193588256836,-0.030033554743781776,2,40mm,2.822815
SubNetW8CleanAuxExDnRcK8QdEma,minbias,0,test,36.49834,37.342613220214844,0.02313180817241456,2,40mm,3.718506
SubNetW8CleanAuxExDnRcK8QdEma,minbias,0,test,18.871603,18.844646453857422,-0.0014284191019849901,2,40mm,2.4441915
SubNetW8CleanAuxExDnRcK8QdEma,minbias,0,test,19.659388,19.615333557128906,-0.0022408648882754623,3,60mm,4.4112315
SubNetW8CleanAuxExDnRcK8QdEma,minbias,0,test,93.660515,91.13603973388672,-0.026953461682297508,0,15mm,2.1106768
SubNetW8CleanAuxExDnRcK8QdEma,minbias,0,test,48.138264,42.866188049316406,-0.10951943937301045,1,30mm,2.9050784
SubNetW8CleanAuxExDnRcK8QdEma,minbias,0,test,19.828602,19.90586280822754,0.0038964406922807893,3,60mm,2.9553819
SubNetW8CleanAuxExDnRcK8QdEma,minbias,0,test,53.66044,53.14554977416992,-0.00959531411706549,2,40mm,4.9717236
SubNetW8CleanAuxExDnRcK8QdEma,minbias,0,test,21.506952,21.503124237060547,-0.00017799122140560453,1,30mm,1.2543354
SubNetW8CleanAuxExDnRcK8QdEma,minbias,0,test,46.546444,47.94507598876953,0.030048096722215867,2,40mm,4.1849203
SubNetW8CleanAuxExDnRcK8QdEma,minbias,0,test,64.602066,64.53340148925781,-0.0010628847495169902,1,30mm,3.648275
SubNetW8CleanAuxExDnRcK8QdEma,minbias,0,test,30.885237,29.52522850036621,-0.04403425012377449,2,40mm,3.4410992
SubNetW8CleanAuxExDnRcK8QdEma,minbias,0,test,87.11202,89.52721405029297,0.027725124315255645,0,15mm,2.0131538
SubNetW8CleanAuxExDnRcK8QdEma,minbias,0,test,6.870506,6.913665771484375,0.006281919103973133,3,60mm,1.2852808
SubNetW8CleanAuxExDnRcK8QdEma,minbias,0,test,31.147892,31.275362014770508,0.004092412304707027,3,60mm,4.4899817
SubNetW8CleanAuxExDnRcK8QdEma,minbias,0,test,4.8368635,4.797607421875,-0.008116023067857858,4,120mm,1.0544603
SubNetW8CleanAuxExDnRcK8QdEma,minbias,0,test,57.565655,60.647544860839844,0.053536959135392026,1,30mm,2.7906632
SubNetW8CleanAuxExDnRcK8QdEma,minbias,0,test,20.763504,21.233802795410156,0.022650260112569764,2,40mm,1.5723195
SubNetW8CleanAuxExDnRcK8QdEma,minbias,0,test,26.247095,25.849044799804688,-0.015165499518677295,3,60mm,3.6367254
SubNetW8CleanAuxExDnRcK8QdEma,minbias,0,test,12.220876,12.476110458374023,0.020885141437636756,4,120mm,2.5688276
SubNetW8CleanAuxExDnRcK8QdEma,minbias,0,test,9.966417,10.065619468688965,0.00995364261350562,4,120mm,2.1965344
SubNetW8CleanAuxExDnRcK8QdEma,minbias,0,test,15.8304615,16.183137893676758,0.02227833923574063,3,60mm,2.7467945
SubNetW8CleanAuxExDnRcK8QdEma,minbias,0,test,2.9164221,2.7007412910461426,-0.07395391617366431,3,60mm,0.52137345
SubNetW8CleanAuxExDnRcK8QdEma,minbias,0,test,53.66927,55.075401306152344,0.026199941900950652,1,30mm,2.895417
SubNetW8CleanAuxExDnRcK8QdEma,minbias,0,test,26.403156,25.638904571533203,-0.02894546776395457,3,60mm,4.718724
SubNetW8CleanAuxExDnRcK8QdEma,minbias,0,test,19.25446,21.38723373413086,0.11076781283822834,2,40mm,1.8336343
SubNetW8CleanAuxExDnRcK8QdEma,minbias,0,test,13.032226,13.099044799804688,0.005127227918288346,3,60mm,3.0838735
SubNetW8CleanAuxExDnRcK8QdEma,minbias,0,test,25.335371,24.788074493408203,-0.021602072599243405,3,60mm,3.2725854
SubNetW8CleanAuxExDnRcK8QdEma,minbias,0,test,49.489777,52.43846130371094,0.059581693316996365,2,40mm,3.6983094
SubNetW8CleanAuxExDnRcK8QdEma,minbias,0,test,3.5692606,3.875904083251953,0.08591232768518275,3,60mm,0.7410303
SubNetW8CleanAuxExDnRcK8QdEma,minbias,0,test,33.27221,30.989852905273438,-0.06859647493553733,1,30mm,1.7968236
SubNetW8CleanAuxExDnRcK8QdEma,minbias,0,test,77.56508,80.43575286865234,0.03700987841571579,0,15mm,2.6381328
SubNetW8CleanAuxExDnRcK8QdEma,minbias,0,test,13.730487,13.727391242980957,-0.0002254564503361145,2,40mm,1.2282648
SubNetW8CleanAuxExDnRcK8QdEma,minbias,0,test,16.194014,16.43925666809082,0.015144057466808913,3,60mm,2.8252933
SubNetW8CleanAuxExDnRcK8QdEma,minbias,0,test,6.5276027,6.395586967468262,-0.020224224992010265,2,40mm,0.94508874
SubNetW8CleanAuxExDnRcK8QdEma,minbias,0,test,69.847115,69.5444564819336,-0.004333150810141961,1,30mm,4.7855673
SubNetW8CleanAuxExDnRcK8QdEma,minbias,0,test,90.49293,90.42915344238281,-0.0007047413605951736,1,30mm,3.333471
SubNetW8CleanAuxExDnRcK8QdEma,minbias,0,test,57.96491,58.329071044921875,0.0062824638883201,1,30mm,3.413769
SubNetW8CleanAuxExDnRcK8QdEma,minbias,0,test,35.873417,38.59850311279297,0.07596394343216262,2,40mm,4.188555
SubNetW8CleanAuxExDnRcK8QdEma,minbias,0,test,15.732443,16.188329696655273,0.028977498599413565,3,60mm,2.9782732
SubNetW8CleanAuxExDnRcK8QdEma,minbias,0,test,5.556386,5.136305332183838,-0.07560321803246073,3,60mm,0.7700494
SubNetW8CleanAuxExDnRcK8QdEma,minbias,0,test,99.93616,99.3508529663086,-0.005856781734432492,1,30mm,4.3424435
SubNetW8CleanAuxExDnRcK8QdEma,minbias,0,test,3.3152595,3.3846945762634277,0.02094409820321963,4,120mm,0.75427693
SubNetW8CleanAuxExDnRcK8QdEma,minbias,0,test,43.913216,41.87540817260742,-0.04640533459073315,2,40mm,3.9857512
SubNetW8CleanAuxExDnRcK8QdEma,minbias,0,test,5.086838,5.27894926071167,0.037766388648082794,3,60mm,0.6656208
SubNetW8CleanAuxExDnRcK8QdEma,minbias,0,test,11.661375,11.944157600402832,0.024249503469051525,1,30mm,1.0367092
SubNetW8CleanAuxExDnRcK8QdEma,minbias,0,test,53.32857,53.02505111694336,-0.0056915119817821935,0,15mm,1.2534711
SubNetW8CleanAuxExDnRcK8QdEma,minbias,0,test,56.07019,58.29875946044922,0.0397460578193749,1,30mm,2.8978424
SubNetW8CleanAuxExDnRcK8QdEma,minbias,0,test,23.081915,23.924667358398438,0.03651137525863368,1,30mm,1.2293109
SubNetW8CleanAuxExDnRcK8QdEma,minbias,0,test,55.4198,54.42448043823242,-0.01795963482298424,2,40mm,4.1417327
SubNetW8CleanAuxExDnRcK8QdEma,minbias,0,test,18.054026,18.965408325195312,0.05048085633852328,3,60mm,2.597412
SubNetW8CleanAuxExDnRcK8QdEma,minbias,0,test,29.599785,29.604448318481445,0.0001575507197328907,3,60mm,4.331924
SubNetW8CleanAuxExDnRcK8QdEma,minbias,0,test,39.904423,42.770328521728516,0.07181925118813703,1,30mm,2.3258328
SubNetW8CleanAuxExDnRcK8QdEma,minbias,0,test,74.95172,74.64468383789062,-0.0040964683483589726,2,40mm,4.7202005
SubNetW8CleanAuxExDnRcK8QdEma,minbias,0,test,18.052872,17.87580680847168,-0.009808129062904403,3,60mm,3.2784014
SubNetW8CleanAuxExDnRcK8QdEma,minbias,0,test,25.001892,25.302352905273438,0.012017523087852311,2,40mm,4.6815534
SubNetW8CleanAuxExDnRcK8QdEma,minbias,0,test,21.661133,21.826147079467773,0.007617988791082553,3,60mm,3.0551255
SubNetW8CleanAuxExDnRcK8QdEma,minbias,0,test,6.2540812,6.380722522735596,0.02024938091649897,2,40mm,0.61406016
SubNetW8CleanAuxExDnRcK8QdEma,minbias,0,test,40.267105,40.973087310791016,0.01753247983569195,2,40mm,3.9855564
SubNetW8CleanAuxExDnRcK8QdEma,minbias,0,test,29.304825,27.984710693359375,-0.04504767195984838,3,60mm,3.0873442
SubNetW8CleanAuxExDnRcK8QdEma,minbias,0,test,13.441502,13.37464427947998,-0.004973948585101251,3,60mm,2.0299647
SubNetW8CleanAuxExDnRcK8QdEma,minbias,0,test,66.27429,66.25999450683594,-0.00021573199685409605,2,40mm,4.52239
SubNetW8CleanAuxExDnRcK8QdEma,minbias,0,test,59.177116,50.27259826660156,-0.1504723222427542,1,30mm,4.640079
SubNetW8CleanAuxExDnRcK8QdEma,minbias,0,test,62.28209,61.45280456542969,-0.013314978321633641,0,15mm,1.5819978
SubNetW8CleanAuxExDnRcK8QdEma,minbias,0,test,43.387295,43.67681121826172,0.006672839376460793,2,40mm,4.915672
SubNetW8CleanAuxExDnRcK8QdEma,minbias,0,test,20.82299,20.366744995117188,-0.021910658037871067,4,120mm,4.287463
SubNetW8CleanAuxExDnRcK8QdEma,minbias,0,test,13.607687,14.262286186218262,0.0481051033822717,1,30mm,0.91220105
SubNetW8CleanAuxExDnRcK8QdEma,minbias,0,test,87.295555,87.01036834716797,-0.0032669105225719974,1,30mm,4.401689
SubNetW8CleanAuxExDnRcK8QdEma,minbias,0,test,12.622496,12.504376411437988,-0.009357835650787294,3,60mm,2.0381603
SubNetW8CleanAuxExDnRcK8QdEma,minbias,0,test,4.8959584,4.806480884552002,-0.01827579634478227,4,120mm,1.0544751
SubNetW8CleanAuxExDnRcK8QdEma,minbias,0,test,60.433853,59.449562072753906,-0.016287081252731594,0,15mm,1.4210985
SubNetW8CleanAuxExDnRcK8QdEma,minbias,0,test,23.32534,23.34123420715332,0.0006814021134340376,2,40mm,1.8363205
SubNetW8CleanAuxExDnRcK8QdEma,minbias,0,test,39.417057,39.158782958984375,-0.0065523430154713624,2,40mm,4.1330748
SubNetW8CleanAuxExDnRcK8QdEma,minbias,0,test,56.23653,54.591312408447266,-0.02925532365911465,2,40mm,3.962442
SubNetW8CleanAuxExDnRcK8QdEma,minbias,0,test,4.800713,4.80486536026001,0.0008649335879398201,3,60mm,0.6927459
SubNetW8CleanAuxExDnRcK8QdEma,minbias,0,test,55.33934,53.08587646484375,-0.0407208278336425,2,40mm,4.573649
SubNetW8CleanAuxExDnRcK8QdEma,minbias,0,test,50.30793,53.47548294067383,0.06296329323148853,1,30mm,3.0255947
SubNetW8CleanAuxExDnRcK8QdEma,minbias,0,test,20.66704,20.55816078186035,-0.0052682478978091085,2,40mm,2.363793
SubNetW8CleanAuxExDnRcK8QdEma,minbias,0,test,25.323496,24.550790786743164,-0.03051336522604653,2,40mm,2.3894744
SubNetW8CleanAuxExDnRcK8QdEma,minbias,0,test,35.77518,36.46820831298828,0.019371739863166315,2,40mm,3.9239836
SubNetW8CleanAuxExDnRcK8QdEma,minbias,0,test,23.810272,23.987489700317383,0.007442900354389437,2,40mm,3.0590875
SubNetW8CleanAuxExDnRcK8QdEma,minbias,0,test,33.181404,32.10997772216797,-0.032289965425451816,2,40mm,3.3542418
SubNetW8CleanAuxExDnRcK8QdEma,minbias,0,test,31.152124,21.910558700561523,-0.29665924494349827,1,30mm,2.3431451
SubNetW8CleanAuxExDnRcK8QdEma,minbias,0,test,37.614902,39.58307647705078,0.05232431430347351,2,40mm,3.4944637
SubNetW8CleanAuxExDnRcK8QdEma,minbias,0,test,34.821045,34.17404556274414,-0.01858069913130056,3,60mm,4.025016
SubNetW8CleanAuxExDnRcK8QdEma,minbias,0,test,17.911785,18.539670944213867,0.0350543407077506,0,15mm,0.82348275
SubNetW8CleanAuxExDnRcK8QdEma,minbias,0,test,14.144003,14.248287200927734,0.0073730390986161964,4,120mm,2.9039443
SubNetW8CleanAuxExDnRcK8QdEma,minbias,0,test,7.389634,6.664597034454346,-0.09811542560049291,2,40mm,0.93826306
SubNetW8CleanAuxExDnRcK8QdEma,minbias,0,test,35.359234,34.28515625,-0.030376156071967753,3,60mm,4.986349
SubNetW8CleanAuxExDnRcK8QdEma,minbias,0,test,92.1788,93.17839050292969,0.010844011699991496,1,30mm,4.823133
SubNetW8CleanAuxExDnRcK8QdEma,minbias,0,test,18.571413,18.222572326660156,-0.01878374643580427,3,60mm,4.070032
SubNetW8CleanAuxExDnRcK8QdEma,minbias,0,test,7.1585402,7.253913879394531,0.013323055708002185,2,40mm,0.65875727
SubNetW8CleanAuxExDnRcK8QdEma,minbias,0,test,11.447963,11.761393547058105,0.027378739141485475,3,60mm,1.9670439
SubNetW8CleanAuxExDnRcK8QdEma,minbias,0,test,35.535854,34.61628341674805,-0.02587727071547663,2,40mm,4.3708262
SubNetW8CleanAuxExDnRcK8QdEma,minbias,0,test,19.505577,19.954010009765625,0.022989984882472392,3,60mm,3.759907
SubNetW8CleanAuxExDnRcK8QdEma,minbias,0,test,25.584469,25.337862014770508,-0.009638926972042605,3,60mm,3.4488654
SubNetW8CleanAuxExDnRcK8QdEma,minbias,0,test,61.408585,61.50107955932617,0.0015062220569004303,1,30mm,3.4313579
SubNetW8CleanAuxExDnRcK8QdEma,minbias,0,test,6.531914,6.703563690185547,0.02627858386848647,2,40mm,0.91975015
SubNetW8CleanAuxExDnRcK8QdEma,minbias,0,test,19.652258,24.157958984375,0.2292714192721792,2,40mm,2.6667745
SubNetW8CleanAuxExDnRcK8QdEma,minbias,0,test,27.96495,28.489822387695312,0.01876891664861513,2,40mm,2.8244536
SubNetW8CleanAuxExDnRcK8QdEma,minbias,0,test,77.85117,73.36079406738281,-0.05767901930487018,1,30mm,4.8643875
SubNetW8CleanAuxExDnRcK8QdEma,minbias,0,test,24.806402,24.646732330322266,-0.006436639814592082,3,60mm,4.040854
SubNetW8CleanAuxExDnRcK8QdEma,minbias,0,test,36.758984,35.66511917114258,-0.02975774445948154,1,30mm,2.2453613
SubNetW8CleanAuxExDnRcK8QdEma,minbias,0,test,47.249672,52.2801399230957,0.10646567015048491,0,15mm,1.2502892
SubNetW8CleanAuxExDnRcK8QdEma,minbias,0,test,8.4007225,8.122542381286621,-0.0331138330368872,3,60mm,1.2957878
SubNetW8CleanAuxExDnRcK8QdEma,minbias,0,test,19.939543,21.49015235900879,0.07776555392864948,2,40mm,1.3837109
SubNetW8CleanAuxExDnRcK8QdEma,minbias,0,test,55.54146,60.97320556640625,0.09779627001907976,1,30mm,2.6605973
SubNetW8CleanAuxExDnRcK8QdEma,minbias,0,test,6.1007586,5.9290876388549805,-0.028139273537468257,3,60mm,0.9543016
SubNetW8CleanAuxExDnRcK8QdEma,minbias,0,test,27.305803,28.474712371826172,0.04280808222627597,2,40mm,2.5044835
SubNetW8CleanAuxExDnRcK8QdEma,minbias,0,test,48.483017,47.88555908203125,-0.012323034396545807,2,40mm,3.6369228
SubNetW8CleanAuxExDnRcK8QdEma,minbias,0,test,14.90906,14.656096458435059,-0.0169670706381424,3,60mm,2.7145128
SubNetW8CleanAuxExDnRcK8QdEma,minbias,0,test,47.04271,45.9456901550293,-0.023319643164705917,0,15mm,1.3497566
SubNetW8CleanAuxExDnRcK8QdEma,minbias,0,test,13.368405,12.548181533813477,-0.06135539634674203,2,40mm,1.3362068
SubNetW8CleanAuxExDnRcK8QdEma,minbias,0,test,32.351543,35.04832077026367,0.08335853743348332,3,60mm,3.1868615
SubNetW8CleanAuxExDnRcK8QdEma,minbias,0,test,26.519278,25.67705535888672,-0.03175886716515608,2,40mm,4.0383897
SubNetW8CleanAuxExDnRcK8QdEma,minbias,0,test,11.232711,12.812200546264648,0.1406151845873842,1,30mm,0.50718427
SubNetW8CleanAuxExDnRcK8QdEma,minbias,0,test,55.67593,55.850120544433594,0.0031286504090308753,2,40mm,4.8975444
SubNetW8CleanAuxExDnRcK8QdEma,minbias,0,test,5.3725348,5.395284652709961,0.004234481835572845,2,40mm,0.5910307
SubNetW8CleanAuxExDnRcK8QdEma,minbias,0,test,18.53264,18.991004943847656,0.02473282141063793,4,120mm,4.0885844
SubNetW8CleanAuxExDnRcK8QdEma,minbias,0,test,20.184101,20.12265968322754,-0.0030440504231507015,3,60mm,3.9772162
SubNetW8CleanAuxExDnRcK8QdEma,minbias,0,test,22.607676,22.119611740112305,-0.021588411914586825,3,60mm,3.0481505
SubNetW8CleanAuxExDnRcK8QdEma,minbias,0,test,16.444223,16.18521499633789,-0.015750722988284283,4,120mm,3.7155087
SubNetW8CleanAuxExDnRcK8QdEma,minbias,0,test,16.325817,16.246013641357422,-0.004888175964988362,3,60mm,3.04912
SubNetW8CleanAuxExDnRcK8QdEma,minbias,0,test,5.602541,6.382169246673584,0.13915619377362898,2,40mm,0.63004076
SubNetW8CleanAuxExDnRcK8QdEma,minbias,0,test,9.335146,9.756234169006348,0.04510783451378697,3,60mm,1.4660113
SubNetW8CleanAuxExDnRcK8QdEma,minbias,0,test,12.81999,13.333250045776367,0.04003590341071983,4,120mm,2.945533
SubNetW8CleanAuxExDnRcK8QdEma,minbias,0,test,14.312434,15.569679260253906,0.08784285373983636,2,40mm,1.5453279
SubNetW8CleanAuxExDnRcK8QdEma,minbias,0,test,74.31391,76.6242446899414,0.03108883932022599,1,30mm,3.5828018
SubNetW8CleanAuxExDnRcK8QdEma,minbias,0,test,77.185265,75.98442077636719,-0.01555794123987686,1,30mm,4.0779133
SubNetW8CleanAuxExDnRcK8QdEma,minbias,0,test,25.644192,25.257633209228516,-0.015073921479170416,2,40mm,3.55055
SubNetW8CleanAuxExDnRcK8QdEma,minbias,0,test,8.988371,8.929680824279785,-0.006529555999528869,3,60mm,1.9493676
SubNetW8CleanAuxExDnRcK8QdEma,minbias,0,test,47.141674,48.17710494995117,0.021964237147924726,0,15mm,1.8155036
SubNetW8CleanAuxExDnRcK8QdEma,minbias,0,test,59.289074,62.50265884399414,0.05420197493610179,1,30mm,2.881725
SubNetW8CleanAuxExDnRcK8QdEma,minbias,0,test,8.082406,7.766416072845459,-0.039096027771979736,4,120mm,1.8974341
SubNetW8CleanAuxExDnRcK8QdEma,minbias,0,test,7.493185,7.282151699066162,-0.028163370188823644,3,60mm,1.4862916
SubNetW8CleanAuxExDnRcK8QdEma,minbias,0,test,32.719013,31.952510833740234,-0.02342681838706895,3,60mm,4.0536885
SubNetW8CleanAuxExDnRcK8QdEma,minbias,0,test,47.123497,46.9867057800293,-0.0029028242369431023,2,40mm,4.493907
SubNetW8CleanAuxExDnRcK8QdEma,minbias,0,test,67.926186,66.83772277832031,-0.016024200679731537,1,30mm,4.2424746
SubNetW8CleanAuxExDnRcK8QdEma,minbias,0,test,12.556524,12.163909912109375,-0.03126775817664107,3,60mm,2.699716
SubNetW8CleanAuxExDnRcK8QdEma,minbias,0,test,55.74197,49.46772766113281,-0.11255867695590249,2,40mm,4.581141
SubNetW8CleanAuxExDnRcK8QdEma,minbias,0,test,38.294445,38.809051513671875,0.013438149458010251,2,40mm,3.7179632
SubNetW8CleanAuxExDnRcK8QdEma,minbias,0,test,3.5074883,3.57647442817688,0.019668256174501186,3,60mm,0.60016894
SubNetW8CleanAuxExDnRcK8QdEma,minbias,0,test,36.578434,36.565818786621094,-0.0003448809170099043,3,60mm,4.905817
SubNetW8CleanAuxExDnRcK8QdEma,minbias,0,test,27.507872,27.24422264099121,-0.009584492409433931,3,60mm,3.3146925
SubNetW8CleanAuxExDnRcK8QdEma,minbias,0,test,42.295685,41.19321060180664,-0.02606587923763204,1,30mm,3.1150181
SubNetW8CleanAuxExDnRcK8QdEma,minbias,0,test,26.408375,26.939804077148438,0.020123513660735615,1,30mm,1.3176935
SubNetW8CleanAuxExDnRcK8QdEma,minbias,0,test,37.19597,36.96464920043945,-0.006218938127519058,2,40mm,4.694761
SubNetW8CleanAuxExDnRcK8QdEma,minbias,0,test,29.975931,29.12942886352539,-0.028239399781916807,2,40mm,2.2744389
SubNetW8CleanAuxExDnRcK8QdEma,minbias,0,test,53.940964,52.95470428466797,-0.018284053379348353,2,40mm,4.135734
SubNetW8CleanAuxExDnRcK8QdEma,minbias,0,test,29.710907,30.01171875,0.010124624191247156,2,40mm,2.5406513
SubNetW8CleanAuxExDnRcK8QdEma,minbias,0,test,6.5608683,7.611945629119873,0.16020400405897517,2,40mm,0.72113687
SubNetW8CleanAuxExDnRcK8QdEma,minbias,0,test,2.1692169,3.219564914703369,0.48420610099298167,4,120mm,0.5227524
SubNetW8CleanAuxExDnRcK8QdEma,minbias,0,test,3.4164753,3.5586764812469482,0.04162219038787596,3,60mm,0.6154058
SubNetW8CleanAuxExDnRcK8QdEma,minbias,0,test,13.372734,12.84738826751709,-0.03928484628230067,4,120mm,3.074989
SubNetW8CleanAuxExDnRcK8QdEma,minbias,0,test,15.299608,14.797607421875,-0.032811350535897676,3,60mm,3.1560194
SubNetW8CleanAuxExDnRcK8QdEma,minbias,0,test,60.3033,60.10950469970703,-0.0032136591838588524,2,40mm,4.234189
SubNetW8CleanAuxExDnRcK8QdEma,minbias,0,test,59.202553,56.787200927734375,-0.040798103352445936,0,15mm,2.266823
SubNetW8CleanAuxExDnRcK8QdEma,minbias,0,test,28.569595,29.19233512878418,0.02179729129958985,3,60mm,3.0395706
SubNetW8CleanAuxExDnRcK8QdEma,minbias,0,test,6.520158,6.259484767913818,-0.03997956085530818,3,60mm,1.1571817
SubNetW8CleanAuxExDnRcK8QdEma,minbias,0,test,55.670395,54.1708984375,-0.026935258187459454,0,15mm,1.8920628
SubNetW8CleanAuxExDnRcK8QdEma,minbias,0,test,4.715383,4.6789655685424805,-0.0077231232066337085,4,120mm,1.0088515
SubNetW8CleanAuxExDnRcK8QdEma,minbias,0,test,12.262584,13.1022310256958,0.06847229844867697,4,120mm,2.6393895
SubNetW8CleanAuxExDnRcK8QdEma,minbias,0,test,54.731762,53.604305267333984,-0.02059967786953676,2,40mm,4.317838
SubNetW8CleanAuxExDnRcK8QdEma,minbias,0,test,16.072935,19.106584548950195,0.1887427171752376,1,30mm,0.8598755
SubNetW8CleanAuxExDnRcK8QdEma,minbias,0,test,61.925316,62.33722686767578,0.006651738550576436,2,40mm,4.9005218
SubNetW8CleanAuxExDnRcK8QdEma,minbias,0,test,77.78448,80.52716064453125,0.03526003526896093,0,15mm,1.7796202
SubNetW8CleanAuxExDnRcK8QdEma,minbias,0,test,19.401777,19.69275665283203,0.014997563437863848,3,60mm,3.3064826
SubNetW8CleanAuxExDnRcK8QdEma,minbias,0,test,85.92304,87.20679473876953,0.014940723781211362,1,30mm,3.901532
SubNetW8CleanAuxExDnRcK8QdEma,minbias,0,test,28.82627,29.37125015258789,0.018905707151206874,1,30mm,1.9866946
SubNetW8CleanAuxExDnRcK8QdEma,minbias,0,test,59.319195,67.80004119873047,0.14296968181250236,1,30mm,2.9569657
SubNetW8CleanAuxExDnRcK8QdEma,minbias,0,test,4.7869143,4.972990989685059,0.038871938692008445,3,60mm,0.63661456
SubNetW8CleanAuxExDnRcK8QdEma,minbias,0,test,17.275562,17.109773635864258,-0.009596715161244385,3,60mm,3.2943387
SubNetW8CleanAuxExDnRcK8QdEma,minbias,0,test,17.646778,17.03125,-0.03488048089957685,3,60mm,3.2075944
SubNetW8CleanAuxExDnRcK8QdEma,minbias,0,test,2.7012813,3.22778058052063,0.19490723517530228,4,120mm,0.6454342
SubNetW8CleanAuxExDnRcK8QdEma,minbias,0,test,60.555313,59.29410934448242,-0.020827301537865273,1,30mm,2.7866917
SubNetW8CleanAuxExDnRcK8QdEma,minbias,0,test,10.33067,10.377087593078613,0.004493148530075208,3,60mm,1.303807
SubNetW8CleanAuxExDnRcK8QdEma,minbias,0,test,12.109656,11.465129852294922,-0.053224176133130685,3,60mm,1.7386924
SubNetW8CleanAuxExDnRcK8QdEma,minbias,0,test,34.4818,35.069984436035156,0.017057820512153876,3,60mm,3.9774218
SubNetW8CleanAuxExDnRcK8QdEma,minbias,0,test,6.2831893,6.895721435546875,0.09748745579637186,3,60mm,0.95184845
SubNetW8CleanAuxExDnRcK8QdEma,minbias,0,test,95.46797,92.0479507446289,-0.0358237531664618,1,30mm,4.7286716
SubNetW8CleanAuxExDnRcK8QdEma,minbias,0,test,21.983425,21.662208557128906,-0.014611762325513089,3,60mm,3.6047182
SubNetW8CleanAuxExDnRcK8QdEma,minbias,0,test,5.1224346,5.136036396026611,0.002655335003207915,3,60mm,0.75054246
SubNetW8CleanAuxExDnRcK8QdEma,minbias,0,test,68.37292,67.66413116455078,-0.010366473159614031,0,15mm,1.521409
SubNetW8CleanAuxExDnRcK8QdEma,minbias,0,test,26.613071,24.922117233276367,-0.06353848378912108,2,40mm,2.871253
SubNetW8CleanAuxExDnRcK8QdEma,minbias,0,test,7.4770894,7.369410037994385,-0.014401241075512883,3,60mm,1.5065088
SubNetW8CleanAuxExDnRcK8QdEma,minbias,0,test,91.820335,89.28905487060547,-0.027567755082539946,0,15mm,1.9039135
SubNetW8CleanAuxExDnRcK8QdEma,minbias,0,test,19.685923,18.87734031677246,-0.04107413817509442,2,40mm,2.3639288
SubNetW8CleanAuxExDnRcK8QdEma,minbias,0,test,56.863667,57.165489196777344,0.0053078297751130155,2,40mm,3.439756
SubNetW8CleanAuxExDnRcK8QdEma,minbias,0,test,8.091578,7.776287078857422,-0.03896526355762664,3,60mm,1.8801851
SubNetW8CleanAuxExDnRcK8QdEma,minbias,0,test,8.69904,8.166967391967773,-0.06116456478876253,3,60mm,1.8236452
SubNetW8CleanAuxExDnRcK8QdEma,minbias,0,test,4.8400187,4.990954875946045,0.03118502934162737,3,60mm,1.0167885
SubNetW8CleanAuxExDnRcK8QdEma,minbias,0,test,10.998072,11.021085739135742,0.0020925548853421017,4,120mm,2.5012598
SubNetW8CleanAuxExDnRcK8QdEma,minbias,0,test,9.613193,9.730062484741211,0.012157243885837943,3,60mm,1.9209552
SubNetW8CleanAuxExDnRcK8QdEma,minbias,0,test,3.5144105,4.140570640563965,0.1781693247165328,3,60mm,0.7333509
SubNetW8CleanAuxExDnRcK8QdEma,minbias,0,test,14.150461,14.307038307189941,0.011065159510478484,3,60mm,3.3961484
SubNetW8CleanAuxExDnRcK8QdEma,minbias,0,test,14.900061,15.022212028503418,0.008198045474846483,3,60mm,3.526892
SubNetW8CleanAuxExDnRcK8QdEma,minbias,0,test,11.508604,11.772298812866211,0.022912836521721047,1,30mm,0.70037174
SubNetW8CleanAuxExDnRcK8QdEma,minbias,0,test,11.485814,11.985980987548828,0.04354649038268721,2,40mm,1.2622203
SubNetW8CleanAuxExDnRcK8QdEma,minbias,0,test,32.986115,32.53278350830078,-0.013743085552725631,3,60mm,4.08143
SubNetW8CleanAuxExDnRcK8QdEma,minbias,0,test,32.17135,32.67085647583008,0.01552648322896033,1,30mm,3.2993639
SubNetW8CleanAuxExDnRcK8QdEma,minbias,0,test,58.06158,60.267127990722656,0.03798634669897405,1,30mm,3.2850327
SubNetW8CleanAuxExDnRcK8QdEma,minbias,0,test,21.057106,21.029272079467773,-0.0013218311469178623,3,60mm,4.892979
SubNetW8CleanAuxExDnRcK8QdEma,minbias,0,test,24.038046,23.048240661621094,-0.041176609212242976,3,60mm,4.9919486
SubNetW8CleanAuxExDnRcK8QdEma,minbias,0,test,51.04495,50.26287841796875,-0.015321205754941225,2,40mm,4.6839995
SubNetW8CleanAuxExDnRcK8QdEma,minbias,0,test,7.5098424,7.5402302742004395,0.004046406943910563,3,60mm,1.6258334
SubNetW8CleanAuxExDnRcK8QdEma,minbias,0,test,21.675074,21.438995361328125,-0.010891693676714165,3,60mm,3.3450356
SubNetW8CleanAuxExDnRcK8QdEma,minbias,0,test,19.975664,19.442508697509766,-0.026690248573450925,2,40mm,1.4669938
SubNetW8CleanAuxExDnRcK8QdEma,minbias,0,test,73.747574,72.77851104736328,-0.01314026692069159,2,40mm,4.7084856
SubNetW8CleanAuxExDnRcK8QdEma,minbias,0,test,46.065247,45.206199645996094,-0.018648482310962944,2,40mm,4.806162
SubNetW8CleanAuxExDnRcK8QdEma,minbias,0,test,29.532825,29.5320987701416,-2.4606512161851057e-05,3,60mm,4.9474773
SubNetW8CleanAuxExDnRcK8QdEma,minbias,0,test,27.264296,26.6639404296875,-0.022019829802600976,2,40mm,2.8755739
SubNetW8CleanAuxExDnRcK8QdEma,minbias,0,test,29.988573,30.350311279296875,0.012062534754798682,2,40mm,4.5436573
SubNetW8CleanAuxExDnRcK8QdEma,minbias,0,test,28.76331,28.737001419067383,-0.0009146395240717808,3,60mm,4.183101
SubNetW8CleanAuxExDnRcK8QdEma,minbias,0,test,12.181096,12.308562278747559,0.010464263722807843,2,40mm,2.19006
SubNetW8CleanAuxExDnRcK8QdEma,minbias,0,test,34.492172,34.32678985595703,-0.004794780221360151,2,40mm,3.6480627
SubNetW8CleanAuxExDnRcK8QdEma,minbias,0,test,15.177578,15.231425285339355,0.003547819884379688,2,40mm,1.2171181
SubNetW8CleanAuxExDnRcK8QdEma,minbias,0,test,34.591694,33.964454650878906,-0.018132654315916263,3,60mm,4.84326
SubNetW8CleanAuxExDnRcK8QdEma,minbias,0,test,4.1584883,4.2068610191345215,0.011632290950720936,3,60mm,0.6931832
SubNetW8CleanAuxExDnRcK8QdEma,minbias,0,test,17.04637,17.355955123901367,0.018161378605195067,3,60mm,2.15694
SubNetW8CleanAuxExDnRcK8QdEma,minbias,0,test,9.192636,9.024065017700195,-0.018337561391392643,3,60mm,2.1122804
SubNetW8CleanAuxExDnRcK8QdEma,minbias,0,test,7.963958,8.095311164855957,0.016493479977702785,3,60mm,1.8354015
SubNetW8CleanAuxExDnRcK8QdEma,minbias,0,test,19.95828,19.79501724243164,-0.008180229775034853,4,120mm,4.683279
SubNetW8CleanAuxExDnRcK8QdEma,minbias,0,test,32.49425,31.205896377563477,-0.039648701664077524,1,30mm,2.3954148
SubNetW8CleanAuxExDnRcK8QdEma,minbias,0,test,50.263798,49.537559509277344,-0.014448535190276113,0,15mm,2.2791462
SubNetW8CleanAuxExDnRcK8QdEma,minbias,0,test,93.80702,89.81621551513672,-0.04254272751095245,1,30mm,4.9442616
SubNetW8CleanAuxExDnRcK8QdEma,minbias,0,test,66.05382,66.92389678955078,0.013172274823436858,1,30mm,4.089173
SubNetW8CleanAuxExDnRcK8QdEma,minbias,0,test,46.738705,45.59566879272461,-0.02445587434362173,1,30mm,3.1064274
SubNetW8CleanAuxExDnRcK8QdEma,minbias,0,test,21.11653,20.459686279296875,-0.031105641034534504,2,40mm,3.976188
SubNetW8CleanAuxExDnRcK8QdEma,minbias,0,test,13.651129,14.094498634338379,0.032478623044483124,3,60mm,2.993781
SubNetW8CleanAuxExDnRcK8QdEma,minbias,0,test,47.49842,47.98023986816406,0.010143898377583449,0,15mm,1.2479488
SubNetW8CleanAuxExDnRcK8QdEma,minbias,0,test,11.509624,11.410279273986816,-0.008631407734791985,3,60mm,2.05313
SubNetW8CleanAuxExDnRcK8QdEma,minbias,0,test,4.8155546,5.018863201141357,0.042219141593928144,3,60mm,0.6672574
SubNetW8CleanAuxExDnRcK8QdEma,minbias,0,test,64.65523,63.06172180175781,-0.024646202898345515,1,30mm,3.499633
SubNetW8CleanAuxExDnRcK8QdEma,minbias,0,test,36.08446,33.944461822509766,-0.059305288696603564,1,30mm,1.5340353
SubNetW8CleanAuxExDnRcK8QdEma,minbias,0,test,95.12521,92.46239471435547,-0.02799277717518056,0,15mm,4.3423867
SubNetW8CleanAuxExDnRcK8QdEma,minbias,0,test,35.01121,29.691184997558594,-0.15195208008211825,0,15mm,0.7868365
SubNetW8CleanAuxExDnRcK8QdEma,minbias,0,test,23.020987,22.90070343017578,-0.005224933628852013,2,40mm,2.1591773
SubNetW8CleanAuxExDnRcK8QdEma,minbias,0,test,69.58592,67.21383666992188,-0.034088584226368734,1,30mm,4.1050286
SubNetW8CleanAuxExDnRcK8QdEma,minbias,0,test,92.166885,89.40409088134766,-0.02997599933380235,1,30mm,4.828214
SubNetW8CleanAuxExDnRcK8QdEma,minbias,0,test,4.601818,4.623661518096924,0.004746696409549944,4,120mm,1.0124403
SubNetW8CleanAuxExDnRcK8QdEma,minbias,0,test,36.520542,37.25910568237305,0.02022323586188368,1,30mm,1.4337078
SubNetW8CleanAuxExDnRcK8QdEma,minbias,0,test,21.511833,21.094135284423828,-0.019417122789446295,4,120mm,4.9614196
SubNetW8CleanAuxExDnRcK8QdEma,minbias,0,test,27.106869,27.06410789489746,-0.0015774912773225402,2,40mm,3.1279573
SubNetW8CleanAuxExDnRcK8QdEma,minbias,0,test,93.978584,94.72050476074219,0.007894569563907439,0,15mm,3.30969
SubNetW8CleanAuxExDnRcK8QdEma,minbias,0,test,55.199642,55.9756965637207,0.014059047335378771,1,30mm,2.5702333
SubNetW8CleanAuxExDnRcK8QdEma,minbias,0,test,5.5581856,5.1386494636535645,-0.07548076758096012,3,60mm,0.7530047
SubNetW8CleanAuxExDnRcK8QdEma,minbias,0,test,3.1877906,3.1779303550720215,-0.003093138262016293,3,60mm,0.69335425
SubNetW8CleanAuxExDnRcK8QdEma,minbias,0,test,85.72999,85.85211181640625,0.001424515749633759,1,30mm,4.6507125
SubNetW8CleanAuxExDnRcK8QdEma,minbias,0,test,25.737926,25.007400512695312,-0.028383248780243453,2,40mm,4.09953
SubNetW8CleanAuxExDnRcK8QdEma,minbias,0,test,68.743866,67.47249603271484,-0.01849430369098093,1,30mm,3.43726
SubNetW8CleanAuxExDnRcK8QdEma,minbias,0,test,98.960556,96.70257568359375,-0.022816973117945505,1,30mm,4.6786594
SubNetW8CleanAuxExDnRcK8QdEma,minbias,0,test,7.0857515,7.185064315795898,0.014015843177389131,3,60mm,1.5128214
SubNetW8CleanAuxExDnRcK8QdEma,minbias,0,test,48.800934,48.457027435302734,-0.007047127494123284,0,15mm,2.1778593
SubNetW8CleanAuxExDnRcK8QdEma,minbias,0,test,93.127495,96.339111328125,0.03448623333631273,1,30mm,3.565247
SubNetW8CleanAuxExDnRcK8QdEma,minbias,0,test,41.93183,51.68977737426758,0.23270975051532106,0,15mm,1.2673577
SubNetW8CleanAuxExDnRcK8QdEma,minbias,0,test,19.723454,23.780805587768555,0.2057120504565908,1,30mm,1.746558
SubNetW8CleanAuxExDnRcK8QdEma,minbias,0,test,9.740542,8.358016967773438,-0.14193515982799176,3,60mm,1.9388946
SubNetW8CleanAuxExDnRcK8QdEma,minbias,0,test,3.9062233,4.166287899017334,0.06657699320210186,2,40mm,0.5662584
SubNetW8CleanAuxExDnRcK8QdEma,minbias,0,test,64.526344,72.85706329345703,0.12910570224615814,0,15mm,2.2940261
SubNetW8CleanAuxExDnRcK8QdEma,minbias,0,test,37.731266,35.68813705444336,-0.05414949411208647,2,40mm,4.9429884
SubNetW8CleanAuxExDnRcK8QdEma,minbias,0,test,27.632586,28.011594772338867,0.013716025468418103,2,40mm,4.0156665
SubNetW8CleanAuxExDnRcK8QdEma,minbias,0,test,36.30684,34.38351821899414,-0.05297406284344197,0,15mm,1.2647713
SubNetW8CleanAuxExDnRcK8QdEma,minbias,0,test,7.5731125,7.735332489013672,0.021420519169916385,4,120mm,1.8086708
SubNetW8CleanAuxExDnRcK8QdEma,minbias,0,test,61.355186,62.862945556640625,0.024574272871979774,2,40mm,4.3832645
SubNetW8CleanAuxExDnRcK8QdEma,minbias,0,test,8.517853,8.02127742767334,-0.05829818478537363,3,60mm,1.5389105
SubNetW8CleanAuxExDnRcK8QdEma,minbias,0,test,20.41215,20.545743942260742,0.006544852780058008,4,120mm,4.77119
SubNetW8CleanAuxExDnRcK8QdEma,minbias,0,test,21.304249,20.700441360473633,-0.028342114041714384,3,60mm,2.544989
SubNetW8CleanAuxExDnRcK8QdEma,minbias,0,test,13.993845,13.153470993041992,-0.0600531157636055,3,60mm,2.2280354
SubNetW8CleanAuxExDnRcK8QdEma,minbias,0,test,17.574522,16.75480842590332,-0.046642155710952427,3,60mm,2.596874
SubNetW8CleanAuxExDnRcK8QdEma,minbias,0,test,23.97079,23.183761596679688,-0.03283284522627161,3,60mm,3.399104
SubNetW8CleanAuxExDnRcK8QdEma,minbias,0,test,27.590052,26.11587142944336,-0.05343158614580312,0,15mm,1.1018091
SubNetW8CleanAuxExDnRcK8QdEma,minbias,0,test,13.878782,12.65158748626709,-0.08842236746646281,3,60mm,2.793908
SubNetW8CleanAuxExDnRcK8QdEma,minbias,0,test,13.138885,12.076823234558105,-0.08083344565725248,1,30mm,0.930891
SubNetW8CleanAuxExDnRcK8QdEma,minbias,0,test,17.845726,18.79376792907715,0.05312431196092482,3,60mm,2.3000445
SubNetW8CleanAuxExDnRcK8QdEma,minbias,0,test,22.882048,21.72447967529297,-0.050588478594636554,2,40mm,1.9257799
SubNetW8CleanAuxExDnRcK8QdEma,minbias,0,test,9.06085,8.937078475952148,-0.013660050163193493,2,40mm,0.8255569
SubNetW8CleanAuxExDnRcK8QdEma,minbias,0,test,30.998732,31.901535034179688,0.029123882624838116,2,40mm,2.2504175
SubNetW8CleanAuxExDnRcK8QdEma,minbias,0,test,32.34996,31.517000198364258,-0.02574841268306438,1,30mm,1.7520329
SubNetW8CleanAuxExDnRcK8QdEma,minbias,0,test,28.621279,28.003929138183594,-0.021569603152595818,3,60mm,4.6378636
SubNetW8CleanAuxExDnRcK8QdEma,minbias,0,test,99.84014,99.73880004882812,-0.0010150350975340894,0,15mm,2.603356
SubNetW8CleanAuxExDnRcK8QdEma,minbias,0,test,29.901693,29.47522735595703,-0.014262268803686196,2,40mm,3.818598
SubNetW8CleanAuxExDnRcK8QdEma,minbias,0,test,17.777205,17.4266300201416,-0.019720451162104524,3,60mm,3.0590413
SubNetW8CleanAuxExDnRcK8QdEma,minbias,0,test,20.128527,19.681913375854492,-0.022188077582559473,3,60mm,2.8343604
SubNetW8CleanAuxExDnRcK8QdEma,minbias,0,test,26.760893,28.408557891845703,0.061569882287872524,0,15mm,0.6179069
SubNetW8CleanAuxExDnRcK8QdEma,minbias,0,test,4.4010143,4.285831928253174,-0.026171784767177186,3,60mm,0.8211929
SubNetW8CleanAuxExDnRcK8QdEma,minbias,0,test,28.266258,28.02802848815918,-0.008428061102616402,2,40mm,4.6574354
SubNetW8CleanAuxExDnRcK8QdEma,minbias,0,test,43.60631,43.633689880371094,0.0006278467759932571,2,40mm,3.1459706
SubNetW8CleanAuxExDnRcK8QdEma,minbias,0,test,26.747355,25.589954376220703,-0.0432715740505617,3,60mm,3.2842007
SubNetW8CleanAuxExDnRcK8QdEma,minbias,0,test,9.6342325,10.675029754638672,0.10803115155324683,4,120mm,1.9175292
SubNetW8CleanAuxExDnRcK8QdEma,minbias,0,test,26.921787,26.78411865234375,-0.005113650452681862,0,15mm,0.56050205
SubNetW8CleanAuxExDnRcK8QdEma,minbias,0,test,41.897026,42.409217834472656,0.012225015009486473,1,30mm,2.833825
SubNetW8CleanAuxExDnRcK8QdEma,minbias,0,test,37.567673,38.170326232910156,0.016041810940949253,2,40mm,3.0174239
SubNetW8CleanAuxExDnRcK8QdEma,minbias,0,test,51.475822,53.80411148071289,0.0452307301024939,0,15mm,1.6650006
SubNetW8CleanAuxExDnRcK8QdEma,minbias,0,test,14.217789,14.556198120117188,0.02380183241269096,4,120mm,3.0094345
SubNetW8CleanAuxExDnRcK8QdEma,minbias,0,test,21.028992,21.051820755004883,0.0010855991629394879,3,60mm,3.1669755
SubNetW8CleanAuxExDnRcK8QdEma,minbias,0,test,44.44767,44.850067138671875,0.009053278966398848,2,40mm,4.083184
SubNetW8CleanAuxExDnRcK8QdEma,minbias,0,test,23.875696,21.807432174682617,-0.08662633297813083,2,40mm,3.064631
SubNetW8CleanAuxExDnRcK8QdEma,minbias,0,test,28.488234,28.098508834838867,-0.013680199951272232,3,60mm,3.3565648
SubNetW8CleanAuxExDnRcK8QdEma,minbias,0,test,11.911047,12.274842262268066,0.030542678658901146,3,60mm,1.9330128
SubNetW8CleanAuxExDnRcK8QdEma,minbias,0,test,82.334465,81.80636596679688,-0.006414070461092325,0,15mm,4.6440763
SubNetW8CleanAuxExDnRcK8QdEma,minbias,0,test,17.82954,20.636934280395508,0.15745745475894157,3,60mm,2.699449
SubNetW8CleanAuxExDnRcK8QdEma,minbias,0,test,4.3155694,3.8244807720184326,-0.11379463128998091,3,60mm,0.9082102
SubNetW8CleanAuxExDnRcK8QdEma,minbias,0,test,21.220749,22.048198699951172,0.038992488079941046,2,40mm,2.26024
SubNetW8CleanAuxExDnRcK8QdEma,minbias,0,test,29.360395,29.3294677734375,-0.0010533801614897031,3,60mm,3.2871125
SubNetW8CleanAuxExDnRcK8QdEma,minbias,0,test,6.8697557,6.821774959564209,-0.006984350994612143,3,60mm,0.7987163
SubNetW8CleanAuxExDnRcK8QdEma,minbias,0,test,24.25043,24.109363555908203,-0.005817035098290457,3,60mm,3.8664172
SubNetW8CleanAuxExDnRcK8QdEma,minbias,0,test,10.993743,9.766953468322754,-0.1115897907445279,2,40mm,0.9327237
SubNetW8CleanAuxExDnRcK8QdEma,minbias,0,test,40.102173,40.50383377075195,0.010015939053382272,1,30mm,3.0993752
SubNetW8CleanAuxExDnRcK8QdEma,minbias,0,test,65.472664,62.393672943115234,-0.04702712176109136,0,15mm,2.427246
SubNetW8CleanAuxExDnRcK8QdEma,minbias,0,test,11.719505,14.428406715393066,0.23114468859103487,2,40mm,0.7491343
SubNetW8CleanAuxExDnRcK8QdEma,minbias,0,test,10.619442,7.82023286819458,-0.2635928631238409,1,30mm,0.5985795
SubNetW8CleanAuxExDnRcK8QdEma,minbias,0,test,24.898598,24.754528045654297,-0.00578625644972941,1,30mm,1.3840355
SubNetW8CleanAuxExDnRcK8QdEma,minbias,0,test,4.79994,5.752943992614746,0.19854495299320374,3,60mm,1.0295163
SubNetW8CleanAuxExDnRcK8QdEma,minbias,0,test,22.600346,21.713619232177734,-0.03923508049985269,2,40mm,1.747166
SubNetW8CleanAuxExDnRcK8QdEma,minbias,0,test,14.196201,15.152512550354004,0.06736388164932539,1,30mm,1.4634677
SubNetW8CleanAuxExDnRcK8QdEma,minbias,0,test,17.014927,17.175016403198242,0.009408767586300826,3,60mm,3.8839886
SubNetW8CleanAuxExDnRcK8QdEma,minbias,0,test,58.048046,59.56013870239258,0.026048983413032856,1,30mm,2.635718
SubNetW8CleanAuxExDnRcK8QdEma,minbias,0,test,17.715399,17.4529972076416,-0.014812061751700134,3,60mm,2.0726266
SubNetW8CleanAuxExDnRcK8QdEma,minbias,0,test,71.48509,73.52406311035156,0.028523023270557113,1,30mm,4.4344754
SubNetW8CleanAuxExDnRcK8QdEma,minbias,0,test,13.140819,13.896928787231445,0.05753904795412956,3,60mm,2.3722136
SubNetW8CleanAuxExDnRcK8QdEma,minbias,0,test,46.59324,46.2326545715332,-0.0077389824807939656,1,30mm,3.0435548
SubNetW8CleanAuxExDnRcK8QdEma,minbias,0,test,54.92176,52.80160140991211,-0.03860326267016079,1,30mm,2.6008801
SubNetW8CleanAuxExDnRcK8QdEma,minbias,0,test,91.86981,92.01573944091797,0.0015884154544760776,0,15mm,4.826749
SubNetW8CleanAuxExDnRcK8QdEma,minbias,0,test,69.24952,75.40546417236328,0.08889512710218828,0,15mm,2.0413637
SubNetW8CleanAuxExDnRcK8QdEma,minbias,0,test,11.188803,12.312536239624023,0.10043375942163135,2,40mm,0.76011986
SubNetW8CleanAuxExDnRcK8QdEma,minbias,0,test,32.872826,33.11616516113281,0.007402452754387889,0,15mm,1.5400405
SubNetW8CleanAuxExDnRcK8QdEma,minbias,0,test,23.388151,23.921798706054688,0.022817003934146207,3,60mm,4.070609
SubNetW8CleanAuxExDnRcK8QdEma,minbias,0,test,33.099186,33.10287857055664,0.00011156247043109246,3,60mm,4.820791
SubNetW8CleanAuxExDnRcK8QdEma,minbias,0,test,31.49144,31.840219497680664,0.011075380495323417,0,15mm,0.93123245
SubNetW8CleanAuxExDnRcK8QdEma,minbias,0,test,15.689557,15.042346000671387,-0.041251073673694294,4,120mm,3.6294935
SubNetW8CleanAuxExDnRcK8QdEma,minbias,0,test,33.980373,32.638145446777344,-0.03950009379471875,1,30mm,2.1267362
SubNetW8CleanAuxExDnRcK8QdEma,minbias,0,test,31.081009,29.11347198486328,-0.06330350896572035,0,15mm,0.6896212
SubNetW8CleanAuxExDnRcK8QdEma,minbias,0,test,23.07784,23.223588943481445,0.006315501508954657,3,60mm,4.1287937
SubNetW8CleanAuxExDnRcK8QdEma,minbias,0,test,16.795181,16.492965698242188,-0.017994183643154416,3,60mm,3.8788428
SubNetW8CleanAuxExDnRcK8QdEma,minbias,0,test,50.03879,50.621070861816406,0.011636556080720117,1,30mm,2.4875538
SubNetW8CleanAuxExDnRcK8QdEma,minbias,0,test,50.67976,51.32143020629883,0.012661272020892067,2,40mm,4.9142175
SubNetW8CleanAuxExDnRcK8QdEma,minbias,0,test,79.38249,78.75341033935547,-0.007924691071120704,1,30mm,3.6325927
SubNetW8CleanAuxExDnRcK8QdEma,minbias,0,test,26.534008,26.343883514404297,-0.007165314472339479,3,60mm,4.7257757
SubNetW8CleanAuxExDnRcK8QdEma,minbias,0,test,14.353809,15.102611541748047,0.05216748853569109,2,40mm,1.0400373
SubNetW8CleanAuxExDnRcK8QdEma,minbias,0,test,63.82306,68.37948608398438,0.07139154825055916,1,30mm,3.6004603
SubNetW8CleanAuxExDnRcK8QdEma,minbias,0,test,11.564013,11.287628173828125,-0.023900385180425143,3,60mm,1.9442661
SubNetW8CleanAuxExDnRcK8QdEma,minbias,0,test,73.04957,72.74777221679688,-0.00413138594802398,0,15mm,2.0917528
SubNetW8CleanAuxExDnRcK8QdEma,minbias,0,test,16.094711,15.786314010620117,-0.019161405710937718,3,60mm,2.2574327
SubNetW8CleanAuxExDnRcK8QdEma,minbias,0,test,25.877647,25.980783462524414,0.00398552700824184,2,40mm,2.1346498
SubNetW8CleanAuxExDnRcK8QdEma,minbias,0,test,4.957035,14.2367525100708,1.8720298170697451,1,30mm,0.50838757
SubNetW8CleanAuxExDnRcK8QdEma,minbias,0,test,54.812172,54.5182991027832,-0.005361452080295148,1,30mm,3.9568782
SubNetW8CleanAuxExDnRcK8QdEma,minbias,0,test,35.40783,35.15074157714844,-0.007260758784522703,1,30mm,2.074588
SubNetW8CleanAuxExDnRcK8QdEma,minbias,0,test,80.15387,78.1775894165039,-0.02465607988175822,0,15mm,2.8042197
SubNetW8CleanAuxExDnRcK8QdEma,minbias,0,test,21.242342,21.529111862182617,0.013499917617729285,3,60mm,3.7359853
SubNetW8CleanAuxExDnRcK8QdEma,minbias,0,test,25.881111,30.91514015197754,0.19450590736815165,3,60mm,3.386033
SubNetW8CleanAuxExDnRcK8QdEma,minbias,0,test,21.664942,21.003116607666016,-0.03054820947771253,3,60mm,2.8577197
SubNetW8CleanAuxExDnRcK8QdEma,minbias,0,test,14.039465,14.099286079406738,0.004260926542134502,3,60mm,2.3426652
SubNetW8CleanAuxExDnRcK8QdEma,minbias,0,test,3.2719786,3.269749164581299,-0.000681377354298629,3,60mm,0.70042294
SubNetW8CleanAuxExDnRcK8QdEma,minbias,0,test,21.892504,22.31450653076172,0.019276132022219672,3,60mm,2.745175
SubNetW8CleanAuxExDnRcK8QdEma,minbias,0,test,21.12855,21.288799285888672,0.007584510688159574,3,60mm,3.6952302
SubNetW8CleanAuxExDnRcK8QdEma,minbias,0,test,16.790825,16.692567825317383,-0.005851830714824202,4,120mm,4.0244174
SubNetW8CleanAuxExDnRcK8QdEma,minbias,0,test,21.21051,28.16149139404297,0.3277139991885196,2,40mm,1.8683193
SubNetW8CleanAuxExDnRcK8QdEma,minbias,0,test,7.4537597,7.372676849365234,-0.010878110440812216,4,120mm,1.6058466
SubNetW8CleanAuxExDnRcK8QdEma,minbias,0,test,17.834085,18.490774154663086,0.03682211187635942,2,40mm,1.5748317
SubNetW8CleanAuxExDnRcK8QdEma,minbias,0,test,72.00774,71.13780975341797,-0.01208101376978954,1,30mm,3.4981294
SubNetW8CleanAuxExDnRcK8QdEma,minbias,0,test,14.646846,14.945494651794434,0.02038997596809189,3,60mm,1.9770305
SubNetW8CleanAuxExDnRcK8QdEma,minbias,0,test,7.1788735,6.918172836303711,-0.03631498747707518,3,60mm,1.3605562
SubNetW8CleanAuxExDnRcK8QdEma,minbias,0,test,54.29427,52.778316497802734,-0.027921050899123445,0,15mm,1.9491394
SubNetW8CleanAuxExDnRcK8QdEma,minbias,0,test,39.462032,40.45803451538086,0.025239505893577707,1,30mm,1.8661255
SubNetW8CleanAuxExDnRcK8QdEma,minbias,0,test,32.487816,32.47101593017578,-0.0005171146879123789,2,40mm,2.8956912
SubNetW8CleanAuxExDnRcK8QdEma,minbias,0,test,37.644333,33.411651611328125,-0.11243873778454427,3,60mm,4.448294
SubNetW8CleanAuxExDnRcK8QdEma,minbias,0,test,32.526756,35.43589782714844,0.08943841540461062,2,40mm,4.163898
SubNetW8CleanAuxExDnRcK8QdEma,minbias,0,test,5.273982,4.960117816925049,-0.05951181256420457,3,60mm,1.0780096
SubNetW8CleanAuxExDnRcK8QdEma,minbias,0,test,18.56983,18.328067779541016,-0.013019083213237082,3,60mm,3.953199
SubNetW8CleanAuxExDnRcK8QdEma,minbias,0,test,99.85204,102.7817153930664,0.02934013314835715,0,15mm,2.962973
SubNetW8CleanAuxExDnRcK8QdEma,minbias,0,test,29.275682,29.976627349853516,0.023942905574468654,2,40mm,2.5309942
SubNetW8CleanAuxExDnRcK8QdEma,minbias,0,test,16.757622,18.25499153137207,0.0893545508558109,3,60mm,2.0927398
SubNetW8CleanAuxExDnRcK8QdEma,minbias,0,test,5.8489313,5.483342170715332,-0.06250528896801577,3,60mm,1.1768185
SubNetW8CleanAuxExDnRcK8QdEma,minbias,0,test,44.89548,45.28104782104492,0.00858809621583867,3,60mm,4.8202314
SubNetW8CleanAuxExDnRcK8QdEma,minbias,0,test,35.40859,34.28752136230469,-0.031660879393338726,3,60mm,4.7588773
SubNetW8CleanAuxExDnRcK8QdEma,minbias,0,test,12.502175,13.203400611877441,0.05608826161767966,3,60mm,1.7630252
SubNetW8CleanAuxExDnRcK8QdEma,minbias,0,test,3.4651766,3.640507936477661,0.05059810083993366,3,60mm,0.53061634
SubNetW8CleanAuxExDnRcK8QdEma,minbias,0,test,34.24685,32.421566009521484,-0.05329783908984198,1,30mm,1.7246352
SubNetW8CleanAuxExDnRcK8QdEma,minbias,0,test,19.287275,18.69310188293457,-0.030806499192501002,2,40mm,2.5166912
SubNetW8CleanAuxExDnRcK8QdEma,minbias,0,test,28.336075,27.53557586669922,-0.02825017110627548,1,30mm,2.7690272
SubNetW8CleanAuxExDnRcK8QdEma,minbias,0,test,14.782923,14.89592456817627,0.007644078601805271,3,60mm,2.498798
SubNetW8CleanAuxExDnRcK8QdEma,minbias,0,test,36.960014,37.19725799560547,0.006418927496628646,2,40mm,3.382097
SubNetW8CleanAuxExDnRcK8QdEma,minbias,0,test,16.544872,16.845548629760742,0.018173385727319413,3,60mm,2.9274206
SubNetW8CleanAuxExDnRcK8QdEma,minbias,0,test,15.250672,15.218789100646973,-0.0020906120749606405,3,60mm,2.5702572
SubNetW8CleanAuxExDnRcK8QdEma,minbias,0,test,21.434956,21.936561584472656,0.023401307517558534,3,60mm,3.8506978
SubNetW8CleanAuxExDnRcK8QdEma,minbias,0,test,67.85033,65.6926498413086,-0.03180053519073622,1,30mm,4.428422
SubNetW8CleanAuxExDnRcK8QdEma,minbias,0,test,36.971466,35.79328918457031,-0.03186719395516724,2,40mm,4.401388
SubNetW8CleanAuxExDnRcK8QdEma,minbias,0,test,6.697363,6.872973442077637,0.026220849149913183,3,60mm,1.0807753
SubNetW8CleanAuxExDnRcK8QdEma,minbias,0,test,18.052565,18.354690551757812,0.01673590080575882,3,60mm,3.6566005
SubNetW8CleanAuxExDnRcK8QdEma,minbias,0,test,15.142981,16.021974563598633,0.058046299646957955,3,60mm,3.5478117
SubNetW8CleanAuxExDnRcK8QdEma,minbias,0,test,16.181684,14.953563690185547,-0.07589573287546014,1,30mm,0.98635477
SubNetW8CleanAuxExDnRcK8QdEma,minbias,0,test,10.093723,9.968697547912598,-0.012386484702055056,4,120mm,2.3225653
SubNetW8CleanAuxExDnRcK8QdEma,minbias,0,test,80.912834,78.68133544921875,-0.027579045292651205,1,30mm,4.8052225
SubNetW8CleanAuxExDnRcK8QdEma,minbias,0,test,27.654987,28.177658081054688,0.01889969210668352,3,60mm,4.6090117
SubNetW8CleanAuxExDnRcK8QdEma,minbias,0,test,14.2549925,14.36175537109375,0.007489508406220313,4,120mm,3.1189988
SubNetW8CleanAuxExDnRcK8QdEma,minbias,0,test,3.547207,4.246751308441162,0.19720985222204646,3,60mm,0.60932386
SubNetW8CleanAuxExDnRcK8QdEma,minbias,0,test,89.29068,86.89448547363281,-0.02683588544562876,0,15mm,1.9245644
SubNetW8CleanAuxExDnRcK8QdEma,minbias,0,test,2.48313,3.39219331741333,0.36609575303010033,2,40mm,0.52343607
SubNetW8CleanAuxExDnRcK8QdEma,minbias,0,test,84.448006,82.14013671875,-0.027328874602044695,0,15mm,1.9442947
SubNetW8CleanAuxExDnRcK8QdEma,minbias,0,test,20.082891,19.16381072998047,-0.04576436295987385,2,40mm,3.7718515
SubNetW8CleanAuxExDnRcK8QdEma,minbias,0,test,36.474823,35.98858642578125,-0.01333074521819233,3,60mm,4.523963
SubNetW8CleanAuxExDnRcK8QdEma,minbias,0,test,39.06008,39.48429870605469,0.010860633363432903,2,40mm,4.541969
SubNetW8CleanAuxExDnRcK8QdEma,minbias,0,test,42.270267,42.14741897583008,-0.002906262913552893,2,40mm,2.8227904
SubNetW8CleanAuxExDnRcK8QdEma,minbias,0,test,21.648989,21.78319549560547,0.006199216673032026,3,60mm,3.5411298
SubNetW8CleanAuxExDnRcK8QdEma,minbias,0,test,17.87724,16.663013458251953,-0.0679202058888988,3,60mm,3.5853732
SubNetW8CleanAuxExDnRcK8QdEma,minbias,0,test,5.6587253,5.502610206604004,-0.027588378630287624,2,40mm,1.0619726
SubNetW8CleanAuxExDnRcK8QdEma,minbias,0,test,28.9049,30.446544647216797,0.05333507715072194,1,30mm,1.7603363
SubNetW8CleanAuxExDnRcK8QdEma,minbias,0,test,61.447475,68.8449478149414,0.12038692117816341,0,15mm,1.3814653
SubNetW8CleanAuxExDnRcK8QdEma,minbias,0,test,67.27388,65.77894592285156,-0.022221612339332064,0,15mm,2.7894213
SubNetW8CleanAuxExDnRcK8QdEma,minbias,0,test,14.109432,16.70174789428711,0.18372926942228118,1,30mm,1.0121356
SubNetW8CleanAuxExDnRcK8QdEma,minbias,0,test,7.826765,8.073699951171875,0.031550057889902616,3,60mm,0.8934256
SubNetW8CleanAuxExDnRcK8QdEma,minbias,0,test,9.546815,9.115047454833984,-0.045226336466058226,4,120mm,2.1357098
SubNetW8CleanAuxExDnRcK8QdEma,minbias,0,test,20.629942,21.778724670410156,0.0556852139199675,2,40mm,1.2930483
SubNetW8CleanAuxExDnRcK8QdEma,minbias,0,test,17.79463,17.59670639038086,-0.011122662270294792,3,60mm,2.9789193
SubNetW8CleanAuxExDnRcK8QdEma,minbias,0,test,61.7735,61.046810150146484,-0.011763756339560394,1,30mm,3.2190137
SubNetW8CleanAuxExDnRcK8QdEma,minbias,0,test,32.500225,32.23740768432617,-0.008086632700837426,1,30mm,2.6579983
SubNetW8CleanAuxExDnRcK8QdEma,minbias,0,test,20.962185,21.295433044433594,0.015897586054221646,3,60mm,4.0608206
SubNetW8CleanAuxExDnRcK8QdEma,minbias,0,test,9.966746,9.756834030151367,-0.02106126645087003,2,40mm,0.9698042
SubNetW8CleanAuxExDnRcK8QdEma,minbias,0,test,35.969795,33.2371940612793,-0.07596932783527366,1,30mm,3.3952982
SubNetW8CleanAuxExDnRcK8QdEma,minbias,0,test,55.873707,58.55264663696289,0.04794634134585096,1,30mm,3.88206
SubNetW8CleanAuxExDnRcK8QdEma,minbias,0,test,11.875971,11.570222854614258,-0.025745094017774917,3,60mm,2.475395
SubNetW8CleanAuxExDnRcK8QdEma,minbias,0,test,6.160088,5.535276412963867,-0.10142901254087022,3,60mm,1.2015989
SubNetW8CleanAuxExDnRcK8QdEma,minbias,0,test,4.460247,5.275563716888428,0.1827963047380876,4,120mm,1.0215282
SubNetW8CleanAuxExDnRcK8QdEma,minbias,0,test,25.655643,24.84331703186035,-0.03166268008212958,3,60mm,4.6871443
SubNetW8CleanAuxExDnRcK8QdEma,minbias,0,test,31.107985,31.15289878845215,0.001443817279245696,3,60mm,3.3622496
SubNetW8CleanAuxExDnRcK8QdEma,minbias,0,test,44.2469,44.77729034423828,0.011987093090913614,1,30mm,3.8966088
SubNetW8CleanAuxExDnRcK8QdEma,minbias,0,test,5.451121,5.987878322601318,0.09846735811041252,2,40mm,0.5134478
SubNetW8CleanAuxExDnRcK8QdEma,minbias,0,test,14.516144,15.475720405578613,0.06610409899824465,2,40mm,2.1515808
SubNetW8CleanAuxExDnRcK8QdEma,minbias,0,test,12.550726,12.624622344970703,0.00588781943392247,3,60mm,2.806112
SubNetW8CleanAuxExDnRcK8QdEma,minbias,0,test,25.613312,24.954164505004883,-0.02573455820764281,1,30mm,2.1987176
SubNetW8CleanAuxExDnRcK8QdEma,minbias,0,test,14.139388,14.197196006774902,0.004088431692953698,3,60mm,2.5922914
SubNetW8CleanAuxExDnRcK8QdEma,minbias,0,test,91.9459,91.4884262084961,-0.00497546660661341,0,15mm,2.2568703
SubNetW8CleanAuxExDnRcK8QdEma,minbias,0,test,29.919306,30.004257202148438,0.0028393506627713005,1,30mm,2.635737
SubNetW8CleanAuxExDnRcK8QdEma,minbias,0,test,55.815155,55.95240020751953,0.0024589231750877794,1,30mm,2.1867793
SubNetW8CleanAuxExDnRcK8QdEma,minbias,0,test,67.4407,69.76909637451172,0.03452514240767135,0,15mm,2.9544008
SubNetW8CleanAuxExDnRcK8QdEma,minbias,0,test,95.48126,93.92178344726562,-0.016332825139912965,0,15mm,2.1041324
SubNetW8CleanAuxExDnRcK8QdEma,minbias,0,test,14.522311,13.983295440673828,-0.037116390231594965,3,60mm,2.026703
SubNetW8CleanAuxExDnRcK8QdEma,minbias,0,test,22.031221,21.117446899414062,-0.041476342786003095,4,120mm,4.6794147
SubNetW8CleanAuxExDnRcK8QdEma,minbias,0,test,27.816296,28.53688621520996,0.02590533984743293,1,30mm,1.8990408
SubNetW8CleanAuxExDnRcK8QdEma,minbias,0,test,27.0947,26.398643493652344,-0.025689761081434614,3,60mm,3.3560526
SubNetW8CleanAuxExDnRcK8QdEma,minbias,0,test,33.835754,34.274662017822266,0.012971710876408249,2,40mm,3.6260598
SubNetW8CleanAuxExDnRcK8QdEma,minbias,0,test,21.138248,20.458749771118164,-0.03214545776099864,4,120mm,4.455686
SubNetW8CleanAuxExDnRcK8QdEma,minbias,0,test,18.684393,18.084070205688477,-0.03212963491334164,3,60mm,3.0169156
SubNetW8CleanAuxExDnRcK8QdEma,minbias,0,test,18.122599,18.2489070892334,0.006969664980996049,2,40mm,1.614099
SubNetW8CleanAuxExDnRcK8QdEma,minbias,0,test,32.664005,32.62881851196289,-0.0010772337096137674,3,60mm,4.08264
SubNetW8CleanAuxExDnRcK8QdEma,minbias,0,test,10.005283,11.346550941467285,0.13405593205799082,3,60mm,1.917839
SubNetW8CleanAuxExDnRcK8QdEma,minbias,0,test,15.890121,15.764405250549316,-0.007911595246669068,3,60mm,2.5310419
SubNetW8CleanAuxExDnRcK8QdEma,minbias,0,test,44.371746,43.30110549926758,-0.0241288806268547,3,60mm,4.4208655
SubNetW8CleanAuxExDnRcK8QdEma,minbias,0,test,22.10916,21.99928855895996,-0.0049694747914582615,3,60mm,2.4849741
SubNetW8CleanAuxExDnRcK8QdEma,minbias,0,test,45.997677,48.661277770996094,0.05790729236943237,1,30mm,2.7244227
SubNetW8CleanAuxExDnRcK8QdEma,minbias,0,test,12.731941,12.125194549560547,-0.04765547240204193,1,30mm,1.1412194
SubNetW8CleanAuxExDnRcK8QdEma,minbias,0,test,14.758261,14.716992378234863,-0.002796288089594978,3,60mm,2.59023
SubNetW8CleanAuxExDnRcK8QdEma,minbias,0,test,10.045211,9.644438743591309,-0.03989683254808363,3,60mm,1.7844388
SubNetW8CleanAuxExDnRcK8QdEma,minbias,0,test,7.867779,8.157710075378418,0.03685046383232704,2,40mm,1.1905001
SubNetW8CleanAuxExDnRcK8QdEma,minbias,0,test,21.984814,20.682903289794922,-0.05921862330686134,2,40mm,1.6816931
SubNetW8CleanAuxExDnRcK8QdEma,minbias,0,test,27.5791,26.04682159423828,-0.055559393891485453,3,60mm,4.102632
SubNetW8CleanAuxExDnRcK8QdEma,minbias,0,test,15.968538,15.42613697052002,-0.03396687311793334,2,40mm,2.0884194
SubNetW8CleanAuxExDnRcK8QdEma,minbias,0,test,13.375975,14.215241432189941,0.06274434564028986,1,30mm,0.88533664
SubNetW8CleanAuxExDnRcK8QdEma,minbias,0,test,44.674976,45.66331481933594,0.02212286499584981,1,30mm,1.8750865
SubNetW8CleanAuxExDnRcK8QdEma,minbias,0,test,17.041359,17.676963806152344,0.037297780085913335,3,60mm,2.1299062
SubNetW8CleanAuxExDnRcK8QdEma,minbias,0,test,9.887808,9.217887878417969,-0.06775212241990303,3,60mm,1.3133429
SubNetW8CleanAuxExDnRcK8QdEma,minbias,0,test,37.507294,35.2607421875,-0.05989639059460272,2,40mm,4.3239965
SubNetW8CleanAuxExDnRcK8QdEma,minbias,0,test,67.24988,64.58187866210938,-0.03967292357567742,1,30mm,4.179564
SubNetW8CleanAuxExDnRcK8QdEma,minbias,0,test,75.16407,75.9140853881836,0.009978374740722717,0,15mm,3.3711355
SubNetW8CleanAuxExDnRcK8QdEma,minbias,0,test,4.279458,4.235586166381836,-0.010251737277587991,3,60mm,0.72749907
SubNetW8CleanAuxExDnRcK8QdEma,minbias,0,test,10.99955,11.308746337890625,0.028109920491519613,4,120mm,2.278348
SubNetW8CleanAuxExDnRcK8QdEma,minbias,0,test,4.897746,4.8213791847229,-0.015592254080732393,3,60mm,0.96482736
SubNetW8CleanAuxExDnRcK8QdEma,minbias,0,test,18.639927,17.870052337646484,-0.0413024458977006,3,60mm,4.364668
SubNetW8CleanAuxExDnRcK8QdEma,minbias,0,test,27.581768,26.678672790527344,-0.032742471192790945,3,60mm,3.5837622
SubNetW8CleanAuxExDnRcK8QdEma,minbias,0,test,43.756622,45.362770080566406,0.0367063927962914,1,30mm,2.0001273
SubNetW8CleanAuxExDnRcK8QdEma,minbias,0,test,23.512682,23.484432220458984,-0.0012014682394535514,3,60mm,4.651589
SubNetW8CleanAuxExDnRcK8QdEma,minbias,0,test,66.7644,66.15426635742188,-0.009138557981694051,1,30mm,4.0740337
SubNetW8CleanAuxExDnRcK8QdEma,minbias,0,test,6.8129253,5.386888027191162,-0.20931350934437498,2,40mm,0.73822576
SubNetW8CleanAuxExDnRcK8QdEma,minbias,0,test,38.873672,40.960777282714844,0.053689416613512675,0,15mm,1.8564985
SubNetW8CleanAuxExDnRcK8QdEma,minbias,0,test,49.64088,50.42899703979492,0.015876359278782948,2,40mm,4.5841455
SubNetW8CleanAuxExDnRcK8QdEma,minbias,0,test,49.16759,49.98405456542969,0.016605724467605665,1,30mm,3.9722633
SubNetW8CleanAuxExDnRcK8QdEma,minbias,0,test,56.490685,65.98704528808594,0.16810489837928988,1,30mm,3.7505457
SubNetW8CleanAuxExDnRcK8QdEma,minbias,0,test,45.063396,44.710350036621094,-0.007834438702325253,2,40mm,3.4738867
SubNetW8CleanAuxExDnRcK8QdEma,minbias,0,test,13.104905,12.498019218444824,-0.04630982857825672,2,40mm,1.0196456
SubNetW8CleanAuxExDnRcK8QdEma,minbias,0,test,47.27422,46.162574768066406,-0.023514819627403427,0,15mm,1.2865133
SubNetW8CleanAuxExDnRcK8QdEma,minbias,0,test,99.89055,97.934326171875,-0.01958365991097133,1,30mm,4.121595
SubNetW8CleanAuxExDnRcK8QdEma,minbias,0,test,14.559497,14.02022933959961,-0.037038885645454434,3,60mm,2.0544071
SubNetW8CleanAuxExDnRcK8QdEma,minbias,0,test,53.812054,52.777801513671875,-0.019219711867721756,2,40mm,4.468527
SubNetW8CleanAuxExDnRcK8QdEma,minbias,0,test,43.73982,43.98030471801758,0.005498105681855492,1,30mm,2.6962013
SubNetW8CleanAuxExDnRcK8QdEma,minbias,0,test,30.018946,34.75361633300781,0.15772274907007144,3,60mm,3.849308
SubNetW8CleanAuxExDnRcK8QdEma,minbias,0,test,11.918725,11.908358573913574,-0.0008697608013769065,4,120mm,2.4400487
SubNetW8CleanAuxExDnRcK8QdEma,minbias,0,test,20.753315,22.35451889038086,0.07715412793682463,2,40mm,2.1302288
SubNetW8CleanAuxExDnRcK8QdEma,minbias,0,test,22.40065,22.363656997680664,-0.0016514264850833182,2,40mm,2.5082376
SubNetW8CleanAuxExDnRcK8QdEma,minbias,0,test,19.835154,20.183547973632812,0.017564491876546295,3,60mm,3.3819883
SubNetW8CleanAuxExDnRcK8QdEma,minbias,0,test,42.835907,42.95365524291992,0.0027488214629460828,2,40mm,4.8903217
SubNetW8CleanAuxExDnRcK8QdEma,minbias,0,test,80.45637,71.77845764160156,-0.10785858374558355,1,30mm,4.645031
SubNetW8CleanAuxExDnRcK8QdEma,minbias,0,test,18.771605,18.028644561767578,-0.039578927560173116,3,60mm,3.9092934
SubNetW8CleanAuxExDnRcK8QdEma,minbias,0,test,43.90946,44.50629806518555,0.013592513544688156,1,30mm,4.0345554
SubNetW8CleanAuxExDnRcK8QdEma,minbias,0,test,23.94192,23.87281036376953,-0.0028865255984463767,2,40mm,2.24595
SubNetW8CleanAuxExDnRcK8QdEma,minbias,0,test,50.13618,49.86665344238281,-0.005375906791948992,1,30mm,3.2570353
SubNetW8CleanAuxExDnRcK8QdEma,minbias,0,test,7.393741,7.511021614074707,0.015862130032770372,2,40mm,0.7713556
SubNetW8CleanAuxExDnRcK8QdEma,minbias,0,test,9.523504,9.378846168518066,-0.015189586183539938,4,120mm,2.2017813
SubNetW8CleanAuxExDnRcK8QdEma,minbias,0,test,12.79429,13.10401439666748,0.024208050442072526,2,40mm,0.90846825
SubNetW8CleanAuxExDnRcK8QdEma,minbias,0,test,20.470242,20.82161521911621,0.017165096546854608,0,15mm,0.88371336
SubNetW8CleanAuxExDnRcK8QdEma,minbias,0,test,83.33027,70.19984436035156,-0.15757088845582856,0,15mm,1.8911996
SubNetW8CleanAuxExDnRcK8QdEma,minbias,0,test,51.16363,49.99365234375,-0.022867397456904803,2,40mm,4.912982
SubNetW8CleanAuxExDnRcK8QdEma,minbias,0,test,61.92402,63.04119110107422,0.018041016422708944,2,40mm,4.9007115
SubNetW8CleanAuxExDnRcK8QdEma,minbias,0,test,41.51877,41.36650466918945,-0.0036673448551879373,3,60mm,4.9621067
SubNetW8CleanAuxExDnRcK8QdEma,minbias,0,test,5.747494,5.437878608703613,-0.05386966913565827,3,60mm,0.63330364
SubNetW8CleanAuxExDnRcK8QdEma,minbias,0,test,28.861313,28.09006118774414,-0.026722681745005805,3,60mm,4.341079
SubNetW8CleanAuxExDnRcK8QdEma,minbias,0,test,62.788136,60.47243118286133,-0.03688124079826571,1,30mm,3.296647
SubNetW8CleanAuxExDnRcK8QdEma,minbias,0,test,45.676006,46.09733581542969,0.009224306857426035,3,60mm,4.8471227
SubNetW8CleanAuxExDnRcK8QdEma,minbias,0,test,35.46338,35.39472198486328,-0.001935994919384787,2,40mm,4.6805854
SubNetW8CleanAuxExDnRcK8QdEma,minbias,0,test,27.330301,27.34569549560547,0.0005632653169467261,2,40mm,2.4452367
SubNetW8CleanAuxExDnRcK8QdEma,minbias,0,test,56.906963,55.223114013671875,-0.02958951305147217,1,30mm,3.7047496
SubNetW8CleanAuxExDnRcK8QdEma,minbias,0,test,17.418343,16.127315521240234,-0.07411882401534431,2,40mm,2.778901
SubNetW8CleanAuxExDnRcK8QdEma,minbias,0,test,23.366295,23.20786476135254,-0.0067802833282234465,3,60mm,4.8417525
SubNetW8CleanAuxExDnRcK8QdEma,minbias,0,test,31.045107,32.874324798583984,0.05892129530674661,3,60mm,3.1045277
SubNetW8CleanAuxExDnRcK8QdEma,minbias,0,test,54.886913,55.74577331542969,0.0156478104567781,0,15mm,1.7865621
SubNetW8CleanAuxExDnRcK8QdEma,minbias,0,test,50.32488,51.28501510620117,0.019078762602459776,2,40mm,4.2893343
SubNetW8CleanAuxExDnRcK8QdEma,minbias,0,test,6.434522,5.841732501983643,-0.09212644481828491,3,60mm,1.2197828
SubNetW8CleanAuxExDnRcK8QdEma,minbias,0,test,25.580236,25.936729431152344,0.013936266661278118,3,60mm,4.0093436
SubNetW8CleanAuxExDnRcK8QdEma,minbias,0,test,24.76524,25.642480850219727,0.03542227512103624,3,60mm,2.9562123
SubNetW8CleanAuxExDnRcK8QdEma,minbias,0,test,22.095556,22.19038200378418,0.004291620609895963,3,60mm,4.0524235
SubNetW8CleanAuxExDnRcK8QdEma,minbias,0,test,11.464988,10.679010391235352,-0.0685545750588239,3,60mm,2.384756
SubNetW8CleanAuxExDnRcK8QdEma,minbias,0,test,62.75419,63.937801361083984,0.01886109678204506,0,15mm,1.5762535
SubNetW8CleanAuxExDnRcK8QdEma,minbias,0,test,32.993618,32.64149856567383,-0.010672350200524261,2,40mm,3.6785057
SubNetW8CleanAuxExDnRcK8QdEma,minbias,0,test,4.1963935,3.999166965484619,-0.04699905402833371,3,60mm,0.7834009
SubNetW8CleanAuxExDnRcK8QdEma,minbias,0,test,15.181338,14.85668659210205,-0.02138492084855459,3,60mm,2.4676948
SubNetW8CleanAuxExDnRcK8QdEma,minbias,0,test,11.577363,12.544300079345703,0.08351962911906297,1,30mm,0.9262191
SubNetW8CleanAuxExDnRcK8QdEma,minbias,0,test,37.511803,39.12540054321289,0.04301573784455459,2,40mm,4.363049
SubNetW8CleanAuxExDnRcK8QdEma,minbias,0,test,51.88834,47.03268814086914,-0.09357886291624373,0,15mm,1.3990971
SubNetW8CleanAuxExDnRcK8QdEma,minbias,0,test,7.782231,8.217116355895996,0.055881855732424324,2,40mm,0.6388657
SubNetW8CleanAuxExDnRcK8QdEma,minbias,0,test,9.1397,9.247377395629883,0.011781290465969763,4,120mm,2.114978
SubNetW8CleanAuxExDnRcK8QdEma,minbias,0,test,12.771477,12.229228973388672,-0.04245771910467433,3,60mm,1.7532727
SubNetW8CleanAuxExDnRcK8QdEma,minbias,0,test,20.479439,20.86212730407715,0.018686475074703335,3,60mm,2.9957616
SubNetW8CleanAuxExDnRcK8QdEma,minbias,0,test,6.4273744,6.571698188781738,0.02245455417506448,3,60mm,1.2155166
SubNetW8CleanAuxExDnRcK8QdEma,minbias,0,test,18.993912,18.372272491455078,-0.03272834264551705,3,60mm,4.5196905
SubNetW8CleanAuxExDnRcK8QdEma,minbias,0,test,81.58595,78.33767700195312,-0.03981415485138162,2,40mm,4.947437
SubNetW8CleanAuxExDnRcK8QdEma,minbias,0,test,20.17099,19.80052947998047,-0.01836600535884758,1,30mm,0.9860766
SubNetW8CleanAuxExDnRcK8QdEma,minbias,0,test,14.96411,15.298635482788086,0.022355161781522304,0,15mm,0.6554766
SubNetW8CleanAuxExDnRcK8QdEma,minbias,0,test,75.15407,73.48889923095703,-0.02215673491365089,0,15mm,1.7154602
SubNetW8CleanAuxExDnRcK8QdEma,minbias,0,test,33.384727,31.981481552124023,-0.042032570936123004,1,30mm,1.8415669
SubNetW8CleanAuxExDnRcK8QdEma,minbias,0,test,93.10253,89.92909240722656,-0.03408542149210014,1,30mm,4.8668456
SubNetW8CleanAuxExDnRcK8QdEma,minbias,0,test,28.342789,27.794757843017578,-0.019335812687452214,2,40mm,2.7223632
SubNetW8CleanAuxExDnRcK8QdEma,minbias,0,test,39.269733,38.96656799316406,-0.007720078781270234,2,40mm,2.8652713
SubNetW8CleanAuxExDnRcK8QdEma,minbias,0,test,11.522304,10.976551055908203,-0.047364879902857204,2,40mm,1.2192247
SubNetW8CleanAuxExDnRcK8QdEma,minbias,0,test,23.87737,23.677736282348633,-0.00836082638188762,3,60mm,3.7295268
SubNetW8CleanAuxExDnRcK8QdEma,minbias,0,test,4.3809443,3.7323269844055176,-0.14805421623670234,3,60mm,0.98996264
SubNetW8CleanAuxExDnRcK8QdEma,minbias,0,test,4.097479,3.820554256439209,-0.06758414604570495,3,60mm,0.7091077
SubNetW8CleanAuxExDnRcK8QdEma,minbias,0,test,33.220207,31.442049026489258,-0.05352640266186581,3,60mm,4.9508715
SubNetW8CleanAuxExDnRcK8QdEma,minbias,0,test,17.576998,17.795635223388672,0.012438840207743329,4,120mm,4.130495
SubNetW8CleanAuxExDnRcK8QdEma,minbias,0,test,5.480211,5.291243076324463,-0.034481831506325444,3,60mm,1.0103927
SubNetW8CleanAuxExDnRcK8QdEma,minbias,0,test,22.252144,21.569175720214844,-0.03069223999042736,3,60mm,4.192039
SubNetW8CleanAuxExDnRcK8QdEma,minbias,0,test,20.72155,20.68025016784668,-0.001993085457922761,3,60mm,2.645144
SubNetW8CleanAuxExDnRcK8QdEma,minbias,0,test,9.227189,8.681854248046875,-0.05910086074914245,3,60mm,1.8801656
SubNetW8CleanAuxExDnRcK8QdEma,minbias,0,test,59.59641,61.41592025756836,0.030530554589911052,1,30mm,4.6326604
SubNetW8CleanAuxExDnRcK8QdEma,minbias,0,test,61.474194,62.199188232421875,0.011793479788603012,0,15mm,1.4434711
SubNetW8CleanAuxExDnRcK8QdEma,minbias,0,test,21.57785,20.589082717895508,-0.04582326822362359,3,60mm,3.6745923
SubNetW8CleanAuxExDnRcK8QdEma,minbias,0,test,13.771866,13.464863777160645,-0.02229197343535505,2,40mm,1.265304
SubNetW8CleanAuxExDnRcK8QdEma,minbias,0,test,18.917645,18.879438400268555,-0.002019601354829814,3,60mm,3.2919266
SubNetW8CleanAuxExDnRcK8QdEma,minbias,0,test,13.734729,13.50668716430664,-0.0166032873285461,3,60mm,2.461995
SubNetW8CleanAuxExDnRcK8QdEma,minbias,0,test,9.48298,9.048789024353027,-0.045786320381148715,1,30mm,0.59179676
SubNetW8CleanAuxExDnRcK8QdEma,minbias,0,test,35.51567,44.66029739379883,0.2574814558624823,0,15mm,1.5327481
SubNetW8CleanAuxExDnRcK8QdEma,minbias,0,test,38.232494,39.42670822143555,0.031235572968960845,3,60mm,4.6762614
SubNetW8CleanAuxExDnRcK8QdEma,minbias,0,test,48.211735,46.99360656738281,-0.025266218071456237,2,40mm,3.9598455
SubNetW8CleanAuxExDnRcK8QdEma,minbias,0,test,20.170221,19.956445693969727,-0.01059857654913643,3,60mm,3.9526932
SubNetW8CleanAuxExDnRcK8QdEma,minbias,0,test,26.96693,27.590171813964844,0.023111322481309537,2,40mm,1.9673727
SubNetW8CleanAuxExDnRcK8QdEma,minbias,0,test,19.112299,17.439119338989258,-0.08754465538076572,2,40mm,2.4765837
SubNetW8CleanAuxExDnRcK8QdEma,minbias,0,test,43.22567,43.66126251220703,0.010077175270378103,2,40mm,4.390751
SubNetW8CleanAuxExDnRcK8QdEma,minbias,0,test,27.892118,27.336702346801758,-0.019913012634524052,3,60mm,4.107318
SubNetW8CleanAuxExDnRcK8QdEma,minbias,0,test,22.879581,23.1787052154541,0.013073830247868123,3,60mm,4.458368
SubNetW8CleanAuxExDnRcK8QdEma,minbias,0,test,29.651453,30.865493774414062,0.04094371886196879,1,30mm,1.6615467
SubNetW8CleanAuxExDnRcK8QdEma,minbias,0,test,15.455643,20.957008361816406,0.35594544777821335,0,15mm,0.75067097
SubNetW8CleanAuxExDnRcK8QdEma,minbias,0,test,14.781906,15.262414932250977,0.032506552278355416,3,60mm,2.5450268
SubNetW8CleanAuxExDnRcK8QdEma,minbias,0,test,14.291753,14.63980770111084,0.024353547837249856,3,60mm,2.021122
SubNetW8CleanAuxExDnRcK8QdEma,minbias,0,test,13.119941,15.019182205200195,0.14475991031641122,3,60mm,1.4740163
SubNetW8CleanAuxExDnRcK8QdEma,minbias,0,test,43.620365,44.00648498535156,0.008851825088237009,2,40mm,2.8957374
SubNetW8CleanAuxExDnRcK8QdEma,minbias,0,test,23.765965,24.058486938476562,0.012308460290797685,2,40mm,3.2526617
SubNetW8CleanAuxExDnRcK8QdEma,minbias,0,test,13.879587,11.253308296203613,-0.1892188034439386,2,40mm,1.1963167
SubNetW8CleanAuxExDnRcK8QdEma,minbias,0,test,5.374172,4.858536243438721,-0.09594704952488164,3,60mm,0.7165782
SubNetW8CleanAuxExDnRcK8QdEma,minbias,0,test,21.04787,20.101072311401367,-0.04498309310995974,3,60mm,2.3114002
SubNetW8CleanAuxExDnRcK8QdEma,minbias,0,test,9.337173,8.998703002929688,-0.036249777340539024,3,60mm,1.54141
SubNetW8CleanAuxExDnRcK8QdEma,minbias,0,test,7.2445993,7.195587158203125,-0.006765340887325499,3,60mm,1.6042813
SubNetW8CleanAuxExDnRcK8QdEma,minbias,0,test,23.242495,23.509366989135742,0.011482089629035075,3,60mm,3.5259182
SubNetW8CleanAuxExDnRcK8QdEma,minbias,0,test,5.7676725,5.495561122894287,-0.047178721405300994,3,60mm,0.66648203
SubNetW8CleanAuxExDnRcK8QdEma,minbias,0,test,45.1444,39.24766159057617,-0.13061951775232983,1,30mm,4.6939983
SubNetW8CleanAuxExDnRcK8QdEma,minbias,0,test,49.680573,47.392295837402344,-0.046059788701377724,0,15mm,1.1832213
SubNetW8CleanAuxExDnRcK8QdEma,minbias,0,test,42.07729,42.050113677978516,-0.0006458567933137482,1,30mm,2.5518265
SubNetW8CleanAuxExDnRcK8QdEma,minbias,0,test,38.574753,37.814857482910156,-0.01969929213796484,2,40mm,4.833004
SubNetW8CleanAuxExDnRcK8QdEma,minbias,0,test,6.0446143,6.0410919189453125,-0.000582732975846989,3,60mm,1.2627119
SubNetW8CleanAuxExDnRcK8QdEma,minbias,0,test,8.215271,10.119993209838867,0.2318514160580687,2,40mm,0.7940801
SubNetW8CleanAuxExDnRcK8QdEma,minbias,0,test,77.747154,77.38105010986328,-0.004708907092162096,0,15mm,2.3633504
SubNetW8CleanAuxExDnRcK8QdEma,minbias,0,test,41.10902,40.86079406738281,-0.0060382408620697214,0,15mm,2.2142353
SubNetW8CleanAuxExDnRcK8QdEma,minbias,0,test,19.683939,18.79836082458496,-0.0449898852263646,3,60mm,4.3135753
SubNetW8CleanAuxExDnRcK8QdEma,minbias,0,test,33.805,34.14139938354492,0.009951163299283694,2,40mm,3.280104
SubNetW8CleanAuxExDnRcK8QdEma,minbias,0,test,21.024458,21.104747772216797,0.003818878040031448,3,60mm,4.032874
SubNetW8CleanAuxExDnRcK8QdEma,minbias,0,test,21.456604,20.139333724975586,-0.061392300416731826,4,120mm,4.836498
SubNetW8CleanAuxExDnRcK8QdEma,minbias,0,test,40.422035,40.325225830078125,-0.002394965683608974,2,40mm,3.9335668
SubNetW8CleanAuxExDnRcK8QdEma,minbias,0,test,17.17486,16.27172088623047,-0.052584947670478055,2,40mm,1.8019183
SubNetW8CleanAuxExDnRcK8QdEma,minbias,0,test,7.150495,7.1932196617126465,0.005975056141187318,3,60mm,1.3473004
SubNetW8CleanAuxExDnRcK8QdEma,minbias,0,test,14.893859,14.071727752685547,-0.055199338325347624,3,60mm,2.9568787
SubNetW8CleanAuxExDnRcK8QdEma,minbias,0,test,73.807396,72.49015045166016,-0.017847066228396047,0,15mm,2.4491644
SubNetW8CleanAuxExDnRcK8QdEma,minbias,0,test,5.369584,6.489062786102295,0.20848517969450575,3,60mm,0.87218577
SubNetW8CleanAuxExDnRcK8QdEma,minbias,0,test,33.90868,34.24896240234375,0.010035260604815521,2,40mm,2.4984472
SubNetW8CleanAuxExDnRcK8QdEma,minbias,0,test,36.391582,37.64923095703125,0.034558773815270394,3,60mm,4.052559
SubNetW8CleanAuxExDnRcK8QdEma,minbias,0,test,9.325089,13.933930397033691,0.4942409362179532,1,30mm,0.65745103
SubNetW8CleanAuxExDnRcK8QdEma,minbias,0,test,37.36353,37.7436637878418,0.010173947445665243,1,30mm,3.2239587
SubNetW8CleanAuxExDnRcK8QdEma,minbias,0,test,15.832562,15.774337768554688,-0.003677527136618064,1,30mm,0.91673535
SubNetW8CleanAuxExDnRcK8QdEma,minbias,0,test,16.345383,15.661727905273438,-0.04182556004372617,2,40mm,1.7973579
SubNetW8CleanAuxExDnRcK8QdEma,minbias,0,test,54.45829,53.752681732177734,-0.012956858664180837,1,30mm,2.8490112
SubNetW8CleanAuxExDnRcK8QdEma,minbias,0,test,12.8281,13.61086654663086,0.06101966227941258,2,40mm,1.1084385
SubNetW8CleanAuxExDnRcK8QdEma,minbias,0,test,20.211565,20.336341857910156,0.006173536789491063,3,60mm,3.2937794
SubNetW8CleanAuxExDnRcK8QdEma,minbias,0,test,51.22483,50.15680694580078,-0.020849725973881128,0,15mm,2.2047775
SubNetW8CleanAuxExDnRcK8QdEma,minbias,0,test,12.408757,13.788748741149902,0.11121109939073248,1,30mm,0.65476185
SubNetW8CleanAuxExDnRcK8QdEma,minbias,0,test,11.178075,11.110764503479004,-0.006021639167307469,4,120mm,2.3793874
SubNetW8CleanAuxExDnRcK8QdEma,minbias,0,test,15.88378,17.40859603881836,0.0959983428748119,2,40mm,2.2075436
SubNetW8CleanAuxExDnRcK8QdEma,minbias,0,test,30.833435,29.516395568847656,-0.04271465333795221,1,30mm,1.9405171
SubNetW8CleanAuxExDnRcK8QdEma,minbias,0,test,12.891551,12.043876647949219,-0.06575425785804478,2,40mm,1.5517229
SubNetW8CleanAuxExDnRcK8QdEma,minbias,0,test,20.323376,20.12034797668457,-0.009989862323939724,4,120mm,4.8483534
SubNetW8CleanAuxExDnRcK8QdEma,minbias,0,test,24.746796,24.877731323242188,0.005291015078252359,3,60mm,3.0169742
SubNetW8CleanAuxExDnRcK8QdEma,minbias,0,test,21.445724,21.30079460144043,-0.00675798506830827,3,60mm,3.899502
SubNetW8CleanAuxExDnRcK8QdEma,minbias,0,test,96.48891,91.3105239868164,-0.0536681681038198,0,15mm,4.6587796
SubNetW8CleanAuxExDnRcK8QdEma,minbias,0,test,26.332458,26.350379943847656,0.0006805839172427941,1,30mm,1.8139333
SubNetW8CleanAuxExDnRcK8QdEma,minbias,0,test,7.232557,7.260855197906494,0.00391263818526788,3,60mm,0.74810755
SubNetW8CleanAuxExDnRcK8QdEma,minbias,0,test,63.935,64.66999053955078,0.011495880980254558,0,15mm,1.8449868
SubNetW8CleanAuxExDnRcK8QdEma,minbias,0,test,9.611923,9.389538764953613,-0.02313631182660847,3,60mm,1.8076078
SubNetW8CleanAuxExDnRcK8QdEma,minbias,0,test,30.699005,30.43730354309082,-0.008524757814791117,3,60mm,3.6357307
SubNetW8CleanAuxExDnRcK8QdEma,minbias,0,test,10.186388,9.950187683105469,-0.02318783972066063,3,60mm,2.0126817
SubNetW8CleanAuxExDnRcK8QdEma,minbias,0,test,20.066101,20.555322647094727,0.024380499782518106,3,60mm,3.0680044
SubNetW8CleanAuxExDnRcK8QdEma,minbias,0,test,67.577896,67.0026626586914,-0.008512154010637207,1,30mm,4.1277666
SubNetW8CleanAuxExDnRcK8QdEma,minbias,0,test,7.2855725,6.446981906890869,-0.11510291313809262,3,60mm,1.5267019
SubNetW8CleanAuxExDnRcK8QdEma,minbias,0,test,7.6581593,9.140111923217773,0.19351290795876852,3,60mm,0.9493625
SubNetW8CleanAuxExDnRcK8QdEma,minbias,0,test,11.867057,11.857845306396484,-0.00077622786687781,3,60mm,2.594769
SubNetW8CleanAuxExDnRcK8QdEma,minbias,0,test,29.82632,30.381254196166992,0.01860549795997879,1,30mm,1.4029077
SubNetW8CleanAuxExDnRcK8QdEma,minbias,0,test,11.577116,13.846129417419434,0.19599124707586468,3,60mm,1.8788247
SubNetW8CleanAuxExDnRcK8QdEma,minbias,0,test,49.099197,48.31271743774414,-0.016018183428559873,2,40mm,4.8020406
SubNetW8CleanAuxExDnRcK8QdEma,minbias,0,test,14.807068,15.075244903564453,0.01811142049225256,3,60mm,1.4777956
SubNetW8CleanAuxExDnRcK8QdEma,minbias,0,test,9.355061,9.14632511138916,-0.022312572353390014,3,60mm,2.1770759
SubNetW8CleanAuxExDnRcK8QdEma,minbias,0,test,3.699806,3.7444887161254883,0.012077049841955567,3,60mm,0.5800283
SubNetW8CleanAuxExDnRcK8QdEma,minbias,0,test,46.50095,44.94186019897461,-0.033528125024354094,0,15mm,1.9288363
SubNetW8CleanAuxExDnRcK8QdEma,minbias,0,test,8.555072,9.567184448242188,0.11830556627880529,3,60mm,2.010466
SubNetW8CleanAuxExDnRcK8QdEma,minbias,0,test,26.55882,26.32691192626953,-0.008731893656857781,3,60mm,4.913843
SubNetW8CleanAuxExDnRcK8QdEma,minbias,0,test,53.650326,54.395469665527344,0.013888897776759501,2,40mm,4.68959
SubNetW8CleanAuxExDnRcK8QdEma,minbias,0,test,11.37537,10.732650756835938,-0.05650095490084628,2,40mm,1.1286851
SubNetW8CleanAuxExDnRcK8QdEma,minbias,0,test,19.513973,18.004152297973633,-0.07737127236182162,3,60mm,3.6490679
SubNetW8CleanAuxExDnRcK8QdEma,minbias,0,test,95.95549,94.435302734375,-0.01584263053787216,0,15mm,4.5775332
SubNetW8CleanAuxExDnRcK8QdEma,minbias,0,test,20.65088,20.31224250793457,-0.016398249969128087,3,60mm,4.397025
SubNetW8CleanAuxExDnRcK8QdEma,minbias,0,test,44.407436,45.097129821777344,0.01553103505386022,1,30mm,2.5027094
SubNetW8CleanAuxExDnRcK8QdEma,minbias,0,test,38.069366,37.77130126953125,-0.007829528392561791,2,40mm,4.4624047
SubNetW8CleanAuxExDnRcK8QdEma,minbias,0,test,70.55851,72.79399108886719,0.03168265979112794,1,30mm,4.8888025
SubNetW8CleanAuxExDnRcK8QdEma,minbias,0,test,7.4158673,7.048901557922363,-0.049483864052425774,3,60mm,0.85248655
SubNetW8CleanAuxExDnRcK8QdEma,minbias,0,test,17.585842,18.02709197998047,0.0250911980265609,2,40mm,2.5233438
SubNetW8CleanAuxExDnRcK8QdEma,minbias,0,test,29.609049,29.356990814208984,-0.008512871538294164,2,40mm,2.1614764
SubNetW8CleanAuxExDnRcK8QdEma,minbias,0,test,13.380747,16.332311630249023,0.2205829632528029,3,60mm,2.2929292
SubNetW8CleanAuxExDnRcK8QdEma,minbias,0,test,27.372381,27.339773178100586,-0.0011912749561685532,3,60mm,2.994725
SubNetW8CleanAuxExDnRcK8QdEma,minbias,0,test,38.86897,39.11494445800781,0.00632832567838304,2,40mm,4.737076
SubNetW8CleanAuxExDnRcK8QdEma,minbias,0,test,14.130081,14.59408187866211,0.032837794496716644,4,120mm,3.2669523
SubNetW8CleanAuxExDnRcK8QdEma,minbias,0,test,19.220716,19.822235107421875,0.031295328231845554,3,60mm,4.2502127
SubNetW8CleanAuxExDnRcK8QdEma,minbias,0,test,12.796409,13.03386116027832,0.018556183492824285,4,120mm,3.0715365
SubNetW8CleanAuxExDnRcK8QdEma,minbias,0,test,29.579283,28.870752334594727,-0.02395360400586455,2,40mm,1.7855498
SubNetW8CleanAuxExDnRcK8QdEma,minbias,0,test,5.5550623,9.7648344039917,0.7578262649777121,4,120mm,1.3026202
SubNetW8CleanAuxExDnRcK8QdEma,minbias,0,test,71.32882,74.07640838623047,0.03852004195862091,0,15mm,2.3676903
SubNetW8CleanAuxExDnRcK8QdEma,minbias,0,test,27.631584,30.16224479675293,0.09158579594762384,0,15mm,0.77902806
SubNetW8CleanAuxExDnRcK8QdEma,minbias,0,test,24.410307,23.692588806152344,-0.029402257269106502,4,120mm,4.840099
SubNetW8CleanAuxExDnRcK8QdEma,minbias,0,test,3.6042657,3.7469229698181152,0.03958012317738002,3,60mm,0.8087271
SubNetW8CleanAuxExDnRcK8QdEma,minbias,0,test,10.494646,10.180339813232422,-0.029949200476826032,3,60mm,1.0610443
SubNetW8CleanAuxExDnRcK8QdEma,minbias,0,test,5.0052743,4.724992752075195,-0.05599723954519187,3,60mm,0.6483693
SubNetW8CleanAuxExDnRcK8QdEma,minbias,0,test,9.189095,9.974350929260254,0.0854552515582021,2,40mm,0.7329606
SubNetW8CleanAuxExDnRcK8QdEma,minbias,0,test,23.507559,22.995349884033203,-0.021789116533253328,3,60mm,2.9126272
SubNetW8CleanAuxExDnRcK8QdEma,minbias,0,test,10.157631,10.709334373474121,0.05431418579655256,2,40mm,1.478468
SubNetW8CleanAuxExDnRcK8QdEma,minbias,0,test,13.462907,13.017966270446777,-0.03304936834134964,1,30mm,0.80531883
SubNetW8CleanAuxExDnRcK8QdEma,minbias,0,test,60.662235,64.84639739990234,0.06897474387414948,0,15mm,1.9891399
SubNetW8CleanAuxExDnRcK8QdEma,minbias,0,test,14.351813,16.27625274658203,0.13409033324347108,4,120mm,2.853437
SubNetW8CleanAuxExDnRcK8QdEma,minbias,0,test,6.2522936,6.434591770172119,0.029157009489773067,2,40mm,1.2343841
SubNetW8CleanAuxExDnRcK8QdEma,minbias,0,test,35.864346,35.89737319946289,0.0009209048267517783,2,40mm,2.400247
SubNetW8CleanAuxExDnRcK8QdEma,minbias,0,test,32.42367,31.95796775817871,-0.014363085347656401,3,60mm,4.0939736
SubNetW8CleanAuxExDnRcK8QdEma,minbias,0,test,16.727644,16.874921798706055,0.008804457598730497,2,40mm,1.9719354
SubNetW8CleanAuxExDnRcK8QdEma,minbias,0,test,58.774395,58.143707275390625,-0.010730654288163,2,40mm,4.145848
SubNetW8CleanAuxExDnRcK8QdEma,minbias,0,test,65.24312,61.1670036315918,-0.062475779233369,2,40mm,3.8654814
SubNetW8CleanAuxExDnRcK8QdEma,minbias,0,test,16.39854,15.882120132446289,-0.03149184919717907,2,40mm,2.0801594
SubNetW8CleanAuxExDnRcK8QdEma,minbias,0,test,34.972256,35.742347717285156,0.022020084061909584,3,60mm,3.9053793
SubNetW8CleanAuxExDnRcK8QdEma,minbias,0,test,3.8916202,4.248953819274902,0.09182130976622771,4,120mm,0.8878337
SubNetW8CleanAuxExDnRcK8QdEma,minbias,0,test,65.71803,76.38397979736328,0.1622986340281647,0,15mm,1.8418057
SubNetW8CleanAuxExDnRcK8QdEma,minbias,0,test,12.190312,12.312615394592285,0.010032803521760947,3,60mm,1.7493899
SubNetW8CleanAuxExDnRcK8QdEma,minbias,0,test,13.193067,13.594278335571289,0.030410802191972452,3,60mm,2.5661554
SubNetW8CleanAuxExDnRcK8QdEma,minbias,0,test,91.34547,86.70028686523438,-0.05085287667505256,0,15mm,3.9841332
SubNetW8CleanAuxExDnRcK8QdEma,minbias,0,test,18.356035,18.961872100830078,0.03300477802592283,2,40mm,1.5048044
SubNetW8CleanAuxExDnRcK8QdEma,minbias,0,test,7.965469,7.918605327606201,-0.0058833392727443146,3,60mm,1.3669063
SubNetW8CleanAuxExDnRcK8QdEma,minbias,0,test,10.635794,11.1770601272583,0.05089102490415098,3,60mm,1.8831843
SubNetW8CleanAuxExDnRcK8QdEma,minbias,0,test,36.252167,36.402740478515625,0.004153509816812839,2,40mm,4.852707
SubNetW8CleanAuxExDnRcK8QdEma,minbias,0,test,16.733839,15.736211776733398,-0.05961735715349814,3,60mm,3.7084537
SubNetW8CleanAuxExDnRcK8QdEma,minbias,0,test,3.3089256,3.0994131565093994,-0.0633173711545223,3,60mm,0.50503504
SubNetW8CleanAuxExDnRcK8QdEma,minbias,0,test,55.845848,56.74410629272461,0.016084601453012493,1,30mm,3.9592736
SubNetW8CleanAuxExDnRcK8QdEma,minbias,0,test,27.753143,25.75328826904297,-0.07205868607841304,1,30mm,1.4241245
SubNetW8CleanAuxExDnRcK8QdEma,minbias,0,test,58.055492,54.911563873291016,-0.054153851733952596,1,30mm,2.793884
SubNetW8CleanAuxExDnRcK8QdEma,minbias,0,test,4.6416845,5.803533554077148,0.25030762298909903,3,60mm,0.7810494
SubNetW8CleanAuxExDnRcK8QdEma,minbias,0,test,14.213459,15.123270988464355,0.06401059535321374,4,120mm,3.359887
SubNetW8CleanAuxExDnRcK8QdEma,minbias,0,test,6.878435,6.353414535522461,-0.07632849464586922,2,40mm,0.54871696
SubNetW8CleanAuxExDnRcK8QdEma,minbias,0,test,19.914515,20.1800594329834,0.013334238743423654,4,120mm,4.2594624
SubNetW8CleanAuxExDnRcK8QdEma,minbias,0,test,25.554564,24.882701873779297,-0.026291259014158186,1,30mm,1.254411
SubNetW8CleanAuxExDnRcK8QdEma,minbias,0,test,15.62519,15.757617950439453,0.008475299891071986,4,120mm,3.5124676
SubNetW8CleanAuxExDnRcK8QdEma,minbias,0,test,20.001991,20.040142059326172,0.001907349465099184,2,40mm,1.627031
SubNetW8CleanAuxExDnRcK8QdEma,minbias,0,test,17.379887,16.597455978393555,-0.04501931834119721,3,60mm,1.810463
SubNetW8CleanAuxExDnRcK8QdEma,minbias,0,test,23.763348,26.486242294311523,0.11458379986961864,1,30mm,1.3316112
SubNetW8CleanAuxExDnRcK8QdEma,minbias,0,test,21.88088,20.603843688964844,-0.05836313009817129,3,60mm,4.302884
SubNetW8CleanAuxExDnRcK8QdEma,minbias,0,test,24.008108,23.47719383239746,-0.022113958482940066,3,60mm,3.7220545
SubNetW8CleanAuxExDnRcK8QdEma,minbias,0,test,37.143093,36.894405364990234,-0.006695396729883285,2,40mm,3.5422232
SubNetW8CleanAuxExDnRcK8QdEma,minbias,0,test,21.963823,23.061429977416992,0.04997338773946369,0,15mm,0.86485016
SubNetW8CleanAuxExDnRcK8QdEma,minbias,0,test,23.272312,23.332870483398438,0.002602161687426774,3,60mm,4.283398
SubNetW8CleanAuxExDnRcK8QdEma,minbias,0,test,20.111246,19.73821449279785,-0.018548408894655144,3,60mm,4.1219487
SubNetW8CleanAuxExDnRcK8QdEma,minbias,0,test,34.106506,34.52491760253906,0.012267784059083686,2,40mm,4.104695
SubNetW8CleanAuxExDnRcK8QdEma,minbias,0,test,74.51043,74.91929626464844,0.0054873778840578424,1,30mm,3.7337205
SubNetW8CleanAuxExDnRcK8QdEma,minbias,0,test,13.08961,12.755725860595703,-0.025507577128066727,3,60mm,1.3661746
SubNetW8CleanAuxExDnRcK8QdEma,minbias,0,test,71.994095,70.86691284179688,-0.015656589741225746,0,15mm,1.7264562
SubNetW8CleanAuxExDnRcK8QdEma,minbias,0,test,13.613183,14.490739822387695,0.06446374807812294,1,30mm,0.5929967
SubNetW8CleanAuxExDnRcK8QdEma,minbias,0,test,9.319655,9.699636459350586,0.040772005390301125,3,60mm,1.6632974
SubNetW8CleanAuxExDnRcK8QdEma,minbias,0,test,10.105883,9.826472282409668,-0.02764828883021697,1,30mm,0.54082215
SubNetW8CleanAuxExDnRcK8QdEma,minbias,0,test,21.493752,23.17595863342285,0.07826493692915992,1,30mm,0.9052982
SubNetW8CleanAuxExDnRcK8QdEma,minbias,0,test,61.010063,70.20075225830078,0.15064218276739028,0,15mm,3.4383745
SubNetW8CleanAuxExDnRcK8QdEma,minbias,0,test,67.62723,68.50460815429688,0.012973774023480988,1,30mm,4.3094206
SubNetW8CleanAuxExDnRcK8QdEma,minbias,0,test,24.979107,31.656482696533203,0.26731843613811157,1,30mm,1.7953018
SubNetW8CleanAuxExDnRcK8QdEma,minbias,0,test,9.92406,9.81679630279541,-0.010808435911483283,3,60mm,1.8364241
SubNetW8CleanAuxExDnRcK8QdEma,minbias,0,test,77.17952,79.32926177978516,0.02785378991889531,0,15mm,2.2832012
SubNetW8CleanAuxExDnRcK8QdEma,minbias,0,test,27.99675,27.914339065551758,-0.0029435849781582757,3,60mm,2.9845395
SubNetW8CleanAuxExDnRcK8QdEma,minbias,0,test,26.094791,25.023527145385742,-0.04105280053936844,0,15mm,0.6369772
SubNetW8CleanAuxExDnRcK8QdEma,minbias,0,test,11.165513,11.01321029663086,-0.01364046071840963,4,120mm,2.3791676
SubNetW8CleanAuxExDnRcK8QdEma,minbias,0,test,62.195114,61.46514129638672,-0.011736819676257615,1,30mm,3.4364762
SubNetW8CleanAuxExDnRcK8QdEma,minbias,0,test,5.7490225,5.4195146560668945,-0.057315452963669467,2,40mm,0.5378189
SubNetW8CleanAuxExDnRcK8QdEma,minbias,0,test,13.903421,13.948678970336914,0.003255138936732349,3,60mm,2.1851547
SubNetW8CleanAuxExDnRcK8QdEma,minbias,0,test,19.029718,18.49010467529297,-0.028356369360772127,3,60mm,2.15263
SubNetW8CleanAuxExDnRcK8QdEma,minbias,0,test,44.111298,43.305694580078125,-0.018262963708603364,3,60mm,4.5658684
SubNetW8CleanAuxExDnRcK8QdEma,minbias,0,test,88.19135,89.38495635986328,0.013534246580082732,1,30mm,4.4203043
SubNetW8CleanAuxExDnRcK8QdEma,minbias,0,test,7.202663,7.6617560386657715,0.06373935548433751,3,60mm,0.76728266
SubNetW8CleanAuxExDnRcK8QdEma,minbias,0,test,19.00278,18.065027236938477,-0.04934823390307874,2,40mm,1.8289232
SubNetW8CleanAuxExDnRcK8QdEma,minbias,0,test,92.85793,88.5279541015625,-0.04663014565270529,1,30mm,4.534446
SubNetW8CleanAuxExDnRcK8QdEma,minbias,0,test,62.829338,60.7243766784668,-0.03350284214029908,2,40mm,4.634443
SubNetW8CleanAuxExDnRcK8QdEma,minbias,0,test,26.897354,27.401077270507812,0.01872760949541763,3,60mm,4.800228
SubNetW8CleanAuxExDnRcK8QdEma,minbias,0,test,19.75921,22.913869857788086,0.15965512677859395,1,30mm,1.4882816
SubNetW8CleanAuxExDnRcK8QdEma,minbias,0,test,19.73379,18.844167709350586,-0.04508114050497236,3,60mm,3.0142717
SubNetW8CleanAuxExDnRcK8QdEma,minbias,0,test,4.9612327,4.874228000640869,-0.017536904129277664,2,40mm,0.5173354
SubNetW8CleanAuxExDnRcK8QdEma,minbias,0,test,14.363668,13.602625846862793,-0.052983859798406474,2,40mm,1.0063837
SubNetW8CleanAuxExDnRcK8QdEma,minbias,0,test,23.045958,23.74350929260254,0.03026785610093219,3,60mm,3.5757625
SubNetW8CleanAuxExDnRcK8QdEma,minbias,0,test,21.872807,26.85334587097168,0.22770462998085916,1,30mm,0.89614326
SubNetW8CleanAuxExDnRcK8QdEma,minbias,0,test,27.183062,26.039974212646484,-0.042051458511805584,2,40mm,1.678247
SubNetW8CleanAuxExDnRcK8QdEma,minbias,0,test,8.129319,7.663032054901123,-0.05735869451347331,3,60mm,1.2806599
SubNetW8CleanAuxExDnRcK8QdEma,minbias,0,test,87.33282,85.28570556640625,-0.02344034670736239,1,30mm,4.6579757
SubNetW8CleanAuxExDnRcK8QdEma,minbias,0,test,30.432621,31.111528396606445,0.022308541691501427,3,60mm,3.9908714
SubNetW8CleanAuxExDnRcK8QdEma,minbias,0,test,20.859705,20.624357223510742,-0.011282410183959368,3,60mm,2.6293547
SubNetW8CleanAuxExDnRcK8QdEma,minbias,0,test,17.067863,18.000112533569336,0.0546201386694225,2,40mm,1.5051055
SubNetW8CleanAuxExDnRcK8QdEma,minbias,0,test,94.02235,93.84754943847656,-0.0018591012096451642,1,30mm,4.1319513
SubNetW8CleanAuxExDnRcK8QdEma,minbias,0,test,31.382666,30.852506637573242,-0.016893370460061674,3,60mm,4.843719
SubNetW8CleanAuxExDnRcK8QdEma,minbias,0,test,22.370817,23.447025299072266,0.048107680007871245,0,15mm,0.67737716
SubNetW8CleanAuxExDnRcK8QdEma,minbias,0,test,71.86696,58.69899368286133,-0.18322696811570083,1,30mm,4.2159295
SubNetW8CleanAuxExDnRcK8QdEma,minbias,0,test,16.174522,15.922896385192871,-0.015556936303169677,3,60mm,2.5882483
SubNetW8CleanAuxExDnRcK8QdEma,minbias,0,test,40.22119,40.1668586730957,-0.0013508484272759524,2,40mm,3.1812325
SubNetW8CleanAuxExDnRcK8QdEma,minbias,0,test,26.908964,27.102523803710938,0.0071931288575945995,2,40mm,2.702462
SubNetW8CleanAuxExDnRcK8QdEma,minbias,0,test,8.191374,7.760445594787598,-0.052607564919891936,4,120mm,1.8454763
SubNetW8CleanAuxExDnRcK8QdEma,minbias,0,test,68.410576,65.75247955322266,-0.03885504952707852,0,15mm,1.9834073
SubNetW8CleanAuxExDnRcK8QdEma,minbias,0,test,3.1860998,5.295520305633545,0.6620698320069689,4,120mm,0.68016344
SubNetW8CleanAuxExDnRcK8QdEma,minbias,0,test,22.29299,22.289522171020508,-0.00015554485317226252,3,60mm,3.7019563
SubNetW8CleanAuxExDnRcK8QdEma,minbias,0,test,31.710617,32.4160041809082,0.022244509276595492,1,30mm,2.7227824
SubNetW8CleanAuxExDnRcK8QdEma,minbias,0,test,29.33772,23.680864334106445,-0.19281854107700758,1,30mm,3.0688174
SubNetW8CleanAuxExDnRcK8QdEma,minbias,0,test,7.8050437,7.534714698791504,-0.03463516785398757,2,40mm,0.86403584
SubNetW8CleanAuxExDnRcK8QdEma,minbias,0,test,13.172147,12.447465896606445,-0.055016157330471493,4,120mm,3.012509
SubNetW8CleanAuxExDnRcK8QdEma,minbias,0,test,13.197085,13.989027976989746,0.060008901480812504,4,120mm,3.074519
SubNetW8CleanAuxExDnRcK8QdEma,minbias,0,test,11.235162,13.009892463684082,0.15796218309247645,2,40mm,1.1403605
SubNetW8CleanAuxExDnRcK8QdEma,minbias,0,test,5.805664,6.282663822174072,0.08216110242325492,3,60mm,0.8559179
SubNetW8CleanAuxExDnRcK8QdEma,minbias,0,test,97.35282,96.9791259765625,-0.003838567473985033,0,15mm,3.04326
SubNetW8CleanAuxExDnRcK8QdEma,minbias,0,test,19.532526,19.246326446533203,-0.014652460693730052,2,40mm,1.4426982
SubNetW8CleanAuxExDnRcK8QdEma,minbias,0,test,43.479485,43.60993576049805,0.0030002932122676906,0,15mm,0.995017
SubNetW8CleanAuxExDnRcK8QdEma,minbias,0,test,34.55885,35.55085754394531,0.028704896960558557,1,30mm,3.2366204
SubNetW8CleanAuxExDnRcK8QdEma,minbias,0,test,23.075535,24.388612747192383,0.056903466673543734,2,40mm,1.8804263
SubNetW8CleanAuxExDnRcK8QdEma,minbias,0,test,19.79552,19.30897331237793,-0.024578664812073048,3,60mm,2.6744492
SubNetW8CleanAuxExDnRcK8QdEma,minbias,0,test,5.0284295,4.623066425323486,-0.0806142518700842,3,60mm,1.1279931
SubNetW8CleanAuxExDnRcK8QdEma,minbias,0,test,90.52507,104.42408752441406,0.15353776920300888,0,15mm,2.553077
SubNetW8CleanAuxExDnRcK8QdEma,minbias,0,test,84.55486,84.2276840209961,-0.0038694280087794297,0,15mm,2.398893
SubNetW8CleanAuxExDnRcK8QdEma,minbias,0,test,70.98177,70.69542694091797,-0.00403408398981786,1,30mm,4.520381
SubNetW8CleanAuxExDnRcK8QdEma,minbias,0,test,8.383496,15.66144847869873,0.8681285167004844,3,60mm,1.941402
SubNetW8CleanAuxExDnRcK8QdEma,minbias,0,test,9.47931,9.522581100463867,0.004564790538057251,2,40mm,1.0444992
SubNetW8CleanAuxExDnRcK8QdEma,minbias,0,test,5.4409065,5.517147064208984,0.01401247001860062,3,60mm,0.7336102
SubNetW8CleanAuxExDnRcK8QdEma,minbias,0,test,39.25149,39.57051086425781,0.008127571846485271,2,40mm,3.4391174
SubNetW8CleanAuxExDnRcK8QdEma,minbias,0,test,42.174564,42.16135025024414,-0.0003133194504355563,2,40mm,4.819917
SubNetW8CleanAuxExDnRcK8QdEma,minbias,0,test,10.065434,9.844659805297852,-0.021933941504625576,3,60mm,1.380254
SubNetW8CleanAuxExDnRcK8QdEma,minbias,0,test,32.771114,32.347599029541016,-0.012923433585724897,1,30mm,2.49925
SubNetW8CleanAuxExDnRcK8QdEma,minbias,0,test,62.16874,65.53012084960938,0.05406867772437929,0,15mm,2.8905265
SubNetW8CleanAuxExDnRcK8QdEma,minbias,0,test,19.595955,19.510299682617188,-0.0043710660113895905,3,60mm,3.5833943
SubNetW8CleanAuxExDnRcK8QdEma,minbias,0,test,10.855295,10.424306869506836,-0.03970304856481843,3,60mm,2.0980468
SubNetW8CleanAuxExDnRcK8QdEma,minbias,0,test,14.084362,15.159446716308594,0.07633179862794681,3,60mm,2.4899437
SubNetW8CleanAuxExDnRcK8QdEma,minbias,0,test,15.22452,15.34743595123291,0.008073569728413776,2,40mm,1.8112947
SubNetW8CleanAuxExDnRcK8QdEma,minbias,0,test,9.613883,9.146307945251465,-0.04863540281723222,2,40mm,0.80752146
SubNetW8CleanAuxExDnRcK8QdEma,minbias,0,test,23.923683,24.694095611572266,0.03220291958000154,3,60mm,3.1552606
SubNetW8CleanAuxExDnRcK8QdEma,minbias,0,test,37.939804,65.6204605102539,0.7295940795270957,1,30mm,2.284221
SubNetW8CleanAuxExDnRcK8QdEma,minbias,0,test,13.310443,14.99124813079834,0.1262771806943479,4,120mm,3.040228
SubNetW8CleanAuxExDnRcK8QdEma,minbias,0,test,7.391373,7.7360005378723145,0.04662562328101982,3,60mm,1.0055097
SubNetW8CleanAuxExDnRcK8QdEma,minbias,0,test,8.987902,8.989689826965332,0.00019894958861477186,3,60mm,1.4039115
SubNetW8CleanAuxExDnRcK8QdEma,minbias,0,test,26.905468,26.986698150634766,0.0030190949889177254,0,15mm,1.1995368
SubNetW8CleanAuxExDnRcK8QdEma,minbias,0,test,17.517883,16.05132484436035,-0.08371778891548465,2,40mm,1.6280751
SubNetW8CleanAuxExDnRcK8QdEma,minbias,0,test,3.7669055,3.6656033992767334,-0.026892669770848476,3,60mm,0.6698262
SubNetW8CleanAuxExDnRcK8QdEma,minbias,0,test,9.691586,10.11931324005127,0.0441339239570635,3,60mm,1.2227628
SubNetW8CleanAuxExDnRcK8QdEma,minbias,0,test,25.5433,20.04338264465332,-0.21531743543891646,1,30mm,2.1929889
SubNetW8CleanAuxExDnRcK8QdEma,minbias,0,test,66.57335,66.98774719238281,0.006224685998077906,0,15mm,2.4106317
SubNetW8CleanAuxExDnRcK8QdEma,minbias,0,test,18.07879,17.86309242248535,-0.01193101055199386,4,120mm,4.005782
SubNetW8CleanAuxExDnRcK8QdEma,minbias,0,test,14.298041,13.848005294799805,-0.03147536351808089,2,40mm,1.7069874
SubNetW8CleanAuxExDnRcK8QdEma,minbias,0,test,2.6731,3.7794196605682373,0.4138714107661985,3,60mm,0.5926733
SubNetW8CleanAuxExDnRcK8QdEma,minbias,0,test,16.832266,16.83722496032715,0.00029461906604622,3,60mm,3.0706773
SubNetW8CleanAuxExDnRcK8QdEma,minbias,0,test,20.26897,19.74945068359375,-0.025631287300816874,1,30mm,0.9686728
SubNetW8CleanAuxExDnRcK8QdEma,minbias,0,test,93.16184,89.846923828125,-0.03558236327860609,1,30mm,4.4125066
SubNetW8CleanAuxExDnRcK8QdEma,minbias,0,test,20.948189,20.722379684448242,-0.010779409124233696,2,40mm,1.7033718
SubNetW8CleanAuxExDnRcK8QdEma,minbias,0,test,4.3483233,4.639808177947998,0.06703384491553166,3,60mm,0.7728357
SubNetW8CleanAuxExDnRcK8QdEma,minbias,0,test,4.1404424,4.200230598449707,0.014440057780960913,3,60mm,0.60531294
SubNetW8CleanAuxExDnRcK8QdEma,minbias,0,test,20.996483,20.284526824951172,-0.03390834690200151,3,60mm,2.8131018
SubNetW8CleanAuxExDnRcK8QdEma,minbias,0,test,8.534172,8.595479011535645,0.007183702532918668,2,40mm,0.7090605
SubNetW8CleanAuxExDnRcK8QdEma,minbias,0,test,60.37872,60.663021087646484,0.004708641736162589,1,30mm,4.2049966
SubNetW8CleanAuxExDnRcK8QdEma,minbias,0,test,50.612534,51.5169792175293,0.01786999354526131,1,30mm,3.1894739
SubNetW8CleanAuxExDnRcK8QdEma,minbias,0,test,35.49881,34.754981994628906,-0.020953598830836695,3,60mm,4.5970206
SubNetW8CleanAuxExDnRcK8QdEma,minbias,0,test,20.571636,20.114534378051758,-0.022220003185769888,3,60mm,4.493793
SubNetW8CleanAuxExDnRcK8QdEma,minbias,0,test,26.99148,26.247400283813477,-0.027567202440424432,3,60mm,4.3090024
SubNetW8CleanAuxExDnRcK8QdEma,minbias,0,test,12.080542,11.926286697387695,-0.012768873971116035,2,40mm,2.5553665
SubNetW8CleanAuxExDnRcK8QdEma,minbias,0,test,41.52485,41.04662322998047,-0.011516615237348038,1,30mm,2.615808
SubNetW8CleanAuxExDnRcK8QdEma,minbias,0,test,47.583366,46.785465240478516,-0.016768488949624683,3,60mm,4.704993
SubNetW8CleanAuxExDnRcK8QdEma,minbias,0,test,70.40503,69.94613647460938,-0.006517898321306337,1,30mm,4.7296934
SubNetW8CleanAuxExDnRcK8QdEma,minbias,0,test,14.704926,14.656163215637207,-0.003316053614084047,3,60mm,2.205734
SubNetW8CleanAuxExDnRcK8QdEma,minbias,0,test,10.794314,11.345197677612305,0.05103457927303934,3,60mm,1.8450501
SubNetW8CleanAuxExDnRcK8QdEma,minbias,0,test,60.951504,60.39324951171875,-0.009158990468874473,1,30mm,2.9252353
SubNetW8CleanAuxExDnRcK8QdEma,minbias,0,test,26.32912,26.184059143066406,-0.005509545682344297,2,40mm,2.8577945
SubNetW8CleanAuxExDnRcK8QdEma,minbias,0,test,11.983774,13.059671401977539,0.08977949685728781,3,60mm,1.8914648
SubNetW8CleanAuxExDnRcK8QdEma,minbias,0,test,10.892366,10.834670066833496,-0.0052969520396404235,2,40mm,2.130642
SubNetW8CleanAuxExDnRcK8QdEma,minbias,0,test,27.99813,28.441757202148438,0.015844857894402598,3,60mm,3.4456387
SubNetW8CleanAuxExDnRcK8QdEma,minbias,0,test,76.762856,77.16053771972656,0.005180659150793243,0,15mm,1.8358697
SubNetW8CleanAuxExDnRcK8QdEma,minbias,0,test,42.34083,42.57978057861328,0.005643460747184914,2,40mm,4.0539103
SubNetW8CleanAuxExDnRcK8QdEma,minbias,0,test,2.9105546,2.739457607269287,-0.05878502928180629,3,60mm,0.5592484
SubNetW8CleanAuxExDnRcK8QdEma,minbias,0,test,51.412144,50.46127700805664,-0.018494982520719017,2,40mm,4.1460824
SubNetW8CleanAuxExDnRcK8QdEma,minbias,0,test,21.155863,20.8413143157959,-0.01486814767532485,1,30mm,1.3258481
SubNetW8CleanAuxExDnRcK8QdEma,minbias,0,test,48.24032,54.50746536254883,0.12991512670895178,0,15mm,0.99647826
SubNetW8CleanAuxExDnRcK8QdEma,minbias,0,test,33.33584,31.605321884155273,-0.051911591879424956,0,15mm,0.9853999
SubNetW8CleanAuxExDnRcK8QdEma,minbias,0,test,78.6519,78.34073638916016,-0.003956228025401298,0,15mm,2.213124
SubNetW8CleanAuxExDnRcK8QdEma,minbias,0,test,18.394182,18.660959243774414,0.01450333782704405,3,60mm,1.7869265
SubNetW8CleanAuxExDnRcK8QdEma,minbias,0,test,21.560064,20.58213233947754,-0.04535849067954223,3,60mm,3.1386502
SubNetW8CleanAuxExDnRcK8QdEma,minbias,0,test,34.051353,33.401641845703125,-0.019080346094118128,2,40mm,3.6523187
SubNetW8CleanAuxExDnRcK8QdEma,minbias,0,test,10.749976,43.59511947631836,3.0553689454742816,1,30mm,0.9482156
SubNetW8CleanAuxExDnRcK8QdEma,minbias,0,test,17.231907,17.332355499267578,0.005829221863522527,3,60mm,2.9526107
SubNetW8CleanAuxExDnRcK8QdEma,minbias,0,test,16.99714,16.508811950683594,-0.028730063311061094,4,120mm,4.0728793
SubNetW8CleanAuxExDnRcK8QdEma,minbias,0,test,21.526903,20.035093307495117,-0.06929978893874578,4,120mm,4.2815313
SubNetW8CleanAuxExDnRcK8QdEma,minbias,0,test,36.65249,36.43193435668945,-0.006017445460818505,3,60mm,4.9563293
SubNetW8CleanAuxExDnRcK8QdEma,minbias,0,test,85.70517,82.66279602050781,-0.03549813469439933,1,30mm,4.82854
SubNetW8CleanAuxExDnRcK8QdEma,minbias,0,test,61.0808,67.48423767089844,0.10483554017261465,1,30mm,2.668638
SubNetW8CleanAuxExDnRcK8QdEma,minbias,0,test,32.37731,30.890031814575195,-0.045935867234685124,3,60mm,4.6335707
SubNetW8CleanAuxExDnRcK8QdEma,minbias,0,test,57.25996,60.012359619140625,0.048068483390299566,1,30mm,2.2820723
SubNetW8CleanAuxExDnRcK8QdEma,minbias,0,test,13.672257,14.434420585632324,0.055745232014645874,2,40mm,2.4099822
SubNetW8CleanAuxExDnRcK8QdEma,minbias,0,test,32.747814,32.13642883300781,-0.01866950087499275,3,60mm,4.6528106
SubNetW8CleanAuxExDnRcK8QdEma,minbias,0,test,22.943249,24.012752532958984,0.046615184967498946,3,60mm,2.2209568
SubNetW8CleanAuxExDnRcK8QdEma,minbias,0,test,13.598418,13.803948402404785,0.015114270135125452,4,120mm,2.8748477
SubNetW8CleanAuxExDnRcK8QdEma,minbias,0,test,17.1721,16.972078323364258,-0.011648065349746273,3,60mm,3.1398041
SubNetW8CleanAuxExDnRcK8QdEma,minbias,0,test,6.200038,6.171389579772949,-0.004620677593759059,3,60mm,1.0376204
SubNetW8CleanAuxExDnRcK8QdEma,minbias,0,test,27.902433,27.864646911621094,-0.0013542361423894977,2,40mm,3.381901
SubNetW8CleanAuxExDnRcK8QdEma,minbias,0,test,19.831085,20.057125091552734,0.011398261070288074,3,60mm,3.1819866
SubNetW8CleanAuxExDnRcK8QdEma,minbias,0,test,60.929054,64.2955093383789,0.055252048780298546,1,30mm,2.7048745
SubNetW8CleanAuxExDnRcK8QdEma,minbias,0,test,51.64003,52.24140930175781,0.011645605078301813,1,30mm,4.530735
SubNetW8CleanAuxExDnRcK8QdEma,minbias,0,test,34.050724,33.80927276611328,-0.007090928910006733,3,60mm,4.496127
SubNetW8CleanAuxExDnRcK8QdEma,minbias,0,test,25.952648,24.618690490722656,-0.05139967465936901,2,40mm,1.7742332
SubNetW8CleanAuxExDnRcK8QdEma,minbias,0,test,28.04062,27.75202178955078,-0.010292176350203186,2,40mm,4.2853837
SubNetW8CleanAuxExDnRcK8QdEma,minbias,0,test,56.74021,58.1254997253418,0.024414576580266356,0,15mm,2.3924742
SubNetW8CleanAuxExDnRcK8QdEma,minbias,0,test,94.68555,95.84992218017578,0.012297286582850342,0,15mm,2.629898
SubNetW8CleanAuxExDnRcK8QdEma,minbias,0,test,11.788409,11.418462753295898,-0.03138222235777355,4,120mm,2.777206
SubNetW8CleanAuxExDnRcK8QdEma,minbias,0,test,11.550198,11.739869117736816,0.016421495368772465,2,40mm,1.037537
SubNetW8CleanAuxExDnRcK8QdEma,minbias,0,test,41.591255,41.17184829711914,-0.010084016194593426,3,60mm,4.7695627
SubNetW8CleanAuxExDnRcK8QdEma,minbias,0,test,11.317661,13.699063301086426,0.2104146745191966,1,30mm,1.1505955
SubNetW8CleanAuxExDnRcK8QdEma,minbias,0,test,17.383947,15.966552734375,-0.08153468298626487,1,30mm,1.1112752
SubNetW8CleanAuxExDnRcK8QdEma,minbias,0,test,15.202675,14.930514335632324,-0.017902147647975375,4,120mm,2.9933321
SubNetW8CleanAuxExDnRcK8QdEma,minbias,0,test,4.179757,4.1174516677856445,-0.014906476304037186,3,60mm,0.97158897
SubNetW8CleanAuxExDnRcK8QdEma,minbias,0,test,9.218333,8.854379653930664,-0.039481496355881274,3,60mm,1.420403
SubNetW8CleanAuxExDnRcK8QdEma,minbias,0,test,20.153393,21.692964553833008,0.07639268375274999,4,120mm,4.6722183
SubNetW8CleanAuxExDnRcK8QdEma,minbias,0,test,27.224962,27.053882598876953,-0.006283925544011915,3,60mm,3.4106355
SubNetW8CleanAuxExDnRcK8QdEma,minbias,0,test,4.7002664,5.059582233428955,0.07644585318731845,4,120mm,0.98904395
SubNetW8CleanAuxExDnRcK8QdEma,minbias,0,test,5.897461,5.725709438323975,-0.02912295664120712,3,60mm,0.97706574
SubNetW8CleanAuxExDnRcK8QdEma,minbias,0,test,24.08345,23.451547622680664,-0.026238046723980335,3,60mm,2.6046693
SubNetW8CleanAuxExDnRcK8QdEma,minbias,0,test,66.15768,65.20732116699219,-0.01436500761870696,2,40mm,4.443253
SubNetW8CleanAuxExDnRcK8QdEma,minbias,0,test,17.56452,18.04282569885254,0.02723136298960549,3,60mm,3.377268
SubNetW8CleanAuxExDnRcK8QdEma,minbias,0,test,95.50432,92.36958312988281,-0.032822967225762834,0,15mm,2.2842362
SubNetW8CleanAuxExDnRcK8QdEma,minbias,0,test,62.76164,63.046302795410156,0.004535639288824278,0,15mm,2.076819
SubNetW8CleanAuxExDnRcK8QdEma,minbias,0,test,17.574718,18.5759220123291,0.05696839687031363,0,15mm,0.51111215
SubNetW8CleanAuxExDnRcK8QdEma,minbias,0,test,20.78867,20.036020278930664,-0.03620478473289446,2,40mm,2.7811418
SubNetW8CleanAuxExDnRcK8QdEma,minbias,0,test,45.4277,46.230777740478516,0.017678150049388774,1,30mm,4.1311502
SubNetW8CleanAuxExDnRcK8QdEma,minbias,0,test,39.240585,39.06856918334961,-0.00438362838792361,2,40mm,2.5854466
SubNetW8CleanAuxExDnRcK8QdEma,minbias,0,test,9.826216,10.55113410949707,0.07377391097074071,2,40mm,0.9210551
SubNetW8CleanAuxExDnRcK8QdEma,minbias,0,test,27.84927,27.7276554107666,-0.004366881313506599,0,15mm,0.8801586
SubNetW8CleanAuxExDnRcK8QdEma,minbias,0,test,25.75356,24.224767684936523,-0.05936233593699203,2,40mm,2.7697363
SubNetW8CleanAuxExDnRcK8QdEma,minbias,0,test,4.862796,4.797748565673828,-0.013376515563508273,3,60mm,0.9477932
SubNetW8CleanAuxExDnRcK8QdEma,minbias,0,test,31.619823,29.656890869140625,-0.06207917604009294,1,30mm,1.4477006
SubNetW8CleanAuxExDnRcK8QdEma,minbias,0,test,34.573345,33.54594802856445,-0.029716452090019052,1,30mm,3.2507188
SubNetW8CleanAuxExDnRcK8QdEma,minbias,0,test,63.604954,65.16107177734375,0.024465358739237608,1,30mm,4.157327
SubNetW8CleanAuxExDnRcK8QdEma,minbias,0,test,13.107968,12.645776748657227,-0.0352603523350562,4,120mm,3.1096952
SubNetW8CleanAuxExDnRcK8QdEma,minbias,0,test,19.347034,18.65260887145996,-0.035893127937742464,3,60mm,2.7582426
SubNetW8CleanAuxExDnRcK8QdEma,minbias,0,test,34.904423,34.73082733154297,-0.004973450776148858,3,60mm,4.536016
SubNetW8CleanAuxExDnRcK8QdEma,minbias,0,test,11.01984,10.643660545349121,-0.03413658337328673,4,120mm,2.3107285
SubNetW8CleanAuxExDnRcK8QdEma,minbias,0,test,79.23854,82.5162582397461,0.04136519379924075,1,30mm,3.401277
SubNetW8CleanAuxExDnRcK8QdEma,minbias,0,test,24.952723,25.17678451538086,0.008979459676131674,3,60mm,3.843489
SubNetW8CleanAuxExDnRcK8QdEma,minbias,0,test,24.2899,26.106670379638672,0.07479530860973194,3,60mm,3.452022
SubNetW8CleanAuxExDnRcK8QdEma,minbias,0,test,7.0301633,6.7957682609558105,-0.03334133469657208,3,60mm,1.039079
SubNetW8CleanAuxExDnRcK8QdEma,minbias,0,test,22.056984,22.992252349853516,0.04240237034741323,3,60mm,3.0058854
SubNetW8CleanAuxExDnRcK8QdEma,minbias,0,test,38.62735,37.97705078125,-0.01683519772212483,2,40mm,3.5527427
SubNetW8CleanAuxExDnRcK8QdEma,minbias,0,test,27.0172,28.486345291137695,0.05437812932542463,3,60mm,3.4794698
SubNetW8CleanAuxExDnRcK8QdEma,minbias,0,test,15.089552,14.452170372009277,-0.04223992579700531,3,60mm,1.589255
SubNetW8CleanAuxExDnRcK8QdEma,minbias,0,test,28.08827,28.524423599243164,0.015527955582726793,3,60mm,3.0847363
SubNetW8CleanAuxExDnRcK8QdEma,minbias,0,test,17.291933,17.405807495117188,0.006585408064656795,1,30mm,1.0292773
SubNetW8CleanAuxExDnRcK8QdEma,minbias,0,test,25.72047,25.530628204345703,-0.0073809779120905805,2,40mm,2.186597
SubNetW8CleanAuxExDnRcK8QdEma,minbias,0,test,18.665232,17.830583572387695,-0.04471673031058687,2,40mm,1.980426
SubNetW8CleanAuxExDnRcK8QdEma,minbias,0,test,11.005755,10.831279754638672,-0.01585312985171794,4,120mm,2.2691982
SubNetW8CleanAuxExDnRcK8QdEma,minbias,0,test,57.316975,54.639793395996094,-0.04670834880445984,2,40mm,4.459654
SubNetW8CleanAuxExDnRcK8QdEma,minbias,0,test,13.784857,12.649593353271484,-0.08235583871286878,3,60mm,2.0080438
SubNetW8CleanAuxExDnRcK8QdEma,minbias,0,test,4.0943394,4.076625347137451,-0.00432646685732363,3,60mm,0.7866053
SubNetW8CleanAuxExDnRcK8QdEma,minbias,0,test,4.030756,4.105188369750977,0.018466107377310248,3,60mm,0.7144064
SubNetW8CleanAuxExDnRcK8QdEma,minbias,0,test,12.192183,12.466547966003418,0.022503388887889386,2,40mm,1.7971216
SubNetW8CleanAuxExDnRcK8QdEma,minbias,0,test,11.865933,16.898942947387695,0.42415622536384445,1,30mm,0.71853137
SubNetW8CleanAuxExDnRcK8QdEma,minbias,0,test,43.05241,41.11658477783203,-0.04496438973444017,1,30mm,2.4406247
SubNetW8CleanAuxExDnRcK8QdEma,minbias,0,test,32.891773,32.941322326660156,0.0015064284447647847,1,30mm,2.2769408
SubNetW8CleanAuxExDnRcK8QdEma,minbias,0,test,13.648827,12.907783508300781,-0.05429353838138962,3,60mm,2.264169
SubNetW8CleanAuxExDnRcK8QdEma,minbias,0,test,86.19377,83.97331237792969,-0.025761246425122564,0,15mm,1.9251475
SubNetW8CleanAuxExDnRcK8QdEma,minbias,0,test,61.596153,60.7652702331543,-0.013489203175165887,1,30mm,3.2697835
SubNetW8CleanAuxExDnRcK8QdEma,minbias,0,test,15.775226,17.241058349609375,0.09291992037250751,2,40mm,1.5073647
SubNetW8CleanAuxExDnRcK8QdEma,minbias,0,test,3.7645907,3.6443023681640625,-0.031952576080894524,3,60mm,0.6470626
SubNetW8CleanAuxExDnRcK8QdEma,minbias,0,test,73.14784,71.7657241821289,-0.018894859774580497,1,30mm,4.100814
SubNetW8CleanAuxExDnRcK8QdEma,minbias,0,test,56.978607,55.99598693847656,-0.017245423992073183,1,30mm,3.4550967
SubNetW8CleanAuxExDnRcK8QdEma,minbias,0,test,27.04771,26.895288467407227,-0.0056352995848609755,3,60mm,4.0655265
SubNetW8CleanAuxExDnRcK8QdEma,minbias,0,test,14.294904,14.662516593933105,0.025716356335152124,2,40mm,2.4861753
SubNetW8CleanAuxExDnRcK8QdEma,minbias,0,test,27.006304,26.520048141479492,-0.018005264607215632,2,40mm,3.008181
SubNetW8CleanAuxExDnRcK8QdEma,minbias,0,test,67.982834,70.45413970947266,0.03635190983908454,1,30mm,2.7606487
SubNetW8CleanAuxExDnRcK8QdEma,minbias,0,test,26.67317,25.31467628479004,-0.05093109669236984,1,30mm,1.284713
SubNetW8CleanAuxExDnRcK8QdEma,minbias,0,test,9.722272,10.0890531539917,0.0377258770159441,2,40mm,1.580656
SubNetW8CleanAuxExDnRcK8QdEma,minbias,0,test,59.796513,57.986942291259766,-0.03026213793588728,0,15mm,2.9599943
SubNetW8CleanAuxExDnRcK8QdEma,minbias,0,test,7.122228,7.231969356536865,0.015408269532239949,4,120mm,1.5271302
SubNetW8CleanAuxExDnRcK8QdEma,minbias,0,test,19.158539,19.53018569946289,0.01939849821675188,3,60mm,2.2313192
SubNetW8CleanAuxExDnRcK8QdEma,minbias,0,test,19.945555,19.905139923095703,-0.002026256512847824,3,60mm,3.6482298
SubNetW8CleanAuxExDnRcK8QdEma,minbias,0,test,63.090614,62.00971984863281,-0.017132413147100012,1,30mm,3.5522711
SubNetW8CleanAuxExDnRcK8QdEma,minbias,0,test,19.514961,17.504562377929688,-0.10301833755886258,1,30mm,1.0780405
SubNetW8CleanAuxExDnRcK8QdEma,minbias,0,test,86.79728,87.3286361694336,0.00612181413350954,0,15mm,4.0222154
SubNetW8CleanAuxExDnRcK8QdEma,minbias,0,test,29.163076,30.222768783569336,0.03633678313804367,3,60mm,4.882857
SubNetW8CleanAuxExDnRcK8QdEma,minbias,0,test,20.20576,18.164566040039062,-0.10102035778647123,2,40mm,3.032851
SubNetW8CleanAuxExDnRcK8QdEma,minbias,0,test,47.73198,49.39236831665039,0.034785671334901735,0,15mm,1.3425117
SubNetW8CleanAuxExDnRcK8QdEma,minbias,0,test,20.877056,20.563739776611328,-0.015007688027781074,2,40mm,2.7970827
SubNetW8CleanAuxExDnRcK8QdEma,minbias,0,test,31.000032,30.037561416625977,-0.031047419406144527,2,40mm,3.3752606
SubNetW8CleanAuxExDnRcK8QdEma,minbias,0,test,22.182669,21.696821212768555,-0.021902120075077525,2,40mm,2.3265803
SubNetW8CleanAuxExDnRcK8QdEma,minbias,0,test,21.018448,20.073123931884766,-0.04497591590348937,0,15mm,0.57242584
SubNetW8CleanAuxExDnRcK8QdEma,minbias,0,test,17.724133,18.12555694580078,0.022648465706399223,2,40mm,1.6234417
SubNetW8CleanAuxExDnRcK8QdEma,minbias,0,test,13.380493,13.391225814819336,0.0008021117476941786,4,120mm,3.1651356
SubNetW8CleanAuxExDnRcK8QdEma,minbias,0,test,64.41973,65.87236022949219,0.022549443526789448,0,15mm,3.425901
SubNetW8CleanAuxExDnRcK8QdEma,minbias,0,test,5.6095715,5.6143059730529785,0.0008440067445736332,2,40mm,0.50582284
SubNetW8CleanAuxExDnRcK8QdEma,minbias,0,test,33.805153,33.80376434326172,-4.107509316941815e-05,3,60mm,4.2038064
SubNetW8CleanAuxExDnRcK8QdEma,minbias,0,test,13.43895,13.770524978637695,0.024672716537891715,3,60mm,1.9191828
SubNetW8CleanAuxExDnRcK8QdEma,minbias,0,test,55.51044,54.50137710571289,-0.018177908618281724,1,30mm,3.6373136
SubNetW8CleanAuxExDnRcK8QdEma,minbias,0,test,73.04905,76.53308868408203,0.04769451945416492,0,15mm,2.727295
SubNetW8CleanAuxExDnRcK8QdEma,minbias,0,test,11.956133,12.274948120117188,0.02666541383310128,2,40mm,1.4425244
SubNetW8CleanAuxExDnRcK8QdEma,minbias,0,test,19.855997,19.725282669067383,-0.006583120250299168,2,40mm,1.5907898
SubNetW8CleanAuxExDnRcK8QdEma,minbias,0,test,38.824284,38.28931427001953,-0.013779245364774817,3,60mm,4.117474
SubNetW8CleanAuxExDnRcK8QdEma,minbias,0,test,29.636282,30.443370819091797,0.027233134467507192,2,40mm,2.2249844
SubNetW8CleanAuxExDnRcK8QdEma,minbias,0,test,4.8911734,5.6249775886535645,0.1500262148777669,3,60mm,0.8238971
SubNetW8CleanAuxExDnRcK8QdEma,minbias,0,test,25.114346,24.499902725219727,-0.02446581074871934,3,60mm,2.5007215
SubNetW8CleanAuxExDnRcK8QdEma,minbias,0,test,49.1292,49.72853469848633,0.012199154820763392,1,30mm,4.1033874
SubNetW8CleanAuxExDnRcK8QdEma,minbias,0,test,28.756401,28.98693084716797,0.008016642439334642,2,40mm,2.9899182
SubNetW8CleanAuxExDnRcK8QdEma,minbias,0,test,34.180798,33.03132247924805,-0.033629264942399706,2,40mm,3.2129776
SubNetW8CleanAuxExDnRcK8QdEma,minbias,0,test,67.31908,78.40452575683594,0.16467025082375253,0,15mm,3.2711751
SubNetW8CleanAuxExDnRcK8QdEma,minbias,0,test,17.550173,17.81382942199707,0.015023021090938338,3,60mm,3.8145063
SubNetW8CleanAuxExDnRcK8QdEma,minbias,0,test,46.198917,44.35933303833008,-0.039818776165245984,0,15mm,1.6829464
SubNetW8CleanAuxExDnRcK8QdEma,minbias,0,test,6.3361225,6.839381217956543,0.07942692145253116,2,40mm,0.9397383
SubNetW8CleanAuxExDnRcK8QdEma,minbias,0,test,66.49899,64.20671844482422,-0.03447081488674597,1,30mm,2.9864092
SubNetW8CleanAuxExDnRcK8QdEma,minbias,0,test,32.721363,33.320552825927734,0.018311882578436744,0,15mm,0.7473726
SubNetW8CleanAuxExDnRcK8QdEma,minbias,0,test,35.69759,35.53028869628906,-0.004686623902839804,1,30mm,1.9445884
SubNetW8CleanAuxExDnRcK8QdEma,minbias,0,test,15.923653,15.191245079040527,-0.04599494764379097,3,60mm,1.6801318
SubNetW8CleanAuxExDnRcK8QdEma,minbias,0,test,73.22534,73.50435638427734,0.0038103555484427787,0,15mm,1.6376541
SubNetW8CleanAuxExDnRcK8QdEma,minbias,0,test,14.582213,14.772225379943848,0.013030393460435219,3,60mm,2.180153
SubNetW8CleanAuxExDnRcK8QdEma,minbias,0,test,20.547918,22.105571746826172,0.07580589930759474,2,40mm,1.7869102
SubNetW8CleanAuxExDnRcK8QdEma,minbias,0,test,8.531782,8.457168579101562,-0.00874536759762945,3,60mm,1.8775163
SubNetW8CleanAuxExDnRcK8QdEma,minbias,0,test,23.594019,24.030879974365234,0.018515753479307895,1,30mm,2.381248
SubNetW8CleanAuxExDnRcK8QdEma,minbias,0,test,66.04535,65.72051239013672,-0.004918389186821415,1,30mm,3.0266411
SubNetW8CleanAuxExDnRcK8QdEma,minbias,0,test,30.678963,29.50710678100586,-0.038197377717286596,3,60mm,4.5524845
SubNetW8CleanAuxExDnRcK8QdEma,minbias,0,test,18.62506,17.251081466674805,-0.07377037848333234,2,40mm,3.6351602
SubNetW8CleanAuxExDnRcK8QdEma,minbias,0,test,7.7065196,7.755082130432129,0.006301486170148918,3,60mm,1.7499164
SubNetW8CleanAuxExDnRcK8QdEma,minbias,0,test,36.853676,35.428497314453125,-0.038671272139340074,2,40mm,4.829521
SubNetW8CleanAuxExDnRcK8QdEma,minbias,0,test,51.47431,50.22774124145508,-0.02421733371217727,2,40mm,3.272021
SubNetW8CleanAuxExDnRcK8QdEma,minbias,0,test,70.39139,73.2008285522461,0.03991170930184662,0,15mm,2.5371194
SubNetW8CleanAuxExDnRcK8QdEma,minbias,0,test,20.081472,22.723814010620117,0.13158106943313252,1,30mm,1.09893
SubNetW8CleanAuxExDnRcK8QdEma,minbias,0,test,27.638956,27.497459411621094,-0.005119464641396232,2,40mm,2.445009
SubNetW8CleanAuxExDnRcK8QdEma,minbias,0,test,30.405014,29.033950805664062,-0.04509332673566446,3,60mm,4.820482
SubNetW8CleanAuxExDnRcK8QdEma,minbias,0,test,15.717479,16.899137496948242,0.07518118926366646,2,40mm,1.4687603
SubNetW8CleanAuxExDnRcK8QdEma,minbias,0,test,10.036299,9.93220329284668,-0.010371897206167158,3,60mm,1.194488
SubNetW8CleanAuxExDnRcK8QdEma,minbias,0,test,15.145869,15.55059814453125,0.026722064125171308,2,40mm,1.2524493
SubNetW8CleanAuxExDnRcK8QdEma,minbias,0,test,27.196793,26.448898315429688,-0.02749935619391941,3,60mm,3.9704385
SubNetW8CleanAuxExDnRcK8QdEma,minbias,0,test,8.153422,8.372486114501953,0.026867706503422406,2,40mm,1.383315
SubNetW8CleanAuxExDnRcK8QdEma,minbias,0,test,89.050545,86.60062408447266,-0.027511574033418196,1,30mm,4.7599254
SubNetW8CleanAuxExDnRcK8QdEma,minbias,0,test,23.431461,23.571985244750977,0.005997232034230082,3,60mm,2.925423
SubNetW8CleanAuxExDnRcK8QdEma,minbias,0,test,32.999763,32.67156219482422,-0.009945565035852644,3,60mm,4.4491763
SubNetW8CleanAuxExDnRcK8QdEma,minbias,0,test,34.4126,33.59910583496094,-0.023639469299440163,2,40mm,4.117915
SubNetW8CleanAuxExDnRcK8QdEma,minbias,0,test,28.252571,26.558910369873047,-0.05994713648298289,3,60mm,4.4751496
SubNetW8CleanAuxExDnRcK8QdEma,minbias,0,test,20.1017,21.105257034301758,0.049923997161042566,3,60mm,3.0643585
SubNetW8CleanAuxExDnRcK8QdEma,minbias,0,test,19.154945,17.954383850097656,-0.06267632196415551,2,40mm,1.7884332
SubNetW8CleanAuxExDnRcK8QdEma,minbias,0,test,37.332977,34.69921112060547,-0.07054798103859394,1,30mm,1.8854535
SubNetW8CleanAuxExDnRcK8QdEma,minbias,0,test,33.233147,33.459144592285156,0.006800376956956455,0,15mm,1.4686729
SubNetW8CleanAuxExDnRcK8QdEma,minbias,0,test,6.657467,6.329746246337891,-0.049226026592712024,3,60mm,1.282873
SubNetW8CleanAuxExDnRcK8QdEma,minbias,0,test,29.71627,29.19111442565918,-0.017672339537316173,2,40mm,2.6056473
SubNetW8CleanAuxExDnRcK8QdEma,minbias,0,test,65.46658,75.0011215209961,0.1456397721620597,1,30mm,3.2413008
SubNetW8CleanAuxExDnRcK8QdEma,minbias,0,test,97.293106,95.25305938720703,-0.020968049783876008,0,15mm,3.366416
SubNetW8CleanAuxExDnRcK8QdEma,minbias,0,test,22.656013,22.30794906616211,-0.015363003856788682,2,40mm,2.6282036
SubNetW8CleanAuxExDnRcK8QdEma,minbias,0,test,32.309284,31.907119750976562,-0.012447334227896345,2,40mm,3.8445258
SubNetW8CleanAuxExDnRcK8QdEma,minbias,0,test,74.850426,74.21514129638672,-0.008487385578844542,1,30mm,4.056278
SubNetW8CleanAuxExDnRcK8QdEma,minbias,0,test,24.819185,24.766735076904297,-0.002113291774515691,3,60mm,3.3934405
SubNetW8CleanAuxExDnRcK8QdEma,minbias,0,test,16.205357,16.366554260253906,0.00994718390673377,2,40mm,1.7208364
SubNetW8CleanAuxExDnRcK8QdEma,minbias,0,test,26.772827,26.721826553344727,-0.0019049387205172241,3,60mm,4.6057615
SubNetW8CleanAuxExDnRcK8QdEma,minbias,0,test,26.029715,25.823503494262695,-0.007922141805268512,2,40mm,2.020824
SubNetW8CleanAuxExDnRcK8QdEma,minbias,0,test,72.56996,70.65784454345703,-0.026348601592322884,0,15mm,3.381711
SubNetW8CleanAuxExDnRcK8QdEma,minbias,0,test,12.828173,12.202254295349121,-0.04879248228091326,3,60mm,2.8941479
SubNetW8CleanAuxExDnRcK8QdEma,minbias,0,test,12.3905525,12.593814849853516,0.01640462188922842,1,30mm,0.86269474
SubNetW8CleanAuxExDnRcK8QdEma,minbias,0,test,17.716957,17.321346282958984,-0.022329500899363808,3,60mm,3.0573409
SubNetW8CleanAuxExDnRcK8QdEma,minbias,0,test,4.0005913,4.359499931335449,0.08971390184899652,2,40mm,0.51829106
SubNetW8CleanAuxExDnRcK8QdEma,minbias,0,test,14.828275,14.735042572021484,-0.006287458019459402,3,60mm,3.0732145
SubNetW8CleanAuxExDnRcK8QdEma,minbias,0,test,36.14306,34.989322662353516,-0.0319213744919884,1,30mm,2.3075292
SubNetW8CleanAuxExDnRcK8QdEma,minbias,0,test,32.2536,36.44521713256836,0.12995807967936002,1,30mm,2.0896058
SubNetW8CleanAuxExDnRcK8QdEma,minbias,0,test,44.18111,44.11829376220703,-0.0014217981243523914,1,30mm,4.095522
SubNetW8CleanAuxExDnRcK8QdEma,minbias,0,test,28.779537,28.245670318603516,-0.018550224716852304,3,60mm,3.0188699
SubNetW8CleanAuxExDnRcK8QdEma,minbias,0,test,35.22333,34.728519439697266,-0.014047848154319253,2,40mm,4.1467776
SubNetW8CleanAuxExDnRcK8QdEma,minbias,0,test,8.225527,7.730535984039307,-0.06017740104740932,3,60mm,1.3777958
SubNetW8CleanAuxExDnRcK8QdEma,minbias,0,test,17.780962,17.112058639526367,-0.037619075457945406,3,60mm,2.1949487
SubNetW8CleanAuxExDnRcK8QdEma,minbias,0,test,6.837586,7.95934534072876,0.16405781613627357,2,40mm,0.5623257
SubNetW8CleanAuxExDnRcK8QdEma,minbias,0,test,45.080856,45.527427673339844,0.009906008592552418,1,30mm,2.090964
SubNetW8CleanAuxExDnRcK8QdEma,minbias,0,test,39.56987,40.41065216064453,0.021248039622851822,2,40mm,4.773989
SubNetW8CleanAuxExDnRcK8QdEma,minbias,0,test,26.148384,25.89897346496582,-0.009538280773817243,3,60mm,3.03367
SubNetW8CleanAuxExDnRcK8QdEma,minbias,0,test,22.634968,22.268815994262695,-0.01617637863961985,3,60mm,3.1766713
SubNetW8CleanAuxExDnRcK8QdEma,minbias,0,test,43.796974,45.367454528808594,0.03585819285480496,1,30mm,2.0937126
SubNetW8CleanAuxExDnRcK8QdEma,minbias,0,test,86.3659,83.22235107421875,-0.036398012712021255,0,15mm,4.093428
SubNetW8CleanAuxExDnRcK8QdEma,minbias,0,test,24.087631,23.60544204711914,-0.020018123573504965,2,40mm,1.6661285
SubNetW8CleanAuxExDnRcK8QdEma,minbias,0,test,18.584177,17.69309425354004,-0.04794846512958795,1,30mm,0.9910618
SubNetW8CleanAuxExDnRcK8QdEma,minbias,0,test,87.57722,85.81568908691406,-0.020113998519547316,0,15mm,2.2844698
SubNetW8CleanAuxExDnRcK8QdEma,minbias,0,test,44.933662,44.21492004394531,-0.01599563293938666,0,15mm,2.2333412
SubNetW8CleanAuxExDnRcK8QdEma,minbias,0,test,7.3814263,7.820512294769287,0.05948524587219883,2,40mm,0.80540407
SubNetW8CleanAuxExDnRcK8QdEma,minbias,0,test,9.879941,9.583184242248535,-0.030036287138379802,3,60mm,1.8349086
SubNetW8CleanAuxExDnRcK8QdEma,minbias,0,test,9.321173,9.748690605163574,0.045865247221238414,3,60mm,1.540762
SubNetW8CleanAuxExDnRcK8QdEma,minbias,0,test,22.16764,22.135345458984375,-0.0014568635204884606,2,40mm,2.2038531
SubNetW8CleanAuxExDnRcK8QdEma,minbias,0,test,3.8656266,4.033867835998535,0.04352237838660633,2,40mm,0.5248056
SubNetW8CleanAuxExDnRcK8QdEma,minbias,0,test,19.226036,18.89899253845215,-0.01701045041756033,3,60mm,4.1229544
SubNetW8CleanAuxExDnRcK8QdEma,minbias,0,test,16.681103,15.932660102844238,-0.04486769615520858,1,30mm,1.4264712
SubNetW8CleanAuxExDnRcK8QdEma,minbias,0,test,6.041722,5.9832987785339355,-0.009669932517569091,2,40mm,1.0071003
SubNetW8CleanAuxExDnRcK8QdEma,minbias,0,test,21.279625,23.91722869873047,0.12394972972178397,2,40mm,1.7259871
SubNetW8CleanAuxExDnRcK8QdEma,minbias,0,test,24.175524,24.059057235717773,-0.0048175387380623436,3,60mm,3.777748
SubNetW8CleanAuxExDnRcK8QdEma,minbias,0,test,7.8900886,7.745739459991455,-0.018294990878854223,3,60mm,1.6939223
SubNetW8CleanAuxExDnRcK8QdEma,minbias,0,test,8.536737,9.581692695617676,0.12240686335952589,4,120mm,1.7178994
SubNetW8CleanAuxExDnRcK8QdEma,minbias,0,test,9.476727,7.8432087898254395,-0.17237151843984566,2,40mm,1.211243
SubNetW8CleanAuxExDnRcK8QdEma,minbias,0,test,43.52922,45.380985260009766,0.042540726763231396,2,40mm,3.60902
SubNetW8CleanAuxExDnRcK8QdEma,minbias,0,test,52.47462,50.594600677490234,-0.03582722680518269,2,40mm,3.4517443
SubNetW8CleanAuxExDnRcK8QdEma,minbias,0,test,46.60244,43.0262565612793,-0.07673811346083792,1,30mm,2.2738855
SubNetW8CleanAuxExDnRcK8QdEma,minbias,0,test,9.54648,7.944694519042969,-0.1677880883617826,2,40mm,0.6832349
SubNetW8CleanAuxExDnRcK8QdEma,minbias,0,test,18.622723,19.875505447387695,0.06727173286274524,3,60mm,2.4712353
SubNetW8CleanAuxExDnRcK8QdEma,minbias,0,test,40.776524,38.010284423828125,-0.0678390142835078,1,30mm,2.1393816
SubNetW8CleanAuxExDnRcK8QdEma,minbias,0,test,34.600006,34.839778900146484,0.00692984839116817,0,15mm,1.0687459
SubNetW8CleanAuxExDnRcK8QdEma,minbias,0,test,22.564543,21.410545349121094,-0.051142069795412914,3,60mm,4.041373
SubNetW8CleanAuxExDnRcK8QdEma,minbias,0,test,11.350076,10.680477142333984,-0.058995075964483945,3,60mm,1.4579917
SubNetW8CleanAuxExDnRcK8QdEma,minbias,0,test,18.797432,18.34791374206543,-0.02391380934541809,1,30mm,1.7339004
SubNetW8CleanAuxExDnRcK8QdEma,minbias,0,test,21.160677,20.287656784057617,-0.041256722264941925,2,40mm,3.4843643
SubNetW8CleanAuxExDnRcK8QdEma,minbias,0,test,40.03033,40.47099685668945,0.011008307737844225,2,40mm,2.7042048
SubNetW8CleanAuxExDnRcK8QdEma,minbias,0,test,14.714852,14.89258098602295,0.012078181209789651,4,120mm,2.9900818
SubNetW8CleanAuxExDnRcK8QdEma,minbias,0,test,33.430603,32.81122970581055,-0.018527135781146398,3,60mm,4.542826
SubNetW8CleanAuxExDnRcK8QdEma,minbias,0,test,17.59223,17.95551872253418,0.020650530525907262,3,60mm,4.179519
SubNetW8CleanAuxExDnRcK8QdEma,minbias,0,test,19.651356,19.65694236755371,0.0002842869580323981,2,40mm,1.7625145
SubNetW8CleanAuxExDnRcK8QdEma,minbias,0,test,23.26124,22.380741119384766,-0.037852620320346975,2,40mm,3.4785514
SubNetW8CleanAuxExDnRcK8QdEma,minbias,0,test,47.906773,48.57698440551758,0.013989917404767294,1,30mm,4.66362
SubNetW8CleanAuxExDnRcK8QdEma,minbias,0,test,47.34409,45.442657470703125,-0.040161972848373084,1,30mm,2.8099506
SubNetW8CleanAuxExDnRcK8QdEma,minbias,0,test,31.747126,30.845550537109375,-0.028398636750083472,3,60mm,4.1393495
SubNetW8CleanAuxExDnRcK8QdEma,minbias,0,test,34.42126,34.617000579833984,0.0056865943127186735,3,60mm,4.712961
SubNetW8CleanAuxExDnRcK8QdEma,minbias,0,test,5.9413404,6.237199306488037,0.0497966515605992,3,60mm,0.6322903
SubNetW8CleanAuxExDnRcK8QdEma,minbias,0,test,25.497969,24.604515075683594,-0.03504018729710834,1,30mm,1.5206766
SubNetW8CleanAuxExDnRcK8QdEma,minbias,0,test,42.799698,44.80362319946289,0.04682101563644747,0,15mm,1.7554624
SubNetW8CleanAuxExDnRcK8QdEma,minbias,0,test,26.02593,26.855619430541992,0.031879322390343745,3,60mm,4.0548396
SubNetW8CleanAuxExDnRcK8QdEma,minbias,0,test,40.357506,39.92464828491211,-0.010725576441484197,1,30mm,1.9795507
SubNetW8CleanAuxExDnRcK8QdEma,minbias,0,test,66.54592,66.29434967041016,-0.003780421853988858,1,30mm,4.6724553
SubNetW8CleanAuxExDnRcK8QdEma,minbias,0,test,50.77069,50.34967041015625,-0.008292589685114815,1,30mm,4.4306784
SubNetW8CleanAuxExDnRcK8QdEma,minbias,0,test,15.643741,15.304221153259277,-0.021703217167934108,2,40mm,2.4010787
SubNetW8CleanAuxExDnRcK8QdEma,minbias,0,test,34.58301,34.912296295166016,0.00952157294796696,2,40mm,3.0420208
SubNetW8CleanAuxExDnRcK8QdEma,minbias,0,test,9.791479,9.15234375,-0.06527464885444878,3,60mm,2.0867832
SubNetW8CleanAuxExDnRcK8QdEma,minbias,0,test,25.35229,24.256927490234375,-0.04320563326494831,2,40mm,2.4630072
SubNetW8CleanAuxExDnRcK8QdEma,minbias,0,test,72.57298,70.76727294921875,-0.024881295621262844,0,15mm,2.1791215
SubNetW8CleanAuxExDnRcK8QdEma,minbias,0,test,18.698109,18.181129455566406,-0.02764874386857996,3,60mm,2.0878348
SubNetW8CleanAuxExDnRcK8QdEma,minbias,0,test,4.514015,4.319632053375244,-0.04306213777822099,3,60mm,0.93637663
SubNetW8CleanAuxExDnRcK8QdEma,minbias,0,test,24.976128,25.027713775634766,0.0020654183025723416,3,60mm,4.459572
SubNetW8CleanAuxExDnRcK8QdEma,minbias,0,test,23.975328,22.239168167114258,-0.07241445230965815,2,40mm,1.5416447
SubNetW8CleanAuxExDnRcK8QdEma,minbias,0,test,17.001287,16.524606704711914,-0.028037921053189585,3,60mm,2.2278998
SubNetW8CleanAuxExDnRcK8QdEma,minbias,0,test,71.05551,69.64480590820312,-0.019853569936096327,1,30mm,4.8371973
SubNetW8CleanAuxExDnRcK8QdEma,minbias,0,test,28.529514,29.295330047607422,0.026842929272062444,3,60mm,4.6956577
SubNetW8CleanAuxExDnRcK8QdEma,minbias,0,test,82.343765,83.64429473876953,0.015793903471539972,1,30mm,3.2586992
SubNetW8CleanAuxExDnRcK8QdEma,minbias,0,test,22.194668,22.483341217041016,0.0130064303403854,2,40mm,2.1145592
SubNetW8CleanAuxExDnRcK8QdEma,minbias,0,test,12.726003,12.702972412109375,-0.001809702671149327,2,40mm,1.5599974
SubNetW8CleanAuxExDnRcK8QdEma,minbias,0,test,23.59077,23.38912010192871,-0.008547860597178714,3,60mm,2.6849842
SubNetW8CleanAuxExDnRcK8QdEma,minbias,0,test,65.79497,66.12818908691406,0.005064542888941537,1,30mm,4.4507275
SubNetW8CleanAuxExDnRcK8QdEma,minbias,0,test,29.268774,30.082992553710938,0.027818675295776973,3,60mm,3.8637543
SubNetW8CleanAuxExDnRcK8QdEma,minbias,0,test,88.80643,88.63490295410156,-0.001931437325451535,0,15mm,3.6913955
SubNetW8CleanAuxExDnRcK8QdEma,minbias,0,test,21.141924,20.561248779296875,-0.02746557634713187,3,60mm,4.2642527
SubNetW8CleanAuxExDnRcK8QdEma,minbias,0,test,24.813969,24.16701316833496,-0.02607222967907097,3,60mm,3.9336355
SubNetW8CleanAuxExDnRcK8QdEma,minbias,0,test,8.811088,8.48784351348877,-0.03668606070183278,3,60mm,1.0443951
SubNetW8CleanAuxExDnRcK8QdEma,minbias,0,test,57.198254,56.00637435913086,-0.02083768641150674,1,30mm,4.7796555
SubNetW8CleanAuxExDnRcK8QdEma,minbias,0,test,13.332442,13.248820304870605,-0.006272067561277739,3,60mm,1.9956665
SubNetW8CleanAuxExDnRcK8QdEma,minbias,0,test,17.383602,16.9923095703125,-0.022509291734684633,3,60mm,3.040872
SubNetW8CleanAuxExDnRcK8QdEma,minbias,0,test,19.200941,22.417449951171875,0.16751829251393424,3,60mm,3.796996
SubNetW8CleanAuxExDnRcK8QdEma,minbias,0,test,74.694565,72.8023910522461,-0.02533214795034222,1,30mm,3.6525111
SubNetW8CleanAuxExDnRcK8QdEma,minbias,0,test,9.250534,10.06890869140625,0.08846782560788324,1,30mm,0.5640817
SubNetW8CleanAuxExDnRcK8QdEma,minbias,0,test,82.81576,82.66918182373047,-0.0017699038409363377,0,15mm,4.503535
SubNetW8CleanAuxExDnRcK8QdEma,minbias,0,test,8.225847,8.166409492492676,-0.007225730068288749,3,60mm,1.8296899
SubNetW8CleanAuxExDnRcK8QdEma,minbias,0,test,23.937374,24.513559341430664,0.024070527689150634,2,40mm,3.2933965
SubNetW8CleanAuxExDnRcK8QdEma,minbias,0,test,71.38644,70.43750762939453,-0.01329284497213401,1,30mm,4.389884
SubNetW8CleanAuxExDnRcK8QdEma,minbias,0,test,23.641819,23.047563552856445,-0.025135775186399978,3,60mm,2.9055853
SubNetW8CleanAuxExDnRcK8QdEma,minbias,0,test,21.531494,20.86750030517578,-0.030838260973093057,3,60mm,4.7981257
SubNetW8CleanAuxExDnRcK8QdEma,minbias,0,test,96.27395,95.57772827148438,-0.007231659317722183,1,30mm,4.5784283
SubNetW8CleanAuxExDnRcK8QdEma,minbias,0,test,39.983444,29.222381591796875,-0.2691379603145375,0,15mm,2.285383
SubNetW8CleanAuxExDnRcK8QdEma,minbias,0,test,36.71613,37.273834228515625,0.015189643792104857,0,15mm,1.667443
SubNetW8CleanAuxExDnRcK8QdEma,minbias,0,test,36.63578,38.53114700317383,0.0517353977831807,2,40mm,4.3436065
SubNetW8CleanAuxExDnRcK8QdEma,minbias,0,test,18.253828,17.64071273803711,-0.03358831413514973,3,60mm,3.6272032
SubNetW8CleanAuxExDnRcK8QdEma,minbias,0,test,17.636776,16.89748764038086,-0.04191743044853602,2,40mm,2.0666301
SubNetW8CleanAuxExDnRcK8QdEma,minbias,0,test,7.8626533,7.422013759613037,-0.05604208675277278,3,60mm,1.1941415
SubNetW8CleanAuxExDnRcK8QdEma,minbias,0,test,22.301985,22.02483558654785,-0.012427109205148557,4,120mm,4.6350584
SubNetW8CleanAuxExDnRcK8QdEma,minbias,0,test,11.785238,10.964537620544434,-0.06963801892873744,2,40mm,0.83043206
SubNetW8CleanAuxExDnRcK8QdEma,minbias,0,test,54.88218,55.7692756652832,0.016163651243195742,1,30mm,2.7445428
SubNetW8CleanAuxExDnRcK8QdEma,minbias,0,test,34.21674,35.09891128540039,0.025781872842531195,3,60mm,3.9887297
SubNetW8CleanAuxExDnRcK8QdEma,minbias,0,test,53.59794,53.74398422241211,0.0027248377232271803,2,40mm,4.521377
SubNetW8CleanAuxExDnRcK8QdEma,minbias,0,test,30.9948,30.72064208984375,-0.008845305430664752,1,30mm,1.9420599
SubNetW8CleanAuxExDnRcK8QdEma,minbias,0,test,21.413914,21.347030639648438,-0.003123347184988301,3,60mm,4.9247613
SubNetW8CleanAuxExDnRcK8QdEma,minbias,0,test,18.119188,20.790895462036133,0.14745181228869675,0,15mm,0.840952
SubNetW8CleanAuxExDnRcK8QdEma,minbias,0,test,11.578959,11.681757926940918,0.008878039708538177,3,60mm,1.3862362
SubNetW8CleanAuxExDnRcK8QdEma,minbias,0,test,41.71022,44.67905044555664,0.0711775215921151,1,30mm,2.3651142
SubNetW8CleanAuxExDnRcK8QdEma,minbias,0,test,47.230576,46.08072280883789,-0.024345516416324986,3,60mm,4.776395
SubNetW8CleanAuxExDnRcK8QdEma,minbias,0,test,38.558277,35.57051467895508,-0.0774869281915459,0,15mm,1.5528438
SubNetW8CleanAuxExDnRcK8QdEma,minbias,0,test,15.56203,16.125951766967773,0.03623704197047539,3,60mm,3.1820178
SubNetW8CleanAuxExDnRcK8QdEma,minbias,0,test,30.02934,29.436771392822266,-0.01973301233109226,3,60mm,4.3130045
SubNetW8CleanAuxExDnRcK8QdEma,minbias,0,test,25.106953,25.37324333190918,0.01060625190966924,2,40mm,4.172233
SubNetW8CleanAuxExDnRcK8QdEma,minbias,0,test,27.977062,30.809741973876953,0.10125007857219903,2,40mm,2.3307986
SubNetW8CleanAuxExDnRcK8QdEma,minbias,0,test,30.446821,30.00448226928711,-0.014528247149030449,1,30mm,1.9669336
SubNetW8CleanAuxExDnRcK8QdEma,minbias,0,test,62.172802,62.00354766845703,-0.0027223206548785406,1,30mm,3.2260704
SubNetW8CleanAuxExDnRcK8QdEma,minbias,0,test,23.918251,24.50397300720215,0.02448849494404004,3,60mm,3.3311257
SubNetW8CleanAuxExDnRcK8QdEma,minbias,0,test,19.803967,19.1110897064209,-0.03498676969679804,3,60mm,3.829196
SubNetW8CleanAuxExDnRcK8QdEma,minbias,0,test,67.17426,67.29114532470703,0.0017399867002321212,0,15mm,3.6009772
SubNetW8CleanAuxExDnRcK8QdEma,minbias,0,test,47.898453,52.71258544921875,0.10050706052391911,1,30mm,3.3343847
SubNetW8CleanAuxExDnRcK8QdEma,minbias,0,test,16.833395,14.454888343811035,-0.14129690771574843,1,30mm,1.2547739
SubNetW8CleanAuxExDnRcK8QdEma,minbias,0,test,6.521213,4.540246963500977,-0.30377263778268093,2,40mm,1.1925383
SubNetW8CleanAuxExDnRcK8QdEma,minbias,0,test,47.210766,50.12519836425781,0.06173237128999243,2,40mm,3.6076207
SubNetW8CleanAuxExDnRcK8QdEma,minbias,0,test,17.690058,17.711471557617188,0.0012104993323223123,4,120mm,3.7885325
SubNetW8CleanAuxExDnRcK8QdEma,minbias,0,test,49.50891,49.59376525878906,0.0017139162230599414,2,40mm,4.558349
SubNetW8CleanAuxExDnRcK8QdEma,minbias,0,test,87.67497,85.71487426757812,-0.022356417229984604,0,15mm,2.0686176
SubNetW8CleanAuxExDnRcK8QdEma,minbias,0,test,7.1139855,8.421161651611328,0.1837473672187797,3,60mm,1.0122947
SubNetW8CleanAuxExDnRcK8QdEma,minbias,0,test,39.392075,35.90920639038086,-0.08841545491766922,1,30mm,2.4257848
SubNetW8CleanAuxExDnRcK8QdEma,minbias,0,test,19.73344,19.82308578491211,0.004542815846037662,3,60mm,2.6126616
SubNetW8CleanAuxExDnRcK8QdEma,minbias,0,test,7.3970714,7.611003875732422,0.028921245143440633,2,40mm,1.0472578
SubNetW8CleanAuxExDnRcK8QdEma,minbias,0,test,28.49323,30.429962158203125,0.06797162984977434,3,60mm,3.6882622
SubNetW8CleanAuxExDnRcK8QdEma,minbias,0,test,16.596561,16.76737403869629,0.010292047995156706,1,30mm,1.746455
SubNetW8CleanAuxExDnRcK8QdEma,minbias,0,test,27.0914,28.278364181518555,0.043813314506308876,0,15mm,0.7357919
SubNetW8CleanAuxExDnRcK8QdEma,minbias,0,test,87.09507,84.86116790771484,-0.02564900608590348,1,30mm,4.223914
SubNetW8CleanAuxExDnRcK8QdEma,minbias,0,test,10.536355,10.564146995544434,0.002637722142012855,3,60mm,2.453011
SubNetW8CleanAuxExDnRcK8QdEma,minbias,0,test,12.888049,12.767205238342285,-0.009376429756804305,2,40mm,2.6678236
SubNetW8CleanAuxExDnRcK8QdEma,minbias,0,test,16.286646,15.979113578796387,-0.018882482776163112,3,60mm,1.971233
SubNetW8CleanAuxExDnRcK8QdEma,minbias,0,test,14.838509,15.231497764587402,0.02648441087082043,3,60mm,2.6153786
SubNetW8CleanAuxExDnRcK8QdEma,minbias,0,test,83.9617,82.6047592163086,-0.016161430938658183,0,15mm,3.8239412
SubNetW8CleanAuxExDnRcK8QdEma,minbias,0,test,22.776669,22.192672729492188,-0.02564008945584373,3,60mm,3.6433218
SubNetW8CleanAuxExDnRcK8QdEma,minbias,0,test,37.815784,38.88407897949219,0.028249963356868024,0,15mm,1.1943156
SubNetW8CleanAuxExDnRcK8QdEma,minbias,0,test,25.252232,25.03704071044922,-0.008521658239070806,2,40mm,4.204168
SubNetW8CleanAuxExDnRcK8QdEma,minbias,0,test,22.566822,22.964508056640625,0.017622596736140528,3,60mm,2.5110254
SubNetW8CleanAuxExDnRcK8QdEma,minbias,0,test,16.315722,16.376535415649414,0.0037273193076052813,3,60mm,2.4171095
SubNetW8CleanAuxExDnRcK8QdEma,minbias,0,test,35.394268,34.98512649536133,-0.011559542356194163,1,30mm,1.7406536
SubNetW8CleanAuxExDnRcK8QdEma,minbias,0,test,52.17153,51.773040771484375,-0.007638090984695256,0,15mm,2.193677
SubNetW8CleanAuxExDnRcK8QdEma,minbias,0,test,80.416824,92.5233383178711,0.15054702888715554,0,15mm,2.3849354
SubNetW8CleanAuxExDnRcK8QdEma,minbias,0,test,5.8695207,5.33484411239624,-0.09109373361246154,2,40mm,0.5518648
SubNetW8CleanAuxExDnRcK8QdEma,minbias,0,test,27.561739,27.26286506652832,-0.010843796964891128,2,40mm,4.254009
SubNetW8CleanAuxExDnRcK8QdEma,minbias,0,test,70.06187,70.87620544433594,0.011623137117779514,0,15mm,2.945526
SubNetW8CleanAuxExDnRcK8QdEma,minbias,0,test,48.458126,48.4066047668457,-0.0010632128282697106,2,40mm,3.559737
SubNetW8CleanAuxExDnRcK8QdEma,minbias,0,test,12.888507,13.42874526977539,0.04191628906827205,4,120mm,3.0088155
SubNetW8CleanAuxExDnRcK8QdEma,minbias,0,test,18.835546,19.61587905883789,0.04142871912825297,3,60mm,3.3999777
SubNetW8CleanAuxExDnRcK8QdEma,minbias,0,test,34.534477,35.04718017578125,0.014846118515772444,2,40mm,2.1642575
SubNetW8CleanAuxExDnRcK8QdEma,minbias,0,test,7.807083,8.116515159606934,0.03963478095163642,2,40mm,0.76912457
SubNetW8CleanAuxExDnRcK8QdEma,minbias,0,test,15.555675,15.16918659210205,-0.024845464560258712,2,40mm,1.9234719
SubNetW8CleanAuxExDnRcK8QdEma,minbias,0,test,17.676004,17.137685775756836,-0.030454769163502204,3,60mm,2.215407
SubNetW8CleanAuxExDnRcK8QdEma,minbias,0,test,13.177125,13.276336669921875,0.0075290849090667855,3,60mm,2.1117573
SubNetW8CleanAuxExDnRcK8QdEma,minbias,0,test,25.673283,23.8819580078125,-0.0697738829024307,2,40mm,3.083502
SubNetW8CleanAuxExDnRcK8QdEma,minbias,0,test,8.57863,8.461705207824707,-0.013629825912199522,2,40mm,0.9723443
SubNetW8CleanAuxExDnRcK8QdEma,minbias,0,test,24.227718,24.711870193481445,0.01998338568867286,3,60mm,3.5376854
SubNetW8CleanAuxExDnRcK8QdEma,minbias,0,test,26.991081,24.804367065429688,-0.08101617542099204,2,40mm,4.5302835
SubNetW8CleanAuxExDnRcK8QdEma,minbias,0,test,49.783348,45.04792022705078,-0.09512071884966644,1,30mm,2.8618503
SubNetW8CleanAuxExDnRcK8QdEma,minbias,0,test,25.722517,26.376924514770508,0.025441036772411607,2,40mm,1.9943777
SubNetW8CleanAuxExDnRcK8QdEma,minbias,0,test,37.3671,37.89960479736328,0.014250638631110535,2,40mm,2.6923327
SubNetW8CleanAuxExDnRcK8QdEma,minbias,0,test,7.205374,7.327212333679199,0.016909403124818922,3,60mm,1.1349677
SubNetW8CleanAuxExDnRcK8QdEma,minbias,0,test,15.536068,14.963887214660645,-0.0368291867261098,3,60mm,2.4125237
SubNetW8CleanAuxExDnRcK8QdEma,minbias,0,test,71.633446,76.23770141601562,0.06427522268016261,0,15mm,1.5285349
SubNetW8CleanAuxExDnRcK8QdEma,minbias,0,test,10.625511,9.921659469604492,-0.06624167897483102,1,30mm,0.9226491
SubNetW8CleanAuxExDnRcK8QdEma,minbias,0,test,88.342155,89.46477508544922,0.012707632308773364,1,30mm,4.2785144
SubNetW8CleanAuxExDnRcK8QdEma,minbias,0,test,20.716187,20.310165405273438,-0.019599221010329515,3,60mm,2.7286716
SubNetW8CleanAuxExDnRcK8QdEma,minbias,0,test,43.515446,43.60598373413086,0.0020805951410292067,1,30mm,2.7405396
SubNetW8CleanAuxExDnRcK8QdEma,minbias,0,test,22.590462,23.87690544128418,0.05694632210922279,2,40mm,1.7902268
SubNetW8CleanAuxExDnRcK8QdEma,minbias,0,test,59.1656,50.90842056274414,-0.1395604757655865,1,30mm,3.7879467
SubNetW8CleanAuxExDnRcK8QdEma,minbias,0,test,19.28373,18.964807510375977,-0.016538400518761764,3,60mm,4.3983855
SubNetW8CleanAuxExDnRcK8QdEma,minbias,0,test,48.08903,46.100521087646484,-0.04135059662067653,2,40mm,4.3203726
SubNetW8CleanAuxExDnRcK8QdEma,minbias,0,test,29.854513,29.988052368164062,0.004472998741468004,1,30mm,1.5196617
SubNetW8CleanAuxExDnRcK8QdEma,minbias,0,test,9.214751,7.147038459777832,-0.2243916009400181,1,30mm,0.6672285
SubNetW8CleanAuxExDnRcK8QdEma,minbias,0,test,74.73043,74.55551147460938,-0.0023406680117654677,0,15mm,3.1971812
SubNetW8CleanAuxExDnRcK8QdEma,minbias,0,test,6.785995,5.457216739654541,-0.1958118545065185,2,40mm,1.4192362
SubNetW8CleanAuxExDnRcK8QdEma,minbias,0,test,24.645313,24.31882667541504,-0.013247410736522025,2,40mm,4.258074
SubNetW8CleanAuxExDnRcK8QdEma,minbias,0,test,70.43115,72.44366455078125,0.02857417690979802,2,40mm,4.635701
SubNetW8CleanAuxExDnRcK8QdEma,minbias,0,test,26.578876,30.16814613342285,0.13504218805817247,1,30mm,1.2035475
SubNetW8CleanAuxExDnRcK8QdEma,minbias,0,test,24.639692,23.380149841308594,-0.05111843319880838,1,30mm,2.2973647
SubNetW8CleanAuxExDnRcK8QdEma,minbias,0,test,8.481235,8.635798454284668,0.01822422229791032,3,60mm,1.0364459
SubNetW8CleanAuxExDnRcK8QdEma,minbias,0,test,34.881126,34.857582092285156,-0.0006749871334679192,2,40mm,3.0927706
SubNetW8CleanAuxExDnRcK8QdEma,minbias,0,test,16.006338,15.676101684570312,-0.02063160433516431,2,40mm,2.9849322
SubNetW8CleanAuxExDnRcK8QdEma,minbias,0,test,45.86111,45.98189163208008,0.0026336245026394867,2,40mm,2.8444543
SubNetW8CleanAuxExDnRcK8QdEma,minbias,0,test,28.188404,26.909645080566406,-0.045364718020532324,2,40mm,2.9210572
SubNetW8CleanAuxExDnRcK8QdEma,minbias,0,test,39.397285,32.79108428955078,-0.1676816332521993,1,30mm,3.66641
SubNetW8CleanAuxExDnRcK8QdEma,minbias,0,test,87.73473,85.8572769165039,-0.02139924051053399,0,15mm,4.5021358
SubNetW8CleanAuxExDnRcK8QdEma,minbias,0,test,31.718046,33.151039123535156,0.0451791048752177,3,60mm,4.7985206
SubNetW8CleanAuxExDnRcK8QdEma,minbias,0,test,47.9406,47.54020690917969,-0.008351886051313429,1,30mm,2.2255535
SubNetW8CleanAuxExDnRcK8QdEma,minbias,0,test,46.156803,44.800453186035156,-0.029385699464839266,2,40mm,4.5446324
SubNetW8CleanAuxExDnRcK8QdEma,minbias,0,test,20.13439,19.813705444335938,-0.01592719893363337,2,40mm,1.880363
SubNetW8CleanAuxExDnRcK8QdEma,minbias,0,test,30.023539,30.061798095703125,0.001274317020012905,3,60mm,4.0925894
SubNetW8CleanAuxExDnRcK8QdEma,minbias,0,test,21.533869,22.195737838745117,0.030736188445138257,3,60mm,4.1156487
SubNetW8CleanAuxExDnRcK8QdEma,minbias,0,test,40.470776,38.49928283691406,-0.048713985286880535,2,40mm,4.4279785
SubNetW8CleanAuxExDnRcK8QdEma,minbias,0,test,18.43611,18.5439453125,0.005849160822282151,2,40mm,2.9601867
SubNetW8CleanAuxExDnRcK8QdEma,minbias,0,test,17.3324,16.7427921295166,-0.03401763519529566,3,60mm,2.2801676
SubNetW8CleanAuxExDnRcK8QdEma,minbias,0,test,86.523186,83.96482849121094,-0.02956845864128943,0,15mm,3.125369
SubNetW8CleanAuxExDnRcK8QdEma,minbias,0,test,43.49504,47.15909957885742,0.08424083780653935,0,15mm,1.1404834
SubNetW8CleanAuxExDnRcK8QdEma,minbias,0,test,3.1649477,3.224093437194824,0.018687730008987824,4,120mm,0.6912415
SubNetW8CleanAuxExDnRcK8QdEma,minbias,0,test,18.405714,18.19891929626465,-0.011235355410602943,3,60mm,3.314665
SubNetW8CleanAuxExDnRcK8QdEma,minbias,0,test,6.264711,6.3033905029296875,0.006174203464425654,2,40mm,0.59257185
SubNetW8CleanAuxExDnRcK8QdEma,minbias,0,test,81.90686,81.28307342529297,-0.007615808048215933,0,15mm,3.2329006
SubNetW8CleanAuxExDnRcK8QdEma,minbias,0,test,29.868774,29.624452590942383,-0.008179840917914905,3,60mm,3.6876912
SubNetW8CleanAuxExDnRcK8QdEma,minbias,0,test,15.0116005,15.01244831085205,5.6477420085965235e-05,3,60mm,2.8151116
SubNetW8CleanAuxExDnRcK8QdEma,minbias,0,test,24.757145,24.47144317626953,-0.011540173656539365,3,60mm,2.6893525
SubNetW8CleanAuxExDnRcK8QdEma,minbias,0,test,7.692718,7.45523738861084,-0.030870836486588615,3,60mm,1.4085747
SubNetW8CleanAuxExDnRcK8QdEma,minbias,0,test,33.17291,28.816816329956055,-0.13131475691515682,0,15mm,0.9613743
SubNetW8CleanAuxExDnRcK8QdEma,minbias,0,test,56.04314,54.948734283447266,-0.01952792295178951,2,40mm,3.515629
SubNetW8CleanAuxExDnRcK8QdEma,minbias,0,test,26.00368,27.07832908630371,0.041326836845084314,2,40mm,3.546347
SubNetW8CleanAuxExDnRcK8QdEma,minbias,0,test,20.153551,18.772918701171875,-0.06850566401656588,2,40mm,1.4991816
SubNetW8CleanAuxExDnRcK8QdEma,minbias,0,test,15.619483,17.309709548950195,0.10821270816142059,2,40mm,2.844186
SubNetW8CleanAuxExDnRcK8QdEma,minbias,0,test,14.170754,13.762788772583008,-0.028789268915311417,3,60mm,2.2325335
SubNetW8CleanAuxExDnRcK8QdEma,minbias,0,test,78.63731,74.42178344726562,-0.0536071613983653,2,40mm,4.8878956
SubNetW8CleanAuxExDnRcK8QdEma,minbias,0,test,91.76477,92.33586120605469,0.006223419892861459,0,15mm,2.869854
SubNetW8CleanAuxExDnRcK8QdEma,minbias,0,test,35.55512,35.34022903442383,-0.006043842210785355,2,40mm,3.737411
SubNetW8CleanAuxExDnRcK8QdEma,minbias,0,test,6.7774625,6.91157341003418,0.01978777867513326,2,40mm,0.7537802
SubNetW8CleanAuxExDnRcK8QdEma,minbias,0,test,40.200474,38.05292892456055,-0.05342088434837722,3,60mm,4.8699174
SubNetW8CleanAuxExDnRcK8QdEma,minbias,0,test,7.588667,8.463997840881348,0.11534712679963821,3,60mm,1.5365963
SubNetW8CleanAuxExDnRcK8QdEma,minbias,0,test,63.683075,61.79079818725586,-0.029713966628761135,0,15mm,1.7784605
SubNetW8CleanAuxExDnRcK8QdEma,minbias,0,test,19.23012,23.434432983398438,0.21863167482318446,2,40mm,2.8170013
SubNetW8CleanAuxExDnRcK8QdEma,minbias,0,test,91.731026,88.18394470214844,-0.03866828008023371,0,15mm,2.4380546
SubNetW8CleanAuxExDnRcK8QdEma,minbias,0,test,22.100985,21.06619644165039,-0.04682090647495296,3,60mm,4.794127
SubNetW8CleanAuxExDnRcK8QdEma,minbias,0,test,65.857346,68.03933715820312,0.03313209115698301,0,15mm,2.785758
SubNetW8CleanAuxExDnRcK8QdEma,minbias,0,test,17.942642,17.849672317504883,-0.005181505227109029,4,120mm,3.8524776
SubNetW8CleanAuxExDnRcK8QdEma,minbias,0,test,14.848137,14.852405548095703,0.0002874869937183888,3,60mm,2.824902
SubNetW8CleanAuxExDnRcK8QdEma,minbias,0,test,16.756414,16.751285552978516,-0.0003060834106319854,3,60mm,2.6017108
SubNetW8CleanAuxExDnRcK8QdEma,minbias,0,test,15.929583,15.498359680175781,-0.027070572192044007,4,120mm,3.6836612
SubNetW8CleanAuxExDnRcK8QdEma,minbias,0,test,3.3417602,3.224607229232788,-0.035057252390385596,3,60mm,0.70940274
SubNetW8CleanAuxExDnRcK8QdEma,minbias,0,test,75.40258,76.83985900878906,0.019061400055265576,0,15mm,3.5883803
SubNetW8CleanAuxExDnRcK8QdEma,minbias,0,test,21.871012,21.319847106933594,-0.02520069184628304,3,60mm,3.315203
SubNetW8CleanAuxExDnRcK8QdEma,minbias,0,test,56.275787,54.849727630615234,-0.025340555680582577,2,40mm,3.2873213
SubNetW8CleanAuxExDnRcK8QdEma,minbias,0,test,55.567192,63.1026611328125,0.13561003846743702,1,30mm,2.2801197
SubNetW8CleanAuxExDnRcK8QdEma,minbias,0,test,39.69709,40.0130729675293,0.007959848377250944,2,40mm,3.257081
SubNetW8CleanAuxExDnRcK8QdEma,minbias,0,test,33.60442,33.27507019042969,-0.009800779798658121,3,60mm,3.97658
SubNetW8CleanAuxExDnRcK8QdEma,minbias,0,test,4.89714,4.59029483795166,-0.06265803846856788,4,120mm,1.092607
SubNetW8CleanAuxExDnRcK8QdEma,minbias,0,test,13.299141,12.96999454498291,-0.024749447120004375,3,60mm,2.7776067
SubNetW8CleanAuxExDnRcK8QdEma,minbias,0,test,17.772198,16.547670364379883,-0.06890129054761074,2,40mm,2.4489908
SubNetW8CleanAuxExDnRcK8QdEma,minbias,0,test,36.349766,38.825801849365234,0.06811697458870536,2,40mm,3.3516126
SubNetW8CleanAuxExDnRcK8QdEma,minbias,0,test,5.764818,5.827550411224365,0.010881907739646035,3,60mm,0.90421
SubNetW8CleanAuxExDnRcK8QdEma,minbias,0,test,55.75949,55.24905776977539,-0.00915419398870465,1,30mm,3.1314864
SubNetW8CleanAuxExDnRcK8QdEma,minbias,0,test,51.634808,50.02286148071289,-0.03121820688982624,1,30mm,3.6664543
SubNetW8CleanAuxExDnRcK8QdEma,minbias,0,test,25.972097,26.217653274536133,0.009454603297280206,3,60mm,2.8382006
SubNetW8CleanAuxExDnRcK8QdEma,minbias,0,test,22.974182,22.674026489257812,-0.013064910775247185,3,60mm,4.2931604
SubNetW8CleanAuxExDnRcK8QdEma,minbias,0,test,36.22318,38.62650680541992,0.06634779214020181,2,40mm,3.4842122
SubNetW8CleanAuxExDnRcK8QdEma,minbias,0,test,12.98998,12.36235523223877,-0.04831605007010875,2,40mm,1.3391181
SubNetW8CleanAuxExDnRcK8QdEma,minbias,0,test,42.47115,46.244842529296875,0.08885309519680007,1,30mm,2.6614664
SubNetW8CleanAuxExDnRcK8QdEma,minbias,0,test,20.764383,20.392181396484375,-0.017925016789116288,3,60mm,2.860401
SubNetW8CleanAuxExDnRcK8QdEma,minbias,0,test,31.372072,31.268970489501953,-0.003286417601749858,3,60mm,4.87805
SubNetW8CleanAuxExDnRcK8QdEma,minbias,0,test,7.927802,8.621953010559082,0.08755906330195362,3,60mm,1.0840338
SubNetW8CleanAuxExDnRcK8QdEma,minbias,0,test,61.194607,58.69655227661133,-0.04082148143110387,2,40mm,4.544831
SubNetW8CleanAuxExDnRcK8QdEma,minbias,0,test,44.184547,43.31313705444336,-0.019722061686060832,1,30mm,1.6890509
SubNetW8CleanAuxExDnRcK8QdEma,minbias,0,test,34.100246,34.525177001953125,0.012461217058621132,2,40mm,4.9319367
SubNetW8CleanAuxExDnRcK8QdEma,minbias,0,test,25.806423,25.258806228637695,-0.021220180520351906,3,60mm,4.492285
SubNetW8CleanAuxExDnRcK8QdEma,minbias,0,test,16.461298,16.877803802490234,0.02530212464896131,3,60mm,2.0413902
SubNetW8CleanAuxExDnRcK8QdEma,minbias,0,test,43.887306,42.30821228027344,-0.03598065293476793,1,30mm,4.244543
SubNetW8CleanAuxExDnRcK8QdEma,minbias,0,test,61.055,47.92422866821289,-0.2150646396090471,1,30mm,2.3648763
SubNetW8CleanAuxExDnRcK8QdEma,minbias,0,test,46.557446,46.5236930847168,-0.0007249633442047987,2,40mm,3.9945421
SubNetW8CleanAuxExDnRcK8QdEma,minbias,0,test,85.404755,81.7600326538086,-0.04267586740671847,1,30mm,3.1726685
SubNetW8CleanAuxExDnRcK8QdEma,minbias,0,test,25.218657,18.364877700805664,-0.27177414579015824,2,40mm,3.7221591
SubNetW8CleanAuxExDnRcK8QdEma,minbias,0,test,44.29987,42.52047348022461,-0.04016707217678206,1,30mm,2.346251
SubNetW8CleanAuxExDnRcK8QdEma,minbias,0,test,22.95996,23.24106216430664,0.012243105620773242,2,40mm,1.6281197
SubNetW8CleanAuxExDnRcK8QdEma,minbias,0,test,34.018284,31.4307918548584,-0.07606180255893646,1,30mm,1.2314489
SubNetW8CleanAuxExDnRcK8QdEma,minbias,0,test,33.413494,32.93928909301758,-0.014192021209371242,2,40mm,4.780073
SubNetW8CleanAuxExDnRcK8QdEma,minbias,0,test,50.941956,50.1815299987793,-0.014927294391666734,0,15mm,1.6913943
SubNetW8CleanAuxExDnRcK8QdEma,minbias,0,test,2.330508,2.323193311691284,-0.0031386641996574705,4,120mm,0.52266896
SubNetW8CleanAuxExDnRcK8QdEma,minbias,0,test,50.20336,50.83543395996094,0.01259024156358679,1,30mm,3.7183893
SubNetW8CleanAuxExDnRcK8QdEma,minbias,0,test,20.415203,22.660181045532227,0.10996598665513901,3,60mm,2.7276015
SubNetW8CleanAuxExDnRcK8QdEma,minbias,0,test,14.551757,14.442462921142578,-0.007510703947531838,3,60mm,2.728529
SubNetW8CleanAuxExDnRcK8QdEma,minbias,0,test,14.132592,14.75141429901123,0.043786878512233285,3,60mm,2.304326
SubNetW8CleanAuxExDnRcK8QdEma,minbias,0,test,64.66877,57.70380401611328,-0.10770215419173423,1,30mm,4.7054563
SubNetW8CleanAuxExDnRcK8QdEma,minbias,0,test,48.56629,45.93470001220703,-0.054185561607626886,1,30mm,1.9401937
SubNetW8CleanAuxExDnRcK8QdEma,minbias,0,test,53.571316,51.55915451049805,-0.03756042251594505,2,40mm,4.643999
SubNetW8CleanAuxExDnRcK8QdEma,minbias,0,test,46.694286,53.63835144042969,0.14871337881629754,1,30mm,1.9217918
SubNetW8CleanAuxExDnRcK8QdEma,minbias,0,test,18.26219,16.010570526123047,-0.12329404937853061,2,40mm,2.358668
SubNetW8CleanAuxExDnRcK8QdEma,minbias,0,test,8.560235,9.135461807250977,0.06719754564838443,1,30mm,0.8126842
SubNetW8CleanAuxExDnRcK8QdEma,minbias,0,test,21.626448,21.103260040283203,-0.024192028442595603,3,60mm,3.1211762
SubNetW8CleanAuxExDnRcK8QdEma,minbias,0,test,23.933092,23.380556106567383,-0.023086695527426926,3,60mm,3.360128
SubNetW8CleanAuxExDnRcK8QdEma,minbias,0,test,17.408527,16.9837703704834,-0.024399364440902405,1,30mm,1.0235635
SubNetW8CleanAuxExDnRcK8QdEma,minbias,0,test,42.87942,20.149906158447266,-0.5300798010209968,2,40mm,4.3282986
SubNetW8CleanAuxExDnRcK8QdEma,minbias,0,test,15.2927685,15.33505916595459,0.0027654042903209053,1,30mm,0.7444343
SubNetW8CleanAuxExDnRcK8QdEma,minbias,0,test,28.071426,24.792844772338867,-0.11679426522635072,2,40mm,4.3691664
SubNetW8CleanAuxExDnRcK8QdEma,minbias,0,test,28.547615,29.81000328063965,0.04422044458365271,2,40mm,3.16253
SubNetW8CleanAuxExDnRcK8QdEma,minbias,0,test,27.089216,29.226938247680664,0.07891413310186324,3,60mm,2.8917701
SubNetW8CleanAuxExDnRcK8QdEma,minbias,0,test,8.48163,8.198570251464844,-0.03337330949305983,4,120mm,1.9192514
SubNetW8CleanAuxExDnRcK8QdEma,minbias,0,test,25.264122,26.747119903564453,0.05869975983105724,2,40mm,3.1815414
SubNetW8CleanAuxExDnRcK8QdEma,minbias,0,test,98.49602,95.80368041992188,-0.0273344761105091,0,15mm,2.7891836
SubNetW8CleanAuxExDnRcK8QdEma,minbias,0,test,29.669823,30.677846908569336,0.03397473001887685,2,40mm,2.609696
SubNetW8CleanAuxExDnRcK8QdEma,minbias,0,test,7.0890927,7.062826156616211,-0.003705209658634412,2,40mm,0.6789503
SubNetW8CleanAuxExDnRcK8QdEma,minbias,0,test,19.117268,18.189167022705078,-0.04854776346374534,1,30mm,1.0526494
SubNetW8CleanAuxExDnRcK8QdEma,minbias,0,test,15.51044,14.610751152038574,-0.058005364650183355,2,40mm,1.5646342
SubNetW8CleanAuxExDnRcK8QdEma,minbias,0,test,55.02785,55.42820358276367,0.007275451793771426,1,30mm,3.340772
SubNetW8CleanAuxExDnRcK8QdEma,minbias,0,test,28.334146,26.861980438232422,-0.05195731099295309,2,40mm,2.0341437
SubNetW8CleanAuxExDnRcK8QdEma,minbias,0,test,6.216949,6.318880558013916,0.016395754925625505,3,60mm,0.77405846
SubNetW8CleanAuxExDnRcK8QdEma,minbias,0,test,21.178993,22.394269943237305,0.05738123173388221,2,40mm,3.8802598
SubNetW8CleanAuxExDnRcK8QdEma,minbias,0,test,14.074924,13.27527904510498,-0.05681347886808996,3,60mm,1.8919654
SubNetW8CleanAuxExDnRcK8QdEma,minbias,0,test,28.448713,28.71796989440918,0.00946463163141198,1,30mm,2.2281008
SubNetW8CleanAuxExDnRcK8QdEma,minbias,0,test,29.912766,29.399639129638672,-0.01715409340004892,3,60mm,4.6903653
SubNetW8CleanAuxExDnRcK8QdEma,minbias,0,test,49.476944,49.852783203125,0.0075962499548962725,1,30mm,2.8034081
SubNetW8CleanAuxExDnRcK8QdEma,minbias,0,test,46.974983,41.52342987060547,-0.11605226807078972,1,30mm,4.4680862
SubNetW8CleanAuxExDnRcK8QdEma,minbias,0,test,30.390171,31.758317947387695,0.04501938781671133,2,40mm,3.815617
SubNetW8CleanAuxExDnRcK8QdEma,minbias,0,test,38.671627,37.926212310791016,-0.019275494486578837,2,40mm,4.1794834
SubNetW8CleanAuxExDnRcK8QdEma,minbias,0,test,26.711115,25.400022506713867,-0.049084150265950144,3,60mm,4.526027
SubNetW8CleanAuxExDnRcK8QdEma,minbias,0,test,14.997655,14.803460121154785,-0.012948343911341254,3,60mm,3.0304193
SubNetW8CleanAuxExDnRcK8QdEma,minbias,0,test,19.50927,19.362361907958984,-0.007530154052275195,3,60mm,3.0052922
SubNetW8CleanAuxExDnRcK8QdEma,minbias,0,test,11.48675,11.904940605163574,0.03640637855726103,3,60mm,2.0746703
SubNetW8CleanAuxExDnRcK8QdEma,minbias,0,test,15.595525,15.524974822998047,-0.0045237313821917535,3,60mm,2.3682156
SubNetW8CleanAuxExDnRcK8QdEma,minbias,0,test,22.844301,22.60563850402832,-0.010447363541082444,3,60mm,2.6589184
SubNetW8CleanAuxExDnRcK8QdEma,minbias,0,test,25.707632,24.206621170043945,-0.05838775391645312,2,40mm,1.6118838
SubNetW8CleanAuxExDnRcK8QdEma,minbias,0,test,27.978802,28.82394027709961,0.03020638832363587,2,40mm,3.9329588
SubNetW8CleanAuxExDnRcK8QdEma,minbias,0,test,43.27107,41.548213958740234,-0.0398153933118468,0,15mm,2.1744626
SubNetW8CleanAuxExDnRcK8QdEma,minbias,0,test,35.236588,35.52275466918945,0.00812130699594893,2,40mm,3.927587
SubNetW8CleanAuxExDnRcK8QdEma,minbias,0,test,9.978762,12.991848945617676,0.3019500185884443,2,40mm,1.3608642
SubNetW8CleanAuxExDnRcK8QdEma,minbias,0,test,48.002094,47.71031951904297,-0.006078375416747384,2,40mm,4.931635
SubNetW8CleanAuxExDnRcK8QdEma,minbias,0,test,24.596394,23.98935317993164,-0.024680057390144228,3,60mm,3.5290034
SubNetW8CleanAuxExDnRcK8QdEma,minbias,0,test,12.388103,13.417844772338867,0.08312348386630908,3,60mm,2.0044947
SubNetW8CleanAuxExDnRcK8QdEma,minbias,0,test,38.70422,40.4027099609375,0.04388384912043364,2,40mm,3.9893458
SubNetW8CleanAuxExDnRcK8QdEma,minbias,0,test,18.397316,18.5986328125,0.01094272847875466,3,60mm,3.2762904
SubNetW8CleanAuxExDnRcK8QdEma,minbias,0,test,32.14037,32.51222229003906,0.011569651547907789,2,40mm,4.389242
SubNetW8CleanAuxExDnRcK8QdEma,minbias,0,test,2.556909,3.1314592361450195,0.22470495933872248,2,40mm,0.5334933
SubNetW8CleanAuxExDnRcK8QdEma,minbias,0,test,13.39572,13.19919204711914,-0.014670916382312105,2,40mm,1.9181
SubNetW8CleanAuxExDnRcK8QdEma,minbias,0,test,30.493088,28.49322509765625,-0.06558413126534046,0,15mm,0.66810316
SubNetW8CleanAuxExDnRcK8QdEma,minbias,0,test,7.6947536,7.456208229064941,-0.03100104678247617,4,120mm,1.5246809
SubNetW8CleanAuxExDnRcK8QdEma,minbias,0,test,6.5673656,6.5997443199157715,0.004930237677782001,1,30mm,0.63943815
SubNetW8CleanAuxExDnRcK8QdEma,minbias,0,test,18.251501,18.19376564025879,-0.00316332573696243,4,120mm,3.8495266
SubNetW8CleanAuxExDnRcK8QdEma,minbias,0,test,24.976593,24.037221908569336,-0.03761005787889782,3,60mm,2.7394295
SubNetW8CleanAuxExDnRcK8QdEma,minbias,0,test,16.50611,16.188884735107422,-0.01921861160590732,4,120mm,3.53432
SubNetW8CleanAuxExDnRcK8QdEma,minbias,0,test,32.9462,36.82986831665039,0.11787905239636354,2,40mm,4.144498
SubNetW8CleanAuxExDnRcK8QdEma,minbias,0,test,22.394205,22.638700485229492,0.010917797297388177,4,120mm,4.7947645
SubNetW8CleanAuxExDnRcK8QdEma,minbias,0,test,14.406783,15.189547538757324,0.05433304778498571,4,120mm,3.39382
SubNetW8CleanAuxExDnRcK8QdEma,minbias,0,test,17.773497,16.963415145874023,-0.0455780592247772,3,60mm,3.5207653
SubNetW8CleanAuxExDnRcK8QdEma,minbias,0,test,49.925816,48.722354888916016,-0.024104978142542866,2,40mm,4.823398
SubNetW8CleanAuxExDnRcK8QdEma,minbias,0,test,15.503444,15.168567657470703,-0.021600108116493932,3,60mm,1.6707327
SubNetW8CleanAuxExDnRcK8QdEma,minbias,0,test,7.024567,6.721401691436768,-0.043157881517840724,3,60mm,1.1777183
SubNetW8CleanAuxExDnRcK8QdEma,minbias,0,test,29.836388,30.92268180847168,0.03640836777929346,2,40mm,3.3129158
SubNetW8CleanAuxExDnRcK8QdEma,minbias,0,test,92.4342,91.06319427490234,-0.014832196844794754,1,30mm,4.2770786
SubNetW8CleanAuxExDnRcK8QdEma,minbias,0,test,21.517515,20.898645401000977,-0.02876121040210078,2,40mm,1.9565755
SubNetW8CleanAuxExDnRcK8QdEma,minbias,0,test,8.514577,8.608400344848633,0.011019153845559293,3,60mm,0.9554952
SubNetW8CleanAuxExDnRcK8QdEma,minbias,0,test,19.413004,19.988819122314453,0.029661313783988064,3,60mm,3.4262586
SubNetW8CleanAuxExDnRcK8QdEma,minbias,0,test,31.101173,32.66259002685547,0.050204428169016824,1,30mm,1.6013163
SubNetW8CleanAuxExDnRcK8QdEma,minbias,0,test,51.081936,50.2384147644043,-0.016513100053671126,2,40mm,3.5562027
SubNetW8CleanAuxExDnRcK8QdEma,minbias,0,test,13.301217,13.099101066589355,-0.015195302156963741,3,60mm,2.9973977
SubNetW8CleanAuxExDnRcK8QdEma,minbias,0,test,22.727108,22.522859573364258,-0.008986995984239132,2,40mm,4.9592066
SubNetW8CleanAuxExDnRcK8QdEma,minbias,0,test,49.46035,49.2164192199707,-0.004931845740472562,2,40mm,4.2581496
SubNetW8CleanAuxExDnRcK8QdEma,minbias,0,test,33.620773,33.301307678222656,-0.009502031205820494,2,40mm,2.1540232
SubNetW8CleanAuxExDnRcK8QdEma,minbias,0,test,16.093508,16.694910049438477,0.03736924798696517,3,60mm,2.2979605
SubNetW8CleanAuxExDnRcK8QdEma,minbias,0,test,23.283314,22.909582138061523,-0.016051478631970317,3,60mm,3.258801
SubNetW8CleanAuxExDnRcK8QdEma,minbias,0,test,31.362013,30.18978500366211,-0.03737731581872039,3,60mm,4.7840276
SubNetW8CleanAuxExDnRcK8QdEma,minbias,0,test,21.307333,24.675840377807617,0.15809146017622666,1,30mm,1.3688864
SubNetW8CleanAuxExDnRcK8QdEma,minbias,0,test,55.99691,64.27478790283203,0.14782740321817434,0,15mm,1.5119369
SubNetW8CleanAuxExDnRcK8QdEma,minbias,0,test,33.011806,33.770896911621094,0.022994513307203146,1,30mm,2.4515157
SubNetW8CleanAuxExDnRcK8QdEma,minbias,0,test,36.808105,36.762142181396484,-0.001248727332422428,2,40mm,2.4280312
SubNetW8CleanAuxExDnRcK8QdEma,minbias,0,test,22.386751,21.436506271362305,-0.042446753266670134,2,40mm,2.7953444
SubNetW8CleanAuxExDnRcK8QdEma,minbias,0,test,49.931465,49.43354415893555,-0.00997208851182585,1,30mm,3.9929683
SubNetW8CleanAuxExDnRcK8QdEma,minbias,0,test,9.6231785,8.369280815124512,-0.13029974132447975,2,40mm,1.2242662
SubNetW8CleanAuxExDnRcK8QdEma,minbias,0,test,36.69409,36.78907775878906,0.0025885900771129844,1,30mm,2.222326
SubNetW8CleanAuxExDnRcK8QdEma,minbias,0,test,15.92225,15.619012832641602,-0.01904485642970466,4,120mm,3.553622
SubNetW8CleanAuxExDnRcK8QdEma,minbias,0,test,25.18596,27.34431266784668,0.085696627495504,2,40mm,1.5877808
SubNetW8CleanAuxExDnRcK8QdEma,minbias,0,test,5.2495327,5.5259833335876465,0.05266195103890725,2,40mm,0.8442615
SubNetW8CleanAuxExDnRcK8QdEma,minbias,0,test,49.603622,49.471923828125,-0.0026550199749417747,0,15mm,1.3023543
SubNetW8CleanAuxExDnRcK8QdEma,minbias,0,test,11.754611,11.7789888381958,0.002073894478022753,3,60mm,2.7017527
SubNetW8CleanAuxExDnRcK8QdEma,minbias,0,test,21.14873,20.25007438659668,-0.04249214806063295,3,60mm,2.4045124
SubNetW8CleanAuxExDnRcK8QdEma,minbias,0,test,46.038574,45.45390319824219,-0.012699590081347356,2,40mm,4.647159
SubNetW8CleanAuxExDnRcK8QdEma,minbias,0,test,8.837915,8.827940940856934,-0.0011286009427200483,3,60mm,1.0416193
SubNetW8CleanAuxExDnRcK8QdEma,minbias,0,test,7.5884275,6.876011371612549,-0.09388192322198086,3,60mm,1.5952058
SubNetW8CleanAuxExDnRcK8QdEma,minbias,0,test,29.108932,29.996225357055664,0.030481806987848525,0,15mm,0.8289123
SubNetW8CleanAuxExDnRcK8QdEma,minbias,0,test,84.628235,85.59231567382812,0.01139195224979428,1,30mm,4.4875927
SubNetW8CleanAuxExDnRcK8QdEma,minbias,0,test,14.81496,14.50632381439209,-0.020832707043645926,1,30mm,0.8684738
SubNetW8CleanAuxExDnRcK8QdEma,minbias,0,test,6.9868927,6.898495674133301,-0.012651836782829218,2,40mm,1.3476808
SubNetW8CleanAuxExDnRcK8QdEma,minbias,0,test,8.232017,8.055577278137207,-0.021433300567256675,3,60mm,1.5313941
SubNetW8CleanAuxExDnRcK8QdEma,minbias,0,test,24.687658,25.12926483154297,0.017887744396912097,3,60mm,3.4012697
SubNetW8CleanAuxExDnRcK8QdEma,minbias,0,test,14.51266,14.4030122756958,-0.007555317264643202,3,60mm,3.3204823
SubNetW8CleanAuxExDnRcK8QdEma,minbias,0,test,73.89962,73.34481048583984,-0.007507610592462188,0,15mm,2.0022836
SubNetW8CleanAuxExDnRcK8QdEma,minbias,0,test,28.018984,29.283105850219727,0.04511662580104581,2,40mm,1.985747
SubNetW8CleanAuxExDnRcK8QdEma,minbias,0,test,18.83755,19.138879776000977,0.01599627228858247,3,60mm,2.8839207
SubNetW8CleanAuxExDnRcK8QdEma,minbias,0,test,38.812294,39.31300354003906,0.01290079719610282,2,40mm,3.253028
SubNetW8CleanAuxExDnRcK8QdEma,minbias,0,test,72.45918,72.0392837524414,-0.005794972713498603,1,30mm,4.859827
SubNetW8CleanAuxExDnRcK8QdEma,minbias,0,test,5.0502615,5.2291035652160645,0.035412437119765716,4,120mm,1.133527
SubNetW8CleanAuxExDnRcK8QdEma,minbias,0,test,37.097828,35.191993713378906,-0.05137320175593285,1,30mm,2.1319864
SubNetW8CleanAuxExDnRcK8QdEma,minbias,0,test,39.715652,38.64891052246094,-0.02685948428714402,2,40mm,2.687133
SubNetW8CleanAuxExDnRcK8QdEma,minbias,0,test,11.362151,10.530653953552246,-0.0731813176662669,2,40mm,1.2226107
SubNetW8CleanAuxExDnRcK8QdEma,minbias,0,test,7.939391,7.910452842712402,-0.0036449008444989772,3,60mm,0.8546932
SubNetW8CleanAuxExDnRcK8QdEma,minbias,0,test,37.995956,37.11395263671875,-0.02321309600446242,2,40mm,4.589503
SubNetW8CleanAuxExDnRcK8QdEma,minbias,0,test,50.459766,64.3660659790039,0.27559183457472836,0,15mm,1.2199135
SubNetW8CleanAuxExDnRcK8QdEma,minbias,0,test,9.469379,9.94994831085205,0.05074977611859133,2,40mm,1.4214622
SubNetW8CleanAuxExDnRcK8QdEma,minbias,0,test,18.287348,17.55601692199707,-0.03999108453762823,2,40mm,2.6675034
SubNetW8CleanAuxExDnRcK8QdEma,minbias,0,test,16.836521,16.952470779418945,0.006886792687952781,3,60mm,3.0521002
SubNetW8CleanAuxExDnRcK8QdEma,minbias,0,test,10.353828,9.782737731933594,-0.055157442688326674,3,60mm,1.7823403
SubNetW8CleanAuxExDnRcK8QdEma,minbias,0,test,32.92387,33.47573471069336,0.01676183943657561,1,30mm,1.5153393
SubNetW8CleanAuxExDnRcK8QdEma,minbias,0,test,57.236275,57.52366638183594,0.005021145488720347,1,30mm,3.0945995
SubNetW8CleanAuxExDnRcK8QdEma,minbias,0,test,15.617719,16.7747859954834,0.0740868318457728,1,30mm,1.2423041
SubNetW8CleanAuxExDnRcK8QdEma,minbias,0,test,48.530403,39.17403793334961,-0.19279388999520042,0,15mm,2.4670496
SubNetW8CleanAuxExDnRcK8QdEma,minbias,0,test,30.823387,29.51559829711914,-0.04242846000936118,2,40mm,4.0838437
SubNetW8CleanAuxExDnRcK8QdEma,minbias,0,test,27.851799,27.552932739257812,-0.010730591293300229,3,60mm,3.4149263
SubNetW8CleanAuxExDnRcK8QdEma,minbias,0,test,15.648224,14.72981071472168,-0.05869120798968719,3,60mm,3.6333241
SubNetW8CleanAuxExDnRcK8QdEma,minbias,0,test,16.297686,15.11739730834961,-0.07242060879744949,1,30mm,0.89269847
SubNetW8CleanAuxExDnRcK8QdEma,minbias,0,test,13.125428,12.278545379638672,-0.06452230031964667,3,60mm,2.1236877
SubNetW8CleanAuxExDnRcK8QdEma,minbias,0,test,14.195815,13.480335235595703,-0.05040075870361749,3,60mm,2.4654577
SubNetW8CleanAuxExDnRcK8QdEma,minbias,0,test,37.94263,37.437660217285156,-0.013308791201830816,2,40mm,3.420959
SubNetW8CleanAuxExDnRcK8QdEma,minbias,0,test,21.888046,22.391714096069336,0.023011091320396915,3,60mm,4.351718
SubNetW8CleanAuxExDnRcK8QdEma,minbias,0,test,14.943955,14.575514793395996,-0.024654826494126647,3,60mm,2.5672367
SubNetW8CleanAuxExDnRcK8QdEma,minbias,0,test,28.04746,29.14479637145996,0.039124248458698885,0,15mm,0.9295708
SubNetW8CleanAuxExDnRcK8QdEma,minbias,0,test,63.186066,65.14817810058594,0.031052929246875527,0,15mm,2.2051098
SubNetW8CleanAuxExDnRcK8QdEma,minbias,0,test,14.452489,14.355741500854492,-0.006694168668872846,3,60mm,2.285206
SubNetW8CleanAuxExDnRcK8QdEma,minbias,0,test,65.739,64.76206970214844,-0.014860717907485443,2,40mm,4.9300003
SubNetW8CleanAuxExDnRcK8QdEma,minbias,0,test,88.51741,88.30121612548828,-0.0024423913007877163,1,30mm,3.7190797
SubNetW8CleanAuxExDnRcK8QdEma,minbias,0,test,27.561972,27.937946319580078,0.013641065295651345,3,60mm,4.7362723
SubNetW8CleanAuxExDnRcK8QdEma,minbias,0,test,20.297415,19.759300231933594,-0.026511482056752023,3,60mm,3.8435616
SubNetW8CleanAuxExDnRcK8QdEma,minbias,0,test,7.2774825,8.066268920898438,0.10838726307393665,3,60mm,1.3286133
SubNetW8CleanAuxExDnRcK8QdEma,minbias,0,test,5.8853464,5.780078411102295,-0.017886458022246088,1,30mm,0.58012456
SubNetW8CleanAuxExDnRcK8QdEma,minbias,0,test,6.7328167,6.544233798980713,-0.028009510090129086,3,60mm,1.0826705
SubNetW8CleanAuxExDnRcK8QdEma,minbias,0,test,35.24365,40.432716369628906,0.14723412748537146,2,40mm,4.088338
SubNetW8CleanAuxExDnRcK8QdEma,minbias,0,test,14.633757,13.885509490966797,-0.051131583306863626,2,40mm,1.9987661
SubNetW8CleanAuxExDnRcK8QdEma,minbias,0,test,15.08836,14.020369529724121,-0.07078239880788495,2,40mm,2.6682663
SubNetW8CleanAuxExDnRcK8QdEma,minbias,0,test,24.01459,23.480188369750977,-0.022253178392924622,3,60mm,3.6545062
SubNetW8CleanAuxExDnRcK8QdEma,minbias,0,test,5.778253,5.94624137878418,0.02907250652445259,3,60mm,1.2125396
SubNetW8CleanAuxExDnRcK8QdEma,minbias,0,test,16.521904,16.914608001708984,0.023768689747081462,3,60mm,3.4196272
SubNetW8CleanAuxExDnRcK8QdEma,minbias,0,test,71.29849,71.12580108642578,-0.00242208971501634,0,15mm,2.4499655
SubNetW8CleanAuxExDnRcK8QdEma,minbias,0,test,10.160692,9.46859359741211,-0.06811530188212078,3,60mm,1.9762554
SubNetW8CleanAuxExDnRcK8QdEma,minbias,0,test,5.264467,6.6270432472229,0.2588251661830332,3,60mm,1.2371073
SubNetW8CleanAuxExDnRcK8QdEma,minbias,0,test,19.676783,20.04100227355957,0.01851012295977017,2,40mm,1.715833
SubNetW8CleanAuxExDnRcK8QdEma,minbias,0,test,36.36082,38.59037780761719,0.061317566273885404,1,30mm,1.9553239
SubNetW8CleanAuxExDnRcK8QdEma,minbias,0,test,81.93241,79.94497680664062,-0.024256998643734096,0,15mm,2.0399234
SubNetW8CleanAuxExDnRcK8QdEma,minbias,0,test,33.39017,32.981502532958984,-0.012239186119828438,2,40mm,3.4090705
SubNetW8CleanAuxExDnRcK8QdEma,minbias,0,test,7.908989,8.22143840789795,0.03950561280744558,3,60mm,1.7893655
SubNetW8CleanAuxExDnRcK8QdEma,minbias,0,test,7.6696053,7.706087589263916,0.00475674209081034,2,40mm,0.74717146
SubNetW8CleanAuxExDnRcK8QdEma,minbias,0,test,18.530155,18.661331176757812,0.00707905538758169,3,60mm,2.4925334
SubNetW8CleanAuxExDnRcK8QdEma,minbias,0,test,43.778206,44.72769546508789,0.0216886364939457,1,30mm,4.4253087
SubNetW8CleanAuxExDnRcK8QdEma,minbias,0,test,58.895607,68.44156646728516,0.16208270802823743,1,30mm,3.6075606
SubNetW8CleanAuxExDnRcK8QdEma,minbias,0,test,6.351885,6.7282328605651855,0.059249817654525305,3,60mm,1.2233864
SubNetW8CleanAuxExDnRcK8QdEma,minbias,0,test,21.146238,20.29600715637207,-0.040207206478309776,2,40mm,2.096985
SubNetW8CleanAuxExDnRcK8QdEma,minbias,0,test,19.195705,19.752826690673828,0.02902322497897969,3,60mm,2.872035
SubNetW8CleanAuxExDnRcK8QdEma,minbias,0,test,40.75514,41.53816223144531,0.01921288615430128,3,60mm,4.7021513
SubNetW8CleanAuxExDnRcK8QdEma,minbias,0,test,20.723768,20.396446228027344,-0.01579452165869033,3,60mm,4.5458455
SubNetW8CleanAuxExDnRcK8QdEma,minbias,0,test,24.54306,22.728696823120117,-0.07392572308564627,2,40mm,2.3687317
SubNetW8CleanAuxExDnRcK8QdEma,minbias,0,test,4.90116,5.426102638244629,0.10710584846373639,3,60mm,0.84902084
SubNetW8CleanAuxExDnRcK8QdEma,minbias,0,test,4.7453113,5.630220413208008,0.18648073950431687,3,60mm,1.0676088
SubNetW8CleanAuxExDnRcK8QdEma,minbias,0,test,38.931885,37.991249084472656,-0.02416106198852408,0,15mm,1.1483817
SubNetW8CleanAuxExDnRcK8QdEma,minbias,0,test,39.87223,39.3727912902832,-0.012525991971501726,3,60mm,4.559925
SubNetW8CleanAuxExDnRcK8QdEma,minbias,0,test,10.957683,11.026890754699707,0.006315947231509744,3,60mm,2.1600266
SubNetW8CleanAuxExDnRcK8QdEma,minbias,0,test,95.71575,103.34559631347656,0.07971357414180447,0,15mm,4.8981824
SubNetW8CleanAuxExDnRcK8QdEma,minbias,0,test,39.95104,39.184444427490234,-0.019188335636892262,2,40mm,3.1833584
SubNetW8CleanAuxExDnRcK8QdEma,minbias,0,test,30.913393,28.7470760345459,-0.0700769722895932,2,40mm,2.3448384
SubNetW8CleanAuxExDnRcK8QdEma,minbias,0,test,7.8809395,8.34307861328125,0.058640106372834566,4,120mm,1.8228112
SubNetW8CleanAuxExDnRcK8QdEma,minbias,0,test,62.644493,64.63207244873047,0.03172791808586073,1,30mm,4.5391545
SubNetW8CleanAuxExDnRcK8QdEma,minbias,0,test,26.94199,26.36235237121582,-0.021514280483572734,2,40mm,2.1540582
SubNetW8CleanAuxExDnRcK8QdEma,minbias,0,test,36.23242,35.86841583251953,-0.010046417645949046,2,40mm,3.7445304
SubNetW8CleanAuxExDnRcK8QdEma,minbias,0,test,18.770576,18.52446746826172,-0.0131114251653357,2,40mm,1.3469901
SubNetW8CleanAuxExDnRcK8QdEma,minbias,0,test,5.7281184,5.643810272216797,-0.014718296874108971,3,60mm,1.2255131
SubNetW8CleanAuxExDnRcK8QdEma,minbias,0,test,21.794214,21.100482940673828,-0.03183098505265636,3,60mm,4.6503725
SubNetW8CleanAuxExDnRcK8QdEma,minbias,0,test,16.229807,16.11632537841797,-0.006992167085258072,3,60mm,2.7472517
SubNetW8CleanAuxExDnRcK8QdEma,minbias,0,test,22.687132,22.449989318847656,-0.010452734356313775,2,40mm,3.1820226
SubNetW8CleanAuxExDnRcK8QdEma,minbias,0,test,22.406773,21.56572914123535,-0.03753523485048271,3,60mm,3.277261
SubNetW8CleanAuxExDnRcK8QdEma,minbias,0,test,52.337906,53.741058349609375,0.026809488116239732,2,40mm,4.8925114
SubNetW8CleanAuxExDnRcK8QdEma,minbias,0,test,18.652248,18.044248580932617,-0.03259659581865504,3,60mm,3.0350347
SubNetW8CleanAuxExDnRcK8QdEma,minbias,0,test,14.68322,14.772757530212402,0.006097955427710966,3,60mm,1.7633333
SubNetW8CleanAuxExDnRcK8QdEma,minbias,0,test,95.14843,93.86026000976562,-0.01353852988001647,1,30mm,4.2833476
SubNetW8CleanAuxExDnRcK8QdEma,minbias,0,test,12.626337,12.999530792236328,0.029556770053401626,2,40mm,0.9046198
SubNetW8CleanAuxExDnRcK8QdEma,minbias,0,test,8.9933605,8.605624198913574,-0.04311361917036527,2,40mm,0.99071604
SubNetW8CleanAuxExDnRcK8QdEma,minbias,0,test,22.146935,22.094234466552734,-0.0023795637587014085,3,60mm,3.941559
SubNetW8CleanAuxExDnRcK8QdEma,minbias,0,test,30.493406,30.40105628967285,-0.003028523780116643,3,60mm,3.8412206
SubNetW8CleanAuxExDnRcK8QdEma,minbias,0,test,18.652334,18.073415756225586,-0.03103731953396982,3,60mm,3.8773134
SubNetW8CleanAuxExDnRcK8QdEma,minbias,0,test,25.688026,27.375951766967773,0.06570864225251039,2,40mm,2.8763196
SubNetW8CleanAuxExDnRcK8QdEma,minbias,0,test,69.475174,70.71913146972656,0.017905065202470816,1,30mm,4.290493
SubNetW8CleanAuxExDnRcK8QdEma,minbias,0,test,18.84315,18.34379005432129,-0.02650083199745079,3,60mm,2.370446
SubNetW8CleanAuxExDnRcK8QdEma,minbias,0,test,53.30155,50.60003662109375,-0.05068361249472364,1,30mm,3.0199025
SubNetW8CleanAuxExDnRcK8QdEma,minbias,0,test,58.402626,56.65240478515625,-0.02996819443212484,0,15mm,1.2994013
SubNetW8CleanAuxExDnRcK8QdEma,minbias,0,test,17.673388,16.90646743774414,-0.043394062882954776,3,60mm,3.0942247
SubNetW8CleanAuxExDnRcK8QdEma,minbias,0,test,19.809656,19.79921531677246,-0.0005270574279809814,2,40mm,1.6408443
SubNetW8CleanAuxExDnRcK8QdEma,minbias,0,test,21.41959,20.160802841186523,-0.0587680322250137,3,60mm,4.431587
SubNetW8CleanAuxExDnRcK8QdEma,minbias,0,test,53.895176,54.19994354248047,0.0056548216674663365,2,40mm,3.7317493
SubNetW8CleanAuxExDnRcK8QdEma,minbias,0,test,20.620049,20.23655128479004,-0.018598270403309858,3,60mm,2.523407
SubNetW8CleanAuxExDnRcK8QdEma,minbias,0,test,17.11115,15.441096305847168,-0.09760035785740795,1,30mm,1.3900546
SubNetW8CleanAuxExDnRcK8QdEma,minbias,0,test,12.000875,12.034784317016602,0.0028255308598414963,3,60mm,1.8526704
SubNetW8CleanAuxExDnRcK8QdEma,minbias,0,test,36.183517,37.37348556518555,0.032887021295707086,0,15mm,1.3203223
SubNetW8CleanAuxExDnRcK8QdEma,minbias,0,test,5.8343744,5.238584995269775,-0.10211710610948244,3,60mm,1.1919043
SubNetW8CleanAuxExDnRcK8QdEma,minbias,0,test,9.495487,8.914556503295898,-0.0611796632231032,4,120mm,2.1065657
SubNetW8CleanAuxExDnRcK8QdEma,minbias,0,test,31.018724,28.21814727783203,-0.09028666439767707,2,40mm,3.808883
SubNetW8CleanAuxExDnRcK8QdEma,minbias,0,test,21.21958,20.350994110107422,-0.0409332135209427,3,60mm,4.8614182
SubNetW8CleanAuxExDnRcK8QdEma,minbias,0,test,18.781307,18.975818634033203,0.010356649369024362,3,60mm,3.0423064
SubNetW8CleanAuxExDnRcK8QdEma,minbias,0,test,69.29708,57.422489166259766,-0.17135774923160618,1,30mm,4.4467607
SubNetW8CleanAuxExDnRcK8QdEma,minbias,0,test,18.61727,18.693883895874023,0.004115231818339726,2,40mm,1.9092232
SubNetW8CleanAuxExDnRcK8QdEma,minbias,0,test,8.160988,7.870077610015869,-0.0356464498161595,3,60mm,1.6334591
SubNetW8CleanAuxExDnRcK8QdEma,minbias,0,test,6.8108225,6.852029800415039,0.0060502697900279845,3,60mm,1.5741625
SubNetW8CleanAuxExDnRcK8QdEma,minbias,0,test,15.834123,13.540587425231934,-0.14484763583776006,4,120mm,3.374154
SubNetW8CleanAuxExDnRcK8QdEma,minbias,0,test,19.349937,19.978260040283203,0.032471557249229566,3,60mm,2.3485227
SubNetW8CleanAuxExDnRcK8QdEma,minbias,0,test,28.126398,28.374919891357422,0.008835891607764434,3,60mm,4.937781
SubNetW8CleanAuxExDnRcK8QdEma,minbias,0,test,5.936128,5.963813304901123,0.004663842281481534,3,60mm,1.0392461
SubNetW8CleanAuxExDnRcK8QdEma,minbias,0,test,17.356129,17.188037872314453,-0.009684810667709987,4,120mm,3.7420344
SubNetW8CleanAuxExDnRcK8QdEma,minbias,0,test,16.387772,15.77479362487793,-0.037404596322681116,4,120mm,3.5457952
SubNetW8CleanAuxExDnRcK8QdEma,minbias,0,test,10.307169,9.88526439666748,-0.04093311805770805,3,60mm,1.0897692
SubNetW8CleanAuxExDnRcK8QdEma,minbias,0,test,13.558954,20.518251419067383,0.5132620892114377,2,40mm,0.9475727
SubNetW8CleanAuxExDnRcK8QdEma,minbias,0,test,11.52608,11.21562385559082,-0.02693511344682198,4,120mm,2.4962327
SubNetW8CleanAuxExDnRcK8QdEma,minbias,0,test,67.22544,61.245506286621094,-0.08895344686917694,2,40mm,4.0720983
SubNetW8CleanAuxExDnRcK8QdEma,minbias,0,test,13.054512,13.741762161254883,0.05264464394146162,2,40mm,1.5349413
SubNetW8CleanAuxExDnRcK8QdEma,minbias,0,test,11.239042,11.261919021606445,0.0020354705434624254,3,60mm,2.222969
SubNetW8CleanAuxExDnRcK8QdEma,minbias,0,test,16.86285,16.62569808959961,-0.014063583376974775,2,40mm,2.0814846
SubNetW8CleanAuxExDnRcK8QdEma,minbias,0,test,21.73974,20.623878479003906,-0.051328206943656696,1,30mm,0.9604371
SubNetW8CleanAuxExDnRcK8QdEma,minbias,0,test,84.371025,83.37416076660156,-0.011815244840726491,0,15mm,4.437248
SubNetW8CleanAuxExDnRcK8QdEma,minbias,0,test,43.18228,48.45781326293945,0.12216889859130453,2,40mm,3.4088368
SubNetW8CleanAuxExDnRcK8QdEma,minbias,0,test,13.290431,15.849562644958496,0.19255444898320007,1,30mm,0.60888374
SubNetW8CleanAuxExDnRcK8QdEma,minbias,0,test,5.185367,6.330192565917969,0.22078002093520954,3,60mm,0.79166555
SubNetW8CleanAuxExDnRcK8QdEma,minbias,0,test,19.994356,18.497629165649414,-0.07485747368475282,3,60mm,3.32804
SubNetW8CleanAuxExDnRcK8QdEma,minbias,0,test,88.90555,86.5768814086914,-0.026192591316179792,0,15mm,1.8135374
SubNetW8CleanAuxExDnRcK8QdEma,minbias,0,test,13.997871,15.667634963989258,0.11928696281576179,3,60mm,1.6609339
SubNetW8CleanAuxExDnRcK8QdEma,minbias,0,test,15.945808,15.349623680114746,-0.03738817845897391,3,60mm,3.0543866
SubNetW8CleanAuxExDnRcK8QdEma,minbias,0,test,6.9458904,7.191040992736816,0.03529433248197855,3,60mm,1.2810041
SubNetW8CleanAuxExDnRcK8QdEma,minbias,0,test,9.2033205,9.313376426696777,0.01195828434131263,4,120mm,1.9359992
SubNetW8CleanAuxExDnRcK8QdEma,minbias,0,test,5.218187,5.174251079559326,-0.008419739839725215,3,60mm,0.97666204
SubNetW8CleanAuxExDnRcK8QdEma,minbias,0,test,4.6066637,4.97199010848999,0.07930390148965816,4,120mm,1.1077915
SubNetW8CleanAuxExDnRcK8QdEma,minbias,0,test,35.609566,34.80634689331055,-0.02255626613178119,1,30mm,2.6971695
SubNetW8CleanAuxExDnRcK8QdEma,minbias,0,test,20.052586,19.370302200317383,-0.034024709582976986,2,40mm,3.5254347
SubNetW8CleanAuxExDnRcK8QdEma,minbias,0,test,10.769462,10.573790550231934,-0.0181690680772425,2,40mm,1.0231868
SubNetW8CleanAuxExDnRcK8QdEma,minbias,0,test,47.35773,49.590179443359375,0.04714010863869755,1,30mm,2.234883
SubNetW8CleanAuxExDnRcK8QdEma,minbias,0,test,39.396305,36.829036712646484,-0.06516520689169358,1,30mm,2.9836125
SubNetW8CleanAuxExDnRcK8QdEma,minbias,0,test,21.14461,19.46088218688965,-0.07962914937174503,2,40mm,3.7824361
SubNetW8CleanAuxExDnRcK8QdEma,minbias,0,test,17.350473,16.439311981201172,-0.05251507561304192,2,40mm,2.3805618
SubNetW8CleanAuxExDnRcK8QdEma,minbias,0,test,31.375303,32.84988021850586,0.04699801424889638,1,30mm,2.1289477
SubNetW8CleanAuxExDnRcK8QdEma,minbias,0,test,25.19447,23.471378326416016,-0.06839164161712652,2,40mm,2.5065005
SubNetW8CleanAuxExDnRcK8QdEma,minbias,0,test,24.13801,35.20793151855469,0.4586095325196169,2,40mm,3.182357
SubNetW8CleanAuxExDnRcK8QdEma,minbias,0,test,18.420048,18.53306007385254,0.0061352888610921585,3,60mm,3.2337008
SubNetW8CleanAuxExDnRcK8QdEma,minbias,0,test,16.704866,17.08834457397461,0.02295607491115992,4,120mm,3.717416
SubNetW8CleanAuxExDnRcK8QdEma,minbias,0,test,15.286279,14.637564659118652,-0.042437670883548884,3,60mm,2.807897
SubNetW8CleanAuxExDnRcK8QdEma,minbias,0,test,42.652927,37.3497428894043,-0.12433342405101278,1,30mm,2.7143188
SubNetW8CleanAuxExDnRcK8QdEma,minbias,0,test,7.424161,7.841737270355225,0.05624558996207618,1,30mm,0.5552428
SubNetW8CleanAuxExDnRcK8QdEma,minbias,0,test,6.2160487,6.386425971984863,0.02740925340666256,3,60mm,1.4631958
SubNetW8CleanAuxExDnRcK8QdEma,minbias,0,test,9.385847,9.23137378692627,-0.016458110092753553,3,60mm,1.7170057
SubNetW8CleanAuxExDnRcK8QdEma,minbias,0,test,29.228966,29.023046493530273,-0.007045041122664797,3,60mm,4.091672
SubNetW8CleanAuxExDnRcK8QdEma,minbias,0,test,31.18922,30.813648223876953,-0.012041731067027661,3,60mm,4.401578
SubNetW8CleanAuxExDnRcK8QdEma,minbias,0,test,14.103838,14.272311210632324,0.011945205560964345,3,60mm,2.5592356
SubNetW8CleanAuxExDnRcK8QdEma,minbias,0,test,11.781067,11.010952949523926,-0.0653687778790909,2,40mm,0.9980197
SubNetW8CleanAuxExDnRcK8QdEma,minbias,0,test,60.791485,68.58246612548828,0.12815908863153225,0,15mm,1.7750055
SubNetW8CleanAuxExDnRcK8QdEma,minbias,0,test,14.972752,14.35147762298584,-0.04149364193836613,3,60mm,3.390054
SubNetW8CleanAuxExDnRcK8QdEma,minbias,0,test,29.938066,27.55906867980957,-0.07946397620973622,1,30mm,1.3918426
SubNetW8CleanAuxExDnRcK8QdEma,minbias,0,test,11.702969,11.567583084106445,-0.011568476167286512,3,60mm,1.1415104
SubNetW8CleanAuxExDnRcK8QdEma,minbias,0,test,3.9364223,4.237366199493408,0.07645110835785496,3,60mm,0.6081944
SubNetW8CleanAuxExDnRcK8QdEma,minbias,0,test,16.261831,16.434494018554688,0.010617668574621542,2,40mm,3.2134447
SubNetW8CleanAuxExDnRcK8QdEma,minbias,0,test,4.935428,4.831847667694092,-0.020987130571421653,3,60mm,0.5485783
SubNetW8CleanAuxExDnRcK8QdEma,minbias,0,test,42.796753,45.118003845214844,0.05423894937405693,2,40mm,3.1860507
SubNetW8CleanAuxExDnRcK8QdEma,minbias,0,test,31.629927,31.542495727539062,-0.0027641845287798006,3,60mm,3.638111
SubNetW8CleanAuxExDnRcK8QdEma,minbias,0,test,11.902202,12.499360084533691,0.050172098359638984,2,40mm,0.93434834
SubNetW8CleanAuxExDnRcK8QdEma,minbias,0,test,5.2456884,5.48225736618042,0.045097784693509,3,60mm,1.1186725
SubNetW8CleanAuxExDnRcK8QdEma,minbias,0,test,37.96348,42.84256362915039,0.12852039595659082,2,40mm,3.1922162
SubNetW8CleanAuxExDnRcK8QdEma,minbias,0,test,2.652541,2.587937116622925,-0.02435544160776404,3,60mm,0.60905993
SubNetW8CleanAuxExDnRcK8QdEma,minbias,0,test,53.307194,53.75336456298828,0.008369804813326498,1,30mm,3.2665474
SubNetW8CleanAuxExDnRcK8QdEma,minbias,0,test,81.455505,80.76223754882812,-0.00851100019706763,0,15mm,2.5181575
SubNetW8CleanAuxExDnRcK8QdEma,minbias,0,test,99.4702,86.5130844116211,-0.1302612765170208,0,15mm,3.5811675
SubNetW8CleanAuxExDnRcK8QdEma,minbias,0,test,10.025213,10.750428199768066,0.0723391054848852,1,30mm,0.71951336
SubNetW8CleanAuxExDnRcK8QdEma,minbias,0,test,75.40546,76.38798522949219,0.013029941486575991,1,30mm,4.397018
SubNetW8CleanAuxExDnRcK8QdEma,minbias,0,test,94.722916,102.06640625,0.0775260194456584,0,15mm,3.0327554
SubNetW8CleanAuxExDnRcK8QdEma,minbias,0,test,12.654793,12.312848091125488,-0.02702096354410022,3,60mm,2.2314649
SubNetW8CleanAuxExDnRcK8QdEma,minbias,0,test,21.712372,21.020753860473633,-0.03185363493382021,3,60mm,3.236119
SubNetW8CleanAuxExDnRcK8QdEma,minbias,0,test,95.301285,90.28119659423828,-0.052675976056993146,0,15mm,2.2654667
SubNetW8CleanAuxExDnRcK8QdEma,minbias,0,test,26.42712,25.720958709716797,-0.026721091569783972,3,60mm,4.6449633
SubNetW8CleanAuxExDnRcK8QdEma,minbias,0,test,6.642039,5.768404483795166,-0.13153104969250218,2,40mm,0.7720498
SubNetW8CleanAuxExDnRcK8QdEma,minbias,0,test,70.780876,70.5243911743164,-0.0036236480708854435,1,30mm,3.4484172
SubNetW8CleanAuxExDnRcK8QdEma,minbias,0,test,4.349222,4.582308292388916,0.05359259640959624,2,40mm,0.7055836
SubNetW8CleanAuxExDnRcK8QdEma,minbias,0,test,4.895953,5.894659042358398,0.20398599160579378,3,60mm,1.0093489
SubNetW8CleanAuxExDnRcK8QdEma,minbias,0,test,18.593456,18.244165420532227,-0.01878568689639637,3,60mm,2.958309
SubNetW8CleanAuxExDnRcK8QdEma,minbias,0,test,63.77626,59.03529739379883,-0.07433742515206454,0,15mm,1.8006284
SubNetW8CleanAuxExDnRcK8QdEma,minbias,0,test,35.24592,33.92856979370117,-0.03737591598511869,0,15mm,1.1364822
SubNetW8CleanAuxExDnRcK8QdEma,minbias,0,test,3.4261625,3.0789148807525635,-0.10135176088404696,3,60mm,0.6349883
SubNetW8CleanAuxExDnRcK8QdEma,minbias,0,test,70.06232,68.40009307861328,-0.02372493359618988,1,30mm,2.470846
SubNetW8CleanAuxExDnRcK8QdEma,minbias,0,test,16.404526,15.07861614227295,-0.08082584246670266,1,30mm,0.767519
SubNetW8CleanAuxExDnRcK8QdEma,minbias,0,test,20.787985,20.465839385986328,-0.015496714298730008,3,60mm,4.198767
SubNetW8CleanAuxExDnRcK8QdEma,minbias,0,test,5.7090774,5.644403457641602,-0.011328257885810045,3,60mm,0.6604881
SubNetW8CleanAuxExDnRcK8QdEma,minbias,0,test,40.23818,40.81529235839844,0.014342451131695855,1,30mm,2.5441084
SubNetW8CleanAuxExDnRcK8QdEma,minbias,0,test,40.167835,39.968997955322266,-0.0049501617178819846,2,40mm,3.901799
SubNetW8CleanAuxExDnRcK8QdEma,minbias,0,test,10.995517,10.868443489074707,-0.011556827254288637,3,60mm,2.2783227
SubNetW8CleanAuxExDnRcK8QdEma,minbias,0,test,10.956437,12.926637649536133,0.1798212793714704,2,40mm,0.78880256
SubNetW8CleanAuxExDnRcK8QdEma,minbias,0,test,20.834337,20.224506378173828,-0.02927047063985777,2,40mm,2.2851212
SubNetW8CleanAuxExDnRcK8QdEma,minbias,0,test,18.435072,18.10950469970703,-0.01766021019344799,3,60mm,2.326058
SubNetW8CleanAuxExDnRcK8QdEma,minbias,0,test,3.3688207,3.523289680480957,0.045852548553566574,3,60mm,0.5356554
SubNetW8CleanAuxExDnRcK8QdEma,minbias,0,test,53.438995,53.16919708251953,-0.005048715399388559,1,30mm,2.1707237
SubNetW8CleanAuxExDnRcK8QdEma,minbias,0,test,38.477364,38.41068649291992,-0.0017328914273477825,1,30mm,1.9010345
SubNetW8CleanAuxExDnRcK8QdEma,minbias,0,test,25.595663,25.60138511657715,0.0002235552907003946,3,60mm,4.7753806
SubNetW8CleanAuxExDnRcK8QdEma,minbias,0,test,24.403107,25.289562225341797,0.03632551982702248,0,15mm,0.64180946
SubNetW8CleanAuxExDnRcK8QdEma,minbias,0,test,9.694852,10.206061363220215,0.052729994691017135,3,60mm,2.2174027
SubNetW8CleanAuxExDnRcK8QdEma,minbias,0,test,9.241641,8.591850280761719,-0.07031118831795424,2,40mm,1.0938615
SubNetW8CleanAuxExDnRcK8QdEma,minbias,0,test,62.233032,65.50193786621094,0.05252685788710765,1,30mm,3.446091
SubNetW8CleanAuxExDnRcK8QdEma,minbias,0,test,37.646515,37.6458854675293,-1.671934442337708e-05,2,40mm,3.3269413
SubNetW8CleanAuxExDnRcK8QdEma,minbias,0,test,5.2669673,5.425118923187256,0.030027075863751085,3,60mm,0.8206302
SubNetW8CleanAuxExDnRcK8QdEma,minbias,0,test,15.9526825,15.608190536499023,-0.021594610105454493,3,60mm,3.5494063
SubNetW8CleanAuxExDnRcK8QdEma,minbias,0,test,75.38722,73.02375793457031,-0.031350994023572554,0,15mm,2.5122697
SubNetW8CleanAuxExDnRcK8QdEma,minbias,0,test,11.9643955,12.162829399108887,0.0165853657758932,3,60mm,1.8554988
SubNetW8CleanAuxExDnRcK8QdEma,minbias,0,test,27.392523,26.939908981323242,-0.016523261974612624,2,40mm,2.110653
SubNetW8CleanAuxExDnRcK8QdEma,minbias,0,test,20.247423,20.803449630737305,0.027461591236421556,3,60mm,3.9345787
SubNetW8CleanAuxExDnRcK8QdEma,minbias,0,test,43.38336,42.86984634399414,-0.01183669155436251,2,40mm,3.015959
SubNetW8CleanAuxExDnRcK8QdEma,minbias,0,test,29.863144,28.936403274536133,-0.031032923017652037,3,60mm,3.988094
SubNetW8CleanAuxExDnRcK8QdEma,minbias,0,test,53.48493,54.07707214355469,0.011071231338288356,1,30mm,2.356984
SubNetW8CleanAuxExDnRcK8QdEma,minbias,0,test,46.614758,47.062679290771484,0.009609011750539853,2,40mm,4.850168
SubNetW8CleanAuxExDnRcK8QdEma,minbias,0,test,21.007784,20.34351921081543,-0.03161993109032957,3,60mm,3.5916252
SubNetW8CleanAuxExDnRcK8QdEma,minbias,0,test,50.33884,50.622047424316406,0.005626012378727729,0,15mm,1.8650599
SubNetW8CleanAuxExDnRcK8QdEma,minbias,0,test,68.22353,67.59730529785156,-0.009179066213608644,0,15mm,3.8007379
SubNetW8CleanAuxExDnRcK8QdEma,minbias,0,test,7.425447,7.7436017990112305,0.04284655353537903,3,60mm,1.1874403
SubNetW8CleanAuxExDnRcK8QdEma,minbias,0,test,44.927147,46.67109680175781,0.03881728553934982,2,40mm,3.6071594
SubNetW8CleanAuxExDnRcK8QdEma,minbias,0,test,21.137465,19.99725914001465,-0.05394239134230561,2,40mm,3.1923687
SubNetW8CleanAuxExDnRcK8QdEma,minbias,0,test,79.89817,76.80329132080078,-0.0387352943395185,0,15mm,2.5382001
SubNetW8CleanAuxExDnRcK8QdEma,minbias,0,test,54.035583,55.72421646118164,0.03125038827812343,1,30mm,4.8011193
SubNetW8CleanAuxExDnRcK8QdEma,minbias,0,test,14.033686,13.886568069458008,-0.010483177267657129,2,40mm,1.7864746
SubNetW8CleanAuxExDnRcK8QdEma,minbias,0,test,22.08106,21.761472702026367,-0.014473385860643284,2,40mm,4.1547303
SubNetW8CleanAuxExDnRcK8QdEma,minbias,0,test,22.209837,21.820419311523438,-0.0175335662760423,3,60mm,4.025342
SubNetW8CleanAuxExDnRcK8QdEma,minbias,0,test,8.293386,8.551129341125488,0.03107812267500254,2,40mm,0.74838626
SubNetW8CleanAuxExDnRcK8QdEma,minbias,0,test,43.300877,43.49352264404297,0.00444900985061758,2,40mm,4.445339
SubNetW8CleanAuxExDnRcK8QdEma,minbias,0,test,16.896498,16.971961975097656,0.004466265724353935,3,60mm,2.8652
SubNetW8CleanAuxExDnRcK8QdEma,minbias,0,test,18.683174,18.579591751098633,-0.005544153336210833,2,40mm,2.2310746
SubNetW8CleanAuxExDnRcK8QdEma,minbias,0,test,73.31486,73.23210906982422,-0.0011286718126025663,0,15mm,2.4142416
SubNetW8CleanAuxExDnRcK8QdEma,minbias,0,test,9.076819,8.884420394897461,-0.02119674481376088,2,40mm,1.1932993
SubNetW8CleanAuxExDnRcK8QdEma,minbias,0,test,16.795677,16.780038833618164,-0.0009310938325453044,2,40mm,1.4247761
SubNetW8CleanAuxExDnRcK8QdEma,minbias,0,test,86.56667,89.94483184814453,0.039023777181038,1,30mm,3.8798265
SubNetW8CleanAuxExDnRcK8QdEma,minbias,0,test,19.25348,19.00420379638672,-0.012947119329598467,3,60mm,2.9766827
SubNetW8CleanAuxExDnRcK8QdEma,minbias,0,test,24.161541,24.220550537109375,0.002442292568935356,2,40mm,4.1616907
SubNetW8CleanAuxExDnRcK8QdEma,minbias,0,test,48.066795,48.307708740234375,0.00501205435817953,2,40mm,3.3071105
SubNetW8CleanAuxExDnRcK8QdEma,minbias,0,test,65.967896,66.05838012695312,0.0013716462901247617,1,30mm,2.8424692
SubNetW8CleanAuxExDnRcK8QdEma,minbias,0,test,84.11072,81.80511474609375,-0.027411524813688692,0,15mm,3.3864326
SubNetW8CleanAuxExDnRcK8QdEma,minbias,0,test,51.76412,52.307498931884766,0.010497247055617498,1,30mm,2.181734
SubNetW8CleanAuxExDnRcK8QdEma,minbias,0,test,21.331953,20.7702693939209,-0.026330624931655167,2,40mm,3.291298
SubNetW8CleanAuxExDnRcK8QdEma,minbias,0,test,54.920185,54.664085388183594,-0.004663125233685839,0,15mm,1.4761183
SubNetW8CleanAuxExDnRcK8QdEma,minbias,0,test,14.122819,14.379549026489258,0.018178387800429352,4,120mm,3.1912284
SubNetW8CleanAuxExDnRcK8QdEma,minbias,0,test,9.302289,9.25412654876709,-0.005177484840565905,4,120mm,2.2156026
SubNetW8CleanAuxExDnRcK8QdEma,minbias,0,test,4.750114,4.687401294708252,-0.013202350479751934,4,120mm,1.0831549
SubNetW8CleanAuxExDnRcK8QdEma,minbias,0,test,18.27245,19.755210876464844,0.081147378931957,3,60mm,2.1063318
SubNetW8CleanAuxExDnRcK8QdEma,minbias,0,test,26.423716,25.538530349731445,-0.033499650669351344,0,15mm,1.0425227
SubNetW8CleanAuxExDnRcK8QdEma,minbias,0,test,18.472809,16.965232849121094,-0.08161054455764505,3,60mm,3.4878068
SubNetW8CleanAuxExDnRcK8QdEma,minbias,0,test,95.88761,94.52535247802734,-0.01420682913462179,0,15mm,2.3586068
SubNetW8CleanAuxExDnRcK8QdEma,minbias,0,test,29.652597,26.50104522705078,-0.10628250048033316,1,30mm,2.3611853
SubNetW8CleanAuxExDnRcK8QdEma,minbias,0,test,27.43208,26.757648468017578,-0.024585480357466882,3,60mm,4.154235
SubNetW8CleanAuxExDnRcK8QdEma,minbias,0,test,2.9636323,3.156956672668457,0.06523222348481039,3,60mm,0.62878627
SubNetW8CleanAuxExDnRcK8QdEma,minbias,0,test,28.188726,27.70377540588379,-0.017203722224714446,3,60mm,4.03338
SubNetW8CleanAuxExDnRcK8QdEma,minbias,0,test,3.1335034,2.7396786212921143,-0.12568194790999165,3,60mm,0.65311927
SubNetW8CleanAuxExDnRcK8QdEma,minbias,0,test,6.179222,6.721410274505615,0.08774375773993337,3,60mm,1.3468448
SubNetW8CleanAuxExDnRcK8QdEma,minbias,0,test,25.52161,25.65506935119629,0.005229258257095193,3,60mm,3.663998
SubNetW8CleanAuxExDnRcK8QdEma,minbias,0,test,48.301407,47.80823516845703,-0.010210296634224014,1,30mm,4.5086784
SubNetW8CleanAuxExDnRcK8QdEma,minbias,0,test,14.879383,13.995473861694336,-0.05940496459337308,1,30mm,0.57825935
SubNetW8CleanAuxExDnRcK8QdEma,minbias,0,test,21.010216,21.375600814819336,0.017390828334575836,3,60mm,2.3699946
SubNetW8CleanAuxExDnRcK8QdEma,minbias,0,test,8.651487,8.72767162322998,0.008805916217635046,2,40mm,0.7637317
SubNetW8CleanAuxExDnRcK8QdEma,minbias,0,test,70.206215,68.46947479248047,-0.02473769757649069,0,15mm,2.5545886
SubNetW8CleanAuxExDnRcK8QdEma,minbias,0,test,55.80128,55.02928161621094,-0.013834796363760948,0,15mm,1.1532207
SubNetW8CleanAuxExDnRcK8QdEma,minbias,0,test,78.0684,75.75653076171875,-0.02961334975017549,1,30mm,4.3369627
SubNetW8CleanAuxExDnRcK8QdEma,minbias,0,test,47.464104,47.049102783203125,-0.008743468920460074,2,40mm,3.3456352
SubNetW8CleanAuxExDnRcK8QdEma,minbias,0,test,14.473221,15.958330154418945,0.10261083881469713,2,40mm,1.4243176
SubNetW8CleanAuxExDnRcK8QdEma,minbias,0,test,12.639325,12.347250938415527,-0.02310837012356104,3,60mm,2.7530317
SubNetW8CleanAuxExDnRcK8QdEma,minbias,0,test,65.89359,65.1007308959961,-0.012032458762239018,1,30mm,4.510229
SubNetW8CleanAuxExDnRcK8QdEma,minbias,0,test,47.245586,47.43342971801758,0.003975891444808921,2,40mm,3.9225016
SubNetW8CleanAuxExDnRcK8QdEma,minbias,0,test,17.802113,16.69725227355957,-0.06206343774435008,1,30mm,0.8715825
SubNetW8CleanAuxExDnRcK8QdEma,minbias,0,test,49.78628,50.004886627197266,0.004390869021371646,2,40mm,4.363705
SubNetW8CleanAuxExDnRcK8QdEma,minbias,0,test,5.439603,9.429694175720215,0.7335262210333149,2,40mm,0.56324136
SubNetW8CleanAuxExDnRcK8QdEma,minbias,0,test,12.887369,9.812200546264648,-0.2386188036070308,3,60mm,2.246876
SubNetW8CleanAuxExDnRcK8QdEma,minbias,0,test,31.398447,31.303447723388672,-0.0030256054779818076,2,40mm,3.6204169
SubNetW8CleanAuxExDnRcK8QdEma,minbias,0,test,10.970915,10.30083179473877,-0.06107813757460767,2,40mm,1.3273826
SubNetW8CleanAuxExDnRcK8QdEma,minbias,0,test,6.8132005,6.373132228851318,-0.06459053225092926,3,60mm,1.3713269
SubNetW8CleanAuxExDnRcK8QdEma,minbias,0,test,24.49495,23.58169174194336,-0.037283506333080196,3,60mm,2.7272565
SubNetW8CleanAuxExDnRcK8QdEma,minbias,0,test,69.39757,73.09329223632812,0.053254380624264686,1,30mm,3.865386
SubNetW8CleanAuxExDnRcK8QdEma,minbias,0,test,7.0425477,6.963115692138672,-0.011278874350992951,3,60mm,1.6494126
SubNetW8CleanAuxExDnRcK8QdEma,minbias,0,test,76.79136,74.44832611083984,-0.030511673045246934,1,30mm,3.131562
SubNetW8CleanAuxExDnRcK8QdEma,minbias,0,test,10.53167,10.449424743652344,-0.007809291027935927,3,60mm,1.932202
SubNetW8CleanAuxExDnRcK8QdEma,minbias,0,test,37.841625,37.192840576171875,-0.01714473503156011,2,40mm,3.8200378
SubNetW8CleanAuxExDnRcK8QdEma,minbias,0,test,33.211864,31.689573287963867,-0.04583576404694034,3,60mm,4.098889
SubNetW8CleanAuxExDnRcK8QdEma,minbias,0,test,15.34242,15.297080993652344,-0.002955116062943297,3,60mm,1.8571733
SubNetW8CleanAuxExDnRcK8QdEma,minbias,0,test,17.81547,18.33034896850586,0.028900682055882365,4,120mm,4.0778193
SubNetW8CleanAuxExDnRcK8QdEma,minbias,0,test,20.954035,19.963314056396484,-0.047280667332426196,3,60mm,3.3131602
SubNetW8CleanAuxExDnRcK8QdEma,minbias,0,test,17.523552,16.727670669555664,-0.045417805365355224,4,120mm,4.0709705
SubNetW8CleanAuxExDnRcK8QdEma,minbias,0,test,7.879396,8.157511711120605,0.03529658246759282,2,40mm,1.1089398
SubNetW8CleanAuxExDnRcK8QdEma,minbias,0,test,91.26392,89.35346221923828,-0.020933369391526346,1,30mm,3.6152968
SubNetW8CleanAuxExDnRcK8QdEma,minbias,0,test,60.210403,60.7463264465332,0.008900837289077979,1,30mm,3.8435771
SubNetW8CleanAuxExDnRcK8QdEma,minbias,0,test,11.741204,11.519153594970703,-0.018912086176024245,3,60mm,1.5111244
SubNetW8CleanAuxExDnRcK8QdEma,minbias,0,test,14.811699,14.873039245605469,0.004141343433266442,3,60mm,3.072592
SubNetW8CleanAuxExDnRcK8QdEma,minbias,0,test,34.86742,33.785282135009766,-0.03103579374166121,0,15mm,1.4100055
SubNetW8CleanAuxExDnRcK8QdEma,minbias,0,test,16.718706,16.056316375732422,-0.03961967810544553,3,60mm,2.5409513
SubNetW8CleanAuxExDnRcK8QdEma,minbias,0,test,12.342531,12.423356056213379,0.006548482693897295,4,120mm,2.8557296
SubNetW8CleanAuxExDnRcK8QdEma,minbias,0,test,8.25937,6.856653213500977,-0.1698333725339547,3,60mm,1.3426522
SubNetW8CleanAuxExDnRcK8QdEma,minbias,0,test,17.850761,19.158864974975586,0.07327998683611603,1,30mm,0.8330574
SubNetW8CleanAuxExDnRcK8QdEma,minbias,0,test,26.972149,25.65947914123535,-0.04866760001680204,0,15mm,0.7277201
SubNetW8CleanAuxExDnRcK8QdEma,minbias,0,test,22.289368,23.238969802856445,0.04260336770822781,2,40mm,2.84989
SubNetW8CleanAuxExDnRcK8QdEma,minbias,0,test,24.266726,22.082958221435547,-0.08999019316023815,0,15mm,0.54434925
SubNetW8CleanAuxExDnRcK8QdEma,minbias,0,test,21.198526,20.948116302490234,-0.011812617322466856,3,60mm,3.696528
SubNetW8CleanAuxExDnRcK8QdEma,minbias,0,test,33.243313,32.85529327392578,-0.011672108724102848,1,30mm,1.8620017
SubNetW8CleanAuxExDnRcK8QdEma,minbias,0,test,10.737129,10.48565673828125,-0.02342082955255209,2,40mm,1.2440343
SubNetW8CleanAuxExDnRcK8QdEma,minbias,0,test,23.412695,23.999454498291016,0.02506159880309533,3,60mm,3.1613696
SubNetW8CleanAuxExDnRcK8QdEma,minbias,0,test,72.47825,72.26663970947266,-0.002919619207380597,0,15mm,1.515777
SubNetW8CleanAuxExDnRcK8QdEma,minbias,0,test,28.428448,27.931726455688477,-0.01747268343784847,1,30mm,1.8366426
SubNetW8CleanAuxExDnRcK8QdEma,minbias,0,test,31.207506,31.56904411315918,0.011584967131513801,2,40mm,2.903724
SubNetW8CleanAuxExDnRcK8QdEma,minbias,0,test,16.240177,16.06075096130371,-0.011048290393010585,4,120mm,3.2270832
SubNetW8CleanAuxExDnRcK8QdEma,minbias,0,test,32.21208,31.111135482788086,-0.03417794432464494,1,30mm,1.5121039
SubNetW8CleanAuxExDnRcK8QdEma,minbias,0,test,46.40386,44.61538314819336,-0.038541515869177645,1,30mm,2.3224576
SubNetW8CleanAuxExDnRcK8QdEma,minbias,0,test,24.290466,23.735450744628906,-0.02284911112507071,1,30mm,1.3797673
SubNetW8CleanAuxExDnRcK8QdEma,minbias,0,test,34.164944,33.812278747558594,-0.010322421446304686,2,40mm,3.7989712
SubNetW8CleanAuxExDnRcK8QdEma,minbias,0,test,26.034632,25.784549713134766,-0.009605744325218768,3,60mm,4.7225704
SubNetW8CleanAuxExDnRcK8QdEma,minbias,0,test,25.14886,24.711923599243164,-0.017374040651194522,3,60mm,4.4227386
SubNetW8CleanAuxExDnRcK8QdEma,minbias,0,test,39.172646,39.20103454589844,0.0007247143162920633,2,40mm,3.8772485
SubNetW8CleanAuxExDnRcK8QdEma,minbias,0,test,15.902852,15.709243774414062,-0.012174437848347264,3,60mm,1.9978547
SubNetW8CleanAuxExDnRcK8QdEma,minbias,0,test,39.611183,38.374427795410156,-0.0312223789401872,0,15mm,1.4698058
SubNetW8CleanAuxExDnRcK8QdEma,minbias,0,test,30.707556,30.43865966796875,-0.008756675552807125,2,40mm,2.9778595
SubNetW8CleanAuxExDnRcK8QdEma,minbias,0,test,26.825665,27.09674835205078,0.010105391110901918,0,15mm,1.2301992
SubNetW8CleanAuxExDnRcK8QdEma,minbias,0,test,83.68906,82.429931640625,-0.01504527366032371,1,30mm,4.7794633
SubNetW8CleanAuxExDnRcK8QdEma,minbias,0,test,27.63583,27.21072006225586,-0.015382561856353894,3,60mm,3.6619763
SubNetW8CleanAuxExDnRcK8QdEma,minbias,0,test,11.858692,12.460086822509766,0.050713404542435114,4,120mm,2.3155587
SubNetW8CleanAuxExDnRcK8QdEma,minbias,0,test,30.378576,30.357555389404297,-0.000691964267495182,2,40mm,2.618685
SubNetW8CleanAuxExDnRcK8QdEma,minbias,0,test,17.008764,16.063488006591797,-0.05557583405466848,2,40mm,2.579773
SubNetW8CleanAuxExDnRcK8QdEma,minbias,0,test,12.701943,12.613505363464355,-0.006962559294262816,3,60mm,2.871748
SubNetW8CleanAuxExDnRcK8QdEma,minbias,0,test,8.142729,7.996380805969238,-0.017972844616063854,2,40mm,0.71659267
SubNetW8CleanAuxExDnRcK8QdEma,minbias,0,test,41.166416,38.48502731323242,-0.06513534829031176,2,40mm,4.4446344
SubNetW8CleanAuxExDnRcK8QdEma,minbias,0,test,56.91467,69.1689682006836,0.21531003116052383,1,30mm,3.49755
SubNetW8CleanAuxExDnRcK8QdEma,minbias,0,test,75.78911,76.82974243164062,0.013730655749091714,0,15mm,1.8313735
SubNetW8CleanAuxExDnRcK8QdEma,minbias,0,test,39.557243,40.03776550292969,0.01214751370676903,3,60mm,4.680136
SubNetW8CleanAuxExDnRcK8QdEma,minbias,0,test,31.159775,32.79773712158203,0.05256656547933569,2,40mm,3.4971998
SubNetW8CleanAuxExDnRcK8QdEma,minbias,0,test,4.553924,4.556386470794678,0.0005407176403684488,2,40mm,0.58629686
SubNetW8CleanAuxExDnRcK8QdEma,minbias,0,test,27.435255,27.335033416748047,-0.003653023590488691,2,40mm,2.3096886
SubNetW8CleanAuxExDnRcK8QdEma,minbias,0,test,17.321585,17.323759078979492,0.00012552993729331163,3,60mm,4.0174556
SubNetW8CleanAuxExDnRcK8QdEma,minbias,0,test,37.012943,42.6365966796875,0.15193748227945547,3,60mm,3.7046905
SubNetW8CleanAuxExDnRcK8QdEma,minbias,0,test,44.60454,44.81267166137695,0.004666114133528021,2,40mm,3.9237106
SubNetW8CleanAuxExDnRcK8QdEma,minbias,0,test,11.037545,10.663644790649414,-0.03387532341631305,2,40mm,1.1972349
SubNetW8CleanAuxExDnRcK8QdEma,minbias,0,test,46.054977,48.687076568603516,0.057151241825171395,0,15mm,1.1550132
SubNetW8CleanAuxExDnRcK8QdEma,minbias,0,test,21.07581,20.875333786010742,-0.009512123031433894,4,120mm,4.9030037
SubNetW8CleanAuxExDnRcK8QdEma,minbias,0,test,29.50884,29.4503173828125,-0.001983242207696412,2,40mm,3.50476
SubNetW8CleanAuxExDnRcK8QdEma,minbias,0,test,64.719124,63.79354476928711,-0.014301477154239794,1,30mm,4.090851
SubNetW8CleanAuxExDnRcK8QdEma,minbias,0,test,2.9041865,3.2117302417755127,0.10589669634967991,2,40mm,0.5030886
SubNetW8CleanAuxExDnRcK8QdEma,minbias,0,test,5.83044,6.319621562957764,0.0839013033028746,3,60mm,0.86784834
SubNetW8CleanAuxExDnRcK8QdEma,minbias,0,test,30.682089,30.848543167114258,0.005425129820490815,3,60mm,4.3460875
SubNetW8CleanAuxExDnRcK8QdEma,minbias,0,test,68.85087,69.65079498291016,0.01161825229563207,1,30mm,4.577422
SubNetW8CleanAuxExDnRcK8QdEma,minbias,0,test,72.01288,71.65705871582031,-0.004941056516075237,0,15mm,3.2636554
SubNetW8CleanAuxExDnRcK8QdEma,minbias,0,test,53.76285,54.7991943359375,0.019276183978142125,2,40mm,4.497914
SubNetW8CleanAuxExDnRcK8QdEma,minbias,0,test,9.979812,9.332534790039062,-0.06485862658177466,3,60mm,1.2641453
SubNetW8CleanAuxExDnRcK8QdEma,minbias,0,test,22.488953,21.78874969482422,-0.031135418051940644,2,40mm,2.2543879
SubNetW8CleanAuxExDnRcK8QdEma,minbias,0,test,19.20308,18.869043350219727,-0.017394912009840335,3,60mm,4.2056746
SubNetW8CleanAuxExDnRcK8QdEma,minbias,0,test,37.690853,37.18133544921875,-0.013518337408560455,1,30mm,3.94473
SubNetW8CleanAuxExDnRcK8QdEma,minbias,0,test,21.625004,21.736576080322266,0.005159410217036475,4,120mm,4.7702265
SubNetW8CleanAuxExDnRcK8QdEma,minbias,0,test,48.864864,45.438194274902344,-0.07012543921054404,1,30mm,2.3508887
SubNetW8CleanAuxExDnRcK8QdEma,minbias,0,test,23.278536,23.54261589050293,0.011344358141322619,3,60mm,2.3946514
SubNetW8CleanAuxExDnRcK8QdEma,minbias,0,test,9.22496,9.563628196716309,0.03671212206422125,3,60mm,1.810481
SubNetW8CleanAuxExDnRcK8QdEma,minbias,0,test,19.254541,18.569868087768555,-0.03555905566410844,3,60mm,2.8737102
SubNetW8CleanAuxExDnRcK8QdEma,minbias,0,test,93.484764,88.93595123291016,-0.04865833390121055,1,30mm,4.987932
SubNetW8CleanAuxExDnRcK8QdEma,minbias,0,test,11.997112,11.91823959350586,-0.00657430545464488,1,30mm,0.60469896
SubNetW8CleanAuxExDnRcK8QdEma,minbias,0,test,21.47435,20.55126190185547,-0.04298561189418637,3,60mm,3.270165
SubNetW8CleanAuxExDnRcK8QdEma,minbias,0,test,88.88204,98.5810317993164,0.10912204149941629,1,30mm,3.7591891
SubNetW8CleanAuxExDnRcK8QdEma,minbias,0,test,72.97077,72.25457763671875,-0.009814808522205953,0,15mm,2.4862287
SubNetW8CleanAuxExDnRcK8QdEma,minbias,0,test,13.1840925,14.217862129211426,0.07841037263998185,2,40mm,1.6696146
SubNetW8CleanAuxExDnRcK8QdEma,minbias,0,test,65.58324,62.826866149902344,-0.042028583573577194,0,15mm,2.3776116
SubNetW8CleanAuxExDnRcK8QdEma,minbias,0,test,40.367096,41.734188079833984,0.03386649696956878,0,15mm,1.9224192
SubNetW8CleanAuxExDnRcK8QdEma,minbias,0,test,5.3365865,4.965042591094971,-0.06962201137224566,4,120mm,1.0703803
SubNetW8CleanAuxExDnRcK8QdEma,minbias,0,test,21.759516,21.080585479736328,-0.03120153453819796,3,60mm,4.9908714
SubNetW8CleanAuxExDnRcK8QdEma,minbias,0,test,24.799646,26.394859313964844,0.064324019468462,2,40mm,2.7272942
SubNetW8CleanAuxExDnRcK8QdEma,minbias,0,test,72.509735,72.32128143310547,-0.0025990120366212732,0,15mm,2.1564958
SubNetW8CleanAuxExDnRcK8QdEma,minbias,0,test,9.758367,10.11875057220459,0.03693076953974295,2,40mm,0.81142217
SubNetW8CleanAuxExDnRcK8QdEma,minbias,0,test,79.42818,82.04967498779297,0.033004636526840825,1,30mm,4.6249766
SubNetW8CleanAuxExDnRcK8QdEma,minbias,0,test,32.700203,33.08464050292969,0.01175642737503102,2,40mm,2.9969656
SubNetW8CleanAuxExDnRcK8QdEma,minbias,0,test,23.729546,22.788352966308594,-0.03966332280801821,4,120mm,4.962229
SubNetW8CleanAuxExDnRcK8QdEma,minbias,0,test,38.351814,36.07154083251953,-0.059456729255245144,0,15mm,1.3436271
SubNetW8CleanAuxExDnRcK8QdEma,minbias,0,test,73.79525,71.56072998046875,-0.03027999715895313,2,40mm,4.7136173
SubNetW8CleanAuxExDnRcK8QdEma,minbias,0,test,51.631622,52.17992401123047,0.010619493872147112,2,40mm,3.3975768
SubNetW8CleanAuxExDnRcK8QdEma,minbias,0,test,24.652514,24.439380645751953,-0.008645481858940651,2,40mm,1.9352539
SubNetW8CleanAuxExDnRcK8QdEma,minbias,0,test,16.444279,16.168941497802734,-0.01674364829105901,3,60mm,3.614449
SubNetW8CleanAuxExDnRcK8QdEma,minbias,0,test,60.22251,60.10357666015625,-0.001974919823119925,2,40mm,4.043135
SubNetW8CleanAuxExDnRcK8QdEma,minbias,0,test,16.396715,15.45566177368164,-0.05739279978214651,2,40mm,3.22623
SubNetW8CleanAuxExDnRcK8QdEma,minbias,0,test,26.371708,26.667633056640625,0.011221311161208725,2,40mm,2.3997812
SubNetW8CleanAuxExDnRcK8QdEma,minbias,0,test,19.156706,19.74968719482422,0.03095424354001053,2,40mm,1.6848933
SubNetW8CleanAuxExDnRcK8QdEma,minbias,0,test,10.5697565,10.661343574523926,0.008665011969023695,4,120mm,2.195601
SubNetW8CleanAuxExDnRcK8QdEma,minbias,0,test,64.068634,62.32406234741211,-0.0272297312423877,1,30mm,2.930228
SubNetW8CleanAuxExDnRcK8QdEma,minbias,0,test,5.940137,5.229455947875977,-0.11964050196791132,3,60mm,1.0279909
SubNetW8CleanAuxExDnRcK8QdEma,minbias,0,test,23.592964,23.53829574584961,-0.002317149558414111,0,15mm,0.5953603
SubNetW8CleanAuxExDnRcK8QdEma,minbias,0,test,12.739861,12.052824974060059,-0.05392802839076105,3,60mm,1.7650156
SubNetW8CleanAuxExDnRcK8QdEma,minbias,0,test,51.52681,51.12832260131836,-0.0077335874944215455,1,30mm,3.8109694
SubNetW8CleanAuxExDnRcK8QdEma,minbias,0,test,10.894786,11.294565200805664,0.03669455500349228,3,60mm,1.7444875
SubNetW8CleanAuxExDnRcK8QdEma,minbias,0,test,33.209892,32.72265625,-0.014671412329334554,2,40mm,3.1449192
SubNetW8CleanAuxExDnRcK8QdEma,minbias,0,test,25.815462,25.73480796813965,-0.0031242572352901954,2,40mm,2.822156
SubNetW8CleanAuxExDnRcK8QdEma,minbias,0,test,16.355043,16.076141357421875,-0.017052969339175106,3,60mm,2.9653249
SubNetW8CleanAuxExDnRcK8QdEma,minbias,0,test,10.8438015,10.89521598815918,0.004741371349670898,3,60mm,1.2994332
SubNetW8CleanAuxExDnRcK8QdEma,minbias,0,test,16.62758,16.85622215270996,0.013750738301795185,2,40mm,1.8118787
SubNetW8CleanAuxExDnRcK8QdEma,minbias,0,test,6.7369146,6.697074890136719,-0.005913648417428363,3,60mm,1.3597845
SubNetW8CleanAuxExDnRcK8QdEma,minbias,0,test,79.575424,77.0482177734375,-0.03175862958300535,0,15mm,1.7920332
SubNetW8CleanAuxExDnRcK8QdEma,minbias,0,test,23.300184,23.284908294677734,-0.0006556152104365554,3,60mm,3.642534
SubNetW8CleanAuxExDnRcK8QdEma,minbias,0,test,13.283743,15.4585542678833,0.16371977226815915,1,30mm,0.753156
SubNetW8CleanAuxExDnRcK8QdEma,minbias,0,test,10.094195,9.868552207946777,-0.022353753794098208,3,60mm,2.322945
SubNetW8CleanAuxExDnRcK8QdEma,minbias,0,test,89.99317,85.04399108886719,-0.05499506806996013,0,15mm,2.3670423
SubNetW8CleanAuxExDnRcK8QdEma,minbias,0,test,29.727592,29.48636817932129,-0.008114491249096911,2,40mm,4.22087
SubNetW8CleanAuxExDnRcK8QdEma,minbias,0,test,91.66528,88.21141052246094,-0.03767917972838719,0,15mm,2.8129778
SubNetW8CleanAuxExDnRcK8QdEma,minbias,0,test,22.796618,21.383298873901367,-0.06199685692586998,2,40mm,2.291049
SubNetW8CleanAuxExDnRcK8QdEma,minbias,0,test,26.709057,27.489225387573242,0.029209887027557446,2,40mm,4.0168724
SubNetW8CleanAuxExDnRcK8QdEma,minbias,0,test,31.074806,30.58478546142578,-0.015769068633552763,3,60mm,4.6168647
SubNetW8CleanAuxExDnRcK8QdEma,minbias,0,test,56.240463,56.23042678833008,-0.0001784563626374691,0,15mm,1.6189028
SubNetW8CleanAuxExDnRcK8QdEma,minbias,0,test,19.590334,18.736774444580078,-0.043570441254030645,4,120mm,4.0967484
SubNetW8CleanAuxExDnRcK8QdEma,minbias,0,test,21.28342,20.882078170776367,-0.01885704371553454,3,60mm,4.0325317
SubNetW8CleanAuxExDnRcK8QdEma,minbias,0,test,23.139399,22.817914962768555,-0.013893343468756147,2,40mm,2.7333539
SubNetW8CleanAuxExDnRcK8QdEma,minbias,0,test,7.4769,6.861492156982422,-0.08230789972268204,3,60mm,1.4400703
SubNetW8CleanAuxExDnRcK8QdEma,minbias,0,test,11.377541,11.003357887268066,-0.03288783706849896,3,60mm,1.5172213
SubNetW8CleanAuxExDnRcK8QdEma,minbias,0,test,13.048322,12.60612678527832,-0.03388902787769499,3,60mm,2.387737
SubNetW8CleanAuxExDnRcK8QdEma,minbias,0,test,18.963205,19.01690673828125,0.0028318736100259034,2,40mm,2.5563135
SubNetW8CleanAuxExDnRcK8QdEma,minbias,0,test,28.692898,32.94868850708008,0.1483220949174724,2,40mm,4.324028
SubNetW8CleanAuxExDnRcK8QdEma,minbias,0,test,9.687223,9.41547679901123,-0.0280520664435866,3,60mm,1.6130719
SubNetW8CleanAuxExDnRcK8QdEma,minbias,0,test,53.90734,53.65437698364258,-0.004692570901602244,1,30mm,3.1708515
SubNetW8CleanAuxExDnRcK8QdEma,minbias,0,test,22.986021,23.411178588867188,0.018496352466685018,2,40mm,4.573318
SubNetW8CleanAuxExDnRcK8QdEma,minbias,0,test,37.334713,36.09933090209961,-0.033089368617025494,2,40mm,4.218904
SubNetW8CleanAuxExDnRcK8QdEma,minbias,0,test,41.469826,40.675472259521484,-0.019154975234259464,2,40mm,4.9917083
SubNetW8CleanAuxExDnRcK8QdEma,minbias,0,test,17.04589,17.091703414916992,0.002687604146199174,3,60mm,3.384283
SubNetW8CleanAuxExDnRcK8QdEma,minbias,0,test,35.59894,35.73931884765625,0.003943292625231631,2,40mm,4.934552
SubNetW8CleanAuxExDnRcK8QdEma,minbias,0,test,14.510695,14.165390968322754,-0.02379654994125424,3,60mm,1.8244461
SubNetW8CleanAuxExDnRcK8QdEma,minbias,0,test,6.5833054,6.037219524383545,-0.08295009949159049,2,40mm,0.91123253
SubNetW8CleanAuxExDnRcK8QdEma,minbias,0,test,34.48374,35.59595489501953,0.032253261333941685,2,40mm,2.5555553
SubNetW8CleanAuxExDnRcK8QdEma,minbias,0,test,17.536798,17.50303840637207,-0.0019250988625275633,3,60mm,2.6653235
SubNetW8CleanAuxExDnRcK8QdEma,minbias,0,test,72.50603,73.5108413696289,0.013858353387327327,0,15mm,1.9954549
SubNetW8CleanAuxExDnRcK8QdEma,minbias,0,test,22.352795,22.179962158203125,-0.007732030457104022,2,40mm,2.2068362
SubNetW8CleanAuxExDnRcK8QdEma,minbias,0,test,11.493358,11.820389747619629,0.02845400786729857,3,60mm,2.3626182
SubNetW8CleanAuxExDnRcK8QdEma,minbias,0,test,7.1023345,6.827057838439941,-0.038758616753974184,4,120mm,1.4970573
SubNetW8CleanAuxExDnRcK8QdEma,minbias,0,test,18.37443,17.596220016479492,-0.04235286204079869,4,120mm,3.7988372
SubNetW8CleanAuxExDnRcK8QdEma,minbias,0,test,95.756516,66.66435241699219,-0.30381392778486616,0,15mm,4.080388
SubNetW8CleanAuxExDnRcK8QdEma,minbias,0,test,21.273067,21.740020751953125,0.02195044406033997,2,40mm,4.095624
SubNetW8CleanAuxExDnRcK8QdEma,minbias,0,test,31.595053,31.016056060791016,-0.018325548099968225,2,40mm,4.4610643
SubNetW8CleanAuxExDnRcK8QdEma,minbias,0,test,27.730278,28.14391326904297,0.014916376016153254,2,40mm,2.9904711
SubNetW8CleanAuxExDnRcK8QdEma,minbias,0,test,21.596516,22.29686737060547,0.03242892169547562,3,60mm,2.3621397
SubNetW8CleanAuxExDnRcK8QdEma,minbias,0,test,27.20712,27.213470458984375,0.0002333787401851417,3,60mm,4.9437375
SubNetW8CleanAuxExDnRcK8QdEma,minbias,0,test,15.719773,17.260787963867188,0.09803033686604379,2,40mm,3.2617767
SubNetW8CleanAuxExDnRcK8QdEma,minbias,0,test,87.02984,102.77509307861328,0.18091788720695523,0,15mm,3.004715
SubNetW8CleanAuxExDnRcK8QdEma,minbias,0,test,12.285936,12.387856483459473,0.008295674413311804,2,40mm,1.9707663
SubNetW8CleanAuxExDnRcK8QdEma,minbias,0,test,22.8679,25.027210235595703,0.09442534325835084,0,15mm,1.0094736
SubNetW8CleanAuxExDnRcK8QdEma,minbias,0,test,42.813095,42.654296875,-0.0037091038951827526,0,15mm,1.0969623
SubNetW8CleanAuxExDnRcK8QdEma,minbias,0,test,98.0699,93.63572692871094,-0.045214419111298754,0,15mm,2.550653
SubNetW8CleanAuxExDnRcK8QdEma,minbias,0,test,95.08994,59.58522415161133,-0.3733803774165614,0,15mm,2.8831518
SubNetW8CleanAuxExDnRcK8QdEma,minbias,0,test,30.313635,30.947412490844727,0.020907344865609634,2,40mm,3.11466
SubNetW8CleanAuxExDnRcK8QdEma,minbias,0,test,12.322213,12.543749809265137,0.0179786401390567,2,40mm,1.2451003
SubNetW8CleanAuxExDnRcK8QdEma,minbias,0,test,19.38638,19.12729835510254,-0.013364067813152358,2,40mm,2.6800137
SubNetW8CleanAuxExDnRcK8QdEma,minbias,0,test,48.987328,47.67665100097656,-0.026755421035819626,1,30mm,3.3913336
SubNetW8CleanAuxExDnRcK8QdEma,minbias,0,test,8.389914,8.949930191040039,0.06674879641423859,2,40mm,1.8412373
SubNetW8CleanAuxExDnRcK8QdEma,minbias,0,test,4.20148,5.076495170593262,0.2082635826320811,3,60mm,0.99925566
SubNetW8CleanAuxExDnRcK8QdEma,minbias,0,test,42.697483,41.532142639160156,-0.02729295358865791,1,30mm,2.4973187
SubNetW8CleanAuxExDnRcK8QdEma,minbias,0,test,7.0037026,7.0213117599487305,0.002514258574225048,2,40mm,0.54110485
SubNetW8CleanAuxExDnRcK8QdEma,minbias,0,test,17.746729,17.44906997680664,-0.01677260761766719,3,60mm,2.1584928
SubNetW8CleanAuxExDnRcK8QdEma,minbias,0,test,61.389584,59.946468353271484,-0.02350749345472669,0,15mm,1.7349778
SubNetW8CleanAuxExDnRcK8QdEma,minbias,0,test,52.47925,51.93791198730469,-0.010315312338969762,2,40mm,4.232688
SubNetW8CleanAuxExDnRcK8QdEma,minbias,0,test,14.551473,14.40938663482666,-0.0097643745299697,4,120mm,3.2693324
SubNetW8CleanAuxExDnRcK8QdEma,minbias,0,test,25.835138,25.735605239868164,-0.0038526242754457485,3,60mm,3.2139738
SubNetW8CleanAuxExDnRcK8QdEma,minbias,0,test,73.1033,62.45323181152344,-0.1456852139202296,1,30mm,4.3549857
SubNetW8CleanAuxExDnRcK8QdEma,minbias,0,test,6.346388,7.052549362182617,0.11126983005919144,3,60mm,1.0983652
SubNetW8CleanAuxExDnRcK8QdEma,minbias,0,test,27.322618,26.476106643676758,-0.030982090581860855,3,60mm,4.628822
SubNetW8CleanAuxExDnRcK8QdEma,minbias,0,test,72.00758,75.50984954833984,0.04863745947575904,1,30mm,4.187145
SubNetW8CleanAuxExDnRcK8QdEma,minbias,0,test,31.534203,31.1351261138916,-0.012655352892916527,1,30mm,1.6699581
SubNetW8CleanAuxExDnRcK8QdEma,minbias,0,test,26.297075,25.767175674438477,-0.020150514522811358,3,60mm,3.6855803
SubNetW8CleanAuxExDnRcK8QdEma,minbias,0,test,14.46001,14.047660827636719,-0.028516491992471638,4,120mm,3.2622528
SubNetW8CleanAuxExDnRcK8QdEma,minbias,0,test,83.937584,82.71350860595703,-0.014583161203457595,0,15mm,2.667871
SubNetW8CleanAuxExDnRcK8QdEma,minbias,0,test,30.515684,29.097742080688477,-0.046466008796670955,2,40mm,2.4545398
SubNetW8CleanAuxExDnRcK8QdEma,minbias,0,test,68.0683,68.61485290527344,0.00802950240802125,1,30mm,3.9793932
SubNetW8CleanAuxExDnRcK8QdEma,minbias,0,test,67.15787,68.32095336914062,0.01731868479421106,1,30mm,4.1546307
SubNetW8CleanAuxExDnRcK8QdEma,minbias,0,test,13.044706,13.673455238342285,0.048199543717429405,2,40mm,2.2833147
SubNetW8CleanAuxExDnRcK8QdEma,minbias,0,test,2.972471,2.918701648712158,-0.018089108379606533,3,60mm,0.50565386
SubNetW8CleanAuxExDnRcK8QdEma,minbias,0,test,23.23228,23.238798141479492,0.0002805325208372622,3,60mm,4.8242736
SubNetW8CleanAuxExDnRcK8QdEma,minbias,0,test,15.786858,15.365589141845703,-0.026684757263019998,4,120mm,3.5116196
SubNetW8CleanAuxExDnRcK8QdEma,minbias,0,test,49.568886,47.520545959472656,-0.04132309634478071,2,40mm,4.9549203
SubNetW8CleanAuxExDnRcK8QdEma,minbias,0,test,16.775644,16.635705947875977,-0.00834175736978593,3,60mm,2.624987
SubNetW8CleanAuxExDnRcK8QdEma,minbias,0,test,17.36295,16.38162612915039,-0.05651823438519221,2,40mm,1.9547207
SubNetW8CleanAuxExDnRcK8QdEma,minbias,0,test,21.006372,22.1264591217041,0.05332128012549098,3,60mm,3.204297
SubNetW8CleanAuxExDnRcK8QdEma,minbias,0,test,22.216711,21.97126579284668,-0.011047776197624426,2,40mm,2.792934
SubNetW8CleanAuxExDnRcK8QdEma,minbias,0,test,19.365494,19.129043579101562,-0.01220987174749455,0,15mm,0.5491236
SubNetW8CleanAuxExDnRcK8QdEma,minbias,0,test,18.056536,17.330459594726562,-0.040211264072167796,3,60mm,3.7919607
SubNetW8CleanAuxExDnRcK8QdEma,minbias,0,test,15.416865,15.03005313873291,-0.025090198385414153,4,120mm,3.5264964
SubNetW8CleanAuxExDnRcK8QdEma,minbias,0,test,11.3723,12.404276847839355,0.09074476459449232,1,30mm,0.63845617
SubNetW8CleanAuxExDnRcK8QdEma,minbias,0,test,13.730359,13.709297180175781,-0.0015339655109543049,3,60mm,2.0641181
SubNetW8CleanAuxExDnRcK8QdEma,minbias,0,test,46.591938,47.711368560791016,0.02402627127338053,2,40mm,4.8701577
SubNetW8CleanAuxExDnRcK8QdEma,minbias,0,test,10.44554,10.68165111541748,0.022603970457985678,3,60mm,2.4813807
SubNetW8CleanAuxExDnRcK8QdEma,minbias,0,test,31.099527,31.940879821777344,0.027053544996233914,2,40mm,3.224276
SubNetW8CleanAuxExDnRcK8QdEma,minbias,0,test,5.076001,5.2827043533325195,0.040721658491109425,3,60mm,1.1196882
SubNetW8CleanAuxExDnRcK8QdEma,minbias,0,test,69.181305,65.55599212646484,-0.05240307058038329,0,15mm,3.5549607
SubNetW8CleanAuxExDnRcK8QdEma,minbias,0,test,25.535217,26.233003616333008,0.027326430137032176,3,60mm,4.5225477
SubNetW8CleanAuxExDnRcK8QdEma,minbias,0,test,15.41488,14.78790283203125,-0.04067349048697033,3,60mm,2.395905
SubNetW8CleanAuxExDnRcK8QdEma,minbias,0,test,59.360336,57.46615219116211,-0.03190992892724587,1,30mm,2.59313
SubNetW8CleanAuxExDnRcK8QdEma,minbias,0,test,55.4808,65.25279998779297,0.17613299102397084,2,40mm,3.3537927
SubNetW8CleanAuxExDnRcK8QdEma,minbias,0,test,35.57868,35.39065933227539,-0.0052845920282731385,2,40mm,2.3198774
SubNetW8CleanAuxExDnRcK8QdEma,minbias,0,test,27.823328,26.93918800354004,-0.03177693243850854,2,40mm,2.1391842
SubNetW8CleanAuxExDnRcK8QdEma,minbias,0,test,28.809929,29.103076934814453,0.01017524346726506,3,60mm,3.4616826
SubNetW8CleanAuxExDnRcK8QdEma,minbias,0,test,18.508724,18.80870246887207,0.016207397807603607,4,120mm,3.903312
SubNetW8CleanAuxExDnRcK8QdEma,minbias,0,test,43.58829,44.38593292236328,0.01829944998468025,2,40mm,4.3298516
SubNetW8CleanAuxExDnRcK8QdEma,minbias,0,test,35.603992,35.45529556274414,-0.00417641082168263,0,15mm,1.2144665
SubNetW8CleanAuxExDnRcK8QdEma,minbias,0,test,20.715536,20.67511558532715,-0.0019512182546079782,3,60mm,3.9441879
SubNetW8CleanAuxExDnRcK8QdEma,minbias,0,test,6.605331,4.557511329650879,-0.3100252859020719,2,40mm,0.60608006
SubNetW8CleanAuxExDnRcK8QdEma,minbias,0,test,18.382084,19.115314483642578,0.03988832795538588,4,120mm,4.0759387
SubNetW8CleanAuxExDnRcK8QdEma,minbias,0,test,12.888284,13.177722930908203,0.022457544187306056,3,60mm,2.5571663
SubNetW8CleanAuxExDnRcK8QdEma,minbias,0,test,20.487421,20.27800941467285,-0.01022147300668852,4,120mm,4.3153453
SubNetW8CleanAuxExDnRcK8QdEma,minbias,0,test,18.26695,17.92563819885254,-0.018684695425347675,2,40mm,1.7630254
SubNetW8CleanAuxExDnRcK8QdEma,minbias,0,test,14.383931,14.299345016479492,-0.005880599854998891,2,40mm,1.4098169
SubNetW8CleanAuxExDnRcK8QdEma,minbias,0,test,18.352919,17.331405639648438,-0.0556594297674704,3,60mm,2.8926158
SubNetW8CleanAuxExDnRcK8QdEma,minbias,0,test,43.437084,26.74833106994629,-0.38420518863512754,0,15mm,2.5037374
SubNetW8CleanAuxExDnRcK8QdEma,minbias,0,test,19.862469,20.101211547851562,0.01201979631741179,1,30mm,1.0761396
SubNetW8CleanAuxExDnRcK8QdEma,minbias,0,test,11.911652,12.526408195495605,0.05160968472103722,3,60mm,2.2134461
SubNetW8CleanAuxExDnRcK8QdEma,minbias,0,test,23.490755,22.84476089477539,-0.027499932810546635,3,60mm,2.9878602
SubNetW8CleanAuxExDnRcK8QdEma,minbias,0,test,80.23708,84.88700103759766,0.05795222612126172,1,30mm,3.3533528
SubNetW8CleanAuxExDnRcK8QdEma,minbias,0,test,25.475227,25.920625686645508,0.017483586091895154,2,40mm,1.5709438
SubNetW8CleanAuxExDnRcK8QdEma,minbias,0,test,56.91058,56.459903717041016,-0.007919019044938524,2,40mm,4.4123273
SubNetW8CleanAuxExDnRcK8QdEma,minbias,0,test,7.385561,7.327508926391602,-0.007860210357988784,3,60mm,1.2412834
SubNetW8CleanAuxExDnRcK8QdEma,minbias,0,test,22.5518,22.387948989868164,-0.007265530287716815,2,40mm,1.9826262
SubNetW8CleanAuxExDnRcK8QdEma,minbias,0,test,17.387928,16.885147094726562,-0.028915516215931025,1,30mm,1.289357
SubNetW8CleanAuxExDnRcK8QdEma,minbias,0,test,90.04988,89.67025756835938,-0.004215701441783737,0,15mm,3.5376906
SubNetW8CleanAuxExDnRcK8QdEma,minbias,0,test,46.3128,46.158878326416016,-0.003323552671061436,1,30mm,2.5645685
SubNetW8CleanAuxExDnRcK8QdEma,minbias,0,test,36.008472,34.875396728515625,-0.03146691978996563,1,30mm,2.9681199
SubNetW8CleanAuxExDnRcK8QdEma,minbias,0,test,51.58607,49.11846160888672,-0.047834800305465275,1,30mm,3.5026844
SubNetW8CleanAuxExDnRcK8QdEma,minbias,0,test,15.2123575,15.012040138244629,-0.01316806961282746,3,60mm,3.012127
SubNetW8CleanAuxExDnRcK8QdEma,minbias,0,test,27.347479,26.089500427246094,-0.04599979564728718,2,40mm,2.4774497
SubNetW8CleanAuxExDnRcK8QdEma,minbias,0,test,62.339317,71.59233093261719,0.1484298193879552,1,30mm,4.621204
SubNetW8CleanAuxExDnRcK8QdEma,minbias,0,test,11.1535,11.240614891052246,0.007810578820947711,4,120mm,2.2065907
SubNetW8CleanAuxExDnRcK8QdEma,minbias,0,test,7.25482,6.98986291885376,-0.03652150651419772,4,120mm,1.6858639
SubNetW8CleanAuxExDnRcK8QdEma,minbias,0,test,13.1985235,13.544197082519531,0.02619032049570591,2,40mm,1.8560399
SubNetW8CleanAuxExDnRcK8QdEma,minbias,0,test,14.155355,14.177323341369629,0.001551913546120165,2,40mm,2.4183638
SubNetW8CleanAuxExDnRcK8QdEma,minbias,0,test,46.16015,41.4227294921875,-0.10263006662641527,1,30mm,3.030552
SubNetW8CleanAuxExDnRcK8QdEma,minbias,0,test,13.128682,13.158470153808594,0.002268926687626349,4,120mm,3.034677
SubNetW8CleanAuxExDnRcK8QdEma,minbias,0,test,83.45147,86.30327606201172,0.03417323458050636,1,30mm,4.877127
SubNetW8CleanAuxExDnRcK8QdEma,minbias,0,test,5.2269745,5.248078346252441,0.004037490330019988,3,60mm,0.8930112
SubNetW8CleanAuxExDnRcK8QdEma,minbias,0,test,43.823467,42.66512680053711,-0.026431967314931137,3,60mm,4.73148
SubNetW8CleanAuxExDnRcK8QdEma,minbias,0,test,44.65088,45.203460693359375,0.012375608289135531,1,30mm,3.1786458
SubNetW8CleanAuxExDnRcK8QdEma,minbias,0,test,10.893418,10.971297264099121,0.007149174831563743,3,60mm,1.83526
SubNetW8CleanAuxExDnRcK8QdEma,minbias,0,test,26.545177,26.24298095703125,-0.011384233657663057,1,30mm,2.1623535
SubNetW8CleanAuxExDnRcK8QdEma,minbias,0,test,76.655685,76.2965087890625,-0.004685583773098245,1,30mm,4.3936343
SubNetW8CleanAuxExDnRcK8QdEma,minbias,0,test,34.86819,34.74767303466797,-0.0034563803876095367,3,60mm,3.6956112
SubNetW8CleanAuxExDnRcK8QdEma,minbias,0,test,34.919224,33.996273040771484,-0.02643102121344376,3,60mm,4.4571524
SubNetW8CleanAuxExDnRcK8QdEma,minbias,0,test,10.774496,10.648224830627441,-0.011719457406072165,3,60mm,1.744693
SubNetW8CleanAuxExDnRcK8QdEma,minbias,0,test,34.887177,34.209163665771484,-0.01943444312940268,3,60mm,4.6885033
SubNetW8CleanAuxExDnRcK8QdEma,minbias,0,test,27.251253,22.946590423583984,-0.15796200946211392,0,15mm,0.5819799
SubNetW8CleanAuxExDnRcK8QdEma,minbias,0,test,12.452102,11.656521797180176,-0.06389121523170571,2,40mm,0.9478361
SubNetW8CleanAuxExDnRcK8QdEma,minbias,0,test,63.01168,62.89697265625,-0.0018204235417874637,1,30mm,4.369226
SubNetW8CleanAuxExDnRcK8QdEma,minbias,0,test,4.5927835,4.425304412841797,-0.03646569450147508,2,40mm,0.56996274
SubNetW8CleanAuxExDnRcK8QdEma,minbias,0,test,4.339142,4.504452705383301,0.03809759292471071,3,60mm,0.98679227
SubNetW8CleanAuxExDnRcK8QdEma,minbias,0,test,8.799758,8.055379867553711,-0.08459074596180971,2,40mm,0.91383934
SubNetW8CleanAuxExDnRcK8QdEma,minbias,0,test,22.081577,21.87381362915039,-0.00940891445582337,2,40mm,3.166842
SubNetW8CleanAuxExDnRcK8QdEma,minbias,0,test,18.597971,18.02363395690918,-0.030881702459507276,4,120mm,4.104768
SubNetW8CleanAuxExDnRcK8QdEma,minbias,0,test,10.413006,10.532265663146973,0.011452969128188384,2,40mm,1.3999135
SubNetW8CleanAuxExDnRcK8QdEma,minbias,0,test,64.264656,63.94554901123047,-0.004965514097389656,1,30mm,3.7334824
SubNetW8CleanAuxExDnRcK8QdEma,minbias,0,test,26.914816,26.355318069458008,-0.020787726554563513,3,60mm,3.1871743
SubNetW8CleanAuxExDnRcK8QdEma,minbias,0,test,19.546398,19.18273162841797,-0.01860529655612808,4,120mm,4.3890533
SubNetW8CleanAuxExDnRcK8QdEma,minbias,0,test,51.128258,57.70724105834961,0.12867607065480868,0,15mm,2.0427954
SubNetW8CleanAuxExDnRcK8QdEma,minbias,0,test,21.82705,21.907428741455078,0.0036825630960724,3,60mm,3.0960476
SubNetW8CleanAuxExDnRcK8QdEma,minbias,0,test,23.664839,23.234134674072266,-0.018200171174925894,3,60mm,4.1974545
SubNetW8CleanAuxExDnRcK8QdEma,minbias,0,test,85.25289,82.63308715820312,-0.030729800889848113,0,15mm,4.603819
SubNetW8CleanAuxExDnRcK8QdEma,minbias,0,test,31.296515,32.87691116333008,0.050497529098990634,3,60mm,4.8375325
SubNetW8CleanAuxExDnRcK8QdEma,minbias,0,test,38.44033,38.67268371582031,0.006044516459523086,0,15mm,1.623622
SubNetW8CleanAuxExDnRcK8QdEma,minbias,0,test,8.266444,7.479487895965576,-0.09519888970863499,3,60mm,1.1243455
SubNetW8CleanAuxExDnRcK8QdEma,minbias,0,test,9.200389,10.65888500213623,0.15852548281090262,1,30mm,0.5965979
SubNetW8CleanAuxExDnRcK8QdEma,minbias,0,test,46.103107,45.11632537841797,-0.021403808300635485,2,40mm,4.0928383
SubNetW8CleanAuxExDnRcK8QdEma,minbias,0,test,10.197861,10.62210750579834,0.04160154759571277,2,40mm,1.1368006
SubNetW8CleanAuxExDnRcK8QdEma,minbias,0,test,22.386028,22.436138153076172,0.002238443668191703,3,60mm,2.2756608
SubNetW8CleanAuxExDnRcK8QdEma,minbias,0,test,16.30881,15.476149559020996,-0.0510558255393565,3,60mm,2.9031
SubNetW8CleanAuxExDnRcK8QdEma,minbias,0,test,15.447814,15.717756271362305,0.017474464920716137,3,60mm,2.2469106
SubNetW8CleanAuxExDnRcK8QdEma,minbias,0,test,17.209724,16.760589599609375,-0.026097734951210594,2,40mm,1.8025687
SubNetW8CleanAuxExDnRcK8QdEma,minbias,0,test,50.22804,51.300437927246094,0.021350607455210557,0,15mm,2.26546
SubNetW8CleanAuxExDnRcK8QdEma,minbias,0,test,34.41809,35.47056198120117,0.030579010508843707,2,40mm,4.0254087
SubNetW8CleanAuxExDnRcK8QdEma,minbias,0,test,6.2654266,6.360373020172119,0.015154017427686961,1,30mm,0.61147636
SubNetW8CleanAuxExDnRcK8QdEma,minbias,0,test,20.19513,18.915203094482422,-0.06337796975915522,3,60mm,2.5800657
SubNetW8CleanAuxExDnRcK8QdEma,minbias,0,test,22.350115,21.677919387817383,-0.0300757038570999,2,40mm,2.0056725
SubNetW8CleanAuxExDnRcK8QdEma,minbias,0,test,56.708775,58.228553771972656,0.026799718684382023,0,15mm,2.0981524
SubNetW8CleanAuxExDnRcK8QdEma,minbias,0,test,35.10938,33.745391845703125,-0.03884964687621184,3,60mm,4.0770435
SubNetW8CleanAuxExDnRcK8QdEma,minbias,0,test,13.796259,13.414230346679688,-0.027690737159267953,4,120mm,3.2579074
SubNetW8CleanAuxExDnRcK8QdEma,minbias,0,test,24.547552,24.892799377441406,0.014064427570905869,2,40mm,3.6920698
SubNetW8CleanAuxExDnRcK8QdEma,minbias,0,test,19.05171,19.130783081054688,0.004150438555698965,2,40mm,1.4385723
SubNetW8CleanAuxExDnRcK8QdEma,minbias,0,test,73.2071,71.12983703613281,-0.028375155973158428,1,30mm,4.3950424
SubNetW8CleanAuxExDnRcK8QdEma,minbias,0,test,50.920403,52.552425384521484,0.032050470473113046,2,40mm,3.9422684
SubNetW8CleanAuxExDnRcK8QdEma,minbias,0,test,20.388695,19.251420974731445,-0.055779626977679464,3,60mm,4.288519
SubNetW8CleanAuxExDnRcK8QdEma,minbias,0,test,26.023203,26.79883575439453,0.029805434072531778,2,40mm,4.4024954
SubNetW8CleanAuxExDnRcK8QdEma,minbias,0,test,19.219278,20.369115829467773,0.05982729808165321,3,60mm,4.3624024
SubNetW8CleanAuxExDnRcK8QdEma,minbias,0,test,14.899163,14.741399765014648,-0.010588747739296855,3,60mm,3.503206
SubNetW8CleanAuxExDnRcK8QdEma,minbias,0,test,7.6003957,6.289841175079346,-0.17243240479359512,3,60mm,0.968973
SubNetW8CleanAuxExDnRcK8QdEma,minbias,0,test,26.379175,26.287681579589844,-0.0034684028564848646,3,60mm,3.556624
SubNetW8CleanAuxExDnRcK8QdEma,minbias,0,test,33.45977,33.01587677001953,-0.01326648180572998,3,60mm,4.785232
SubNetW8CleanAuxExDnRcK8QdEma,minbias,0,test,14.760956,14.554556846618652,-0.013982764163601669,3,60mm,2.1174972
SubNetW8CleanAuxExDnRcK8QdEma,minbias,0,test,31.675386,32.36581039428711,0.021796860063738155,2,40mm,3.9093215
SubNetW8CleanAuxExDnRcK8QdEma,minbias,0,test,18.430906,17.910005569458008,-0.028262350096030175,4,120mm,4.3848834
SubNetW8CleanAuxExDnRcK8QdEma,minbias,0,test,29.953186,31.3676815032959,0.047223539642141876,3,60mm,4.789732
SubNetW8CleanAuxExDnRcK8QdEma,minbias,0,test,67.1325,74.885009765625,0.1154807299898366,1,30mm,3.108326
SubNetW8CleanAuxExDnRcK8QdEma,minbias,0,test,19.023214,17.557878494262695,-0.07702882487371965,2,40mm,2.1030004
SubNetW8CleanAuxExDnRcK8QdEma,minbias,0,test,78.855,80.6161880493164,0.022334469816847058,0,15mm,1.9284496
SubNetW8CleanAuxExDnRcK8QdEma,minbias,0,test,32.901558,31.45237159729004,-0.044046130839543784,2,40mm,3.3267431
SubNetW8CleanAuxExDnRcK8QdEma,minbias,0,test,15.5769615,15.764281272888184,0.012025436112540255,3,60mm,3.2724323
SubNetW8CleanAuxExDnRcK8QdEma,minbias,0,test,10.582464,10.267812728881836,-0.02973329110987788,3,60mm,1.5088277
SubNetW8CleanAuxExDnRcK8QdEma,minbias,0,test,17.99156,18.297147750854492,0.016985062376766003,3,60mm,3.9113567
SubNetW8CleanAuxExDnRcK8QdEma,minbias,0,test,21.161196,18.903688430786133,-0.10668146310611115,3,60mm,4.431193
SubNetW8CleanAuxExDnRcK8QdEma,minbias,0,test,6.494311,6.768776893615723,0.042262534677155905,1,30mm,0.56178844
SubNetW8CleanAuxExDnRcK8QdEma,minbias,0,test,21.015526,20.51437759399414,-0.023846570779151754,3,60mm,4.320721
SubNetW8CleanAuxExDnRcK8QdEma,minbias,0,test,12.142806,12.741060256958008,0.04926820054419134,2,40mm,1.5311688
SubNetW8CleanAuxExDnRcK8QdEma,minbias,0,test,6.6261063,6.509561061859131,-0.017588791325704012,2,40mm,0.9461565
SubNetW8CleanAuxExDnRcK8QdEma,minbias,0,test,2.8234887,3.2636663913726807,0.15589850851631026,4,120mm,0.5912769
SubNetW8CleanAuxExDnRcK8QdEma,minbias,0,test,17.317497,17.144241333007812,-0.010004674340338693,4,120mm,4.0658774
SubNetW8CleanAuxExDnRcK8QdEma,minbias,0,test,21.156347,21.4952449798584,0.01601872481466171,3,60mm,2.2905328
SubNetW8CleanAuxExDnRcK8QdEma,minbias,0,test,38.49999,37.396949768066406,-0.02865036664205778,2,40mm,2.6616895
SubNetW8CleanAuxExDnRcK8QdEma,minbias,0,test,54.38899,54.076107025146484,-0.005752662044010148,1,30mm,2.199953
SubNetW8CleanAuxExDnRcK8QdEma,minbias,0,test,18.544392,18.22161293029785,-0.017405731510967914,4,120mm,4.162317
SubNetW8CleanAuxExDnRcK8QdEma,minbias,0,test,37.1992,23.722919464111328,-0.36227339108348655,0,15mm,1.5360107
SubNetW8CleanAuxExDnRcK8QdEma,minbias,0,test,16.808851,22.52178192138672,0.33987633045524523,2,40mm,2.1965647
SubNetW8CleanAuxExDnRcK8QdEma,minbias,0,test,9.0624695,9.058514595031738,-0.0004364028367552786,2,40mm,1.0955145
SubNetW8CleanAuxExDnRcK8QdEma,minbias,0,test,75.78608,70.52216339111328,-0.06945755812718524,0,15mm,1.8966069
SubNetW8CleanAuxExDnRcK8QdEma,minbias,0,test,31.902378,30.08832359313965,-0.056862672884677834,3,60mm,3.9756074
SubNetW8CleanAuxExDnRcK8QdEma,minbias,0,test,70.71954,46.72225570678711,-0.33933035448432636,0,15mm,3.0529413
SubNetW8CleanAuxExDnRcK8QdEma,minbias,0,test,43.61922,50.42863845825195,0.15611048547131468,0,15mm,1.8709854
SubNetW8CleanAuxExDnRcK8QdEma,minbias,0,test,35.31316,35.23017120361328,-0.0023500796628934673,1,30mm,2.1003718
SubNetW8CleanAuxExDnRcK8QdEma,minbias,0,test,32.353806,32.49308776855469,0.004304971987969752,2,40mm,2.4531944
SubNetW8CleanAuxExDnRcK8QdEma,minbias,0,test,15.282475,15.454242706298828,0.011239490298715626,4,120mm,3.4077675
SubNetW8CleanAuxExDnRcK8QdEma,minbias,0,test,13.312008,14.364198684692383,0.07904072685528662,1,30mm,0.70637906
SubNetW8CleanAuxExDnRcK8QdEma,minbias,0,test,31.193867,30.43087387084961,-0.024459707592434432,2,40mm,4.318585
SubNetW8CleanAuxExDnRcK8QdEma,minbias,0,test,7.2906575,8.870321273803711,0.216669586949104,3,60mm,1.606824
SubNetW8CleanAuxExDnRcK8QdEma,minbias,0,test,62.234966,64.36953735351562,0.0342985816992627,0,15mm,2.0384142
SubNetW8CleanAuxExDnRcK8QdEma,minbias,0,test,3.111709,3.3803722858428955,0.08633942241224624,3,60mm,0.72310454
SubNetW8CleanAuxExDnRcK8QdEma,minbias,0,test,7.101193,6.977932929992676,-0.017357649912729922,3,60mm,1.2563529
SubNetW8CleanAuxExDnRcK8QdEma,minbias,0,test,25.442001,25.453649520874023,0.00045783261873366676,3,60mm,3.5710628
SubNetW8CleanAuxExDnRcK8QdEma,minbias,0,test,44.534714,46.93525695800781,0.053902742625213884,0,15mm,1.3072666
SubNetW8CleanAuxExDnRcK8QdEma,minbias,0,test,10.247723,9.917137145996094,-0.0322594094131915,3,60mm,1.8000396
SubNetW8CleanAuxExDnRcK8QdEma,minbias,0,test,21.389353,21.47244644165039,0.003884813344817495,2,40mm,2.2313008
SubNetW8CleanAuxExDnRcK8QdEma,minbias,0,test,27.45094,27.54007911682129,0.003247245486756034,1,30mm,1.5080152
SubNetW8CleanAuxExDnRcK8QdEma,minbias,0,test,12.26983,12.0350923538208,-0.019131267590657974,3,60mm,1.5727261
SubNetW8CleanAuxExDnRcK8QdEma,minbias,0,test,18.40969,17.843860626220703,-0.030735455315904048,4,120mm,4.0181694
SubNetW8CleanAuxExDnRcK8QdEma,minbias,0,test,14.345616,14.676457405090332,0.023062171509211637,2,40mm,1.4545199
SubNetW8CleanAuxExDnRcK8QdEma,minbias,0,test,22.2246,19.798784255981445,-0.1091500229443797,0,15mm,0.8972384
SubNetW8CleanAuxExDnRcK8QdEma,minbias,0,test,53.250317,51.65742874145508,-0.029913209526786222,2,40mm,4.7458687
SubNetW8CleanAuxExDnRcK8QdEma,minbias,0,test,27.310993,27.2924861907959,-0.0006776393539525971,2,40mm,2.4175074
SubNetW8CleanAuxExDnRcK8QdEma,minbias,0,test,8.236711,8.174683570861816,-0.0075305520540727144,3,60mm,1.7566066
SubNetW8CleanAuxExDnRcK8QdEma,minbias,0,test,81.724846,71.56575012207031,-0.12430853376343687,1,30mm,4.923536
SubNetW8CleanAuxExDnRcK8QdEma,minbias,0,test,58.311615,57.795230865478516,-0.008855596348040451,0,15mm,1.46706
SubNetW8CleanAuxExDnRcK8QdEma,minbias,0,test,10.865362,10.86379337310791,-0.0001443849018858412,3,60mm,1.9480053
SubNetW8CleanAuxExDnRcK8QdEma,minbias,0,test,5.202022,5.129532337188721,-0.013934915579006835,2,40mm,0.8917109
SubNetW8CleanAuxExDnRcK8QdEma,minbias,0,test,50.963764,49.92033767700195,-0.020473890228516867,2,40mm,3.9963937
SubNetW8CleanAuxExDnRcK8QdEma,minbias,0,test,45.624218,44.48944091796875,-0.024872252482522117,2,40mm,3.1015368
SubNetW8CleanAuxExDnRcK8QdEma,minbias,0,test,34.826317,36.10953140258789,0.03684611769963553,0,15mm,1.0097858
SubNetW8CleanAuxExDnRcK8QdEma,minbias,0,test,22.434902,22.5433349609375,0.004833217851874849,2,40mm,3.153871
SubNetW8CleanAuxExDnRcK8QdEma,minbias,0,test,22.772518,21.631412506103516,-0.05010889195214685,0,15mm,1.0648724
SubNetW8CleanAuxExDnRcK8QdEma,minbias,0,test,11.154639,10.548578262329102,-0.05433263850932335,3,60mm,1.3695902
SubNetW8CleanAuxExDnRcK8QdEma,minbias,0,test,6.1933727,6.002370834350586,-0.03083972183273065,3,60mm,1.0942692
SubNetW8CleanAuxExDnRcK8QdEma,minbias,0,test,82.982864,84.88368225097656,0.022906149182704727,1,30mm,3.7132037
SubNetW8CleanAuxExDnRcK8QdEma,minbias,0,test,36.290462,36.0942268371582,-0.005407361693758661,3,60mm,4.521825
SubNetW8CleanAuxExDnRcK8QdEma,minbias,0,test,17.24718,16.772531509399414,-0.0275204064367226,1,30mm,0.8021302
SubNetW8CleanAuxExDnRcK8QdEma,minbias,0,test,6.1545,6.574118137359619,0.06818070179706681,3,60mm,1.1040319
SubNetW8CleanAuxExDnRcK8QdEma,minbias,0,test,54.142273,48.21760940551758,-0.10942768415463544,0,15mm,1.2745914
SubNetW8CleanAuxExDnRcK8QdEma,minbias,0,test,87.32805,88.34884643554688,0.011689230947186102,0,15mm,3.257331
SubNetW8CleanAuxExDnRcK8QdEma,minbias,0,test,24.818897,24.890308380126953,0.00287728870871673,3,60mm,4.104379
SubNetW8CleanAuxExDnRcK8QdEma,minbias,0,test,23.470392,23.60481071472168,0.0057271513082428616,2,40mm,2.2248404
SubNetW8CleanAuxExDnRcK8QdEma,minbias,0,test,10.420171,11.773205757141113,0.12984767727823976,2,40mm,0.9241122
SubNetW8CleanAuxExDnRcK8QdEma,minbias,0,test,81.477875,81.66827392578125,0.002336820523269445,1,30mm,4.912646
SubNetW8CleanAuxExDnRcK8QdEma,minbias,0,test,18.862822,17.556087493896484,-0.06927564254433793,2,40mm,1.2319515
SubNetW8CleanAuxExDnRcK8QdEma,minbias,0,test,19.799932,19.325883865356445,-0.023941930861844152,4,120mm,4.6109715
SubNetW8CleanAuxExDnRcK8QdEma,minbias,0,test,26.57442,27.747451782226562,0.04414135142991471,2,40mm,1.6575422
SubNetW8CleanAuxExDnRcK8QdEma,minbias,0,test,51.773624,51.36186599731445,-0.007953053846683766,0,15mm,2.8721292
SubNetW8CleanAuxExDnRcK8QdEma,minbias,0,test,42.873627,42.63218307495117,-0.005631518781279321,2,40mm,3.6271248
SubNetW8CleanAuxExDnRcK8QdEma,minbias,0,test,37.633904,36.69544219970703,-0.024936592177468464,2,40mm,4.758567
SubNetW8CleanAuxExDnRcK8QdEma,minbias,0,test,34.89576,34.53956604003906,-0.010207358909559261,3,60mm,4.668871
SubNetW8CleanAuxExDnRcK8QdEma,minbias,0,test,24.166891,23.237106323242188,-0.038473495453304585,3,60mm,3.9862463
SubNetW8CleanAuxExDnRcK8QdEma,minbias,0,test,7.0664487,6.85581111907959,-0.02980812268120936,3,60mm,1.0672059
SubNetW8CleanAuxExDnRcK8QdEma,minbias,0,test,24.661282,23.984275817871094,-0.027452172972835864,3,60mm,3.945781
SubNetW8CleanAuxExDnRcK8QdEma,minbias,0,test,80.24041,77.1321792602539,-0.03873647450940454,0,15mm,2.6927226
SubNetW8CleanAuxExDnRcK8QdEma,minbias,0,test,16.63219,16.413957595825195,-0.013121128322770348,3,60mm,2.9389305
SubNetW8CleanAuxExDnRcK8QdEma,minbias,0,test,13.431211,13.730182647705078,0.022259434808287626,3,60mm,2.2400656
SubNetW8CleanAuxExDnRcK8QdEma,minbias,0,test,53.228,55.84657669067383,0.04919546137891406,2,40mm,4.2772937
SubNetW8CleanAuxExDnRcK8QdEma,minbias,0,test,48.613407,50.022342681884766,0.02898244805105077,1,30mm,3.1830554
SubNetW8CleanAuxExDnRcK8QdEma,minbias,0,test,66.631935,66.98407745361328,0.005284888294961654,1,30mm,4.043972
SubNetW8CleanAuxExDnRcK8QdEma,minbias,0,test,3.9243202,3.934760332107544,0.0026603616862230783,3,60mm,0.7848098
SubNetW8CleanAuxExDnRcK8QdEma,minbias,0,test,45.703884,45.68913650512695,-0.0003226775997561271,0,15mm,1.2078012
SubNetW8CleanAuxExDnRcK8QdEma,minbias,0,test,42.339,45.01869583129883,0.06329141181818221,1,30mm,3.2056453
SubNetW8CleanAuxExDnRcK8QdEma,minbias,0,test,12.227002,11.941998481750488,-0.023309365513810576,3,60mm,1.647555
SubNetW8CleanAuxExDnRcK8QdEma,minbias,0,test,3.3834164,3.712333917617798,0.09721460887006672,3,60mm,0.8077676
SubNetW8CleanAuxExDnRcK8QdEma,minbias,0,test,37.064533,36.3875732421875,-0.018264360357319154,2,40mm,3.7680006
SubNetW8CleanAuxExDnRcK8QdEma,minbias,0,test,19.30403,19.62027359008789,0.01638228567481992,4,120mm,4.012548
SubNetW8CleanAuxExDnRcK8QdEma,minbias,0,test,11.396514,10.8607816696167,-0.04700843364551177,3,60mm,2.6113336
SubNetW8CleanAuxExDnRcK8QdEma,minbias,0,test,18.511677,17.77089500427246,-0.04001700075730641,3,60mm,2.3503637
SubNetW8CleanAuxExDnRcK8QdEma,minbias,0,test,14.371165,13.355955123901367,-0.07064215964434617,4,120mm,2.9996424
SubNetW8CleanAuxExDnRcK8QdEma,minbias,0,test,43.36189,43.84353256225586,0.011107534499469107,3,60mm,4.994591
SubNetW8CleanAuxExDnRcK8QdEma,minbias,0,test,28.547483,27.567392349243164,-0.0343319612352504,1,30mm,2.9494262
SubNetW8CleanAuxExDnRcK8QdEma,minbias,0,test,8.197943,8.097015380859375,-0.0123113025039302,1,30mm,0.63959557
SubNetW8CleanAuxExDnRcK8QdEma,minbias,0,test,46.997627,46.70145034790039,-0.006301954538525778,0,15mm,1.906486
SubNetW8CleanAuxExDnRcK8QdEma,minbias,0,test,5.836072,5.769345760345459,-0.0114334107081141,3,60mm,0.92251956
SubNetW8CleanAuxExDnRcK8QdEma,minbias,0,test,3.2862067,3.5666236877441406,0.08533150504050169,3,60mm,0.7148865
SubNetW8CleanAuxExDnRcK8QdEma,minbias,0,test,14.858665,15.209224700927734,0.02359291521933904,2,40mm,1.1315051
SubNetW8CleanAuxExDnRcK8QdEma,minbias,0,test,22.38578,24.553186416625977,0.09682066248169408,2,40mm,3.110768
SubNetW8CleanAuxExDnRcK8QdEma,minbias,0,test,15.67939,15.127738952636719,-0.035183192879863046,3,60mm,2.9019525
SubNetW8CleanAuxExDnRcK8QdEma,minbias,0,test,11.228558,10.517428398132324,-0.06333219409960733,3,60mm,2.5138876
SubNetW8CleanAuxExDnRcK8QdEma,minbias,0,test,23.698723,23.38528060913086,-0.013226123295728365,3,60mm,3.9152443
SubNetW8CleanAuxExDnRcK8QdEma,minbias,0,test,5.928771,5.858443260192871,-0.011862114182500272,4,120mm,1.3529792
SubNetW8CleanAuxExDnRcK8QdEma,minbias,0,test,24.643784,24.524499893188477,-0.004840315035710807,3,60mm,4.7891965
SubNetW8CleanAuxExDnRcK8QdEma,minbias,0,test,32.645367,31.6080265045166,-0.03177603041533983,1,30mm,2.1030161
SubNetW8CleanAuxExDnRcK8QdEma,minbias,0,test,4.8992977,4.639412879943848,-0.05304532393174144,4,120mm,1.1585958
SubNetW8CleanAuxExDnRcK8QdEma,minbias,0,test,22.809526,21.557649612426758,-0.05488394658945017,2,40mm,3.6580682
SubNetW8CleanAuxExDnRcK8QdEma,minbias,0,test,12.380211,15.878060340881348,0.28253553185156344,0,15mm,0.60961705
SubNetW8CleanAuxExDnRcK8QdEma,minbias,0,test,68.975395,69.13628387451172,0.0023325516497925136,1,30mm,3.6355708
SubNetW8CleanAuxExDnRcK8QdEma,minbias,0,test,79.76513,79.53289031982422,-0.002911532547901885,0,15mm,2.6999521
SubNetW8CleanAuxExDnRcK8QdEma,minbias,0,test,15.867782,14.21897029876709,-0.10390937925874055,2,40mm,0.9916487
SubNetW8CleanAuxExDnRcK8QdEma,minbias,0,test,96.90615,95.03669738769531,-0.019291380520203516,1,30mm,4.8877974
SubNetW8CleanAuxExDnRcK8QdEma,minbias,0,test,13.624921,13.638850212097168,0.0010223448065393992,3,60mm,3.1342854
SubNetW8CleanAuxExDnRcK8QdEma,minbias,0,test,34.676624,34.69770431518555,0.0006079028024363886,2,40mm,2.883015
SubNetW8CleanAuxExDnRcK8QdEma,minbias,0,test,12.438008,12.894001960754395,0.03666130790694244,3,60mm,2.8774767
SubNetW8CleanAuxExDnRcK8QdEma,minbias,0,test,21.110886,20.938583374023438,-0.008161772518418542,3,60mm,3.0407593
SubNetW8CleanAuxExDnRcK8QdEma,minbias,0,test,22.83471,22.03329849243164,-0.035096163002160674,3,60mm,4.9063563
SubNetW8CleanAuxExDnRcK8QdEma,minbias,0,test,41.456635,40.875244140625,-0.014024061228561036,0,15mm,1.1685009
SubNetW8CleanAuxExDnRcK8QdEma,minbias,0,test,34.341602,35.60758590698242,0.036864429607734284,2,40mm,2.8418498
SubNetW8CleanAuxExDnRcK8QdEma,minbias,0,test,34.620262,38.70883560180664,0.118097703552005,1,30mm,1.4783272
SubNetW8CleanAuxExDnRcK8QdEma,minbias,0,test,63.62178,64.51555633544922,0.01404826985955454,1,30mm,4.4568515
SubNetW8CleanAuxExDnRcK8QdEma,minbias,0,test,23.876755,23.858617782592773,-0.000759608176703952,3,60mm,4.1913033
SubNetW8CleanAuxExDnRcK8QdEma,minbias,0,test,15.606494,15.550198554992676,-0.0036071775684030083,3,60mm,2.6529946
SubNetW8CleanAuxExDnRcK8QdEma,minbias,0,test,20.220495,17.27500343322754,-0.14566862770381506,2,40mm,1.3189696
SubNetW8CleanAuxExDnRcK8QdEma,minbias,0,test,85.36673,85.72828674316406,0.0042353386143838545,0,15mm,2.68347
SubNetW8CleanAuxExDnRcK8QdEma,minbias,0,test,22.799412,24.317277908325195,0.06657479367058472,3,60mm,2.9243128
SubNetW8CleanAuxExDnRcK8QdEma,minbias,0,test,7.747495,9.318933486938477,0.20283178977915295,3,60mm,1.1425487
SubNetW8CleanAuxExDnRcK8QdEma,minbias,0,test,22.948536,22.957002639770508,0.00036894382329522024,0,15mm,0.73065066
SubNetW8CleanAuxExDnRcK8QdEma,minbias,0,test,60.54871,60.04874801635742,-0.008257184242337456,0,15mm,2.4808176
SubNetW8CleanAuxExDnRcK8QdEma,minbias,0,test,20.536505,20.129484176635742,-0.01981936916198812,1,30mm,0.9690926
SubNetW8CleanAuxExDnRcK8QdEma,minbias,0,test,10.687373,11.355782508850098,0.06254196774503562,1,30mm,0.57857907
SubNetW8CleanAuxExDnRcK8QdEma,minbias,0,test,12.513568,12.710531234741211,0.015739980110395013,3,60mm,2.3721092
SubNetW8CleanAuxExDnRcK8QdEma,minbias,0,test,21.110348,19.47965431213379,-0.07724616643696336,2,40mm,3.7333918
SubNetW8CleanAuxExDnRcK8QdEma,minbias,0,test,25.41749,25.601346969604492,0.0072334823018163075,3,60mm,3.8023765
SubNetW8CleanAuxExDnRcK8QdEma,minbias,0,test,21.948027,21.969036102294922,0.0009572361797560713,1,30mm,1.0841827
SubNetW8CleanAuxExDnRcK8QdEma,minbias,0,test,40.401512,40.03254318237305,-0.009132553313592084,2,40mm,4.1284037
SubNetW8CleanAuxExDnRcK8QdEma,minbias,0,test,9.627529,9.922674179077148,0.030656363680308996,3,60mm,1.2802999
SubNetW8CleanAuxExDnRcK8QdEma,minbias,0,test,11.753917,11.89057731628418,0.011626811630949696,3,60mm,1.5955156
SubNetW8CleanAuxExDnRcK8QdEma,minbias,0,test,44.930553,44.555240631103516,-0.008353175656027778,0,15mm,1.1432707
SubNetW8CleanAuxExDnRcK8QdEma,minbias,0,test,39.34349,38.932640075683594,-0.010442655662490363,2,40mm,4.727283
SubNetW8CleanAuxExDnRcK8QdEma,minbias,0,test,5.8599253,5.6884589195251465,-0.029260842528297748,3,60mm,0.88722837
SubNetW8CleanAuxExDnRcK8QdEma,minbias,0,test,21.155497,21.45882797241211,0.014338182690588619,2,40mm,1.950777
SubNetW8CleanAuxExDnRcK8QdEma,minbias,0,test,5.736819,6.252280235290527,0.08985144270446432,2,40mm,0.55839384
SubNetW8CleanAuxExDnRcK8QdEma,minbias,0,test,3.9985893,3.977846145629883,-0.005187612480106685,3,60mm,0.7054924
SubNetW8CleanAuxExDnRcK8QdEma,minbias,0,test,21.909693,22.061038970947266,0.006907728387308465,2,40mm,1.5442994
SubNetW8CleanAuxExDnRcK8QdEma,minbias,0,test,24.946064,26.47365951538086,0.061235933664869346,2,40mm,3.1290607
SubNetW8CleanAuxExDnRcK8QdEma,minbias,0,test,72.32555,75.0073013305664,0.03707894657449362,1,30mm,4.3167357
SubNetW8CleanAuxExDnRcK8QdEma,minbias,0,test,85.90291,83.4533462524414,-0.02851547311391145,1,30mm,3.6250348
SubNetW8CleanAuxExDnRcK8QdEma,minbias,0,test,27.63365,28.21695899963379,0.02110865474723167,2,40mm,4.0352736
SubNetW8CleanAuxExDnRcK8QdEma,minbias,0,test,25.656387,27.180130004882812,0.05939038323033485,2,40mm,2.8571424
SubNetW8CleanAuxExDnRcK8QdEma,minbias,0,test,42.421482,40.872920989990234,-0.036504172415414815,2,40mm,4.1575127
SubNetW8CleanAuxExDnRcK8QdEma,minbias,0,test,21.059616,20.79388427734375,-0.012618074821597158,3,60mm,3.7278254
SubNetW8CleanAuxExDnRcK8QdEma,minbias,0,test,15.933882,16.568723678588867,0.0398422637070901,2,40mm,2.2086263
SubNetW8CleanAuxExDnRcK8QdEma,minbias,0,test,85.74962,84.21924591064453,-0.017846990410675945,1,30mm,3.5954056
SubNetW8CleanAuxExDnRcK8QdEma,minbias,0,test,9.958477,10.209242820739746,0.02518113964271973,2,40mm,1.2552109
SubNetW8CleanAuxExDnRcK8QdEma,minbias,0,test,87.68659,85.31421661376953,-0.027055168086818182,0,15mm,3.9531662
SubNetW8CleanAuxExDnRcK8QdEma,minbias,0,test,75.5283,77.74628448486328,0.029366305559441752,0,15mm,1.6528298
SubNetW8CleanAuxExDnRcK8QdEma,minbias,0,test,32.10739,29.536710739135742,-0.08006507254573014,1,30mm,1.3293189
SubNetW8CleanAuxExDnRcK8QdEma,minbias,0,test,7.511137,7.1638360023498535,-0.04623814023314887,3,60mm,1.0824391
SubNetW8CleanAuxExDnRcK8QdEma,minbias,0,test,7.009328,7.161160945892334,0.021661571525697365,2,40mm,0.56850415
SubNetW8CleanAuxExDnRcK8QdEma,minbias,0,test,59.759487,57.69437026977539,-0.03455713863588039,0,15mm,1.3232869
SubNetW8CleanAuxExDnRcK8QdEma,minbias,0,test,20.254568,19.595251083374023,-0.03255152187630983,3,60mm,3.414203
SubNetW8CleanAuxExDnRcK8QdEma,minbias,0,test,14.145729,15.077042579650879,0.06583708131506838,0,15mm,0.5328533
SubNetW8CleanAuxExDnRcK8QdEma,minbias,0,test,58.70451,58.31702423095703,-0.006600608810104047,2,40mm,4.360777
SubNetW8CleanAuxExDnRcK8QdEma,minbias,0,test,24.35624,23.774921417236328,-0.023867309480798404,3,60mm,2.6645992
SubNetW8CleanAuxExDnRcK8QdEma,minbias,0,test,14.817793,15.608975410461426,0.053394086673203,4,120mm,3.4673898
SubNetW8CleanAuxExDnRcK8QdEma,minbias,0,test,63.465393,61.53599548339844,-0.030400782060689524,1,30mm,3.0820153
SubNetW8CleanAuxExDnRcK8QdEma,minbias,0,test,28.251387,27.211570739746094,-0.03680583597080256,3,60mm,4.9341946
SubNetW8CleanAuxExDnRcK8QdEma,minbias,0,test,8.422164,8.528053283691406,0.012572697567362567,4,120mm,1.855526
SubNetW8CleanAuxExDnRcK8QdEma,minbias,0,test,25.27543,26.45720863342285,0.04675599672643438,0,15mm,0.7780437
SubNetW8CleanAuxExDnRcK8QdEma,minbias,0,test,86.281845,84.25186920166016,-0.023527265659775587,1,30mm,4.126919
SubNetW8CleanAuxExDnRcK8QdEma,minbias,0,test,15.345557,15.068528175354004,-0.018052719339769374,2,40mm,1.1300567
SubNetW8CleanAuxExDnRcK8QdEma,minbias,0,test,17.56958,18.89469337463379,0.0754208860209824,3,60mm,2.7311642
SubNetW8CleanAuxExDnRcK8QdEma,minbias,0,test,60.129417,63.46598815917969,0.05548982316711637,1,30mm,3.1797721
SubNetW8CleanAuxExDnRcK8QdEma,minbias,0,test,88.509155,83.23632049560547,-0.05957389110247746,0,15mm,2.278996
SubNetW8CleanAuxExDnRcK8QdEma,minbias,0,test,20.953087,20.415014266967773,-0.025679871888748873,3,60mm,2.9433684
SubNetW8CleanAuxExDnRcK8QdEma,minbias,0,test,16.003479,15.673209190368652,-0.02063737600161708,3,60mm,2.0711927
SubNetW8CleanAuxExDnRcK8QdEma,minbias,0,test,72.8614,72.23970031738281,-0.008532590638684057,1,30mm,4.060107
SubNetW8CleanAuxExDnRcK8QdEma,minbias,0,test,47.218884,46.34688949584961,-0.018467061346096436,2,40mm,4.4504013
SubNetW8CleanAuxExDnRcK8QdEma,minbias,0,test,26.024475,25.38296127319336,-0.024650403977625857,2,40mm,2.9848385
SubNetW8CleanAuxExDnRcK8QdEma,minbias,0,test,14.672051,15.267536163330078,0.04058633085037844,2,40mm,1.0888543
SubNetW8CleanAuxExDnRcK8QdEma,minbias,0,test,24.580748,21.37711524963379,-0.13033095682438745,1,30mm,1.8246362
SubNetW8CleanAuxExDnRcK8QdEma,minbias,0,test,2.8375492,4.114073753356934,0.4498686893061943,3,60mm,0.52069354
SubNetW8CleanAuxExDnRcK8QdEma,minbias,0,test,20.923708,21.411102294921875,0.02329387954420259,2,40mm,2.1647468
SubNetW8CleanAuxExDnRcK8QdEma,minbias,0,test,14.77939,15.410219192504883,0.042683009455703136,3,60mm,1.7526779
SubNetW8CleanAuxExDnRcK8QdEma,minbias,0,test,26.81,29.792375564575195,0.11124118455956777,3,60mm,4.8931403
SubNetW8CleanAuxExDnRcK8QdEma,minbias,0,test,41.826813,41.07320022583008,-0.0180174502637932,3,60mm,4.465985
SubNetW8CleanAuxExDnRcK8QdEma,minbias,0,test,14.933968,15.342460632324219,0.02735328301212059,1,30mm,0.79636073
SubNetW8CleanAuxExDnRcK8QdEma,minbias,0,test,46.699646,44.185874938964844,-0.053828482068989825,2,40mm,4.9550734
SubNetW8CleanAuxExDnRcK8QdEma,minbias,0,test,39.72882,39.79972839355469,0.0017847897658227474,2,40mm,3.4818256
SubNetW8CleanAuxExDnRcK8QdEma,minbias,0,test,24.05647,24.427915573120117,0.015440531744689512,2,40mm,2.5861125
SubNetW8CleanAuxExDnRcK8QdEma,minbias,0,test,2.8840625,2.8037502765655518,-0.02784691775853365,3,60mm,0.578331
SubNetW8CleanAuxExDnRcK8QdEma,minbias,0,test,5.405765,5.874207019805908,0.08665599749345287,2,40mm,0.6559225
SubNetW8CleanAuxExDnRcK8QdEma,minbias,0,test,82.90136,83.47520446777344,0.006922020491904712,1,30mm,4.7406693
SubNetW8CleanAuxExDnRcK8QdEma,minbias,0,test,8.942084,9.388423919677734,0.049914493270644344,3,60mm,1.5136664
SubNetW8CleanAuxExDnRcK8QdEma,minbias,0,test,25.493107,25.20095443725586,-0.011460054931530128,2,40mm,2.5203407
SubNetW8CleanAuxExDnRcK8QdEma,minbias,0,test,31.547647,30.84881019592285,-0.022151803262057235,3,60mm,3.9078064
SubNetW8CleanAuxExDnRcK8QdEma,minbias,0,test,8.656861,8.491474151611328,-0.019104747990526305,2,40mm,1.016233
SubNetW8CleanAuxExDnRcK8QdEma,minbias,0,test,6.4657946,6.326099395751953,-0.021605259210454753,3,60mm,0.8912179
SubNetW8CleanAuxExDnRcK8QdEma,minbias,0,test,28.945818,28.482397079467773,-0.01600994204973727,2,40mm,3.0540633
SubNetW8CleanAuxExDnRcK8QdEma,minbias,0,test,10.797978,10.466955184936523,-0.030656036153143162,3,60mm,2.0605354
SubNetW8CleanAuxExDnRcK8QdEma,minbias,0,test,24.496841,23.95840835571289,-0.021979693850537996,3,60mm,4.09883
SubNetW8CleanAuxExDnRcK8QdEma,minbias,0,test,19.15759,17.479890823364258,-0.08757364401670831,2,40mm,2.3403854
SubNetW8CleanAuxExDnRcK8QdEma,minbias,0,test,27.5804,27.529502868652344,-0.0018454263681794147,3,60mm,3.569641
SubNetW8CleanAuxExDnRcK8QdEma,minbias,0,test,66.70151,66.64124298095703,-0.0009034966314753756,1,30mm,3.1630616
SubNetW8CleanAuxExDnRcK8QdEma,minbias,0,test,12.477279,12.492945671081543,0.0012556393132505672,4,120mm,2.9209576
SubNetW8CleanAuxExDnRcK8QdEma,minbias,0,test,29.880922,31.452245712280273,0.052586174485480086,2,40mm,4.271817
SubNetW8CleanAuxExDnRcK8QdEma,minbias,0,test,87.633484,84.5691146850586,-0.034968017540206175,1,30mm,4.270213
SubNetW8CleanAuxExDnRcK8QdEma,minbias,0,test,3.1708539,3.581329822540283,0.12945281880367898,2,40mm,0.56255317
SubNetW8CleanAuxExDnRcK8QdEma,minbias,0,test,11.224163,11.020817756652832,-0.018116744897865522,3,60mm,1.4709623
SubNetW8CleanAuxExDnRcK8QdEma,minbias,0,test,41.315872,41.11604690551758,-0.004836525922405022,2,40mm,3.8012269
SubNetW8CleanAuxExDnRcK8QdEma,minbias,0,test,95.69617,86.69391632080078,-0.09407117290415246,1,30mm,4.5170035
SubNetW8CleanAuxExDnRcK8QdEma,minbias,0,test,31.754839,31.595657348632812,-0.00501282954487503,1,30mm,2.0486057
SubNetW8CleanAuxExDnRcK8QdEma,minbias,0,test,8.315205,7.683328151702881,-0.07599048941155095,3,60mm,1.5179906
SubNetW8CleanAuxExDnRcK8QdEma,minbias,0,test,16.514353,15.328036308288574,-0.07183548181699428,2,40mm,1.9586668
SubNetW8CleanAuxExDnRcK8QdEma,minbias,0,test,5.322372,4.477114200592041,-0.15881222986603527,2,40mm,0.55488926
SubNetW8CleanAuxExDnRcK8QdEma,minbias,0,test,4.6774154,3.910841226577759,-0.16388840493530032,3,60mm,0.64017814
SubNetW8CleanAuxExDnRcK8QdEma,minbias,0,test,33.572426,33.201236724853516,-0.011056368675156025,2,40mm,2.6239526
SubNetW8CleanAuxExDnRcK8QdEma,minbias,0,test,14.113159,14.817804336547852,0.04992823703671667,2,40mm,2.1189084
SubNetW8CleanAuxExDnRcK8QdEma,minbias,0,test,9.801951,9.757898330688477,-0.004494317086704114,3,60mm,2.1093833
SubNetW8CleanAuxExDnRcK8QdEma,minbias,0,test,11.814411,12.0559663772583,0.020445810678907828,1,30mm,1.0252559
SubNetW8CleanAuxExDnRcK8QdEma,minbias,0,test,82.40649,81.22464752197266,-0.014341577214273649,0,15mm,1.8652109
SubNetW8CleanAuxExDnRcK8QdEma,minbias,0,test,34.58743,35.45136260986328,0.024978253285830032,2,40mm,2.943102
SubNetW8CleanAuxExDnRcK8QdEma,minbias,0,test,19.096006,19.940032958984375,0.04419911410597499,2,40mm,3.4722877
SubNetW8CleanAuxExDnRcK8QdEma,minbias,0,test,35.71687,36.377052307128906,0.018483785528149665,2,40mm,3.6084826
SubNetW8CleanAuxExDnRcK8QdEma,minbias,0,test,21.42901,21.465152740478516,0.0016866084146351934,2,40mm,3.0416417
SubNetW8CleanAuxExDnRcK8QdEma,minbias,0,test,36.82959,38.75495147705078,0.05227757467485117,1,30mm,3.3563538
SubNetW8CleanAuxExDnRcK8QdEma,minbias,0,test,9.558877,9.282715797424316,-0.02889054792731549,2,40mm,1.1667669
SubNetW8CleanAuxExDnRcK8QdEma,minbias,0,test,22.5701,22.475269317626953,-0.004201641258986477,2,40mm,3.6876826
SubNetW8CleanAuxExDnRcK8QdEma,minbias,0,test,10.613552,11.92873764038086,0.12391568207214299,2,40mm,1.4932791
SubNetW8CleanAuxExDnRcK8QdEma,minbias,0,test,43.684185,43.680912017822266,-7.492437484646342e-05,2,40mm,3.1701114
SubNetW8CleanAuxExDnRcK8QdEma,minbias,0,test,37.992115,38.835693359375,0.022204037289376144,3,60mm,4.8815756
SubNetW8CleanAuxExDnRcK8QdEma,minbias,0,test,34.134045,34.19979476928711,0.0019262329662321775,2,40mm,3.547236
SubNetW8CleanAuxExDnRcK8QdEma,minbias,0,test,43.409744,41.343570709228516,-0.0475969989816869,3,60mm,4.925527
SubNetW8CleanAuxExDnRcK8QdEma,minbias,0,test,28.76224,33.49707794189453,0.16461995224439852,1,30mm,1.1033642
SubNetW8CleanAuxExDnRcK8QdEma,minbias,0,test,36.596565,35.33366012573242,-0.03450884290206879,3,60mm,4.362996
SubNetW8CleanAuxExDnRcK8QdEma,minbias,0,test,55.235428,56.133235931396484,0.016254206942771132,2,40mm,4.923979
SubNetW8CleanAuxExDnRcK8QdEma,minbias,0,test,25.88478,26.485210418701172,0.02319623788232028,2,40mm,3.0818114
SubNetW8CleanAuxExDnRcK8QdEma,minbias,0,test,6.0283723,6.25134801864624,0.03698771745552065,2,40mm,0.6393193
SubNetW8CleanAuxExDnRcK8QdEma,minbias,0,test,24.615866,23.966800689697266,-0.02636775100317279,3,60mm,4.34531
SubNetW8CleanAuxExDnRcK8QdEma,minbias,0,test,11.580345,13.424874305725098,0.15928101687969698,3,60mm,1.1500226
SubNetW8CleanAuxExDnRcK8QdEma,minbias,0,test,20.317736,20.07248306274414,-0.012070863270012389,4,120mm,4.8832994
SubNetW8CleanAuxExDnRcK8QdEma,minbias,0,test,27.398905,26.105648040771484,-0.04720103847450008,2,40mm,3.8274388
SubNetW8CleanAuxExDnRcK8QdEma,minbias,0,test,32.009827,31.1416072845459,-0.027123526310470658,2,40mm,2.5552313
SubNetW8CleanAuxExDnRcK8QdEma,minbias,0,test,34.698082,35.01402282714844,0.00910542713008744,2,40mm,4.7558317
SubNetW8CleanAuxExDnRcK8QdEma,minbias,0,test,11.912635,12.100203514099121,0.015745354988186522,4,120mm,2.559375
SubNetW8CleanAuxExDnRcK8QdEma,minbias,0,test,23.889101,23.085983276367188,-0.03361858410322782,2,40mm,3.0413804
SubNetW8CleanAuxExDnRcK8QdEma,minbias,0,test,38.651062,37.34825897216797,-0.033706785059509636,3,60mm,4.7005568
SubNetW8CleanAuxExDnRcK8QdEma,minbias,0,test,68.82396,70.94779205322266,0.030858914870300014,1,30mm,4.017785
SubNetW8CleanAuxExDnRcK8QdEma,minbias,0,test,28.035479,27.32639503479004,-0.02529236498688825,3,60mm,4.109076
SubNetW8CleanAuxExDnRcK8QdEma,minbias,0,test,26.49725,27.980283737182617,0.055969361202229395,1,30mm,2.3377612
SubNetW8CleanAuxExDnRcK8QdEma,minbias,0,test,11.867643,11.697778701782227,-0.014313259123220012,3,60mm,1.7141815
SubNetW8CleanAuxExDnRcK8QdEma,minbias,0,test,57.10586,57.955101013183594,0.014871316614828434,1,30mm,4.217466
SubNetW8CleanAuxExDnRcK8QdEma,minbias,0,test,16.62941,16.314393997192383,-0.018943293648062798,3,60mm,3.5036247
SubNetW8CleanAuxExDnRcK8QdEma,minbias,0,test,13.339683,16.848777770996094,0.2630568734423335,2,40mm,1.6738905
SubNetW8CleanAuxExDnRcK8QdEma,minbias,0,test,46.586327,44.70623779296875,-0.040357094954720285,1,30mm,3.6263528
SubNetW8CleanAuxExDnRcK8QdEma,minbias,0,test,8.524239,8.68509578704834,0.01887056527004205,3,60mm,2.0311437
SubNetW8CleanAuxExDnRcK8QdEma,minbias,0,test,9.301878,8.949105262756348,-0.03792489147224354,2,40mm,1.0500106
SubNetW8CleanAuxExDnRcK8QdEma,minbias,0,test,14.656962,14.262919425964355,-0.026884354215993667,4,120mm,3.3151455
SubNetW8CleanAuxExDnRcK8QdEma,minbias,0,test,96.75905,95.68566131591797,-0.011093403284330505,0,15mm,3.9919221
SubNetW8CleanAuxExDnRcK8QdEma,minbias,0,test,9.829244,9.48715877532959,-0.03480276778940783,2,40mm,0.9504424
SubNetW8CleanAuxExDnRcK8QdEma,minbias,0,test,10.045126,10.632450103759766,0.058468569206456156,2,40mm,1.9945226
SubNetW8CleanAuxExDnRcK8QdEma,minbias,0,test,17.614677,17.761119842529297,0.008313658533838808,2,40mm,1.5370774
SubNetW8CleanAuxExDnRcK8QdEma,minbias,0,test,65.56161,70.31412506103516,0.07248934081250136,1,30mm,3.1372528
SubNetW8CleanAuxExDnRcK8QdEma,minbias,0,test,18.341047,18.103944778442383,-0.01292742474488584,3,60mm,2.97212
SubNetW8CleanAuxExDnRcK8QdEma,minbias,0,test,17.849918,17.91792869567871,0.003810119957283753,3,60mm,3.0181315
SubNetW8CleanAuxExDnRcK8QdEma,minbias,0,test,7.1118846,7.508738040924072,0.055801446398228594,3,60mm,1.2327374
SubNetW8CleanAuxExDnRcK8QdEma,minbias,0,test,68.35847,53.01426315307617,-0.22446676468136129,1,30mm,3.9419093
SubNetW8CleanAuxExDnRcK8QdEma,minbias,0,test,8.827581,8.198028564453125,-0.07131657157920102,3,60mm,1.777196
SubNetW8CleanAuxExDnRcK8QdEma,minbias,0,test,20.316406,18.744543075561523,-0.0773691545195635,3,60mm,3.44424
SubNetW8CleanAuxExDnRcK8QdEma,minbias,0,test,43.93175,43.035335540771484,-0.02040473427346723,2,40mm,4.7570868
SubNetW8CleanAuxExDnRcK8QdEma,minbias,0,test,66.77297,57.84626388549805,-0.13368744777662234,1,30mm,2.6097047
SubNetW8CleanAuxExDnRcK8QdEma,minbias,0,test,25.908293,25.30864906311035,-0.02314485607329586,3,60mm,4.3566546
SubNetW8CleanAuxExDnRcK8QdEma,minbias,0,test,27.845448,27.814741134643555,-0.0011027441952665695,3,60mm,4.0186725
SubNetW8CleanAuxExDnRcK8QdEma,minbias,0,test,8.530271,8.810553550720215,0.03285745413704322,3,60mm,1.3900087
SubNetW8CleanAuxExDnRcK8QdEma,minbias,0,test,21.221323,21.021831512451172,-0.009400521387352367,3,60mm,4.0459523
SubNetW8CleanAuxExDnRcK8QdEma,minbias,0,test,21.885616,20.28997802734375,-0.07290808049873954,3,60mm,3.349094
SubNetW8CleanAuxExDnRcK8QdEma,minbias,0,test,14.118077,14.040962219238281,-0.005462150219162187,2,40mm,2.109994
SubNetW8CleanAuxExDnRcK8QdEma,minbias,0,test,31.87281,32.9591064453125,0.03408221832793834,1,30mm,2.4111385
SubNetW8CleanAuxExDnRcK8QdEma,minbias,0,test,33.155014,28.083547592163086,-0.1529622771414646,2,40mm,4.7024693
SubNetW8CleanAuxExDnRcK8QdEma,minbias,0,test,25.323404,26.665090560913086,0.05298206482200429,2,40mm,2.7635074
SubNetW8CleanAuxExDnRcK8QdEma,minbias,0,test,18.635332,19.064470291137695,0.023028201543026317,3,60mm,3.708005
SubNetW8CleanAuxExDnRcK8QdEma,minbias,0,test,88.95967,32.68635559082031,-0.6325710828754623,0,15mm,2.58352
SubNetW8CleanAuxExDnRcK8QdEma,minbias,0,test,34.145473,34.40052032470703,0.007469418885936108,2,40mm,2.7602305
SubNetW8CleanAuxExDnRcK8QdEma,minbias,0,test,16.251455,17.272708892822266,0.06284074666070771,3,60mm,2.9344246
SubNetW8CleanAuxExDnRcK8QdEma,minbias,0,test,47.74702,46.78367233276367,-0.020176094217317142,1,30mm,2.6731524
SubNetW8CleanAuxExDnRcK8QdEma,minbias,0,test,98.690315,96.02632141113281,-0.026993467685183847,1,30mm,3.6069512
SubNetW8CleanAuxExDnRcK8QdEma,minbias,0,test,60.078094,50.95915985107422,-0.15178468474921003,1,30mm,2.9431248
SubNetW8CleanAuxExDnRcK8QdEma,minbias,0,test,96.50809,100.83675384521484,0.044852890721125194,0,15mm,3.825632
SubNetW8CleanAuxExDnRcK8QdEma,minbias,0,test,17.406458,17.40610122680664,-2.0490911842308e-05,3,60mm,2.3270514
SubNetW8CleanAuxExDnRcK8QdEma,minbias,0,test,29.422297,27.842857360839844,-0.053681709105102615,1,30mm,1.7882953
SubNetW8CleanAuxExDnRcK8QdEma,minbias,0,test,60.508606,63.35435104370117,0.04703041892405779,0,15mm,1.7951999
SubNetW8CleanAuxExDnRcK8QdEma,minbias,0,test,17.688782,18.555593490600586,0.049003473791720875,3,60mm,1.8733401
SubNetW8CleanAuxExDnRcK8QdEma,minbias,0,test,76.90879,71.06487274169922,-0.07598504412787788,1,30mm,3.165668
SubNetW8CleanAuxExDnRcK8QdEma,minbias,0,test,3.5237222,3.489550828933716,-0.009697513363386534,3,60mm,0.8303653
SubNetW8CleanAuxExDnRcK8QdEma,minbias,0,test,9.497385,9.734529495239258,0.024969448915675097,3,60mm,2.120366
SubNetW8CleanAuxExDnRcK8QdEma,minbias,0,test,12.647011,12.813896179199219,0.013195637971151086,3,60mm,1.43686
SubNetW8CleanAuxExDnRcK8QdEma,minbias,0,test,5.2835374,4.532809734344482,-0.14208807440827165,3,60mm,0.57442915
SubNetW8CleanAuxExDnRcK8QdEma,minbias,0,test,77.5157,76.97183990478516,-0.007016144859449791,0,15mm,2.1762476
SubNetW8CleanAuxExDnRcK8QdEma,minbias,0,test,26.17004,27.52184295654297,0.051654595070579123,2,40mm,2.7618916
SubNetW8CleanAuxExDnRcK8QdEma,minbias,0,test,9.618469,9.777724266052246,0.01655721132185617,2,40mm,1.2240511
SubNetW8CleanAuxExDnRcK8QdEma,minbias,0,test,35.1968,34.90324783325195,-0.00834031493622267,2,40mm,3.425116
SubNetW8CleanAuxExDnRcK8QdEma,minbias,0,test,26.647398,26.489904403686523,-0.005910280295966408,1,30mm,2.1233435
SubNetW8CleanAuxExDnRcK8QdEma,minbias,0,test,51.813732,51.472694396972656,-0.0065819954693702165,1,30mm,3.2078633
SubNetW8CleanAuxExDnRcK8QdEma,minbias,0,test,10.737888,10.165096282958984,-0.053343081552880034,4,120mm,2.5564258
SubNetW8CleanAuxExDnRcK8QdEma,minbias,0,test,35.012352,35.05026626586914,0.0010828828675706337,3,60mm,3.6103532
SubNetW8CleanAuxExDnRcK8QdEma,minbias,0,test,14.335118,13.734696388244629,-0.04188468439628057,1,30mm,1.462427
SubNetW8CleanAuxExDnRcK8QdEma,minbias,0,test,72.67681,69.79235076904297,-0.03968886912988223,1,30mm,3.3436046
SubNetW8CleanAuxExDnRcK8QdEma,minbias,0,test,56.957855,75.59526062011719,0.32721396060319496,0,15mm,1.3113045
SubNetW8CleanAuxExDnRcK8QdEma,minbias,0,test,13.535445,17.401519775390625,0.28562596214188973,3,60mm,2.315137
SubNetW8CleanAuxExDnRcK8QdEma,minbias,0,test,15.069417,9.833460807800293,-0.34745579023264284,1,30mm,1.5886327
SubNetW8CleanAuxExDnRcK8QdEma,minbias,0,test,39.757236,37.56459045410156,-0.0551508661240836,3,60mm,4.3469596
SubNetW8CleanAuxExDnRcK8QdEma,minbias,0,test,23.66089,12.23716926574707,-0.4828102845590946,2,40mm,2.4373064
SubNetW8CleanAuxExDnRcK8QdEma,minbias,0,test,48.267406,46.31123352050781,-0.04052782377253916,2,40mm,4.3412824
SubNetW8CleanAuxExDnRcK8QdEma,minbias,0,test,13.898618,12.98357105255127,-0.06583724430152083,3,60mm,2.780487
SubNetW8CleanAuxExDnRcK8QdEma,minbias,0,test,18.647467,18.94969367980957,0.01620740370697793,1,30mm,0.9253005
SubNetW8CleanAuxExDnRcK8QdEma,minbias,0,test,9.250662,9.196749687194824,-0.005827924926355865,2,40mm,0.7789876
SubNetW8CleanAuxExDnRcK8QdEma,minbias,0,test,9.6229515,9.328857421875,-0.03056173414799579,3,60mm,1.5016224
SubNetW8CleanAuxExDnRcK8QdEma,minbias,0,test,8.976345,9.096503257751465,0.01338609363412857,4,120mm,1.7874483
SubNetW8CleanAuxExDnRcK8QdEma,minbias,0,test,78.71364,70.31005859375,-0.1067614188951721,0,15mm,3.4464784
SubNetW8CleanAuxExDnRcK8QdEma,minbias,0,test,13.3744135,14.041435241699219,0.04987297214100672,3,60mm,1.5641785
SubNetW8CleanAuxExDnRcK8QdEma,minbias,0,test,71.08078,70.42015075683594,-0.009294063348610604,2,40mm,4.4764447
SubNetW8CleanAuxExDnRcK8QdEma,minbias,0,test,93.15987,91.17221069335938,-0.02133596491587264,1,30mm,4.996059
SubNetW8CleanAuxExDnRcK8QdEma,minbias,0,test,40.059513,39.65435791015625,-0.010113831911882643,2,40mm,3.8956378
SubNetW8CleanAuxExDnRcK8QdEma,minbias,0,test,21.554342,22.21377944946289,0.030594168511761666,3,60mm,2.996706
SubNetW8CleanAuxExDnRcK8QdEma,minbias,0,test,12.007715,11.58023738861084,-0.03560026437927655,2,40mm,1.666895
SubNetW8CleanAuxExDnRcK8QdEma,minbias,0,test,8.593746,8.916065216064453,0.03750623113735396,4,120mm,1.8236079
SubNetW8CleanAuxExDnRcK8QdEma,minbias,0,test,20.235044,19.419219970703125,-0.040317406245325316,3,60mm,3.4376688
SubNetW8CleanAuxExDnRcK8QdEma,minbias,0,test,10.587168,10.030933380126953,-0.05253854226249721,3,60mm,1.6185651
SubNetW8CleanAuxExDnRcK8QdEma,minbias,0,test,22.068485,21.911457061767578,-0.007115495077803957,3,60mm,2.3155031
SubNetW8CleanAuxExDnRcK8QdEma,minbias,0,test,22.574064,22.613496780395508,0.0017468066534118698,2,40mm,2.3285408
SubNetW8CleanAuxExDnRcK8QdEma,minbias,0,test,38.86948,38.51907730102539,-0.009014857693793732,2,40mm,4.441142
SubNetW8CleanAuxExDnRcK8QdEma,minbias,0,test,31.053267,31.799833297729492,0.02404148922154281,3,60mm,4.2821693
SubNetW8CleanAuxExDnRcK8QdEma,minbias,0,test,9.421087,9.854426383972168,0.04599672062976534,4,120mm,2.0592265
SubNetW8CleanAuxExDnRcK8QdEma,minbias,0,test,17.070652,17.11377716064453,0.0025262744836891393,3,60mm,2.8319643
SubNetW8CleanAuxExDnRcK8QdEma,minbias,0,test,4.4615154,4.43747091293335,-0.00538931537899523,3,60mm,0.65350205
SubNetW8CleanAuxExDnRcK8QdEma,minbias,0,test,75.302956,73.82505798339844,-0.01962602439344896,0,15mm,2.516343
SubNetW8CleanAuxExDnRcK8QdEma,minbias,0,test,36.3948,35.33209228515625,-0.029199392328302043,1,30mm,1.6173557
SubNetW8CleanAuxExDnRcK8QdEma,minbias,0,test,24.62919,23.550931930541992,-0.04377969778643487,4,120mm,4.9476027
SubNetW8CleanAuxExDnRcK8QdEma,minbias,0,test,13.011384,12.798684120178223,-0.01634721486723456,4,120mm,3.0922413
SubNetW8CleanAuxExDnRcK8QdEma,minbias,0,test,29.095728,30.394546508789062,0.044639494560996695,1,30mm,2.4229455
SubNetW8CleanAuxExDnRcK8QdEma,minbias,0,test,18.502455,22.40729331970215,0.21104435131174681,1,30mm,1.5747296
SubNetW8CleanAuxExDnRcK8QdEma,minbias,0,test,9.323686,9.367484092712402,0.004697546476569059,2,40mm,0.9386176
SubNetW8CleanAuxExDnRcK8QdEma,minbias,0,test,82.457855,82.18170166015625,-0.0033490267688979225,0,15mm,2.712595
SubNetW8CleanAuxExDnRcK8QdEma,minbias,0,test,20.395931,21.529470443725586,0.05557673176449418,3,60mm,4.4362044
SubNetW8CleanAuxExDnRcK8QdEma,minbias,0,test,58.199253,54.90839767456055,-0.05654463302239654,0,15mm,1.8902214
SubNetW8CleanAuxExDnRcK8QdEma,minbias,0,test,99.84232,101.17887115478516,0.013386586042307691,0,15mm,2.6035683
SubNetW8CleanAuxExDnRcK8QdEma,minbias,0,test,31.406897,30.238285064697266,-0.03720875518841282,3,60mm,4.498308
SubNetW8CleanAuxExDnRcK8QdEma,minbias,0,test,17.264406,17.37284278869629,0.006280933337060146,3,60mm,2.5713086
SubNetW8CleanAuxExDnRcK8QdEma,minbias,0,test,7.525587,8.031067848205566,0.06716828345678394,3,60mm,1.7330171
SubNetW8CleanAuxExDnRcK8QdEma,minbias,0,test,37.950584,38.605316162109375,0.017252217868028108,3,60mm,4.9557433
SubNetW8CleanAuxExDnRcK8QdEma,minbias,0,test,20.904652,19.36911964416504,-0.07345408208606197,2,40mm,1.4738998
SubNetW8CleanAuxExDnRcK8QdEma,minbias,0,test,13.929968,13.803651809692383,-0.009067936957395384,3,60mm,2.19498
SubNetW8CleanAuxExDnRcK8QdEma,minbias,0,test,35.93777,36.65708923339844,0.02001566521821596,2,40mm,4.154879
SubNetW8CleanAuxExDnRcK8QdEma,minbias,0,test,37.602627,35.83079147338867,-0.047119988094106446,2,40mm,3.0935247
SubNetW8CleanAuxExDnRcK8QdEma,minbias,0,test,41.39222,44.36667251586914,0.0718601951095974,1,30mm,2.8244178
SubNetW8CleanAuxExDnRcK8QdEma,minbias,0,test,10.888731,10.79362678527832,-0.008734187436972629,1,30mm,0.78008056
SubNetW8CleanAuxExDnRcK8QdEma,minbias,0,test,13.436849,13.112715721130371,-0.024122688882269316,2,40mm,1.3828585
SubNetW8CleanAuxExDnRcK8QdEma,minbias,0,test,17.372646,18.050487518310547,0.03901772784513424,2,40mm,1.9592043
SubNetW8CleanAuxExDnRcK8QdEma,minbias,0,test,22.933556,23.746721267700195,0.035457461492168774,2,40mm,2.973765
SubNetW8CleanAuxExDnRcK8QdEma,minbias,0,test,25.421448,25.09876251220703,-0.012693425048919016,3,60mm,3.807647
SubNetW8CleanAuxExDnRcK8QdEma,minbias,0,test,49.886303,66.52552032470703,0.3335428042052717,0,15mm,2.824991
SubNetW8CleanAuxExDnRcK8QdEma,minbias,0,test,9.162094,9.097635269165039,-0.007035383639188764,2,40mm,1.2239969
SubNetW8CleanAuxExDnRcK8QdEma,minbias,0,test,98.03701,95.23066711425781,-0.028625343358516186,0,15mm,3.2596376
SubNetW8CleanAuxExDnRcK8QdEma,minbias,0,test,26.152243,27.556900024414062,0.05371078045295019,3,60mm,3.4284704
SubNetW8CleanAuxExDnRcK8QdEma,minbias,0,test,29.876308,29.64600944519043,-0.007708415396273871,3,60mm,4.6406684
SubNetW8CleanAuxExDnRcK8QdEma,minbias,0,test,55.42885,54.692291259765625,-0.01328833323927725,1,30mm,3.4827511
SubNetW8CleanAuxExDnRcK8QdEma,minbias,0,test,20.931047,28.18223762512207,0.34643226558441365,2,40mm,1.5876883
SubNetW8CleanAuxExDnRcK8QdEma,minbias,0,test,15.688667,14.544337272644043,-0.07293991280645995,4,120mm,3.7785444
SubNetW8CleanAuxExDnRcK8QdEma,minbias,0,test,14.84949,14.6390962600708,-0.014168426208024165,3,60mm,2.597259
SubNetW8CleanAuxExDnRcK8QdEma,minbias,0,test,19.854132,19.92338752746582,0.0034882325708696094,4,120mm,4.190153
SubNetW8CleanAuxExDnRcK8QdEma,minbias,0,test,36.600594,37.38197326660156,0.021348825894829115,2,40mm,2.5317988
SubNetW8CleanAuxExDnRcK8QdEma,minbias,0,test,27.372429,28.59343147277832,0.0446070234929381,1,30mm,2.6206794
SubNetW8CleanAuxExDnRcK8QdEma,minbias,0,test,11.139171,12.077028274536133,0.08419456507287038,1,30mm,0.7794851
SubNetW8CleanAuxExDnRcK8QdEma,minbias,0,test,69.883446,61.91292953491211,-0.11405442477059724,0,15mm,1.436883
SubNetW8CleanAuxExDnRcK8QdEma,minbias,0,test,4.41815,4.703604221343994,0.06460945793506512,3,60mm,0.56034595
SubNetW8CleanAuxExDnRcK8QdEma,minbias,0,test,94.037025,96.62490844726562,0.027519830440997595,1,30mm,3.8735688
SubNetW8CleanAuxExDnRcK8QdEma,minbias,0,test,54.050484,61.22089385986328,0.13266135036957416,2,40mm,3.5012813
SubNetW8CleanAuxExDnRcK8QdEma,minbias,0,test,39.450893,46.42164611816406,0.17669441969325494,3,60mm,4.7780104
SubNetW8CleanAuxExDnRcK8QdEma,minbias,0,test,11.883933,13.303206443786621,0.11942791737590097,3,60mm,1.9937603
SubNetW8CleanAuxExDnRcK8QdEma,minbias,0,test,12.2074375,12.506879806518555,0.02452949612770694,2,40mm,0.91610587
SubNetW8CleanAuxExDnRcK8QdEma,minbias,0,test,20.408155,20.021404266357422,-0.01895081483671912,2,40mm,2.4275064
SubNetW8CleanAuxExDnRcK8QdEma,minbias,0,test,24.387218,24.043842315673828,-0.01408016908591525,2,40mm,3.2627115
SubNetW8CleanAuxExDnRcK8QdEma,minbias,0,test,17.674078,17.952640533447266,0.015761079359878805,3,60mm,2.8501234
SubNetW8CleanAuxExDnRcK8QdEma,minbias,0,test,28.940113,29.89452362060547,0.032978812168019456,3,60mm,4.8700213
SubNetW8CleanAuxExDnRcK8QdEma,minbias,0,test,28.54399,28.96845817565918,0.014870696294106533,2,40mm,3.3382301
SubNetW8CleanAuxExDnRcK8QdEma,minbias,0,test,31.380808,30.69070053100586,-0.021991382385535774,3,60mm,3.3421695
SubNetW8CleanAuxExDnRcK8QdEma,minbias,0,test,23.080404,22.779741287231445,-0.013026764640524435,3,60mm,4.762416
SubNetW8CleanAuxExDnRcK8QdEma,minbias,0,test,15.878195,15.558122634887695,-0.02015796996593411,4,120mm,3.542952
SubNetW8CleanAuxExDnRcK8QdEma,minbias,0,test,48.877655,50.298736572265625,0.029074257799744485,1,30mm,4.469233
SubNetW8CleanAuxExDnRcK8QdEma,minbias,0,test,15.1741085,15.661503791809082,0.0321201925234329,2,40mm,0.911537
SubNetW8CleanAuxExDnRcK8QdEma,minbias,0,test,79.47932,74.0751724243164,-0.06799434759524658,0,15mm,1.7093632
SubNetW8CleanAuxExDnRcK8QdEma,minbias,0,test,9.057372,8.663307189941406,-0.043507642084738896,2,40mm,0.7219131
SubNetW8CleanAuxExDnRcK8QdEma,minbias,0,test,18.388859,18.669784545898438,0.01527695404384044,4,120mm,4.3594947
SubNetW8CleanAuxExDnRcK8QdEma,minbias,0,test,9.719036,9.478307723999023,-0.02476875029192005,3,60mm,1.576223
SubNetW8CleanAuxExDnRcK8QdEma,minbias,0,test,12.001413,11.881966590881348,-0.009952723984961054,3,60mm,1.970767
SubNetW8CleanAuxExDnRcK8QdEma,minbias,0,test,5.3662925,5.58871603012085,0.04144827260803363,2,40mm,0.5011075
SubNetW8CleanAuxExDnRcK8QdEma,minbias,0,test,45.072216,46.72899627685547,0.036758348905509886,3,60mm,4.767566
SubNetW8CleanAuxExDnRcK8QdEma,minbias,0,test,12.173824,10.39957332611084,-0.14574310742190866,2,40mm,1.603629
SubNetW8CleanAuxExDnRcK8QdEma,minbias,0,test,54.227833,53.509033203125,-0.013255178273350987,2,40mm,4.822457
SubNetW8CleanAuxExDnRcK8QdEma,minbias,0,test,16.456305,17.297521591186523,0.051118222712212,2,40mm,1.5768464
SubNetW8CleanAuxExDnRcK8QdEma,minbias,0,test,75.66105,77.11003875732422,0.019151067681955736,1,30mm,3.8998306
SubNetW8CleanAuxExDnRcK8QdEma,minbias,0,test,7.459062,6.752947807312012,-0.09466529206080732,3,60mm,1.4349668
SubNetW8CleanAuxExDnRcK8QdEma,minbias,0,test,14.525839,14.704035758972168,0.012267581160711805,3,60mm,3.0744853
SubNetW8CleanAuxExDnRcK8QdEma,minbias,0,test,15.046526,15.141290664672852,0.006298112252277388,3,60mm,2.277394
SubNetW8CleanAuxExDnRcK8QdEma,minbias,0,test,76.35902,82.17743682861328,0.07619821054622511,1,30mm,4.1763744
SubNetW8CleanAuxExDnRcK8QdEma,minbias,0,test,7.006448,7.927619457244873,0.13147484895790584,1,30mm,0.50600517
SubNetW8CleanAuxExDnRcK8QdEma,minbias,0,test,9.9701,10.059000968933105,0.008916717235447402,3,60mm,1.5768498
SubNetW8CleanAuxExDnRcK8QdEma,minbias,0,test,35.642506,37.25602340698242,0.04526948181665724,3,60mm,4.657795
SubNetW8CleanAuxExDnRcK8QdEma,minbias,0,test,37.612488,39.5016975402832,0.050228258170883944,1,30mm,2.313158
SubNetW8CleanAuxExDnRcK8QdEma,minbias,0,test,39.608635,38.59431457519531,-0.025608566789744103,1,30mm,1.9377329
SubNetW8CleanAuxExDnRcK8QdEma,minbias,0,test,43.12531,45.350624084472656,0.05160113970396041,0,15mm,1.6167536
SubNetW8CleanAuxExDnRcK8QdEma,minbias,0,test,4.022842,3.828106641769409,-0.048407392582075714,3,60mm,0.61358327
SubNetW8CleanAuxExDnRcK8QdEma,minbias,0,test,11.661271,17.16761016845703,0.47219029796947587,1,30mm,1.0746512
SubNetW8CleanAuxExDnRcK8QdEma,minbias,0,test,30.42465,30.45058822631836,0.0008525335178450888,3,60mm,4.3179607
SubNetW8CleanAuxExDnRcK8QdEma,minbias,0,test,9.483246,8.824931144714355,-0.06941871120236076,3,60mm,1.0104201
SubNetW8CleanAuxExDnRcK8QdEma,minbias,0,test,52.43364,54.54826736450195,0.04032960246963957,1,30mm,2.6296134
SubNetW8CleanAuxExDnRcK8QdEma,minbias,0,test,24.010414,23.091318130493164,-0.03827905625922079,2,40mm,3.6061347
SubNetW8CleanAuxExDnRcK8QdEma,minbias,0,test,5.3224792,5.246786594390869,-0.014221314941487484,2,40mm,0.5489302
SubNetW8CleanAuxExDnRcK8QdEma,minbias,0,test,13.390874,12.975282669067383,-0.03103540835000973,1,30mm,1.052914
SubNetW8CleanAuxExDnRcK8QdEma,minbias,0,test,29.623999,29.680994033813477,0.001923960115396417,0,15mm,1.1753768
SubNetW8CleanAuxExDnRcK8QdEma,minbias,0,test,25.820581,21.671546936035156,-0.16068710576408907,0,15mm,0.6727544
SubNetW8CleanAuxExDnRcK8QdEma,minbias,0,test,20.405123,19.94869613647461,-0.022368236933431818,3,60mm,4.820452
SubNetW8CleanAuxExDnRcK8QdEma,minbias,0,test,25.37972,24.39622688293457,-0.03875116739964124,3,60mm,3.8648417
SubNetW8CleanAuxExDnRcK8QdEma,minbias,0,test,22.202936,22.807472229003906,0.027227752754057644,3,60mm,4.186093
SubNetW8CleanAuxExDnRcK8QdEma,minbias,0,test,88.700325,90.22017669677734,0.01713467999537932,0,15mm,3.0262823
SubNetW8CleanAuxExDnRcK8QdEma,minbias,0,test,18.940502,19.321590423583984,0.020120282634584763,1,30mm,0.86120856
SubNetW8CleanAuxExDnRcK8QdEma,minbias,0,test,26.842386,26.718608856201172,-0.004611266241132617,0,15mm,1.3228873
SubNetW8CleanAuxExDnRcK8QdEma,minbias,0,test,32.0518,30.905351638793945,-0.03576860405511084,3,60mm,4.9213924
SubNetW8CleanAuxExDnRcK8QdEma,minbias,0,test,32.352142,31.111797332763672,-0.03833888304570732,1,30mm,3.0826418
SubNetW8CleanAuxExDnRcK8QdEma,minbias,0,test,15.8437195,17.104888916015625,0.07960059094665106,2,40mm,1.359928
SubNetW8CleanAuxExDnRcK8QdEma,minbias,0,test,61.143513,58.56889343261719,-0.042107807982141754,1,30mm,3.8929064
SubNetW8CleanAuxExDnRcK8QdEma,minbias,0,test,30.569208,28.503677368164062,-0.067568998423854,3,60mm,4.7588267
SubNetW8CleanAuxExDnRcK8QdEma,minbias,0,test,4.0035467,4.0814008712768555,0.019446296506712812,3,60mm,0.6633385
SubNetW8CleanAuxExDnRcK8QdEma,minbias,0,test,49.355988,48.892547607421875,-0.009389741030868204,1,30mm,3.1274145
SubNetW8CleanAuxExDnRcK8QdEma,minbias,0,test,52.63965,52.832481384277344,0.0036632643359366668,0,15mm,2.0622396
SubNetW8CleanAuxExDnRcK8QdEma,minbias,0,test,34.667336,34.28507614135742,-0.011026499823830416,3,60mm,4.671401
SubNetW8CleanAuxExDnRcK8QdEma,minbias,0,test,60.29119,64.09700012207031,0.06312379887496178,1,30mm,3.0101235
SubNetW8CleanAuxExDnRcK8QdEma,minbias,0,test,62.78991,63.613624572753906,0.01311859211647537,0,15mm,1.5553381
SubNetW8CleanAuxExDnRcK8QdEma,minbias,0,test,31.97923,32.536197662353516,0.01741651585347226,2,40mm,2.6473362
SubNetW8CleanAuxExDnRcK8QdEma,minbias,0,test,19.698566,19.678098678588867,-0.0010390481076077984,2,40mm,4.006384
SubNetW8CleanAuxExDnRcK8QdEma,minbias,0,test,21.92636,22.09747886657715,0.00780429110746983,2,40mm,2.5277946
SubNetW8CleanAuxExDnRcK8QdEma,minbias,0,test,54.341118,53.664981842041016,-0.012442438497520358,1,30mm,2.7174711
SubNetW8CleanAuxExDnRcK8QdEma,minbias,0,test,21.473528,21.117961883544922,-0.01655834226673214,1,30mm,1.3064834
SubNetW8CleanAuxExDnRcK8QdEma,minbias,0,test,17.44805,16.72002410888672,-0.04172531918319622,2,40mm,2.5431814
SubNetW8CleanAuxExDnRcK8QdEma,minbias,0,test,11.783904,10.304515838623047,-0.125543133031771,1,30mm,0.8129725
SubNetW8CleanAuxExDnRcK8QdEma,minbias,0,test,26.598658,29.658994674682617,0.11505607206757062,1,30mm,1.0710847
SubNetW8CleanAuxExDnRcK8QdEma,minbias,0,test,13.671755,12.091798782348633,-0.11556351569496215,3,60mm,1.6398216
SubNetW8CleanAuxExDnRcK8QdEma,minbias,0,test,25.768335,25.667827606201172,-0.003900435742958064,3,60mm,3.470641
SubNetW8CleanAuxExDnRcK8QdEma,minbias,0,test,86.49801,85.38017272949219,-0.012923257020285073,1,30mm,3.6570153
SubNetW8CleanAuxExDnRcK8QdEma,minbias,0,test,19.291677,20.983596801757812,0.08770203259809417,2,40mm,1.5426004
SubNetW8CleanAuxExDnRcK8QdEma,minbias,0,test,11.59258,11.757603645324707,0.014235295850070662,2,40mm,1.2688947
SubNetW8CleanAuxExDnRcK8QdEma,minbias,0,test,7.191755,6.86765718460083,-0.04506516720402187,3,60mm,1.2602288
SubNetW8CleanAuxExDnRcK8QdEma,minbias,0,test,11.0117655,10.678921699523926,-0.030226195892098073,4,120mm,2.547541
SubNetW8CleanAuxExDnRcK8QdEma,minbias,0,test,32.699863,32.47458267211914,-0.006889348702466713,0,15mm,1.1012094
SubNetW8CleanAuxExDnRcK8QdEma,minbias,0,test,24.152906,23.60994529724121,-0.022480156682272878,3,60mm,3.296835
SubNetW8CleanAuxExDnRcK8QdEma,minbias,0,test,15.345904,15.663134574890137,0.020671979791374806,1,30mm,0.8040544
SubNetW8CleanAuxExDnRcK8QdEma,minbias,0,test,8.063724,7.561467170715332,-0.06228591412355644,3,60mm,1.5368806
SubNetW8CleanAuxExDnRcK8QdEma,minbias,0,test,35.19753,32.67841720581055,-0.07157069590924114,1,30mm,3.33897
SubNetW8CleanAuxExDnRcK8QdEma,minbias,0,test,36.18738,35.74724578857422,-0.012162691374565715,2,40mm,3.3925524
SubNetW8CleanAuxExDnRcK8QdEma,minbias,0,test,25.918892,25.547082901000977,-0.014345096506253152,3,60mm,4.366484
SubNetW8CleanAuxExDnRcK8QdEma,minbias,0,test,99.793526,102.66058349609375,0.028729897859632425,0,15mm,3.038211
SubNetW8CleanAuxExDnRcK8QdEma,minbias,0,test,37.059338,37.95289611816406,0.02411156161118977,2,40mm,4.614187
SubNetW8CleanAuxExDnRcK8QdEma,minbias,0,test,48.907547,48.695640563964844,-0.004332796186203414,1,30mm,3.2615144
SubNetW8CleanAuxExDnRcK8QdEma,minbias,0,test,10.486495,10.023653030395508,-0.04413695775520432,2,40mm,1.2682759
SubNetW8CleanAuxExDnRcK8QdEma,minbias,0,test,55.427826,58.5573616027832,0.05646145456127116,1,30mm,4.766843
SubNetW8CleanAuxExDnRcK8QdEma,minbias,0,test,67.4645,65.31066131591797,-0.031925517830682426,2,40mm,4.821529
SubNetW8CleanAuxExDnRcK8QdEma,minbias,0,test,42.79706,40.267845153808594,-0.05909782269209207,0,15mm,2.379235
SubNetW8CleanAuxExDnRcK8QdEma,minbias,0,test,9.673294,9.622093200683594,-0.005293012529399066,4,120mm,1.9497168
SubNetW8CleanAuxExDnRcK8QdEma,minbias,0,test,5.3562765,5.118651866912842,-0.04436377485260745,3,60mm,0.9477599
SubNetW8CleanAuxExDnRcK8QdEma,minbias,0,test,15.696373,15.97910213470459,0.018012387264229934,2,40mm,1.679657
SubNetW8CleanAuxExDnRcK8QdEma,minbias,0,test,28.152824,27.943269729614258,-0.00744346887722569,3,60mm,3.452478
SubNetW8CleanAuxExDnRcK8QdEma,minbias,0,test,28.307564,28.492015838623047,0.006515998985534788,3,60mm,4.92523
SubNetW8CleanAuxExDnRcK8QdEma,minbias,0,test,68.494705,66.09490203857422,-0.03503633097780312,2,40mm,4.501519
SubNetW8CleanAuxExDnRcK8QdEma,minbias,0,test,47.473976,46.75041961669922,-0.015241118976284329,0,15mm,1.0294163
SubNetW8CleanAuxExDnRcK8QdEma,minbias,0,test,47.331535,46.81788635253906,-0.010852151385617792,1,30mm,2.5682342
SubNetW8CleanAuxExDnRcK8QdEma,minbias,0,test,38.973553,39.07001876831055,0.002475167331706496,3,60mm,4.280366
SubNetW8CleanAuxExDnRcK8QdEma,minbias,0,test,19.282774,19.172115325927734,-0.005738730630411637,3,60mm,4.129354
SubNetW8CleanAuxExDnRcK8QdEma,minbias,0,test,18.571213,19.023597717285156,0.024359472607866417,3,60mm,3.6873374
SubNetW8CleanAuxExDnRcK8QdEma,minbias,0,test,13.599694,13.220776557922363,-0.027862221537493626,3,60mm,3.1334457
SubNetW8CleanAuxExDnRcK8QdEma,minbias,0,test,30.235188,29.22740364074707,-0.0333314912881989,3,60mm,3.9202924
SubNetW8CleanAuxExDnRcK8QdEma,minbias,0,test,76.60733,73.98368072509766,-0.03424802282145856,2,40mm,4.521545
SubNetW8CleanAuxExDnRcK8QdEma,minbias,0,test,12.668263,12.489693641662598,-0.014095838361135593,2,40mm,1.0660508
SubNetW8CleanAuxExDnRcK8QdEma,minbias,0,test,77.87146,75.84573364257812,-0.02601371952414322,0,15mm,2.2909052
SubNetW8CleanAuxExDnRcK8QdEma,minbias,0,test,8.953312,9.266953468322754,0.03503078536226423,3,60mm,1.1382802
SubNetW8CleanAuxExDnRcK8QdEma,minbias,0,test,43.57246,43.2624626159668,-0.007114529621504828,2,40mm,4.768797
SubNetW8CleanAuxExDnRcK8QdEma,minbias,0,test,68.46993,64.5905990600586,-0.05665747505903118,0,15mm,1.8258682
SubNetW8CleanAuxExDnRcK8QdEma,minbias,0,test,7.108967,6.692135334014893,-0.058634609430379125,4,120mm,1.6359794
SubNetW8CleanAuxExDnRcK8QdEma,minbias,0,test,19.84301,18.318635940551758,-0.07682171263922788,3,60mm,4.6562076
SubNetW8CleanAuxExDnRcK8QdEma,minbias,0,test,13.839817,13.644275665283203,-0.014128899332281342,3,60mm,2.0227857
SubNetW8CleanAuxExDnRcK8QdEma,minbias,0,test,13.602624,14.059712409973145,0.03360296311149136,3,60mm,2.3850536
SubNetW8CleanAuxExDnRcK8QdEma,minbias,0,test,10.944204,9.699299812316895,-0.11375011654930411,1,30mm,0.6704871
SubNetW8CleanAuxExDnRcK8QdEma,minbias,0,test,20.075428,20.147565841674805,0.0035933397090783803,3,60mm,3.0025182
SubNetW8CleanAuxExDnRcK8QdEma,minbias,0,test,6.229319,6.14404296875,-0.013689478023633073,4,120mm,1.4764217
SubNetW8CleanAuxExDnRcK8QdEma,minbias,0,test,18.221968,17.75249481201172,-0.025764115760419704,3,60mm,2.988506
SubNetW8CleanAuxExDnRcK8QdEma,minbias,0,test,6.952021,6.607178688049316,-0.0496031913423316,2,40mm,0.5695698
SubNetW8CleanAuxExDnRcK8QdEma,minbias,0,test,9.10369,9.503275871276855,0.04389272013954448,3,60mm,1.9100107
SubNetW8CleanAuxExDnRcK8QdEma,minbias,0,test,18.291283,18.303754806518555,0.0006818632102525424,4,120mm,3.7920258
SubNetW8CleanAuxExDnRcK8QdEma,minbias,0,test,20.040546,20.358049392700195,0.015843029868227054,3,60mm,2.5907488
SubNetW8CleanAuxExDnRcK8QdEma,minbias,0,test,14.778085,18.04908561706543,0.2213413251015024,3,60mm,2.2711372
SubNetW8CleanAuxExDnRcK8QdEma,minbias,0,test,10.4512205,10.939068794250488,0.046678594263894535,3,60mm,1.3359724
SubNetW8CleanAuxExDnRcK8QdEma,minbias,0,test,13.518925,13.860539436340332,0.02526937093404036,3,60mm,2.8678188
SubNetW8CleanAuxExDnRcK8QdEma,minbias,0,test,70.560455,72.37578582763672,0.025727307130886112,1,30mm,3.365505
SubNetW8CleanAuxExDnRcK8QdEma,minbias,0,test,11.46312,11.450583457946777,-0.0010936814811173257,4,120mm,2.5812862
SubNetW8CleanAuxExDnRcK8QdEma,minbias,0,test,25.648233,24.980018615722656,-0.026053053525971204,2,40mm,1.9270363
SubNetW8CleanAuxExDnRcK8QdEma,minbias,0,test,26.463526,27.557464599609375,0.04133760697405586,0,15mm,0.9158556
SubNetW8CleanAuxExDnRcK8QdEma,minbias,0,test,24.727125,24.593387603759766,-0.0054085367053027245,2,40mm,3.7820392
SubNetW8CleanAuxExDnRcK8QdEma,minbias,0,test,4.8732243,4.739439010620117,-0.027453127684715306,3,60mm,0.836683
SubNetW8CleanAuxExDnRcK8QdEma,minbias,0,test,19.073935,18.77315902709961,-0.015768929430158396,3,60mm,3.7654185
SubNetW8CleanAuxExDnRcK8QdEma,minbias,0,test,86.02118,93.12263488769531,0.08255473541033553,1,30mm,4.9340954
SubNetW8CleanAuxExDnRcK8QdEma,minbias,0,test,22.91242,22.826313018798828,-0.0037581038145689805,2,40mm,1.8823118
SubNetW8CleanAuxExDnRcK8QdEma,minbias,0,test,19.230131,16.59440803527832,-0.137062149683296,0,15mm,0.5235866
SubNetW8CleanAuxExDnRcK8QdEma,minbias,0,test,11.086798,10.954548835754395,-0.011928501077386966,2,40mm,1.3597325
SubNetW8CleanAuxExDnRcK8QdEma,minbias,0,test,17.015385,17.458782196044922,0.0260586246191834,4,120mm,4.0444717
SubNetW8CleanAuxExDnRcK8QdEma,minbias,0,test,6.221345,6.30950927734375,0.014171265259897536,3,60mm,0.87623185
SubNetW8CleanAuxExDnRcK8QdEma,minbias,0,test,19.495,19.547719955444336,0.0027042376989716566,4,120mm,4.241288
SubNetW8CleanAuxExDnRcK8QdEma,minbias,0,test,27.178526,27.21807861328125,0.0014552918987675856,0,15mm,0.93865865
SubNetW8CleanAuxExDnRcK8QdEma,minbias,0,test,37.894257,38.497859954833984,0.015928623947930154,2,40mm,2.3336854
SubNetW8CleanAuxExDnRcK8QdEma,minbias,0,test,21.22802,20.958375930786133,-0.012702258015475087,3,60mm,2.2333734
SubNetW8CleanAuxExDnRcK8QdEma,minbias,0,test,11.476753,11.491215705871582,0.001260153521848606,3,60mm,2.4124398
SubNetW8CleanAuxExDnRcK8QdEma,minbias,0,test,5.560285,6.299783229827881,0.13299644285712686,3,60mm,0.8011547
SubNetW8CleanAuxExDnRcK8QdEma,minbias,0,test,22.154629,22.328371047973633,0.007842257085115989,3,60mm,2.675275
SubNetW8CleanAuxExDnRcK8QdEma,minbias,0,test,33.331448,33.49105453491211,0.0047884789014516205,2,40mm,4.4924817
SubNetW8CleanAuxExDnRcK8QdEma,minbias,0,test,50.59837,50.07164764404297,-0.010409860209457777,1,30mm,2.5560184
SubNetW8CleanAuxExDnRcK8QdEma,minbias,0,test,7.0913973,6.550684452056885,-0.07624912434578934,4,120mm,1.4259251
SubNetW8CleanAuxExDnRcK8QdEma,minbias,0,test,39.12889,35.864891052246094,-0.08341662276342043,1,30mm,1.9773805
SubNetW8CleanAuxExDnRcK8QdEma,minbias,0,test,68.9192,76.4524154663086,0.10930508048097631,1,30mm,4.287295
SubNetW8CleanAuxExDnRcK8QdEma,minbias,0,test,80.03002,76.4688949584961,-0.044497385290992786,1,30mm,4.0387135
SubNetW8CleanAuxExDnRcK8QdEma,minbias,0,test,34.426178,33.54726028442383,-0.02553050456662087,1,30mm,1.76533
SubNetW8CleanAuxExDnRcK8QdEma,minbias,0,test,33.57602,33.825599670410156,0.007433292826246385,2,40mm,2.8335032
SubNetW8CleanAuxExDnRcK8QdEma,minbias,0,test,30.93784,31.273591995239258,0.010852486551143459,2,40mm,3.336616
SubNetW8CleanAuxExDnRcK8QdEma,minbias,0,test,90.3107,89.35750579833984,-0.010554603941944407,1,30mm,3.9792347
SubNetW8CleanAuxExDnRcK8QdEma,minbias,0,test,22.205889,22.362009048461914,0.007030581034764616,3,60mm,2.970519
SubNetW8CleanAuxExDnRcK8QdEma,minbias,0,test,31.237568,30.472179412841797,-0.02450217927273557,3,60mm,3.666863
SubNetW8CleanAuxExDnRcK8QdEma,minbias,0,test,49.332714,55.05137634277344,0.11592028471401972,0,15mm,1.3781252
SubNetW8CleanAuxExDnRcK8QdEma,minbias,0,test,6.334295,6.893775939941406,0.08832571927432276,3,60mm,1.0180271
SubNetW8CleanAuxExDnRcK8QdEma,minbias,0,test,93.88486,91.56623840332031,-0.024696408389104363,1,30mm,3.8680303
SubNetW8CleanAuxExDnRcK8QdEma,minbias,0,test,31.239996,30.65782928466797,-0.01863529920314455,3,60mm,3.5701227
SubNetW8CleanAuxExDnRcK8QdEma,minbias,0,test,77.51779,76.26715850830078,-0.016133499310854726,0,15mm,2.1265953
SubNetW8CleanAuxExDnRcK8QdEma,minbias,0,test,32.161755,32.04141616821289,-0.0037416627733020125,1,30mm,1.5621762
SubNetW8CleanAuxExDnRcK8QdEma,minbias,0,test,69.08923,67.93194580078125,-0.016750621489489914,0,15mm,2.0897202
SubNetW8CleanAuxExDnRcK8QdEma,minbias,0,test,16.938711,16.154909133911133,-0.046272825882190505,3,60mm,3.3868139
SubNetW8CleanAuxExDnRcK8QdEma,minbias,0,test,42.16695,36.60246276855469,-0.13196324200527,0,15mm,1.0156298
SubNetW8CleanAuxExDnRcK8QdEma,minbias,0,test,13.256564,13.324861526489258,0.005151967391136214,2,40mm,0.9006555
SubNetW8CleanAuxExDnRcK8QdEma,minbias,0,test,6.7130804,6.635915279388428,-0.011494741926433183,3,60mm,1.4198443
SubNetW8CleanAuxExDnRcK8QdEma,minbias,0,test,12.728938,12.947093963623047,0.01713857504375982,3,60mm,1.5981423
SubNetW8CleanAuxExDnRcK8QdEma,minbias,0,test,15.094551,14.586833953857422,-0.033635788812887535,3,60mm,2.2110822
SubNetW8CleanAuxExDnRcK8QdEma,minbias,0,test,14.622675,14.576361656188965,-0.003167223918420059,3,60mm,1.6846819
SubNetW8CleanAuxExDnRcK8QdEma,minbias,0,test,43.79391,45.14359664916992,0.030819025721515736,0,15mm,1.2018135
SubNetW8CleanAuxExDnRcK8QdEma,minbias,0,test,22.00459,21.78972053527832,-0.00976471520295763,3,60mm,3.595538
SubNetW8CleanAuxExDnRcK8QdEma,minbias,0,test,5.25953,5.371840953826904,0.02135378730473536,2,40mm,0.73438567
SubNetW8CleanAuxExDnRcK8QdEma,minbias,0,test,17.90871,16.451644897460938,-0.08136072018831608,1,30mm,1.1247206
SubNetW8CleanAuxExDnRcK8QdEma,minbias,0,test,81.23903,80.3226547241211,-0.011279974891441391,0,15mm,2.148595
SubNetW8CleanAuxExDnRcK8QdEma,minbias,0,test,31.201189,30.35392951965332,-0.027154719019435225,1,30mm,1.7351441
SubNetW8CleanAuxExDnRcK8QdEma,minbias,0,test,6.8277884,6.537969589233398,-0.04244694603150656,4,120mm,1.4009141
SubNetW8CleanAuxExDnRcK8QdEma,minbias,0,test,18.566755,18.34894561767578,-0.011731165390272968,3,60mm,2.3056502
SubNetW8CleanAuxExDnRcK8QdEma,minbias,0,test,7.029296,7.226522445678711,0.028057792211404253,2,40mm,0.60935986
SubNetW8CleanAuxExDnRcK8QdEma,minbias,0,test,5.374566,3.30114483833313,-0.385783933007798,2,40mm,0.5910331
SubNetW8CleanAuxExDnRcK8QdEma,minbias,0,test,5.2847385,5.1310906410217285,-0.0290738886031634,2,40mm,0.75914997
SubNetW8CleanAuxExDnRcK8QdEma,minbias,0,test,20.686628,22.766016006469727,0.10051844266017174,2,40mm,2.1427565
SubNetW8CleanAuxExDnRcK8QdEma,minbias,0,test,10.640691,10.114705085754395,-0.04943153856129823,3,60mm,1.9667454
SubNetW8CleanAuxExDnRcK8QdEma,minbias,0,test,16.034107,15.375926971435547,-0.04104876113574152,4,120mm,3.4366088
SubNetW8CleanAuxExDnRcK8QdEma,minbias,0,test,13.697122,11.02206802368164,-0.19530041936371267,2,40mm,1.7261099
SubNetW8CleanAuxExDnRcK8QdEma,minbias,0,test,63.41007,60.462425231933594,-0.046485413897214056,2,40mm,4.4700828
SubNetW8CleanAuxExDnRcK8QdEma,minbias,0,test,14.508383,14.233893394470215,-0.01891936590087706,3,60mm,3.449223
SubNetW8CleanAuxExDnRcK8QdEma,minbias,0,test,43.112473,43.074668884277344,-0.0008768610956463307,0,15mm,1.4899821
SubNetW8CleanAuxExDnRcK8QdEma,minbias,0,test,42.22138,42.66910934448242,0.01060436764060535,2,40mm,3.266405
SubNetW8CleanAuxExDnRcK8QdEma,minbias,0,test,4.5740924,5.025463104248047,0.09867984242382666,2,40mm,0.58438635
SubNetW8CleanAuxExDnRcK8QdEma,minbias,0,test,19.092579,18.75438690185547,-0.017713269017713307,3,60mm,4.5757914
SubNetW8CleanAuxExDnRcK8QdEma,minbias,0,test,16.369322,16.27549934387207,-0.005731604538163015,0,15mm,0.54120386
SubNetW8CleanAuxExDnRcK8QdEma,minbias,0,test,19.065775,20.046890258789062,0.05145950507790298,2,40mm,1.7349658
SubNetW8CleanAuxExDnRcK8QdEma,minbias,0,test,13.515219,12.920069694519043,-0.044035472300002265,3,60mm,2.1612515
SubNetW8CleanAuxExDnRcK8QdEma,minbias,0,test,26.885105,26.45707130432129,-0.015920853819130554,3,60mm,4.8445764
SubNetW8CleanAuxExDnRcK8QdEma,minbias,0,test,7.53735,7.91139030456543,0.049624883809160414,3,60mm,1.509297
SubNetW8CleanAuxExDnRcK8QdEma,minbias,0,test,52.38609,53.21330642700195,0.015790777908989417,2,40mm,4.0608363
SubNetW8CleanAuxExDnRcK8QdEma,minbias,0,test,95.70065,96.61651611328125,0.009570081370086303,0,15mm,1.9495867
SubNetW8CleanAuxExDnRcK8QdEma,minbias,0,test,3.5828166,3.4730312824249268,-0.03064218200566937,4,120mm,0.74890953
SubNetW8CleanAuxExDnRcK8QdEma,minbias,0,test,50.005463,48.80133819580078,-0.024079858218615025,0,15mm,1.5743682
SubNetW8CleanAuxExDnRcK8QdEma,minbias,0,test,45.562687,48.47926330566406,0.06401238782533625,2,40mm,4.772037
SubNetW8CleanAuxExDnRcK8QdEma,minbias,0,test,48.579437,47.19160842895508,-0.028568235971834,2,40mm,3.5799942
SubNetW8CleanAuxExDnRcK8QdEma,minbias,0,test,30.37216,29.636638641357422,-0.024216957817560503,2,40mm,2.4345205
SubNetW8CleanAuxExDnRcK8QdEma,minbias,0,test,48.400337,48.476619720458984,0.0015760737549237458,2,40mm,4.8604474
SubNetW8CleanAuxExDnRcK8QdEma,minbias,0,test,13.682675,13.163154602050781,-0.03796923816809061,3,60mm,2.143175
SubNetW8CleanAuxExDnRcK8QdEma,minbias,0,test,18.886665,18.103342056274414,-0.04147493872987129,4,120mm,4.311203
SubNetW8CleanAuxExDnRcK8QdEma,minbias,0,test,5.982118,5.854589462280273,-0.02131831312660859,2,40mm,0.6439507
SubNetW8CleanAuxExDnRcK8QdEma,minbias,0,test,15.403772,15.383091926574707,-0.0013425560360044164,2,40mm,1.7028804
SubNetW8CleanAuxExDnRcK8QdEma,minbias,0,test,31.132397,30.47158432006836,-0.0212258755514374,3,60mm,4.0730214
SubNetW8CleanAuxExDnRcK8QdEma,minbias,0,test,14.7701025,17.002723693847656,0.15115813805582867,1,30mm,1.418806
SubNetW8CleanAuxExDnRcK8QdEma,minbias,0,test,9.849047,9.711682319641113,-0.01394697289966551,1,30mm,0.57989526
SubNetW8CleanAuxExDnRcK8QdEma,minbias,0,test,73.86887,72.95098876953125,-0.012425867377886757,1,30mm,3.6094258
SubNetW8CleanAuxExDnRcK8QdEma,minbias,0,test,72.89839,87.01435089111328,0.19363882842567892,1,30mm,3.522232
SubNetW8CleanAuxExDnRcK8QdEma,minbias,0,test,3.7671428,3.6456007957458496,-0.03226370335903672,4,120mm,0.80411047
SubNetW8CleanAuxExDnRcK8QdEma,minbias,0,test,33.552357,34.108943939208984,0.016588617720167287,1,30mm,2.9551928
SubNetW8CleanAuxExDnRcK8QdEma,minbias,0,test,21.956347,26.083213806152344,0.1879578322416231,2,40mm,2.1151466
SubNetW8CleanAuxExDnRcK8QdEma,minbias,0,test,42.47742,42.12515640258789,-0.008292980072833855,2,40mm,4.3738794
SubNetW8CleanAuxExDnRcK8QdEma,minbias,0,test,5.314736,5.466508388519287,0.028556922157916054,3,60mm,0.737199
SubNetW8CleanAuxExDnRcK8QdEma,minbias,0,test,19.563372,19.995262145996094,0.022076485342806818,2,40mm,1.8436921
SubNetW8CleanAuxExDnRcK8QdEma,minbias,0,test,11.043406,10.8726167678833,-0.01546522623350044,3,60mm,1.2410982
SubNetW8CleanAuxExDnRcK8QdEma,minbias,0,test,45.293518,42.394718170166016,-0.06400032543266376,0,15mm,1.5024499
SubNetW8CleanAuxExDnRcK8QdEma,minbias,0,test,32.574905,34.7542839050293,0.06690360211520452,2,40mm,3.5053263
SubNetW8CleanAuxExDnRcK8QdEma,minbias,0,test,39.57777,38.993980407714844,-0.014750447587125848,2,40mm,3.0987406
SubNetW8CleanAuxExDnRcK8QdEma,minbias,0,test,48.89009,50.29191207885742,0.028672909161217675,2,40mm,3.1854088
SubNetW8CleanAuxExDnRcK8QdEma,minbias,0,test,37.437878,37.97310256958008,0.014296347658449005,2,40mm,3.3727398
SubNetW8CleanAuxExDnRcK8QdEma,minbias,0,test,35.67717,34.94144821166992,-0.02062163541175266,3,60mm,4.7175093
SubNetW8CleanAuxExDnRcK8QdEma,minbias,0,test,20.704472,20.69915771484375,-0.00025665341268887865,3,60mm,3.475615
SubNetW8CleanAuxExDnRcK8QdEma,minbias,0,test,20.330536,19.46389389038086,-0.0426276022942369,3,60mm,3.040285
SubNetW8CleanAuxExDnRcK8QdEma,minbias,0,test,41.755825,40.39460372924805,-0.032599554962301935,3,60mm,4.845486
SubNetW8CleanAuxExDnRcK8QdEma,minbias,0,test,13.345775,13.09720516204834,-0.018625332364255454,3,60mm,3.1830373
SubNetW8CleanAuxExDnRcK8QdEma,minbias,0,test,18.703604,17.62973403930664,-0.05741512276828398,2,40mm,2.2902966
SubNetW8CleanAuxExDnRcK8QdEma,minbias,0,test,17.182524,16.421573638916016,-0.04428628183919103,4,120mm,3.8590221
SubNetW8CleanAuxExDnRcK8QdEma,minbias,0,test,18.17823,18.39169692993164,0.011742982728945028,2,40mm,1.8962083
SubNetW8CleanAuxExDnRcK8QdEma,minbias,0,test,17.867796,20.629350662231445,0.15455486097107873,3,60mm,2.418966
SubNetW8CleanAuxExDnRcK8QdEma,minbias,0,test,43.48306,41.95142364501953,-0.03522372441435406,2,40mm,4.7824397
SubNetW8CleanAuxExDnRcK8QdEma,minbias,0,test,26.13928,25.71580696105957,-0.016200651011918588,2,40mm,3.404167
SubNetW8CleanAuxExDnRcK8QdEma,minbias,0,test,19.406248,19.671180725097656,0.013651924430802875,2,40mm,2.245375
SubNetW8CleanAuxExDnRcK8QdEma,minbias,0,test,35.005466,34.09603500366211,-0.02597969830020752,3,60mm,4.729215
SubNetW8CleanAuxExDnRcK8QdEma,minbias,0,test,82.32842,78.21192932128906,-0.05000087573375134,0,15mm,3.5217705
SubNetW8CleanAuxExDnRcK8QdEma,minbias,0,test,52.35774,52.01549530029297,-0.006536630580665559,2,40mm,4.6895404
SubNetW8CleanAuxExDnRcK8QdEma,minbias,0,test,22.074596,21.885896682739258,-0.008548275077276069,1,30mm,1.4134893
SubNetW8CleanAuxExDnRcK8QdEma,minbias,0,test,37.178043,36.127601623535156,-0.028254357864317847,0,15mm,0.88551366
SubNetW8CleanAuxExDnRcK8QdEma,minbias,0,test,4.3178453,3.6393003463745117,-0.15714898149986667,2,40mm,0.62577283
SubNetW8CleanAuxExDnRcK8QdEma,minbias,0,test,89.21013,91.27743530273438,0.0231734506689929,1,30mm,4.7607656
SubNetW8CleanAuxExDnRcK8QdEma,minbias,0,test,74.4435,73.54762268066406,-0.012034281879563347,1,30mm,3.1483493
SubNetW8CleanAuxExDnRcK8QdEma,minbias,0,test,36.301453,36.23588943481445,-0.0018060765380496502,2,40mm,3.0986166
SubNetW8CleanAuxExDnRcK8QdEma,minbias,0,test,22.236546,22.315155029296875,0.003535147414463591,3,60mm,2.8630931
SubNetW8CleanAuxExDnRcK8QdEma,minbias,0,test,33.059853,34.038330078125,0.02959715186462919,2,40mm,4.5285025
SubNetW8CleanAuxExDnRcK8QdEma,minbias,0,test,53.313545,56.061519622802734,0.05154364400358169,2,40mm,3.0814798
SubNetW8CleanAuxExDnRcK8QdEma,minbias,0,test,82.16496,80.21154022216797,-0.0237743982418539,0,15mm,2.0450826
SubNetW8CleanAuxExDnRcK8QdEma,minbias,0,test,10.422361,10.245704650878906,-0.016949779103306417,4,120mm,2.357543
SubNetW8CleanAuxExDnRcK8QdEma,minbias,0,test,33.991486,33.66497802734375,-0.009605569237040035,3,60mm,4.9451704
SubNetW8CleanAuxExDnRcK8QdEma,minbias,0,test,85.533005,88.16230010986328,0.03074012606567389,0,15mm,2.5685692
SubNetW8CleanAuxExDnRcK8QdEma,minbias,0,test,22.115425,21.849468231201172,-0.012025854232550759,1,30mm,1.0139426
SubNetW8CleanAuxExDnRcK8QdEma,minbias,0,test,22.55347,21.70391082763672,-0.037668694036811945,1,30mm,1.3183057
SubNetW8CleanAuxExDnRcK8QdEma,minbias,0,test,5.549459,7.057131767272949,0.2716792379210313,3,60mm,0.9808026
SubNetW8CleanAuxExDnRcK8QdEma,minbias,0,test,37.597187,36.06467056274414,-0.040761466483398734,3,60mm,4.109527
SubNetW8CleanAuxExDnRcK8QdEma,minbias,0,test,11.4538765,12.021124839782715,0.049524573156617846,2,40mm,2.0469637
SubNetW8CleanAuxExDnRcK8QdEma,minbias,0,test,44.87956,44.38629913330078,-0.01099073711334908,1,30mm,2.9017637
SubNetW8CleanAuxExDnRcK8QdEma,minbias,0,test,7.5700254,7.4243879318237305,-0.019238708414364925,4,120mm,1.5945532
SubNetW8CleanAuxExDnRcK8QdEma,minbias,0,test,47.053535,48.66254425048828,0.03419527934051958,2,40mm,4.145093
SubNetW8CleanAuxExDnRcK8QdEma,minbias,0,test,28.982658,28.55069923400879,-0.014904055606814182,2,40mm,3.4019778
SubNetW8CleanAuxExDnRcK8QdEma,minbias,0,test,11.537158,11.914504051208496,0.0327070183500231,2,40mm,1.0409606
SubNetW8CleanAuxExDnRcK8QdEma,minbias,0,test,11.870306,11.998883247375488,0.01083183805019039,4,120mm,2.770622
SubNetW8CleanAuxExDnRcK8QdEma,minbias,0,test,38.496326,39.19321823120117,0.018102812631638265,3,60mm,4.491447
SubNetW8CleanAuxExDnRcK8QdEma,minbias,0,test,38.248924,39.27346420288086,0.026786111438569238,2,40mm,4.204448
SubNetW8CleanAuxExDnRcK8QdEma,minbias,0,test,7.9768405,7.852352619171143,-0.015606163487100866,3,60mm,1.1362116
SubNetW8CleanAuxExDnRcK8QdEma,minbias,0,test,19.428564,25.56612205505371,0.3159038393554079,2,40mm,1.9419363
SubNetW8CleanAuxExDnRcK8QdEma,minbias,0,test,13.666615,16.837718963623047,0.23203291668306525,3,60mm,2.4464335
SubNetW8CleanAuxExDnRcK8QdEma,minbias,0,test,48.343716,46.274169921875,-0.04280899217747314,2,40mm,4.6376214
SubNetW8CleanAuxExDnRcK8QdEma,minbias,0,test,45.303894,53.154937744140625,0.17329732613548643,1,30mm,3.108716
SubNetW8CleanAuxExDnRcK8QdEma,minbias,0,test,48.988766,49.15174102783203,0.003326789497458682,0,15mm,1.5841459
SubNetW8CleanAuxExDnRcK8QdEma,minbias,0,test,31.580404,32.09730529785156,0.016367777043825082,3,60mm,4.2546697
SubNetW8CleanAuxExDnRcK8QdEma,minbias,0,test,37.84694,37.0460090637207,-0.021162346084423245,1,30mm,2.0896437
SubNetW8CleanAuxExDnRcK8QdEma,minbias,0,test,76.863106,78.0989761352539,0.01607885016984789,0,15mm,2.6532464
SubNetW8CleanAuxExDnRcK8QdEma,minbias,0,test,15.298527,14.913902282714844,-0.025141275832413434,3,60mm,2.3884203
SubNetW8CleanAuxExDnRcK8QdEma,minbias,0,test,16.360506,15.676630020141602,-0.04180042079286128,3,60mm,2.8670304
SubNetW8CleanAuxExDnRcK8QdEma,minbias,0,test,61.04269,61.614410400390625,0.009365906395929269,1,30mm,2.7287502
SubNetW8CleanAuxExDnRcK8QdEma,minbias,0,test,18.964483,16.882410049438477,-0.10978802759892514,0,15mm,0.52928567
SubNetW8CleanAuxExDnRcK8QdEma,minbias,0,test,89.568954,86.5543441772461,-0.033656865913422984,0,15mm,2.001035
SubNetW8CleanAuxExDnRcK8QdEma,minbias,0,test,7.2839265,6.860417366027832,-0.05814297023711368,4,120mm,1.7212398
SubNetW8CleanAuxExDnRcK8QdEma,minbias,0,test,16.414566,14.865135192871094,-0.09439365277087042,0,15mm,0.58136106
SubNetW8CleanAuxExDnRcK8QdEma,minbias,0,test,44.038746,44.08219909667969,0.0009867042233904222,0,15mm,1.632142
SubNetW8CleanAuxExDnRcK8QdEma,minbias,0,test,30.418736,29.5645694732666,-0.02808026095520133,2,40mm,4.3718963
SubNetW8CleanAuxExDnRcK8QdEma,minbias,0,test,44.787754,49.313453674316406,0.10104770177877387,2,40mm,3.8621335
SubNetW8CleanAuxExDnRcK8QdEma,minbias,0,test,19.755732,19.447107315063477,-0.015622011581150397,3,60mm,4.7427707
SubNetW8CleanAuxExDnRcK8QdEma,minbias,0,test,20.748318,19.507490158081055,-0.059803767093757454,3,60mm,2.6734755
SubNetW8CleanAuxExDnRcK8QdEma,minbias,0,test,80.93575,78.87757873535156,-0.02542972741157934,0,15mm,3.746878
SubNetW8CleanAuxExDnRcK8QdEma,minbias,0,test,22.718191,23.139312744140625,0.018536757375087864,1,30mm,1.260171
SubNetW8CleanAuxExDnRcK8QdEma,minbias,0,test,29.39169,19.65776252746582,-0.3311795614583273,0,15mm,1.344934
SubNetW8CleanAuxExDnRcK8QdEma,minbias,0,test,14.611779,15.04726791381836,0.029803947522057284,2,40mm,1.4153425
SubNetW8CleanAuxExDnRcK8QdEma,minbias,0,test,4.5600247,4.59660005569458,0.008020859421116633,3,60mm,0.9176591
SubNetW8CleanAuxExDnRcK8QdEma,minbias,0,test,17.324247,17.755521774291992,0.024894265539786575,3,60mm,2.2712004
SubNetW8CleanAuxExDnRcK8QdEma,minbias,0,test,24.973682,24.368215560913086,-0.024244195664350654,2,40mm,2.7628446
SubNetW8CleanAuxExDnRcK8QdEma,minbias,0,test,13.065464,19.646760940551758,0.5037170444781116,1,30mm,0.60123223
SubNetW8CleanAuxExDnRcK8QdEma,minbias,0,test,23.995794,24.48337745666504,0.02031952576274132,3,60mm,4.3599463
SubNetW8CleanAuxExDnRcK8QdEma,minbias,0,test,52.38332,51.375125885009766,-0.019246469535004196,2,40mm,4.655212
SubNetW8CleanAuxExDnRcK8QdEma,minbias,0,test,6.646999,6.595944404602051,-0.007680831394097143,3,60mm,1.1401699
SubNetW8CleanAuxExDnRcK8QdEma,minbias,0,test,19.419567,19.13663101196289,-0.014569639715223182,3,60mm,4.3178267
SubNetW8CleanAuxExDnRcK8QdEma,minbias,0,test,32.900154,33.010501861572266,0.0033540191763585803,3,60mm,4.734007
SubNetW8CleanAuxExDnRcK8QdEma,minbias,0,test,10.741679,10.815024375915527,0.006828092984158429,3,60mm,1.526717
SubNetW8CleanAuxExDnRcK8QdEma,minbias,0,test,50.715355,48.40896224975586,-0.045477206525354474,2,40mm,4.6223345
SubNetW8CleanAuxExDnRcK8QdEma,minbias,0,test,9.140034,8.764822006225586,-0.04105145857375092,3,60mm,1.38865
SubNetW8CleanAuxExDnRcK8QdEma,minbias,0,test,38.999058,38.8147087097168,-0.004727013179315009,1,30mm,4.0017514
SubNetW8CleanAuxExDnRcK8QdEma,minbias,0,test,65.77035,64.53426361083984,-0.018793940272028187,0,15mm,3.1907556
SubNetW8CleanAuxExDnRcK8QdEma,minbias,0,test,3.1366415,3.144981861114502,0.002659009238958676,4,120mm,0.69527745
SubNetW8CleanAuxExDnRcK8QdEma,minbias,0,test,45.99666,43.79645919799805,-0.047833890706622806,2,40mm,4.7509766
SubNetW8CleanAuxExDnRcK8QdEma,minbias,0,test,98.15267,99.4700698852539,0.01342192776765172,0,15mm,2.9565294
SubNetW8CleanAuxExDnRcK8QdEma,minbias,0,test,23.377396,24.31561851501465,0.04013376425612303,3,60mm,4.7679644
SubNetW8CleanAuxExDnRcK8QdEma,minbias,0,test,18.072313,17.791927337646484,-0.01551466966512327,3,60mm,3.7774873
SubNetW8CleanAuxExDnRcK8QdEma,minbias,0,test,8.607974,10.565779685974121,0.22744093112042107,2,40mm,0.65903515
SubNetW8CleanAuxExDnRcK8QdEma,minbias,0,test,11.001243,11.536210060119629,0.04862790869235756,1,30mm,1.1298906
SubNetW8CleanAuxExDnRcK8QdEma,minbias,0,test,10.266435,9.753338813781738,-0.0499779984221288,1,30mm,0.74295425
SubNetW8CleanAuxExDnRcK8QdEma,minbias,0,test,69.16719,69.58638763427734,0.006060634806409393,2,40mm,4.816667
SubNetW8CleanAuxExDnRcK8QdEma,minbias,0,test,13.152213,12.712507247924805,-0.03343208062884062,3,60mm,2.2863202
SubNetW8CleanAuxExDnRcK8QdEma,minbias,0,test,13.2123785,12.059136390686035,-0.08728497378733913,4,120mm,2.896338
SubNetW8CleanAuxExDnRcK8QdEma,minbias,0,test,2.4211748,3.507451295852661,0.4486568037495877,2,40mm,0.54360145
SubNetW8CleanAuxExDnRcK8QdEma,minbias,0,test,74.68385,74.84516906738281,0.002159983867543902,1,30mm,3.3732862
SubNetW8CleanAuxExDnRcK8QdEma,minbias,0,test,14.722958,14.97412395477295,0.01705950328213124,3,60mm,2.2873867
SubNetW8CleanAuxExDnRcK8QdEma,minbias,0,test,3.2472205,3.4076220989227295,0.049396578371389444,3,60mm,0.6178847
SubNetW8CleanAuxExDnRcK8QdEma,minbias,0,test,10.210704,9.231637954711914,-0.09588622973336602,1,30mm,0.5253332
SubNetW8CleanAuxExDnRcK8QdEma,minbias,0,test,55.350647,57.25556945800781,0.03441554145324832,1,30mm,3.2951884
SubNetW8CleanAuxExDnRcK8QdEma,minbias,0,test,12.063077,16.143516540527344,0.33825860323298507,4,120mm,2.6056461
SubNetW8CleanAuxExDnRcK8QdEma,minbias,0,test,20.199219,19.895959854125977,-0.015013397281715357,2,40mm,2.035941
SubNetW8CleanAuxExDnRcK8QdEma,minbias,0,test,96.62686,95.0077896118164,-0.016755919980267042,0,15mm,2.5404258
SubNetW8CleanAuxExDnRcK8QdEma,minbias,0,test,60.981014,57.773460388183594,-0.05259922129674155,0,15mm,1.9335265
SubNetW8CleanAuxExDnRcK8QdEma,minbias,0,test,18.007338,17.78580093383789,-0.01230257585215,3,60mm,3.3489635
SubNetW8CleanAuxExDnRcK8QdEma,minbias,0,test,44.564537,45.08073425292969,0.011583138494851042,1,30mm,1.8610177
SubNetW8CleanAuxExDnRcK8QdEma,minbias,0,test,33.541695,32.09654998779297,-0.04308502205338627,3,60mm,3.9470894
SubNetW8CleanAuxExDnRcK8QdEma,minbias,0,test,60.607246,66.52605438232422,0.09765842098220356,1,30mm,2.7544785
SubNetW8CleanAuxExDnRcK8QdEma,minbias,0,test,29.215883,29.904247283935547,0.023561294482265627,3,60mm,3.247243
SubNetW8CleanAuxExDnRcK8QdEma,minbias,0,test,37.712055,36.71260070800781,-0.026502254857859953,1,30mm,2.437023
SubNetW8CleanAuxExDnRcK8QdEma,minbias,0,test,9.627976,9.4895658493042,-0.014375873208946621,3,60mm,1.8084223
SubNetW8CleanAuxExDnRcK8QdEma,minbias,0,test,75.13478,73.34960174560547,-0.023759690481359508,1,30mm,3.6452541
SubNetW8CleanAuxExDnRcK8QdEma,minbias,0,test,36.67631,35.51300048828125,-0.03171832055312429,1,30mm,1.971915
SubNetW8CleanAuxExDnRcK8QdEma,minbias,0,test,21.424917,21.36144256591797,-0.0029626557944851806,3,60mm,4.5346203
SubNetW8CleanAuxExDnRcK8QdEma,minbias,0,test,5.127752,5.21585750579834,0.017182126110376172,3,60mm,0.6101492
SubNetW8CleanAuxExDnRcK8QdEma,minbias,0,test,64.87311,63.59900665283203,-0.01963989853991177,1,30mm,2.9536862
SubNetW8CleanAuxExDnRcK8QdEma,minbias,0,test,29.334938,27.242202758789062,-0.07133934583427937,1,30mm,2.1045454
SubNetW8CleanAuxExDnRcK8QdEma,minbias,0,test,17.533695,17.39280128479004,-0.008035609971644875,4,120mm,3.5150015
SubNetW8CleanAuxExDnRcK8QdEma,minbias,0,test,8.594657,8.651928901672363,0.006663669971797015,2,40mm,1.0029995
SubNetW8CleanAuxExDnRcK8QdEma,minbias,0,test,24.95272,23.960573196411133,-0.03976109298499386,3,60mm,4.082021
SubNetW8CleanAuxExDnRcK8QdEma,minbias,0,test,12.627547,13.048416137695312,0.033329423742704645,3,60mm,2.2576811
SubNetW8CleanAuxExDnRcK8QdEma,minbias,0,test,39.09499,38.82124710083008,-0.007001988677971638,1,30mm,1.9240851
SubNetW8CleanAuxExDnRcK8QdEma,minbias,0,test,26.505133,25.762136459350586,-0.028032163616231398,3,60mm,4.2089686
SubNetW8CleanAuxExDnRcK8QdEma,minbias,0,test,92.49496,89.24015045166016,-0.035189015976328286,0,15mm,2.2453747
SubNetW8CleanAuxExDnRcK8QdEma,minbias,0,test,19.080627,17.691484451293945,-0.07280384224146474,2,40mm,4.208205
SubNetW8CleanAuxExDnRcK8QdEma,minbias,0,test,44.052883,42.81367874145508,-0.028129927445829428,2,40mm,2.829046
SubNetW8CleanAuxExDnRcK8QdEma,minbias,0,test,5.9179716,5.634165287017822,-0.04795668899061678,2,40mm,1.0648
SubNetW8CleanAuxExDnRcK8QdEma,minbias,0,test,28.901554,28.81243133544922,-0.0030836671233938073,3,60mm,3.3815079
SubNetW8CleanAuxExDnRcK8QdEma,minbias,0,test,51.25562,46.702999114990234,-0.08882187004166975,1,30mm,3.6732535
SubNetW8CleanAuxExDnRcK8QdEma,minbias,0,test,33.707794,33.392765045166016,-0.009345884293599949,3,60mm,4.7782173
SubNetW8CleanAuxExDnRcK8QdEma,minbias,0,test,7.5661974,6.651525020599365,-0.12088930897977035,2,40mm,0.50676215
SubNetW8CleanAuxExDnRcK8QdEma,minbias,0,test,30.621016,30.969547271728516,0.011382108554436554,3,60mm,4.3061953
SubNetW8CleanAuxExDnRcK8QdEma,minbias,0,test,23.448442,22.934099197387695,-0.02193507149209395,1,30mm,1.7429649
SubNetW8CleanAuxExDnRcK8QdEma,minbias,0,test,53.189064,53.2812385559082,0.0017329601811464368,2,40mm,4.685772
SubNetW8CleanAuxExDnRcK8QdEma,minbias,0,test,41.097927,40.324195861816406,-0.018826526942078203,1,30mm,2.0616484
SubNetW8CleanAuxExDnRcK8QdEma,minbias,0,test,9.129581,8.984132766723633,-0.015931583004807237,3,60mm,1.347702
SubNetW8CleanAuxExDnRcK8QdEma,minbias,0,test,28.465826,27.759029388427734,-0.024829655224492764,3,60mm,4.5024657
SubNetW8CleanAuxExDnRcK8QdEma,minbias,0,test,20.974234,20.59133529663086,-0.01825565298317955,3,60mm,3.1989505
SubNetW8CleanAuxExDnRcK8QdEma,minbias,0,test,13.286202,13.253582000732422,-0.002455210972643229,3,60mm,2.3899152
SubNetW8CleanAuxExDnRcK8QdEma,minbias,0,test,29.426401,28.52322006225586,-0.03069288261941394,2,40mm,2.937715
SubNetW8CleanAuxExDnRcK8QdEma,minbias,0,test,10.241571,9.871183395385742,-0.03616515626219263,2,40mm,0.94071674
SubNetW8CleanAuxExDnRcK8QdEma,minbias,0,test,16.958187,16.064180374145508,-0.05271829610569101,1,30mm,0.9708854
SubNetW8CleanAuxExDnRcK8QdEma,minbias,0,test,6.954321,6.7829718589782715,-0.024639220837137654,3,60mm,1.6406531
SubNetW8CleanAuxExDnRcK8QdEma,minbias,0,test,12.896333,15.713749885559082,0.21846653629411406,2,40mm,1.5225383
SubNetW8CleanAuxExDnRcK8QdEma,minbias,0,test,31.198751,31.613868713378906,0.013305572963865142,1,30mm,1.7008054
SubNetW8CleanAuxExDnRcK8QdEma,minbias,0,test,20.708977,19.58454132080078,-0.05429700552651873,2,40mm,2.673038
SubNetW8CleanAuxExDnRcK8QdEma,minbias,0,test,30.784153,33.503475189208984,0.08833513158372464,1,30mm,1.17952
SubNetW8CleanAuxExDnRcK8QdEma,minbias,0,test,49.57365,49.423892974853516,-0.0030209069569429037,2,40mm,3.9658716
SubNetW8CleanAuxExDnRcK8QdEma,minbias,0,test,29.457762,28.27787208557129,-0.0400536092452185,3,60mm,3.0845935
SubNetW8CleanAuxExDnRcK8QdEma,minbias,0,test,62.90038,63.64421081542969,0.01182555088232684,2,40mm,4.8721795
SubNetW8CleanAuxExDnRcK8QdEma,minbias,0,test,27.190647,26.54292106628418,-0.02382164925963104,1,30mm,1.8780909
SubNetW8CleanAuxExDnRcK8QdEma,minbias,0,test,78.07812,77.28455352783203,-0.010163716409896328,1,30mm,4.464876
SubNetW8CleanAuxExDnRcK8QdEma,minbias,0,test,38.358124,38.46228790283203,0.0027155687836686315,3,60mm,4.539386
SubNetW8CleanAuxExDnRcK8QdEma,minbias,0,test,25.333073,24.614770889282227,-0.028354309113822196,2,40mm,2.0465782
SubNetW8CleanAuxExDnRcK8QdEma,minbias,0,test,83.02936,80.17941284179688,-0.034324546643408005,0,15mm,2.8831637
SubNetW8CleanAuxExDnRcK8QdEma,minbias,0,test,25.031536,25.0448055267334,0.0005301082755868602,3,60mm,4.435534
SubNetW8CleanAuxExDnRcK8QdEma,minbias,0,test,25.715235,24.91217803955078,-0.031228830867153667,3,60mm,4.001489
SubNetW8CleanAuxExDnRcK8QdEma,minbias,0,test,21.283428,20.546281814575195,-0.034634757657873494,3,60mm,3.8430188
SubNetW8CleanAuxExDnRcK8QdEma,minbias,0,test,60.485615,62.097660064697266,0.026651713701507873,1,30mm,3.3204534
SubNetW8CleanAuxExDnRcK8QdEma,minbias,0,test,12.380884,11.997743606567383,-0.030946139119591876,3,60mm,2.4136546
SubNetW8CleanAuxExDnRcK8QdEma,minbias,0,test,56.0731,57.14916229248047,0.01919032885198657,1,30mm,2.5254796
SubNetW8CleanAuxExDnRcK8QdEma,minbias,0,test,15.651103,15.35848331451416,-0.018696427007835026,3,60mm,2.4931083
SubNetW8CleanAuxExDnRcK8QdEma,minbias,0,test,22.65003,22.144306182861328,-0.02232773864794335,2,40mm,2.9592764
SubNetW8CleanAuxExDnRcK8QdEma,minbias,0,test,67.240005,66.25611114501953,-0.014632573881103506,1,30mm,3.9260657
SubNetW8CleanAuxExDnRcK8QdEma,minbias,0,test,31.346611,32.873104095458984,0.04869722827109446,2,40mm,3.7406485
SubNetW8CleanAuxExDnRcK8QdEma,minbias,0,test,65.357994,63.313758850097656,-0.03127750871611534,1,30mm,3.9292243
SubNetW8CleanAuxExDnRcK8QdEma,minbias,0,test,2.3925319,2.660066843032837,0.11182085989784163,3,60mm,0.57041144
SubNetW8CleanAuxExDnRcK8QdEma,minbias,0,test,12.471427,12.913995742797852,0.03548661915561846,2,40mm,1.7749583
SubNetW8CleanAuxExDnRcK8QdEma,minbias,0,test,20.148142,19.232120513916016,-0.04546430898527365,1,30mm,1.0384803
SubNetW8CleanAuxExDnRcK8QdEma,minbias,0,test,62.788055,61.659942626953125,-0.01796699683441405,2,40mm,4.2749376
SubNetW8CleanAuxExDnRcK8QdEma,minbias,0,test,4.913679,5.268698215484619,0.07225117547938176,3,60mm,0.6087593
SubNetW8CleanAuxExDnRcK8QdEma,minbias,0,test,6.339928,6.524069786071777,0.029044751223187726,3,60mm,1.3188229
SubNetW8CleanAuxExDnRcK8QdEma,minbias,0,test,5.7767606,6.131205081939697,0.06135696624237652,3,60mm,1.0306892
SubNetW8CleanAuxExDnRcK8QdEma,minbias,0,test,8.114832,8.327421188354492,0.02619761763343309,3,60mm,1.1611677
SubNetW8CleanAuxExDnRcK8QdEma,minbias,0,test,8.8661995,8.719622611999512,-0.016532098281531793,1,30mm,0.62821627
SubNetW8CleanAuxExDnRcK8QdEma,minbias,0,test,34.439007,35.04816818237305,0.017688122668428896,2,40mm,2.8714495
SubNetW8CleanAuxExDnRcK8QdEma,minbias,0,test,34.345215,35.075279235839844,0.021256655269480618,3,60mm,4.9349174
SubNetW8CleanAuxExDnRcK8QdEma,minbias,0,test,42.30209,42.874263763427734,0.013525905609934163,1,30mm,2.3109932
SubNetW8CleanAuxExDnRcK8QdEma,minbias,0,test,27.620201,26.734188079833984,-0.03207844242155555,3,60mm,4.959936
SubNetW8CleanAuxExDnRcK8QdEma,minbias,0,test,39.80163,37.90523147583008,-0.04764620762720395,1,30mm,3.1488125
SubNetW8CleanAuxExDnRcK8QdEma,minbias,0,test,59.66887,60.876373291015625,0.020236754815738944,0,15mm,2.4660866
SubNetW8CleanAuxExDnRcK8QdEma,minbias,0,test,98.45486,102.13832092285156,0.0374127205838195,0,15mm,2.437078
SubNetW8CleanAuxExDnRcK8QdEma,minbias,0,test,27.87307,27.409114837646484,-0.0166452755106985,0,15mm,0.8197206
SubNetW8CleanAuxExDnRcK8QdEma,minbias,0,test,14.977689,16.54661750793457,0.1047510560962277,2,40mm,1.0265058
SubNetW8CleanAuxExDnRcK8QdEma,minbias,0,test,46.83283,40.99613952636719,-0.12462815464270627,0,15mm,1.5095333
SubNetW8CleanAuxExDnRcK8QdEma,minbias,0,test,21.884737,22.616090774536133,0.03341843949379042,1,30mm,1.0296897
SubNetW8CleanAuxExDnRcK8QdEma,minbias,0,test,8.70859,9.388279914855957,0.07804827140162884,3,60mm,1.4671777
SubNetW8CleanAuxExDnRcK8QdEma,minbias,0,test,82.524315,84.33116149902344,0.02189471819634714,0,15mm,4.1632776
SubNetW8CleanAuxExDnRcK8QdEma,minbias,0,test,27.261353,24.456260681152344,-0.10289628344341206,1,30mm,1.5267421
SubNetW8CleanAuxExDnRcK8QdEma,minbias,0,test,15.821607,15.606962203979492,-0.013566538279294216,2,40mm,1.1750296
SubNetW8CleanAuxExDnRcK8QdEma,minbias,0,test,32.349026,31.230777740478516,-0.03456821220213957,2,40mm,3.8837678
SubNetW8CleanAuxExDnRcK8QdEma,minbias,0,test,43.08083,44.77178955078125,0.03925086738860584,2,40mm,4.315503
SubNetW8CleanAuxExDnRcK8QdEma,minbias,0,test,55.24641,56.14822769165039,0.01632354601393482,2,40mm,4.9984145
SubNetW8CleanAuxExDnRcK8QdEma,minbias,0,test,20.45412,19.513072967529297,-0.04600773043263384,2,40mm,1.5838302
SubNetW8CleanAuxExDnRcK8QdEma,minbias,0,test,8.626812,8.454996109008789,-0.019916496681136597,2,40mm,0.7022233
SubNetW8CleanAuxExDnRcK8QdEma,minbias,0,test,52.090454,51.469505310058594,-0.011920587029117136,1,30mm,2.9118066
SubNetW8CleanAuxExDnRcK8QdEma,minbias,0,test,20.821442,35.11824417114258,0.6866384547625084,0,15mm,0.55774987
SubNetW8CleanAuxExDnRcK8QdEma,minbias,0,test,8.906082,8.947349548339844,0.004633619397295341,1,30mm,0.91385174
SubNetW8CleanAuxExDnRcK8QdEma,minbias,0,test,64.32811,64.00199127197266,-0.005069610634452659,1,30mm,3.6273444
SubNetW8CleanAuxExDnRcK8QdEma,minbias,0,test,6.0367384,6.7487006187438965,0.11793822696726175,3,60mm,0.96926105
SubNetW8CleanAuxExDnRcK8QdEma,minbias,0,test,7.8231564,9.17676067352295,0.1730253436048046,3,60mm,0.9409104
SubNetW8CleanAuxExDnRcK8QdEma,minbias,0,test,17.992676,17.085567474365234,-0.050415420024966795,2,40mm,3.732676
SubNetW8CleanAuxExDnRcK8QdEma,minbias,0,test,22.860521,26.486759185791016,0.15862446087967808,3,60mm,2.9676034
SubNetW8CleanAuxExDnRcK8QdEma,minbias,0,test,19.003166,18.358816146850586,-0.03390751020863725,4,120mm,4.3876987
SubNetW8CleanAuxExDnRcK8QdEma,minbias,0,test,46.15184,45.64226531982422,-0.011041269163233447,3,60mm,4.702798
SubNetW8CleanAuxExDnRcK8QdEma,minbias,0,test,31.825245,31.116661071777344,-0.02226483516259592,2,40mm,2.6639426
SubNetW8CleanAuxExDnRcK8QdEma,minbias,0,test,4.22993,4.4862565994262695,0.06059832669094556,2,40mm,0.564535
SubNetW8CleanAuxExDnRcK8QdEma,minbias,0,test,15.05388,14.315831184387207,-0.04902713229539912,3,60mm,3.5260665
SubNetW8CleanAuxExDnRcK8QdEma,minbias,0,test,20.486376,22.802982330322266,0.11308034877603168,2,40mm,1.8339666
SubNetW8CleanAuxExDnRcK8QdEma,minbias,0,test,12.117668,12.206676483154297,0.007345334942614246,1,30mm,0.50772345
SubNetW8CleanAuxExDnRcK8QdEma,minbias,0,test,57.68814,56.72370910644531,-0.016718024678296084,0,15mm,1.8695316
SubNetW8CleanAuxExDnRcK8QdEma,minbias,0,test,22.371563,21.906841278076172,-0.020772874946863085,3,60mm,2.2933497
SubNetW8CleanAuxExDnRcK8QdEma,minbias,0,test,67.16695,66.56045532226562,-0.0090296063953067,1,30mm,3.939947
SubNetW8CleanAuxExDnRcK8QdEma,minbias,0,test,48.647587,46.83538055419922,-0.037251719698293884,1,30mm,2.1318183
SubNetW8CleanAuxExDnRcK8QdEma,minbias,0,test,59.196175,63.360008239746094,0.07033957252781664,2,40mm,3.662366
SubNetW8CleanAuxExDnRcK8QdEma,minbias,0,test,17.989256,17.325023651123047,-0.03692383150979095,3,60mm,2.796025
SubNetW8CleanAuxExDnRcK8QdEma,minbias,0,test,71.44738,78.33565521240234,0.09641046515812324,0,15mm,1.9595835
SubNetW8CleanAuxExDnRcK8QdEma,minbias,0,test,55.84473,61.05970764160156,0.0933835158515457,1,30mm,3.3320873
SubNetW8CleanAuxExDnRcK8QdEma,minbias,0,test,4.4904118,4.691915988922119,0.04487433254228801,4,120mm,0.89484584
SubNetW8CleanAuxExDnRcK8QdEma,minbias,0,test,33.832302,38.57298278808594,0.1401229121647638,2,40mm,4.311705
SubNetW8CleanAuxExDnRcK8QdEma,minbias,0,test,22.630878,22.32424545288086,-0.013549319188092657,0,15mm,0.8234371
SubNetW8CleanAuxExDnRcK8QdEma,minbias,0,test,30.423248,29.303020477294922,-0.036821440071260314,2,40mm,3.3155289
SubNetW8CleanAuxExDnRcK8QdEma,minbias,0,test,19.59792,19.03843879699707,-0.028547962355841228,4,120mm,4.5033035
SubNetW8CleanAuxExDnRcK8QdEma,minbias,0,test,27.957272,28.2403507232666,0.010125421093759801,2,40mm,4.5546513
SubNetW8CleanAuxExDnRcK8QdEma,minbias,0,test,6.5066338,6.27311372756958,-0.03588953053776367,3,60mm,0.97762954
SubNetW8CleanAuxExDnRcK8QdEma,minbias,0,test,46.26406,45.82203674316406,-0.009554375937821158,2,40mm,4.708959
SubNetW8CleanAuxExDnRcK8QdEma,minbias,0,test,13.960759,14.029101371765137,0.004895307487568834,3,60mm,2.0215025
SubNetW8CleanAuxExDnRcK8QdEma,minbias,0,test,33.457386,33.22611618041992,-0.006912370150774394,3,60mm,3.5538278
SubNetW8CleanAuxExDnRcK8QdEma,minbias,0,test,19.345753,18.95672035217285,-0.02010944570632056,2,40mm,3.233995
SubNetW8CleanAuxExDnRcK8QdEma,minbias,0,test,30.168982,29.92654037475586,-0.008036107448615382,0,15mm,0.8566866
SubNetW8CleanAuxExDnRcK8QdEma,minbias,0,test,62.39653,61.8291130065918,-0.009093729144856288,0,15mm,1.5783817
SubNetW8CleanAuxExDnRcK8QdEma,minbias,0,test,53.94064,53.320899963378906,-0.011489287822002758,2,40mm,4.3267627
SubNetW8CleanAuxExDnRcK8QdEma,minbias,0,test,15.234241,15.232454299926758,-0.000117251135091756,3,60mm,2.2460582
SubNetW8CleanAuxExDnRcK8QdEma,minbias,0,test,43.781666,44.35922622680664,0.013191833024733368,1,30mm,4.3560824
SubNetW8CleanAuxExDnRcK8QdEma,minbias,0,test,26.184492,25.06022071838379,-0.04293653617750015,3,60mm,3.7561474
SubNetW8CleanAuxExDnRcK8QdEma,minbias,0,test,6.8666234,6.559009075164795,-0.044798485148246026,3,60mm,1.2733227
SubNetW8CleanAuxExDnRcK8QdEma,minbias,0,test,35.9387,36.8726692199707,0.02598779443834398,1,30mm,2.5296211
SubNetW8CleanAuxExDnRcK8QdEma,minbias,0,test,18.716358,16.915075302124023,-0.09624109909116307,1,30mm,1.3951422
SubNetW8CleanAuxExDnRcK8QdEma,minbias,0,test,20.911167,20.678054809570312,-0.011147743862939818,2,40mm,2.1376653
SubNetW8CleanAuxExDnRcK8QdEma,minbias,0,test,24.26987,24.41712760925293,0.006067475705341607,1,30mm,1.7636842
SubNetW8CleanAuxExDnRcK8QdEma,minbias,0,test,85.07067,87.4114990234375,0.027516274553080367,0,15mm,2.5898442
SubNetW8CleanAuxExDnRcK8QdEma,minbias,0,test,51.33538,51.09294509887695,-0.0047225802692999475,1,30mm,2.654464
SubNetW8CleanAuxExDnRcK8QdEma,minbias,0,test,37.30641,38.23486328125,0.024887184124751993,1,30mm,2.7705894
SubNetW8CleanAuxExDnRcK8QdEma,minbias,0,test,32.5102,31.915996551513672,-0.01827746183742196,2,40mm,2.6675835
SubNetW8CleanAuxExDnRcK8QdEma,minbias,0,test,86.09395,82.34889221191406,-0.04349964455688182,1,30mm,4.341985
SubNetW8CleanAuxExDnRcK8QdEma,minbias,0,test,4.632215,5.37514066696167,0.16038237435558678,4,120mm,1.0258589
SubNetW8CleanAuxExDnRcK8QdEma,minbias,0,test,58.229927,58.900634765625,0.011518264515619325,0,15mm,2.4937634
SubNetW8CleanAuxExDnRcK8QdEma,minbias,0,test,22.136034,21.95334243774414,-0.00825313034841546,2,40mm,4.1314797
SubNetW8CleanAuxExDnRcK8QdEma,minbias,0,test,17.470833,17.505538940429688,0.001986517533015153,3,60mm,3.1515186
SubNetW8CleanAuxExDnRcK8QdEma,minbias,0,test,27.989378,27.734798431396484,-0.009095577053929271,1,30mm,1.6203147
SubNetW8CleanAuxExDnRcK8QdEma,minbias,0,test,11.073169,10.422246932983398,-0.05878369923019078,3,60mm,1.5877063
SubNetW8CleanAuxExDnRcK8QdEma,minbias,0,test,7.229746,7.326893329620361,0.01343718943486949,3,60mm,1.6036309
SubNetW8CleanAuxExDnRcK8QdEma,minbias,0,test,15.647336,14.70614242553711,-0.060150403893457716,2,40mm,1.4589552
SubNetW8CleanAuxExDnRcK8QdEma,minbias,0,test,97.69048,103.7025375366211,0.061541864191825946,0,15mm,2.3017557
SubNetW8CleanAuxExDnRcK8QdEma,minbias,0,test,22.926382,24.2259464263916,0.056684232073688445,3,60mm,2.4298432
SubNetW8CleanAuxExDnRcK8QdEma,minbias,0,test,22.511368,22.080799102783203,-0.019126722948814012,3,60mm,4.377784
SubNetW8CleanAuxExDnRcK8QdEma,minbias,0,test,21.494911,21.08061981201172,-0.019273928517300254,3,60mm,3.3754876
SubNetW8CleanAuxExDnRcK8QdEma,minbias,0,test,79.17363,79.85578918457031,0.008615992798228111,1,30mm,4.18109
SubNetW8CleanAuxExDnRcK8QdEma,minbias,0,test,9.490736,9.438082695007324,-0.00554786400553553,4,120mm,2.2591228
SubNetW8CleanAuxExDnRcK8QdEma,minbias,0,test,21.687473,20.021785736083984,-0.07680413196203995,2,40mm,3.1601553
SubNetW8CleanAuxExDnRcK8QdEma,minbias,0,test,39.390594,39.73493194580078,0.008741616314843048,2,40mm,4.742627
SubNetW8CleanAuxExDnRcK8QdEma,minbias,0,test,30.78085,31.437572479248047,0.021335441810431677,3,60mm,4.19085
SubNetW8CleanAuxExDnRcK8QdEma,minbias,0,test,7.268721,9.016615867614746,0.24046799141384656,2,40mm,0.55921376
SubNetW8CleanAuxExDnRcK8QdEma,minbias,0,test,47.6461,47.69607162475586,0.0010488273989583963,2,40mm,4.6069217
SubNetW8CleanAuxExDnRcK8QdEma,minbias,0,test,23.205027,23.018342971801758,-0.00804496619587003,3,60mm,2.5587485
SubNetW8CleanAuxExDnRcK8QdEma,minbias,0,test,28.781343,29.010231018066406,0.007952636342387631,3,60mm,4.3890433
SubNetW8CleanAuxExDnRcK8QdEma,minbias,0,test,18.017578,16.475175857543945,-0.0856054158197832,3,60mm,4.2332897
SubNetW8CleanAuxExDnRcK8QdEma,minbias,0,test,7.78645,7.2791266441345215,-0.06515463028608148,3,60mm,1.8012761
SubNetW8CleanAuxExDnRcK8QdEma,minbias,0,test,21.985119,20.373329162597656,-0.07331275819773753,3,60mm,3.3267386
SubNetW8CleanAuxExDnRcK8QdEma,minbias,0,test,15.170907,15.21849250793457,0.003136627711263884,3,60mm,1.8492241
SubNetW8CleanAuxExDnRcK8QdEma,minbias,0,test,52.579308,52.74222946166992,0.0030985935929943587,2,40mm,3.804187
SubNetW8CleanAuxExDnRcK8QdEma,minbias,0,test,33.72028,33.231353759765625,-0.014499462586920253,2,40mm,4.5511556
SubNetW8CleanAuxExDnRcK8QdEma,minbias,0,test,11.99134,11.286263465881348,-0.05879878614560674,2,40mm,1.5688684
SubNetW8CleanAuxExDnRcK8QdEma,minbias,0,test,53.842926,54.719764709472656,0.01628512320575859,1,30mm,3.8622208
SubNetW8CleanAuxExDnRcK8QdEma,minbias,0,test,28.846523,29.127288818359375,0.009733080505896385,1,30mm,2.4517202
SubNetW8CleanAuxExDnRcK8QdEma,minbias,0,test,6.7752852,7.334426403045654,0.08252658580740402,3,60mm,1.0922602
SubNetW8CleanAuxExDnRcK8QdEma,minbias,0,test,34.17494,33.18927001953125,-0.028841842421184594,3,60mm,4.5517926
SubNetW8CleanAuxExDnRcK8QdEma,minbias,0,test,11.718795,12.045707702636719,0.027896459054884692,3,60mm,1.6627915
SubNetW8CleanAuxExDnRcK8QdEma,minbias,0,test,22.033663,21.68172264099121,-0.015972839299912556,3,60mm,3.3326592
SubNetW8CleanAuxExDnRcK8QdEma,minbias,0,test,55.55963,53.76887130737305,-0.03223131609851382,1,30mm,4.757691
SubNetW8CleanAuxExDnRcK8QdEma,minbias,0,test,9.674493,9.75502872467041,0.008324559233968687,3,60mm,1.7668773
SubNetW8CleanAuxExDnRcK8QdEma,minbias,0,test,10.403412,10.429559707641602,0.0025133910630421585,4,120mm,2.1586719
SubNetW8CleanAuxExDnRcK8QdEma,minbias,0,test,25.870113,25.407991409301758,-0.017863159578836885,3,60mm,4.784385
SubNetW8CleanAuxExDnRcK8QdEma,minbias,0,test,34.085823,33.90760803222656,-0.005228420817257717,0,15mm,0.9254072
SubNetW8CleanAuxExDnRcK8QdEma,minbias,0,test,27.430794,26.99422836303711,-0.01591515735761917,3,60mm,4.247362
SubNetW8CleanAuxExDnRcK8QdEma,minbias,0,test,23.359829,23.227048873901367,-0.005684120177561036,3,60mm,3.2413044
SubNetW8CleanAuxExDnRcK8QdEma,minbias,0,test,32.586594,31.444791793823242,-0.03503900552305095,3,60mm,4.1990633
SubNetW8CleanAuxExDnRcK8QdEma,minbias,0,test,17.440453,17.991168975830078,0.031576955801842166,3,60mm,3.0984764
SubNetW8CleanAuxExDnRcK8QdEma,minbias,0,test,15.509147,15.796098709106445,0.01850211520121814,3,60mm,3.5864055
SubNetW8CleanAuxExDnRcK8QdEma,minbias,0,test,52.13245,33.58346176147461,-0.35580503708087585,1,30mm,3.5208464
SubNetW8CleanAuxExDnRcK8QdEma,minbias,0,test,7.219912,7.333914756774902,0.015790040626096236,3,60mm,0.99806076
SubNetW8CleanAuxExDnRcK8QdEma,minbias,0,test,3.963811,3.856900930404663,-0.026971516161869658,3,60mm,0.58821946
SubNetW8CleanAuxExDnRcK8QdEma,minbias,0,test,6.634076,6.610407829284668,-0.003567684295734508,3,60mm,1.3020076
SubNetW8CleanAuxExDnRcK8QdEma,minbias,0,test,45.964333,48.04669189453125,0.04530380834563141,0,15mm,1.5077579
SubNetW8CleanAuxExDnRcK8QdEma,minbias,0,test,16.790932,17.073009490966797,0.01679941258284967,3,60mm,2.2913907
SubNetW8CleanAuxExDnRcK8QdEma,minbias,0,test,19.39362,19.179645538330078,-0.011033216291126524,2,40mm,2.4131155
SubNetW8CleanAuxExDnRcK8QdEma,minbias,0,test,77.20096,74.2300796508789,-0.03848240576727635,1,30mm,4.8313193
SubNetW8CleanAuxExDnRcK8QdEma,minbias,0,test,41.4066,37.36125946044922,-0.09769798531336149,0,15mm,1.6537758
SubNetW8CleanAuxExDnRcK8QdEma,minbias,0,test,48.597668,49.861698150634766,0.026010105351139012,2,40mm,4.961327
SubNetW8CleanAuxExDnRcK8QdEma,minbias,0,test,23.28311,24.243532180786133,0.04124975270448106,4,120mm,4.9792504
SubNetW8CleanAuxExDnRcK8QdEma,minbias,0,test,42.05073,46.10634994506836,0.09644584353554331,1,30mm,2.6810362
SubNetW8CleanAuxExDnRcK8QdEma,minbias,0,test,26.878817,28.831871032714844,0.07266147378546828,1,30mm,1.7907375
SubNetW8CleanAuxExDnRcK8QdEma,minbias,0,test,64.2592,66.3626937866211,0.032734498755844665,0,15mm,1.5336802
SubNetW8CleanAuxExDnRcK8QdEma,minbias,0,test,46.878277,46.26695251464844,-0.013040673670354552,2,40mm,4.045944
SubNetW8CleanAuxExDnRcK8QdEma,minbias,0,test,5.930195,5.73140811920166,-0.03352111362342525,3,60mm,0.88362455
SubNetW8CleanAuxExDnRcK8QdEma,minbias,0,test,18.958426,17.546598434448242,-0.07446963809178875,2,40mm,2.5882888
SubNetW8CleanAuxExDnRcK8QdEma,minbias,0,test,26.77458,26.049320220947266,-0.027087624935076104,2,40mm,2.3100412
SubNetW8CleanAuxExDnRcK8QdEma,minbias,0,test,23.491222,24.084640502929688,0.02526127043107418,3,60mm,4.1846924
SubNetW8CleanAuxExDnRcK8QdEma,minbias,0,test,25.839998,25.091615676879883,-0.02896217566490189,1,30mm,1.0429327
SubNetW8CleanAuxExDnRcK8QdEma,minbias,0,test,14.533793,13.81750202178955,-0.04928454708717389,2,40mm,0.8806197
SubNetW8CleanAuxExDnRcK8QdEma,minbias,0,test,50.691048,51.70606231689453,0.020023548439483285,2,40mm,4.90439
SubNetW8CleanAuxExDnRcK8QdEma,minbias,0,test,23.319921,21.753826141357422,-0.06715697360333472,0,15mm,0.52281916
SubNetW8CleanAuxExDnRcK8QdEma,minbias,0,test,33.487206,33.70577621459961,0.006526991605598775,1,30mm,2.3790576
SubNetW8CleanAuxExDnRcK8QdEma,minbias,0,test,54.273827,51.089378356933594,-0.0586737372639774,2,40mm,4.427807
SubNetW8CleanAuxExDnRcK8QdEma,minbias,0,test,14.525536,14.540457725524902,0.0010273040841097814,2,40mm,1.695312
SubNetW8CleanAuxExDnRcK8QdEma,minbias,0,test,83.30022,82.78934478759766,-0.006132899860289975,1,30mm,4.446466
SubNetW8CleanAuxExDnRcK8QdEma,minbias,0,test,59.844048,59.72056579589844,-0.0020633923598259996,1,30mm,3.6858695
SubNetW8CleanAuxExDnRcK8QdEma,minbias,0,test,11.414299,13.446843147277832,0.1780699922130613,3,60mm,2.2606807
SubNetW8CleanAuxExDnRcK8QdEma,minbias,0,test,11.872205,11.493163108825684,-0.031926813827621414,2,40mm,0.9335083
SubNetW8CleanAuxExDnRcK8QdEma,minbias,0,test,13.398307,12.701031684875488,-0.05204203558893239,3,60mm,2.1265187
SubNetW8CleanAuxExDnRcK8QdEma,minbias,0,test,20.37542,20.753984451293945,0.018579486543897517,2,40mm,1.6890635
SubNetW8CleanAuxExDnRcK8QdEma,minbias,0,test,10.174036,10.364013671875,0.01867279075762185,3,60mm,1.7416079
SubNetW8CleanAuxExDnRcK8QdEma,minbias,0,test,16.183777,16.1751766204834,-0.0005314108728856626,3,60mm,1.5751287
SubNetW8CleanAuxExDnRcK8QdEma,minbias,0,test,21.443651,22.868558883666992,0.06644893031882426,2,40mm,1.8717649
SubNetW8CleanAuxExDnRcK8QdEma,minbias,0,test,25.07871,27.006574630737305,0.07687253578687159,2,40mm,1.5781635
SubNetW8CleanAuxExDnRcK8QdEma,minbias,0,test,5.8742123,5.317831039428711,-0.09471588708150813,3,60mm,0.93914604
SubNetW8CleanAuxExDnRcK8QdEma,minbias,0,test,80.97226,82.5839614868164,0.01990437187817884,1,30mm,4.7859955
SubNetW8CleanAuxExDnRcK8QdEma,minbias,0,test,7.6131797,8.622374534606934,0.1325589166224843,3,60mm,1.2551894
SubNetW8CleanAuxExDnRcK8QdEma,minbias,0,test,42.07802,41.31736755371094,-0.018077149721227537,3,60mm,4.4090858
SubNetW8CleanAuxExDnRcK8QdEma,minbias,0,test,44.929707,45.602352142333984,0.014971065251616622,1,30mm,2.7666059
SubNetW8CleanAuxExDnRcK8QdEma,minbias,0,test,12.206248,11.662814140319824,-0.0445209806035215,3,60mm,2.1866314
SubNetW8CleanAuxExDnRcK8QdEma,minbias,0,test,29.397182,28.31507110595703,-0.03681003647018444,1,30mm,2.974842
SubNetW8CleanAuxExDnRcK8QdEma,minbias,0,test,63.88311,63.753108978271484,-0.002034983394215484,1,30mm,3.4565456
SubNetW8CleanAuxExDnRcK8QdEma,minbias,0,test,22.070744,21.031267166137695,-0.04709747960190902,3,60mm,2.1799526
SubNetW8CleanAuxExDnRcK8QdEma,minbias,0,test,22.269732,20.907655715942383,-0.061162650494576254,1,30mm,0.8580886
SubNetW8CleanAuxExDnRcK8QdEma,minbias,0,test,13.70755,14.492018699645996,0.05722894667708589,1,30mm,0.7893948
SubNetW8CleanAuxExDnRcK8QdEma,minbias,0,test,5.016962,5.099518299102783,0.01645542598598726,3,60mm,0.8103007
SubNetW8CleanAuxExDnRcK8QdEma,minbias,0,test,35.436234,34.93681716918945,-0.014093381313489028,1,30mm,2.6534715
SubNetW8CleanAuxExDnRcK8QdEma,minbias,0,test,83.45389,82.26823425292969,-0.014207291185566406,1,30mm,4.773467
SubNetW8CleanAuxExDnRcK8QdEma,minbias,0,test,24.866528,24.863338470458984,-0.00012824818047896258,2,40mm,4.364495
SubNetW8CleanAuxExDnRcK8QdEma,minbias,0,test,77.43883,75.85517883300781,-0.020450318431552428,2,40mm,4.985949
SubNetW8CleanAuxExDnRcK8QdEma,minbias,0,test,13.522268,14.04859447479248,0.0389229209191031,4,120mm,3.2306342
SubNetW8CleanAuxExDnRcK8QdEma,minbias,0,test,79.809715,82.66879272460938,0.03582367690330934,0,15mm,2.204849
SubNetW8CleanAuxExDnRcK8QdEma,minbias,0,test,13.544196,13.467416763305664,-0.005668801958355618,2,40mm,1.489147
SubNetW8CleanAuxExDnRcK8QdEma,minbias,0,test,7.907315,7.750260353088379,-0.01986191630252021,3,60mm,1.3766963
SubNetW8CleanAuxExDnRcK8QdEma,minbias,0,test,29.934359,29.93324851989746,-3.7083704356177805e-05,3,60mm,4.189142
SubNetW8CleanAuxExDnRcK8QdEma,minbias,0,test,22.690123,23.664705276489258,0.0429518468944472,1,30mm,2.172123
SubNetW8CleanAuxExDnRcK8QdEma,minbias,0,test,33.391552,32.39672088623047,-0.02979289749862768,0,15mm,1.1621971
SubNetW8CleanAuxExDnRcK8QdEma,minbias,0,test,14.95627,14.398568153381348,-0.03728884650979747,3,60mm,2.5079646
SubNetW8CleanAuxExDnRcK8QdEma,minbias,0,test,22.624966,22.373889923095703,-0.011097287320399163,3,60mm,3.1430209
SubNetW8CleanAuxExDnRcK8QdEma,minbias,0,test,48.792187,54.830875396728516,0.1237634355723849,1,30mm,1.9813714
SubNetW8CleanAuxExDnRcK8QdEma,minbias,0,test,63.050034,66.2911605834961,0.05140563502786866,1,30mm,4.670453
SubNetW8CleanAuxExDnRcK8QdEma,minbias,0,test,21.208197,21.389585494995117,0.008552771273264925,3,60mm,3.963415
SubNetW8CleanAuxExDnRcK8QdEma,minbias,0,test,12.860871,19.497121810913086,0.5160031799843403,0,15mm,0.6514005
SubNetW8CleanAuxExDnRcK8QdEma,minbias,0,test,29.521557,32.59370422363281,0.10406454458185843,0,15mm,1.1427959
SubNetW8CleanAuxExDnRcK8QdEma,minbias,0,test,83.621864,82.05388641357422,-0.01875081257809308,0,15mm,4.630455
SubNetW8CleanAuxExDnRcK8QdEma,minbias,0,test,24.74557,26.57073402404785,0.07375723621558983,3,60mm,3.6858912
SubNetW8CleanAuxExDnRcK8QdEma,minbias,0,test,18.470959,17.996984481811523,-0.025660510391154467,3,60mm,4.3904495
SubNetW8CleanAuxExDnRcK8QdEma,minbias,0,test,21.404383,20.110122680664062,-0.060467056808905295,3,60mm,4.4411974
SubNetW8CleanAuxExDnRcK8QdEma,minbias,0,test,35.10036,34.544551849365234,-0.015834852041803904,3,60mm,4.666335
SubNetW8CleanAuxExDnRcK8QdEma,minbias,0,test,62.10872,61.295650482177734,-0.0130910507358446,1,30mm,3.7876184
SubNetW8CleanAuxExDnRcK8QdEma,minbias,0,test,4.571067,4.285090446472168,-0.06256228991984536,3,60mm,1.0328631
SubNetW8CleanAuxExDnRcK8QdEma,minbias,0,test,58.44453,58.22444534301758,-0.0037657098484467078,0,15mm,1.3240997
SubNetW8CleanAuxExDnRcK8QdEma,minbias,0,test,26.179163,26.620460510253906,0.01685682355390039,2,40mm,1.8684692
SubNetW8CleanAuxExDnRcK8QdEma,minbias,0,test,16.618244,16.146127700805664,-0.028409527834278636,2,40mm,1.9384773
SubNetW8CleanAuxExDnRcK8QdEma,minbias,0,test,13.466849,13.167675018310547,-0.02221561268789818,3,60mm,1.6517122
SubNetW8CleanAuxExDnRcK8QdEma,minbias,0,test,8.137443,8.499114990234375,0.04444546274596628,3,60mm,1.053838
SubNetW8CleanAuxExDnRcK8QdEma,minbias,0,test,88.726944,87.0390396118164,-0.019023582717850207,0,15mm,2.1628103
SubNetW8CleanAuxExDnRcK8QdEma,minbias,0,test,62.898834,61.90853500366211,-0.015744317633228144,1,30mm,3.4121828
SubNetW8CleanAuxExDnRcK8QdEma,minbias,0,test,35.162586,35.37455749511719,0.006028318897820073,2,40mm,3.3765318
SubNetW8CleanAuxExDnRcK8QdEma,minbias,0,test,41.08091,40.846710205078125,-0.005700933242976158,1,30mm,2.0573316
SubNetW8CleanAuxExDnRcK8QdEma,minbias,0,test,72.471466,73.93669891357422,0.020218065518613493,1,30mm,4.523786
SubNetW8CleanAuxExDnRcK8QdEma,minbias,0,test,15.6925745,15.254438400268555,-0.02791996308445588,2,40mm,2.1308224
SubNetW8CleanAuxExDnRcK8QdEma,minbias,0,test,18.92819,18.465988159179688,-0.02441871444099719,3,60mm,2.9182768
SubNetW8CleanAuxExDnRcK8QdEma,minbias,0,test,24.335835,24.25397491455078,-0.003363746930986511,3,60mm,3.8093262
SubNetW8CleanAuxExDnRcK8QdEma,minbias,0,test,12.323004,12.936797142028809,0.0498087466836552,3,60mm,1.8009677
SubNetW8CleanAuxExDnRcK8QdEma,minbias,0,test,38.35015,39.79425811767578,0.03765583747842238,0,15mm,0.91663074
SubNetW8CleanAuxExDnRcK8QdEma,minbias,0,test,77.93217,76.63023376464844,-0.01670598082669872,1,30mm,4.979095
SubNetW8CleanAuxExDnRcK8QdEma,minbias,0,test,70.40341,69.87616729736328,-0.007488906487661984,0,15mm,2.091901
SubNetW8CleanAuxExDnRcK8QdEma,minbias,0,test,47.555252,48.02545928955078,0.009887597979965967,0,15mm,1.6544412
SubNetW8CleanAuxExDnRcK8QdEma,minbias,0,test,4.287642,4.27560567855835,-0.002807212808684123,3,60mm,0.8490074
SubNetW8CleanAuxExDnRcK8QdEma,minbias,0,test,28.210789,27.943756103515625,-0.00946562061333911,0,15mm,0.8267496
SubNetW8CleanAuxExDnRcK8QdEma,minbias,0,test,17.791553,17.38482093811035,-0.02286099183331547,3,60mm,3.2534583
SubNetW8CleanAuxExDnRcK8QdEma,minbias,0,test,7.0586815,6.70584774017334,-0.04998578678776544,3,60mm,0.9428799
SubNetW8CleanAuxExDnRcK8QdEma,minbias,0,test,16.99005,16.831653594970703,-0.009322855033280786,3,60mm,3.2303734
SubNetW8CleanAuxExDnRcK8QdEma,minbias,0,test,18.98802,17.983779907226562,-0.052888086225568176,0,15mm,0.66649145
SubNetW8CleanAuxExDnRcK8QdEma,minbias,0,test,43.231747,41.739707946777344,-0.034512571006489634,2,40mm,3.2521186
SubNetW8CleanAuxExDnRcK8QdEma,minbias,0,test,22.073418,21.605377197265625,-0.021203806018719074,3,60mm,3.0628119
SubNetW8CleanAuxExDnRcK8QdEma,minbias,0,test,3.9534297,3.5741875171661377,-0.09592738727066386,3,60mm,0.7765352
SubNetW8CleanAuxExDnRcK8QdEma,minbias,0,test,17.227976,16.502897262573242,-0.0420872764898802,2,40mm,1.5965506
SubNetW8CleanAuxExDnRcK8QdEma,minbias,0,test,70.7914,69.70753479003906,-0.015310650010723403,1,30mm,4.106989
SubNetW8CleanAuxExDnRcK8QdEma,minbias,0,test,24.165314,23.703289031982422,-0.019119333357748736,3,60mm,3.9035466
SubNetW8CleanAuxExDnRcK8QdEma,minbias,0,test,73.08486,75.9052505493164,0.03859060174986295,0,15mm,3.446559
SubNetW8CleanAuxExDnRcK8QdEma,minbias,0,test,6.2516003,6.205641269683838,-0.007351557020159993,3,60mm,0.9285848
SubNetW8CleanAuxExDnRcK8QdEma,minbias,0,test,56.625492,55.04206466674805,-0.02796315529613813,0,15mm,1.5115417
SubNetW8CleanAuxExDnRcK8QdEma,minbias,0,test,15.956015,15.544930458068848,-0.02576358724659611,3,60mm,3.7418902
SubNetW8CleanAuxExDnRcK8QdEma,minbias,0,test,17.943928,17.85489845275879,-0.004961528674227944,2,40mm,2.734425
SubNetW8CleanAuxExDnRcK8QdEma,minbias,0,test,8.581889,8.941240310668945,0.041873199683112095,3,60mm,1.2108642
SubNetW8CleanAuxExDnRcK8QdEma,minbias,0,test,26.080334,29.745769500732422,0.1405440525344961,2,40mm,1.7414328
SubNetW8CleanAuxExDnRcK8QdEma,minbias,0,test,36.803032,36.61737060546875,-0.005044728823281552,2,40mm,3.4281635
SubNetW8CleanAuxExDnRcK8QdEma,minbias,0,test,35.038025,34.18998718261719,-0.02420335398728013,1,30mm,2.5151203
SubNetW8CleanAuxExDnRcK8QdEma,minbias,0,test,12.306649,11.663310050964355,-0.05227573697986676,3,60mm,1.8921446
SubNetW8CleanAuxExDnRcK8QdEma,minbias,0,test,20.205973,20.386022567749023,0.008910726504847366,2,40mm,2.5389135
SubNetW8CleanAuxExDnRcK8QdEma,minbias,0,test,19.922235,20.040586471557617,0.0059406477115486744,4,120mm,4.4458175
SubNetW8CleanAuxExDnRcK8QdEma,minbias,0,test,9.61213,9.65087890625,0.004031233502287845,3,60mm,1.2879394
SubNetW8CleanAuxExDnRcK8QdEma,minbias,0,test,28.442076,28.31406021118164,-0.004500920376085071,3,60mm,4.105255
SubNetW8CleanAuxExDnRcK8QdEma,minbias,0,test,58.235817,59.612186431884766,0.02363441518075593,2,40mm,4.613433
SubNetW8CleanAuxExDnRcK8QdEma,minbias,0,test,4.0088444,4.627194881439209,0.15424657280059995,2,40mm,0.6769319
SubNetW8CleanAuxExDnRcK8QdEma,minbias,0,test,31.125977,32.50676345825195,0.044361239332664004,2,40mm,2.632163
SubNetW8CleanAuxExDnRcK8QdEma,minbias,0,test,31.387642,31.34804344177246,-0.0012615941357900784,2,40mm,3.794179
SubNetW8CleanAuxExDnRcK8QdEma,minbias,0,test,7.6086497,7.6710968017578125,0.008207378876125437,2,40mm,1.0596985
SubNetW8CleanAuxExDnRcK8QdEma,minbias,0,test,85.52125,85.11181640625,-0.004787482266064846,1,30mm,4.71402
SubNetW8CleanAuxExDnRcK8QdEma,minbias,0,test,42.938747,43.96242904663086,0.0238405100862773,2,40mm,4.167307
SubNetW8CleanAuxExDnRcK8QdEma,minbias,0,test,32.998096,33.41814422607422,0.012729454271453111,3,60mm,4.4638944
SubNetW8CleanAuxExDnRcK8QdEma,minbias,0,test,8.519831,10.23399543762207,0.20119704175989983,3,60mm,1.6447663
SubNetW8CleanAuxExDnRcK8QdEma,minbias,0,test,62.209023,62.756805419921875,0.008805521703153962,2,40mm,4.3397713
SubNetW8CleanAuxExDnRcK8QdEma,minbias,0,test,24.98508,24.734195709228516,-0.010041392805062999,3,60mm,4.646602
SubNetW8CleanAuxExDnRcK8QdEma,minbias,0,test,78.52096,77.498779296875,-0.0130179085511819,1,30mm,3.1689034
SubNetW8CleanAuxExDnRcK8QdEma,minbias,0,test,74.8512,77.31256866455078,0.03288354091206358,0,15mm,2.2490656
SubNetW8CleanAuxExDnRcK8QdEma,minbias,0,test,32.00504,30.4243106842041,-0.04938998887833257,1,30mm,1.892012
SubNetW8CleanAuxExDnRcK8QdEma,minbias,0,test,15.986314,14.840743064880371,-0.07165946871253814,2,40mm,1.0466278
SubNetW8CleanAuxExDnRcK8QdEma,minbias,0,test,4.5961304,6.152637481689453,0.33865599644104494,2,40mm,0.5399821
SubNetW8CleanAuxExDnRcK8QdEma,minbias,0,test,33.63686,33.69675064086914,0.0017805094547886924,2,40mm,2.4585598
SubNetW8CleanAuxExDnRcK8QdEma,minbias,0,test,16.875362,16.668798446655273,-0.012240563771891644,4,120mm,4.011672
SubNetW8CleanAuxExDnRcK8QdEma,minbias,0,test,17.063454,18.415382385253906,0.07922948875070923,2,40mm,1.7648418
SubNetW8CleanAuxExDnRcK8QdEma,minbias,0,test,28.544947,28.724821090698242,0.0063014453045626695,2,40mm,1.7126147
SubNetW8CleanAuxExDnRcK8QdEma,minbias,0,test,20.458742,20.245868682861328,-0.010405012067099206,3,60mm,3.2609031
SubNetW8CleanAuxExDnRcK8QdEma,minbias,0,test,11.775677,11.988414764404297,0.01806588632110362,3,60mm,1.9907267
SubNetW8CleanAuxExDnRcK8QdEma,minbias,0,test,5.02515,4.858177661895752,-0.03322729993054996,2,40mm,0.7047966
SubNetW8CleanAuxExDnRcK8QdEma,minbias,0,test,14.925614,14.378332138061523,-0.03666731605433926,2,40mm,1.3117046
SubNetW8CleanAuxExDnRcK8QdEma,minbias,0,test,34.452896,34.89385223388672,0.012798811287454415,3,60mm,3.474303
SubNetW8CleanAuxExDnRcK8QdEma,minbias,0,test,16.871647,16.498851776123047,-0.022095952316190548,2,40mm,1.5559803
SubNetW8CleanAuxExDnRcK8QdEma,minbias,0,test,14.999871,15.307961463928223,0.020539523622874478,3,60mm,2.2765007
SubNetW8CleanAuxExDnRcK8QdEma,minbias,0,test,18.61058,20.5194091796875,0.10256685658251508,2,40mm,3.2807863
SubNetW8CleanAuxExDnRcK8QdEma,minbias,0,test,25.121212,30.08138656616211,0.1974496516902986,2,40mm,1.8321633
SubNetW8CleanAuxExDnRcK8QdEma,minbias,0,test,69.23444,65.15277862548828,-0.0589542548913754,0,15mm,1.8080267
SubNetW8CleanAuxExDnRcK8QdEma,minbias,0,test,35.312935,33.43707275390625,-0.05312110500575018,2,40mm,3.4308772
SubNetW8CleanAuxExDnRcK8QdEma,minbias,0,test,26.198235,25.93582534790039,-0.010016293640820573,1,30mm,1.3760706
SubNetW8CleanAuxExDnRcK8QdEma,minbias,0,test,56.912647,59.60519790649414,0.04731023400614598,2,40mm,4.0641937
SubNetW8CleanAuxExDnRcK8QdEma,minbias,0,test,36.874786,38.260501861572266,0.03757894270772555,1,30mm,2.026731
SubNetW8CleanAuxExDnRcK8QdEma,minbias,0,test,35.306816,36.54566955566406,0.03508822350458707,2,40mm,3.6572695
SubNetW8CleanAuxExDnRcK8QdEma,minbias,0,test,26.114414,25.48067855834961,-0.02426765737567771,3,60mm,3.294143
SubNetW8CleanAuxExDnRcK8QdEma,minbias,0,test,25.503916,25.38682746887207,-0.004590993745829275,1,30mm,1.1274468
SubNetW8CleanAuxExDnRcK8QdEma,minbias,0,test,66.79039,70.82721710205078,0.060440238281540104,1,30mm,4.64885
SubNetW8CleanAuxExDnRcK8QdEma,minbias,0,test,57.70557,56.41972351074219,-0.02228288716811455,1,30mm,4.1089845
SubNetW8CleanAuxExDnRcK8QdEma,minbias,0,test,71.310616,73.365234375,0.028812243729822606,1,30mm,3.8711946
SubNetW8CleanAuxExDnRcK8QdEma,minbias,0,test,32.40833,32.07388687133789,-0.01031963538041647,3,60mm,3.4550343
SubNetW8CleanAuxExDnRcK8QdEma,minbias,0,test,65.13674,64.8938217163086,-0.0037293839968900455,1,30mm,2.8797734
SubNetW8CleanAuxExDnRcK8QdEma,minbias,0,test,32.303513,32.878902435302734,0.017811990592538685,2,40mm,4.3715577
SubNetW8CleanAuxExDnRcK8QdEma,minbias,0,test,45.385696,43.474056243896484,-0.042119881777718304,2,40mm,3.495472
SubNetW8CleanAuxExDnRcK8QdEma,minbias,0,test,41.38983,42.64935302734375,0.030430698493358888,2,40mm,4.7132688
SubNetW8CleanAuxExDnRcK8QdEma,minbias,0,test,22.02845,24.316293716430664,0.1038585875518172,3,60mm,3.726225
SubNetW8CleanAuxExDnRcK8QdEma,minbias,0,test,53.85884,52.9238166809082,-0.017360645812539488,1,30mm,2.3459184
SubNetW8CleanAuxExDnRcK8QdEma,minbias,0,test,23.052877,30.39944076538086,0.3186831389169946,3,60mm,3.0841966
SubNetW8CleanAuxExDnRcK8QdEma,minbias,0,test,8.791916,8.795622825622559,0.0004216296098316086,2,40mm,1.1636043
SubNetW8CleanAuxExDnRcK8QdEma,minbias,0,test,88.09493,85.06422424316406,-0.03440275422262784,1,30mm,4.730929
SubNetW8CleanAuxExDnRcK8QdEma,minbias,0,test,13.857815,14.409173011779785,0.03978680848053395,2,40mm,1.2672518
SubNetW8CleanAuxExDnRcK8QdEma,minbias,0,test,66.71855,72.2657470703125,0.08314322326503554,1,30mm,4.9904046
SubNetW8CleanAuxExDnRcK8QdEma,minbias,0,test,22.36635,22.17529296875,-0.00854217177654304,2,40mm,3.1481123
SubNetW8CleanAuxExDnRcK8QdEma,minbias,0,test,6.4979143,5.648838520050049,-0.13066897363594376,3,60mm,1.3882543
SubNetW8CleanAuxExDnRcK8QdEma,minbias,0,test,10.311672,10.270662307739258,-0.003977037100885927,3,60mm,1.8807993
SubNetW8CleanAuxExDnRcK8QdEma,minbias,0,test,26.025093,26.251434326171875,0.00869703892604301,1,30mm,1.2086265
SubNetW8CleanAuxExDnRcK8QdEma,minbias,0,test,39.044827,38.77678298950195,-0.006865020081839757,1,30mm,2.7927861
SubNetW8CleanAuxExDnRcK8QdEma,minbias,0,test,25.900805,25.203445434570312,-0.026924224865442214,2,40mm,3.970359
SubNetW8CleanAuxExDnRcK8QdEma,minbias,0,test,42.24485,41.928924560546875,-0.007478440495297445,3,60mm,4.682151
SubNetW8CleanAuxExDnRcK8QdEma,minbias,0,test,3.368755,3.841148853302002,0.14022798832775174,3,60mm,0.52692026
SubNetW8CleanAuxExDnRcK8QdEma,minbias,0,test,25.21355,24.919086456298828,-0.011678803845508567,2,40mm,3.4526842
SubNetW8CleanAuxExDnRcK8QdEma,minbias,0,test,6.746396,6.666290283203125,-0.011873862842656235,3,60mm,1.1880941
SubNetW8CleanAuxExDnRcK8QdEma,minbias,0,test,83.93849,81.43045806884766,-0.029879423587705012,1,30mm,4.587787
SubNetW8CleanAuxExDnRcK8QdEma,minbias,0,test,18.245129,18.882526397705078,0.03493523005420829,2,40mm,1.2610693
SubNetW8CleanAuxExDnRcK8QdEma,minbias,0,test,8.477286,8.436739921569824,-0.004782947704705998,2,40mm,0.740941
SubNetW8CleanAuxExDnRcK8QdEma,minbias,0,test,11.400406,11.3370943069458,-0.00555344936738511,3,60mm,1.8559916
SubNetW8CleanAuxExDnRcK8QdEma,minbias,0,test,24.0985,23.325809478759766,-0.03206381483667731,2,40mm,2.3663867
SubNetW8CleanAuxExDnRcK8QdEma,minbias,0,test,38.82404,38.31092834472656,-0.013216324773232424,2,40mm,3.1769273
SubNetW8CleanAuxExDnRcK8QdEma,minbias,0,test,63.22505,71.04949188232422,0.1237553749628637,1,30mm,3.994193
SubNetW8CleanAuxExDnRcK8QdEma,minbias,0,test,14.470947,14.508249282836914,0.0025777177213908153,3,60mm,1.6000632
SubNetW8CleanAuxExDnRcK8QdEma,minbias,0,test,14.397149,14.584301948547363,0.012999300169145078,3,60mm,1.7653913
SubNetW8CleanAuxExDnRcK8QdEma,minbias,0,test,32.41433,32.71987533569336,0.009426257193233312,0,15mm,1.8268188
SubNetW8CleanAuxExDnRcK8QdEma,minbias,0,test,8.040497,7.609763145446777,-0.053570530532772054,2,40mm,0.82621586
SubNetW8CleanAuxExDnRcK8QdEma,minbias,0,test,75.46529,77.17201232910156,0.02261604187724542,0,15mm,1.877645
SubNetW8CleanAuxExDnRcK8QdEma,minbias,0,test,9.550111,9.403908729553223,-0.015308941456760095,3,60mm,1.2536509
SubNetW8CleanAuxExDnRcK8QdEma,minbias,0,test,13.916704,13.990978240966797,0.005337044041543448,2,40mm,1.6502887
SubNetW8CleanAuxExDnRcK8QdEma,minbias,0,test,14.763553,14.424459457397461,-0.022968266242620605,3,60mm,1.8261912
SubNetW8CleanAuxExDnRcK8QdEma,minbias,0,test,29.91658,28.97726058959961,-0.03139796073982981,3,60mm,4.6805606
SubNetW8CleanAuxExDnRcK8QdEma,minbias,0,test,19.089773,18.977798461914062,-0.005865691286210728,3,60mm,3.0395405
SubNetW8CleanAuxExDnRcK8QdEma,minbias,0,test,31.499678,30.975021362304688,-0.01665592586284037,3,60mm,3.868372
SubNetW8CleanAuxExDnRcK8QdEma,minbias,0,test,10.114775,9.89553165435791,-0.021675524768270393,2,40mm,1.6751318
SubNetW8CleanAuxExDnRcK8QdEma,minbias,0,test,17.64052,17.4257869720459,-0.01217272068016384,3,60mm,2.5747614
SubNetW8CleanAuxExDnRcK8QdEma,minbias,0,test,23.246153,24.387216567993164,0.04908613034524456,3,60mm,2.8004925
SubNetW8CleanAuxExDnRcK8QdEma,minbias,0,test,7.3275657,7.392800331115723,0.008902637525209034,2,40mm,0.7824339
SubNetW8CleanAuxExDnRcK8QdEma,minbias,0,test,10.682729,10.488558769226074,-0.01817606740719424,3,60mm,1.6599097
SubNetW8CleanAuxExDnRcK8QdEma,minbias,0,test,13.791637,14.887863159179688,0.07948481424574627,2,40mm,1.2536162
SubNetW8CleanAuxExDnRcK8QdEma,minbias,0,test,13.503513,13.111104965209961,-0.02905972402902368,2,40mm,1.6397841
SubNetW8CleanAuxExDnRcK8QdEma,minbias,0,test,16.671156,14.939961433410645,-0.1038436988694108,2,40mm,1.9572442
SubNetW8CleanAuxExDnRcK8QdEma,minbias,0,test,41.677856,39.991817474365234,-0.040454071172292605,3,60mm,4.6617117
SubNetW8CleanAuxExDnRcK8QdEma,minbias,0,test,9.006092,9.476883888244629,0.05227481719840754,3,60mm,1.2704012
SubNetW8CleanAuxExDnRcK8QdEma,minbias,0,test,8.165282,7.903778076171875,-0.03202634829878681,3,60mm,1.1437106
SubNetW8CleanAuxExDnRcK8QdEma,minbias,0,test,23.00523,22.66112518310547,-0.014957675606560694,3,60mm,3.536143
SubNetW8CleanAuxExDnRcK8QdEma,minbias,0,test,4.893778,4.757776737213135,-0.027790617866361833,3,60mm,0.8700885
SubNetW8CleanAuxExDnRcK8QdEma,minbias,0,test,19.145378,18.767780303955078,-0.019722661344859005,4,120mm,4.28281
SubNetW8CleanAuxExDnRcK8QdEma,minbias,0,test,8.976408,9.356986999511719,0.04239769343696631,4,120mm,2.157374
SubNetW8CleanAuxExDnRcK8QdEma,minbias,0,test,5.591566,5.609640121459961,0.003232374502445845,2,40mm,0.5313475
SubNetW8CleanAuxExDnRcK8QdEma,minbias,0,test,33.24752,32.387027740478516,-0.02588140994382737,2,40mm,4.9165435
SubNetW8CleanAuxExDnRcK8QdEma,minbias,0,test,14.265072,14.931909561157227,0.04674618525509944,3,60mm,2.339307
SubNetW8CleanAuxExDnRcK8QdEma,minbias,0,test,48.3776,48.36003494262695,-0.0003631159941516193,2,40mm,4.5344214
SubNetW8CleanAuxExDnRcK8QdEma,minbias,0,test,18.491035,20.802532196044922,0.12500634371942887,3,60mm,2.3086412
SubNetW8CleanAuxExDnRcK8QdEma,minbias,0,test,7.3957005,6.793196678161621,-0.08146676305236622,3,60mm,1.3582678
SubNetW8CleanAuxExDnRcK8QdEma,minbias,0,test,7.195211,7.174468517303467,-0.0028828086588438273,4,120mm,1.6358039
SubNetW8CleanAuxExDnRcK8QdEma,minbias,0,test,56.945217,56.22428894042969,-0.012660030612586026,1,30mm,3.083089
SubNetW8CleanAuxExDnRcK8QdEma,minbias,0,test,28.906406,28.836992263793945,-0.0024013409978118627,3,60mm,3.960538
SubNetW8CleanAuxExDnRcK8QdEma,minbias,0,test,5.113404,5.289738655090332,0.03448482946701126,3,60mm,0.9263927
SubNetW8CleanAuxExDnRcK8QdEma,minbias,0,test,58.403435,67.8775405883789,0.16221829888877348,0,15mm,1.513709
SubNetW8CleanAuxExDnRcK8QdEma,minbias,0,test,24.233335,24.251089096069336,0.0007326107080012356,3,60mm,2.3819733
SubNetW8CleanAuxExDnRcK8QdEma,minbias,0,test,5.0822864,5.1843061447143555,0.020073600669223257,3,60mm,0.6686117
SubNetW8CleanAuxExDnRcK8QdEma,minbias,0,test,30.325172,28.874309539794922,-0.04784351641008644,3,60mm,3.5250466
SubNetW8CleanAuxExDnRcK8QdEma,minbias,0,test,4.9674716,5.207439422607422,0.04830783995804011,3,60mm,1.1087906
SubNetW8CleanAuxExDnRcK8QdEma,minbias,0,test,55.73207,66.07393646240234,0.18556399158155723,0,15mm,2.074047
SubNetW8CleanAuxExDnRcK8QdEma,minbias,0,test,2.8795102,2.938819169998169,0.020596907930182207,3,60mm,0.6244677
SubNetW8CleanAuxExDnRcK8QdEma,minbias,0,test,7.0231805,6.851489543914795,-0.024446323318788266,3,60mm,1.6740887
SubNetW8CleanAuxExDnRcK8QdEma,minbias,0,test,28.375408,28.213977813720703,-0.005689093806324763,2,40mm,2.4823554
SubNetW8CleanAuxExDnRcK8QdEma,minbias,0,test,12.225752,12.211244583129883,-0.0011866177104955522,2,40mm,2.2365315
SubNetW8CleanAuxExDnRcK8QdEma,minbias,0,test,24.61259,26.57444190979004,0.0797092486829365,2,40mm,2.7383366
SubNetW8CleanAuxExDnRcK8QdEma,minbias,0,test,8.12199,7.937071800231934,-0.02276762209558736,3,60mm,1.5642072
SubNetW8CleanAuxExDnRcK8QdEma,minbias,0,test,17.085701,16.796432495117188,-0.016930443406593665,3,60mm,2.655444
SubNetW8CleanAuxExDnRcK8QdEma,minbias,0,test,97.50975,94.62001037597656,-0.029635395223365557,1,30mm,4.298283
SubNetW8CleanAuxExDnRcK8QdEma,minbias,0,test,4.774625,8.040397644042969,0.6839852217801574,3,60mm,0.53152966
SubNetW8CleanAuxExDnRcK8QdEma,minbias,0,test,10.349139,10.112593650817871,-0.022856544671286283,2,40mm,0.85702807
SubNetW8CleanAuxExDnRcK8QdEma,minbias,0,test,3.302183,3.3318088054656982,0.00897160860595747,3,60mm,0.6444936
SubNetW8CleanAuxExDnRcK8QdEma,minbias,0,test,17.03923,16.599857330322266,-0.025785966115719483,2,40mm,1.7467527
SubNetW8CleanAuxExDnRcK8QdEma,minbias,0,test,35.468487,34.952239990234375,-0.0145550837499977,2,40mm,4.7844334
SubNetW8CleanAuxExDnRcK8QdEma,minbias,0,test,12.712543,11.531710624694824,-0.09288715503080369,3,60mm,1.4262046
SubNetW8CleanAuxExDnRcK8QdEma,minbias,0,test,16.296043,14.946904182434082,-0.08278937290345534,2,40mm,2.790735
SubNetW8CleanAuxExDnRcK8QdEma,minbias,0,test,56.632927,49.096412658691406,-0.1330765455595999,1,30mm,3.79981
SubNetW8CleanAuxExDnRcK8QdEma,minbias,0,test,65.790726,63.836090087890625,-0.02970989602382934,1,30mm,4.0680504
SubNetW8CleanAuxExDnRcK8QdEma,minbias,0,test,20.29826,20.72907829284668,0.02122440856316965,1,30mm,1.606798
SubNetW8CleanAuxExDnRcK8QdEma,minbias,0,test,63.531704,61.39492416381836,-0.03363328310653213,2,40mm,3.6759138
SubNetW8CleanAuxExDnRcK8QdEma,minbias,0,test,17.283503,22.622766494750977,0.30892256310273325,2,40mm,1.6404238
SubNetW8CleanAuxExDnRcK8QdEma,minbias,0,test,76.18954,75.3538818359375,-0.01096810985834118,1,30mm,4.524106
SubNetW8CleanAuxExDnRcK8QdEma,minbias,0,test,30.702658,30.148517608642578,-0.01804860336080527,3,60mm,4.5921593
SubNetW8CleanAuxExDnRcK8QdEma,minbias,0,test,37.72903,37.21299362182617,-0.013677451526671325,2,40mm,4.6905346
SubNetW8CleanAuxExDnRcK8QdEma,minbias,0,test,21.898283,20.789981842041016,-0.05061132703777638,1,30mm,1.0756782
SubNetW8CleanAuxExDnRcK8QdEma,minbias,0,test,13.122797,12.870352745056152,-0.01923707781471995,3,60mm,2.3762622
SubNetW8CleanAuxExDnRcK8QdEma,minbias,0,test,7.7874093,7.398519039154053,-0.04993833650687596,3,60mm,1.587566
SubNetW8CleanAuxExDnRcK8QdEma,minbias,0,test,3.8170934,3.9578120708465576,0.036865406416594526,3,60mm,0.6283625
SubNetW8CleanAuxExDnRcK8QdEma,minbias,0,test,9.844377,13.582491874694824,0.37972087783893493,3,60mm,2.0268757
SubNetW8CleanAuxExDnRcK8QdEma,minbias,0,test,16.388582,16.63666534423828,0.015137558035724252,2,40mm,1.092669
SubNetW8CleanAuxExDnRcK8QdEma,minbias,0,test,23.212923,22.857892990112305,-0.015294500354429696,3,60mm,3.1626556
SubNetW8CleanAuxExDnRcK8QdEma,minbias,0,test,11.669084,11.95486068725586,0.024490105812222884,1,30mm,0.6910017
SubNetW8CleanAuxExDnRcK8QdEma,minbias,0,test,24.010405,24.147748947143555,0.005720201833963046,3,60mm,3.1755204
SubNetW8CleanAuxExDnRcK8QdEma,minbias,0,test,92.46547,92.25201416015625,-0.0023084855532765625,1,30mm,3.8138123
SubNetW8CleanAuxExDnRcK8QdEma,minbias,0,test,12.530178,12.387153625488281,-0.011414398405217407,3,60mm,2.2502193
SubNetW8CleanAuxExDnRcK8QdEma,minbias,0,test,38.791462,40.91073226928711,0.054632391213683906,1,30mm,1.8207197
SubNetW8CleanAuxExDnRcK8QdEma,minbias,0,test,10.666724,10.689059257507324,0.002093899876002059,3,60mm,1.7711145
SubNetW8CleanAuxExDnRcK8QdEma,minbias,0,test,27.527264,34.390811920166016,0.2493363804056674,2,40mm,3.19087
SubNetW8CleanAuxExDnRcK8QdEma,minbias,0,test,26.168627,25.922163009643555,-0.009418292280182539,3,60mm,4.0569572
SubNetW8CleanAuxExDnRcK8QdEma,minbias,0,test,13.605225,13.260114669799805,-0.025365986191612677,2,40mm,2.6056173
SubNetW8CleanAuxExDnRcK8QdEma,minbias,0,test,8.559242,7.696937561035156,-0.10074544713903577,4,120mm,2.0505335
SubNetW8CleanAuxExDnRcK8QdEma,minbias,0,test,8.764928,8.564127922058105,-0.022909480275317695,3,60mm,2.050181
SubNetW8CleanAuxExDnRcK8QdEma,minbias,0,test,21.614754,21.066255569458008,-0.02537610008015989,3,60mm,3.5264065
SubNetW8CleanAuxExDnRcK8QdEma,minbias,0,test,32.486656,32.0823974609375,-0.012443839269757229,3,60mm,4.852346
SubNetW8CleanAuxExDnRcK8QdEma,minbias,0,test,64.28203,61.29430389404297,-0.04647837642871566,0,15mm,1.5969862
SubNetW8CleanAuxExDnRcK8QdEma,minbias,0,test,23.84045,22.669700622558594,-0.04910769931856773,1,30mm,1.3818532
SubNetW8CleanAuxExDnRcK8QdEma,minbias,0,test,50.24575,50.3487434387207,0.0020497855161649703,1,30mm,3.3150444
SubNetW8CleanAuxExDnRcK8QdEma,minbias,0,test,11.647187,11.77735710144043,0.011176077611318114,2,40mm,0.9094424
SubNetW8CleanAuxExDnRcK8QdEma,minbias,0,test,41.041172,41.19331741333008,0.0037071403721100626,2,40mm,4.2860136
SubNetW8CleanAuxExDnRcK8QdEma,minbias,0,test,35.137512,34.13737487792969,-0.0284635213560005,3,60mm,4.740938
SubNetW8CleanAuxExDnRcK8QdEma,minbias,0,test,16.071558,15.791278839111328,-0.017439451705261955,2,40mm,1.8653225
SubNetW8CleanAuxExDnRcK8QdEma,minbias,0,test,17.130697,25.87091064453125,0.5102076854448057,3,60mm,2.0691638
SubNetW8CleanAuxExDnRcK8QdEma,minbias,0,test,5.516766,5.687658786773682,0.030976973329091217,3,60mm,1.103691
SubNetW8CleanAuxExDnRcK8QdEma,minbias,0,test,88.51817,87.8963394165039,-0.007024928087249305,1,30mm,4.7673745
SubNetW8CleanAuxExDnRcK8QdEma,minbias,0,test,66.860466,66.9103012084961,0.0007453613182351049,1,30mm,4.5160003
SubNetW8CleanAuxExDnRcK8QdEma,minbias,0,test,15.69966,15.627639770507812,-0.00458739420592047,3,60mm,2.494191
SubNetW8CleanAuxExDnRcK8QdEma,minbias,0,test,20.207806,9.015104293823242,-0.5538800967652725,4,120mm,4.4914
SubNetW8CleanAuxExDnRcK8QdEma,minbias,0,test,11.905199,11.842589378356934,-0.005259019381253949,3,60mm,1.8582243
SubNetW8CleanAuxExDnRcK8QdEma,minbias,0,test,13.189448,13.085659980773926,-0.007869046001634517,3,60mm,2.5798168
SubNetW8CleanAuxExDnRcK8QdEma,minbias,0,test,11.942391,11.686017036437988,-0.02146758975141161,3,60mm,1.8247484
SubNetW8CleanAuxExDnRcK8QdEma,minbias,0,test,18.469973,18.727506637573242,0.013943389767322678,4,120mm,4.0482845
SubNetW8CleanAuxExDnRcK8QdEma,minbias,0,test,18.0434,17.724029541015625,-0.017700116004988664,3,60mm,2.281697
SubNetW8CleanAuxExDnRcK8QdEma,minbias,0,test,30.767916,29.874332427978516,-0.029042698429613267,3,60mm,4.5490565
SubNetW8CleanAuxExDnRcK8QdEma,minbias,0,test,7.0010095,7.139530658721924,0.01978588875862508,3,60mm,1.2516419
SubNetW8CleanAuxExDnRcK8QdEma,minbias,0,test,8.340893,8.607996940612793,0.03202344827270798,4,120mm,1.8518977
SubNetW8CleanAuxExDnRcK8QdEma,minbias,0,test,56.446667,54.89760971069336,-0.027442842897840825,1,30mm,4.9724274
SubNetW8CleanAuxExDnRcK8QdEma,minbias,0,test,51.26729,53.097686767578125,0.035703050103680134,2,40mm,3.7506547
SubNetW8CleanAuxExDnRcK8QdEma,minbias,0,test,16.807796,16.255762100219727,-0.03284394707928595,3,60mm,3.122065
SubNetW8CleanAuxExDnRcK8QdEma,minbias,0,test,37.784447,36.44392776489258,-0.03547806221646799,2,40mm,3.8870142
SubNetW8CleanAuxExDnRcK8QdEma,minbias,0,test,66.8249,67.87767028808594,0.01575419577381698,0,15mm,1.5934119
SubNetW8CleanAuxExDnRcK8QdEma,minbias,0,test,42.09713,43.398189544677734,0.030906138456673116,1,30mm,4.0031304
SubNetW8CleanAuxExDnRcK8QdEma,minbias,0,test,18.640497,19.477643966674805,0.04491010887252611,2,40mm,2.1046767
SubNetW8CleanAuxExDnRcK8QdEma,minbias,0,test,9.126409,9.261800765991211,0.014835210135956789,3,60mm,2.0033286
SubNetW8CleanAuxExDnRcK8QdEma,minbias,0,test,28.234692,29.09658432006836,0.030526017843547804,2,40mm,4.410954
SubNetW8CleanAuxExDnRcK8QdEma,minbias,0,test,20.01076,20.23330307006836,0.011121202973749744,2,40mm,2.1889484
SubNetW8CleanAuxExDnRcK8QdEma,minbias,0,test,35.998344,32.08137893676758,-0.10880960076297452,1,30mm,1.7036022
SubNetW8CleanAuxExDnRcK8QdEma,minbias,0,test,7.300065,7.796159744262695,0.06795757310599693,2,40mm,0.79880536
SubNetW8CleanAuxExDnRcK8QdEma,minbias,0,test,80.287445,81.9310531616211,0.020471545605446728,1,30mm,4.5450926
SubNetW8CleanAuxExDnRcK8QdEma,minbias,0,test,28.283453,27.973657608032227,-0.010953237561683649,3,60mm,3.5311518
SubNetW8CleanAuxExDnRcK8QdEma,minbias,0,test,14.585771,14.210057258605957,-0.02575889601667658,2,40mm,2.1581726
SubNetW8CleanAuxExDnRcK8QdEma,minbias,0,test,11.235664,10.602243423461914,-0.05637592255213453,2,40mm,2.509219
SubNetW8CleanAuxExDnRcK8QdEma,minbias,0,test,27.311792,26.84490394592285,-0.017094756043352866,1,30mm,2.3124871
SubNetW8CleanAuxExDnRcK8QdEma,minbias,0,test,45.61931,45.120628356933594,-0.010931338756607234,2,40mm,4.3925633
SubNetW8CleanAuxExDnRcK8QdEma,minbias,0,test,85.77332,85.7020492553711,-0.0008309553736404185,0,15mm,2.3040497
SubNetW8CleanAuxExDnRcK8QdEma,minbias,0,test,2.7556849,2.8472766876220703,0.03323741281066739,3,60mm,0.516593
SubNetW8CleanAuxExDnRcK8QdEma,minbias,0,test,14.245147,13.076201438903809,-0.08205919762706582,2,40mm,2.6879742
SubNetW8CleanAuxExDnRcK8QdEma,minbias,0,test,41.022602,41.0288200378418,0.00015157391846187807,2,40mm,2.9666104
SubNetW8CleanAuxExDnRcK8QdEma,minbias,0,test,17.734982,19.187480926513672,0.0819002481975617,2,40mm,3.8765812
SubNetW8CleanAuxExDnRcK8QdEma,minbias,0,test,18.647959,18.867431640625,0.01176927126499483,3,60mm,4.379792
SubNetW8CleanAuxExDnRcK8QdEma,minbias,0,test,50.047955,47.82230758666992,-0.044470288391466606,2,40mm,3.3515236
SubNetW8CleanAuxExDnRcK8QdEma,minbias,0,test,43.33134,45.17347717285156,0.04251279442270306,0,15mm,1.7946771
SubNetW8CleanAuxExDnRcK8QdEma,minbias,0,test,16.75928,16.370485305786133,-0.023198727074555614,4,120mm,4.03319
SubNetW8CleanAuxExDnRcK8QdEma,minbias,0,test,62.723846,61.32350540161133,-0.02232549681682061,2,40mm,4.0152802
SubNetW8CleanAuxExDnRcK8QdEma,minbias,0,test,94.16403,86.26958465576172,-0.08383718454339184,0,15mm,2.1575809
SubNetW8CleanAuxExDnRcK8QdEma,minbias,0,test,20.022047,19.375185012817383,-0.03230748727365529,2,40mm,2.1220117
SubNetW8CleanAuxExDnRcK8QdEma,minbias,0,test,36.636887,52.386199951171875,0.4298758660327733,0,15mm,1.2078869
SubNetW8CleanAuxExDnRcK8QdEma,minbias,0,test,71.878914,72.6333236694336,0.01049556468403079,1,30mm,3.893997
SubNetW8CleanAuxExDnRcK8QdEma,minbias,0,test,34.469955,34.40955352783203,-0.0017523061960856845,3,60mm,4.8567038
SubNetW8CleanAuxExDnRcK8QdEma,minbias,0,test,15.4767,15.677305221557617,0.012961767991316098,2,40mm,2.6314368
SubNetW8CleanAuxExDnRcK8QdEma,minbias,0,test,44.397713,43.13610076904297,-0.02841614717379093,2,40mm,4.865215
SubNetW8CleanAuxExDnRcK8QdEma,minbias,0,test,33.147957,34.27848815917969,0.03410561067803597,3,60mm,4.093348
SubNetW8CleanAuxExDnRcK8QdEma,minbias,0,test,4.6231675,3.777411699295044,-0.18293860492796388,3,60mm,0.5716681
SubNetW8CleanAuxExDnRcK8QdEma,minbias,0,test,18.77523,17.449506759643555,-0.07061024654730963,3,60mm,2.6400716
SubNetW8CleanAuxExDnRcK8QdEma,minbias,0,test,27.96883,27.676115036010742,-0.010465760330153562,2,40mm,2.96515
SubNetW8CleanAuxExDnRcK8QdEma,minbias,0,test,18.56212,18.120088577270508,-0.02381365113091516,2,40mm,3.7933106
SubNetW8CleanAuxExDnRcK8QdEma,minbias,0,test,13.325629,12.983792304992676,-0.025652591957237347,0,15mm,0.5451099
SubNetW8CleanAuxExDnRcK8QdEma,minbias,0,test,52.78678,51.441768646240234,-0.025480103756842287,2,40mm,3.243694
SubNetW8CleanAuxExDnRcK8QdEma,minbias,0,test,8.726051,9.417781829833984,0.07927188060933377,1,30mm,0.7765248
SubNetW8CleanAuxExDnRcK8QdEma,minbias,0,test,26.83548,27.426054000854492,0.022007218440998733,0,15mm,0.8983861
SubNetW8CleanAuxExDnRcK8QdEma,minbias,0,test,11.776396,11.230608940124512,-0.04634583169412576,3,60mm,1.8673666
SubNetW8CleanAuxExDnRcK8QdEma,minbias,0,test,70.89539,69.31651306152344,-0.02227056279641826,1,30mm,3.8984153
SubNetW8CleanAuxExDnRcK8QdEma,minbias,0,test,47.62933,47.37928009033203,-0.005249907834880108,2,40mm,4.735055
SubNetW8CleanAuxExDnRcK8QdEma,minbias,0,test,59.146626,57.274436950683594,-0.03165334542238907,1,30mm,3.0597157
SubNetW8CleanAuxExDnRcK8QdEma,minbias,0,test,54.33528,53.78529739379883,-0.010122041597712017,0,15mm,1.4807795
SubNetW8CleanAuxExDnRcK8QdEma,minbias,0,test,5.7677073,5.472213268280029,-0.05123250223487419,4,120mm,1.2076786
SubNetW8CleanAuxExDnRcK8QdEma,minbias,0,test,22.135746,21.83298110961914,-0.013677645765725388,2,40mm,2.2351482
SubNetW8CleanAuxExDnRcK8QdEma,minbias,0,test,19.226748,19.195816040039062,-0.001608773026103405,0,15mm,0.52655256
SubNetW8CleanAuxExDnRcK8QdEma,minbias,0,test,6.7014956,8.003647804260254,0.19430769269082848,4,120mm,1.5182937
SubNetW8CleanAuxExDnRcK8QdEma,minbias,0,test,32.893696,34.88419723510742,0.06051315771925525,0,15mm,1.0873984
SubNetW8CleanAuxExDnRcK8QdEma,minbias,0,test,22.394667,22.73015594482422,0.014980766536456303,3,60mm,2.7307215
SubNetW8CleanAuxExDnRcK8QdEma,minbias,0,test,29.381502,28.719768524169922,-0.022522116939681203,2,40mm,3.1922646
SubNetW8CleanAuxExDnRcK8QdEma,minbias,0,test,14.035018,13.851036071777344,-0.013108775199036415,3,60mm,1.847412
SubNetW8CleanAuxExDnRcK8QdEma,minbias,0,test,7.5601296,7.364022254943848,-0.025939685801237622,2,40mm,0.593527
SubNetW8CleanAuxExDnRcK8QdEma,minbias,0,test,17.246214,17.00098991394043,-0.014219004835554272,1,30mm,1.0247707
SubNetW8CleanAuxExDnRcK8QdEma,minbias,0,test,13.10812,13.133302688598633,0.001921154526128399,3,60mm,2.7298732
SubNetW8CleanAuxExDnRcK8QdEma,minbias,0,test,48.994377,47.47402572631836,-0.031031140689567804,2,40mm,4.969844
SubNetW8CleanAuxExDnRcK8QdEma,minbias,0,test,87.94345,90.47473907470703,0.028783134164847457,0,15mm,2.7182302
SubNetW8CleanAuxExDnRcK8QdEma,minbias,0,test,78.7632,79.18032836914062,0.005295995118005825,1,30mm,3.4754598
SubNetW8CleanAuxExDnRcK8QdEma,minbias,0,test,17.40189,16.643373489379883,-0.04358815739660715,3,60mm,3.1167831
SubNetW8CleanAuxExDnRcK8QdEma,minbias,0,test,23.674448,21.97960090637207,-0.07158972010587306,3,60mm,3.9050097
SubNetW8CleanAuxExDnRcK8QdEma,minbias,0,test,18.215372,17.583293914794922,-0.03470026128519477,3,60mm,3.295936
SubNetW8CleanAuxExDnRcK8QdEma,minbias,0,test,11.393453,11.145630836486816,-0.021751247457394984,3,60mm,2.205727
SubNetW8CleanAuxExDnRcK8QdEma,minbias,0,test,10.73757,12.415568351745605,0.15627358635521404,3,60mm,1.9481828
SubNetW8CleanAuxExDnRcK8QdEma,minbias,0,test,81.44408,80.4468765258789,-0.012243984517900541,1,30mm,4.486881
SubNetW8CleanAuxExDnRcK8QdEma,minbias,0,test,7.217999,7.405298709869385,0.025948982380606944,4,120mm,1.6922601
SubNetW8CleanAuxExDnRcK8QdEma,minbias,0,test,12.242179,16.35418128967285,0.33588811278151853,0,15mm,0.5394392
SubNetW8CleanAuxExDnRcK8QdEma,minbias,0,test,5.633338,6.829283237457275,0.21229780075547877,1,30mm,0.5537332
SubNetW8CleanAuxExDnRcK8QdEma,minbias,0,test,10.684546,10.010851860046387,-0.06305317801245125,3,60mm,2.0436487
SubNetW8CleanAuxExDnRcK8QdEma,minbias,0,test,16.53913,16.205610275268555,-0.020165449870243823,4,120mm,3.8777199
SubNetW8CleanAuxExDnRcK8QdEma,minbias,0,test,16.850378,16.93661117553711,0.005117578896526753,3,60mm,2.8547475
SubNetW8CleanAuxExDnRcK8QdEma,minbias,0,test,46.308395,47.69338607788086,0.029907982788043075,2,40mm,3.484394
SubNetW8CleanAuxExDnRcK8QdEma,minbias,0,test,80.24428,76.7359390258789,-0.04372073645212893,0,15mm,4.0446844
SubNetW8CleanAuxExDnRcK8QdEma,minbias,0,test,73.41261,72.98719787597656,-0.0057948494430355435,0,15mm,2.3466299
SubNetW8CleanAuxExDnRcK8QdEma,minbias,0,test,14.795816,14.784053802490234,-0.0007949962802630273,3,60mm,2.7816112
SubNetW8CleanAuxExDnRcK8QdEma,minbias,0,test,17.787004,17.793315887451172,0.00035483302634387037,3,60mm,3.0117323
SubNetW8CleanAuxExDnRcK8QdEma,minbias,0,test,17.35906,17.21072006225586,-0.008545406419652402,4,120mm,4.047518
SubNetW8CleanAuxExDnRcK8QdEma,minbias,0,test,37.40217,38.57954406738281,0.031478811197098944,2,40mm,3.660572
SubNetW8CleanAuxExDnRcK8QdEma,minbias,0,test,17.754866,17.17160415649414,-0.03285079715529504,3,60mm,3.944828
SubNetW8CleanAuxExDnRcK8QdEma,minbias,0,test,50.773975,48.98830032348633,-0.03516910062161094,2,40mm,4.5485992
SubNetW8CleanAuxExDnRcK8QdEma,minbias,0,test,14.40011,14.183693885803223,-0.015028798757053985,2,40mm,1.6833968
SubNetW8CleanAuxExDnRcK8QdEma,minbias,0,test,13.455659,13.85444164276123,0.029636804313416087,1,30mm,0.65358275
SubNetW8CleanAuxExDnRcK8QdEma,minbias,0,test,37.808643,28.86395835876465,-0.2365777820063929,2,40mm,2.2694998
SubNetW8CleanAuxExDnRcK8QdEma,minbias,0,test,25.392302,26.815025329589844,0.05602972880621837,3,60mm,3.2738538
SubNetW8CleanAuxExDnRcK8QdEma,minbias,0,test,22.908188,23.481143951416016,0.02501097374228256,1,30mm,1.344074
SubNetW8CleanAuxExDnRcK8QdEma,minbias,0,test,15.147227,19.02373695373535,0.2559220636832331,3,60mm,3.5528924
SubNetW8CleanAuxExDnRcK8QdEma,minbias,0,test,77.431854,76.31189727783203,-0.014463775678510205,0,15mm,2.7071593
SubNetW8CleanAuxExDnRcK8QdEma,minbias,0,test,30.47999,31.483312606811523,0.03291741897348199,3,60mm,4.663324
SubNetW8CleanAuxExDnRcK8QdEma,minbias,0,test,34.97984,34.80328369140625,-0.005047354045991437,3,60mm,4.728997
SubNetW8CleanAuxExDnRcK8QdEma,minbias,0,test,50.03926,49.419891357421875,-0.012377670975518784,2,40mm,4.9137974
SubNetW8CleanAuxExDnRcK8QdEma,minbias,0,test,73.71596,74.78901672363281,0.014556672888227817,1,30mm,4.323858
SubNetW8CleanAuxExDnRcK8QdEma,minbias,0,test,6.6537037,6.172408580780029,-0.07233491770143652,2,40mm,0.6109732
SubNetW8CleanAuxExDnRcK8QdEma,minbias,0,test,40.021187,40.79042053222656,0.019220661968557984,3,60mm,4.497245
SubNetW8CleanAuxExDnRcK8QdEma,minbias,0,test,13.207236,12.809588432312012,-0.0301083322002621,3,60mm,2.7377396
SubNetW8CleanAuxExDnRcK8QdEma,minbias,0,test,24.891562,24.478540420532227,-0.01659281550138092,3,60mm,4.340214
SubNetW8CleanAuxExDnRcK8QdEma,minbias,0,test,4.6815424,5.074882507324219,0.08401934180262072,4,120mm,1.036721
SubNetW8CleanAuxExDnRcK8QdEma,minbias,0,test,18.59792,17.97077751159668,-0.033721081206145254,2,40mm,3.9199512
SubNetW8CleanAuxExDnRcK8QdEma,minbias,0,test,6.979334,9.600301742553711,0.3755326670093664,2,40mm,0.8140295
SubNetW8CleanAuxExDnRcK8QdEma,minbias,0,test,24.901619,23.048458099365234,-0.07441929222817456,2,40mm,3.4859426
SubNetW8CleanAuxExDnRcK8QdEma,minbias,0,test,24.272928,23.162397384643555,-0.04575182863750249,3,60mm,2.4742224
SubNetW8CleanAuxExDnRcK8QdEma,minbias,0,test,13.672557,13.288169860839844,-0.028113762462321334,3,60mm,1.9212854
SubNetW8CleanAuxExDnRcK8QdEma,minbias,0,test,21.91796,21.211671829223633,-0.032224139901036675,3,60mm,3.7534938
SubNetW8CleanAuxExDnRcK8QdEma,minbias,0,test,33.608974,35.18424606323242,0.04687056454134675,1,30mm,2.3306458
SubNetW8CleanAuxExDnRcK8QdEma,minbias,0,test,77.86065,67.583740234375,-0.13199105057729033,0,15mm,4.4247637
SubNetW8CleanAuxExDnRcK8QdEma,minbias,0,test,5.4107413,5.633244037628174,0.04112240724474625,2,40mm,0.662532
SubNetW8CleanAuxExDnRcK8QdEma,minbias,0,test,36.622314,36.02707290649414,-0.01625352071597619,3,60mm,4.358513
SubNetW8CleanAuxExDnRcK8QdEma,minbias,0,test,12.865833,12.367977142333984,-0.03869598876390168,2,40mm,1.1210167
SubNetW8CleanAuxExDnRcK8QdEma,minbias,0,test,36.92098,41.45013427734375,0.12267160594188442,1,30mm,1.5295537
SubNetW8CleanAuxExDnRcK8QdEma,minbias,0,test,10.01692,9.87108325958252,-0.014559048972428434,4,120mm,2.1219888
SubNetW8CleanAuxExDnRcK8QdEma,minbias,0,test,9.813313,9.894659042358398,0.008289403969133469,3,60mm,1.3882961
SubNetW8CleanAuxExDnRcK8QdEma,minbias,0,test,42.677135,41.6349983215332,-0.024419097827898972,2,40mm,3.7415748
SubNetW8CleanAuxExDnRcK8QdEma,minbias,0,test,34.651443,34.08768081665039,-0.016269529005243255,2,40mm,4.473946
SubNetW8CleanAuxExDnRcK8QdEma,minbias,0,test,53.022293,49.38371658325195,-0.06862352221047763,2,40mm,4.432914
SubNetW8CleanAuxExDnRcK8QdEma,minbias,0,test,45.878826,45.8056640625,-0.0015946807059099566,2,40mm,4.56699
SubNetW8CleanAuxExDnRcK8QdEma,minbias,0,test,15.095758,15.346982955932617,0.016642060009918413,2,40mm,1.0026575
SubNetW8CleanAuxExDnRcK8QdEma,minbias,0,test,33.10269,38.65293884277344,0.1676675495455464,1,30mm,1.725651
SubNetW8CleanAuxExDnRcK8QdEma,minbias,0,test,21.96073,22.292593002319336,0.015111674765825533,0,15mm,0.53486043
SubNetW8CleanAuxExDnRcK8QdEma,minbias,0,test,33.699398,34.1462516784668,0.01325998871418066,2,40mm,4.2613583
SubNetW8CleanAuxExDnRcK8QdEma,minbias,0,test,46.659786,45.42668914794922,-0.0264274051854122,2,40mm,4.39194
SubNetW8CleanAuxExDnRcK8QdEma,minbias,0,test,23.708525,22.630691528320312,-0.04546184079848148,2,40mm,2.5344949
SubNetW8CleanAuxExDnRcK8QdEma,minbias,0,test,16.942638,17.682472229003906,0.0436669788047086,2,40mm,1.5572809
SubNetW8CleanAuxExDnRcK8QdEma,minbias,0,test,21.60332,22.511350631713867,0.0420320348256602,1,30mm,1.4436747
SubNetW8CleanAuxExDnRcK8QdEma,minbias,0,test,17.39692,16.953577041625977,-0.02548394934062026,1,30mm,1.69837
SubNetW8CleanAuxExDnRcK8QdEma,minbias,0,test,49.039913,49.09000015258789,0.0010213512188812501,0,15mm,1.5044789
SubNetW8CleanAuxExDnRcK8QdEma,minbias,0,test,16.239775,16.937620162963867,0.04297137563203823,3,60mm,2.733591
SubNetW8CleanAuxExDnRcK8QdEma,minbias,0,test,38.47809,37.892337799072266,-0.01522296466669315,2,40mm,3.7100835
SubNetW8CleanAuxExDnRcK8QdEma,minbias,0,test,50.317043,49.6096076965332,-0.014059562356035449,1,30mm,3.9473367
SubNetW8CleanAuxExDnRcK8QdEma,minbias,0,test,26.755642,27.055644989013672,0.01121270244464112,0,15mm,0.9154377
SubNetW8CleanAuxExDnRcK8QdEma,minbias,0,test,21.338491,20.674701690673828,-0.031107623095924297,2,40mm,2.006863
SubNetW8CleanAuxExDnRcK8QdEma,minbias,0,test,86.79999,85.6094970703125,-0.013715332835020133,1,30mm,3.60503
SubNetW8CleanAuxExDnRcK8QdEma,minbias,0,test,29.923151,30.49034881591797,0.01895514945517851,3,60mm,4.267551
SubNetW8CleanAuxExDnRcK8QdEma,minbias,0,test,23.764734,22.952905654907227,-0.03416106421050813,3,60mm,4.0966353
SubNetW8CleanAuxExDnRcK8QdEma,minbias,0,test,70.65737,68.64089965820312,-0.028538733035006314,2,40mm,4.5433865
SubNetW8CleanAuxExDnRcK8QdEma,minbias,0,test,41.07375,39.76275634765625,-0.03191803059596443,2,40mm,4.198183
SubNetW8CleanAuxExDnRcK8QdEma,minbias,0,test,46.987133,46.12687683105469,-0.018308335488145033,0,15mm,1.9192864
SubNetW8CleanAuxExDnRcK8QdEma,minbias,0,test,5.30974,5.948115825653076,0.12022730889388833,3,60mm,0.94899267
SubNetW8CleanAuxExDnRcK8QdEma,minbias,0,test,9.42046,9.768742561340332,0.03697089349860727,3,60mm,0.97120297
SubNetW8CleanAuxExDnRcK8QdEma,minbias,0,test,67.85758,68.98457336425781,0.016608184925303915,0,15mm,3.18868
SubNetW8CleanAuxExDnRcK8QdEma,minbias,0,test,19.465769,19.39832305908203,-0.0034648390027151033,3,60mm,2.080045
SubNetW8CleanAuxExDnRcK8QdEma,minbias,0,test,10.170275,10.506494522094727,0.0330590663846293,2,40mm,1.262275
SubNetW8CleanAuxExDnRcK8QdEma,minbias,0,test,31.486214,31.542797088623047,0.001797085070588178,3,60mm,4.9836054
SubNetW8CleanAuxExDnRcK8QdEma,minbias,0,test,4.0895042,4.304843902587891,0.05265666640859146,3,60mm,0.6918732
SubNetW8CleanAuxExDnRcK8QdEma,minbias,0,test,20.105442,19.485763549804688,-0.030821431126068943,3,60mm,2.857368
SubNetW8CleanAuxExDnRcK8QdEma,minbias,0,test,38.223877,37.649906158447266,-0.015016027688180666,1,30mm,2.4694662
SubNetW8CleanAuxExDnRcK8QdEma,minbias,0,test,5.548575,5.668029308319092,0.02152884037364422,4,120mm,1.2110077
SubNetW8CleanAuxExDnRcK8QdEma,minbias,0,test,9.948006,9.989418029785156,0.0041628799644146675,2,40mm,0.7241949
SubNetW8CleanAuxExDnRcK8QdEma,minbias,0,test,12.798417,12.66528034210205,-0.010402594970698065,2,40mm,1.6211752
SubNetW8CleanAuxExDnRcK8QdEma,minbias,0,test,22.542065,22.530916213989258,-0.0004945621851237814,3,60mm,4.526142
SubNetW8CleanAuxExDnRcK8QdEma,minbias,0,test,89.330246,88.62567901611328,-0.007887216114794704,1,30mm,4.899809
SubNetW8CleanAuxExDnRcK8QdEma,minbias,0,test,39.725437,39.93710708618164,0.005328322027005505,2,40mm,3.5250912
SubNetW8CleanAuxExDnRcK8QdEma,minbias,0,test,18.581217,18.328012466430664,-0.013626897972461083,3,60mm,3.91501
SubNetW8CleanAuxExDnRcK8QdEma,minbias,0,test,14.497388,14.85395622253418,0.024595350506554814,2,40mm,1.8329506
SubNetW8CleanAuxExDnRcK8QdEma,minbias,0,test,57.111485,55.71861267089844,-0.024388647365953586,1,30mm,2.3355854
SubNetW8CleanAuxExDnRcK8QdEma,minbias,0,test,23.997404,23.76483726501465,-0.009691332968407518,3,60mm,4.2569666
SubNetW8CleanAuxExDnRcK8QdEma,minbias,0,test,21.946445,22.07831573486328,0.006008730205771418,2,40mm,2.5055966
SubNetW8CleanAuxExDnRcK8QdEma,minbias,0,test,11.100016,11.13513469696045,0.003163874524130028,3,60mm,2.3043392
SubNetW8CleanAuxExDnRcK8QdEma,minbias,0,test,23.809235,23.80551528930664,-0.00015621375039898133,1,30mm,1.3609829
SubNetW8CleanAuxExDnRcK8QdEma,minbias,0,test,56.24128,54.49052429199219,-0.031129364809024618,1,30mm,3.4209988
SubNetW8CleanAuxExDnRcK8QdEma,minbias,0,test,9.0840225,8.671518325805664,-0.04540986057324459,3,60mm,1.0614837
SubNetW8CleanAuxExDnRcK8QdEma,minbias,0,test,18.66335,18.297353744506836,-0.019610382045116115,3,60mm,3.6553698
SubNetW8CleanAuxExDnRcK8QdEma,minbias,0,test,23.857615,23.746509552001953,-0.004657002280332945,3,60mm,4.2156067
SubNetW8CleanAuxExDnRcK8QdEma,minbias,0,test,33.390285,32.016937255859375,-0.041130173517544666,0,15mm,0.8900388
SubNetW8CleanAuxExDnRcK8QdEma,minbias,0,test,43.37279,46.193206787109375,0.06502729967158061,1,30mm,2.5953872
SubNetW8CleanAuxExDnRcK8QdEma,minbias,0,test,30.479275,30.428220748901367,-0.001675039884434959,3,60mm,4.9703574
SubNetW8CleanAuxExDnRcK8QdEma,minbias,0,test,54.496845,54.49995040893555,5.697877666577256e-05,1,30mm,2.4092565
SubNetW8CleanAuxExDnRcK8QdEma,minbias,0,test,79.580864,85.14043426513672,0.06986064282751236,1,30mm,3.764145
SubNetW8CleanAuxExDnRcK8QdEma,minbias,0,test,16.38802,15.918291091918945,-0.028662918547185834,3,60mm,2.8629818
SubNetW8CleanAuxExDnRcK8QdEma,minbias,0,test,9.597769,9.53212833404541,-0.006839136366391441,2,40mm,1.5129328
SubNetW8CleanAuxExDnRcK8QdEma,minbias,0,test,11.434064,11.319087028503418,-0.010055644591906998,4,120mm,2.49325
SubNetW8CleanAuxExDnRcK8QdEma,minbias,0,test,28.190035,27.841447830200195,-0.012365612096107204,3,60mm,4.072215
SubNetW8CleanAuxExDnRcK8QdEma,minbias,0,test,13.82013,13.85088062286377,0.0022250350672123886,3,60mm,1.8855217
SubNetW8CleanAuxExDnRcK8QdEma,minbias,0,test,11.22145,12.503416061401367,0.11424247546624366,0,15mm,0.5420712
SubNetW8CleanAuxExDnRcK8QdEma,minbias,0,test,20.649094,20.225446701049805,-0.020516490191456294,4,120mm,4.7609925
SubNetW8CleanAuxExDnRcK8QdEma,minbias,0,test,31.41449,30.991268157958984,-0.013472177697471333,3,60mm,3.481198
SubNetW8CleanAuxExDnRcK8QdEma,minbias,0,test,41.78658,41.48202896118164,-0.0072882293124739705,3,60mm,4.254079
SubNetW8CleanAuxExDnRcK8QdEma,minbias,0,test,47.15984,46.205841064453125,-0.02022904600940134,2,40mm,4.57812
SubNetW8CleanAuxExDnRcK8QdEma,minbias,0,test,2.9733877,3.513085126876831,0.181509261430171,3,60mm,0.6647402
SubNetW8CleanAuxExDnRcK8QdEma,minbias,0,test,20.533026,19.62031364440918,-0.04445093035264769,3,60mm,2.9026241
SubNetW8CleanAuxExDnRcK8QdEma,minbias,0,test,26.182592,25.8695125579834,-0.01195755673454324,3,60mm,2.9119327
SubNetW8CleanAuxExDnRcK8QdEma,minbias,0,test,30.452633,28.76110076904297,-0.05554633454319979,3,60mm,4.2891464
SubNetW8CleanAuxExDnRcK8QdEma,minbias,0,test,60.056282,67.04015350341797,0.11628877483470212,2,40mm,3.581384
SubNetW8CleanAuxExDnRcK8QdEma,minbias,0,test,7.50978,7.644825458526611,0.017982621284323264,3,60mm,1.7492388
SubNetW8CleanAuxExDnRcK8QdEma,minbias,0,test,43.725586,43.63633346557617,-0.00204119556113902,2,40mm,4.735339
SubNetW8CleanAuxExDnRcK8QdEma,minbias,0,test,37.42015,36.75242614746094,-0.017843985015293384,2,40mm,3.8933275
SubNetW8CleanAuxExDnRcK8QdEma,minbias,0,test,29.504313,28.53314971923828,-0.03291596086227222,3,60mm,4.6306334
SubNetW8CleanAuxExDnRcK8QdEma,minbias,0,test,82.67469,81.1536865234375,-0.01839745294004791,2,40mm,4.9429903
SubNetW8CleanAuxExDnRcK8QdEma,minbias,0,test,19.554848,20.114727020263672,0.028631227973390017,2,40mm,3.04856
SubNetW8CleanAuxExDnRcK8QdEma,minbias,0,test,37.11066,42.05881118774414,0.13333501913019674,2,40mm,3.3883111
SubNetW8CleanAuxExDnRcK8QdEma,minbias,0,test,4.058961,4.442015171051025,0.09437249199918507,3,60mm,0.7910259
SubNetW8CleanAuxExDnRcK8QdEma,minbias,0,test,36.386295,39.08287048339844,0.07410963774089474,2,40mm,4.3898883
SubNetW8CleanAuxExDnRcK8QdEma,minbias,0,test,11.100981,13.077187538146973,0.17802091747047433,2,40mm,1.0174953
SubNetW8CleanAuxExDnRcK8QdEma,minbias,0,test,30.185219,30.18920135498047,0.00013193689170321043,3,60mm,4.226858
SubNetW8CleanAuxExDnRcK8QdEma,minbias,0,test,49.060192,47.40367126464844,-0.033765070463931735,0,15mm,1.1949451
SubNetW8CleanAuxExDnRcK8QdEma,minbias,0,test,43.728664,43.847286224365234,0.002712678921352518,2,40mm,2.8829138
SubNetW8CleanAuxExDnRcK8QdEma,minbias,0,test,6.352533,6.550384044647217,0.03114524320896206,3,60mm,1.0525964
SubNetW8CleanAuxExDnRcK8QdEma,minbias,0,test,16.737507,16.373655319213867,-0.02173869442709142,3,60mm,3.1821492
SubNetW8CleanAuxExDnRcK8QdEma,minbias,0,test,13.343628,13.426258087158203,0.006192480628665065,3,60mm,2.0405974
SubNetW8CleanAuxExDnRcK8QdEma,minbias,0,test,31.525955,30.985095977783203,-0.017155997938129386,3,60mm,3.995202
SubNetW8CleanAuxExDnRcK8QdEma,minbias,0,test,10.924147,10.695598602294922,-0.020921364130559117,3,60mm,2.5445354
SubNetW8CleanAuxExDnRcK8QdEma,minbias,0,test,29.268295,28.89778709411621,-0.012659028833857167,2,40mm,2.6693373
SubNetW8CleanAuxExDnRcK8QdEma,minbias,0,test,23.173742,22.29729652404785,-0.03782064023724008,4,120mm,4.6310973
SubNetW8CleanAuxExDnRcK8QdEma,minbias,0,test,12.616311,12.006842613220215,-0.04830797659806241,2,40mm,2.055442
SubNetW8CleanAuxExDnRcK8QdEma,minbias,0,test,6.411626,6.392249584197998,-0.003022053741166486,3,60mm,1.1247742
SubNetW8CleanAuxExDnRcK8QdEma,minbias,0,test,10.540435,9.857508659362793,-0.06479108201106953,1,30mm,0.50945854
SubNetW8CleanAuxExDnRcK8QdEma,minbias,0,test,42.378983,43.158634185791016,0.018397129780953092,2,40mm,3.0971117
SubNetW8CleanAuxExDnRcK8QdEma,minbias,0,test,32.070892,31.313764572143555,-0.023607941866915838,3,60mm,4.7680907
SubNetW8CleanAuxExDnRcK8QdEma,minbias,0,test,10.312577,10.736282348632812,0.04108624748590217,4,120mm,2.299149
SubNetW8CleanAuxExDnRcK8QdEma,minbias,0,test,65.4152,67.20463562011719,0.02735505448326303,1,30mm,3.8326433
SubNetW8CleanAuxExDnRcK8QdEma,minbias,0,test,17.84727,17.25062370300293,-0.03343062477951253,3,60mm,2.6073415
SubNetW8CleanAuxExDnRcK8QdEma,minbias,0,test,14.150583,13.759862899780273,-0.027611608656229247,3,60mm,2.2998753
SubNetW8CleanAuxExDnRcK8QdEma,minbias,0,test,17.47538,18.009672164916992,0.030573997405843878,4,120mm,3.657859
SubNetW8CleanAuxExDnRcK8QdEma,minbias,0,test,28.341297,29.697282791137695,0.04784486871998528,2,40mm,3.3931808
SubNetW8CleanAuxExDnRcK8QdEma,minbias,0,test,15.019493,14.587546348571777,-0.028759076720671906,3,60mm,2.3406565
SubNetW8CleanAuxExDnRcK8QdEma,minbias,0,test,34.502674,43.22400665283203,0.2527726553619596,0,15mm,0.8781475
SubNetW8CleanAuxExDnRcK8QdEma,minbias,0,test,17.43343,17.185354232788086,-0.014229872678071187,3,60mm,2.9993398
SubNetW8CleanAuxExDnRcK8QdEma,minbias,0,test,28.515442,28.298160552978516,-0.007619778166383817,2,40mm,2.3421586
SubNetW8CleanAuxExDnRcK8QdEma,minbias,0,test,7.8477564,7.252624034881592,-0.07583471270823838,3,60mm,1.3093421
SubNetW8CleanAuxExDnRcK8QdEma,minbias,0,test,51.904102,51.686195373535156,-0.004198260679628363,2,40mm,4.4738064
SubNetW8CleanAuxExDnRcK8QdEma,minbias,0,test,13.746749,13.540871620178223,-0.014976435898519158,4,120mm,3.0765064
SubNetW8CleanAuxExDnRcK8QdEma,minbias,0,test,41.696083,41.588863372802734,-0.0025714572725664686,2,40mm,2.869034
SubNetW8CleanAuxExDnRcK8QdEma,minbias,0,test,12.01156,12.64238452911377,0.05251807974476286,1,30mm,0.59892976
SubNetW8CleanAuxExDnRcK8QdEma,minbias,0,test,5.458452,5.47077751159668,0.002258018639311299,2,40mm,0.582556
SubNetW8CleanAuxExDnRcK8QdEma,minbias,0,test,40.303432,37.49148178100586,-0.06976950874007115,1,30mm,1.695514
SubNetW8CleanAuxExDnRcK8QdEma,minbias,0,test,14.231784,12.949743270874023,-0.09008291637927679,1,30mm,0.84929955
SubNetW8CleanAuxExDnRcK8QdEma,minbias,0,test,35.123817,33.079280853271484,-0.05820940715925216,2,40mm,3.6551085
SubNetW8CleanAuxExDnRcK8QdEma,minbias,0,test,14.76615,14.263588905334473,-0.03403470458194957,3,60mm,1.9092968
SubNetW8CleanAuxExDnRcK8QdEma,minbias,0,test,17.329597,17.02924346923828,-0.017331851150709343,3,60mm,3.84798
SubNetW8CleanAuxExDnRcK8QdEma,minbias,0,test,11.865161,10.997748374938965,-0.07310584082029181,3,60mm,1.2806349
SubNetW8CleanAuxExDnRcK8QdEma,minbias,0,test,24.115244,29.98725700378418,0.24349797636430215,1,30mm,2.3755465
SubNetW8CleanAuxExDnRcK8QdEma,minbias,0,test,11.362225,12.62790298461914,0.11139353891286974,1,30mm,0.5482551
SubNetW8CleanAuxExDnRcK8QdEma,minbias,0,test,9.5020895,7.614522457122803,-0.19864757569580582,1,30mm,0.5286275
SubNetW8CleanAuxExDnRcK8QdEma,minbias,0,test,19.450394,20.343416213989258,0.04591282583131262,1,30mm,0.78059554
SubNetW8CleanAuxExDnRcK8QdEma,minbias,0,test,46.874195,46.09731674194336,-0.016573689538451508,2,40mm,4.5659347
SubNetW8CleanAuxExDnRcK8QdEma,minbias,0,test,29.98859,29.267375946044922,-0.024049623161681688,1,30mm,1.3886064
SubNetW8CleanAuxExDnRcK8QdEma,minbias,0,test,98.83705,95.71025848388672,-0.03163583761039368,1,30mm,4.7522297
SubNetW8CleanAuxExDnRcK8QdEma,minbias,0,test,31.87806,32.019874572753906,0.004448676872839563,1,30mm,2.347221
SubNetW8CleanAuxExDnRcK8QdEma,minbias,0,test,11.908008,12.995086669921875,0.09128975078667279,3,60mm,1.8799847
SubNetW8CleanAuxExDnRcK8QdEma,minbias,0,test,48.118294,48.598114013671875,0.009971680497152358,2,40mm,4.754052
SubNetW8CleanAuxExDnRcK8QdEma,minbias,0,test,38.383938,37.37394714355469,-0.02631284722432725,1,30mm,2.0949771
SubNetW8CleanAuxExDnRcK8QdEma,minbias,0,test,10.706122,11.608896255493164,0.08432313993099871,1,30mm,0.6744836
SubNetW8CleanAuxExDnRcK8QdEma,minbias,0,test,3.9011538,3.4121594429016113,-0.12534608597336916,3,60mm,0.5212018
SubNetW8CleanAuxExDnRcK8QdEma,minbias,0,test,8.951663,8.642189979553223,-0.03457156922937932,2,40mm,0.63040984
SubNetW8CleanAuxExDnRcK8QdEma,minbias,0,test,27.526491,27.873369216918945,0.012601608017400956,2,40mm,3.0678349
SubNetW8CleanAuxExDnRcK8QdEma,minbias,0,test,9.122229,9.09689712524414,-0.002776897865734096,3,60mm,1.4748961
SubNetW8CleanAuxExDnRcK8QdEma,minbias,0,test,33.058304,32.276248931884766,-0.023656836874437204,3,60mm,4.15579
SubNetW8CleanAuxExDnRcK8QdEma,minbias,0,test,50.63905,49.4256477355957,-0.02396178059609977,2,40mm,3.940105
SubNetW8CleanAuxExDnRcK8QdEma,minbias,0,test,9.360132,9.146284103393555,-0.022846698000266952,3,60mm,0.9141237
SubNetW8CleanAuxExDnRcK8QdEma,minbias,0,test,33.19472,33.78658676147461,0.01783011026343173,1,30mm,1.9756149
SubNetW8CleanAuxExDnRcK8QdEma,minbias,0,test,67.20274,63.98392105102539,-0.04789718856936298,0,15mm,1.8454711
SubNetW8CleanAuxExDnRcK8QdEma,minbias,0,test,33.20416,33.170955657958984,-0.0009999688658590689,3,60mm,4.441729
SubNetW8CleanAuxExDnRcK8QdEma,minbias,0,test,10.639109,11.049727439880371,0.03859522402198512,3,60mm,2.5250936
SubNetW8CleanAuxExDnRcK8QdEma,minbias,0,test,61.435703,59.15471267700195,-0.03712809455895094,0,15mm,2.4676542
SubNetW8CleanAuxExDnRcK8QdEma,minbias,0,test,5.134495,5.275478363037109,0.027458121498361354,4,120mm,1.2053118
SubNetW8CleanAuxExDnRcK8QdEma,minbias,0,test,16.39724,16.553539276123047,0.009532067230002994,2,40mm,1.3550788
SubNetW8CleanAuxExDnRcK8QdEma,minbias,0,test,51.77478,50.70742416381836,-0.02061536724988744,2,40mm,3.4178338
SubNetW8CleanAuxExDnRcK8QdEma,minbias,0,test,33.572838,32.90740203857422,-0.019820659617553527,1,30mm,1.917898
SubNetW8CleanAuxExDnRcK8QdEma,minbias,0,test,10.771388,10.706244468688965,-0.006047835699460102,3,60mm,1.5695622
SubNetW8CleanAuxExDnRcK8QdEma,minbias,0,test,70.21246,83.1165771484375,0.18378665479792855,0,15mm,3.1113734
SubNetW8CleanAuxExDnRcK8QdEma,minbias,0,test,20.53532,19.55166244506836,-0.047900778921725395,2,40mm,1.4928553
SubNetW8CleanAuxExDnRcK8QdEma,minbias,0,test,21.465954,20.43840217590332,-0.04786890250891607,2,40mm,1.8813221
SubNetW8CleanAuxExDnRcK8QdEma,minbias,0,test,41.2188,39.50627899169922,-0.04154707600306928,1,30mm,2.5025752
SubNetW8CleanAuxExDnRcK8QdEma,minbias,0,test,14.19005,14.45207691192627,0.018465529331732622,3,60mm,1.772879
SubNetW8CleanAuxExDnRcK8QdEma,minbias,0,test,33.504173,33.04539108276367,-0.013693285079059092,2,40mm,4.2147045
SubNetW8CleanAuxExDnRcK8QdEma,minbias,0,test,20.699236,19.81376838684082,-0.04277778816978173,1,30mm,1.8071172
SubNetW8CleanAuxExDnRcK8QdEma,minbias,0,test,71.80326,69.66543579101562,-0.02977336945832798,0,15mm,2.3794155
SubNetW8CleanAuxExDnRcK8QdEma,minbias,0,test,28.9071,29.17559242248535,0.009288089732367721,1,30mm,2.5491009
SubNetW8CleanAuxExDnRcK8QdEma,minbias,0,test,87.92769,86.75880432128906,-0.013293699583977525,1,30mm,3.6389406
SubNetW8CleanAuxExDnRcK8QdEma,minbias,0,test,77.84671,54.75058364868164,-0.2966872523649673,1,30mm,4.473621
SubNetW8CleanAuxExDnRcK8QdEma,minbias,0,test,51.812737,59.63835144042969,0.15103651063678147,0,15mm,1.2523336
SubNetW8CleanAuxExDnRcK8QdEma,minbias,0,test,32.92729,30.517555236816406,-0.07318356586402763,2,40mm,3.0472329
SubNetW8CleanAuxExDnRcK8QdEma,minbias,0,test,3.6217332,3.9156947135925293,0.0811659803892526,2,40mm,0.6242322
SubNetW8CleanAuxExDnRcK8QdEma,minbias,0,test,43.78243,44.07155227661133,0.006603643138748394,2,40mm,4.1507154
SubNetW8CleanAuxExDnRcK8QdEma,minbias,0,test,12.20137,11.988523483276367,-0.0174444961350827,4,120mm,2.874484
SubNetW8CleanAuxExDnRcK8QdEma,minbias,0,test,8.505783,8.326936721801758,-0.021026442544870738,3,60mm,1.3770158
SubNetW8CleanAuxExDnRcK8QdEma,minbias,0,test,6.8583446,6.258133411407471,-0.08751545488695645,2,40mm,1.0388365
SubNetW8CleanAuxExDnRcK8QdEma,minbias,0,test,55.348988,55.072513580322266,-0.00499510489920163,2,40mm,4.70202
SubNetW8CleanAuxExDnRcK8QdEma,minbias,0,test,26.991943,31.49850845336914,0.16695963806655278,2,40mm,2.1681519
SubNetW8CleanAuxExDnRcK8QdEma,minbias,0,test,63.14169,65.62226867675781,0.039285920343591574,1,30mm,2.5653274
SubNetW8CleanAuxExDnRcK8QdEma,minbias,0,test,20.630053,20.220508575439453,-0.01985181519863599,3,60mm,3.8793676
SubNetW8CleanAuxExDnRcK8QdEma,minbias,0,test,42.841988,41.0959358215332,-0.040755620496190414,2,40mm,3.5401359
SubNetW8CleanAuxExDnRcK8QdEma,minbias,0,test,86.17428,84.0265121459961,-0.02492351727993758,1,30mm,4.1168714
SubNetW8CleanAuxExDnRcK8QdEma,minbias,0,test,3.864344,4.8270978927612305,0.24913776844150748,2,40mm,0.5335378
SubNetW8CleanAuxExDnRcK8QdEma,minbias,0,test,21.723534,21.764175415039062,0.0018708643519740331,2,40mm,1.811055
SubNetW8CleanAuxExDnRcK8QdEma,minbias,0,test,21.53507,21.309146881103516,-0.010490958878193957,3,60mm,4.463165
SubNetW8CleanAuxExDnRcK8QdEma,minbias,0,test,76.31259,75.17473602294922,-0.014910455884581841,0,15mm,2.1391315
SubNetW8CleanAuxExDnRcK8QdEma,minbias,0,test,74.71682,74.72481536865234,0.00010701212249242253,2,40mm,4.9466653
SubNetW8CleanAuxExDnRcK8QdEma,minbias,0,test,17.739962,17.43148422241211,-0.01738884267446983,2,40mm,2.944809
SubNetW8CleanAuxExDnRcK8QdEma,minbias,0,test,17.26637,17.456010818481445,0.0109832024144354,3,60mm,2.2471373
SubNetW8CleanAuxExDnRcK8QdEma,minbias,0,test,22.212963,21.436885833740234,-0.034938034465081924,3,60mm,3.7539413
SubNetW8CleanAuxExDnRcK8QdEma,minbias,0,test,9.590938,9.374224662780762,-0.02259559600657346,4,120mm,1.9686618
SubNetW8CleanAuxExDnRcK8QdEma,minbias,0,test,8.54078,8.089986801147461,-0.052781275566940566,3,60mm,1.5986001
SubNetW8CleanAuxExDnRcK8QdEma,minbias,0,test,68.80991,77.03726959228516,0.1195664334160138,0,15mm,1.884298
SubNetW8CleanAuxExDnRcK8QdEma,minbias,0,test,62.678085,43.52013397216797,-0.3056562952583106,0,15mm,2.5857627
SubNetW8CleanAuxExDnRcK8QdEma,minbias,0,test,52.821865,51.785362243652344,-0.0196226096244404,2,40mm,4.186406
SubNetW8CleanAuxExDnRcK8QdEma,minbias,0,test,8.324996,10.566795349121094,0.26928533731619986,2,40mm,0.8579534
SubNetW8CleanAuxExDnRcK8QdEma,minbias,0,test,12.238896,11.650269508361816,-0.04809476637274901,3,60mm,2.6112225
SubNetW8CleanAuxExDnRcK8QdEma,minbias,0,test,60.034157,60.755828857421875,0.012021024306510864,2,40mm,4.276399
SubNetW8CleanAuxExDnRcK8QdEma,minbias,0,test,17.45794,17.151018142700195,-0.0175805977239345,0,15mm,0.527229
SubNetW8CleanAuxExDnRcK8QdEma,minbias,0,test,73.11419,70.30905151367188,-0.038366528672034494,0,15mm,1.9453572
SubNetW8CleanAuxExDnRcK8QdEma,minbias,0,test,35.753902,36.32474899291992,0.015965993045098825,2,40mm,3.1356306
SubNetW8CleanAuxExDnRcK8QdEma,minbias,0,test,11.954324,12.2484769821167,0.024606428535358216,3,60mm,1.8379794
SubNetW8CleanAuxExDnRcK8QdEma,minbias,0,test,18.932251,18.59796905517578,-0.017656744662879698,3,60mm,4.2094955
SubNetW8CleanAuxExDnRcK8QdEma,minbias,0,test,20.67491,20.230457305908203,-0.021497181586011327,2,40mm,1.5158907
SubNetW8CleanAuxExDnRcK8QdEma,minbias,0,test,3.571226,3.4308271408081055,-0.03931387860194735,4,120mm,0.8553093
SubNetW8CleanAuxExDnRcK8QdEma,minbias,0,test,5.0334344,5.500195503234863,0.09273213395722602,3,60mm,1.1908214
SubNetW8CleanAuxExDnRcK8QdEma,minbias,0,test,60.205585,59.66022491455078,-0.009058305152918056,1,30mm,3.6014516
SubNetW8CleanAuxExDnRcK8QdEma,minbias,0,test,85.69959,87.21128845214844,0.017639475476187272,0,15mm,2.1318605
SubNetW8CleanAuxExDnRcK8QdEma,minbias,0,test,20.801186,22.707822799682617,0.09166002494816516,1,30mm,1.8133035
SubNetW8CleanAuxExDnRcK8QdEma,minbias,0,test,23.319443,23.475860595703125,0.006707615115984611,1,30mm,1.3090234
SubNetW8CleanAuxExDnRcK8QdEma,minbias,0,test,17.954998,18.527368545532227,0.031878061398467494,3,60mm,4.1100473
SubNetW8CleanAuxExDnRcK8QdEma,minbias,0,test,4.8812723,4.9247517585754395,0.008907399501991264,3,60mm,0.68707204
SubNetW8CleanAuxExDnRcK8QdEma,minbias,0,test,10.214723,9.948538780212402,-0.026058842976317664,4,120mm,2.3046503
SubNetW8CleanAuxExDnRcK8QdEma,minbias,0,test,9.6963215,9.554014205932617,-0.014676419472958946,3,60mm,1.5248755
SubNetW8CleanAuxExDnRcK8QdEma,minbias,0,test,17.389744,16.948944091796875,-0.02534825803527696,3,60mm,3.0268264
SubNetW8CleanAuxExDnRcK8QdEma,minbias,0,test,49.307873,50.074302673339844,0.015543763257921395,1,30mm,3.0699136
SubNetW8CleanAuxExDnRcK8QdEma,minbias,0,test,36.37324,36.58169174194336,0.005730869980756115,2,40mm,3.5869517
SubNetW8CleanAuxExDnRcK8QdEma,minbias,0,test,44.902786,43.53452682495117,-0.03047159305805558,3,60mm,4.662228
SubNetW8CleanAuxExDnRcK8QdEma,minbias,0,test,11.622997,11.45809555053711,-0.014187539527893755,1,30mm,0.8334104
SubNetW8CleanAuxExDnRcK8QdEma,minbias,0,test,6.4979143,6.101565837860107,-0.06099626083703413,3,60mm,1.3882543
SubNetW8CleanAuxExDnRcK8QdEma,minbias,0,test,54.825546,55.93442153930664,0.020225521681180414,0,15mm,2.7210743
SubNetW8CleanAuxExDnRcK8QdEma,minbias,0,test,18.571917,21.376022338867188,0.15098634255424614,2,40mm,2.5485716
SubNetW8CleanAuxExDnRcK8QdEma,minbias,0,test,5.5527654,6.018983364105225,0.08396140727607126,3,60mm,0.7868837
SubNetW8CleanAuxExDnRcK8QdEma,minbias,0,test,12.752877,12.344945907592773,-0.03198739549433338,3,60mm,2.5117605
SubNetW8CleanAuxExDnRcK8QdEma,minbias,0,test,60.612293,58.16572570800781,-0.04036421333829776,1,30mm,2.4535456
SubNetW8CleanAuxExDnRcK8QdEma,minbias,0,test,16.60572,16.270938873291016,-0.020160621535506906,1,30mm,0.953024
SubNetW8CleanAuxExDnRcK8QdEma,minbias,0,test,58.73786,62.87850570678711,0.070493612779714,2,40mm,4.1552453
SubNetW8CleanAuxExDnRcK8QdEma,minbias,0,test,20.294453,19.868549346923828,-0.02098619397605561,3,60mm,3.49647
SubNetW8CleanAuxExDnRcK8QdEma,minbias,0,test,8.873638,8.904322624206543,0.0034579358095341295,3,60mm,1.4735734
SubNetW8CleanAuxExDnRcK8QdEma,minbias,0,test,23.938244,29.682632446289062,0.23996700060730491,2,40mm,1.6940128
SubNetW8CleanAuxExDnRcK8QdEma,minbias,0,test,56.1848,55.914791107177734,-0.004805714197256061,0,15mm,2.135214
SubNetW8CleanAuxExDnRcK8QdEma,minbias,0,test,30.756693,30.456295013427734,-0.009766910702486475,3,60mm,4.875052
SubNetW8CleanAuxExDnRcK8QdEma,minbias,0,test,15.823898,14.695220947265625,-0.07132739010737343,4,120mm,3.6569972
SubNetW8CleanAuxExDnRcK8QdEma,minbias,0,test,23.256332,32.29159927368164,0.38850781463749406,1,30mm,1.0791707
SubNetW8CleanAuxExDnRcK8QdEma,minbias,0,test,91.97772,90.96368408203125,-0.011024822772689125,1,30mm,4.7086124
SubNetW8CleanAuxExDnRcK8QdEma,minbias,0,test,10.268634,10.300436019897461,0.0030970212705097033,2,40mm,1.7834132
SubNetW8CleanAuxExDnRcK8QdEma,minbias,0,test,16.477266,16.02914810180664,-0.027196150220753168,3,60mm,3.6391897
SubNetW8CleanAuxExDnRcK8QdEma,minbias,0,test,98.706985,92.28065490722656,-0.0651051243797015,1,30mm,4.5247073
SubNetW8CleanAuxExDnRcK8QdEma,minbias,0,test,25.10451,27.71294593811035,0.10390310950628834,1,30mm,1.4152186
SubNetW8CleanAuxExDnRcK8QdEma,minbias,0,test,60.392853,60.38636016845703,-0.00010750634300060735,2,40mm,4.618576
SubNetW8CleanAuxExDnRcK8QdEma,minbias,0,test,24.215998,23.94477081298828,-0.011200318332547421,2,40mm,3.504005
SubNetW8CleanAuxExDnRcK8QdEma,minbias,0,test,70.36009,66.96015930175781,-0.04832189323242364,1,30mm,2.4493306
SubNetW8CleanAuxExDnRcK8QdEma,minbias,0,test,23.808453,20.187301635742188,-0.1520951836036507,2,40mm,4.77017
SubNetW8CleanAuxExDnRcK8QdEma,minbias,0,test,38.795727,36.712337493896484,-0.05370151445413285,1,30mm,1.8906221
SubNetW8CleanAuxExDnRcK8QdEma,minbias,0,test,12.772101,12.539326667785645,-0.01822524948443227,3,60mm,2.194021
SubNetW8CleanAuxExDnRcK8QdEma,minbias,0,test,33.508877,30.704059600830078,-0.08370370682380124,1,30mm,3.4536107
SubNetW8CleanAuxExDnRcK8QdEma,minbias,0,test,7.4507227,4.616983890533447,-0.38033073033231113,2,40mm,1.377225
SubNetW8CleanAuxExDnRcK8QdEma,minbias,0,test,11.96164,10.797372817993164,-0.09733343464068989,2,40mm,2.2597322
SubNetW8CleanAuxExDnRcK8QdEma,minbias,0,test,17.041782,17.27937889099121,0.013941998938532763,2,40mm,3.4224422
SubNetW8CleanAuxExDnRcK8QdEma,minbias,0,test,36.962135,36.13370132446289,-0.02241304468531702,3,60mm,4.9248166
SubNetW8CleanAuxExDnRcK8QdEma,minbias,0,test,10.71807,8.213921546936035,-0.23363800350413855,2,40mm,1.2755575
SubNetW8CleanAuxExDnRcK8QdEma,minbias,0,test,26.104065,26.29339027404785,0.007252714589339515,3,60mm,3.3892562
SubNetW8CleanAuxExDnRcK8QdEma,minbias,0,test,42.659706,45.322837829589844,0.06242733380869825,2,40mm,3.3420885
SubNetW8CleanAuxExDnRcK8QdEma,minbias,0,test,29.22459,28.921428680419922,-0.010373511415078696,1,30mm,1.322766
SubNetW8CleanAuxExDnRcK8QdEma,minbias,0,test,57.04016,57.23719787597656,0.00345435109668224,2,40mm,3.4793823
SubNetW8CleanAuxExDnRcK8QdEma,minbias,0,test,21.203344,18.812246322631836,-0.11276985288475616,3,60mm,4.9206977
SubNetW8CleanAuxExDnRcK8QdEma,minbias,0,test,23.22721,22.76651954650879,-0.019834046478383938,3,60mm,2.9313817
SubNetW8CleanAuxExDnRcK8QdEma,minbias,0,test,24.8169,27.593395233154297,0.11187920133134499,1,30mm,1.2091949
SubNetW8CleanAuxExDnRcK8QdEma,minbias,0,test,10.566945,10.220541000366211,-0.03278185635786934,3,60mm,2.026357
SubNetW8CleanAuxExDnRcK8QdEma,minbias,0,test,24.13933,23.897878646850586,-0.0100024012400165,1,30mm,1.5395467
SubNetW8CleanAuxExDnRcK8QdEma,minbias,0,test,52.80638,51.05862045288086,-0.03309752973298319,0,15mm,1.3759288
SubNetW8CleanAuxExDnRcK8QdEma,minbias,0,test,45.971,45.910911560058594,-0.0013071090568086419,2,40mm,3.3905663
SubNetW8CleanAuxExDnRcK8QdEma,minbias,0,test,11.381098,11.633504867553711,0.022177744058838433,3,60mm,1.7728865
SubNetW8CleanAuxExDnRcK8QdEma,minbias,0,test,4.3359795,4.489405155181885,0.035384322012649516,3,60mm,0.81348825
SubNetW8CleanAuxExDnRcK8QdEma,minbias,0,test,45.091568,45.68767166137695,0.01321984785056185,2,40mm,3.802186
SubNetW8CleanAuxExDnRcK8QdEma,minbias,0,test,20.17886,19.318069458007812,-0.0426580225556249,4,120mm,4.5054936
SubNetW8CleanAuxExDnRcK8QdEma,minbias,0,test,9.107259,9.457345962524414,0.03844045432854992,3,60mm,1.2341917
SubNetW8CleanAuxExDnRcK8QdEma,minbias,0,test,20.515375,20.886505126953125,0.018090334061146462,2,40mm,2.180251
SubNetW8CleanAuxExDnRcK8QdEma,minbias,0,test,26.141407,25.769939422607422,-0.01420993101664969,2,40mm,2.0316563
SubNetW8CleanAuxExDnRcK8QdEma,minbias,0,test,21.76272,21.419586181640625,-0.01576705139285217,3,60mm,3.7551916
SubNetW8CleanAuxExDnRcK8QdEma,minbias,0,test,25.946638,25.553550720214844,-0.01514983889085697,3,60mm,4.607835
SubNetW8CleanAuxExDnRcK8QdEma,minbias,0,test,19.371315,19.93282699584961,0.028986777270280095,3,60mm,3.6174648
SubNetW8CleanAuxExDnRcK8QdEma,minbias,0,test,16.286053,24.671085357666016,0.5148597272942979,2,40mm,1.168855
SubNetW8CleanAuxExDnRcK8QdEma,minbias,0,test,9.947799,10.205167770385742,0.025871959059049043,3,60mm,1.9337628
SubNetW8CleanAuxExDnRcK8QdEma,minbias,0,test,30.196878,27.553909301757812,-0.08752458096998195,3,60mm,3.3796618
SubNetW8CleanAuxExDnRcK8QdEma,minbias,0,test,38.3543,38.13166046142578,-0.0058048506367890385,2,40mm,4.1854954
SubNetW8CleanAuxExDnRcK8QdEma,minbias,0,test,29.956137,29.7247257232666,-0.00772499413109029,0,15mm,1.0391251
SubNetW8CleanAuxExDnRcK8QdEma,minbias,0,test,22.262192,22.6553955078125,0.017662399972583565,2,40mm,3.1937208
SubNetW8CleanAuxExDnRcK8QdEma,minbias,0,test,10.730062,10.524824142456055,-0.019127326345390716,4,120mm,2.5148659
SubNetW8CleanAuxExDnRcK8QdEma,minbias,0,test,8.696189,8.61136531829834,-0.009754112877887744,3,60mm,1.6261042
SubNetW8CleanAuxExDnRcK8QdEma,minbias,0,test,21.521006,22.141618728637695,0.028837551032707465,4,120mm,4.827753
SubNetW8CleanAuxExDnRcK8QdEma,minbias,0,test,30.462326,28.387556076049805,-0.06810937452257315,1,30mm,1.8568019
SubNetW8CleanAuxExDnRcK8QdEma,minbias,0,test,27.53121,27.41556739807129,-0.0042004164668241195,1,30mm,1.5465969
SubNetW8CleanAuxExDnRcK8QdEma,minbias,0,test,57.367035,54.97622299194336,-0.0416757101675016,1,30mm,4.1068187
SubNetW8CleanAuxExDnRcK8QdEma,minbias,0,test,46.421337,44.14389419555664,-0.049060261359224144,1,30mm,2.5699403
SubNetW8CleanAuxExDnRcK8QdEma,minbias,0,test,57.075264,56.942195892333984,-0.0023314493082380316,2,40mm,4.2413692
SubNetW8CleanAuxExDnRcK8QdEma,minbias,0,test,13.519935,13.967747688293457,0.03312242592217829,3,60mm,2.1657581
SubNetW8CleanAuxExDnRcK8QdEma,minbias,0,test,30.255703,29.913963317871094,-0.0112950492293179,3,60mm,3.0097945
SubNetW8CleanAuxExDnRcK8QdEma,minbias,0,test,20.746593,20.664817810058594,-0.00394164301625699,3,60mm,3.0765486
SubNetW8CleanAuxExDnRcK8QdEma,minbias,0,test,32.095665,32.198856353759766,0.0032151187957334404,2,40mm,4.290526
SubNetW8CleanAuxExDnRcK8QdEma,minbias,0,test,25.505732,25.027368545532227,-0.018755119238960893,3,60mm,4.793715
SubNetW8CleanAuxExDnRcK8QdEma,minbias,0,test,10.344705,10.140643119812012,-0.019726180255215886,3,60mm,2.2234957
SubNetW8CleanAuxExDnRcK8QdEma,minbias,0,test,63.521465,63.62276077270508,0.0015946652160903074,2,40mm,3.8498957
SubNetW8CleanAuxExDnRcK8QdEma,minbias,0,test,35.237644,35.4214973449707,0.005217521023645588,2,40mm,4.574215
SubNetW8CleanAuxExDnRcK8QdEma,minbias,0,test,23.35147,24.035995483398438,0.029313979306856863,2,40mm,2.110972
SubNetW8CleanAuxExDnRcK8QdEma,minbias,0,test,58.156086,57.30733108520508,-0.014594429261956643,0,15mm,2.6779537
SubNetW8CleanAuxExDnRcK8QdEma,minbias,0,test,2.9292758,2.975356340408325,0.01573105204483083,4,120mm,0.58538276
SubNetW8CleanAuxExDnRcK8QdEma,minbias,0,test,24.302643,24.787914276123047,0.0199678470118001,2,40mm,2.13429
SubNetW8CleanAuxExDnRcK8QdEma,minbias,0,test,14.458629,14.040872573852539,-0.02889320215703861,3,60mm,2.1547391
SubNetW8CleanAuxExDnRcK8QdEma,minbias,0,test,88.61435,88.36886596679688,-0.002770244324942328,0,15mm,3.3680153
SubNetW8CleanAuxExDnRcK8QdEma,minbias,0,test,47.155487,47.48844528198242,0.007060858495810507,1,30mm,2.2103896
SubNetW8CleanAuxExDnRcK8QdEma,minbias,0,test,15.45683,15.189647674560547,-0.01728571445318361,3,60mm,2.7565424
SubNetW8CleanAuxExDnRcK8QdEma,minbias,0,test,21.093357,23.046859741210938,0.0926122213286309,0,15mm,1.0604699
SubNetW8CleanAuxExDnRcK8QdEma,minbias,0,test,11.372785,10.746256828308105,-0.05509009512521734,1,30mm,1.0362768
SubNetW8CleanAuxExDnRcK8QdEma,minbias,0,test,37.901043,37.655357360839844,-0.006482290679783453,2,40mm,2.471321
SubNetW8CleanAuxExDnRcK8QdEma,minbias,0,test,59.02557,58.32347869873047,-0.01189469611293692,2,40mm,4.57974
SubNetW8CleanAuxExDnRcK8QdEma,minbias,0,test,32.272614,32.253456115722656,-0.0005936119692598885,2,40mm,3.8100073
SubNetW8CleanAuxExDnRcK8QdEma,minbias,0,test,17.410328,17.35096549987793,-0.0034096090436201987,3,60mm,3.2306154
SubNetW8CleanAuxExDnRcK8QdEma,minbias,0,test,71.54172,75.25557708740234,0.051911803159948144,0,15mm,2.1064215
SubNetW8CleanAuxExDnRcK8QdEma,minbias,0,test,20.439404,20.51559829711914,0.0037278369232784936,3,60mm,4.14819
SubNetW8CleanAuxExDnRcK8QdEma,minbias,0,test,11.518787,13.39582347869873,0.16295431386010173,2,40mm,1.3521101
SubNetW8CleanAuxExDnRcK8QdEma,minbias,0,test,20.84484,22.173389434814453,0.06373521679021454,0,15mm,0.60431916
SubNetW8CleanAuxExDnRcK8QdEma,minbias,0,test,18.168621,18.381689071655273,0.01172725259012819,4,120mm,3.7943413
SubNetW8CleanAuxExDnRcK8QdEma,minbias,0,test,50.5316,50.1207275390625,-0.008131019111684568,1,30mm,2.308343
SubNetW8CleanAuxExDnRcK8QdEma,minbias,0,test,25.825903,29.08811378479004,0.12631546140602978,1,30mm,2.3873909
SubNetW8CleanAuxExDnRcK8QdEma,minbias,0,test,30.954742,30.959854125976562,0.00016513444901788965,2,40mm,2.304361
SubNetW8CleanAuxExDnRcK8QdEma,minbias,0,test,42.947018,41.89470291137695,-0.024502627083317963,2,40mm,3.8601437
SubNetW8CleanAuxExDnRcK8QdEma,minbias,0,test,40.002907,45.0770378112793,0.1268440575435783,2,40mm,2.933315
SubNetW8CleanAuxExDnRcK8QdEma,minbias,0,test,24.880928,24.952850341796875,0.0028906599517415366,2,40mm,2.2419686
SubNetW8CleanAuxExDnRcK8QdEma,minbias,0,test,40.805603,40.168861389160156,-0.015604269780228774,2,40mm,4.0103326
SubNetW8CleanAuxExDnRcK8QdEma,minbias,0,test,30.33471,29.31659507751465,-0.03356267846000194,3,60mm,4.5626845
SubNetW8CleanAuxExDnRcK8QdEma,minbias,0,test,11.055314,10.745696067810059,-0.028006259652389343,2,40mm,1.0010858
SubNetW8CleanAuxExDnRcK8QdEma,minbias,0,test,29.201094,30.061010360717773,0.029448098643854115,2,40mm,3.6691122
SubNetW8CleanAuxExDnRcK8QdEma,minbias,0,test,39.243073,38.291542053222656,-0.02424709370822531,2,40mm,3.3956394
SubNetW8CleanAuxExDnRcK8QdEma,minbias,0,test,10.404731,9.761789321899414,-0.06179318691372837,2,40mm,0.9639425
SubNetW8CleanAuxExDnRcK8QdEma,minbias,0,test,21.954794,21.600669860839844,-0.01612969223678795,2,40mm,4.074561
SubNetW8CleanAuxExDnRcK8QdEma,minbias,0,test,5.0399275,4.906280040740967,-0.026517731123173904,2,40mm,0.6680995
SubNetW8CleanAuxExDnRcK8QdEma,minbias,0,test,74.45319,75.34965515136719,0.012040604877950889,1,30mm,3.1291769
SubNetW8CleanAuxExDnRcK8QdEma,minbias,0,test,10.945873,14.72352123260498,0.34512074845045726,4,120mm,2.2314415
SubNetW8CleanAuxExDnRcK8QdEma,minbias,0,test,32.39646,35.01936721801758,0.08096272280441963,3,60mm,4.436763
SubNetW8CleanAuxExDnRcK8QdEma,minbias,0,test,18.262985,18.383604049682617,0.0066045511549583935,3,60mm,2.583356
SubNetW8CleanAuxExDnRcK8QdEma,minbias,0,test,46.646183,46.23015213012695,-0.008918862314306608,2,40mm,3.4775949
SubNetW8CleanAuxExDnRcK8QdEma,minbias,0,test,48.289078,47.54619216918945,-0.015384132894615044,2,40mm,3.9506683
SubNetW8CleanAuxExDnRcK8QdEma,minbias,0,test,33.59412,32.45900344848633,-0.033789144537266114,2,40mm,4.802038
SubNetW8CleanAuxExDnRcK8QdEma,minbias,0,test,36.004753,35.79680633544922,-0.005775536821272187,1,30mm,1.6011195
SubNetW8CleanAuxExDnRcK8QdEma,minbias,0,test,23.881824,23.200000762939453,-0.028549901229570795,3,60mm,4.593835
SubNetW8CleanAuxExDnRcK8QdEma,minbias,0,test,48.337437,49.083465576171875,0.015433770415808956,2,40mm,3.238224
SubNetW8CleanAuxExDnRcK8QdEma,minbias,0,test,7.0067453,6.719686985015869,-0.04096885780181447,3,60mm,1.0075834
SubNetW8CleanAuxExDnRcK8QdEma,minbias,0,test,10.472281,10.334177017211914,-0.013187617174163724,4,120mm,2.2959557
SubNetW8CleanAuxExDnRcK8QdEma,minbias,0,test,33.70489,35.11106872558594,0.041720280662121745,0,15mm,0.75531197
SubNetW8CleanAuxExDnRcK8QdEma,minbias,0,test,21.581745,22.891122817993164,0.060670611265526864,3,60mm,3.82918
SubNetW8CleanAuxExDnRcK8QdEma,minbias,0,test,13.89045,13.6307954788208,-0.018692990796139175,2,40mm,1.5060207
SubNetW8CleanAuxExDnRcK8QdEma,minbias,0,test,3.7571597,3.705451250076294,-0.01376264621316392,3,60mm,0.83475554
SubNetW8CleanAuxExDnRcK8QdEma,minbias,0,test,42.344143,42.23053741455078,-0.0026829094049393154,1,30mm,2.334026
SubNetW8CleanAuxExDnRcK8QdEma,minbias,0,test,56.595444,58.57400894165039,0.03495979686382378,0,15mm,1.7024386
SubNetW8CleanAuxExDnRcK8QdEma,minbias,0,test,10.662715,11.221383094787598,0.052394548554214104,3,60mm,1.4655894
SubNetW8CleanAuxExDnRcK8QdEma,minbias,0,test,88.37136,85.00019836425781,-0.03814768025343329,0,15mm,3.1290097
SubNetW8CleanAuxExDnRcK8QdEma,minbias,0,test,9.145847,8.549812316894531,-0.06517001462756034,1,30mm,0.6046751
SubNetW8CleanAuxExDnRcK8QdEma,minbias,0,test,39.6434,40.32451248168945,0.01718102448943104,2,40mm,3.351549
SubNetW8CleanAuxExDnRcK8QdEma,minbias,0,test,19.723124,19.474594116210938,-0.012600916562167552,3,60mm,4.2020607
SubNetW8CleanAuxExDnRcK8QdEma,minbias,0,test,18.286762,17.30047607421875,-0.05393443358195493,3,60mm,1.8502045
SubNetW8CleanAuxExDnRcK8QdEma,minbias,0,test,52.146156,52.01233673095703,-0.002566240535159192,2,40mm,4.8464556
SubNetW8CleanAuxExDnRcK8QdEma,minbias,0,test,22.344315,21.401771545410156,-0.04218267813108412,4,120mm,4.4732747
SubNetW8CleanAuxExDnRcK8QdEma,minbias,0,test,13.387953,12.575789451599121,-0.06066374484748349,1,30mm,0.54916084
SubNetW8CleanAuxExDnRcK8QdEma,minbias,0,test,30.386995,30.88372230529785,0.016346696492623325,3,60mm,4.790992
SubNetW8CleanAuxExDnRcK8QdEma,minbias,0,test,6.442536,6.063614368438721,-0.0588155838027109,2,40mm,0.5568948
SubNetW8CleanAuxExDnRcK8QdEma,minbias,0,test,42.805355,43.30988311767578,0.011786563732631317,0,15mm,1.0392858
SubNetW8CleanAuxExDnRcK8QdEma,minbias,0,test,65.365616,43.969383239746094,-0.32733161507735775,1,30mm,4.2959104
SubNetW8CleanAuxExDnRcK8QdEma,minbias,0,test,28.896927,30.872817993164062,0.06837720569714989,0,15mm,0.6312319
SubNetW8CleanAuxExDnRcK8QdEma,minbias,0,test,28.675447,28.158348083496094,-0.018032826903312982,3,60mm,4.461526
SubNetW8CleanAuxExDnRcK8QdEma,minbias,0,test,78.205894,85.06414031982422,0.08769474342143568,1,30mm,3.7574832
SubNetW8CleanAuxExDnRcK8QdEma,minbias,0,test,10.316241,10.26572322845459,-0.004896942073590371,3,60mm,1.3600359
SubNetW8CleanAuxExDnRcK8QdEma,minbias,0,test,7.0480084,7.3159098625183105,0.03801093923208887,3,60mm,1.2976735
SubNetW8CleanAuxExDnRcK8QdEma,minbias,0,test,23.552671,22.989192962646484,-0.02392418505321714,3,60mm,3.1918921
SubNetW8CleanAuxExDnRcK8QdEma,minbias,0,test,22.280739,23.787967681884766,0.06764716658545589,3,60mm,4.4621973
SubNetW8CleanAuxExDnRcK8QdEma,minbias,0,test,62.646175,62.7331657409668,0.0013885980414825028,1,30mm,3.3002908
SubNetW8CleanAuxExDnRcK8QdEma,minbias,0,test,27.585602,27.318700790405273,-0.009675374063113695,2,40mm,2.7212787
SubNetW8CleanAuxExDnRcK8QdEma,minbias,0,test,15.08081,14.400412559509277,-0.045116744527970765,2,40mm,1.712823
SubNetW8CleanAuxExDnRcK8QdEma,minbias,0,test,38.62345,37.205753326416016,-0.03670562472382455,2,40mm,4.977534
SubNetW8CleanAuxExDnRcK8QdEma,minbias,0,test,16.265179,16.560110092163086,0.01813268809018398,0,15mm,0.5486156
SubNetW8CleanAuxExDnRcK8QdEma,minbias,0,test,29.563377,29.275081634521484,-0.009751786547941066,1,30mm,1.3671271
SubNetW8CleanAuxExDnRcK8QdEma,minbias,0,test,50.08402,60.46061325073242,0.20718374466124234,0,15mm,1.4282426
SubNetW8CleanAuxExDnRcK8QdEma,minbias,0,test,64.53317,63.058815002441406,-0.02284650739162486,1,30mm,3.6913023
SubNetW8CleanAuxExDnRcK8QdEma,minbias,0,test,6.3295703,6.395595550537109,0.010431238464823744,3,60mm,1.3792874
SubNetW8CleanAuxExDnRcK8QdEma,minbias,0,test,31.72867,31.484737396240234,-0.0076880853522890424,3,60mm,4.3105283
SubNetW8CleanAuxExDnRcK8QdEma,minbias,0,test,15.269495,14.810361862182617,-0.030068653081281815,3,60mm,2.6540227
SubNetW8CleanAuxExDnRcK8QdEma,minbias,0,test,15.149343,15.267285346984863,0.00778534182398416,3,60mm,3.6057706
SubNetW8CleanAuxExDnRcK8QdEma,minbias,0,test,16.63255,15.829845428466797,-0.04826102382891495,3,60mm,2.5667326
SubNetW8CleanAuxExDnRcK8QdEma,minbias,0,test,61.169327,59.382755279541016,-0.02920698324907267,2,40mm,3.9223185
SubNetW8CleanAuxExDnRcK8QdEma,minbias,0,test,18.2471,17.97820281982422,-0.014736478564894018,3,60mm,3.6416788
SubNetW8CleanAuxExDnRcK8QdEma,minbias,0,test,24.999277,22.314241409301758,-0.1074045338682813,3,60mm,4.126587
SubNetW8CleanAuxExDnRcK8QdEma,minbias,0,test,21.859268,21.881956100463867,0.0010379081217031239,3,60mm,3.8343234
SubNetW8CleanAuxExDnRcK8QdEma,minbias,0,test,3.7407103,3.4240987300872803,-0.08463941511602913,3,60mm,0.68087906
SubNetW8CleanAuxExDnRcK8QdEma,minbias,0,test,62.77553,60.45363998413086,-0.03698721013179873,2,40mm,3.9524033
SubNetW8CleanAuxExDnRcK8QdEma,minbias,0,test,85.04261,84.37681579589844,-0.007828950349004438,1,30mm,4.5191455
SubNetW8CleanAuxExDnRcK8QdEma,minbias,0,test,31.704786,32.23141860961914,0.016610498615756697,2,40mm,2.9148111
SubNetW8CleanAuxExDnRcK8QdEma,minbias,0,test,14.419205,14.555022239685059,0.009419210732113159,2,40mm,1.2204373
SubNetW8CleanAuxExDnRcK8QdEma,minbias,0,test,53.593525,51.81962203979492,-0.033099201727981975,2,40mm,3.7201865
SubNetW8CleanAuxExDnRcK8QdEma,minbias,0,test,25.715673,26.28076171875,0.021974469121601947,3,60mm,4.461357
SubNetW8CleanAuxExDnRcK8QdEma,minbias,0,test,2.3036196,2.2746996879577637,-0.012554127832296147,3,60mm,0.51397216
SubNetW8CleanAuxExDnRcK8QdEma,minbias,0,test,7.1301904,7.10268497467041,-0.0038575965520979416,3,60mm,1.0814917
SubNetW8CleanAuxExDnRcK8QdEma,minbias,0,test,22.728838,22.047269821166992,-0.029986933196670784,3,60mm,4.805856
SubNetW8CleanAuxExDnRcK8QdEma,minbias,0,test,22.061666,21.780973434448242,-0.012723112025270544,2,40mm,1.4631295
SubNetW8CleanAuxExDnRcK8QdEma,minbias,0,test,28.976633,28.774612426757812,-0.006971846751150479,2,40mm,3.7529051
SubNetW8CleanAuxExDnRcK8QdEma,minbias,0,test,81.92456,80.2180404663086,-0.020830384309354688,0,15mm,3.693392
SubNetW8CleanAuxExDnRcK8QdEma,minbias,0,test,9.28737,9.037416458129883,-0.026913246406304547,3,60mm,1.2127035
SubNetW8CleanAuxExDnRcK8QdEma,minbias,0,test,14.028463,13.930333137512207,-0.0069950801874382185,4,120mm,2.9948936
SubNetW8CleanAuxExDnRcK8QdEma,minbias,0,test,21.714203,22.937538146972656,0.05633802322035164,2,40mm,3.099011
SubNetW8CleanAuxExDnRcK8QdEma,minbias,0,test,17.619904,17.1788330078125,-0.025032518198933484,1,30mm,0.9377615
SubNetW8CleanAuxExDnRcK8QdEma,minbias,0,test,16.068804,16.23957633972168,0.010627583406422225,3,60mm,2.930121
SubNetW8CleanAuxExDnRcK8QdEma,minbias,0,test,54.395054,53.41188049316406,-0.018074683275947523,2,40mm,4.719502
SubNetW8CleanAuxExDnRcK8QdEma,minbias,0,test,34.452816,33.6426887512207,-0.023514108631262354,1,30mm,2.3396628
SubNetW8CleanAuxExDnRcK8QdEma,minbias,0,test,18.50018,18.880252838134766,0.020544316970640075,2,40mm,1.8892086
SubNetW8CleanAuxExDnRcK8QdEma,minbias,0,test,24.898645,25.708053588867188,0.03250812141907411,2,40mm,2.7756634
SubNetW8CleanAuxExDnRcK8QdEma,minbias,0,test,74.10624,72.77368927001953,-0.01798161748695315,1,30mm,2.957148
SubNetW8CleanAuxExDnRcK8QdEma,minbias,0,test,20.748365,20.567232131958008,-0.008730001942431453,2,40mm,2.5257623
SubNetW8CleanAuxExDnRcK8QdEma,minbias,0,test,28.511187,27.704198837280273,-0.02830425032042594,2,40mm,2.9677606
SubNetW8CleanAuxExDnRcK8QdEma,minbias,0,test,20.800585,20.19411277770996,-0.02915648869556331,4,120mm,4.493398
SubNetW8CleanAuxExDnRcK8QdEma,minbias,0,test,67.21877,74.2581558227539,0.10472346685471501,1,30mm,2.8495607
SubNetW8CleanAuxExDnRcK8QdEma,minbias,0,test,44.28228,44.12548828125,-0.0035407320292473177,2,40mm,4.1256094
SubNetW8CleanAuxExDnRcK8QdEma,minbias,0,test,44.94351,45.17338180541992,0.005114724388416647,1,30mm,3.195502
SubNetW8CleanAuxExDnRcK8QdEma,minbias,0,test,17.291836,18.116785049438477,0.04770744267917304,3,60mm,2.1622763
SubNetW8CleanAuxExDnRcK8QdEma,minbias,0,test,82.93535,82.23171997070312,-0.008484060809703209,0,15mm,3.0713644
SubNetW8CleanAuxExDnRcK8QdEma,minbias,0,test,30.103308,29.856557846069336,-0.008196769610569143,2,40mm,4.6091304
SubNetW8CleanAuxExDnRcK8QdEma,minbias,0,test,66.02063,64.7625961303711,-0.019055161313583868,2,40mm,4.0013394
SubNetW8CleanAuxExDnRcK8QdEma,minbias,0,test,73.783714,72.63764953613281,-0.015532760437180104,2,40mm,4.951731
SubNetW8CleanAuxExDnRcK8QdEma,minbias,0,test,3.714863,3.8083667755126953,0.02517016429667307,3,60mm,0.7489514
SubNetW8CleanAuxExDnRcK8QdEma,minbias,0,test,29.049238,28.722084045410156,-0.011262056417372213,2,40mm,3.7249584
SubNetW8CleanAuxExDnRcK8QdEma,minbias,0,test,6.690935,6.591761589050293,-0.014822075515318334,3,60mm,1.0426152
SubNetW8CleanAuxExDnRcK8QdEma,minbias,0,test,5.704251,6.100139141082764,0.06940233547981434,2,40mm,0.5570935
SubNetW8CleanAuxExDnRcK8QdEma,minbias,0,test,10.252118,9.708822250366211,-0.05299352333112406,2,40mm,1.3822167
SubNetW8CleanAuxExDnRcK8QdEma,minbias,0,test,29.411224,29.399126052856445,-0.0004113501780032003,2,40mm,3.9868064
SubNetW8CleanAuxExDnRcK8QdEma,minbias,0,test,85.64436,85.86497497558594,0.0025759029958190016,0,15mm,2.8339686
SubNetW8CleanAuxExDnRcK8QdEma,minbias,0,test,20.690372,20.536624908447266,-0.007430874375928376,4,120mm,4.446722
SubNetW8CleanAuxExDnRcK8QdEma,minbias,0,test,25.91575,25.2232723236084,-0.026720359876788002,1,30mm,1.4802039
SubNetW8CleanAuxExDnRcK8QdEma,minbias,0,test,28.490366,28.8624210357666,0.013058977688994,2,40mm,2.6543994
SubNetW8CleanAuxExDnRcK8QdEma,minbias,0,test,30.485313,29.946819305419922,-0.017664050317197866,1,30mm,1.4644779
SubNetW8CleanAuxExDnRcK8QdEma,minbias,0,test,28.742004,29.889833450317383,0.03993559530609958,2,40mm,3.4128532
SubNetW8CleanAuxExDnRcK8QdEma,minbias,0,test,11.643857,11.451146125793457,-0.01655043311056359,2,40mm,0.8876967
SubNetW8CleanAuxExDnRcK8QdEma,minbias,0,test,69.65032,57.52939987182617,-0.17402535620016069,1,30mm,4.1495667
SubNetW8CleanAuxExDnRcK8QdEma,minbias,0,test,29.433813,29.261417388916016,-0.005857063290433784,3,60mm,3.8462896
SubNetW8CleanAuxExDnRcK8QdEma,minbias,0,test,48.79945,48.546051025390625,-0.005192658845042053,0,15mm,1.3991953
SubNetW8CleanAuxExDnRcK8QdEma,minbias,0,test,23.700243,32.45974349975586,0.36959538790124036,2,40mm,1.6775887
SubNetW8CleanAuxExDnRcK8QdEma,minbias,0,test,16.365847,18.883472442626953,0.15383413183764838,1,30mm,1.0008832
SubNetW8CleanAuxExDnRcK8QdEma,minbias,0,test,24.1054,22.465394973754883,-0.06803476009030418,1,30mm,1.5139782
SubNetW8CleanAuxExDnRcK8QdEma,minbias,0,test,11.123961,10.033645629882812,-0.09801506628891066,2,40mm,0.96191096
SubNetW8CleanAuxExDnRcK8QdEma,minbias,0,test,10.211805,10.936661720275879,0.07098219680619478,2,40mm,1.0294966
SubNetW8CleanAuxExDnRcK8QdEma,minbias,0,test,27.620966,25.51739501953125,-0.076158485598813,2,40mm,4.761853
SubNetW8CleanAuxExDnRcK8QdEma,minbias,0,test,60.539352,62.18706512451172,0.027217217260108173,0,15mm,1.4796828
SubNetW8CleanAuxExDnRcK8QdEma,minbias,0,test,63.321404,62.1694221496582,-0.018192606133526135,1,30mm,3.385991
SubNetW8CleanAuxExDnRcK8QdEma,minbias,0,test,27.207422,27.888778686523438,0.02504303508178496,3,60mm,3.9171505
SubNetW8CleanAuxExDnRcK8QdEma,minbias,0,test,28.949575,28.71964454650879,-0.007942461135142742,2,40mm,2.3068025
SubNetW8CleanAuxExDnRcK8QdEma,minbias,0,test,20.463764,20.530357360839844,0.003254199449599149,2,40mm,3.3848033
SubNetW8CleanAuxExDnRcK8QdEma,minbias,0,test,27.126722,28.263113021850586,0.041891927523244554,3,60mm,3.3425791
SubNetW8CleanAuxExDnRcK8QdEma,minbias,0,test,40.10507,39.396697998046875,-0.017662860092589328,2,40mm,3.794338
SubNetW8CleanAuxExDnRcK8QdEma,minbias,0,test,13.834518,13.534178733825684,-0.021709443682795815,3,60mm,2.4601095
SubNetW8CleanAuxExDnRcK8QdEma,minbias,0,test,21.448236,21.43697166442871,-0.0005252087295630758,1,30mm,1.2457759
SubNetW8CleanAuxExDnRcK8QdEma,minbias,0,test,12.232349,11.546804428100586,-0.05604360580882717,4,120mm,2.7361152
SubNetW8CleanAuxExDnRcK8QdEma,minbias,0,test,41.438477,41.12158203125,-0.007647349939905235,3,60mm,4.862115
SubNetW8CleanAuxExDnRcK8QdEma,minbias,0,test,82.54352,82.46189880371094,-0.0009888028110172087,0,15mm,1.7139115
SubNetW8CleanAuxExDnRcK8QdEma,minbias,0,test,20.906544,20.558469772338867,-0.01664904365913844,3,60mm,2.4686835
SubNetW8CleanAuxExDnRcK8QdEma,minbias,0,test,13.235109,13.631680488586426,0.029963572608134648,3,60mm,2.243667
SubNetW8CleanAuxExDnRcK8QdEma,minbias,0,test,11.921843,12.396404266357422,0.039806069262851684,2,40mm,1.3553833
SubNetW8CleanAuxExDnRcK8QdEma,minbias,0,test,68.71298,69.524169921875,0.011805450999672784,0,15mm,3.5234084
SubNetW8CleanAuxExDnRcK8QdEma,minbias,0,test,17.578447,18.59813117980957,0.05800761683081124,3,60mm,2.7448556
SubNetW8CleanAuxExDnRcK8QdEma,minbias,0,test,24.995275,25.705936431884766,0.028431810424379034,3,60mm,2.6006556
SubNetW8CleanAuxExDnRcK8QdEma,minbias,0,test,9.898589,10.212567329406738,0.031719489609393525,3,60mm,1.4692913
SubNetW8CleanAuxExDnRcK8QdEma,minbias,0,test,80.28527,76.47195434570312,-0.047497085236161696,1,30mm,2.9646885
SubNetW8CleanAuxExDnRcK8QdEma,minbias,0,test,5.740273,4.061463832855225,-0.2924615547557883,4,120mm,1.2775286
SubNetW8CleanAuxExDnRcK8QdEma,minbias,0,test,13.969725,13.245583534240723,-0.05183646340829029,2,40mm,1.5667658
SubNetW8CleanAuxExDnRcK8QdEma,minbias,0,test,11.420026,12.693684577941895,0.11152853521551354,0,15mm,0.5767627
SubNetW8CleanAuxExDnRcK8QdEma,minbias,0,test,6.549483,7.524100303649902,0.14880831168770658,1,30mm,0.5337559
SubNetW8CleanAuxExDnRcK8QdEma,minbias,0,test,12.737911,12.144518852233887,-0.046584747034215446,3,60mm,2.5341458
SubNetW8CleanAuxExDnRcK8QdEma,minbias,0,test,36.750843,36.92204284667969,0.004658391056769462,3,60mm,3.9976084
SubNetW8CleanAuxExDnRcK8QdEma,minbias,0,test,21.425516,20.687686920166016,-0.03443693976600137,2,40mm,1.7933285
SubNetW8CleanAuxExDnRcK8QdEma,minbias,0,test,19.308031,19.39887237548828,0.004704844991622492,3,60mm,3.2953525
SubNetW8CleanAuxExDnRcK8QdEma,minbias,0,test,32.815933,31.79547119140625,-0.031096541702993363,3,60mm,3.417077
SubNetW8CleanAuxExDnRcK8QdEma,minbias,0,test,10.503381,10.543680191040039,0.003836804210941791,2,40mm,0.80089855
SubNetW8CleanAuxExDnRcK8QdEma,minbias,0,test,38.816795,38.467918395996094,-0.008987783509359137,3,60mm,4.553927
SubNetW8CleanAuxExDnRcK8QdEma,minbias,0,test,10.738392,14.465258598327637,0.3470600407459312,1,30mm,0.93291444
SubNetW8CleanAuxExDnRcK8QdEma,minbias,0,test,14.514332,14.909332275390625,0.027214512023485904,1,30mm,0.8767613
SubNetW8CleanAuxExDnRcK8QdEma,minbias,0,test,5.420659,5.830615997314453,0.07562861399939802,4,120mm,1.2031033
SubNetW8CleanAuxExDnRcK8QdEma,minbias,0,test,77.93921,76.48796081542969,-0.01862025786323096,0,15mm,2.2775102
SubNetW8CleanAuxExDnRcK8QdEma,minbias,0,test,16.298615,16.31804656982422,0.0011922527444749864,3,60mm,2.2305808
SubNetW8CleanAuxExDnRcK8QdEma,minbias,0,test,39.99293,40.60973358154297,0.015422780839242423,1,30mm,2.1545315
SubNetW8CleanAuxExDnRcK8QdEma,minbias,0,test,38.947083,38.773590087890625,-0.00445456810670275,2,40mm,3.6376333
SubNetW8CleanAuxExDnRcK8QdEma,minbias,0,test,22.546604,21.763790130615234,-0.03471981946573677,3,60mm,2.7891173
SubNetW8CleanAuxExDnRcK8QdEma,minbias,0,test,20.074108,22.521474838256836,0.12191658525433802,1,30mm,1.3491949
SubNetW8CleanAuxExDnRcK8QdEma,minbias,0,test,22.530378,32.50214767456055,0.44259218294798,1,30mm,2.3370452
SubNetW8CleanAuxExDnRcK8QdEma,minbias,0,test,14.110116,13.594101905822754,-0.03657050721200983,3,60mm,2.9921708
SubNetW8CleanAuxExDnRcK8QdEma,minbias,0,test,20.705694,23.467756271362305,0.13339625545805367,1,30mm,1.6221794
SubNetW8CleanAuxExDnRcK8QdEma,minbias,0,test,20.388134,21.559612274169922,0.057458827341926755,2,40mm,2.5515063
SubNetW8CleanAuxExDnRcK8QdEma,minbias,0,test,55.106056,55.1136589050293,0.00013796472062810317,1,30mm,4.0372324
SubNetW8CleanAuxExDnRcK8QdEma,minbias,0,test,63.596756,63.5031623840332,-0.0014716725085697213,0,15mm,1.961543
SubNetW8CleanAuxExDnRcK8QdEma,minbias,0,test,31.38634,31.34797477722168,-0.0012223282929255674,1,30mm,1.8591545
SubNetW8CleanAuxExDnRcK8QdEma,minbias,0,test,18.026396,18.232894897460938,0.011455373666956481,3,60mm,3.1873894
SubNetW8CleanAuxExDnRcK8QdEma,minbias,0,test,11.355444,11.138923645019531,-0.019067533626728195,4,120mm,2.582542
SubNetW8CleanAuxExDnRcK8QdEma,minbias,0,test,31.662766,30.100570678710938,-0.04933854637789625,1,30mm,1.341207
SubNetW8CleanAuxExDnRcK8QdEma,minbias,0,test,62.99232,61.04025650024414,-0.030988928217358103,1,30mm,3.031698
SubNetW8CleanAuxExDnRcK8QdEma,minbias,0,test,70.127335,67.46090698242188,-0.03802265732348531,1,30mm,3.030761
SubNetW8CleanAuxExDnRcK8QdEma,minbias,0,test,63.523823,62.91884231567383,-0.00952367855447045,1,30mm,3.3009305
SubNetW8CleanAuxExDnRcK8QdEma,minbias,0,test,30.834526,31.382909774780273,0.01778472974307088,2,40mm,4.663121
SubNetW8CleanAuxExDnRcK8QdEma,minbias,0,test,47.648243,47.45363998413086,-0.004084158287032902,1,30mm,3.0519242
SubNetW8CleanAuxExDnRcK8QdEma,minbias,0,test,27.819407,26.826400756835938,-0.03569471376853306,2,40mm,3.2757351
SubNetW8CleanAuxExDnRcK8QdEma,minbias,0,test,77.07554,65.9294204711914,-0.144612913012642,0,15mm,2.2009764
SubNetW8CleanAuxExDnRcK8QdEma,minbias,0,test,2.86597,3.386171579360962,0.18150982106023505,2,40mm,0.6042905
SubNetW8CleanAuxExDnRcK8QdEma,minbias,0,test,59.741,54.6715087890625,-0.08485784041563793,2,40mm,4.392367
SubNetW8CleanAuxExDnRcK8QdEma,minbias,0,test,20.360998,20.08131980895996,-0.013735983993295786,3,60mm,4.131958
SubNetW8CleanAuxExDnRcK8QdEma,minbias,0,test,22.709528,22.483240127563477,-0.009964444972268116,3,60mm,3.4642613
SubNetW8CleanAuxExDnRcK8QdEma,minbias,0,test,23.050762,22.0687255859375,-0.04260321559244429,1,30mm,1.3092034
SubNetW8CleanAuxExDnRcK8QdEma,minbias,0,test,13.955763,13.394257545471191,-0.04023465597644005,4,120mm,3.1818416
SubNetW8CleanAuxExDnRcK8QdEma,minbias,0,test,19.85015,19.609508514404297,-0.01212286307693855,3,60mm,4.111699
SubNetW8CleanAuxExDnRcK8QdEma,minbias,0,test,23.676662,23.096851348876953,-0.024488717425296347,3,60mm,4.2416105
SubNetW8CleanAuxExDnRcK8QdEma,minbias,0,test,10.551008,10.587242126464844,0.0034341648880005238,3,60mm,1.9068004
SubNetW8CleanAuxExDnRcK8QdEma,minbias,0,test,75.0003,75.55371856689453,0.007378917665833651,2,40mm,4.9681954
SubNetW8CleanAuxExDnRcK8QdEma,minbias,0,test,83.37964,83.93769073486328,0.006692905748661104,0,15mm,3.9865751
SubNetW8CleanAuxExDnRcK8QdEma,minbias,0,test,33.050934,33.14278030395508,0.0027789370949378167,2,40mm,2.1388574
SubNetW8CleanAuxExDnRcK8QdEma,minbias,0,test,13.426914,13.620073318481445,0.014385963915409583,3,60mm,2.9025645
SubNetW8CleanAuxExDnRcK8QdEma,minbias,0,test,29.757591,30.721515655517578,0.03239255489262982,1,30mm,1.6583662
SubNetW8CleanAuxExDnRcK8QdEma,minbias,0,test,9.305861,10.275314331054688,0.10417658384183559,4,120mm,1.9707603
SubNetW8CleanAuxExDnRcK8QdEma,minbias,0,test,30.638235,30.98862648010254,0.011436409012641757,1,30mm,1.7331812
SubNetW8CleanAuxExDnRcK8QdEma,minbias,0,test,10.439241,10.82507610321045,0.03696003174760354,3,60mm,1.5000428
SubNetW8CleanAuxExDnRcK8QdEma,minbias,0,test,14.902334,14.769009590148926,-0.008946559726818348,3,60mm,1.6700131
SubNetW8CleanAuxExDnRcK8QdEma,minbias,0,test,37.37604,37.59963607788086,0.005982299277243364,3,60mm,4.0044346
SubNetW8CleanAuxExDnRcK8QdEma,minbias,0,test,13.461661,13.932842254638672,0.035001691394080714,2,40mm,2.1148055
SubNetW8CleanAuxExDnRcK8QdEma,minbias,0,test,82.755806,86.94868469238281,0.05066567443863801,0,15mm,1.9502391
SubNetW8CleanAuxExDnRcK8QdEma,minbias,0,test,66.17535,65.52352905273438,-0.009849851303965318,1,30mm,4.1437335
SubNetW8CleanAuxExDnRcK8QdEma,minbias,0,test,14.098274,14.276766777038574,0.012660595414551334,4,120mm,3.3187199
SubNetW8CleanAuxExDnRcK8QdEma,minbias,0,test,44.176586,44.023902893066406,-0.003456203191761542,2,40mm,3.5766015
SubNetW8CleanAuxExDnRcK8QdEma,minbias,0,test,7.8026223,7.694489479064941,-0.01385852535111376,3,60mm,1.5421621
SubNetW8CleanAuxExDnRcK8QdEma,minbias,0,test,50.2494,50.28294372558594,0.0006675230416155475,2,40mm,3.2577107
SubNetW8CleanAuxExDnRcK8QdEma,minbias,0,test,17.093803,18.217634201049805,0.06574492338605475,4,120mm,3.9391994
SubNetW8CleanAuxExDnRcK8QdEma,minbias,0,test,68.277504,66.95281219482422,-0.01940158464339381,1,30mm,4.8066077
SubNetW8CleanAuxExDnRcK8QdEma,minbias,0,test,89.902466,91.4879379272461,0.017635468532114285,0,15mm,2.1046634
SubNetW8CleanAuxExDnRcK8QdEma,minbias,0,test,12.2026005,11.716236114501953,-0.03985743575363365,3,60mm,1.3426647
SubNetW8CleanAuxExDnRcK8QdEma,minbias,0,test,49.201786,46.9876594543457,-0.04500093929633642,2,40mm,4.8423657
SubNetW8CleanAuxExDnRcK8QdEma,minbias,0,test,67.63296,67.62551879882812,-0.00010998572216114333,2,40mm,4.931543
SubNetW8CleanAuxExDnRcK8QdEma,minbias,0,test,20.12737,19.958484649658203,-0.008390871618669249,3,60mm,3.26877
SubNetW8CleanAuxExDnRcK8QdEma,minbias,0,test,5.2968874,5.572506427764893,0.05203414936005957,3,60mm,0.9408954
SubNetW8CleanAuxExDnRcK8QdEma,minbias,0,test,6.8678374,6.739711284637451,-0.01865596641342826,3,60mm,1.3990011
SubNetW8CleanAuxExDnRcK8QdEma,minbias,0,test,12.348646,12.190969467163086,-0.012768743608330024,3,60mm,1.7756187
SubNetW8CleanAuxExDnRcK8QdEma,minbias,0,test,7.1662517,7.078134536743164,-0.012296124506686157,3,60mm,1.187783
SubNetW8CleanAuxExDnRcK8QdEma,minbias,0,test,17.07126,16.884708404541016,-0.010927842630664153,4,120mm,3.83708
SubNetW8CleanAuxExDnRcK8QdEma,minbias,0,test,19.933739,19.848234176635742,-0.004289437777365235,2,40mm,2.0578766
SubNetW8CleanAuxExDnRcK8QdEma,minbias,0,test,19.890676,19.324575424194336,-0.02846062446714237,2,40mm,3.29752
SubNetW8CleanAuxExDnRcK8QdEma,minbias,0,test,11.496743,10.442303657531738,-0.0917163692475178,3,60mm,1.3511051
SubNetW8CleanAuxExDnRcK8QdEma,minbias,0,test,16.301678,16.739065170288086,0.02683082529150771,3,60mm,2.1628575
SubNetW8CleanAuxExDnRcK8QdEma,minbias,0,test,13.98088,13.381979942321777,-0.04283706394570541,3,60mm,3.3440683
SubNetW8CleanAuxExDnRcK8QdEma,minbias,0,test,10.891731,13.328353881835938,0.22371306828728765,1,30mm,0.7696677
SubNetW8CleanAuxExDnRcK8QdEma,minbias,0,test,8.146746,8.097620010375977,-0.006030097575856708,3,60mm,1.9310873
SubNetW8CleanAuxExDnRcK8QdEma,minbias,0,test,76.00606,78.00224304199219,0.026263502701092234,1,30mm,4.755409
SubNetW8CleanAuxExDnRcK8QdEma,minbias,0,test,80.59246,80.15697479248047,-0.005403555573647356,1,30mm,4.1687617
SubNetW8CleanAuxExDnRcK8QdEma,minbias,0,test,21.529701,21.8013858795166,0.012619062553044236,2,40mm,1.9968327
SubNetW8CleanAuxExDnRcK8QdEma,minbias,0,test,66.486824,65.58663940429688,-0.013539293602970903,1,30mm,3.2472873
SubNetW8CleanAuxExDnRcK8QdEma,minbias,0,test,26.971426,30.918766021728516,0.14635266263318303,2,40mm,4.82643
SubNetW8CleanAuxExDnRcK8QdEma,minbias,0,test,3.9908836,4.535621643066406,0.1364956010757885,2,40mm,0.5061578
SubNetW8CleanAuxExDnRcK8QdEma,minbias,0,test,84.86096,83.92579650878906,-0.011019971777134319,0,15mm,1.9019094
SubNetW8CleanAuxExDnRcK8QdEma,minbias,0,test,59.805298,59.24330139160156,-0.00939710159718321,2,40mm,4.4124093
SubNetW8CleanAuxExDnRcK8QdEma,minbias,0,test,21.157053,21.0069637298584,-0.007094053409053669,3,60mm,3.3403094
SubNetW8CleanAuxExDnRcK8QdEma,minbias,0,test,24.70941,24.31297492980957,-0.01604387917510719,3,60mm,4.224448
SubNetW8CleanAuxExDnRcK8QdEma,minbias,0,test,4.0296226,4.456451892852783,0.10592290773425406,2,40mm,0.6173866
SubNetW8CleanAuxExDnRcK8QdEma,minbias,0,test,15.583848,15.78360366821289,0.012818122240772167,2,40mm,1.4532037
SubNetW8CleanAuxExDnRcK8QdEma,minbias,0,test,70.296906,66.29548645019531,-0.056921695740678624,1,30mm,4.4969006
SubNetW8CleanAuxExDnRcK8QdEma,minbias,0,test,35.03148,35.025672912597656,-0.0001657357731845721,2,40mm,3.818418
SubNetW8CleanAuxExDnRcK8QdEma,minbias,0,test,5.9989867,6.117644309997559,0.019779605202758788,2,40mm,0.6095395
SubNetW8CleanAuxExDnRcK8QdEma,minbias,0,test,9.433713,9.248355865478516,-0.019648371178021762,2,40mm,0.58750546
SubNetW8CleanAuxExDnRcK8QdEma,minbias,0,test,40.31298,40.481285095214844,0.0041749441653262664,2,40mm,4.920669
SubNetW8CleanAuxExDnRcK8QdEma,minbias,0,test,97.36283,96.89813995361328,-0.0047727778330218795,0,15mm,4.69185
SubNetW8CleanAuxExDnRcK8QdEma,minbias,0,test,5.319833,6.132206439971924,0.15270661098133131,3,60mm,0.92387354
SubNetW8CleanAuxExDnRcK8QdEma,minbias,0,test,7.6747823,7.06279182434082,-0.0797404316881104,3,60mm,1.7658677
SubNetW8CleanAuxExDnRcK8QdEma,minbias,0,test,60.87968,61.915531158447266,0.017014716800790586,0,15mm,2.2956097
SubNetW8CleanAuxExDnRcK8QdEma,minbias,0,test,6.3735957,5.24619197845459,-0.17688660947499768,3,60mm,1.2365642
SubNetW8CleanAuxExDnRcK8QdEma,minbias,0,test,19.708223,18.951147079467773,-0.038414231981019675,2,40mm,2.2147424
SubNetW8CleanAuxExDnRcK8QdEma,minbias,0,test,22.496326,22.1461181640625,-0.01556735422127875,3,60mm,4.035399
SubNetW8CleanAuxExDnRcK8QdEma,minbias,0,test,29.279913,29.924230575561523,0.0220054488578576,1,30mm,1.1992229
SubNetW8CleanAuxExDnRcK8QdEma,minbias,0,test,41.3354,40.089698791503906,-0.030136416906619168,0,15mm,1.1874204
SubNetW8CleanAuxExDnRcK8QdEma,minbias,0,test,20.045746,19.158586502075195,-0.04425673926976714,4,120mm,4.0185313
SubNetW8CleanAuxExDnRcK8QdEma,minbias,0,test,7.583308,7.415136814117432,-0.022176522556568323,3,60mm,1.46989
SubNetW8CleanAuxExDnRcK8QdEma,minbias,0,test,37.51044,35.67556381225586,-0.04891643429762038,2,40mm,3.555469
SubNetW8CleanAuxExDnRcK8QdEma,minbias,0,test,15.729079,16.023897171020508,0.01874349539975273,2,40mm,1.6291494
SubNetW8CleanAuxExDnRcK8QdEma,minbias,0,test,40.505917,41.56881332397461,0.026240530220090985,1,30mm,2.408775
SubNetW8CleanAuxExDnRcK8QdEma,minbias,0,test,14.1349535,14.102287292480469,-0.00231102326318533,3,60mm,2.810324
SubNetW8CleanAuxExDnRcK8QdEma,minbias,0,test,9.516786,8.385659217834473,-0.11885592980430149,2,40mm,1.4560184
SubNetW8CleanAuxExDnRcK8QdEma,minbias,0,test,8.62467,9.160764694213867,0.0621582812727024,3,60mm,1.0837222
SubNetW8CleanAuxExDnRcK8QdEma,minbias,0,test,52.689312,48.89860916137695,-0.07194443573635367,1,30mm,3.2763145
SubNetW8CleanAuxExDnRcK8QdEma,minbias,0,test,16.911062,17.701642990112305,0.0467493252797373,4,120mm,3.998034
SubNetW8CleanAuxExDnRcK8QdEma,minbias,0,test,22.124075,21.971445083618164,-0.0068988128424373185,2,40mm,2.693392
SubNetW8CleanAuxExDnRcK8QdEma,minbias,0,test,70.89402,69.28555297851562,-0.022688332531049404,1,30mm,3.0442445
SubNetW8CleanAuxExDnRcK8QdEma,minbias,0,test,6.07584,4.682812690734863,-0.22927320443636612,3,60mm,1.1425564
SubNetW8CleanAuxExDnRcK8QdEma,minbias,0,test,6.6222987,6.313237190246582,-0.046669825756354366,2,40mm,0.8058783
SubNetW8CleanAuxExDnRcK8QdEma,minbias,0,test,32.338123,31.59626007080078,-0.02294082570457734,2,40mm,3.8984358
SubNetW8CleanAuxExDnRcK8QdEma,minbias,0,test,49.811314,51.278282165527344,0.02945050892049661,2,40mm,3.695802
SubNetW8CleanAuxExDnRcK8QdEma,minbias,0,test,8.802025,8.16164493560791,-0.07275370352232258,4,120mm,1.9459652
SubNetW8CleanAuxExDnRcK8QdEma,minbias,0,test,39.231316,38.07875442504883,-0.02937860150089644,3,60mm,3.931399
SubNetW8CleanAuxExDnRcK8QdEma,minbias,0,test,23.605822,24.08002471923828,0.020088396734745828,3,60mm,3.7685363
SubNetW8CleanAuxExDnRcK8QdEma,minbias,0,test,71.10382,69.6063003540039,-0.021061040460442992,1,30mm,3.5078914
SubNetW8CleanAuxExDnRcK8QdEma,minbias,0,test,22.24901,21.958070755004883,-0.013076506771731777,2,40mm,3.6432993
SubNetW8CleanAuxExDnRcK8QdEma,minbias,0,test,84.68361,87.8442153930664,0.037322528187825776,0,15mm,3.6486733
SubNetW8CleanAuxExDnRcK8QdEma,minbias,0,test,30.541502,30.294090270996094,-0.008100836950133417,2,40mm,4.0217714
SubNetW8CleanAuxExDnRcK8QdEma,minbias,0,test,31.002869,30.719566345214844,-0.009137938501942111,2,40mm,4.130115
SubNetW8CleanAuxExDnRcK8QdEma,minbias,0,test,55.4168,53.90113830566406,-0.027350245904539494,1,30mm,2.59063
SubNetW8CleanAuxExDnRcK8QdEma,minbias,0,test,38.213856,38.1566047668457,-0.001498173252835855,3,60mm,4.8490057
SubNetW8CleanAuxExDnRcK8QdEma,minbias,0,test,4.41669,4.731048583984375,0.07117518329344108,3,60mm,0.8222505
SubNetW8CleanAuxExDnRcK8QdEma,minbias,0,test,12.533318,12.823870658874512,0.023182456793933603,4,120mm,2.8617153
SubNetW8CleanAuxExDnRcK8QdEma,minbias,0,test,27.462036,26.60081672668457,-0.03136036242771223,3,60mm,3.4861012
SubNetW8CleanAuxExDnRcK8QdEma,minbias,0,test,24.856314,23.600879669189453,-0.050507651743223025,3,60mm,4.1538334
SubNetW8CleanAuxExDnRcK8QdEma,minbias,0,test,22.299067,22.373212814331055,0.0033250840615703936,3,60mm,4.7184834
SubNetW8CleanAuxExDnRcK8QdEma,minbias,0,test,4.3739543,5.757425785064697,0.3162976554607311,3,60mm,0.7675517
SubNetW8CleanAuxExDnRcK8QdEma,minbias,0,test,4.0548096,3.702463150024414,-0.08689592302134452,4,120mm,0.8859626
SubNetW8CleanAuxExDnRcK8QdEma,minbias,0,test,12.548477,12.921985626220703,0.029765241489000838,3,60mm,1.2668757
SubNetW8CleanAuxExDnRcK8QdEma,minbias,0,test,4.7854595,4.550027847290039,-0.049197296568018856,4,120mm,1.0814896
SubNetW8CleanAuxExDnRcK8QdEma,minbias,0,test,2.9106624,2.969146966934204,0.020093211097489183,3,60mm,0.68171
SubNetW8CleanAuxExDnRcK8QdEma,minbias,0,test,29.06251,28.829320907592773,-0.008023692133522609,2,40mm,3.498751
SubNetW8CleanAuxExDnRcK8QdEma,minbias,0,test,47.32028,46.89091873168945,-0.009073476586788254,2,40mm,4.191174
SubNetW8CleanAuxExDnRcK8QdEma,minbias,0,test,18.736595,18.37628746032715,-0.019230158442538836,3,60mm,3.6327941
SubNetW8CleanAuxExDnRcK8QdEma,minbias,0,test,51.510216,51.71907043457031,0.004054626295277197,2,40mm,3.4061089
SubNetW8CleanAuxExDnRcK8QdEma,minbias,0,test,29.758383,30.16179847717285,0.013556371079715968,3,60mm,4.0454025
SubNetW8CleanAuxExDnRcK8QdEma,minbias,0,test,3.1948318,3.0574262142181396,-0.04300872172856074,4,120mm,0.74020875
SubNetW8CleanAuxExDnRcK8QdEma,minbias,0,test,32.452766,26.93378448486328,-0.17006198677888096,1,30mm,2.0119889
SubNetW8CleanAuxExDnRcK8QdEma,minbias,0,test,24.914082,24.306682586669922,-0.024379746250120737,3,60mm,4.0766497
SubNetW8CleanAuxExDnRcK8QdEma,minbias,0,test,26.77062,26.299022674560547,-0.017616239945595136,2,40mm,2.4236693
SubNetW8CleanAuxExDnRcK8QdEma,minbias,0,test,7.388344,7.385528087615967,-0.00038110346394326644,3,60mm,1.4031612
SubNetW8CleanAuxExDnRcK8QdEma,minbias,0,test,56.20414,56.50634002685547,0.0053768337874207095,2,40mm,3.4638343
SubNetW8CleanAuxExDnRcK8QdEma,minbias,0,test,11.976498,11.47665786743164,-0.04173505454733084,2,40mm,1.488556
SubNetW8CleanAuxExDnRcK8QdEma,minbias,0,test,13.284515,14.44164752960205,0.08710382844750941,3,60mm,2.2944574
SubNetW8CleanAuxExDnRcK8QdEma,minbias,0,test,7.660416,8.694720268249512,0.13501931552437063,3,60mm,1.04651
SubNetW8CleanAuxExDnRcK8QdEma,minbias,0,test,5.675182,5.069030284881592,-0.10680742840593027,3,60mm,1.0630279
SubNetW8CleanAuxExDnRcK8QdEma,minbias,0,test,61.842754,61.5531005859375,-0.0046837140592289606,1,30mm,2.2152953
SubNetW8CleanAuxExDnRcK8QdEma,minbias,0,test,19.732847,20.508363723754883,0.039300791295316495,3,60mm,2.976925
SubNetW8CleanAuxExDnRcK8QdEma,minbias,0,test,23.318607,23.75672721862793,0.018788424287069505,2,40mm,1.8013589
SubNetW8CleanAuxExDnRcK8QdEma,minbias,0,test,49.641407,49.52791213989258,-0.0022862944440170674,2,40mm,3.7381995
SubNetW8CleanAuxExDnRcK8QdEma,minbias,0,test,6.3746696,5.752129077911377,-0.09765846980372217,4,120mm,1.4022932
SubNetW8CleanAuxExDnRcK8QdEma,minbias,0,test,14.963203,14.848014831542969,-0.007698124213195934,3,60mm,2.540345
SubNetW8CleanAuxExDnRcK8QdEma,minbias,0,test,19.1315,18.90481185913086,-0.011848960202647585,4,120mm,4.1700487
SubNetW8CleanAuxExDnRcK8QdEma,minbias,0,test,41.946335,41.86612319946289,-0.0019122442929143668,2,40mm,4.1577177
SubNetW8CleanAuxExDnRcK8QdEma,minbias,0,test,4.507706,4.5941948890686035,0.019186859254581412,3,60mm,0.51782405
SubNetW8CleanAuxExDnRcK8QdEma,minbias,0,test,49.16389,47.337852478027344,-0.03714186020365118,3,60mm,4.772631
SubNetW8CleanAuxExDnRcK8QdEma,minbias,0,test,56.22536,23.922704696655273,-0.5745210999745507,1,30mm,2.8473427
SubNetW8CleanAuxExDnRcK8QdEma,minbias,0,test,12.882373,13.243061065673828,0.027998584854014297,3,60mm,2.0719059
SubNetW8CleanAuxExDnRcK8QdEma,minbias,0,test,6.9479017,7.638890743255615,0.09945290603690693,2,40mm,0.8476958
SubNetW8CleanAuxExDnRcK8QdEma,minbias,0,test,97.347984,93.412841796875,-0.040423461716457276,0,15mm,4.2584157
SubNetW8CleanAuxExDnRcK8QdEma,minbias,0,test,33.84556,33.43721008300781,-0.012065042079885901,1,30mm,1.7810767
SubNetW8CleanAuxExDnRcK8QdEma,minbias,0,test,13.863228,13.733138084411621,-0.00938380017181406,2,40mm,1.87788
SubNetW8CleanAuxExDnRcK8QdEma,minbias,0,test,26.19278,26.349790573120117,0.005994439492709391,3,60mm,2.8273525
SubNetW8CleanAuxExDnRcK8QdEma,minbias,0,test,8.34384,8.28824234008789,-0.006663275861083617,3,60mm,1.6158249
SubNetW8CleanAuxExDnRcK8QdEma,minbias,0,test,49.108162,48.390968322753906,-0.014604366675185498,2,40mm,4.811871
SubNetW8CleanAuxExDnRcK8QdEma,minbias,0,test,53.696213,57.70039749145508,0.0745710826973871,1,30mm,4.857833
SubNetW8CleanAuxExDnRcK8QdEma,minbias,0,test,27.454588,26.56795310974121,-0.03229459603305829,2,40mm,3.6928937
SubNetW8CleanAuxExDnRcK8QdEma,minbias,0,test,30.055986,29.288471221923828,-0.025536183446711824,3,60mm,4.905279
SubNetW8CleanAuxExDnRcK8QdEma,minbias,0,test,11.678914,14.441683769226074,0.2365604954798739,2,40mm,1.1059363
SubNetW8CleanAuxExDnRcK8QdEma,minbias,0,test,46.65929,48.922027587890625,0.04849489263458717,1,30mm,2.274531
SubNetW8CleanAuxExDnRcK8QdEma,minbias,0,test,4.7480025,5.357819557189941,0.12843654237807645,3,60mm,0.7027664
SubNetW8CleanAuxExDnRcK8QdEma,minbias,0,test,27.759268,27.395368576049805,-0.01310910768565654,2,40mm,3.8182487
SubNetW8CleanAuxExDnRcK8QdEma,minbias,0,test,38.12843,38.46511459350586,0.008830292405138218,3,60mm,4.635341
SubNetW8CleanAuxExDnRcK8QdEma,minbias,0,test,14.583187,14.093094825744629,-0.033606664582731205,4,120mm,2.9862638
SubNetW8CleanAuxExDnRcK8QdEma,minbias,0,test,48.792656,44.417144775390625,-0.08967560967333932,0,15mm,1.6764164
SubNetW8CleanAuxExDnRcK8QdEma,minbias,0,test,18.40372,17.01775360107422,-0.07530907828394062,2,40mm,2.4761093
SubNetW8CleanAuxExDnRcK8QdEma,minbias,0,test,8.9103,8.46879768371582,-0.04954968502515267,2,40mm,0.7821311
SubNetW8CleanAuxExDnRcK8QdEma,minbias,0,test,6.5980544,6.125844955444336,-0.07156798418283916,2,40mm,0.58693737
SubNetW8CleanAuxExDnRcK8QdEma,minbias,0,test,76.906166,83.75409698486328,0.08904267703810764,1,30mm,3.8331416
SubNetW8CleanAuxExDnRcK8QdEma,minbias,0,test,45.95703,46.37067413330078,0.00900064412452184,2,40mm,3.8143861
SubNetW8CleanAuxExDnRcK8QdEma,minbias,0,test,86.39026,68.15103912353516,-0.21112588295471724,0,15mm,3.8983786
SubNetW8CleanAuxExDnRcK8QdEma,minbias,0,test,56.5238,57.79787826538086,0.022540564708661393,0,15mm,2.3820193
SubNetW8CleanAuxExDnRcK8QdEma,minbias,0,test,20.05867,24.555511474609375,0.22418442602686062,2,40mm,1.7352675
SubNetW8CleanAuxExDnRcK8QdEma,minbias,0,test,28.566723,28.5334415435791,-0.0011650383015772148,3,60mm,3.190937
SubNetW8CleanAuxExDnRcK8QdEma,minbias,0,test,39.012383,38.42667007446289,-0.015013500719966655,2,40mm,4.359257
SubNetW8CleanAuxExDnRcK8QdEma,minbias,0,test,11.786105,11.87382984161377,0.007443059815625208,4,120mm,2.381387
SubNetW8CleanAuxExDnRcK8QdEma,minbias,0,test,27.89685,26.77680778503418,-0.04014943541576421,3,60mm,4.1950073
SubNetW8CleanAuxExDnRcK8QdEma,minbias,0,test,24.245127,24.825971603393555,0.023957180581349213,1,30mm,2.5290084
SubNetW8CleanAuxExDnRcK8QdEma,minbias,0,test,27.514936,27.412273406982422,-0.0037311748968910097,3,60mm,4.7752714
SubNetW8CleanAuxExDnRcK8QdEma,minbias,0,test,79.647575,77.33460998535156,-0.02903999754012787,2,40mm,4.997509
SubNetW8CleanAuxExDnRcK8QdEma,minbias,0,test,12.161348,15.312418937683105,0.25910536446630195,1,30mm,0.6985682
SubNetW8CleanAuxExDnRcK8QdEma,minbias,0,test,65.483696,65.15174865722656,-0.0050691599133597665,1,30mm,4.591844
SubNetW8CleanAuxExDnRcK8QdEma,minbias,0,test,25.84967,24.892192840576172,-0.03704022350721692,2,40mm,1.8290348
SubNetW8CleanAuxExDnRcK8QdEma,minbias,0,test,16.551327,17.172325134277344,0.0375195530777761,2,40mm,1.2532686
SubNetW8CleanAuxExDnRcK8QdEma,minbias,0,test,22.245226,24.7282657623291,0.11162124702207565,2,40mm,2.259669
SubNetW8CleanAuxExDnRcK8QdEma,minbias,0,test,36.67683,36.197628021240234,-0.013065531200378233,2,40mm,4.7580814
SubNetW8CleanAuxExDnRcK8QdEma,minbias,0,test,14.183392,14.179871559143066,-0.000248178433502555,2,40mm,2.1743698
SubNetW8CleanAuxExDnRcK8QdEma,minbias,0,test,84.61855,82.12086486816406,-0.02951702906910325,0,15mm,2.4634361
SubNetW8CleanAuxExDnRcK8QdEma,minbias,0,test,39.110603,40.275325775146484,0.029780221816688712,2,40mm,4.095577
SubNetW8CleanAuxExDnRcK8QdEma,minbias,0,test,67.97033,62.585628509521484,-0.07922134307448625,1,30mm,3.1322112
SubNetW8CleanAuxExDnRcK8QdEma,minbias,0,test,32.176804,24.3187255859375,-0.24421561890779275,1,30mm,1.651623
SubNetW8CleanAuxExDnRcK8QdEma,minbias,0,test,35.36951,22.8916072845459,-0.3527869946898723,1,30mm,1.3654842
SubNetW8CleanAuxExDnRcK8QdEma,minbias,0,test,25.75232,24.089866638183594,-0.06455545522200579,3,60mm,3.5086331
SubNetW8CleanAuxExDnRcK8QdEma,minbias,0,test,56.477512,57.99924850463867,0.02694410715772877,1,30mm,3.336368
SubNetW8CleanAuxExDnRcK8QdEma,minbias,0,test,30.02298,30.277009963989258,0.008461193055856242,2,40mm,2.090719
SubNetW8CleanAuxExDnRcK8QdEma,minbias,0,test,71.494995,68.04618835449219,-0.04823843622959023,0,15mm,3.2324848
SubNetW8CleanAuxExDnRcK8QdEma,minbias,0,test,12.226743,12.665654182434082,0.035897658694721724,2,40mm,2.1644936
SubNetW8CleanAuxExDnRcK8QdEma,minbias,0,test,55.588013,54.95991897583008,-0.011299085702615619,0,15mm,2.5776694
SubNetW8CleanAuxExDnRcK8QdEma,minbias,0,test,18.462616,17.88068199157715,-0.03151958402136923,4,120mm,3.8926651
SubNetW8CleanAuxExDnRcK8QdEma,minbias,0,test,46.095913,46.039485931396484,-0.0012241215839398079,2,40mm,4.132053
SubNetW8CleanAuxExDnRcK8QdEma,minbias,0,test,12.082964,12.214337348937988,0.01087261420881891,2,40mm,1.6093957
SubNetW8CleanAuxExDnRcK8QdEma,minbias,0,test,77.403114,78.47047424316406,0.013789625052031074,1,30mm,3.3728952
SubNetW8CleanAuxExDnRcK8QdEma,minbias,0,test,71.204865,70.73717498779297,-0.0065682241997290225,1,30mm,4.709451
SubNetW8CleanAuxExDnRcK8QdEma,minbias,0,test,18.302769,18.703683853149414,0.02190461739893257,1,30mm,1.7850062
SubNetW8CleanAuxExDnRcK8QdEma,minbias,0,test,23.20895,24.151695251464844,0.04061989909085795,0,15mm,0.788768
SubNetW8CleanAuxExDnRcK8QdEma,minbias,0,test,33.342182,32.33556365966797,-0.030190540467410543,1,30mm,2.0708501
SubNetW8CleanAuxExDnRcK8QdEma,minbias,0,test,16.188808,17.931123733520508,0.10762467779458929,1,30mm,1.0091305
SubNetW8CleanAuxExDnRcK8QdEma,minbias,0,test,14.610194,14.252015113830566,-0.02451569687241406,3,60mm,2.7624497
SubNetW8CleanAuxExDnRcK8QdEma,minbias,0,test,28.136076,28.823957443237305,0.024448379737607384,3,60mm,4.218433
SubNetW8CleanAuxExDnRcK8QdEma,minbias,0,test,15.054527,14.462447166442871,-0.03932904070337573,3,60mm,2.9988587
SubNetW8CleanAuxExDnRcK8QdEma,minbias,0,test,18.81594,18.74050521850586,-0.004009134541892223,3,60mm,3.0715008
SubNetW8CleanAuxExDnRcK8QdEma,minbias,0,test,16.682825,16.883501052856445,0.012028895782992377,3,60mm,2.6650016
SubNetW8CleanAuxExDnRcK8QdEma,minbias,0,test,11.660215,11.503575325012207,-0.013433718650989634,3,60mm,2.3136234
SubNetW8CleanAuxExDnRcK8QdEma,minbias,0,test,23.90897,23.470823287963867,-0.01832561559118473,3,60mm,4.1331267
SubNetW8CleanAuxExDnRcK8QdEma,minbias,0,test,23.654505,23.578624725341797,-0.0032078477811197104,3,60mm,4.1627693
SubNetW8CleanAuxExDnRcK8QdEma,minbias,0,test,26.650389,26.25032615661621,-0.015011509410749468,3,60mm,4.7916813
SubNetW8CleanAuxExDnRcK8QdEma,minbias,0,test,4.712196,6.382730007171631,0.35451288079738585,3,60mm,0.6908132
SubNetW8CleanAuxExDnRcK8QdEma,minbias,0,test,82.33504,81.35823059082031,-0.011863802743893537,0,15mm,3.2154615
SubNetW8CleanAuxExDnRcK8QdEma,minbias,0,test,26.816284,24.477664947509766,-0.08720892188147256,2,40mm,1.7206452
SubNetW8CleanAuxExDnRcK8QdEma,minbias,0,test,19.469643,19.639495849609375,0.008724002468724512,3,60mm,2.5893707
SubNetW8CleanAuxExDnRcK8QdEma,minbias,0,test,32.247337,34.38584899902344,0.06631591424372973,2,40mm,2.5117881
SubNetW8CleanAuxExDnRcK8QdEma,minbias,0,test,7.377213,7.792305946350098,0.056266905270116796,2,40mm,1.1192333
SubNetW8CleanAuxExDnRcK8QdEma,minbias,0,test,33.25378,30.495546340942383,-0.08294497629363473,0,15mm,0.9217393
SubNetW8CleanAuxExDnRcK8QdEma,minbias,0,test,95.90162,95.192626953125,-0.007392909651593893,0,15mm,2.6393077
SubNetW8CleanAuxExDnRcK8QdEma,minbias,0,test,16.393764,15.843833923339844,-0.03354510629019902,4,120mm,3.9318883
SubNetW8CleanAuxExDnRcK8QdEma,minbias,0,test,3.0628746,3.1028947830200195,0.013066231315036925,2,40mm,0.5301875
SubNetW8CleanAuxExDnRcK8QdEma,minbias,0,test,66.40665,67.14214324951172,0.011075646147334695,2,40mm,4.8445525
SubNetW8CleanAuxExDnRcK8QdEma,minbias,0,test,34.570747,33.85394287109375,-0.020734423141304914,3,60mm,4.6353726
SubNetW8CleanAuxExDnRcK8QdEma,minbias,0,test,8.949847,9.520197868347168,0.06372741711283236,3,60mm,1.8601241
SubNetW8CleanAuxExDnRcK8QdEma,minbias,0,test,32.256645,32.20228576660156,-0.001685216664463085,2,40mm,2.9920096
SubNetW8CleanAuxExDnRcK8QdEma,minbias,0,test,17.347939,17.006319046020508,-0.01969222399749493,3,60mm,2.5457144
SubNetW8CleanAuxExDnRcK8QdEma,minbias,0,test,13.07056,13.15645980834961,0.006571971670301657,1,30mm,0.83893067
SubNetW8CleanAuxExDnRcK8QdEma,minbias,0,test,35.530514,37.380069732666016,0.052055424291164165,1,30mm,1.9207176
SubNetW8CleanAuxExDnRcK8QdEma,minbias,0,test,5.7072787,5.378844738006592,-0.057546513163847623,3,60mm,1.046001
SubNetW8CleanAuxExDnRcK8QdEma,minbias,0,test,55.144917,55.951812744140625,0.014632286354320678,2,40mm,3.881425
SubNetW8CleanAuxExDnRcK8QdEma,minbias,0,test,43.13599,41.88022994995117,-0.0291116580079257,2,40mm,3.862231
SubNetW8CleanAuxExDnRcK8QdEma,minbias,0,test,10.694096,11.253107070922852,0.05227290643873328,2,40mm,1.1990886
SubNetW8CleanAuxExDnRcK8QdEma,minbias,0,test,15.070177,15.454102516174316,0.025475841188450365,2,40mm,1.2070708
SubNetW8CleanAuxExDnRcK8QdEma,minbias,0,test,21.27066,25.67058563232422,0.20685419019020168,2,40mm,3.7511115
SubNetW8CleanAuxExDnRcK8QdEma,minbias,0,test,34.521656,32.38753128051758,-0.061819883542393095,2,40mm,4.7784324
SubNetW8CleanAuxExDnRcK8QdEma,minbias,0,test,15.901071,15.11795711517334,-0.04924910401133398,4,120mm,3.6538415
SubNetW8CleanAuxExDnRcK8QdEma,minbias,0,test,49.37552,37.83887481689453,-0.23365109395483263,2,40mm,4.6905518
SubNetW8CleanAuxExDnRcK8QdEma,minbias,0,test,24.335772,25.710458755493164,0.05648833411330845,0,15mm,1.1048068
SubNetW8CleanAuxExDnRcK8QdEma,minbias,0,test,27.042452,25.478885650634766,-0.05781895133126014,3,60mm,3.919494
SubNetW8CleanAuxExDnRcK8QdEma,minbias,0,test,15.559942,15.852987289428711,0.01883329894944663,3,60mm,2.960114
SubNetW8CleanAuxExDnRcK8QdEma,minbias,0,test,37.896904,41.148841857910156,0.08581011965840868,0,15mm,1.0243957
SubNetW8CleanAuxExDnRcK8QdEma,minbias,0,test,20.847878,21.186429977416992,0.01623918189925755,3,60mm,4.5678134
SubNetW8CleanAuxExDnRcK8QdEma,minbias,0,test,43.829376,42.97736358642578,-0.01943930550111017,3,60mm,4.7660484
SubNetW8CleanAuxExDnRcK8QdEma,minbias,0,test,8.031981,8.191112518310547,0.019812178444369888,2,40mm,0.9013298
SubNetW8CleanAuxExDnRcK8QdEma,minbias,0,test,5.7825327,5.760095596313477,-0.003880150245117231,3,60mm,1.3893639
SubNetW8CleanAuxExDnRcK8QdEma,minbias,0,test,98.57792,94.161865234375,-0.04479759581543097,1,30mm,4.7362385
SubNetW8CleanAuxExDnRcK8QdEma,minbias,0,test,14.867732,14.411942481994629,-0.03065629408489967,3,60mm,2.4966447
SubNetW8CleanAuxExDnRcK8QdEma,minbias,0,test,31.03155,30.234729766845703,-0.02567772801927337,1,30mm,2.4605536
SubNetW8CleanAuxExDnRcK8QdEma,minbias,0,test,14.991187,14.483586311340332,-0.03385994591777963,3,60mm,1.9811064
SubNetW8CleanAuxExDnRcK8QdEma,minbias,0,test,29.659857,24.696720123291016,-0.1673351529329935,2,40mm,3.0537107
SubNetW8CleanAuxExDnRcK8QdEma,minbias,0,test,3.5530052,4.5631489753723145,0.28430685989570526,3,60mm,0.7195294
SubNetW8CleanAuxExDnRcK8QdEma,minbias,0,test,15.24808,16.999391555786133,0.11485454385455895,1,30mm,0.7333715
SubNetW8CleanAuxExDnRcK8QdEma,minbias,0,test,42.419765,44.498512268066406,0.04900420293474328,1,30mm,2.421433
SubNetW8CleanAuxExDnRcK8QdEma,minbias,0,test,9.18049,9.151745796203613,-0.003130959822015167,3,60mm,2.076236
SubNetW8CleanAuxExDnRcK8QdEma,minbias,0,test,20.26418,21.1178035736084,0.04212479243271949,2,40mm,2.301938
SubNetW8CleanAuxExDnRcK8QdEma,minbias,0,test,42.6177,41.801307678222656,-0.019156149128166655,3,60mm,4.8585515
SubNetW8CleanAuxExDnRcK8QdEma,minbias,0,test,31.213459,30.70771026611328,-0.016202906205877166,3,60mm,4.5102663
SubNetW8CleanAuxExDnRcK8QdEma,minbias,0,test,24.307291,24.90235710144043,0.024480970331106633,2,40mm,1.9167168
SubNetW8CleanAuxExDnRcK8QdEma,minbias,0,test,10.497066,9.99059009552002,-0.04824924132170427,3,60mm,1.6965268
SubNetW8CleanAuxExDnRcK8QdEma,minbias,0,test,9.497,10.296463012695312,0.08418061429200052,3,60mm,1.6102717
SubNetW8CleanAuxExDnRcK8QdEma,minbias,0,test,24.603443,23.529827117919922,-0.043636820321118486,3,60mm,3.832999
SubNetW8CleanAuxExDnRcK8QdEma,minbias,0,test,45.99197,45.461856842041016,-0.011526212499644362,0,15mm,1.257494
SubNetW8CleanAuxExDnRcK8QdEma,minbias,0,test,70.84223,70.56838989257812,-0.0038655170954332574,2,40mm,4.7516866
SubNetW8CleanAuxExDnRcK8QdEma,minbias,0,test,60.6463,60.27158737182617,-0.006178676850212672,2,40mm,4.709006
SubNetW8CleanAuxExDnRcK8QdEma,minbias,0,test,26.440264,26.038814544677734,-0.01518325260726694,3,60mm,2.9767559
SubNetW8CleanAuxExDnRcK8QdEma,minbias,0,test,88.710365,94.53559112548828,0.06566567289718428,0,15mm,3.3206758
SubNetW8CleanAuxExDnRcK8QdEma,minbias,0,test,54.28888,52.707698822021484,-0.02912531240549132,2,40mm,4.902001
SubNetW8CleanAuxExDnRcK8QdEma,minbias,0,test,3.7129474,4.011528968811035,0.08041632981725688,3,60mm,0.8383567
SubNetW8CleanAuxExDnRcK8QdEma,minbias,0,test,91.84276,88.95393371582031,-0.03145402555604271,0,15mm,3.2244053
SubNetW8CleanAuxExDnRcK8QdEma,minbias,0,test,74.40639,74.50511932373047,0.0013269290201149975,1,30mm,3.6894228
SubNetW8CleanAuxExDnRcK8QdEma,minbias,0,test,20.330652,21.161104202270508,0.04084728594310394,4,120mm,4.5969806
SubNetW8CleanAuxExDnRcK8QdEma,minbias,0,test,12.661941,12.06248950958252,-0.04734274825644058,3,60mm,1.6299127
SubNetW8CleanAuxExDnRcK8QdEma,minbias,0,test,42.925396,41.05936813354492,-0.04347141802786636,1,30mm,3.263237
SubNetW8CleanAuxExDnRcK8QdEma,minbias,0,test,80.275055,80.12181854248047,-0.0019088917384192383,0,15mm,1.8909426
SubNetW8CleanAuxExDnRcK8QdEma,minbias,0,test,56.45557,56.62034225463867,0.0029186142845878393,2,40mm,4.6455665
SubNetW8CleanAuxExDnRcK8QdEma,minbias,0,test,39.7099,38.64356994628906,-0.026853000351979017,2,40mm,4.7362328
SubNetW8CleanAuxExDnRcK8QdEma,minbias,0,test,66.93392,66.05205535888672,-0.013175179806872439,0,15mm,3.0880938
SubNetW8CleanAuxExDnRcK8QdEma,minbias,0,test,14.495375,13.927403450012207,-0.03918292849331506,3,60mm,2.0795412
SubNetW8CleanAuxExDnRcK8QdEma,minbias,0,test,21.236582,21.565746307373047,0.01549988166966565,0,15mm,0.5446086
SubNetW8CleanAuxExDnRcK8QdEma,minbias,0,test,72.11622,70.68282318115234,-0.019876186164871856,0,15mm,2.0827732
SubNetW8CleanAuxExDnRcK8QdEma,minbias,0,test,18.931921,19.261058807373047,0.017385335700099702,1,30mm,1.0764703
SubNetW8CleanAuxExDnRcK8QdEma,minbias,0,test,24.78046,24.381288528442383,-0.016108329847881353,2,40mm,3.676311
SubNetW8CleanAuxExDnRcK8QdEma,minbias,0,test,36.174644,35.56684112548828,-0.016801916193730948,2,40mm,4.157452
SubNetW8CleanAuxExDnRcK8QdEma,minbias,0,test,2.7119257,2.7114357948303223,-0.0001806650425274503,4,120mm,0.57502806
SubNetW8CleanAuxExDnRcK8QdEma,minbias,0,test,53.092117,53.337928771972656,0.004629905056697359,2,40mm,4.987437
SubNetW8CleanAuxExDnRcK8QdEma,minbias,0,test,7.8182263,7.569220066070557,-0.03184945799919969,3,60mm,1.00028
SubNetW8CleanAuxExDnRcK8QdEma,minbias,0,test,15.033279,14.706582069396973,-0.021731608948652115,4,120mm,3.1872995
SubNetW8CleanAuxExDnRcK8QdEma,minbias,0,test,54.861477,53.960453033447266,-0.016423616637556537,1,30mm,4.8418894
SubNetW8CleanAuxExDnRcK8QdEma,minbias,0,test,99.9304,112.66981506347656,0.12748291218626973,1,30mm,4.1563263
SubNetW8CleanAuxExDnRcK8QdEma,minbias,0,test,55.19333,55.61768341064453,0.007688511673555221,1,30mm,2.9295576
SubNetW8CleanAuxExDnRcK8QdEma,minbias,0,test,11.380567,11.584715843200684,0.017938407940946144,3,60mm,1.7899735
SubNetW8CleanAuxExDnRcK8QdEma,minbias,0,test,27.815783,27.530559539794922,-0.010253999028078442,3,60mm,4.5621285
SubNetW8CleanAuxExDnRcK8QdEma,minbias,0,test,5.4937115,6.013815879821777,0.0946726836596492,3,60mm,0.9371314
SubNetW8CleanAuxExDnRcK8QdEma,minbias,0,test,22.476807,20.541624069213867,-0.08609686430782604,3,60mm,2.27229
SubNetW8CleanAuxExDnRcK8QdEma,minbias,0,test,45.804688,45.459842681884766,-0.007528592310890314,2,40mm,4.798916
SubNetW8CleanAuxExDnRcK8QdEma,minbias,0,test,27.440725,27.868131637573242,0.015575620030050974,3,60mm,4.4386334
SubNetW8CleanAuxExDnRcK8QdEma,minbias,0,test,3.9661074,3.829364061355591,-0.03447796401095038,2,40mm,0.50466734
SubNetW8CleanAuxExDnRcK8QdEma,minbias,0,test,70.25782,69.00839233398438,-0.017783469414637043,1,30mm,3.7636907
SubNetW8CleanAuxExDnRcK8QdEma,minbias,0,test,28.397476,32.98280715942383,0.16146966481950842,1,30mm,1.6041329
SubNetW8CleanAuxExDnRcK8QdEma,minbias,0,test,39.858604,42.766849517822266,0.07296404698998749,3,60mm,4.980564
SubNetW8CleanAuxExDnRcK8QdEma,minbias,0,test,19.41961,19.12738037109375,-0.015048124690859921,2,40mm,1.8193606
SubNetW8CleanAuxExDnRcK8QdEma,minbias,0,test,5.929601,6.494723796844482,0.09530533100393845,3,60mm,0.9017268
SubNetW8CleanAuxExDnRcK8QdEma,minbias,0,test,32.6461,32.32721710205078,-0.009767843552782707,2,40mm,4.165198
SubNetW8CleanAuxExDnRcK8QdEma,minbias,0,test,11.967264,11.419876098632812,-0.04574045235056767,2,40mm,1.0904424
SubNetW8CleanAuxExDnRcK8QdEma,minbias,0,test,10.943467,13.05257797241211,0.19272784440199286,2,40mm,1.724083
SubNetW8CleanAuxExDnRcK8QdEma,minbias,0,test,7.215628,6.760803699493408,-0.06303324372570962,3,60mm,1.4860047
SubNetW8CleanAuxExDnRcK8QdEma,minbias,0,test,32.67683,32.28826141357422,-0.011891265912408744,3,60mm,4.9738903
SubNetW8CleanAuxExDnRcK8QdEma,minbias,0,test,21.75009,23.35671615600586,0.07386758109114089,2,40mm,3.8909569
SubNetW8CleanAuxExDnRcK8QdEma,minbias,0,test,21.812054,21.17579460144043,-0.029170067537044653,3,60mm,2.9497867
SubNetW8CleanAuxExDnRcK8QdEma,minbias,0,test,4.0673633,4.472182273864746,0.09952860996035229,2,40mm,0.62912744
SubNetW8CleanAuxExDnRcK8QdEma,minbias,0,test,24.329193,24.10302734375,-0.009296065447511936,3,60mm,4.4292655
SubNetW8CleanAuxExDnRcK8QdEma,minbias,0,test,4.575557,4.527514457702637,-0.010499873953157213,3,60mm,0.6601383
SubNetW8CleanAuxExDnRcK8QdEma,minbias,0,test,28.96233,28.652591705322266,-0.010694518038734224,2,40mm,3.5407412
SubNetW8CleanAuxExDnRcK8QdEma,minbias,0,test,20.026327,20.6777286529541,0.03252725851542593,2,40mm,4.3941865
SubNetW8CleanAuxExDnRcK8QdEma,minbias,0,test,3.6682065,3.124687433242798,-0.148170237143589,3,60mm,0.8702602
SubNetW8CleanAuxExDnRcK8QdEma,minbias,0,test,44.99267,43.92177200317383,-0.023801570181773646,2,40mm,4.500015
SubNetW8CleanAuxExDnRcK8QdEma,minbias,0,test,28.075699,30.057477951049805,0.07058699086778097,2,40mm,2.4968417
SubNetW8CleanAuxExDnRcK8QdEma,minbias,0,test,24.423037,24.236234664916992,-0.007648594793866814,3,60mm,4.3670154
SubNetW8CleanAuxExDnRcK8QdEma,minbias,0,test,12.22781,11.703722953796387,-0.04286024694839752,3,60mm,1.7809023
SubNetW8CleanAuxExDnRcK8QdEma,minbias,0,test,33.300816,32.849388122558594,-0.013556048157483347,3,60mm,4.9967074
SubNetW8CleanAuxExDnRcK8QdEma,minbias,0,test,11.464901,11.48954963684082,0.0021499240547604437,3,60mm,1.6719468
SubNetW8CleanAuxExDnRcK8QdEma,minbias,0,test,47.015175,47.524417877197266,0.010831460542878535,2,40mm,4.320996
SubNetW8CleanAuxExDnRcK8QdEma,minbias,0,test,62.252502,63.340248107910156,0.01747312355077968,1,30mm,3.188346
SubNetW8CleanAuxExDnRcK8QdEma,minbias,0,test,67.61934,69.24007415771484,0.023968515408210544,2,40mm,4.1476145
SubNetW8CleanAuxExDnRcK8QdEma,minbias,0,test,37.77944,37.536346435546875,-0.006434594746545064,3,60mm,3.707903
SubNetW8CleanAuxExDnRcK8QdEma,minbias,0,test,23.637978,24.139476776123047,0.021215824150003337,3,60mm,3.3745663
SubNetW8CleanAuxExDnRcK8QdEma,minbias,0,test,11.073703,9.736802101135254,-0.12072752300949596,3,60mm,2.6140573
SubNetW8CleanAuxExDnRcK8QdEma,minbias,0,test,32.349743,32.64572525024414,0.009149450178065788,2,40mm,2.7117317
SubNetW8CleanAuxExDnRcK8QdEma,minbias,0,test,32.84089,33.1081657409668,0.008138536204144398,2,40mm,2.5968711
SubNetW8CleanAuxExDnRcK8QdEma,minbias,0,test,17.93294,19.992229461669922,0.11483281527117839,1,30mm,0.8628752
SubNetW8CleanAuxExDnRcK8QdEma,minbias,0,test,2.7460105,2.7331159114837646,-0.0046957687289620464,4,120mm,0.5478635
SubNetW8CleanAuxExDnRcK8QdEma,minbias,0,test,12.714719,12.545329093933105,-0.013322333521272212,2,40mm,1.2470806
SubNetW8CleanAuxExDnRcK8QdEma,minbias,0,test,16.408693,15.97518539428711,-0.02641940531317355,1,30mm,1.4087673
SubNetW8CleanAuxExDnRcK8QdEma,minbias,0,test,20.274824,19.46027183532715,-0.040175554737523544,3,60mm,3.242799
SubNetW8CleanAuxExDnRcK8QdEma,minbias,0,test,11.786443,10.561956405639648,-0.10388939023370936,3,60mm,1.9291443
SubNetW8CleanAuxExDnRcK8QdEma,minbias,0,test,11.5151825,11.204317092895508,-0.026996133352944818,3,60mm,2.5785105
SubNetW8CleanAuxExDnRcK8QdEma,minbias,0,test,62.53585,60.746734619140625,-0.02860944387490627,1,30mm,3.5439444
SubNetW8CleanAuxExDnRcK8QdEma,minbias,0,test,11.50864,11.644421577453613,0.01179820419560218,2,40mm,1.592685
SubNetW8CleanAuxExDnRcK8QdEma,minbias,0,test,35.70073,35.7933235168457,0.0025936205887719943,3,60mm,4.216044
SubNetW8CleanAuxExDnRcK8QdEma,minbias,0,test,10.810689,9.94661808013916,-0.07992745832704429,3,60mm,1.355037
SubNetW8CleanAuxExDnRcK8QdEma,minbias,0,test,9.54986,9.238134384155273,-0.03264190432479164,3,60mm,1.6125743
SubNetW8CleanAuxExDnRcK8QdEma,minbias,0,test,22.389843,23.97983741760254,0.07101409471521869,1,30mm,0.9468705
SubNetW8CleanAuxExDnRcK8QdEma,minbias,0,test,96.560814,93.89567565917969,-0.02760061910086886,0,15mm,2.3292098
SubNetW8CleanAuxExDnRcK8QdEma,minbias,0,test,6.7388663,7.011468410491943,0.04045221673531385,2,40mm,0.67541945
SubNetW8CleanAuxExDnRcK8QdEma,minbias,0,test,84.24133,90.71318054199219,0.07682508458857717,0,15mm,2.6877213
SubNetW8CleanAuxExDnRcK8QdEma,minbias,0,test,95.58239,94.59028625488281,-0.010379564461703294,0,15mm,2.98869
SubNetW8CleanAuxExDnRcK8QdEma,minbias,0,test,71.93912,73.28346252441406,0.01868726140615906,1,30mm,4.4813714
SubNetW8CleanAuxExDnRcK8QdEma,minbias,0,test,12.629047,12.632737159729004,0.0002921650236253903,3,60mm,1.9231144
SubNetW8CleanAuxExDnRcK8QdEma,minbias,0,test,56.46798,54.68927001953125,-0.03149943436155278,1,30mm,3.7311285
SubNetW8CleanAuxExDnRcK8QdEma,minbias,0,test,7.060962,6.9566650390625,-0.01477095587622046,2,40mm,0.83130914
SubNetW8CleanAuxExDnRcK8QdEma,minbias,0,test,6.087419,7.103620529174805,0.16693470428222312,2,40mm,1.2771875
SubNetW8CleanAuxExDnRcK8QdEma,minbias,0,test,42.70781,41.73986053466797,-0.02266444769889875,2,40mm,4.809937
SubNetW8CleanAuxExDnRcK8QdEma,minbias,0,test,26.714926,25.55229949951172,-0.04351972663759174,3,60mm,3.3411243
SubNetW8CleanAuxExDnRcK8QdEma,minbias,0,test,64.18939,67.71224975585938,0.05488224068370662,1,30mm,2.7013378
SubNetW8CleanAuxExDnRcK8QdEma,minbias,0,test,28.69341,25.568986892700195,-0.10888994670229113,3,60mm,4.495859
SubNetW8CleanAuxExDnRcK8QdEma,minbias,0,test,12.169931,12.32065486907959,0.012384906063725776,3,60mm,2.0068007
SubNetW8CleanAuxExDnRcK8QdEma,minbias,0,test,39.97426,39.7099494934082,-0.006611978304824961,2,40mm,4.2661295
SubNetW8CleanAuxExDnRcK8QdEma,minbias,0,test,37.584377,38.097347259521484,0.01364848928482143,1,30mm,1.9983987
SubNetW8CleanAuxExDnRcK8QdEma,minbias,0,test,84.99465,82.5093002319336,-0.029241270009682796,0,15mm,2.0572724
SubNetW8CleanAuxExDnRcK8QdEma,minbias,0,test,36.635723,36.07643127441406,-0.015266297265623563,2,40mm,4.1818233
SubNetW8CleanAuxExDnRcK8QdEma,minbias,0,test,24.219826,23.607418060302734,-0.02528538771431843,3,60mm,3.184035
SubNetW8CleanAuxExDnRcK8QdEma,minbias,0,test,43.940323,42.92640686035156,-0.023074842178261168,2,40mm,4.392281
SubNetW8CleanAuxExDnRcK8QdEma,minbias,0,test,40.94104,50.0682373046875,0.22293515887521664,0,15mm,1.3936343
SubNetW8CleanAuxExDnRcK8QdEma,minbias,0,test,25.72801,27.2724552154541,0.060029711865775104,1,30mm,0.9813726
SubNetW8CleanAuxExDnRcK8QdEma,minbias,0,test,34.691128,33.25262451171875,-0.04146602770090535,3,60mm,3.8778524
SubNetW8CleanAuxExDnRcK8QdEma,minbias,0,test,44.88323,45.74628448486328,0.01922892393243547,0,15mm,1.3790994
SubNetW8CleanAuxExDnRcK8QdEma,minbias,0,test,50.12563,50.03391647338867,-0.0018296618458885083,1,30mm,2.8552182
SubNetW8CleanAuxExDnRcK8QdEma,minbias,0,test,4.8032045,5.209240436553955,0.08453437638054018,2,40mm,0.7528167
SubNetW8CleanAuxExDnRcK8QdEma,minbias,0,test,57.01088,58.60116195678711,0.02789436777102261,0,15mm,2.6846876
SubNetW8CleanAuxExDnRcK8QdEma,minbias,0,test,24.260311,24.261804580688477,6.155955592213047e-05,3,60mm,4.3200965
SubNetW8CleanAuxExDnRcK8QdEma,minbias,0,test,12.70626,14.603675842285156,0.14932924050842877,1,30mm,1.0822473
SubNetW8CleanAuxExDnRcK8QdEma,minbias,0,test,9.103017,9.378809928894043,0.03029688728529134,3,60mm,2.1712694
SubNetW8CleanAuxExDnRcK8QdEma,minbias,0,test,13.748439,13.726434707641602,-0.001600481899529882,2,40mm,1.5149932
SubNetW8CleanAuxExDnRcK8QdEma,minbias,0,test,41.715893,40.2060661315918,-0.03619308036132729,2,40mm,3.2521071
SubNetW8CleanAuxExDnRcK8QdEma,minbias,0,test,41.46273,41.58076477050781,0.0028467580796609493,2,40mm,2.5601494
SubNetW8CleanAuxExDnRcK8QdEma,minbias,0,test,13.369589,12.623076438903809,-0.055836602104425204,3,60mm,2.1797864
SubNetW8CleanAuxExDnRcK8QdEma,minbias,0,test,18.059586,17.567237854003906,-0.02726240396501045,4,120mm,4.097687
SubNetW8CleanAuxExDnRcK8QdEma,minbias,0,test,19.04953,18.487306594848633,-0.02951376929423355,2,40mm,1.4547967
SubNetW8CleanAuxExDnRcK8QdEma,minbias,0,test,39.979294,39.528541564941406,-0.011274642826200498,2,40mm,3.6770923
SubNetW8CleanAuxExDnRcK8QdEma,minbias,0,test,87.26047,83.59955596923828,-0.041953838475933924,0,15mm,4.308127
SubNetW8CleanAuxExDnRcK8QdEma,minbias,0,test,46.86167,47.661399841308594,0.017065724905828583,1,30mm,3.1309762
SubNetW8CleanAuxExDnRcK8QdEma,minbias,0,test,10.966918,11.586603164672852,0.05650495184765236,3,60mm,1.8508186
SubNetW8CleanAuxExDnRcK8QdEma,minbias,0,test,32.80889,31.83269691467285,-0.029753958245500867,2,40mm,4.4372053
SubNetW8CleanAuxExDnRcK8QdEma,minbias,0,test,80.469536,80.38192749023438,-0.0010887143376842046,1,30mm,4.398197
SubNetW8CleanAuxExDnRcK8QdEma,minbias,0,test,20.284737,20.485675811767578,0.009905929867332963,2,40mm,1.6023169
SubNetW8CleanAuxExDnRcK8QdEma,minbias,0,test,5.587122,5.8766021728515625,0.051812044061625206,3,60mm,0.8986168
SubNetW8CleanAuxExDnRcK8QdEma,minbias,0,test,25.478228,26.19859504699707,0.028273843946917232,3,60mm,4.906937
SubNetW8CleanAuxExDnRcK8QdEma,minbias,0,test,20.105688,21.054384231567383,0.04718545975584676,3,60mm,3.840096
SubNetW8CleanAuxExDnRcK8QdEma,minbias,0,test,45.4579,44.81562042236328,-0.014129129688576714,2,40mm,3.3862855
SubNetW8CleanAuxExDnRcK8QdEma,minbias,0,test,21.926119,21.48046112060547,-0.020325427091632653,3,60mm,3.6474977
SubNetW8CleanAuxExDnRcK8QdEma,minbias,0,test,18.169025,18.17593765258789,0.00038044040806228807,4,120mm,4.280856
SubNetW8CleanAuxExDnRcK8QdEma,minbias,0,test,42.363266,42.376556396484375,0.00031372475569280134,1,30mm,3.2535841
SubNetW8CleanAuxExDnRcK8QdEma,minbias,0,test,21.032803,20.32285499572754,-0.033754302751566434,2,40mm,3.7952018
SubNetW8CleanAuxExDnRcK8QdEma,minbias,0,test,25.743895,25.21365737915039,-0.020596619376664016,2,40mm,3.25062
SubNetW8CleanAuxExDnRcK8QdEma,minbias,0,test,35.921196,35.43498611450195,-0.013535458830570835,3,60mm,4.645915
SubNetW8CleanAuxExDnRcK8QdEma,minbias,0,test,16.813963,16.832304000854492,0.001090823413998132,3,60mm,1.8549769
SubNetW8CleanAuxExDnRcK8QdEma,minbias,0,test,20.395632,20.286375045776367,-0.005356869819422405,2,40mm,1.9285719
SubNetW8CleanAuxExDnRcK8QdEma,minbias,0,test,10.497744,10.135055541992188,-0.03454914486083449,3,60mm,1.4274027
SubNetW8CleanAuxExDnRcK8QdEma,minbias,0,test,22.711584,22.749324798583984,0.0016617382233636846,3,60mm,4.357271
SubNetW8CleanAuxExDnRcK8QdEma,minbias,0,test,15.42519,15.271181106567383,-0.009984244319633295,3,60mm,3.6516213
SubNetW8CleanAuxExDnRcK8QdEma,minbias,0,test,54.68322,58.35558319091797,0.06715704172717762,1,30mm,2.6919053
SubNetW8CleanAuxExDnRcK8QdEma,minbias,0,test,36.97285,37.07131576538086,0.0026631694254282134,1,30mm,2.6743932
SubNetW8CleanAuxExDnRcK8QdEma,minbias,0,test,33.588223,33.70473861694336,0.003468957408167217,2,40mm,4.4711537
SubNetW8CleanAuxExDnRcK8QdEma,minbias,0,test,98.966,100.94470977783203,0.01999379879478913,0,15mm,2.411322
SubNetW8CleanAuxExDnRcK8QdEma,minbias,0,test,7.665538,7.088038444519043,-0.0753370999063312,4,120mm,1.5400345
SubNetW8CleanAuxExDnRcK8QdEma,minbias,0,test,11.344201,10.83609390258789,-0.04479003690294381,3,60mm,2.1594434
SubNetW8CleanAuxExDnRcK8QdEma,minbias,0,test,61.84323,62.824466705322266,0.0158664979997325,1,30mm,2.5299041
SubNetW8CleanAuxExDnRcK8QdEma,minbias,0,test,36.831234,35.991111755371094,-0.022810048216033718,3,60mm,3.5963893
SubNetW8CleanAuxExDnRcK8QdEma,minbias,0,test,37.73893,37.05778503417969,-0.018048861451401055,1,30mm,2.237097
SubNetW8CleanAuxExDnRcK8QdEma,minbias,0,test,33.84364,34.024627685546875,0.005347779231680505,2,40mm,2.850745
SubNetW8CleanAuxExDnRcK8QdEma,minbias,0,test,65.52303,66.47341918945312,0.014504610085774416,0,15mm,2.1687257
SubNetW8CleanAuxExDnRcK8QdEma,minbias,0,test,7.901282,7.890005111694336,-0.0014272015847254238,3,60mm,1.6350954
SubNetW8CleanAuxExDnRcK8QdEma,minbias,0,test,77.87505,74.71673583984375,-0.040556217014219076,1,30mm,4.656335
SubNetW8CleanAuxExDnRcK8QdEma,minbias,0,test,15.962351,15.836738586425781,-0.007869283173150388,3,60mm,2.9041305
SubNetW8CleanAuxExDnRcK8QdEma,minbias,0,test,34.923786,34.18689727783203,-0.021099914025695776,3,60mm,4.634545
SubNetW8CleanAuxExDnRcK8QdEma,minbias,0,test,5.869905,7.954213619232178,0.3550838771761329,1,30mm,0.5733024
SubNetW8CleanAuxExDnRcK8QdEma,minbias,0,test,52.980145,52.743587493896484,-0.004465012488455322,2,40mm,4.7038913
SubNetW8CleanAuxExDnRcK8QdEma,minbias,0,test,92.66123,91.76655578613281,-0.009655345490635736,0,15mm,4.136152
SubNetW8CleanAuxExDnRcK8QdEma,minbias,0,test,70.68706,69.76529693603516,-0.013040018806069309,1,30mm,4.0043635
SubNetW8CleanAuxExDnRcK8QdEma,minbias,0,test,17.325302,18.141090393066406,0.04708652485267706,2,40mm,1.1221178
SubNetW8CleanAuxExDnRcK8QdEma,minbias,0,test,19.792643,19.211301803588867,-0.029371560015399423,3,60mm,4.409083
SubNetW8CleanAuxExDnRcK8QdEma,minbias,0,test,38.188393,36.46370315551758,-0.04516266238118649,1,30mm,3.9302688
SubNetW8CleanAuxExDnRcK8QdEma,minbias,0,test,4.3998704,4.642436504364014,0.05513028496086081,2,40mm,0.5992281
SubNetW8CleanAuxExDnRcK8QdEma,minbias,0,test,11.386112,15.160548210144043,0.3314947127128409,3,60mm,2.2234368
SubNetW8CleanAuxExDnRcK8QdEma,minbias,0,test,10.243386,9.961410522460938,-0.02752759085330192,2,40mm,1.0571635
SubNetW8CleanAuxExDnRcK8QdEma,minbias,0,test,10.721241,10.39419937133789,-0.03050408306822716,3,60mm,1.8601613
SubNetW8CleanAuxExDnRcK8QdEma,minbias,0,test,32.195667,31.128713607788086,-0.03313966597475493,2,40mm,3.950231
SubNetW8CleanAuxExDnRcK8QdEma,minbias,0,test,74.75423,73.38777160644531,-0.018279301903433964,1,30mm,3.4698114
SubNetW8CleanAuxExDnRcK8QdEma,minbias,0,test,24.220179,28.35208511352539,0.17059768951066,0,15mm,0.5588257
SubNetW8CleanAuxExDnRcK8QdEma,minbias,0,test,7.946079,10.298173904418945,0.2960070234668646,4,120mm,1.5905591
SubNetW8CleanAuxExDnRcK8QdEma,minbias,0,test,11.801959,11.963850975036621,0.013717378338427233,3,60mm,2.0623596
SubNetW8CleanAuxExDnRcK8QdEma,minbias,0,test,26.654789,27.941259384155273,0.048264137998249135,3,60mm,4.801869
SubNetW8CleanAuxExDnRcK8QdEma,minbias,0,test,35.302914,35.65920639038086,0.010092445286033813,0,15mm,0.83097816
SubNetW8CleanAuxExDnRcK8QdEma,minbias,0,test,50.187744,48.5062370300293,-0.033504337351448865,1,30mm,4.048634
SubNetW8CleanAuxExDnRcK8QdEma,minbias,0,test,2.2101777,3.2377331256866455,0.4649198497932667,3,60mm,0.5328504
SubNetW8CleanAuxExDnRcK8QdEma,minbias,0,test,25.897425,26.483482360839844,0.022629959148483758,2,40mm,1.7516831
SubNetW8CleanAuxExDnRcK8QdEma,minbias,0,test,46.760902,45.62677001953125,-0.024253860103817138,2,40mm,4.5895925
SubNetW8CleanAuxExDnRcK8QdEma,minbias,0,test,91.998146,90.17595672607422,-0.019806804910211362,0,15mm,2.2527938
SubNetW8CleanAuxExDnRcK8QdEma,minbias,0,test,28.876705,28.989856719970703,0.003918437011012799,2,40mm,3.5876474
SubNetW8CleanAuxExDnRcK8QdEma,minbias,0,test,14.826949,15.21740436553955,0.02633415969954167,3,60mm,2.638194
SubNetW8CleanAuxExDnRcK8QdEma,minbias,0,test,14.76836,14.76091480255127,-0.0005041409688444354,3,60mm,1.9536026
SubNetW8CleanAuxExDnRcK8QdEma,minbias,0,test,21.752377,21.100427627563477,-0.029971388512088692,2,40mm,3.504486
SubNetW8CleanAuxExDnRcK8QdEma,minbias,0,test,37.931187,37.77378845214844,-0.004149572888961006,1,30mm,1.939604
SubNetW8CleanAuxExDnRcK8QdEma,minbias,0,test,9.239735,8.81406307220459,-0.04606967554737729,3,60mm,1.311298
SubNetW8CleanAuxExDnRcK8QdEma,minbias,0,test,9.178231,10.355048179626465,0.1282182709960742,2,40mm,1.3411456
SubNetW8CleanAuxExDnRcK8QdEma,minbias,0,test,19.768314,19.807830810546875,0.001998979187189942,3,60mm,3.100342
SubNetW8CleanAuxExDnRcK8QdEma,minbias,0,test,51.74058,51.46443176269531,-0.005337198417250222,1,30mm,4.8874435
SubNetW8CleanAuxExDnRcK8QdEma,minbias,0,test,20.03363,20.147321701049805,0.005675023839917692,2,40mm,2.157843
SubNetW8CleanAuxExDnRcK8QdEma,minbias,0,test,44.300125,42.77497482299805,-0.03442767474966868,2,40mm,4.5728693
SubNetW8CleanAuxExDnRcK8QdEma,minbias,0,test,15.617493,14.640174865722656,-0.06257840681264826,4,120mm,3.6226816
SubNetW8CleanAuxExDnRcK8QdEma,minbias,0,test,79.16175,63.19173049926758,-0.2017390991750201,0,15mm,4.5296865
SubNetW8CleanAuxExDnRcK8QdEma,minbias,0,test,18.724798,19.12227439880371,0.02122726194377278,3,60mm,4.3518953
SubNetW8CleanAuxExDnRcK8QdEma,minbias,0,test,14.921743,14.646344184875488,-0.01845623536181895,3,60mm,2.4519289
SubNetW8CleanAuxExDnRcK8QdEma,minbias,0,test,12.282932,11.891865730285645,-0.031838207868139845,2,40mm,0.8782011
SubNetW8CleanAuxExDnRcK8QdEma,minbias,0,test,18.119926,28.622081756591797,0.579591497316859,0,15mm,0.5600775
SubNetW8CleanAuxExDnRcK8QdEma,minbias,0,test,42.040676,44.287208557128906,0.053437114901207394,1,30mm,3.1698017
SubNetW8CleanAuxExDnRcK8QdEma,minbias,0,test,28.274231,27.835817337036133,-0.015505766387116982,1,30mm,1.6921397
SubNetW8CleanAuxExDnRcK8QdEma,minbias,0,test,20.34976,20.573217391967773,0.010980833966389936,3,60mm,3.1637022
SubNetW8CleanAuxExDnRcK8QdEma,minbias,0,test,24.750662,24.73895835876465,-0.0004728556869257883,2,40mm,2.5460725
SubNetW8CleanAuxExDnRcK8QdEma,minbias,0,test,14.39966,13.905531883239746,-0.03431527018297331,3,60mm,1.9399396
SubNetW8CleanAuxExDnRcK8QdEma,minbias,0,test,2.535305,2.984736919403076,0.17726935895217522,3,60mm,0.52836704
SubNetW8CleanAuxExDnRcK8QdEma,minbias,0,test,44.86665,42.693695068359375,-0.048431397872537474,0,15mm,1.3954861
SubNetW8CleanAuxExDnRcK8QdEma,minbias,0,test,22.288387,21.689199447631836,-0.026883409863853847,3,60mm,2.649709
SubNetW8CleanAuxExDnRcK8QdEma,minbias,0,test,41.797966,39.99982833862305,-0.043019740832553444,0,15mm,0.9457802
SubNetW8CleanAuxExDnRcK8QdEma,minbias,0,test,23.665424,23.765636444091797,0.004234536245744325,3,60mm,4.831988
SubNetW8CleanAuxExDnRcK8QdEma,minbias,0,test,13.633427,13.898733139038086,0.019459999255719396,4,120mm,3.2434194
SubNetW8CleanAuxExDnRcK8QdEma,minbias,0,test,16.85556,16.760942459106445,-0.0056134499197028065,3,60mm,3.5136845
SubNetW8CleanAuxExDnRcK8QdEma,minbias,0,test,38.215458,36.96822738647461,-0.03263680714014128,2,40mm,4.2773705
SubNetW8CleanAuxExDnRcK8QdEma,minbias,0,test,37.37633,37.88041687011719,0.013486758139253485,2,40mm,3.1715412
SubNetW8CleanAuxExDnRcK8QdEma,minbias,0,test,7.7750483,8.436802864074707,0.08511260462600934,3,60mm,1.2863065
SubNetW8CleanAuxExDnRcK8QdEma,minbias,0,test,6.084852,5.847891330718994,-0.0389427515073435,2,40mm,0.6973969
SubNetW8CleanAuxExDnRcK8QdEma,minbias,0,test,16.69182,16.331947326660156,-0.02155983079583068,3,60mm,3.034616
SubNetW8CleanAuxExDnRcK8QdEma,minbias,0,test,58.67494,57.829078674316406,-0.014416027583654789,0,15mm,1.6038537
SubNetW8CleanAuxExDnRcK8QdEma,minbias,0,test,21.974697,20.559846878051758,-0.0643854260064386,1,30mm,1.4950873
SubNetW8CleanAuxExDnRcK8QdEma,minbias,0,test,9.742477,9.816634178161621,0.007611694438223182,2,40mm,2.0094442
SubNetW8CleanAuxExDnRcK8QdEma,minbias,0,test,10.701963,10.754851341247559,0.0049418891156891576,1,30mm,0.5575232
SubNetW8CleanAuxExDnRcK8QdEma,minbias,0,test,29.69829,29.103666305541992,-0.020022148354412517,3,60mm,4.3477283
SubNetW8CleanAuxExDnRcK8QdEma,minbias,0,test,23.213062,23.337278366088867,0.00535112852321995,3,60mm,4.155245
SubNetW8CleanAuxExDnRcK8QdEma,minbias,0,test,28.453203,28.562076568603516,0.0038264010747521837,3,60mm,3.442635
SubNetW8CleanAuxExDnRcK8QdEma,minbias,0,test,23.303698,24.082101821899414,0.03340260630164926,3,60mm,3.0079176
SubNetW8CleanAuxExDnRcK8QdEma,minbias,0,test,3.3202221,3.4646224975585938,0.0434911738248851,3,60mm,0.6845467
SubNetW8CleanAuxExDnRcK8QdEma,minbias,0,test,23.156036,23.74094009399414,0.025259232949865318,3,60mm,3.9254067
SubNetW8CleanAuxExDnRcK8QdEma,minbias,0,test,81.10578,79.14492797851562,-0.024176495670980014,1,30mm,3.9613242
SubNetW8CleanAuxExDnRcK8QdEma,minbias,0,test,4.9474072,4.3340840339660645,-0.1239686124911028,3,60mm,0.9094684
SubNetW8CleanAuxExDnRcK8QdEma,minbias,0,test,5.6320543,4.931329250335693,-0.1244173151854745,4,120mm,1.1765314
SubNetW8CleanAuxExDnRcK8QdEma,minbias,0,test,26.075396,25.720552444458008,-0.013608351156318532,3,60mm,4.0607605
SubNetW8CleanAuxExDnRcK8QdEma,minbias,0,test,21.829508,22.71463966369629,0.04054749392068069,3,60mm,3.5878313
SubNetW8CleanAuxExDnRcK8QdEma,minbias,0,test,19.997288,18.67368507385254,-0.06618910988943694,2,40mm,2.1303518
SubNetW8CleanAuxExDnRcK8QdEma,minbias,0,test,2.639471,2.8958053588867188,0.09711578553347455,3,60mm,0.56203014
SubNetW8CleanAuxExDnRcK8QdEma,minbias,0,test,16.68747,16.432077407836914,-0.015304421970867677,3,60mm,3.1143882
SubNetW8CleanAuxExDnRcK8QdEma,minbias,0,test,15.178805,15.561018943786621,0.025180742732011874,2,40mm,1.1385211
SubNetW8CleanAuxExDnRcK8QdEma,minbias,0,test,25.896803,25.871841430664062,-0.0009638823623079329,3,60mm,3.2338238
SubNetW8CleanAuxExDnRcK8QdEma,minbias,0,test,24.76075,24.316970825195312,-0.017922679845358447,2,40mm,2.6385875
SubNetW8CleanAuxExDnRcK8QdEma,minbias,0,test,24.30966,24.020780563354492,-0.011883316962545187,3,60mm,4.8878703
SubNetW8CleanAuxExDnRcK8QdEma,minbias,0,test,27.29699,28.277690887451172,0.03592709183757603,1,30mm,2.48164
SubNetW8CleanAuxExDnRcK8QdEma,minbias,0,test,36.84126,36.790771484375,-0.0013704069751488968,2,40mm,4.6514554
SubNetW8CleanAuxExDnRcK8QdEma,minbias,0,test,10.511665,10.49697494506836,-0.001397532996802786,2,40mm,1.1426071
SubNetW8CleanAuxExDnRcK8QdEma,minbias,0,test,66.828514,66.02379608154297,-0.0120415368862542,1,30mm,4.6590624
SubNetW8CleanAuxExDnRcK8QdEma,minbias,0,test,52.355038,50.51322555541992,-0.03517927242689545,1,30mm,2.6664472
SubNetW8CleanAuxExDnRcK8QdEma,minbias,0,test,19.547455,21.54419708251953,0.10214845183137111,3,60mm,2.256913
SubNetW8CleanAuxExDnRcK8QdEma,minbias,0,test,23.398188,23.718793869018555,0.013702182265517227,3,60mm,3.485416
SubNetW8CleanAuxExDnRcK8QdEma,minbias,0,test,4.0861244,3.025865077972412,-0.2594779877384463,3,60mm,0.6688896
SubNetW8CleanAuxExDnRcK8QdEma,minbias,0,test,17.922104,19.000131607055664,0.06015073522212466,3,60mm,4.1874237
SubNetW8CleanAuxExDnRcK8QdEma,minbias,0,test,15.204864,21.451902389526367,0.4108579351213397,3,60mm,3.182208
SubNetW8CleanAuxExDnRcK8QdEma,minbias,0,test,63.48109,63.63896179199219,0.002486901925926377,1,30mm,3.9613853
SubNetW8CleanAuxExDnRcK8QdEma,minbias,0,test,17.966793,19.404354095458984,0.08001211069395087,2,40mm,1.211875
SubNetW8CleanAuxExDnRcK8QdEma,minbias,0,test,30.732029,32.68160629272461,0.06343796350073494,3,60mm,3.4726388
SubNetW8CleanAuxExDnRcK8QdEma,minbias,0,test,16.944622,16.753910064697266,-0.011255014992353596,3,60mm,3.8097708
SubNetW8CleanAuxExDnRcK8QdEma,minbias,0,test,40.927773,40.26402282714844,-0.016217586590325128,2,40mm,4.03081
SubNetW8CleanAuxExDnRcK8QdEma,minbias,0,test,45.87277,46.75861358642578,0.01931091615315772,2,40mm,4.7398996
SubNetW8CleanAuxExDnRcK8QdEma,minbias,0,test,49.71528,48.30709457397461,-0.028324975549703924,0,15mm,1.8126147
SubNetW8CleanAuxExDnRcK8QdEma,minbias,0,test,3.0399477,3.1906158924102783,0.04956274143727302,2,40mm,0.60095835
SubNetW8CleanAuxExDnRcK8QdEma,minbias,0,test,30.537663,30.43099021911621,-0.0034931385781732383,3,60mm,4.7089396
SubNetW8CleanAuxExDnRcK8QdEma,minbias,0,test,28.115133,27.757858276367188,-0.012707569461861579,3,60mm,4.252138
SubNetW8CleanAuxExDnRcK8QdEma,minbias,0,test,65.04341,61.48997116088867,-0.054631822431167265,1,30mm,3.219533
SubNetW8CleanAuxExDnRcK8QdEma,minbias,0,test,4.7336254,4.847872734069824,0.0241352688772547,3,60mm,0.8461753
SubNetW8CleanAuxExDnRcK8QdEma,minbias,0,test,38.114765,36.93132400512695,-0.031049415021102367,2,40mm,3.5618854
SubNetW8CleanAuxExDnRcK8QdEma,minbias,0,test,21.232494,20.829866409301758,-0.01896281888640816,3,60mm,3.137363
SubNetW8CleanAuxExDnRcK8QdEma,minbias,0,test,22.759068,23.05187225341797,0.01286540925115398,3,60mm,4.0400877
SubNetW8CleanAuxExDnRcK8QdEma,minbias,0,test,24.03769,24.186208724975586,0.006178610377227889,1,30mm,0.9944666
SubNetW8CleanAuxExDnRcK8QdEma,minbias,0,test,50.976845,50.33894729614258,-0.012513475365393267,1,30mm,2.7770567
SubNetW8CleanAuxExDnRcK8QdEma,minbias,0,test,14.449554,14.572748184204102,0.008525781284650202,2,40mm,0.9557384
SubNetW8CleanAuxExDnRcK8QdEma,minbias,0,test,25.384968,25.059036254882812,-0.012839549436871267,3,60mm,3.7778275
SubNetW8CleanAuxExDnRcK8QdEma,minbias,0,test,18.126644,18.11882781982422,-0.0004312058337582192,3,60mm,3.5574613
SubNetW8CleanAuxExDnRcK8QdEma,minbias,0,test,18.387136,18.26117706298828,-0.006850408525589047,4,120mm,3.9107316
SubNetW8CleanAuxExDnRcK8QdEma,minbias,0,test,22.302885,20.81301498413086,-0.06680167465782272,2,40mm,1.7510102
SubNetW8CleanAuxExDnRcK8QdEma,minbias,0,test,2.7755578,3.1158053874969482,0.12258711975476078,4,120mm,0.6590845
SubNetW8CleanAuxExDnRcK8QdEma,minbias,0,test,17.857983,17.643693923950195,-0.011999603534269876,3,60mm,2.3684685
SubNetW8CleanAuxExDnRcK8QdEma,minbias,0,test,69.59334,54.71318817138672,-0.21381572239851665,1,30mm,4.26681
SubNetW8CleanAuxExDnRcK8QdEma,minbias,0,test,15.826242,18.379764556884766,0.16134733930388023,1,30mm,1.6224031
SubNetW8CleanAuxExDnRcK8QdEma,minbias,0,test,30.31244,33.62832260131836,0.10939012609069887,0,15mm,0.8617903
SubNetW8CleanAuxExDnRcK8QdEma,minbias,0,test,39.365685,44.03385925292969,0.1185848741573945,0,15mm,2.1129339
SubNetW8CleanAuxExDnRcK8QdEma,minbias,0,test,9.993983,10.177190780639648,0.018331780930126884,3,60mm,0.9777393
SubNetW8CleanAuxExDnRcK8QdEma,minbias,0,test,12.670071,12.892584800720215,0.017562187197321055,3,60mm,2.6200094
SubNetW8CleanAuxExDnRcK8QdEma,minbias,0,test,12.456362,12.388322830200195,-0.0054621840375664865,3,60mm,2.1670766
SubNetW8CleanAuxExDnRcK8QdEma,minbias,0,test,10.466345,10.218873977661133,-0.02364443935802507,3,60mm,1.6787869
SubNetW8CleanAuxExDnRcK8QdEma,minbias,0,test,29.634176,29.559274673461914,-0.0025275405048502675,2,40mm,3.2432091
