model,dataset,seed,split,true_energy,pred_energy,pred_bias,region,region_name,ET
SubNetW4CleanAuxExDnRcK5AcQdEma,minbias,0,test,42.863483,31.07632064819336,-0.27499311390075387,0,15mm,1.6397792
SubNetW4CleanAuxExDnRcK5AcQdEma,minbias,0,test,75.76338,75.1062240600586,-0.008673819475395805,0,15mm,1.8834016
SubNetW4CleanAuxExDnRcK5AcQdEma,minbias,0,test,31.783268,31.20101547241211,-0.01831946617012692,3,60mm,4.2915688
SubNetW4CleanAuxExDnRcK5AcQdEma,minbias,0,test,25.650347,25.896223068237305,0.009585691553995135,3,60mm,4.0345197
SubNetW4CleanAuxExDnRcK5AcQdEma,minbias,0,test,19.079588,19.727903366088867,0.03397952994836961,2,40mm,3.2855625
SubNetW4CleanAuxExDnRcK5AcQdEma,minbias,0,test,11.742638,11.758161544799805,0.0013220122263797318,2,40mm,1.7018062
SubNetW4CleanAuxExDnRcK5AcQdEma,minbias,0,test,9.170957,8.925628662109375,-0.02675052995155691,3,60mm,1.8776454
SubNetW4CleanAuxExDnRcK5AcQdEma,minbias,0,test,17.606085,16.864269256591797,-0.04213404481738514,2,40mm,1.6383126
SubNetW4CleanAuxExDnRcK5AcQdEma,minbias,0,test,11.410598,10.88863754272461,-0.045743463013708685,2,40mm,2.1612039
SubNetW4CleanAuxExDnRcK5AcQdEma,minbias,0,test,30.403421,28.740209579467773,-0.054704758405959675,1,30mm,1.1914104
SubNetW4CleanAuxExDnRcK5AcQdEma,minbias,0,test,39.831398,36.81412887573242,-0.07575102269181566,1,30mm,4.0593247
SubNetW4CleanAuxExDnRcK5AcQdEma,minbias,0,test,14.313325,13.783870697021484,-0.03699030336522191,1,30mm,1.1469615
SubNetW4CleanAuxExDnRcK5AcQdEma,minbias,0,test,26.517212,26.54300880432129,0.0009728356941292038,2,40mm,2.841626
SubNetW4CleanAuxExDnRcK5AcQdEma,minbias,0,test,28.10945,27.23775863647461,-0.031010594982970985,2,40mm,4.0958433
SubNetW4CleanAuxExDnRcK5AcQdEma,minbias,0,test,30.03732,31.310081481933594,0.04237269946811728,3,60mm,4.058861
SubNetW4CleanAuxExDnRcK5AcQdEma,minbias,0,test,11.661754,11.493029594421387,-0.014468155052630216,3,60mm,1.8944339
SubNetW4CleanAuxExDnRcK5AcQdEma,minbias,0,test,24.534267,47.05438232421875,0.9179045173054978,0,15mm,1.3748913
SubNetW4CleanAuxExDnRcK5AcQdEma,minbias,0,test,10.5657215,14.270565032958984,0.35064747040381583,2,40mm,1.626399
SubNetW4CleanAuxExDnRcK5AcQdEma,minbias,0,test,69.57814,68.29596710205078,-0.018427815862415486,1,30mm,4.1540475
SubNetW4CleanAuxExDnRcK5AcQdEma,minbias,0,test,8.60767,8.67770004272461,0.008135792122933028,3,60mm,1.7683713
SubNetW4CleanAuxExDnRcK5AcQdEma,minbias,0,test,10.004287,9.702324867248535,-0.030183251026786317,3,60mm,0.9817875
SubNetW4CleanAuxExDnRcK5AcQdEma,minbias,0,test,13.619517,13.750449180603027,0.009613545848257132,3,60mm,2.908118
SubNetW4CleanAuxExDnRcK5AcQdEma,minbias,0,test,85.61409,85.05830383300781,-0.006491760095030941,1,30mm,4.4379387
SubNetW4CleanAuxExDnRcK5AcQdEma,minbias,0,test,10.706134,14.293195724487305,0.3350473602142132,3,60mm,1.8115892
SubNetW4CleanAuxExDnRcK5AcQdEma,minbias,0,test,19.550383,19.825170516967773,0.014055372125215904,3,60mm,4.271783
SubNetW4CleanAuxExDnRcK5AcQdEma,minbias,0,test,10.539534,11.287646293640137,0.0709815733644168,3,60mm,1.9943868
SubNetW4CleanAuxExDnRcK5AcQdEma,minbias,0,test,85.5782,83.7666015625,-0.021168939099605488,0,15mm,2.1900423
SubNetW4CleanAuxExDnRcK5AcQdEma,minbias,0,test,13.805484,14.311001777648926,0.0366171853342534,3,60mm,1.8940487
SubNetW4CleanAuxExDnRcK5AcQdEma,minbias,0,test,21.284275,20.739065170288086,-0.02561561919475508,3,60mm,4.6650662
SubNetW4CleanAuxExDnRcK5AcQdEma,minbias,0,test,20.918953,21.0544376373291,0.00647664803352721,3,60mm,3.547032
SubNetW4CleanAuxExDnRcK5AcQdEma,minbias,0,test,35.984837,36.54475402832031,0.015559816389099312,1,30mm,2.1206665
SubNetW4CleanAuxExDnRcK5AcQdEma,minbias,0,test,9.963168,9.390791893005371,-0.05744922126526697,2,40mm,0.9400118
SubNetW4CleanAuxExDnRcK5AcQdEma,minbias,0,test,54.123116,54.82302474975586,0.012931798238658532,2,40mm,4.0934963
SubNetW4CleanAuxExDnRcK5AcQdEma,minbias,0,test,37.46796,39.089500427246094,0.04327804487089759,2,40mm,3.08245
SubNetW4CleanAuxExDnRcK5AcQdEma,minbias,0,test,7.8492036,7.625607967376709,-0.028486408427983,3,60mm,1.3459713
SubNetW4CleanAuxExDnRcK5AcQdEma,minbias,0,test,35.64168,37.58515167236328,0.05452801074743463,2,40mm,3.0635505
SubNetW4CleanAuxExDnRcK5AcQdEma,minbias,0,test,59.781227,63.63174057006836,0.0644100772814491,1,30mm,3.705019
SubNetW4CleanAuxExDnRcK5AcQdEma,minbias,0,test,17.534994,18.89256477355957,0.07742065030004719,3,60mm,3.8186076
SubNetW4CleanAuxExDnRcK5AcQdEma,minbias,0,test,18.368721,15.385948181152344,-0.16238326151290172,0,15mm,0.7204835
SubNetW4CleanAuxExDnRcK5AcQdEma,minbias,0,test,25.575357,26.328205108642578,0.029436447696160162,2,40mm,2.1574025
SubNetW4CleanAuxExDnRcK5AcQdEma,minbias,0,test,19.005358,18.39550018310547,-0.032088717690719526,3,60mm,2.3097286
SubNetW4CleanAuxExDnRcK5AcQdEma,minbias,0,test,53.50574,55.46389389038086,0.03659705911982347,1,30mm,3.0921748
SubNetW4CleanAuxExDnRcK5AcQdEma,minbias,0,test,26.243935,25.8311710357666,-0.015727961579664163,3,60mm,3.0160108
SubNetW4CleanAuxExDnRcK5AcQdEma,minbias,0,test,13.5134,14.35584831237793,0.06234169266851319,3,60mm,2.022738
SubNetW4CleanAuxExDnRcK5AcQdEma,minbias,0,test,11.518021,10.804346084594727,-0.06196156164510591,3,60mm,1.7381802
SubNetW4CleanAuxExDnRcK5AcQdEma,minbias,0,test,25.523874,24.4012393951416,-0.04398371795970679,3,60mm,4.591394
SubNetW4CleanAuxExDnRcK5AcQdEma,minbias,0,test,90.44438,93.22669982910156,0.030762752340290245,0,15mm,2.9677007
SubNetW4CleanAuxExDnRcK5AcQdEma,minbias,0,test,42.007473,42.18093490600586,0.004129310851328061,2,40mm,3.9730682
SubNetW4CleanAuxExDnRcK5AcQdEma,minbias,0,test,85.639854,84.38848876953125,-0.014611954561729146,1,30mm,4.9223676
SubNetW4CleanAuxExDnRcK5AcQdEma,minbias,0,test,19.03184,18.49612045288086,-0.028148562385969744,2,40mm,2.6780002
SubNetW4CleanAuxExDnRcK5AcQdEma,minbias,0,test,10.635428,10.513532638549805,-0.01146129569841614,3,60mm,1.1894758
SubNetW4CleanAuxExDnRcK5AcQdEma,minbias,0,test,23.72164,23.680593490600586,-0.0017303248516057357,3,60mm,4.2522554
SubNetW4CleanAuxExDnRcK5AcQdEma,minbias,0,test,66.734726,64.89595031738281,-0.027553505443089765,0,15mm,2.6370292
SubNetW4CleanAuxExDnRcK5AcQdEma,minbias,0,test,10.356713,10.35697078704834,2.4862334033537437e-05,4,120mm,2.4144297
SubNetW4CleanAuxExDnRcK5AcQdEma,minbias,0,test,6.212397,5.960029602050781,-0.04062320751352766,3,60mm,0.9228792
SubNetW4CleanAuxExDnRcK5AcQdEma,minbias,0,test,72.58513,68.35630798339844,-0.058260154271475795,0,15mm,1.9429967
SubNetW4CleanAuxExDnRcK5AcQdEma,minbias,0,test,21.122795,20.634183883666992,-0.023131939636069743,2,40mm,1.6418266
SubNetW4CleanAuxExDnRcK5AcQdEma,minbias,0,test,18.024813,17.69170570373535,-0.01848046912904322,1,30mm,0.78326464
SubNetW4CleanAuxExDnRcK5AcQdEma,minbias,0,test,85.53564,73.02194213867188,-0.14629802520254742,0,15mm,2.3392313
SubNetW4CleanAuxExDnRcK5AcQdEma,minbias,0,test,63.101536,63.93521499633789,0.013211710122225107,1,30mm,4.4928956
SubNetW4CleanAuxExDnRcK5AcQdEma,minbias,0,test,9.748712,9.773459434509277,0.0025385763331315925,3,60mm,2.2103884
SubNetW4CleanAuxExDnRcK5AcQdEma,minbias,0,test,75.23608,74.60369873046875,-0.008405244600050876,1,30mm,4.5437007
SubNetW4CleanAuxExDnRcK5AcQdEma,minbias,0,test,10.153246,10.036384582519531,-0.01150975207698346,4,120mm,2.0693507
SubNetW4CleanAuxExDnRcK5AcQdEma,minbias,0,test,10.889546,10.853267669677734,-0.003331518444996018,4,120mm,2.593952
SubNetW4CleanAuxExDnRcK5AcQdEma,minbias,0,test,38.752094,39.62856674194336,0.022617422095048356,1,30mm,2.5483325
SubNetW4CleanAuxExDnRcK5AcQdEma,minbias,0,test,24.39992,29.338489532470703,0.20240107843723543,1,30mm,1.6278064
SubNetW4CleanAuxExDnRcK5AcQdEma,minbias,0,test,22.638443,24.67323875427246,0.08988231927976797,0,15mm,1.0212243
SubNetW4CleanAuxExDnRcK5AcQdEma,minbias,0,test,29.921053,29.52635383605957,-0.013191350503839128,3,60mm,3.6303802
SubNetW4CleanAuxExDnRcK5AcQdEma,minbias,0,test,35.338924,37.31139373779297,0.05581577150066708,3,60mm,4.3143682
SubNetW4CleanAuxExDnRcK5AcQdEma,minbias,0,test,11.1878605,11.297575950622559,0.00980665265176417,3,60mm,1.5406373
SubNetW4CleanAuxExDnRcK5AcQdEma,minbias,0,test,17.90351,20.123472213745117,0.12399597511131555,3,60mm,3.5041893
SubNetW4CleanAuxExDnRcK5AcQdEma,minbias,0,test,38.68864,37.79380416870117,-0.023129177247671717,2,40mm,3.1658518
SubNetW4CleanAuxExDnRcK5AcQdEma,minbias,0,test,81.11672,77.73890686035156,-0.04164141694642398,1,30mm,4.239584
SubNetW4CleanAuxExDnRcK5AcQdEma,minbias,0,test,38.478737,39.43207550048828,0.024775725515194358,3,60mm,4.8470473
SubNetW4CleanAuxExDnRcK5AcQdEma,minbias,0,test,28.972378,27.388513565063477,-0.05466807813365093,3,60mm,3.937287
SubNetW4CleanAuxExDnRcK5AcQdEma,minbias,0,test,54.047184,55.25714874267578,0.022387193242305203,1,30mm,4.9348392
SubNetW4CleanAuxExDnRcK5AcQdEma,minbias,0,test,71.690926,66.0162124633789,-0.07915524994857226,0,15mm,2.5394871
SubNetW4CleanAuxExDnRcK5AcQdEma,minbias,0,test,9.32145,8.932991981506348,-0.041673585356788,3,60mm,2.073255
SubNetW4CleanAuxExDnRcK5AcQdEma,minbias,0,test,12.887308,12.674247741699219,-0.016532574299642944,1,30mm,1.014335
SubNetW4CleanAuxExDnRcK5AcQdEma,minbias,0,test,7.5643997,7.497452735900879,-0.008850270453997555,3,60mm,1.497827
SubNetW4CleanAuxExDnRcK5AcQdEma,minbias,0,test,11.371339,10.876705169677734,-0.043498279436950504,2,40mm,1.7767448
SubNetW4CleanAuxExDnRcK5AcQdEma,minbias,0,test,12.218459,11.854337692260742,-0.029800929333109516,3,60mm,2.5506802
SubNetW4CleanAuxExDnRcK5AcQdEma,minbias,0,test,8.037813,8.076766967773438,0.0048463158104556925,3,60mm,1.598506
SubNetW4CleanAuxExDnRcK5AcQdEma,minbias,0,test,66.80678,67.70989990234375,0.013518417979425212,0,15mm,2.15789
SubNetW4CleanAuxExDnRcK5AcQdEma,minbias,0,test,26.240843,26.51869010925293,0.010588352361747377,3,60mm,3.824991
SubNetW4CleanAuxExDnRcK5AcQdEma,minbias,0,test,11.863225,11.383580207824707,-0.04043122979369018,2,40mm,1.1070316
SubNetW4CleanAuxExDnRcK5AcQdEma,minbias,0,test,37.436863,37.99972915649414,0.015035079508559868,2,40mm,3.5742083
SubNetW4CleanAuxExDnRcK5AcQdEma,minbias,0,test,28.186132,29.286968231201172,0.03905593656258355,3,60mm,4.253409
SubNetW4CleanAuxExDnRcK5AcQdEma,minbias,0,test,16.82705,16.55878257751465,-0.01594258587974451,2,40mm,1.3968389
SubNetW4CleanAuxExDnRcK5AcQdEma,minbias,0,test,25.112503,25.920833587646484,0.03218836984201334,3,60mm,4.3095164
SubNetW4CleanAuxExDnRcK5AcQdEma,minbias,0,test,35.891613,35.535430908203125,-0.00992382533276659,2,40mm,2.807171
SubNetW4CleanAuxExDnRcK5AcQdEma,minbias,0,test,6.1978297,5.945870876312256,-0.04065275399489032,3,60mm,0.99992085
SubNetW4CleanAuxExDnRcK5AcQdEma,minbias,0,test,28.483427,60.86436462402344,1.1368343255196582,1,30mm,1.7334825
SubNetW4CleanAuxExDnRcK5AcQdEma,minbias,0,test,45.242416,43.12245178222656,-0.04685789949231145,1,30mm,3.8711078
SubNetW4CleanAuxExDnRcK5AcQdEma,minbias,0,test,52.90175,51.61747360229492,-0.024276608761139795,0,15mm,1.9136885
SubNetW4CleanAuxExDnRcK5AcQdEma,minbias,0,test,84.93617,85.9722671508789,0.012198509012235403,0,15mm,3.3468254
SubNetW4CleanAuxExDnRcK5AcQdEma,minbias,0,test,55.09479,61.69426345825195,0.11978395555589105,1,30mm,3.3271313
SubNetW4CleanAuxExDnRcK5AcQdEma,minbias,0,test,52.618725,50.60291290283203,-0.038309782818700455,0,15mm,1.5621121
SubNetW4CleanAuxExDnRcK5AcQdEma,minbias,0,test,33.41051,31.72755241394043,-0.05037212995804585,1,30mm,1.495324
SubNetW4CleanAuxExDnRcK5AcQdEma,minbias,0,test,32.60857,31.87360954284668,-0.022538877166392135,3,60mm,4.7005343
SubNetW4CleanAuxExDnRcK5AcQdEma,minbias,0,test,35.574142,35.87990188598633,0.008594990878820097,3,60mm,4.3714714
SubNetW4CleanAuxExDnRcK5AcQdEma,minbias,0,test,64.07715,65.19852447509766,0.017500404823592275,0,15mm,2.0131202
SubNetW4CleanAuxExDnRcK5AcQdEma,minbias,0,test,17.391768,16.946578979492188,-0.025597658334151285,3,60mm,2.6898348
SubNetW4CleanAuxExDnRcK5AcQdEma,minbias,0,test,15.297783,16.56824493408203,0.08304876887114987,2,40mm,1.3279284
SubNetW4CleanAuxExDnRcK5AcQdEma,minbias,0,test,20.110922,20.795238494873047,0.034027114217062726,0,15mm,0.6915022
SubNetW4CleanAuxExDnRcK5AcQdEma,minbias,0,test,24.439104,23.969411849975586,-0.019218880883818512,2,40mm,2.2037718
SubNetW4CleanAuxExDnRcK5AcQdEma,minbias,0,test,22.86982,22.867334365844727,-0.00010867052331653415,1,30mm,1.3557869
SubNetW4CleanAuxExDnRcK5AcQdEma,minbias,0,test,40.543922,40.352046966552734,-0.0047325331712008145,1,30mm,3.432586
SubNetW4CleanAuxExDnRcK5AcQdEma,minbias,0,test,20.327812,19.679553985595703,-0.031890210467094504,3,60mm,4.3754845
SubNetW4CleanAuxExDnRcK5AcQdEma,minbias,0,test,2.9200566,2.6910974979400635,-0.07840912570253533,4,120mm,0.6726203
SubNetW4CleanAuxExDnRcK5AcQdEma,minbias,0,test,5.504365,5.007167816162109,-0.09032779514687495,3,60mm,0.59068066
SubNetW4CleanAuxExDnRcK5AcQdEma,minbias,0,test,12.902643,13.863468170166016,0.0744672972242233,3,60mm,2.2295716
SubNetW4CleanAuxExDnRcK5AcQdEma,minbias,0,test,9.065312,8.080734252929688,-0.10860939929635671,2,40mm,0.9153819
SubNetW4CleanAuxExDnRcK5AcQdEma,minbias,0,test,35.231594,34.136741638183594,-0.03107587027844294,1,30mm,1.6489937
SubNetW4CleanAuxExDnRcK5AcQdEma,minbias,0,test,47.020405,46.59695816040039,-0.009005593570140524,1,30mm,2.4597533
SubNetW4CleanAuxExDnRcK5AcQdEma,minbias,0,test,14.121683,14.385306358337402,0.01866797571905021,2,40mm,1.7802731
SubNetW4CleanAuxExDnRcK5AcQdEma,minbias,0,test,42.680443,43.68048858642578,0.023431007518307734,2,40mm,3.572324
SubNetW4CleanAuxExDnRcK5AcQdEma,minbias,0,test,16.664495,16.72673797607422,0.0037350370464901417,3,60mm,2.5260148
SubNetW4CleanAuxExDnRcK5AcQdEma,minbias,0,test,85.11549,80.6829833984375,-0.05207642204043683,1,30mm,4.5835357
SubNetW4CleanAuxExDnRcK5AcQdEma,minbias,0,test,20.123644,19.821819305419922,-0.014998504822244407,3,60mm,4.0294466
SubNetW4CleanAuxExDnRcK5AcQdEma,minbias,0,test,25.757742,33.27532196044922,0.2918571066257667,3,60mm,2.9147215
SubNetW4CleanAuxExDnRcK5AcQdEma,minbias,0,test,93.022354,93.08242797851562,0.0006458001746301179,1,30mm,4.0547247
SubNetW4CleanAuxExDnRcK5AcQdEma,minbias,0,test,3.3679435,3.2216525077819824,-0.04343630361756001,3,60mm,0.64963967
SubNetW4CleanAuxExDnRcK5AcQdEma,minbias,0,test,45.604336,45.4829216003418,-0.002662338623742877,2,40mm,3.4785976
SubNetW4CleanAuxExDnRcK5AcQdEma,minbias,0,test,70.81975,71.05426788330078,0.0033115051291217057,0,15mm,1.7507374
SubNetW4CleanAuxExDnRcK5AcQdEma,minbias,0,test,13.654914,13.650652885437012,-0.0003120500704871798,3,60mm,2.7689395
SubNetW4CleanAuxExDnRcK5AcQdEma,minbias,0,test,13.884281,13.39326286315918,-0.0353650498491489,2,40mm,1.5226703
SubNetW4CleanAuxExDnRcK5AcQdEma,minbias,0,test,6.4056144,6.598091125488281,0.030048132485039236,2,40mm,0.95421386
SubNetW4CleanAuxExDnRcK5AcQdEma,minbias,0,test,20.507399,20.786672592163086,0.013618206394232502,3,60mm,4.674587
SubNetW4CleanAuxExDnRcK5AcQdEma,minbias,0,test,27.975327,29.384145736694336,0.05035934778778772,2,40mm,2.9841323
SubNetW4CleanAuxExDnRcK5AcQdEma,minbias,0,test,54.420044,52.70621109008789,-0.03149267679656531,1,30mm,3.8423834
SubNetW4CleanAuxExDnRcK5AcQdEma,minbias,0,test,94.708405,92.57542419433594,-0.0225215529394327,1,30mm,4.3555646
SubNetW4CleanAuxExDnRcK5AcQdEma,minbias,0,test,41.29405,42.99720764160156,0.04124466846934771,2,40mm,4.005431
SubNetW4CleanAuxExDnRcK5AcQdEma,minbias,0,test,8.5123205,9.201794624328613,0.08099719745479828,3,60mm,1.0873233
SubNetW4CleanAuxExDnRcK5AcQdEma,minbias,0,test,11.235383,11.037659645080566,-0.01759827752003562,3,60mm,1.6395017
SubNetW4CleanAuxExDnRcK5AcQdEma,minbias,0,test,19.261293,18.43551254272461,-0.042872555383417166,3,60mm,2.2694788
SubNetW4CleanAuxExDnRcK5AcQdEma,minbias,0,test,49.56512,50.22763442993164,0.013366531213752753,1,30mm,2.4061043
SubNetW4CleanAuxExDnRcK5AcQdEma,minbias,0,test,10.251705,10.240193367004395,-0.0011229158937763328,4,120mm,2.2519999
SubNetW4CleanAuxExDnRcK5AcQdEma,minbias,0,test,67.59369,66.17626190185547,-0.020969813671887327,2,40mm,4.743047
SubNetW4CleanAuxExDnRcK5AcQdEma,minbias,0,test,6.7301216,7.028092384338379,0.04427420319329167,3,60mm,1.0596521
SubNetW4CleanAuxExDnRcK5AcQdEma,minbias,0,test,43.993694,43.46802520751953,-0.011948737340651827,3,60mm,4.8170185
SubNetW4CleanAuxExDnRcK5AcQdEma,minbias,0,test,27.778227,27.48888397216797,-0.010416175293919028,3,60mm,4.991946
SubNetW4CleanAuxExDnRcK5AcQdEma,minbias,0,test,13.309009,13.529958724975586,0.016601546615253815,3,60mm,1.6302322
SubNetW4CleanAuxExDnRcK5AcQdEma,minbias,0,test,36.266247,39.33324432373047,0.08456892562821472,0,15mm,1.2283576
SubNetW4CleanAuxExDnRcK5AcQdEma,minbias,0,test,58.971222,58.41290283203125,-0.00946765343472189,1,30mm,2.9077263
SubNetW4CleanAuxExDnRcK5AcQdEma,minbias,0,test,15.492466,14.733288764953613,-0.04900299340819847,2,40mm,1.7220801
SubNetW4CleanAuxExDnRcK5AcQdEma,minbias,0,test,88.91285,87.88363647460938,-0.011575525453310642,1,30mm,3.7689943
SubNetW4CleanAuxExDnRcK5AcQdEma,minbias,0,test,7.690255,9.954349517822266,0.2944108230630731,2,40mm,0.82422113
SubNetW4CleanAuxExDnRcK5AcQdEma,minbias,0,test,18.663013,18.927576065063477,0.014175771099524503,2,40mm,2.0379875
SubNetW4CleanAuxExDnRcK5AcQdEma,minbias,0,test,12.875773,12.969752311706543,0.007298892167356241,3,60mm,2.6952896
SubNetW4CleanAuxExDnRcK5AcQdEma,minbias,0,test,25.181293,24.739044189453125,-0.01756261243348667,2,40mm,4.3598104
SubNetW4CleanAuxExDnRcK5AcQdEma,minbias,0,test,6.650894,6.5007643699646,-0.022572873864634913,3,60mm,0.7688689
SubNetW4CleanAuxExDnRcK5AcQdEma,minbias,0,test,38.042484,38.277652740478516,0.006181732383170768,1,30mm,2.1407907
SubNetW4CleanAuxExDnRcK5AcQdEma,minbias,0,test,59.998905,64.95542907714844,0.08261023897416342,1,30mm,2.4315782
SubNetW4CleanAuxExDnRcK5AcQdEma,minbias,0,test,70.88441,71.6575698852539,0.010907375458792723,0,15mm,1.5928285
SubNetW4CleanAuxExDnRcK5AcQdEma,minbias,0,test,16.426863,17.328929901123047,0.054914148855250255,4,120mm,3.595029
SubNetW4CleanAuxExDnRcK5AcQdEma,minbias,0,test,23.525688,27.701278686523438,0.1774906852763316,1,30mm,1.6664858
SubNetW4CleanAuxExDnRcK5AcQdEma,minbias,0,test,26.022427,26.34515380859375,0.012401887351441099,0,15mm,0.5951141
SubNetW4CleanAuxExDnRcK5AcQdEma,minbias,0,test,36.144173,36.828975677490234,0.01894642921598333,3,60mm,4.61373
SubNetW4CleanAuxExDnRcK5AcQdEma,minbias,0,test,61.185936,60.24457550048828,-0.015385242681111633,2,40mm,3.7577088
SubNetW4CleanAuxExDnRcK5AcQdEma,minbias,0,test,30.882607,30.36725616455078,-0.01668739786231932,3,60mm,3.8996522
SubNetW4CleanAuxExDnRcK5AcQdEma,minbias,0,test,68.89716,69.95767974853516,0.015392743405146625,2,40mm,4.616907
SubNetW4CleanAuxExDnRcK5AcQdEma,minbias,0,test,28.65605,29.42172622680664,0.026719541097614208,2,40mm,3.0408204
SubNetW4CleanAuxExDnRcK5AcQdEma,minbias,0,test,21.694942,21.720022201538086,0.0011560172239444277,2,40mm,3.667333
SubNetW4CleanAuxExDnRcK5AcQdEma,minbias,0,test,69.153824,86.74659729003906,0.2544005878115163,1,30mm,2.6829202
SubNetW4CleanAuxExDnRcK5AcQdEma,minbias,0,test,17.431955,18.279380798339844,0.04861333363970033,2,40mm,3.719841
SubNetW4CleanAuxExDnRcK5AcQdEma,minbias,0,test,8.601816,8.425603866577148,-0.020485477387280127,2,40mm,0.9327546
SubNetW4CleanAuxExDnRcK5AcQdEma,minbias,0,test,16.611923,16.514358520507812,-0.005873172900368262,3,60mm,2.111522
SubNetW4CleanAuxExDnRcK5AcQdEma,minbias,0,test,42.0882,45.137542724609375,0.0724512603767784,1,30mm,3.1700444
SubNetW4CleanAuxExDnRcK5AcQdEma,minbias,0,test,69.6776,71.30265045166016,0.02332246625398482,0,15mm,2.8446863
SubNetW4CleanAuxExDnRcK5AcQdEma,minbias,0,test,13.577416,13.735528945922852,0.011645258644880085,3,60mm,2.3756516
SubNetW4CleanAuxExDnRcK5AcQdEma,minbias,0,test,6.1191607,6.217994213104248,0.016151489814000275,4,120mm,1.412671
SubNetW4CleanAuxExDnRcK5AcQdEma,minbias,0,test,19.356752,19.005353927612305,-0.018153792580252848,2,40mm,2.8752556
SubNetW4CleanAuxExDnRcK5AcQdEma,minbias,0,test,54.768555,53.35835266113281,-0.025748388549114654,2,40mm,4.303527
SubNetW4CleanAuxExDnRcK5AcQdEma,minbias,0,test,4.1018023,3.990166664123535,-0.027216251653810697,3,60mm,0.8114608
SubNetW4CleanAuxExDnRcK5AcQdEma,minbias,0,test,9.835641,9.527649879455566,-0.03131377311709593,2,40mm,0.831612
SubNetW4CleanAuxExDnRcK5AcQdEma,minbias,0,test,61.69421,67.97688293457031,0.10183569700843398,2,40mm,4.008859
SubNetW4CleanAuxExDnRcK5AcQdEma,minbias,0,test,6.4422855,6.2429890632629395,-0.03093567853984458,3,60mm,0.9084296
SubNetW4CleanAuxExDnRcK5AcQdEma,minbias,0,test,24.761665,26.758224487304688,0.08063105269012039,0,15mm,0.707989
SubNetW4CleanAuxExDnRcK5AcQdEma,minbias,0,test,8.456784,9.517441749572754,0.12542090114541948,2,40mm,0.6096398
SubNetW4CleanAuxExDnRcK5AcQdEma,minbias,0,test,57.390064,58.44126892089844,0.018316840995499906,1,30mm,2.775725
SubNetW4CleanAuxExDnRcK5AcQdEma,minbias,0,test,46.632133,46.30045700073242,-0.007112616523730408,1,30mm,4.736706
SubNetW4CleanAuxExDnRcK5AcQdEma,minbias,0,test,70.3216,68.32081604003906,-0.028451937590978083,1,30mm,3.2403524
SubNetW4CleanAuxExDnRcK5AcQdEma,minbias,0,test,66.76067,65.69068145751953,-0.01602728086710925,2,40mm,4.6242766
SubNetW4CleanAuxExDnRcK5AcQdEma,minbias,0,test,12.811955,12.687158584594727,-0.009740657297669708,0,15mm,0.6569014
SubNetW4CleanAuxExDnRcK5AcQdEma,minbias,0,test,14.870181,14.721185684204102,-0.010019743447416962,3,60mm,3.0410771
SubNetW4CleanAuxExDnRcK5AcQdEma,minbias,0,test,27.929308,27.406463623046875,-0.01872027462130199,2,40mm,1.900341
SubNetW4CleanAuxExDnRcK5AcQdEma,minbias,0,test,33.169575,33.78089141845703,0.018430042764949084,2,40mm,3.430563
SubNetW4CleanAuxExDnRcK5AcQdEma,minbias,0,test,35.415737,37.82062911987305,0.06790461419580707,1,30mm,2.6719959
SubNetW4CleanAuxExDnRcK5AcQdEma,minbias,0,test,35.583576,34.80091857910156,-0.021994911889670954,3,60mm,3.6937656
SubNetW4CleanAuxExDnRcK5AcQdEma,minbias,0,test,31.333326,30.857423782348633,-0.015188382880681917,1,30mm,1.8235457
SubNetW4CleanAuxExDnRcK5AcQdEma,minbias,0,test,14.948166,15.294550895690918,0.023172408214012563,2,40mm,1.4020044
SubNetW4CleanAuxExDnRcK5AcQdEma,minbias,0,test,88.84253,87.7462158203125,-0.012339962462111775,1,30mm,4.927513
SubNetW4CleanAuxExDnRcK5AcQdEma,minbias,0,test,23.283163,23.668447494506836,0.016547769848046512,1,30mm,1.4979575
SubNetW4CleanAuxExDnRcK5AcQdEma,minbias,0,test,8.759994,8.680789947509766,-0.009041514148520058,3,60mm,1.2694584
SubNetW4CleanAuxExDnRcK5AcQdEma,minbias,0,test,29.41977,29.131378173828125,-0.009802630009325464,3,60mm,4.344072
SubNetW4CleanAuxExDnRcK5AcQdEma,minbias,0,test,35.63719,35.57209777832031,-0.0018265747356369655,3,60mm,4.3324766
SubNetW4CleanAuxExDnRcK5AcQdEma,minbias,0,test,48.268307,49.750633239746094,0.030710141041268013,2,40mm,3.994199
SubNetW4CleanAuxExDnRcK5AcQdEma,minbias,0,test,3.641302,3.2854764461517334,-0.09771934653717396,3,60mm,0.8189345
SubNetW4CleanAuxExDnRcK5AcQdEma,minbias,0,test,61.88163,65.06240844726562,0.0514010136175187,1,30mm,3.7379215
SubNetW4CleanAuxExDnRcK5AcQdEma,minbias,0,test,7.686209,6.639521598815918,-0.1361773503055279,2,40mm,0.97621685
SubNetW4CleanAuxExDnRcK5AcQdEma,minbias,0,test,21.655483,22.460678100585938,0.03718203124793562,0,15mm,0.71839565
SubNetW4CleanAuxExDnRcK5AcQdEma,minbias,0,test,84.11582,84.10298919677734,-0.00015255918947354452,0,15mm,2.4566224
SubNetW4CleanAuxExDnRcK5AcQdEma,minbias,0,test,3.7457201,3.7523467540740967,0.001769114008939976,4,120mm,0.88026726
SubNetW4CleanAuxExDnRcK5AcQdEma,minbias,0,test,51.34799,52.983787536621094,0.03185712756379422,1,30mm,2.1563678
SubNetW4CleanAuxExDnRcK5AcQdEma,minbias,0,test,18.03582,17.62787628173828,-0.02261852942756548,4,120mm,4.009425
SubNetW4CleanAuxExDnRcK5AcQdEma,minbias,0,test,32.716286,32.11983108520508,-0.018231122742024652,2,40mm,4.969409
SubNetW4CleanAuxExDnRcK5AcQdEma,minbias,0,test,22.903631,22.656085968017578,-0.0108081220849362,3,60mm,3.7804422
SubNetW4CleanAuxExDnRcK5AcQdEma,minbias,0,test,7.1695757,6.55432653427124,-0.08581388682528035,2,40mm,1.3441169
SubNetW4CleanAuxExDnRcK5AcQdEma,minbias,0,test,30.802935,30.83829116821289,0.0011478296471449934,2,40mm,3.0352485
SubNetW4CleanAuxExDnRcK5AcQdEma,minbias,0,test,24.225342,23.259201049804688,-0.039881408286051134,3,60mm,3.997129
SubNetW4CleanAuxExDnRcK5AcQdEma,minbias,0,test,5.166027,5.076869964599609,-0.017258350236995845,2,40mm,0.60287935
SubNetW4CleanAuxExDnRcK5AcQdEma,minbias,0,test,10.290912,10.712593078613281,0.040976097886320506,1,30mm,0.8947174
SubNetW4CleanAuxExDnRcK5AcQdEma,minbias,0,test,28.135817,28.284137725830078,0.005271613544351572,3,60mm,4.818832
SubNetW4CleanAuxExDnRcK5AcQdEma,minbias,0,test,23.270159,23.214492797851562,-0.0023921611538765264,1,30mm,1.2842717
SubNetW4CleanAuxExDnRcK5AcQdEma,minbias,0,test,8.96807,9.04219913482666,0.0082658927020558,3,60mm,2.1345832
SubNetW4CleanAuxExDnRcK5AcQdEma,minbias,0,test,71.243805,71.64686584472656,0.005657487180431797,1,30mm,4.0952234
SubNetW4CleanAuxExDnRcK5AcQdEma,minbias,0,test,55.5538,58.38357925415039,0.05093766125950561,1,30mm,3.5026038
SubNetW4CleanAuxExDnRcK5AcQdEma,minbias,0,test,41.320446,40.359352111816406,-0.023259523923165104,2,40mm,3.0542264
SubNetW4CleanAuxExDnRcK5AcQdEma,minbias,0,test,13.340912,13.048884391784668,-0.021889618670723254,3,60mm,2.5794013
SubNetW4CleanAuxExDnRcK5AcQdEma,minbias,0,test,12.586493,13.17101001739502,0.04644006081576357,3,60mm,2.0547667
SubNetW4CleanAuxExDnRcK5AcQdEma,minbias,0,test,40.747513,39.73976516723633,-0.024731513176347364,1,30mm,2.2474158
SubNetW4CleanAuxExDnRcK5AcQdEma,minbias,0,test,20.26826,18.321182250976562,-0.09606532030352688,2,40mm,1.3076642
SubNetW4CleanAuxExDnRcK5AcQdEma,minbias,0,test,52.303837,51.36409378051758,-0.017967000110931775,2,40mm,4.5262413
SubNetW4CleanAuxExDnRcK5AcQdEma,minbias,0,test,48.50872,49.25223159790039,0.015327371941614931,1,30mm,2.8990896
SubNetW4CleanAuxExDnRcK5AcQdEma,minbias,0,test,65.45002,63.99863052368164,-0.022175536636527937,0,15mm,3.4225147
SubNetW4CleanAuxExDnRcK5AcQdEma,minbias,0,test,76.76585,76.96211242675781,0.0025566861292845022,0,15mm,2.8719547
SubNetW4CleanAuxExDnRcK5AcQdEma,minbias,0,test,49.155308,52.364959716796875,0.06529614181349985,1,30mm,3.7874494
SubNetW4CleanAuxExDnRcK5AcQdEma,minbias,0,test,13.37613,13.795502662658691,0.031352308577374366,2,40mm,1.2639742
SubNetW4CleanAuxExDnRcK5AcQdEma,minbias,0,test,87.35947,84.66191101074219,-0.030878800528890693,1,30mm,4.900837
SubNetW4CleanAuxExDnRcK5AcQdEma,minbias,0,test,8.651483,8.336702346801758,-0.03638454245311562,3,60mm,1.2494159
SubNetW4CleanAuxExDnRcK5AcQdEma,minbias,0,test,10.055942,11.117385864257812,0.10555394280140051,3,60mm,2.0834093
SubNetW4CleanAuxExDnRcK5AcQdEma,minbias,0,test,47.560963,47.33085250854492,-0.0048382151139321206,2,40mm,4.232719
SubNetW4CleanAuxExDnRcK5AcQdEma,minbias,0,test,6.722147,7.212743759155273,0.07298215467799518,3,60mm,0.7480035
SubNetW4CleanAuxExDnRcK5AcQdEma,minbias,0,test,9.565672,9.320167541503906,-0.025665147342052608,3,60mm,1.706793
SubNetW4CleanAuxExDnRcK5AcQdEma,minbias,0,test,16.106213,16.13831329345703,0.0019930618237593567,3,60mm,3.6832657
SubNetW4CleanAuxExDnRcK5AcQdEma,minbias,0,test,3.7640007,3.9148685932159424,0.04008180466870881,3,60mm,0.8852063
SubNetW4CleanAuxExDnRcK5AcQdEma,minbias,0,test,31.185066,30.997995376586914,-0.00599873173970622,3,60mm,4.8705883
SubNetW4CleanAuxExDnRcK5AcQdEma,minbias,0,test,35.31215,35.401878356933594,0.002541032236821339,1,30mm,1.9009156
SubNetW4CleanAuxExDnRcK5AcQdEma,minbias,0,test,21.619255,21.156064987182617,-0.021424886163888046,3,60mm,2.3805015
SubNetW4CleanAuxExDnRcK5AcQdEma,minbias,0,test,14.97768,14.632818222045898,-0.02302505992269077,3,60mm,2.7164333
SubNetW4CleanAuxExDnRcK5AcQdEma,minbias,0,test,11.509624,11.001564025878906,-0.04414214769343716,3,60mm,2.05313
SubNetW4CleanAuxExDnRcK5AcQdEma,minbias,0,test,31.022686,34.951011657714844,0.1266275155055494,2,40mm,2.51577
SubNetW4CleanAuxExDnRcK5AcQdEma,minbias,0,test,60.937557,57.61764144897461,-0.054480617913081675,1,30mm,3.5243053
SubNetW4CleanAuxExDnRcK5AcQdEma,minbias,0,test,6.117882,8.307586669921875,0.3579187986277299,2,40mm,1.2352195
SubNetW4CleanAuxExDnRcK5AcQdEma,minbias,0,test,12.466101,11.627946853637695,-0.06723464375663557,1,30mm,0.80434704
SubNetW4CleanAuxExDnRcK5AcQdEma,minbias,0,test,25.090992,25.36247444152832,0.010819917679381286,2,40mm,4.6534142
SubNetW4CleanAuxExDnRcK5AcQdEma,minbias,0,test,78.03248,76.68450927734375,-0.017274461659819162,1,30mm,4.126489
SubNetW4CleanAuxExDnRcK5AcQdEma,minbias,0,test,42.22197,44.252655029296875,0.04809546887146254,1,30mm,3.7371066
SubNetW4CleanAuxExDnRcK5AcQdEma,minbias,0,test,80.61303,77.58921813964844,-0.03751020597833965,1,30mm,4.9177923
SubNetW4CleanAuxExDnRcK5AcQdEma,minbias,0,test,18.549246,18.03398323059082,-0.027778089112688975,3,60mm,3.1893141
SubNetW4CleanAuxExDnRcK5AcQdEma,minbias,0,test,25.611683,25.4825382232666,-0.0050424124460879405,3,60mm,3.2819653
SubNetW4CleanAuxExDnRcK5AcQdEma,minbias,0,test,78.02541,86.24264526367188,0.10531481193752157,1,30mm,3.8630264
SubNetW4CleanAuxExDnRcK5AcQdEma,minbias,0,test,68.05194,68.86845397949219,0.011998380215307636,1,30mm,4.8593
SubNetW4CleanAuxExDnRcK5AcQdEma,minbias,0,test,9.9187765,9.689781188964844,-0.023087053418406667,2,40mm,1.1706673
SubNetW4CleanAuxExDnRcK5AcQdEma,minbias,0,test,24.510147,24.274372100830078,-0.009619485064094602,3,60mm,2.9711084
SubNetW4CleanAuxExDnRcK5AcQdEma,minbias,0,test,34.78219,36.49668502807617,0.04929237321316582,0,15mm,1.0057348
SubNetW4CleanAuxExDnRcK5AcQdEma,minbias,0,test,13.428783,13.752063751220703,0.024073687424988055,3,60mm,2.98696
SubNetW4CleanAuxExDnRcK5AcQdEma,minbias,0,test,24.986265,25.21645736694336,0.009212748794866332,3,60mm,4.312482
SubNetW4CleanAuxExDnRcK5AcQdEma,minbias,0,test,20.152197,20.850133895874023,0.03463329659445247,3,60mm,4.5786085
SubNetW4CleanAuxExDnRcK5AcQdEma,minbias,0,test,7.3073983,7.042730808258057,-0.03621911649311815,3,60mm,1.0095205
SubNetW4CleanAuxExDnRcK5AcQdEma,minbias,0,test,40.4147,40.644683837890625,0.005690609752955211,1,30mm,2.2533977
SubNetW4CleanAuxExDnRcK5AcQdEma,minbias,0,test,21.159204,20.960899353027344,-0.009372050360584527,3,60mm,2.3088422
SubNetW4CleanAuxExDnRcK5AcQdEma,minbias,0,test,82.20571,85.4660873413086,0.03966118560906606,0,15mm,2.7624717
SubNetW4CleanAuxExDnRcK5AcQdEma,minbias,0,test,59.869244,59.9616813659668,0.0015439938530796837,1,30mm,2.582285
SubNetW4CleanAuxExDnRcK5AcQdEma,minbias,0,test,16.968237,17.176057815551758,0.012247642066431919,3,60mm,2.7454362
SubNetW4CleanAuxExDnRcK5AcQdEma,minbias,0,test,58.66707,58.778507232666016,0.0018995111585633495,1,30mm,3.649361
SubNetW4CleanAuxExDnRcK5AcQdEma,minbias,0,test,7.0987477,7.007297039031982,-0.012882651236270637,3,60mm,1.4184227
SubNetW4CleanAuxExDnRcK5AcQdEma,minbias,0,test,6.651671,6.2397565841674805,-0.061926447168782706,3,60mm,0.708011
SubNetW4CleanAuxExDnRcK5AcQdEma,minbias,0,test,22.13644,21.487672805786133,-0.02930766930872053,3,60mm,3.4538093
SubNetW4CleanAuxExDnRcK5AcQdEma,minbias,0,test,12.964011,13.753582000732422,0.06090482310585199,3,60mm,1.5451412
SubNetW4CleanAuxExDnRcK5AcQdEma,minbias,0,test,13.542336,12.835084915161133,-0.052225223516706,1,30mm,0.76552874
SubNetW4CleanAuxExDnRcK5AcQdEma,minbias,0,test,38.03405,40.194698333740234,0.05680826382256754,1,30mm,1.8878213
SubNetW4CleanAuxExDnRcK5AcQdEma,minbias,0,test,16.361364,17.01088523864746,0.03969845420885609,2,40mm,2.0170815
SubNetW4CleanAuxExDnRcK5AcQdEma,minbias,0,test,14.583612,14.085081100463867,-0.03418435202765158,3,60mm,3.2703876
SubNetW4CleanAuxExDnRcK5AcQdEma,minbias,0,test,29.874252,29.60154151916504,-0.009128623446565287,2,40mm,3.5433412
SubNetW4CleanAuxExDnRcK5AcQdEma,minbias,0,test,29.975035,29.954111099243164,-0.0006980347046056101,2,40mm,3.2099485
SubNetW4CleanAuxExDnRcK5AcQdEma,minbias,0,test,38.73597,36.56219482421875,-0.05611773100966455,1,30mm,2.8878849
SubNetW4CleanAuxExDnRcK5AcQdEma,minbias,0,test,11.769895,11.003872871398926,-0.0650831425900098,3,60mm,2.3490071
SubNetW4CleanAuxExDnRcK5AcQdEma,minbias,0,test,6.2027636,16.82729721069336,1.7128709735397947,2,40mm,0.69914436
SubNetW4CleanAuxExDnRcK5AcQdEma,minbias,0,test,74.85865,73.95500183105469,-0.012071395542930463,1,30mm,4.1343293
SubNetW4CleanAuxExDnRcK5AcQdEma,minbias,0,test,60.265858,58.076377868652344,-0.03633035206942403,1,30mm,2.566496
SubNetW4CleanAuxExDnRcK5AcQdEma,minbias,0,test,5.58509,5.893455982208252,0.05521232656662378,3,60mm,1.1581967
SubNetW4CleanAuxExDnRcK5AcQdEma,minbias,0,test,13.41738,13.446301460266113,0.0021554973177826398,2,40mm,1.2090253
SubNetW4CleanAuxExDnRcK5AcQdEma,minbias,0,test,40.130836,40.00627899169922,-0.0031037851692452545,1,30mm,2.106557
SubNetW4CleanAuxExDnRcK5AcQdEma,minbias,0,test,80.274666,76.69932556152344,-0.044538837177540924,1,30mm,4.4614773
SubNetW4CleanAuxExDnRcK5AcQdEma,minbias,0,test,12.812869,13.004354476928711,0.014944771845621041,4,120mm,2.907594
SubNetW4CleanAuxExDnRcK5AcQdEma,minbias,0,test,84.64201,83.96533966064453,-0.0079945391275692,0,15mm,3.527984
SubNetW4CleanAuxExDnRcK5AcQdEma,minbias,0,test,18.938675,10.121636390686035,-0.46555730906043924,1,30mm,1.8540547
SubNetW4CleanAuxExDnRcK5AcQdEma,minbias,0,test,90.1327,88.18895721435547,-0.021565324089737548,0,15mm,3.2413514
SubNetW4CleanAuxExDnRcK5AcQdEma,minbias,0,test,30.401247,30.229032516479492,-0.005664718553079484,2,40mm,3.4158878
SubNetW4CleanAuxExDnRcK5AcQdEma,minbias,0,test,47.09063,46.39512634277344,-0.014769461379076088,0,15mm,1.2775209
SubNetW4CleanAuxExDnRcK5AcQdEma,minbias,0,test,8.534324,8.8010892868042,0.03125796537602943,4,120mm,2.0185378
SubNetW4CleanAuxExDnRcK5AcQdEma,minbias,0,test,47.84877,51.186710357666016,0.0697602092213927,0,15mm,1.8558009
SubNetW4CleanAuxExDnRcK5AcQdEma,minbias,0,test,3.5271592,3.3313891887664795,-0.05550359747729783,3,60mm,0.7752491
SubNetW4CleanAuxExDnRcK5AcQdEma,minbias,0,test,31.657167,31.57183074951172,-0.002695651319932879,2,40mm,2.9565861
SubNetW4CleanAuxExDnRcK5AcQdEma,minbias,0,test,20.624022,21.200927734375,0.027972536945824134,3,60mm,2.8670328
SubNetW4CleanAuxExDnRcK5AcQdEma,minbias,0,test,63.774776,65.40924072265625,0.02562869451958716,1,30mm,4.207619
SubNetW4CleanAuxExDnRcK5AcQdEma,minbias,0,test,19.944872,21.41742515563965,0.07383117125920347,3,60mm,3.0988693
SubNetW4CleanAuxExDnRcK5AcQdEma,minbias,0,test,17.69417,17.243993759155273,-0.025442065892904653,3,60mm,2.0764625
SubNetW4CleanAuxExDnRcK5AcQdEma,minbias,0,test,23.322964,23.440357208251953,0.00503338662653996,3,60mm,3.2261806
SubNetW4CleanAuxExDnRcK5AcQdEma,minbias,0,test,47.874115,48.76654815673828,0.01864124624937613,1,30mm,2.1305053
SubNetW4CleanAuxExDnRcK5AcQdEma,minbias,0,test,81.8486,78.8711929321289,-0.03637703368549394,0,15mm,3.2896147
SubNetW4CleanAuxExDnRcK5AcQdEma,minbias,0,test,8.476775,8.44911003112793,-0.003263639496371873,3,60mm,1.823348
SubNetW4CleanAuxExDnRcK5AcQdEma,minbias,0,test,22.230444,22.15484619140625,-0.0034006411755141963,2,40mm,4.0698776
SubNetW4CleanAuxExDnRcK5AcQdEma,minbias,0,test,16.56821,16.5921573638916,0.0014453438974484367,3,60mm,2.5648627
SubNetW4CleanAuxExDnRcK5AcQdEma,minbias,0,test,31.150871,30.63939094543457,-0.016419455073184985,0,15mm,0.73027384
SubNetW4CleanAuxExDnRcK5AcQdEma,minbias,0,test,16.797602,15.277152061462402,-0.09051587634573854,2,40mm,1.1395223
SubNetW4CleanAuxExDnRcK5AcQdEma,minbias,0,test,46.147953,47.119834899902344,0.02106012948723146,1,30mm,2.5447667
SubNetW4CleanAuxExDnRcK5AcQdEma,minbias,0,test,3.8912551,3.9514920711517334,0.015480077423669858,3,60mm,0.67218363
SubNetW4CleanAuxExDnRcK5AcQdEma,minbias,0,test,28.76299,28.872175216674805,0.003795998313272708,3,60mm,4.8176146
SubNetW4CleanAuxExDnRcK5AcQdEma,minbias,0,test,37.37754,36.32440185546875,-0.028175709699786666,1,30mm,3.8780346
SubNetW4CleanAuxExDnRcK5AcQdEma,minbias,0,test,23.40073,25.12140655517578,0.07353088610207315,1,30mm,0.9937668
SubNetW4CleanAuxExDnRcK5AcQdEma,minbias,0,test,12.779638,13.073746681213379,0.023013827474985593,2,40mm,0.9189109
SubNetW4CleanAuxExDnRcK5AcQdEma,minbias,0,test,22.389439,24.8604736328125,0.11036609915019913,2,40mm,4.5233536
SubNetW4CleanAuxExDnRcK5AcQdEma,minbias,0,test,19.592588,20.08416748046875,0.025090051662946422,1,30mm,0.7757193
SubNetW4CleanAuxExDnRcK5AcQdEma,minbias,0,test,7.9115753,8.119861602783203,0.026326777796421563,4,120mm,1.5807517
SubNetW4CleanAuxExDnRcK5AcQdEma,minbias,0,test,8.048053,8.843900680541992,0.09888701201979622,3,60mm,1.5656301
SubNetW4CleanAuxExDnRcK5AcQdEma,minbias,0,test,6.0011168,6.616987228393555,0.10262597798979667,4,120mm,1.3530171
SubNetW4CleanAuxExDnRcK5AcQdEma,minbias,0,test,7.4365215,7.539764881134033,0.013883285426400827,3,60mm,1.223424
SubNetW4CleanAuxExDnRcK5AcQdEma,minbias,0,test,7.8017154,7.700666904449463,-0.012952083573864126,3,60mm,1.2154042
SubNetW4CleanAuxExDnRcK5AcQdEma,minbias,0,test,9.281526,9.128575325012207,-0.016479002834351553,2,40mm,1.1456296
SubNetW4CleanAuxExDnRcK5AcQdEma,minbias,0,test,29.63303,29.346078872680664,-0.009683487165042859,2,40mm,1.8908458
SubNetW4CleanAuxExDnRcK5AcQdEma,minbias,0,test,33.09484,34.2548713684082,0.035051697781851576,2,40mm,3.0395935
SubNetW4CleanAuxExDnRcK5AcQdEma,minbias,0,test,24.336918,23.984628677368164,-0.014475505962042279,2,40mm,2.0409725
SubNetW4CleanAuxExDnRcK5AcQdEma,minbias,0,test,88.68816,87.06573486328125,-0.018293634971205286,0,15mm,2.280026
SubNetW4CleanAuxExDnRcK5AcQdEma,minbias,0,test,76.00629,72.18240356445312,-0.05031008916016955,0,15mm,3.5244098
SubNetW4CleanAuxExDnRcK5AcQdEma,minbias,0,test,22.798826,22.56981086730957,-0.010045050045799586,3,60mm,4.6142535
SubNetW4CleanAuxExDnRcK5AcQdEma,minbias,0,test,14.307158,13.97249984741211,-0.023390991540341965,4,120mm,3.1347723
SubNetW4CleanAuxExDnRcK5AcQdEma,minbias,0,test,34.616264,34.61398696899414,-6.578914018551263e-05,2,40mm,3.731225
SubNetW4CleanAuxExDnRcK5AcQdEma,minbias,0,test,29.101412,28.37493324279785,-0.024963688399970096,3,60mm,3.7162085
SubNetW4CleanAuxExDnRcK5AcQdEma,minbias,0,test,11.305757,11.317564010620117,0.0010443743096235636,3,60mm,1.9359268
SubNetW4CleanAuxExDnRcK5AcQdEma,minbias,0,test,13.702598,13.565287590026855,-0.010020729784458227,3,60mm,2.5159433
SubNetW4CleanAuxExDnRcK5AcQdEma,minbias,0,test,5.9225883,5.516542434692383,-0.06855886139828715,3,60mm,1.4179279
SubNetW4CleanAuxExDnRcK5AcQdEma,minbias,0,test,13.97649,14.491194725036621,0.03682646383465715,2,40mm,2.4275012
SubNetW4CleanAuxExDnRcK5AcQdEma,minbias,0,test,11.091133,11.737275123596191,0.05825752870017076,2,40mm,0.91697705
SubNetW4CleanAuxExDnRcK5AcQdEma,minbias,0,test,17.131678,17.159082412719727,0.0015996556643207427,4,120mm,3.8963666
SubNetW4CleanAuxExDnRcK5AcQdEma,minbias,0,test,20.979738,21.59469223022461,0.02931180493525809,3,60mm,3.0757508
SubNetW4CleanAuxExDnRcK5AcQdEma,minbias,0,test,34.52597,33.255123138427734,-0.0368084460382182,2,40mm,3.6002905
SubNetW4CleanAuxExDnRcK5AcQdEma,minbias,0,test,24.11868,24.34214973449707,0.009265461322908841,3,60mm,4.652264
SubNetW4CleanAuxExDnRcK5AcQdEma,minbias,0,test,18.75919,19.106586456298828,0.01851875576118389,3,60mm,3.1226208
SubNetW4CleanAuxExDnRcK5AcQdEma,minbias,0,test,41.63427,38.974857330322266,-0.06387556218180135,0,15mm,1.9421062
SubNetW4CleanAuxExDnRcK5AcQdEma,minbias,0,test,9.633888,10.160970687866211,0.05471128892647936,3,60mm,1.4935275
SubNetW4CleanAuxExDnRcK5AcQdEma,minbias,0,test,17.715982,18.203144073486328,0.027498426242025253,1,30mm,0.68084633
SubNetW4CleanAuxExDnRcK5AcQdEma,minbias,0,test,16.6663,15.948219299316406,-0.04308577959040927,3,60mm,3.914621
SubNetW4CleanAuxExDnRcK5AcQdEma,minbias,0,test,76.130554,74.74983978271484,-0.01813614035819111,0,15mm,2.4283516
SubNetW4CleanAuxExDnRcK5AcQdEma,minbias,0,test,27.49994,29.404800415039062,0.06926776867265372,3,60mm,4.8290453
SubNetW4CleanAuxExDnRcK5AcQdEma,minbias,0,test,15.32474,15.27284049987793,-0.003386674657130384,4,120mm,3.218269
SubNetW4CleanAuxExDnRcK5AcQdEma,minbias,0,test,56.636097,57.161075592041016,0.009269329384023361,2,40mm,4.9289474
SubNetW4CleanAuxExDnRcK5AcQdEma,minbias,0,test,4.6831317,4.893422603607178,0.04490390672704336,3,60mm,1.0556685
SubNetW4CleanAuxExDnRcK5AcQdEma,minbias,0,test,8.141922,8.985343933105469,0.10359002902983372,3,60mm,0.8372634
SubNetW4CleanAuxExDnRcK5AcQdEma,minbias,0,test,7.3497844,6.723385334014893,-0.08522685950051301,1,30mm,0.5409439
SubNetW4CleanAuxExDnRcK5AcQdEma,minbias,0,test,48.176327,66.87967681884766,0.3882269846668043,0,15mm,1.8890212
SubNetW4CleanAuxExDnRcK5AcQdEma,minbias,0,test,24.581753,23.859853744506836,-0.029367272510579245,2,40mm,2.6221588
SubNetW4CleanAuxExDnRcK5AcQdEma,minbias,0,test,15.932927,16.230619430541992,0.018684093414182312,3,60mm,3.5777383
SubNetW4CleanAuxExDnRcK5AcQdEma,minbias,0,test,55.563442,55.228302001953125,-0.006031667852449574,1,30mm,2.6610022
SubNetW4CleanAuxExDnRcK5AcQdEma,minbias,0,test,9.715857,10.308038711547852,0.06095007231188165,3,60mm,1.7080803
SubNetW4CleanAuxExDnRcK5AcQdEma,minbias,0,test,22.485489,30.434741973876953,0.35352814077547023,1,30mm,1.9905057
SubNetW4CleanAuxExDnRcK5AcQdEma,minbias,0,test,16.115602,16.07722282409668,-0.0023815224535007617,3,60mm,2.9783006
SubNetW4CleanAuxExDnRcK5AcQdEma,minbias,0,test,49.856625,49.731292724609375,-0.0025138460467274415,1,30mm,2.5045905
SubNetW4CleanAuxExDnRcK5AcQdEma,minbias,0,test,8.676954,8.614997863769531,-0.007140340229529252,3,60mm,1.1318767
SubNetW4CleanAuxExDnRcK5AcQdEma,minbias,0,test,33.74973,30.832563400268555,-0.0864352345673347,3,60mm,4.7688227
SubNetW4CleanAuxExDnRcK5AcQdEma,minbias,0,test,60.86749,63.77338790893555,0.047741398605807506,1,30mm,4.0278063
SubNetW4CleanAuxExDnRcK5AcQdEma,minbias,0,test,54.863976,52.89167785644531,-0.035948865345381664,2,40mm,4.564917
SubNetW4CleanAuxExDnRcK5AcQdEma,minbias,0,test,25.297792,25.726072311401367,0.01692953556380905,2,40mm,2.4715114
SubNetW4CleanAuxExDnRcK5AcQdEma,minbias,0,test,14.979426,15.133395195007324,0.01027868538410126,3,60mm,2.2172565
SubNetW4CleanAuxExDnRcK5AcQdEma,minbias,0,test,10.711642,10.704733848571777,-0.0006449446851314322,2,40mm,1.6652312
SubNetW4CleanAuxExDnRcK5AcQdEma,minbias,0,test,18.252218,17.325956344604492,-0.050747908519838014,3,60mm,3.0311768
SubNetW4CleanAuxExDnRcK5AcQdEma,minbias,0,test,16.498322,17.06602668762207,0.03440987334841483,3,60mm,2.0955305
SubNetW4CleanAuxExDnRcK5AcQdEma,minbias,0,test,18.066141,18.353002548217773,0.015878400242571145,1,30mm,0.960134
SubNetW4CleanAuxExDnRcK5AcQdEma,minbias,0,test,34.673435,38.076988220214844,0.0981602482795132,2,40mm,3.496073
SubNetW4CleanAuxExDnRcK5AcQdEma,minbias,0,test,90.949295,90.8365478515625,-0.0012396708773645404,0,15mm,4.723919
SubNetW4CleanAuxExDnRcK5AcQdEma,minbias,0,test,7.760837,7.7511677742004395,-0.0012459099188327771,3,60mm,1.0852516
SubNetW4CleanAuxExDnRcK5AcQdEma,minbias,0,test,42.962692,43.52915954589844,0.01318509747290375,1,30mm,1.9666566
SubNetW4CleanAuxExDnRcK5AcQdEma,minbias,0,test,63.991882,63.29987716674805,-0.01081395221294812,0,15mm,2.4647257
SubNetW4CleanAuxExDnRcK5AcQdEma,minbias,0,test,18.479176,18.359067916870117,-0.006499621712953929,3,60mm,2.6571186
SubNetW4CleanAuxExDnRcK5AcQdEma,minbias,0,test,16.771408,17.315826416015625,0.03246109881351722,2,40mm,1.9288745
SubNetW4CleanAuxExDnRcK5AcQdEma,minbias,0,test,52.0843,51.995521545410156,-0.0017045337609816746,0,15mm,2.525563
SubNetW4CleanAuxExDnRcK5AcQdEma,minbias,0,test,12.357994,12.561226844787598,0.016445449309075766,2,40mm,1.2419196
SubNetW4CleanAuxExDnRcK5AcQdEma,minbias,0,test,3.7518268,3.780754804611206,0.007710388374600363,3,60mm,0.5651841
SubNetW4CleanAuxExDnRcK5AcQdEma,minbias,0,test,10.072614,9.828688621520996,-0.024216663269235328,3,60mm,1.5508884
SubNetW4CleanAuxExDnRcK5AcQdEma,minbias,0,test,77.86126,75.42161560058594,-0.03133321855784432,0,15mm,2.3727503
SubNetW4CleanAuxExDnRcK5AcQdEma,minbias,0,test,42.571056,42.06532669067383,-0.011879659995876257,2,40mm,4.823763
SubNetW4CleanAuxExDnRcK5AcQdEma,minbias,0,test,12.732956,12.199395179748535,-0.041903918908716586,3,60mm,1.9439694
SubNetW4CleanAuxExDnRcK5AcQdEma,minbias,0,test,99.55974,97.47022247314453,-0.020987557065431095,0,15mm,3.2511249
SubNetW4CleanAuxExDnRcK5AcQdEma,minbias,0,test,89.64148,90.8526611328125,0.0135113972625871,1,30mm,3.927617
SubNetW4CleanAuxExDnRcK5AcQdEma,minbias,0,test,87.82775,90.7967529296875,0.033804825135759,0,15mm,4.178093
SubNetW4CleanAuxExDnRcK5AcQdEma,minbias,0,test,88.40432,73.74754333496094,-0.16579253669373906,0,15mm,2.5622575
SubNetW4CleanAuxExDnRcK5AcQdEma,minbias,0,test,34.795193,19.308698654174805,-0.4450756801267707,1,30mm,2.1715045
SubNetW4CleanAuxExDnRcK5AcQdEma,minbias,0,test,23.509,23.197948455810547,-0.013231201331030618,3,60mm,4.582715
SubNetW4CleanAuxExDnRcK5AcQdEma,minbias,0,test,6.6343203,6.951826095581055,0.047858081022179144,2,40mm,0.5671242
SubNetW4CleanAuxExDnRcK5AcQdEma,minbias,0,test,38.93646,38.832672119140625,-0.0026655343672880027,3,60mm,4.030536
SubNetW4CleanAuxExDnRcK5AcQdEma,minbias,0,test,29.07387,28.549711227416992,-0.018028507491366086,2,40mm,3.3267171
SubNetW4CleanAuxExDnRcK5AcQdEma,minbias,0,test,17.053343,19.708486557006836,0.15569637964478367,1,30mm,1.1169767
SubNetW4CleanAuxExDnRcK5AcQdEma,minbias,0,test,23.932516,23.821456909179688,-0.004640514536286111,2,40mm,2.8352757
SubNetW4CleanAuxExDnRcK5AcQdEma,minbias,0,test,9.410668,9.159612655639648,-0.026677777551452397,3,60mm,1.1383874
SubNetW4CleanAuxExDnRcK5AcQdEma,minbias,0,test,14.603808,14.347715377807617,-0.017536043896237752,2,40mm,1.8353562
SubNetW4CleanAuxExDnRcK5AcQdEma,minbias,0,test,8.289834,7.877497673034668,-0.049740000628126224,2,40mm,1.0789589
SubNetW4CleanAuxExDnRcK5AcQdEma,minbias,0,test,14.365369,14.383637428283691,0.0012717101387813567,3,60mm,2.4512167
SubNetW4CleanAuxExDnRcK5AcQdEma,minbias,0,test,4.5312767,4.360070705413818,-0.03778316988635744,4,120mm,0.922758
SubNetW4CleanAuxExDnRcK5AcQdEma,minbias,0,test,23.117277,22.300430297851562,-0.0353349074113265,3,60mm,3.1943853
SubNetW4CleanAuxExDnRcK5AcQdEma,minbias,0,test,20.071598,20.166648864746094,0.004735587645622097,2,40mm,3.0351439
SubNetW4CleanAuxExDnRcK5AcQdEma,minbias,0,test,5.394801,5.189768314361572,-0.038005631747229374,2,40mm,0.70784116
SubNetW4CleanAuxExDnRcK5AcQdEma,minbias,0,test,4.3488116,4.357789993286133,0.0020645563944943213,4,120mm,0.9690953
SubNetW4CleanAuxExDnRcK5AcQdEma,minbias,0,test,24.840412,24.639230728149414,-0.008098956273759894,3,60mm,2.6168494
SubNetW4CleanAuxExDnRcK5AcQdEma,minbias,0,test,66.808655,65.70411682128906,-0.016532857418236735,0,15mm,2.1580799
SubNetW4CleanAuxExDnRcK5AcQdEma,minbias,0,test,22.625463,22.523117065429688,-0.004523506020227663,2,40mm,2.3108842
SubNetW4CleanAuxExDnRcK5AcQdEma,minbias,0,test,10.845713,11.019952774047852,0.016065344688624972,3,60mm,1.4632357
SubNetW4CleanAuxExDnRcK5AcQdEma,minbias,0,test,20.399506,11.847395896911621,-0.41923122450261874,1,30mm,1.5576138
SubNetW4CleanAuxExDnRcK5AcQdEma,minbias,0,test,75.55108,73.8773193359375,-0.022154011393537787,2,40mm,4.80234
SubNetW4CleanAuxExDnRcK5AcQdEma,minbias,0,test,11.999104,12.329879760742188,0.027566743909460234,3,60mm,2.2251735
SubNetW4CleanAuxExDnRcK5AcQdEma,minbias,0,test,13.409591,12.345318794250488,-0.07936647351979509,3,60mm,2.6139169
SubNetW4CleanAuxExDnRcK5AcQdEma,minbias,0,test,8.578221,8.129515647888184,-0.0523075421374094,3,60mm,1.0023748
SubNetW4CleanAuxExDnRcK5AcQdEma,minbias,0,test,87.18244,84.14242553710938,-0.034869592026097074,0,15mm,2.7239993
SubNetW4CleanAuxExDnRcK5AcQdEma,minbias,0,test,20.424429,17.39140510559082,-0.14849981084735997,1,30mm,0.8543284
SubNetW4CleanAuxExDnRcK5AcQdEma,minbias,0,test,25.716211,25.927387237548828,0.008211781897410564,3,60mm,4.4466615
SubNetW4CleanAuxExDnRcK5AcQdEma,minbias,0,test,10.572347,10.013480186462402,-0.052861159152578274,4,120mm,2.4952462
SubNetW4CleanAuxExDnRcK5AcQdEma,minbias,0,test,38.393585,37.89982986450195,-0.012860360342458077,3,60mm,4.4020753
SubNetW4CleanAuxExDnRcK5AcQdEma,minbias,0,test,17.111053,18.59532928466797,0.08674368417767231,2,40mm,1.7872299
SubNetW4CleanAuxExDnRcK5AcQdEma,minbias,0,test,11.527337,10.865195274353027,-0.057441002692994236,3,60mm,1.9124854
SubNetW4CleanAuxExDnRcK5AcQdEma,minbias,0,test,20.633242,20.620302200317383,-0.0006271168312925735,4,120mm,4.3622665
SubNetW4CleanAuxExDnRcK5AcQdEma,minbias,0,test,27.849834,28.202590942382812,0.012666376921451228,3,60mm,4.6908836
SubNetW4CleanAuxExDnRcK5AcQdEma,minbias,0,test,27.897152,27.64509391784668,-0.009035260289418812,2,40mm,2.3661926
SubNetW4CleanAuxExDnRcK5AcQdEma,minbias,0,test,8.663309,6.050712585449219,-0.30157027557265204,2,40mm,0.9274253
SubNetW4CleanAuxExDnRcK5AcQdEma,minbias,0,test,36.029217,34.435001373291016,-0.04424785038777246,2,40mm,2.6042364
SubNetW4CleanAuxExDnRcK5AcQdEma,minbias,0,test,10.520839,10.389030456542969,-0.012528305416864338,3,60mm,1.4114511
SubNetW4CleanAuxExDnRcK5AcQdEma,minbias,0,test,12.077489,12.67387580871582,0.04938004203198543,1,30mm,0.74043137
SubNetW4CleanAuxExDnRcK5AcQdEma,minbias,0,test,67.34772,64.92068481445312,-0.03603733828760447,0,15mm,2.7478385
SubNetW4CleanAuxExDnRcK5AcQdEma,minbias,0,test,32.099533,31.86944580078125,-0.007167932308935532,3,60mm,4.4823694
SubNetW4CleanAuxExDnRcK5AcQdEma,minbias,0,test,17.868628,17.620887756347656,-0.013864511485372932,4,120mm,3.835889
SubNetW4CleanAuxExDnRcK5AcQdEma,minbias,0,test,24.787868,24.512447357177734,-0.01111112650048296,2,40mm,2.3178144
SubNetW4CleanAuxExDnRcK5AcQdEma,minbias,0,test,46.98053,47.46866226196289,0.01039010158120579,0,15mm,1.0679687
SubNetW4CleanAuxExDnRcK5AcQdEma,minbias,0,test,9.317948,9.080116271972656,-0.02552408112642679,3,60mm,2.1981356
SubNetW4CleanAuxExDnRcK5AcQdEma,minbias,0,test,13.344405,15.682670593261719,0.17522440217248758,1,30mm,0.62252975
SubNetW4CleanAuxExDnRcK5AcQdEma,minbias,0,test,8.38738,8.188445091247559,-0.023718320076454247,3,60mm,1.6136487
SubNetW4CleanAuxExDnRcK5AcQdEma,minbias,0,test,48.6011,48.75535202026367,0.003173819022773694,0,15mm,1.9843394
SubNetW4CleanAuxExDnRcK5AcQdEma,minbias,0,test,99.88692,95.58574676513672,-0.04306039743123824,0,15mm,4.642666
SubNetW4CleanAuxExDnRcK5AcQdEma,minbias,0,test,3.4748082,3.528857469558716,0.015554600456334278,2,40mm,0.582472
SubNetW4CleanAuxExDnRcK5AcQdEma,minbias,0,test,34.731327,34.17580795288086,-0.01599475606256129,1,30mm,1.9874096
SubNetW4CleanAuxExDnRcK5AcQdEma,minbias,0,test,38.65849,38.39338302612305,-0.006857645150413538,2,40mm,3.73612
SubNetW4CleanAuxExDnRcK5AcQdEma,minbias,0,test,19.095264,18.8079776763916,-0.015044921708393333,3,60mm,3.1388924
SubNetW4CleanAuxExDnRcK5AcQdEma,minbias,0,test,33.534523,35.84981918334961,0.0690421680483646,0,15mm,0.7989282
SubNetW4CleanAuxExDnRcK5AcQdEma,minbias,0,test,11.21082,11.690434455871582,0.042781370973689725,3,60mm,1.5542452
SubNetW4CleanAuxExDnRcK5AcQdEma,minbias,0,test,48.466347,48.13499069213867,-0.0068368274249474,2,40mm,3.406042
SubNetW4CleanAuxExDnRcK5AcQdEma,minbias,0,test,82.41786,82.34492492675781,-0.0008849660741405696,1,30mm,4.511629
SubNetW4CleanAuxExDnRcK5AcQdEma,minbias,0,test,6.2997165,6.489262580871582,0.03008803794099113,3,60mm,1.463666
SubNetW4CleanAuxExDnRcK5AcQdEma,minbias,0,test,44.78399,44.65730285644531,-0.002828825639569321,2,40mm,3.1752195
SubNetW4CleanAuxExDnRcK5AcQdEma,minbias,0,test,45.922447,63.85255432128906,0.3904431973500564,0,15mm,1.1385992
SubNetW4CleanAuxExDnRcK5AcQdEma,minbias,0,test,16.376205,16.201847076416016,-0.010647055480134338,3,60mm,2.2638745
SubNetW4CleanAuxExDnRcK5AcQdEma,minbias,0,test,4.9034023,5.660543918609619,0.15441147582751635,3,60mm,0.8992838
SubNetW4CleanAuxExDnRcK5AcQdEma,minbias,0,test,68.106804,71.92880249023438,0.05611772066323173,1,30mm,2.9439857
SubNetW4CleanAuxExDnRcK5AcQdEma,minbias,0,test,12.476014,12.292737007141113,-0.014690359285460586,2,40mm,2.5449514
SubNetW4CleanAuxExDnRcK5AcQdEma,minbias,0,test,26.843683,26.696388244628906,-0.0054871381410919184,1,30mm,1.0395741
SubNetW4CleanAuxExDnRcK5AcQdEma,minbias,0,test,66.987434,73.27182006835938,0.09381439576901474,0,15mm,1.7613157
SubNetW4CleanAuxExDnRcK5AcQdEma,minbias,0,test,3.031223,2.9101674556732178,-0.03993622398717123,3,60mm,0.6345823
SubNetW4CleanAuxExDnRcK5AcQdEma,minbias,0,test,19.650505,19.467626571655273,-0.009306554393855304,3,60mm,3.3926208
SubNetW4CleanAuxExDnRcK5AcQdEma,minbias,0,test,3.9346533,3.982806444168091,0.012238222417417566,3,60mm,0.6718135
SubNetW4CleanAuxExDnRcK5AcQdEma,minbias,0,test,6.4545007,6.904735565185547,0.06975518520184854,2,40mm,0.60009605
SubNetW4CleanAuxExDnRcK5AcQdEma,minbias,0,test,7.1447215,7.035167694091797,-0.015333531728459637,2,40mm,1.0704544
SubNetW4CleanAuxExDnRcK5AcQdEma,minbias,0,test,35.12945,33.621700286865234,-0.042919868932210115,3,60mm,4.1113715
SubNetW4CleanAuxExDnRcK5AcQdEma,minbias,0,test,14.322939,15.621551513671875,0.09066662937979286,2,40mm,1.6946492
SubNetW4CleanAuxExDnRcK5AcQdEma,minbias,0,test,43.866474,45.42323684692383,0.035488667038340305,1,30mm,2.650408
SubNetW4CleanAuxExDnRcK5AcQdEma,minbias,0,test,42.40877,42.007694244384766,-0.009457413081795263,2,40mm,3.177724
SubNetW4CleanAuxExDnRcK5AcQdEma,minbias,0,test,25.244297,25.374248504638672,0.005147755824167488,2,40mm,3.0201592
SubNetW4CleanAuxExDnRcK5AcQdEma,minbias,0,test,28.903347,28.075231552124023,-0.028651196099059306,3,60mm,4.928683
SubNetW4CleanAuxExDnRcK5AcQdEma,minbias,0,test,26.746157,26.488014221191406,-0.009651572533627473,2,40mm,2.5197978
SubNetW4CleanAuxExDnRcK5AcQdEma,minbias,0,test,17.343555,16.08164405822754,-0.07275967121147231,1,30mm,0.92940956
SubNetW4CleanAuxExDnRcK5AcQdEma,minbias,0,test,13.462852,12.739575386047363,-0.05372384423889143,2,40mm,1.7676152
SubNetW4CleanAuxExDnRcK5AcQdEma,minbias,0,test,21.274187,21.94593620300293,0.03157578299989394,2,40mm,4.419017
SubNetW4CleanAuxExDnRcK5AcQdEma,minbias,0,test,41.902786,47.810821533203125,0.14099385282838717,2,40mm,3.3158474
SubNetW4CleanAuxExDnRcK5AcQdEma,minbias,0,test,40.49834,52.79949951171875,0.30374476387798977,1,30mm,2.141315
SubNetW4CleanAuxExDnRcK5AcQdEma,minbias,0,test,5.7692986,5.618720531463623,-0.026099883826031345,3,60mm,0.82243395
SubNetW4CleanAuxExDnRcK5AcQdEma,minbias,0,test,6.998795,8.164594650268555,0.166571475854566,2,40mm,0.76255906
SubNetW4CleanAuxExDnRcK5AcQdEma,minbias,0,test,14.426265,14.338053703308105,-0.006114615322830974,2,40mm,2.785635
SubNetW4CleanAuxExDnRcK5AcQdEma,minbias,0,test,15.045444,46.20355224609375,2.0709332123754565,0,15mm,0.553623
SubNetW4CleanAuxExDnRcK5AcQdEma,minbias,0,test,9.592157,9.455583572387695,-0.0142380682804496,4,120mm,1.9028331
SubNetW4CleanAuxExDnRcK5AcQdEma,minbias,0,test,36.43809,35.73173904418945,-0.019384995456985243,2,40mm,2.7662964
SubNetW4CleanAuxExDnRcK5AcQdEma,minbias,0,test,52.369377,51.31420135498047,-0.02014871741753066,2,40mm,4.2026005
SubNetW4CleanAuxExDnRcK5AcQdEma,minbias,0,test,21.366035,20.629356384277344,-0.034478978492684664,3,60mm,3.2302725
SubNetW4CleanAuxExDnRcK5AcQdEma,minbias,0,test,88.53022,90.75433349609375,0.025122646973633644,0,15mm,3.4447136
SubNetW4CleanAuxExDnRcK5AcQdEma,minbias,0,test,12.39342,13.120833396911621,0.0586934974052058,2,40mm,1.7038063
SubNetW4CleanAuxExDnRcK5AcQdEma,minbias,0,test,27.057661,26.913230895996094,-0.005337865686940613,0,15mm,0.7764451
SubNetW4CleanAuxExDnRcK5AcQdEma,minbias,0,test,39.58902,37.9521369934082,-0.041346888386459724,2,40mm,4.2814884
SubNetW4CleanAuxExDnRcK5AcQdEma,minbias,0,test,19.92619,19.515687942504883,-0.02060110297038531,3,60mm,3.8603683
SubNetW4CleanAuxExDnRcK5AcQdEma,minbias,0,test,3.8886266,4.198195934295654,0.0796089191948881,3,60mm,0.53801894
SubNetW4CleanAuxExDnRcK5AcQdEma,minbias,0,test,18.544962,19.11663055419922,0.03082608781062368,1,30mm,1.3838246
SubNetW4CleanAuxExDnRcK5AcQdEma,minbias,0,test,14.726533,14.303422927856445,-0.028731135160989685,3,60mm,2.8029394
SubNetW4CleanAuxExDnRcK5AcQdEma,minbias,0,test,24.416853,23.364742279052734,-0.04308952812658995,3,60mm,4.097745
SubNetW4CleanAuxExDnRcK5AcQdEma,minbias,0,test,22.641481,23.20557975769043,0.024914375000473887,3,60mm,4.581813
SubNetW4CleanAuxExDnRcK5AcQdEma,minbias,0,test,67.91313,67.55242919921875,-0.0053112337120331254,0,15mm,2.2088602
SubNetW4CleanAuxExDnRcK5AcQdEma,minbias,0,test,56.829838,65.75288391113281,0.15701340101671413,2,40mm,4.613619
SubNetW4CleanAuxExDnRcK5AcQdEma,minbias,0,test,73.30736,74.75952911376953,0.019809352969472283,0,15mm,2.0708578
SubNetW4CleanAuxExDnRcK5AcQdEma,minbias,0,test,19.064451,18.53748321533203,-0.027641393728209063,3,60mm,2.8227708
SubNetW4CleanAuxExDnRcK5AcQdEma,minbias,0,test,10.40654,11.5360746383667,0.10854085319272788,2,40mm,0.9677735
SubNetW4CleanAuxExDnRcK5AcQdEma,minbias,0,test,12.66929,12.260026931762695,-0.03230352059543928,3,60mm,2.8101227
SubNetW4CleanAuxExDnRcK5AcQdEma,minbias,0,test,28.46898,26.241310119628906,-0.07824904888769191,3,60mm,3.4569716
SubNetW4CleanAuxExDnRcK5AcQdEma,minbias,0,test,18.165066,21.933849334716797,0.20747425954925625,3,60mm,2.202668
SubNetW4CleanAuxExDnRcK5AcQdEma,minbias,0,test,46.93301,46.46045684814453,-0.010068675590031106,2,40mm,4.3842783
SubNetW4CleanAuxExDnRcK5AcQdEma,minbias,0,test,92.01116,88.44393920898438,-0.038769454979885265,1,30mm,4.3981752
SubNetW4CleanAuxExDnRcK5AcQdEma,minbias,0,test,9.760323,10.612458229064941,0.08730609588800164,3,60mm,1.1578319
SubNetW4CleanAuxExDnRcK5AcQdEma,minbias,0,test,88.260895,105.01409912109375,0.18981457630060583,0,15mm,1.95549
SubNetW4CleanAuxExDnRcK5AcQdEma,minbias,0,test,30.290365,31.75861358642578,0.04847245507568054,1,30mm,1.911958
SubNetW4CleanAuxExDnRcK5AcQdEma,minbias,0,test,67.93656,68.8267593383789,0.013103367805851862,1,30mm,2.8960218
SubNetW4CleanAuxExDnRcK5AcQdEma,minbias,0,test,20.006138,21.95891761779785,0.09760903302495239,2,40mm,1.5467138
SubNetW4CleanAuxExDnRcK5AcQdEma,minbias,0,test,31.997889,31.496009826660156,-0.015684745491341245,3,60mm,4.348482
SubNetW4CleanAuxExDnRcK5AcQdEma,minbias,0,test,3.7294965,3.8056752681732178,0.020426025220036337,3,60mm,0.79432845
SubNetW4CleanAuxExDnRcK5AcQdEma,minbias,0,test,18.455425,18.03504180908203,-0.0227783130104533,3,60mm,2.7310789
SubNetW4CleanAuxExDnRcK5AcQdEma,minbias,0,test,36.161777,37.07368469238281,0.02521743285814071,2,40mm,2.357454
SubNetW4CleanAuxExDnRcK5AcQdEma,minbias,0,test,49.941418,48.6046142578125,-0.026767430681837512,2,40mm,4.159253
SubNetW4CleanAuxExDnRcK5AcQdEma,minbias,0,test,22.228998,21.81257438659668,-0.01873335874863369,3,60mm,4.226145
SubNetW4CleanAuxExDnRcK5AcQdEma,minbias,0,test,29.546734,34.101600646972656,0.15415804714454162,1,30mm,1.5374959
SubNetW4CleanAuxExDnRcK5AcQdEma,minbias,0,test,11.61321,12.720505714416504,0.09534797151395957,2,40mm,1.6210443
SubNetW4CleanAuxExDnRcK5AcQdEma,minbias,0,test,24.287214,24.032678604125977,-0.010480233431591213,2,40mm,3.663488
SubNetW4CleanAuxExDnRcK5AcQdEma,minbias,0,test,26.897276,25.580890655517578,-0.04894121147625374,3,60mm,2.8657541
SubNetW4CleanAuxExDnRcK5AcQdEma,minbias,0,test,18.692297,19.197660446166992,0.027035920991797413,2,40mm,2.5415826
SubNetW4CleanAuxExDnRcK5AcQdEma,minbias,0,test,21.339443,21.899070739746094,0.02622502975058838,0,15mm,1.1060709
SubNetW4CleanAuxExDnRcK5AcQdEma,minbias,0,test,30.089218,32.69786071777344,0.08669692133633755,3,60mm,4.357788
SubNetW4CleanAuxExDnRcK5AcQdEma,minbias,0,test,12.62598,19.930513381958008,0.5785319465530654,1,30mm,0.5173657
SubNetW4CleanAuxExDnRcK5AcQdEma,minbias,0,test,17.642513,20.062702178955078,0.13717937269277747,0,15mm,0.74318194
SubNetW4CleanAuxExDnRcK5AcQdEma,minbias,0,test,24.101633,23.84373664855957,-0.010700371322162838,3,60mm,4.3910685
SubNetW4CleanAuxExDnRcK5AcQdEma,minbias,0,test,5.1785707,5.018513202667236,-0.030907667871365785,3,60mm,0.8546363
SubNetW4CleanAuxExDnRcK5AcQdEma,minbias,0,test,20.096283,20.512100219726562,0.020691252287343476,2,40mm,1.5314078
SubNetW4CleanAuxExDnRcK5AcQdEma,minbias,0,test,5.385367,5.193788051605225,-0.035573967013971086,3,60mm,0.75424016
SubNetW4CleanAuxExDnRcK5AcQdEma,minbias,0,test,16.107576,10.59438705444336,-0.3422730514555994,1,30mm,1.2485176
SubNetW4CleanAuxExDnRcK5AcQdEma,minbias,0,test,25.274271,25.224628448486328,-0.001964154093461845,3,60mm,4.676219
SubNetW4CleanAuxExDnRcK5AcQdEma,minbias,0,test,21.002111,21.247974395751953,0.011706583006051652,3,60mm,2.2834535
SubNetW4CleanAuxExDnRcK5AcQdEma,minbias,0,test,32.827675,32.76029586791992,-0.002052505944400207,3,60mm,3.9869778
SubNetW4CleanAuxExDnRcK5AcQdEma,minbias,0,test,24.429764,24.180662155151367,-0.010196645407422378,3,60mm,3.7869153
SubNetW4CleanAuxExDnRcK5AcQdEma,minbias,0,test,30.77356,40.081844329833984,0.3024767004367366,1,30mm,1.6106461
SubNetW4CleanAuxExDnRcK5AcQdEma,minbias,0,test,71.32197,71.61520385742188,0.004111437004730156,0,15mm,3.7355914
SubNetW4CleanAuxExDnRcK5AcQdEma,minbias,0,test,72.12073,59.92700958251953,-0.16907369590716526,1,30mm,4.902683
SubNetW4CleanAuxExDnRcK5AcQdEma,minbias,0,test,31.498962,31.902769088745117,0.012819682161064438,3,60mm,4.9241533
SubNetW4CleanAuxExDnRcK5AcQdEma,minbias,0,test,20.116581,20.719026565551758,0.02994771345692504,3,60mm,2.1054606
SubNetW4CleanAuxExDnRcK5AcQdEma,minbias,0,test,33.39832,33.405216217041016,0.0002065065791418963,3,60mm,4.824231
SubNetW4CleanAuxExDnRcK5AcQdEma,minbias,0,test,13.030647,13.710606575012207,0.052181544222821064,3,60mm,2.1030004
SubNetW4CleanAuxExDnRcK5AcQdEma,minbias,0,test,34.821335,33.184879302978516,-0.04699577266239885,2,40mm,2.9320066
SubNetW4CleanAuxExDnRcK5AcQdEma,minbias,0,test,69.57846,66.88716888427734,-0.03867995615687558,0,15mm,2.9005075
SubNetW4CleanAuxExDnRcK5AcQdEma,minbias,0,test,12.750376,12.831256866455078,0.006343430215311585,1,30mm,0.6653939
SubNetW4CleanAuxExDnRcK5AcQdEma,minbias,0,test,68.77497,67.26083374023438,-0.022015818340129223,2,40mm,4.809398
SubNetW4CleanAuxExDnRcK5AcQdEma,minbias,0,test,10.84697,13.195404052734375,0.2165060412144606,4,120mm,2.2007592
SubNetW4CleanAuxExDnRcK5AcQdEma,minbias,0,test,2.7084584,2.869070053100586,0.059300016601969485,3,60mm,0.5386812
SubNetW4CleanAuxExDnRcK5AcQdEma,minbias,0,test,12.82669,12.832945823669434,0.00048774108145721584,3,60mm,2.2451453
SubNetW4CleanAuxExDnRcK5AcQdEma,minbias,0,test,26.488272,25.40016746520996,-0.04107871815216624,2,40mm,4.542224
SubNetW4CleanAuxExDnRcK5AcQdEma,minbias,0,test,28.783237,29.092403411865234,0.010741180697576347,2,40mm,3.9782243
SubNetW4CleanAuxExDnRcK5AcQdEma,minbias,0,test,13.3018875,12.771225929260254,-0.03989370549553917,1,30mm,0.8265895
SubNetW4CleanAuxExDnRcK5AcQdEma,minbias,0,test,67.52869,69.33760833740234,0.026787457406520332,0,15mm,2.1171825
SubNetW4CleanAuxExDnRcK5AcQdEma,minbias,0,test,25.027905,25.02481460571289,-0.00012345838956917543,3,60mm,4.919288
SubNetW4CleanAuxExDnRcK5AcQdEma,minbias,0,test,16.517738,16.646699905395508,0.0078074588928565,3,60mm,2.7257764
SubNetW4CleanAuxExDnRcK5AcQdEma,minbias,0,test,35.06035,33.881080627441406,-0.03363537253314708,3,60mm,4.7646213
SubNetW4CleanAuxExDnRcK5AcQdEma,minbias,0,test,15.442389,16.08932113647461,0.041893299115060456,3,60mm,1.9651822
SubNetW4CleanAuxExDnRcK5AcQdEma,minbias,0,test,20.347237,20.96087074279785,0.030158105523419465,0,15mm,0.5674597
SubNetW4CleanAuxExDnRcK5AcQdEma,minbias,0,test,8.88283,8.994440078735352,0.012564736327560944,2,40mm,0.7367819
SubNetW4CleanAuxExDnRcK5AcQdEma,minbias,0,test,5.3772597,5.10996150970459,-0.04970900327402905,3,60mm,1.0842336
SubNetW4CleanAuxExDnRcK5AcQdEma,minbias,0,test,31.038408,30.846742630004883,-0.006175112064014998,3,60mm,3.979006
SubNetW4CleanAuxExDnRcK5AcQdEma,minbias,0,test,37.84273,38.05820083618164,0.005693810989547243,2,40mm,3.448688
SubNetW4CleanAuxExDnRcK5AcQdEma,minbias,0,test,12.896144,11.854753494262695,-0.08075207798626105,1,30mm,0.92914325
SubNetW4CleanAuxExDnRcK5AcQdEma,minbias,0,test,22.714016,22.432031631469727,-0.012414551865755796,2,40mm,2.0917706
SubNetW4CleanAuxExDnRcK5AcQdEma,minbias,0,test,3.8788564,3.6360483169555664,-0.06259785803802465,3,60mm,0.71050835
SubNetW4CleanAuxExDnRcK5AcQdEma,minbias,0,test,38.20456,37.68992614746094,-0.013470464986057085,2,40mm,2.5894175
SubNetW4CleanAuxExDnRcK5AcQdEma,minbias,0,test,3.1695147,3.2912614345550537,0.03841180486580775,4,120mm,0.70483977
SubNetW4CleanAuxExDnRcK5AcQdEma,minbias,0,test,45.847202,45.85029983520508,6.756211991620908e-05,1,30mm,1.7492152
SubNetW4CleanAuxExDnRcK5AcQdEma,minbias,0,test,13.111168,13.926361083984375,0.062175481391696374,3,60mm,2.5267487
SubNetW4CleanAuxExDnRcK5AcQdEma,minbias,0,test,47.545643,56.98564910888672,0.19854619034877397,1,30mm,4.105051
SubNetW4CleanAuxExDnRcK5AcQdEma,minbias,0,test,14.048253,13.04732608795166,-0.07124921278142238,3,60mm,1.559994
SubNetW4CleanAuxExDnRcK5AcQdEma,minbias,0,test,40.482998,38.157596588134766,-0.05744143040554073,1,30mm,4.0510273
SubNetW4CleanAuxExDnRcK5AcQdEma,minbias,0,test,87.25113,86.50759887695312,-0.008521726660475792,0,15mm,2.424309
SubNetW4CleanAuxExDnRcK5AcQdEma,minbias,0,test,19.820145,19.45543098449707,-0.01840116079890186,2,40mm,1.3649966
SubNetW4CleanAuxExDnRcK5AcQdEma,minbias,0,test,28.53402,27.29236602783203,-0.04351484527719307,3,60mm,3.2431142
SubNetW4CleanAuxExDnRcK5AcQdEma,minbias,0,test,7.5630636,10.06325912475586,0.33057972646434686,3,60mm,1.1350216
SubNetW4CleanAuxExDnRcK5AcQdEma,minbias,0,test,5.2917643,5.031147003173828,-0.04924959680594976,3,60mm,0.7391144
SubNetW4CleanAuxExDnRcK5AcQdEma,minbias,0,test,12.598646,11.823637008666992,-0.061515272767295515,2,40mm,1.0990261
SubNetW4CleanAuxExDnRcK5AcQdEma,minbias,0,test,10.36889,10.538589477539062,0.01636623322418096,3,60mm,1.4687182
SubNetW4CleanAuxExDnRcK5AcQdEma,minbias,0,test,14.606999,14.323710441589355,-0.0193940554102624,2,40mm,1.4937872
SubNetW4CleanAuxExDnRcK5AcQdEma,minbias,0,test,28.910921,27.874269485473633,-0.03585674796929261,0,15mm,1.1398058
SubNetW4CleanAuxExDnRcK5AcQdEma,minbias,0,test,62.21632,59.87584686279297,-0.03761831579921926,2,40mm,4.971964
SubNetW4CleanAuxExDnRcK5AcQdEma,minbias,0,test,8.876556,8.440629959106445,-0.04910985948904478,3,60mm,1.3872951
SubNetW4CleanAuxExDnRcK5AcQdEma,minbias,0,test,60.54335,62.97425079345703,0.04015140498350589,0,15mm,1.9439917
SubNetW4CleanAuxExDnRcK5AcQdEma,minbias,0,test,12.942494,12.745915412902832,-0.015188647066959327,2,40mm,1.5952162
SubNetW4CleanAuxExDnRcK5AcQdEma,minbias,0,test,16.756609,19.444883346557617,0.1604306927182475,0,15mm,0.61778575
SubNetW4CleanAuxExDnRcK5AcQdEma,minbias,0,test,30.653208,29.88160514831543,-0.0251720027535125,1,30mm,2.8968725
SubNetW4CleanAuxExDnRcK5AcQdEma,minbias,0,test,7.388025,7.079654693603516,-0.041739182180549395,3,60mm,1.2493808
SubNetW4CleanAuxExDnRcK5AcQdEma,minbias,0,test,19.472897,20.14458465576172,0.034493485713076755,2,40mm,2.9293814
SubNetW4CleanAuxExDnRcK5AcQdEma,minbias,0,test,15.571039,14.20462417602539,-0.08775361787148461,3,60mm,1.73232
SubNetW4CleanAuxExDnRcK5AcQdEma,minbias,0,test,13.4849205,14.01465129852295,0.03928319760927246,2,40mm,1.1673001
SubNetW4CleanAuxExDnRcK5AcQdEma,minbias,0,test,46.93977,46.121734619140625,-0.017427335715079262,1,30mm,2.1366673
SubNetW4CleanAuxExDnRcK5AcQdEma,minbias,0,test,26.5733,27.157554626464844,0.021986551595880144,3,60mm,3.844613
SubNetW4CleanAuxExDnRcK5AcQdEma,minbias,0,test,93.13198,90.92131042480469,-0.023736963929288035,0,15mm,3.3109505
SubNetW4CleanAuxExDnRcK5AcQdEma,minbias,0,test,69.231766,69.5597152709961,0.004736980494241649,2,40mm,4.3922005
SubNetW4CleanAuxExDnRcK5AcQdEma,minbias,0,test,78.2542,84.4219741821289,0.07881711251948076,0,15mm,3.0492694
SubNetW4CleanAuxExDnRcK5AcQdEma,minbias,0,test,6.204538,6.116461277008057,-0.014195511955670592,3,60mm,1.0454999
SubNetW4CleanAuxExDnRcK5AcQdEma,minbias,0,test,14.937459,15.825216293334961,0.05943161429301713,2,40mm,1.3445027
SubNetW4CleanAuxExDnRcK5AcQdEma,minbias,0,test,51.2608,51.052825927734375,-0.004057164200063523,2,40mm,3.0942638
SubNetW4CleanAuxExDnRcK5AcQdEma,minbias,0,test,14.475415,14.229025840759277,-0.01702123117897847,2,40mm,1.9243678
SubNetW4CleanAuxExDnRcK5AcQdEma,minbias,0,test,19.246395,19.19158363342285,-0.0028478828032355574,3,60mm,3.895037
SubNetW4CleanAuxExDnRcK5AcQdEma,minbias,0,test,24.284863,24.208478927612305,-0.003145316990806557,3,60mm,3.5671504
SubNetW4CleanAuxExDnRcK5AcQdEma,minbias,0,test,6.3563423,7.966649532318115,0.253338655577674,2,40mm,0.5564294
SubNetW4CleanAuxExDnRcK5AcQdEma,minbias,0,test,4.373044,4.308426856994629,-0.014776242081235291,4,120mm,0.96716195
SubNetW4CleanAuxExDnRcK5AcQdEma,minbias,0,test,18.513098,18.520532608032227,0.0004015991848504985,2,40mm,3.9713187
SubNetW4CleanAuxExDnRcK5AcQdEma,minbias,0,test,55.511997,57.18683624267578,0.030170757738193332,1,30mm,3.8357887
SubNetW4CleanAuxExDnRcK5AcQdEma,minbias,0,test,30.501041,29.179344177246094,-0.04333285599134029,2,40mm,3.7203138
SubNetW4CleanAuxExDnRcK5AcQdEma,minbias,0,test,57.301533,58.188812255859375,0.01548439401160473,2,40mm,4.7210445
SubNetW4CleanAuxExDnRcK5AcQdEma,minbias,0,test,46.108177,48.597957611083984,0.05399867394524116,1,30mm,2.2427657
SubNetW4CleanAuxExDnRcK5AcQdEma,minbias,0,test,32.303177,31.355148315429688,-0.029347843030371412,1,30mm,2.8937638
SubNetW4CleanAuxExDnRcK5AcQdEma,minbias,0,test,39.11574,39.218467712402344,0.0026262056686994217,3,60mm,4.5473175
SubNetW4CleanAuxExDnRcK5AcQdEma,minbias,0,test,78.4482,77.57952880859375,-0.01107313669757981,0,15mm,1.9486697
SubNetW4CleanAuxExDnRcK5AcQdEma,minbias,0,test,12.6946125,12.89150619506836,0.015510019858366642,1,30mm,0.6837265
SubNetW4CleanAuxExDnRcK5AcQdEma,minbias,0,test,27.433264,33.245792388916016,0.21187885834952547,0,15mm,0.88291967
SubNetW4CleanAuxExDnRcK5AcQdEma,minbias,0,test,35.555565,34.66463088989258,-0.025057511910614227,2,40mm,3.7470005
SubNetW4CleanAuxExDnRcK5AcQdEma,minbias,0,test,36.067974,35.941184997558594,-0.0035152818037180733,2,40mm,3.9026854
SubNetW4CleanAuxExDnRcK5AcQdEma,minbias,0,test,16.558697,16.198820114135742,-0.0217333911111941,2,40mm,1.3542511
SubNetW4CleanAuxExDnRcK5AcQdEma,minbias,0,test,35.04005,38.77167892456055,0.1064960913017734,1,30mm,1.4157389
SubNetW4CleanAuxExDnRcK5AcQdEma,minbias,0,test,68.529175,70.03430938720703,0.021963413200425386,0,15mm,2.2621198
SubNetW4CleanAuxExDnRcK5AcQdEma,minbias,0,test,14.903202,15.357810974121094,0.030504110157072883,3,60mm,3.1318715
SubNetW4CleanAuxExDnRcK5AcQdEma,minbias,0,test,3.4754164,3.4362244606018066,-0.011276910888029845,3,60mm,0.5854882
SubNetW4CleanAuxExDnRcK5AcQdEma,minbias,0,test,24.643803,24.86520767211914,0.008984207206405248,2,40mm,2.2248943
SubNetW4CleanAuxExDnRcK5AcQdEma,minbias,0,test,37.9883,37.368858337402344,-0.01630612532830311,2,40mm,3.9524598
SubNetW4CleanAuxExDnRcK5AcQdEma,minbias,0,test,11.543848,11.295470237731934,-0.02151603167126026,2,40mm,2.5378203
SubNetW4CleanAuxExDnRcK5AcQdEma,minbias,0,test,32.255844,31.355194091796875,-0.02792207270004199,3,60mm,3.6940093
SubNetW4CleanAuxExDnRcK5AcQdEma,minbias,0,test,18.001375,18.677576065063477,0.037563844942283264,3,60mm,3.9070635
SubNetW4CleanAuxExDnRcK5AcQdEma,minbias,0,test,22.079216,21.990610122680664,-0.004013089990314356,1,30mm,2.1081324
SubNetW4CleanAuxExDnRcK5AcQdEma,minbias,0,test,58.16694,64.86294555664062,0.11511705644383308,1,30mm,4.4356303
SubNetW4CleanAuxExDnRcK5AcQdEma,minbias,0,test,30.613302,30.166637420654297,-0.014590546515127811,2,40mm,2.5519965
SubNetW4CleanAuxExDnRcK5AcQdEma,minbias,0,test,52.054466,50.05772018432617,-0.03835878469556053,2,40mm,3.5975697
SubNetW4CleanAuxExDnRcK5AcQdEma,minbias,0,test,32.95755,34.1952018737793,0.03755290739504402,2,40mm,3.5720997
SubNetW4CleanAuxExDnRcK5AcQdEma,minbias,0,test,40.198532,47.70686721801758,0.18678132559687,1,30mm,3.0861697
SubNetW4CleanAuxExDnRcK5AcQdEma,minbias,0,test,4.5793033,4.848161697387695,0.05871164612466617,2,40mm,0.62505186
SubNetW4CleanAuxExDnRcK5AcQdEma,minbias,0,test,13.952965,14.422835350036621,0.03367532095428638,2,40mm,2.5001664
SubNetW4CleanAuxExDnRcK5AcQdEma,minbias,0,test,53.778114,53.225711822509766,-0.010271882964559276,2,40mm,3.8133667
SubNetW4CleanAuxExDnRcK5AcQdEma,minbias,0,test,33.08597,33.19405746459961,0.003266811471403841,3,60mm,4.954057
SubNetW4CleanAuxExDnRcK5AcQdEma,minbias,0,test,39.741703,20.9245548248291,-0.47348620648645445,0,15mm,1.8772306
SubNetW4CleanAuxExDnRcK5AcQdEma,minbias,0,test,24.654099,24.70907974243164,0.0022301051350750445,2,40mm,1.8385403
SubNetW4CleanAuxExDnRcK5AcQdEma,minbias,0,test,20.786076,19.81695556640625,-0.04662352069987863,3,60mm,4.4290123
SubNetW4CleanAuxExDnRcK5AcQdEma,minbias,0,test,16.256027,12.731782913208008,-0.21679616184276607,2,40mm,1.882399
SubNetW4CleanAuxExDnRcK5AcQdEma,minbias,0,test,29.475286,30.120433807373047,0.021887737171401245,1,30mm,2.030192
SubNetW4CleanAuxExDnRcK5AcQdEma,minbias,0,test,20.92481,19.695606231689453,-0.058743862132948244,2,40mm,2.8120167
SubNetW4CleanAuxExDnRcK5AcQdEma,minbias,0,test,34.71753,32.943843841552734,-0.05108904611717058,2,40mm,4.9240746
SubNetW4CleanAuxExDnRcK5AcQdEma,minbias,0,test,6.0863533,5.733595848083496,-0.05795875402146411,4,120mm,1.3376526
SubNetW4CleanAuxExDnRcK5AcQdEma,minbias,0,test,18.330286,18.42266845703125,0.005039879405003944,2,40mm,1.6650287
SubNetW4CleanAuxExDnRcK5AcQdEma,minbias,0,test,16.747593,16.92715835571289,0.010721864955796745,3,60mm,2.9977849
SubNetW4CleanAuxExDnRcK5AcQdEma,minbias,0,test,27.747763,27.034948348999023,-0.025689074080451513,3,60mm,3.934672
SubNetW4CleanAuxExDnRcK5AcQdEma,minbias,0,test,19.183815,19.063989639282227,-0.0062461696562404745,2,40mm,3.0885873
SubNetW4CleanAuxExDnRcK5AcQdEma,minbias,0,test,67.77096,73.5306167602539,0.08498712410114972,1,30mm,3.4988475
SubNetW4CleanAuxExDnRcK5AcQdEma,minbias,0,test,13.286212,13.533967018127441,0.0186475310845422,2,40mm,1.206017
SubNetW4CleanAuxExDnRcK5AcQdEma,minbias,0,test,62.657658,62.35114288330078,-0.004891895924885259,0,15mm,2.179316
SubNetW4CleanAuxExDnRcK5AcQdEma,minbias,0,test,20.65649,18.596406936645508,-0.09973056200628816,1,30mm,1.0804753
SubNetW4CleanAuxExDnRcK5AcQdEma,minbias,0,test,45.385834,44.88981628417969,-0.010928904796453476,2,40mm,4.3462925
SubNetW4CleanAuxExDnRcK5AcQdEma,minbias,0,test,40.31097,41.79448699951172,0.03680181057015708,3,60mm,4.377226
SubNetW4CleanAuxExDnRcK5AcQdEma,minbias,0,test,40.38159,39.239566802978516,-0.028280831514543303,0,15mm,1.1443977
SubNetW4CleanAuxExDnRcK5AcQdEma,minbias,0,test,15.611618,19.77452278137207,0.26665427812687237,1,30mm,1.1240846
SubNetW4CleanAuxExDnRcK5AcQdEma,minbias,0,test,9.470009,9.154104232788086,-0.03335842894236707,3,60mm,1.0061792
SubNetW4CleanAuxExDnRcK5AcQdEma,minbias,0,test,2.4185903,2.4109764099121094,-0.0031480723712610237,3,60mm,0.5346493
SubNetW4CleanAuxExDnRcK5AcQdEma,minbias,0,test,5.8980937,5.95962381362915,0.010432203411069763,2,40mm,0.57141703
SubNetW4CleanAuxExDnRcK5AcQdEma,minbias,0,test,33.698566,35.401309967041016,0.05052866368866127,2,40mm,2.7599525
SubNetW4CleanAuxExDnRcK5AcQdEma,minbias,0,test,88.903854,83.79879760742188,-0.05742222087967486,1,30mm,4.423312
SubNetW4CleanAuxExDnRcK5AcQdEma,minbias,0,test,57.96485,57.69365692138672,-0.004678601800128468,2,40mm,4.5722656
SubNetW4CleanAuxExDnRcK5AcQdEma,minbias,0,test,60.248276,59.046897888183594,-0.01994045229611463,1,30mm,3.352044
SubNetW4CleanAuxExDnRcK5AcQdEma,minbias,0,test,32.273315,30.949438095092773,-0.041020803625800406,1,30mm,1.6565897
SubNetW4CleanAuxExDnRcK5AcQdEma,minbias,0,test,74.86478,77.32174682617188,0.032818774409753226,1,30mm,3.355167
SubNetW4CleanAuxExDnRcK5AcQdEma,minbias,0,test,55.441998,55.38833236694336,-0.0009679514361948804,1,30mm,3.574221
SubNetW4CleanAuxExDnRcK5AcQdEma,minbias,0,test,20.751335,23.00816535949707,0.10875590412802727,1,30mm,1.1360765
SubNetW4CleanAuxExDnRcK5AcQdEma,minbias,0,test,14.743495,14.745037078857422,0.00010459469555468281,3,60mm,2.6869857
SubNetW4CleanAuxExDnRcK5AcQdEma,minbias,0,test,40.06476,41.723026275634766,0.041389691219507085,2,40mm,2.9243555
SubNetW4CleanAuxExDnRcK5AcQdEma,minbias,0,test,49.591137,48.790828704833984,-0.016138130259655825,2,40mm,4.1807737
SubNetW4CleanAuxExDnRcK5AcQdEma,minbias,0,test,4.2223897,4.084165573120117,-0.032735994257703016,2,40mm,0.69743633
SubNetW4CleanAuxExDnRcK5AcQdEma,minbias,0,test,34.78258,34.758975982666016,-0.000678654250993449,2,40mm,3.2577732
SubNetW4CleanAuxExDnRcK5AcQdEma,minbias,0,test,12.976424,12.540315628051758,-0.03360776296088552,4,120mm,2.9645052
SubNetW4CleanAuxExDnRcK5AcQdEma,minbias,0,test,18.9016,19.270456314086914,0.0195145613237373,2,40mm,2.417327
SubNetW4CleanAuxExDnRcK5AcQdEma,minbias,0,test,22.833967,22.90159797668457,0.002961849213658274,3,60mm,4.0270715
SubNetW4CleanAuxExDnRcK5AcQdEma,minbias,0,test,37.095634,36.3121452331543,-0.02112079328715255,3,60mm,4.284795
SubNetW4CleanAuxExDnRcK5AcQdEma,minbias,0,test,14.701256,14.033429145812988,-0.04542650380944124,3,60mm,2.8397753
SubNetW4CleanAuxExDnRcK5AcQdEma,minbias,0,test,65.3438,70.36033630371094,0.07677136371751025,0,15mm,2.97994
SubNetW4CleanAuxExDnRcK5AcQdEma,minbias,0,test,12.208578,12.6244478225708,0.03406373036166821,3,60mm,2.7026575
SubNetW4CleanAuxExDnRcK5AcQdEma,minbias,0,test,22.721336,22.9879150390625,0.011732526205193716,3,60mm,3.8934324
SubNetW4CleanAuxExDnRcK5AcQdEma,minbias,0,test,17.715208,17.65963363647461,-0.003137102141061221,3,60mm,3.4282405
SubNetW4CleanAuxExDnRcK5AcQdEma,minbias,0,test,38.85116,37.805267333984375,-0.026920453806816957,3,60mm,4.4705544
SubNetW4CleanAuxExDnRcK5AcQdEma,minbias,0,test,67.101456,75.8486328125,0.13035748679779546,0,15mm,1.8797646
SubNetW4CleanAuxExDnRcK5AcQdEma,minbias,0,test,16.669554,16.455184936523438,-0.012859901549799435,2,40mm,1.1680949
SubNetW4CleanAuxExDnRcK5AcQdEma,minbias,0,test,15.337972,15.888077735900879,0.035865632027399785,3,60mm,2.2980986
SubNetW4CleanAuxExDnRcK5AcQdEma,minbias,0,test,3.6656306,3.2695412635803223,-0.10805489175154437,3,60mm,0.8032385
SubNetW4CleanAuxExDnRcK5AcQdEma,minbias,0,test,57.1305,57.39234924316406,0.00458333895327967,0,15mm,1.7186475
SubNetW4CleanAuxExDnRcK5AcQdEma,minbias,0,test,38.07173,35.49099349975586,-0.06778620150384618,0,15mm,1.3819768
SubNetW4CleanAuxExDnRcK5AcQdEma,minbias,0,test,43.514877,45.212547302246094,0.03901355323724642,0,15mm,1.5308918
SubNetW4CleanAuxExDnRcK5AcQdEma,minbias,0,test,5.149044,5.355459213256836,0.04008805807713944,3,60mm,0.7692675
SubNetW4CleanAuxExDnRcK5AcQdEma,minbias,0,test,32.3477,32.708919525146484,0.011166832060595988,2,40mm,2.5682595
SubNetW4CleanAuxExDnRcK5AcQdEma,minbias,0,test,32.247692,36.5194091796875,0.13246582289382003,2,40mm,4.908817
SubNetW4CleanAuxExDnRcK5AcQdEma,minbias,0,test,21.924679,21.97454071044922,0.0022742366448407214,2,40mm,2.3082843
SubNetW4CleanAuxExDnRcK5AcQdEma,minbias,0,test,46.016567,45.39188003540039,-0.013575267179293471,0,15mm,1.6134517
SubNetW4CleanAuxExDnRcK5AcQdEma,minbias,0,test,52.320194,52.67680358886719,0.00681590253309694,0,15mm,1.5642405
SubNetW4CleanAuxExDnRcK5AcQdEma,minbias,0,test,6.1759896,6.930081367492676,0.12210055150602739,3,60mm,1.2780654
SubNetW4CleanAuxExDnRcK5AcQdEma,minbias,0,test,35.63651,34.72016525268555,-0.02571362111999309,3,60mm,4.455474
SubNetW4CleanAuxExDnRcK5AcQdEma,minbias,0,test,18.736551,19.905723571777344,0.062400613069941935,2,40mm,1.986395
SubNetW4CleanAuxExDnRcK5AcQdEma,minbias,0,test,39.018185,39.04924774169922,0.0007961180178723826,2,40mm,3.2788267
SubNetW4CleanAuxExDnRcK5AcQdEma,minbias,0,test,20.684656,20.19940948486328,-0.023459256705361753,2,40mm,2.6076071
SubNetW4CleanAuxExDnRcK5AcQdEma,minbias,0,test,73.69893,71.25445556640625,-0.03316836900222009,1,30mm,3.9428537
SubNetW4CleanAuxExDnRcK5AcQdEma,minbias,0,test,36.390938,35.473262786865234,-0.025217130243343933,0,15mm,0.9746963
SubNetW4CleanAuxExDnRcK5AcQdEma,minbias,0,test,6.5506444,6.374654293060303,-0.026866075150733026,3,60mm,1.1354591
SubNetW4CleanAuxExDnRcK5AcQdEma,minbias,0,test,25.410416,25.1308536529541,-0.011001866333753108,2,40mm,3.2595954
SubNetW4CleanAuxExDnRcK5AcQdEma,minbias,0,test,4.9092603,5.426565170288086,0.10537328814191493,2,40mm,0.5175427
SubNetW4CleanAuxExDnRcK5AcQdEma,minbias,0,test,24.784595,24.53706932067871,-0.009987097385877775,2,40mm,2.4957929
SubNetW4CleanAuxExDnRcK5AcQdEma,minbias,0,test,35.7467,33.1643180847168,-0.07224113502574969,0,15mm,1.156737
SubNetW4CleanAuxExDnRcK5AcQdEma,minbias,0,test,25.105343,24.167314529418945,-0.03736369348213053,0,15mm,0.5463545
SubNetW4CleanAuxExDnRcK5AcQdEma,minbias,0,test,7.0783997,7.025372505187988,-0.00749140421220551,3,60mm,1.2235299
SubNetW4CleanAuxExDnRcK5AcQdEma,minbias,0,test,82.440605,88.08245849609375,0.06843537018348256,1,30mm,3.0549152
SubNetW4CleanAuxExDnRcK5AcQdEma,minbias,0,test,18.762333,19.11618423461914,0.018859665263306402,2,40mm,1.445602
SubNetW4CleanAuxExDnRcK5AcQdEma,minbias,0,test,24.400976,23.55365753173828,-0.03472478490228237,3,60mm,4.102229
SubNetW4CleanAuxExDnRcK5AcQdEma,minbias,0,test,10.149849,10.04688835144043,-0.010144051125972608,2,40mm,1.1819774
SubNetW4CleanAuxExDnRcK5AcQdEma,minbias,0,test,5.8247037,5.6143646240234375,-0.03611154840462638,3,60mm,0.8605892
SubNetW4CleanAuxExDnRcK5AcQdEma,minbias,0,test,94.54689,95.6912841796875,0.012103982666865631,1,30mm,4.6255126
SubNetW4CleanAuxExDnRcK5AcQdEma,minbias,0,test,99.86732,93.99005889892578,-0.05885066772173686,1,30mm,3.9853375
SubNetW4CleanAuxExDnRcK5AcQdEma,minbias,0,test,27.948233,26.495975494384766,-0.05196239685419757,3,60mm,4.746765
SubNetW4CleanAuxExDnRcK5AcQdEma,minbias,0,test,82.8331,82.87496948242188,0.0005054756795093152,1,30mm,4.208899
SubNetW4CleanAuxExDnRcK5AcQdEma,minbias,0,test,8.444301,8.369718551635742,-0.008832241175692701,2,40mm,1.0198443
SubNetW4CleanAuxExDnRcK5AcQdEma,minbias,0,test,70.778366,92.719970703125,0.31000439578823547,0,15mm,1.8242782
SubNetW4CleanAuxExDnRcK5AcQdEma,minbias,0,test,14.604669,14.040728569030762,-0.038613683267810894,3,60mm,2.9962838
SubNetW4CleanAuxExDnRcK5AcQdEma,minbias,0,test,8.539244,8.62984848022461,0.010610398919103092,3,60mm,1.70084
SubNetW4CleanAuxExDnRcK5AcQdEma,minbias,0,test,71.42702,71.04735565185547,-0.0053153774982958035,0,15mm,2.3318841
SubNetW4CleanAuxExDnRcK5AcQdEma,minbias,0,test,35.58349,36.150245666503906,0.015927533432146923,2,40mm,3.8634286
SubNetW4CleanAuxExDnRcK5AcQdEma,minbias,0,test,34.570545,33.583534240722656,-0.02855063321100082,3,60mm,4.0269265
SubNetW4CleanAuxExDnRcK5AcQdEma,minbias,0,test,31.846035,31.053518295288086,-0.024885883227939942,1,30mm,2.2153115
SubNetW4CleanAuxExDnRcK5AcQdEma,minbias,0,test,7.103027,6.841977119445801,-0.036751902021243454,2,40mm,1.0765758
SubNetW4CleanAuxExDnRcK5AcQdEma,minbias,0,test,82.34293,81.31416320800781,-0.01249373080500582,1,30mm,3.363615
SubNetW4CleanAuxExDnRcK5AcQdEma,minbias,0,test,16.264578,16.19599151611328,-0.004216915437588065,3,60mm,3.5093262
SubNetW4CleanAuxExDnRcK5AcQdEma,minbias,0,test,58.240017,59.33877182006836,0.018865978078204115,0,15mm,3.011304
SubNetW4CleanAuxExDnRcK5AcQdEma,minbias,0,test,86.87811,87.50270080566406,0.007189244708661002,0,15mm,4.1543946
SubNetW4CleanAuxExDnRcK5AcQdEma,minbias,0,test,28.112892,28.637048721313477,0.01864470462951573,0,15mm,0.9525619
SubNetW4CleanAuxExDnRcK5AcQdEma,minbias,0,test,11.741837,11.972871780395508,0.019676243286338213,3,60mm,2.189803
SubNetW4CleanAuxExDnRcK5AcQdEma,minbias,0,test,11.601062,11.262246131896973,-0.029205575689120744,3,60mm,2.1720765
SubNetW4CleanAuxExDnRcK5AcQdEma,minbias,0,test,34.253452,54.30634689331055,0.5854269641511394,0,15mm,1.737836
SubNetW4CleanAuxExDnRcK5AcQdEma,minbias,0,test,51.955647,50.731563568115234,-0.023560152339293317,0,15mm,2.219243
SubNetW4CleanAuxExDnRcK5AcQdEma,minbias,0,test,45.86599,47.805171966552734,0.04227930749580788,1,30mm,2.1016486
SubNetW4CleanAuxExDnRcK5AcQdEma,minbias,0,test,42.942554,42.01959228515625,-0.02149295029205034,2,40mm,2.9507284
SubNetW4CleanAuxExDnRcK5AcQdEma,minbias,0,test,4.6875625,4.4148850440979,-0.058170408088840775,3,60mm,0.70933354
SubNetW4CleanAuxExDnRcK5AcQdEma,minbias,0,test,71.10217,71.01937866210938,-0.0011644396525823941,1,30mm,4.486488
SubNetW4CleanAuxExDnRcK5AcQdEma,minbias,0,test,18.650246,17.931360244750977,-0.0385456274736401,3,60mm,3.4918425
SubNetW4CleanAuxExDnRcK5AcQdEma,minbias,0,test,67.94993,68.47675323486328,0.00775313476376871,1,30mm,2.5558493
SubNetW4CleanAuxExDnRcK5AcQdEma,minbias,0,test,12.986869,12.738119125366211,-0.01915394200746834,2,40mm,1.206235
SubNetW4CleanAuxExDnRcK5AcQdEma,minbias,0,test,15.934993,15.877330780029297,-0.0036185777396933183,2,40mm,2.61505
SubNetW4CleanAuxExDnRcK5AcQdEma,minbias,0,test,8.768966,9.03055191040039,0.02983090567222546,3,60mm,1.4697229
SubNetW4CleanAuxExDnRcK5AcQdEma,minbias,0,test,51.270767,50.64643096923828,-0.01217723620353195,0,15mm,1.3992975
SubNetW4CleanAuxExDnRcK5AcQdEma,minbias,0,test,14.878349,15.215836524963379,0.022683109118086797,2,40mm,1.7853212
SubNetW4CleanAuxExDnRcK5AcQdEma,minbias,0,test,6.4973745,6.3318281173706055,-0.025478970983522475,2,40mm,0.8003275
SubNetW4CleanAuxExDnRcK5AcQdEma,minbias,0,test,10.088384,9.62059211730957,-0.046369326583880044,3,60mm,1.7556663
SubNetW4CleanAuxExDnRcK5AcQdEma,minbias,0,test,77.091034,73.67974090576172,-0.044250191697224106,1,30mm,3.1141155
SubNetW4CleanAuxExDnRcK5AcQdEma,minbias,0,test,13.469701,13.059564590454102,-0.030448799756159772,2,40mm,1.2620913
SubNetW4CleanAuxExDnRcK5AcQdEma,minbias,0,test,47.955288,27.47495460510254,-0.4270714286339298,2,40mm,3.1401556
SubNetW4CleanAuxExDnRcK5AcQdEma,minbias,0,test,12.795484,12.762022018432617,-0.0026151079407472633,3,60mm,2.5588617
SubNetW4CleanAuxExDnRcK5AcQdEma,minbias,0,test,13.206556,13.537140846252441,0.025031849185136013,3,60mm,2.009938
SubNetW4CleanAuxExDnRcK5AcQdEma,minbias,0,test,29.659212,28.743900299072266,-0.03086096184500431,1,30mm,2.9594877
SubNetW4CleanAuxExDnRcK5AcQdEma,minbias,0,test,65.46707,68.7493896484375,0.05013693202344749,1,30mm,3.298422
SubNetW4CleanAuxExDnRcK5AcQdEma,minbias,0,test,12.370076,15.696969032287598,0.2689468362608334,4,120mm,2.9501672
SubNetW4CleanAuxExDnRcK5AcQdEma,minbias,0,test,92.65533,90.19986724853516,-0.026501008397286085,0,15mm,2.8408844
SubNetW4CleanAuxExDnRcK5AcQdEma,minbias,0,test,54.550423,54.44898223876953,-0.0018595718369411873,1,30mm,3.814054
SubNetW4CleanAuxExDnRcK5AcQdEma,minbias,0,test,31.554173,31.84113121032715,0.009094160029507803,2,40mm,3.7238069
SubNetW4CleanAuxExDnRcK5AcQdEma,minbias,0,test,8.65477,8.386661529541016,-0.030978104686362307,3,60mm,1.2933322
SubNetW4CleanAuxExDnRcK5AcQdEma,minbias,0,test,4.9898167,4.673632621765137,-0.06336586393262345,3,60mm,0.76691496
SubNetW4CleanAuxExDnRcK5AcQdEma,minbias,0,test,3.334279,3.8206946849823,0.14588329765219532,3,60mm,0.54219705
SubNetW4CleanAuxExDnRcK5AcQdEma,minbias,0,test,26.532997,26.55413055419922,0.0007964958782056275,2,40mm,2.4385905
SubNetW4CleanAuxExDnRcK5AcQdEma,minbias,0,test,9.668253,9.883600234985352,0.022273650810059387,3,60mm,2.3021882
SubNetW4CleanAuxExDnRcK5AcQdEma,minbias,0,test,16.946856,16.685401916503906,-0.015427854910612049,2,40mm,1.8100054
SubNetW4CleanAuxExDnRcK5AcQdEma,minbias,0,test,34.881214,32.554080963134766,-0.06671594541541948,2,40mm,3.6235538
SubNetW4CleanAuxExDnRcK5AcQdEma,minbias,0,test,26.17984,26.604902267456055,0.0162362404865124,2,40mm,1.7599849
SubNetW4CleanAuxExDnRcK5AcQdEma,minbias,0,test,61.471245,59.514060974121094,-0.03183901422325164,1,30mm,4.1440296
SubNetW4CleanAuxExDnRcK5AcQdEma,minbias,0,test,66.96433,67.26981353759766,0.004561845765635342,1,30mm,4.0804105
SubNetW4CleanAuxExDnRcK5AcQdEma,minbias,0,test,67.89115,66.88350677490234,-0.0148420616254481,1,30mm,4.0710554
SubNetW4CleanAuxExDnRcK5AcQdEma,minbias,0,test,22.794693,23.10674285888672,0.013689584054333848,2,40mm,1.707111
SubNetW4CleanAuxExDnRcK5AcQdEma,minbias,0,test,30.915842,28.70432472229004,-0.0715334659155934,2,40mm,3.3884661
SubNetW4CleanAuxExDnRcK5AcQdEma,minbias,0,test,14.5278015,15.553268432617188,0.07058651771778846,2,40mm,1.610058
SubNetW4CleanAuxExDnRcK5AcQdEma,minbias,0,test,56.16303,55.012203216552734,-0.020490801988018448,2,40mm,3.4829836
SubNetW4CleanAuxExDnRcK5AcQdEma,minbias,0,test,37.376755,36.612239837646484,-0.020454288447179336,3,60mm,4.6866894
SubNetW4CleanAuxExDnRcK5AcQdEma,minbias,0,test,13.766037,14.220854759216309,0.03303912174077861,3,60mm,1.7280306
SubNetW4CleanAuxExDnRcK5AcQdEma,minbias,0,test,12.2706585,11.918933868408203,-0.028663875278839512,3,60mm,2.4739943
SubNetW4CleanAuxExDnRcK5AcQdEma,minbias,0,test,14.801427,13.965654373168945,-0.05646567190413199,3,60mm,1.9499867
SubNetW4CleanAuxExDnRcK5AcQdEma,minbias,0,test,18.469526,18.020973205566406,-0.02428611748143794,1,30mm,0.99296963
SubNetW4CleanAuxExDnRcK5AcQdEma,minbias,0,test,18.820936,18.55630874633789,-0.01406027063748383,3,60mm,2.6042626
SubNetW4CleanAuxExDnRcK5AcQdEma,minbias,0,test,61.071133,60.23776626586914,-0.013645831635115568,1,30mm,3.1955357
SubNetW4CleanAuxExDnRcK5AcQdEma,minbias,0,test,5.5391273,5.425854206085205,-0.020449637030155343,3,60mm,1.0327253
SubNetW4CleanAuxExDnRcK5AcQdEma,minbias,0,test,34.372612,34.06084442138672,-0.009070232373653453,2,40mm,2.6374252
SubNetW4CleanAuxExDnRcK5AcQdEma,minbias,0,test,23.058743,23.038028717041016,-0.000898305973602409,2,40mm,3.117632
SubNetW4CleanAuxExDnRcK5AcQdEma,minbias,0,test,6.867026,6.426155090332031,-0.06420112161509905,3,60mm,1.3255255
SubNetW4CleanAuxExDnRcK5AcQdEma,minbias,0,test,33.705727,33.31229019165039,-0.011672688035452294,3,60mm,4.1144876
SubNetW4CleanAuxExDnRcK5AcQdEma,minbias,0,test,14.589668,14.777316093444824,0.012861691986129742,2,40mm,1.4643625
SubNetW4CleanAuxExDnRcK5AcQdEma,minbias,0,test,98.05917,98.47331237792969,0.004223355947321039,0,15mm,2.5323162
SubNetW4CleanAuxExDnRcK5AcQdEma,minbias,0,test,72.228134,71.11080169677734,-0.015469490823258658,0,15mm,2.1775813
SubNetW4CleanAuxExDnRcK5AcQdEma,minbias,0,test,49.534008,47.00111389160156,-0.051134447533211835,0,15mm,1.6092919
SubNetW4CleanAuxExDnRcK5AcQdEma,minbias,0,test,23.95412,24.05514907836914,0.004217580929731124,1,30mm,1.4698874
SubNetW4CleanAuxExDnRcK5AcQdEma,minbias,0,test,32.672554,30.846927642822266,-0.05587645129886887,2,40mm,3.5590968
SubNetW4CleanAuxExDnRcK5AcQdEma,minbias,0,test,29.850569,30.1746883392334,0.01085807008749673,3,60mm,3.8324513
SubNetW4CleanAuxExDnRcK5AcQdEma,minbias,0,test,49.187706,51.661136627197266,0.050285545617112515,1,30mm,4.0261736
SubNetW4CleanAuxExDnRcK5AcQdEma,minbias,0,test,30.929703,29.687726974487305,-0.04015479210995121,3,60mm,4.427769
SubNetW4CleanAuxExDnRcK5AcQdEma,minbias,0,test,8.426953,8.613744735717773,0.022165949303899923,3,60mm,0.92653054
SubNetW4CleanAuxExDnRcK5AcQdEma,minbias,0,test,24.719429,27.345415115356445,0.10623166487912905,2,40mm,4.1220684
SubNetW4CleanAuxExDnRcK5AcQdEma,minbias,0,test,10.369012,11.135151863098145,0.0738874632485389,3,60mm,1.0533674
SubNetW4CleanAuxExDnRcK5AcQdEma,minbias,0,test,25.317617,25.413236618041992,0.0037767851566588018,2,40mm,2.4947596
SubNetW4CleanAuxExDnRcK5AcQdEma,minbias,0,test,22.363153,20.58668327331543,-0.07943737396834538,2,40mm,2.028435
SubNetW4CleanAuxExDnRcK5AcQdEma,minbias,0,test,5.4325013,5.414666175842285,-0.003283043885421777,3,60mm,0.85449845
SubNetW4CleanAuxExDnRcK5AcQdEma,minbias,0,test,88.55879,85.00818634033203,-0.040093204628907086,0,15mm,4.8170695
SubNetW4CleanAuxExDnRcK5AcQdEma,minbias,0,test,45.313293,45.325782775878906,0.00027562152063609346,1,30mm,1.7973169
SubNetW4CleanAuxExDnRcK5AcQdEma,minbias,0,test,11.420976,10.762768745422363,-0.05763141064688915,3,60mm,2.7091722
SubNetW4CleanAuxExDnRcK5AcQdEma,minbias,0,test,34.181324,33.97169876098633,-0.006132742081880194,2,40mm,4.2230186
SubNetW4CleanAuxExDnRcK5AcQdEma,minbias,0,test,39.622555,38.07187271118164,-0.0391363473788644,2,40mm,3.5048335
SubNetW4CleanAuxExDnRcK5AcQdEma,minbias,0,test,37.371365,37.431739807128906,0.0016155474727710395,2,40mm,3.6119375
SubNetW4CleanAuxExDnRcK5AcQdEma,minbias,0,test,4.600556,4.511512756347656,-0.019354865457477777,3,60mm,0.6388928
SubNetW4CleanAuxExDnRcK5AcQdEma,minbias,0,test,21.529192,22.199329376220703,0.0311269185719385,3,60mm,3.5391798
SubNetW4CleanAuxExDnRcK5AcQdEma,minbias,0,test,66.99308,65.38516998291016,-0.024001137922155524,0,15mm,1.6755993
SubNetW4CleanAuxExDnRcK5AcQdEma,minbias,0,test,9.180258,9.290757179260254,0.012036631700282907,3,60mm,2.1342056
SubNetW4CleanAuxExDnRcK5AcQdEma,minbias,0,test,16.412148,15.880003929138184,-0.03242376368613775,3,60mm,1.7897236
SubNetW4CleanAuxExDnRcK5AcQdEma,minbias,0,test,18.556786,18.091970443725586,-0.02504825728998572,3,60mm,4.1378465
SubNetW4CleanAuxExDnRcK5AcQdEma,minbias,0,test,17.939774,16.777517318725586,-0.0647865613791262,2,40mm,2.1082554
SubNetW4CleanAuxExDnRcK5AcQdEma,minbias,0,test,53.68975,50.75090789794922,-0.054737500857937826,0,15mm,2.5324268
SubNetW4CleanAuxExDnRcK5AcQdEma,minbias,0,test,24.804703,21.896928787231445,-0.11722672107116072,3,60mm,2.6901927
SubNetW4CleanAuxExDnRcK5AcQdEma,minbias,0,test,84.55674,83.8238525390625,-0.008667402146039449,1,30mm,3.8510125
SubNetW4CleanAuxExDnRcK5AcQdEma,minbias,0,test,29.67165,30.286222457885742,0.02071244863076438,3,60mm,3.8156152
SubNetW4CleanAuxExDnRcK5AcQdEma,minbias,0,test,15.071685,15.169997215270996,0.006522985252857216,3,60mm,2.1791096
SubNetW4CleanAuxExDnRcK5AcQdEma,minbias,0,test,28.365175,29.14693260192871,0.02756046271259005,0,15mm,0.82486194
SubNetW4CleanAuxExDnRcK5AcQdEma,minbias,0,test,21.733627,22.771650314331055,0.04776114818494248,1,30mm,1.4330466
SubNetW4CleanAuxExDnRcK5AcQdEma,minbias,0,test,31.38106,31.21334457397461,-0.005344468112948864,3,60mm,4.522234
SubNetW4CleanAuxExDnRcK5AcQdEma,minbias,0,test,17.89727,19.625991821289062,0.09659135717790401,3,60mm,2.7284813
SubNetW4CleanAuxExDnRcK5AcQdEma,minbias,0,test,41.471935,40.31454086303711,-0.027907894859082183,0,15mm,1.1921468
SubNetW4CleanAuxExDnRcK5AcQdEma,minbias,0,test,22.232216,21.29020881652832,-0.0423712629387365,3,60mm,2.616271
SubNetW4CleanAuxExDnRcK5AcQdEma,minbias,0,test,98.29825,113.49942016601562,0.15464336485423802,1,30mm,4.0518436
SubNetW4CleanAuxExDnRcK5AcQdEma,minbias,0,test,67.70081,66.62135314941406,-0.015944566860133902,0,15mm,2.490006
SubNetW4CleanAuxExDnRcK5AcQdEma,minbias,0,test,27.962948,28.037372589111328,0.0026615485628933566,3,60mm,3.9521585
SubNetW4CleanAuxExDnRcK5AcQdEma,minbias,0,test,19.86318,19.45643424987793,-0.02047738113219799,2,40mm,2.4127607
SubNetW4CleanAuxExDnRcK5AcQdEma,minbias,0,test,21.795887,22.12527084350586,0.01511220214149911,2,40mm,2.2112625
SubNetW4CleanAuxExDnRcK5AcQdEma,minbias,0,test,3.57329,3.508659601211548,-0.018087114798933657,3,60mm,0.6301767
SubNetW4CleanAuxExDnRcK5AcQdEma,minbias,0,test,12.898675,13.339941024780273,0.03421018523810404,3,60mm,2.301637
SubNetW4CleanAuxExDnRcK5AcQdEma,minbias,0,test,9.491555,9.845617294311523,0.037302852104124984,3,60mm,2.164702
SubNetW4CleanAuxExDnRcK5AcQdEma,minbias,0,test,18.006819,18.1959171295166,0.01050148616228852,4,120mm,4.150322
SubNetW4CleanAuxExDnRcK5AcQdEma,minbias,0,test,42.140785,40.70193862915039,-0.03414380108761206,1,30mm,1.9333714
SubNetW4CleanAuxExDnRcK5AcQdEma,minbias,0,test,6.9007683,6.677553653717041,-0.03234634424086302,3,60mm,1.231142
SubNetW4CleanAuxExDnRcK5AcQdEma,minbias,0,test,18.573393,18.117036819458008,-0.024570419191918713,4,120mm,3.890489
SubNetW4CleanAuxExDnRcK5AcQdEma,minbias,0,test,7.5348315,8.386993408203125,0.1130963421816924,3,60mm,0.99983585
SubNetW4CleanAuxExDnRcK5AcQdEma,minbias,0,test,46.22871,47.37516784667969,0.024799689798614244,2,40mm,4.792742
SubNetW4CleanAuxExDnRcK5AcQdEma,minbias,0,test,6.333488,6.535043716430664,0.03182381166737325,3,60mm,1.18716
SubNetW4CleanAuxExDnRcK5AcQdEma,minbias,0,test,16.453316,15.438536643981934,-0.06167626679229832,3,60mm,3.203847
SubNetW4CleanAuxExDnRcK5AcQdEma,minbias,0,test,6.1433215,7.297374248504639,0.18785484883392134,4,120mm,1.4097304
SubNetW4CleanAuxExDnRcK5AcQdEma,minbias,0,test,22.480099,22.017995834350586,-0.020556088106223225,2,40mm,3.8117275
SubNetW4CleanAuxExDnRcK5AcQdEma,minbias,0,test,42.637634,39.778289794921875,-0.06706151809039829,0,15mm,1.3498126
SubNetW4CleanAuxExDnRcK5AcQdEma,minbias,0,test,16.61217,16.662586212158203,0.003034940567038902,3,60mm,2.1249425
SubNetW4CleanAuxExDnRcK5AcQdEma,minbias,0,test,25.356075,25.714216232299805,0.014124462929800963,3,60mm,3.7047179
SubNetW4CleanAuxExDnRcK5AcQdEma,minbias,0,test,59.71411,61.057167053222656,0.02249142950010019,2,40mm,4.059329
SubNetW4CleanAuxExDnRcK5AcQdEma,minbias,0,test,13.197606,12.811396598815918,-0.02926360169995823,4,120mm,3.1357136
SubNetW4CleanAuxExDnRcK5AcQdEma,minbias,0,test,18.650713,18.86594009399414,0.011539887373579027,3,60mm,3.4630783
SubNetW4CleanAuxExDnRcK5AcQdEma,minbias,0,test,11.894536,12.71078872680664,0.06862417392106113,2,40mm,2.1322486
SubNetW4CleanAuxExDnRcK5AcQdEma,minbias,0,test,64.003296,63.26044464111328,-0.011606453181770449,0,15mm,1.7499261
SubNetW4CleanAuxExDnRcK5AcQdEma,minbias,0,test,8.219873,7.840078830718994,-0.046204433795304034,3,60mm,1.1928974
SubNetW4CleanAuxExDnRcK5AcQdEma,minbias,0,test,11.338405,11.082674980163574,-0.022554290754643325,3,60mm,2.553977
SubNetW4CleanAuxExDnRcK5AcQdEma,minbias,0,test,41.57139,41.427757263183594,-0.003455044142382513,3,60mm,4.0909443
SubNetW4CleanAuxExDnRcK5AcQdEma,minbias,0,test,93.33561,100.13407897949219,0.07283896879803597,1,30mm,4.3888454
SubNetW4CleanAuxExDnRcK5AcQdEma,minbias,0,test,8.400272,6.816864967346191,-0.18849476926598063,3,60mm,1.1217996
SubNetW4CleanAuxExDnRcK5AcQdEma,minbias,0,test,17.653753,19.4000301361084,0.09891816361701622,2,40mm,1.6521639
SubNetW4CleanAuxExDnRcK5AcQdEma,minbias,0,test,25.999907,24.853227615356445,-0.04410319409418184,2,40mm,2.1859868
SubNetW4CleanAuxExDnRcK5AcQdEma,minbias,0,test,42.58922,41.55754852294922,-0.024223727548047802,3,60mm,4.987497
SubNetW4CleanAuxExDnRcK5AcQdEma,minbias,0,test,3.67555,3.335864305496216,-0.09241764632850757,3,60mm,0.71573544
SubNetW4CleanAuxExDnRcK5AcQdEma,minbias,0,test,9.163527,8.875259399414062,-0.031458100166787184,2,40mm,0.71191543
SubNetW4CleanAuxExDnRcK5AcQdEma,minbias,0,test,25.11241,24.840620040893555,-0.01082291803934865,3,60mm,4.7030854
SubNetW4CleanAuxExDnRcK5AcQdEma,minbias,0,test,10.831676,12.151183128356934,0.12181934321109611,2,40mm,0.74751693
SubNetW4CleanAuxExDnRcK5AcQdEma,minbias,0,test,9.282742,8.84219741821289,-0.047458407217840004,3,60mm,1.3490402
SubNetW4CleanAuxExDnRcK5AcQdEma,minbias,0,test,5.803385,7.877653121948242,0.3574238861253942,1,30mm,0.57034737
SubNetW4CleanAuxExDnRcK5AcQdEma,minbias,0,test,11.733274,11.39548397064209,-0.028789106600461856,3,60mm,2.3023202
SubNetW4CleanAuxExDnRcK5AcQdEma,minbias,0,test,45.900997,45.60213851928711,-0.006510940089694106,2,40mm,4.4194446
SubNetW4CleanAuxExDnRcK5AcQdEma,minbias,0,test,78.16867,75.99974822998047,-0.027746697061134973,1,30mm,3.477748
SubNetW4CleanAuxExDnRcK5AcQdEma,minbias,0,test,16.353977,16.589435577392578,0.014397621514045555,4,120mm,3.674966
SubNetW4CleanAuxExDnRcK5AcQdEma,minbias,0,test,10.587487,13.609013557434082,0.28538653919167056,3,60mm,2.4773698
SubNetW4CleanAuxExDnRcK5AcQdEma,minbias,0,test,52.520798,51.6878547668457,-0.015859297624086888,2,40mm,4.0424767
SubNetW4CleanAuxExDnRcK5AcQdEma,minbias,0,test,98.3561,106.65869140625,0.08441356711523063,1,30mm,4.272474
SubNetW4CleanAuxExDnRcK5AcQdEma,minbias,0,test,20.867237,19.759700775146484,-0.053075369349794066,3,60mm,4.8840294
SubNetW4CleanAuxExDnRcK5AcQdEma,minbias,0,test,22.624554,21.80586051940918,-0.03618604691942573,3,60mm,2.8044841
SubNetW4CleanAuxExDnRcK5AcQdEma,minbias,0,test,23.954082,23.393178939819336,-0.02341578098228514,3,60mm,3.7114096
SubNetW4CleanAuxExDnRcK5AcQdEma,minbias,0,test,99.3321,99.23178100585938,-0.0010099344399011612,0,15mm,2.7644575
SubNetW4CleanAuxExDnRcK5AcQdEma,minbias,0,test,40.549934,40.02215576171875,-0.013015523538178364,2,40mm,4.804074
SubNetW4CleanAuxExDnRcK5AcQdEma,minbias,0,test,11.791846,11.34481430053711,-0.037910261408999335,3,60mm,1.5211191
SubNetW4CleanAuxExDnRcK5AcQdEma,minbias,0,test,12.7135,12.648809432983398,-0.00508833836381184,3,60mm,2.3870826
SubNetW4CleanAuxExDnRcK5AcQdEma,minbias,0,test,25.250282,26.29416847229004,0.04134156492995378,3,60mm,3.9114823
SubNetW4CleanAuxExDnRcK5AcQdEma,minbias,0,test,12.241321,12.427730560302734,0.015227928112867328,3,60mm,1.9603413
SubNetW4CleanAuxExDnRcK5AcQdEma,minbias,0,test,37.78695,37.603782653808594,-0.00484734830382183,3,60mm,4.983478
SubNetW4CleanAuxExDnRcK5AcQdEma,minbias,0,test,32.75862,33.9566764831543,0.03657221283646095,2,40mm,2.5361092
SubNetW4CleanAuxExDnRcK5AcQdEma,minbias,0,test,18.257025,17.97310447692871,-0.015551290078217206,3,60mm,2.937384
SubNetW4CleanAuxExDnRcK5AcQdEma,minbias,0,test,47.699295,47.09764099121094,-0.012613478924165866,2,40mm,4.287547
SubNetW4CleanAuxExDnRcK5AcQdEma,minbias,0,test,32.291447,30.788728713989258,-0.0465360993709516,3,60mm,4.984255
SubNetW4CleanAuxExDnRcK5AcQdEma,minbias,0,test,15.107027,15.342318534851074,0.015574969196759714,2,40mm,1.5598832
SubNetW4CleanAuxExDnRcK5AcQdEma,minbias,0,test,32.060596,32.02946472167969,-0.0009710282345407606,2,40mm,2.5695198
SubNetW4CleanAuxExDnRcK5AcQdEma,minbias,0,test,65.22839,56.74505615234375,-0.13005589958660135,2,40mm,4.0014944
SubNetW4CleanAuxExDnRcK5AcQdEma,minbias,0,test,9.852577,10.452964782714844,0.06093710919260298,3,60mm,2.30909
SubNetW4CleanAuxExDnRcK5AcQdEma,minbias,0,test,21.771957,21.349685668945312,-0.019395211960357317,4,120mm,4.536553
SubNetW4CleanAuxExDnRcK5AcQdEma,minbias,0,test,40.724945,36.16627883911133,-0.11193793439367539,0,15mm,0.8437594
SubNetW4CleanAuxExDnRcK5AcQdEma,minbias,0,test,10.678198,10.4612398147583,-0.020317852205904763,3,60mm,2.1996367
SubNetW4CleanAuxExDnRcK5AcQdEma,minbias,0,test,12.663495,13.025290489196777,0.02856995036463461,3,60mm,1.5960544
SubNetW4CleanAuxExDnRcK5AcQdEma,minbias,0,test,24.21616,22.917098999023438,-0.05364437760401852,2,40mm,3.914381
SubNetW4CleanAuxExDnRcK5AcQdEma,minbias,0,test,17.07696,17.831274032592773,0.044171470790757894,3,60mm,2.3385272
SubNetW4CleanAuxExDnRcK5AcQdEma,minbias,0,test,34.54908,32.83348083496094,-0.04965686684773063,1,30mm,2.0613303
SubNetW4CleanAuxExDnRcK5AcQdEma,minbias,0,test,36.515697,37.88927459716797,0.037616072339862194,2,40mm,4.058558
SubNetW4CleanAuxExDnRcK5AcQdEma,minbias,0,test,22.00111,22.111085891723633,0.004998648451597143,2,40mm,1.7897397
SubNetW4CleanAuxExDnRcK5AcQdEma,minbias,0,test,12.538248,13.73634147644043,0.09555508938485202,2,40mm,1.6224234
SubNetW4CleanAuxExDnRcK5AcQdEma,minbias,0,test,25.760155,24.838911056518555,-0.03576234993417615,1,30mm,1.634237
SubNetW4CleanAuxExDnRcK5AcQdEma,minbias,0,test,6.7457976,6.738916873931885,-0.0010200069089033592,3,60mm,1.3278263
SubNetW4CleanAuxExDnRcK5AcQdEma,minbias,0,test,23.91476,23.49646759033203,-0.017490996729839337,3,60mm,4.6435323
SubNetW4CleanAuxExDnRcK5AcQdEma,minbias,0,test,61.828335,60.729148864746094,-0.017778029232239256,0,15mm,3.2667878
SubNetW4CleanAuxExDnRcK5AcQdEma,minbias,0,test,4.30794,4.805981159210205,0.11561004847579892,3,60mm,0.6764435
SubNetW4CleanAuxExDnRcK5AcQdEma,minbias,0,test,4.471205,5.204254150390625,0.1639488409528329,3,60mm,0.81184757
SubNetW4CleanAuxExDnRcK5AcQdEma,minbias,0,test,44.89643,44.4056282043457,-0.010931888221334618,0,15mm,1.9739404
SubNetW4CleanAuxExDnRcK5AcQdEma,minbias,0,test,8.77929,8.531231880187988,-0.028254940144494478,1,30mm,0.68036515
SubNetW4CleanAuxExDnRcK5AcQdEma,minbias,0,test,8.968832,9.79861068725586,0.09251803019447502,2,40mm,1.1425714
SubNetW4CleanAuxExDnRcK5AcQdEma,minbias,0,test,26.558453,25.892322540283203,-0.025081659530210465,3,60mm,3.907321
SubNetW4CleanAuxExDnRcK5AcQdEma,minbias,0,test,34.832417,29.17363929748535,-0.16245721083824538,0,15mm,1.1054025
SubNetW4CleanAuxExDnRcK5AcQdEma,minbias,0,test,74.043335,72.21600341796875,-0.024679217162932754,1,30mm,4.379739
SubNetW4CleanAuxExDnRcK5AcQdEma,minbias,0,test,70.831345,58.77573013305664,-0.1702016887968405,2,40mm,4.7964625
SubNetW4CleanAuxExDnRcK5AcQdEma,minbias,0,test,5.15699,5.227229118347168,0.013620167264108973,2,40mm,0.951091
SubNetW4CleanAuxExDnRcK5AcQdEma,minbias,0,test,52.161972,50.512840270996094,-0.031615594852342555,1,30mm,2.8889885
SubNetW4CleanAuxExDnRcK5AcQdEma,minbias,0,test,85.68494,81.82298278808594,-0.04507155974020238,1,30mm,4.3202624
SubNetW4CleanAuxExDnRcK5AcQdEma,minbias,0,test,63.83701,62.06161117553711,-0.027811425852322103,1,30mm,4.311032
SubNetW4CleanAuxExDnRcK5AcQdEma,minbias,0,test,20.771164,20.1309757232666,-0.030821008345950363,3,60mm,3.1954846
SubNetW4CleanAuxExDnRcK5AcQdEma,minbias,0,test,4.8665586,5.299290657043457,0.08891953125604735,2,40mm,0.57534057
SubNetW4CleanAuxExDnRcK5AcQdEma,minbias,0,test,84.7616,81.79701232910156,-0.03497556047450412,0,15mm,3.7501702
SubNetW4CleanAuxExDnRcK5AcQdEma,minbias,0,test,33.632023,33.273529052734375,-0.010659299514894527,2,40mm,3.6765845
SubNetW4CleanAuxExDnRcK5AcQdEma,minbias,0,test,14.964537,14.833770751953125,-0.00873838715010089,3,60mm,2.4761846
SubNetW4CleanAuxExDnRcK5AcQdEma,minbias,0,test,10.838749,11.006669998168945,0.015492661315384737,3,60mm,1.768351
SubNetW4CleanAuxExDnRcK5AcQdEma,minbias,0,test,79.8171,89.78080749511719,0.12483173285787608,0,15mm,1.9725577
SubNetW4CleanAuxExDnRcK5AcQdEma,minbias,0,test,39.252724,38.071128845214844,-0.030102238454805974,2,40mm,2.7525518
SubNetW4CleanAuxExDnRcK5AcQdEma,minbias,0,test,26.172924,26.671634674072266,0.019054448464708607,2,40mm,2.7384536
SubNetW4CleanAuxExDnRcK5AcQdEma,minbias,0,test,19.799955,18.89908790588379,-0.04549845923452145,3,60mm,4.541743
SubNetW4CleanAuxExDnRcK5AcQdEma,minbias,0,test,33.306583,32.881507873535156,-0.012762507815433977,3,60mm,4.246865
SubNetW4CleanAuxExDnRcK5AcQdEma,minbias,0,test,73.70191,73.2488021850586,-0.006147869564960828,0,15mm,2.4071996
SubNetW4CleanAuxExDnRcK5AcQdEma,minbias,0,test,20.10317,19.619815826416016,-0.024043698530463065,3,60mm,4.160758
SubNetW4CleanAuxExDnRcK5AcQdEma,minbias,0,test,14.192193,16.429643630981445,0.1576536194747431,2,40mm,1.5469906
SubNetW4CleanAuxExDnRcK5AcQdEma,minbias,0,test,2.6989083,3.0749080181121826,0.13931547250443055,3,60mm,0.6482352
SubNetW4CleanAuxExDnRcK5AcQdEma,minbias,0,test,15.496181,15.524396896362305,0.0018208591424797582,3,60mm,2.2479937
SubNetW4CleanAuxExDnRcK5AcQdEma,minbias,0,test,42.7614,42.27400207519531,-0.011398042614020554,2,40mm,4.4892673
SubNetW4CleanAuxExDnRcK5AcQdEma,minbias,0,test,48.89527,46.83951187133789,-0.042044135868784194,1,30mm,2.0135064
SubNetW4CleanAuxExDnRcK5AcQdEma,minbias,0,test,22.104443,21.35776138305664,-0.03377968976694812,2,40mm,3.0159101
SubNetW4CleanAuxExDnRcK5AcQdEma,minbias,0,test,35.79628,35.44892883300781,-0.009703552299819451,1,30mm,2.024971
SubNetW4CleanAuxExDnRcK5AcQdEma,minbias,0,test,6.15596,6.267454624176025,0.018111641346728158,1,30mm,0.58192676
SubNetW4CleanAuxExDnRcK5AcQdEma,minbias,0,test,58.308254,57.32848358154297,-0.016803292657930458,1,30mm,2.9175162
SubNetW4CleanAuxExDnRcK5AcQdEma,minbias,0,test,23.225582,23.19976043701172,-0.0011117777653316674,3,60mm,4.7253623
SubNetW4CleanAuxExDnRcK5AcQdEma,minbias,0,test,28.272715,28.161081314086914,-0.003948446489908108,3,60mm,3.9178655
SubNetW4CleanAuxExDnRcK5AcQdEma,minbias,0,test,5.703529,5.529312610626221,-0.030545347289273717,2,40mm,0.5184035
SubNetW4CleanAuxExDnRcK5AcQdEma,minbias,0,test,17.419535,16.957548141479492,-0.02652117580344282,4,120mm,4.1272216
SubNetW4CleanAuxExDnRcK5AcQdEma,minbias,0,test,39.367313,39.62567138671875,0.006562754211400179,2,40mm,3.825671
SubNetW4CleanAuxExDnRcK5AcQdEma,minbias,0,test,77.522514,78.8177261352539,0.016707556546181168,2,40mm,4.6893373
SubNetW4CleanAuxExDnRcK5AcQdEma,minbias,0,test,10.5144415,10.098471641540527,-0.0395617636011929,2,40mm,1.5445662
SubNetW4CleanAuxExDnRcK5AcQdEma,minbias,0,test,32.024498,31.25926399230957,-0.02389526898653127,2,40mm,4.417166
SubNetW4CleanAuxExDnRcK5AcQdEma,minbias,0,test,11.6883545,11.436059951782227,-0.02158512052093453,3,60mm,1.6406239
SubNetW4CleanAuxExDnRcK5AcQdEma,minbias,0,test,23.29626,22.66884994506836,-0.026931827950826714,3,60mm,4.0545907
SubNetW4CleanAuxExDnRcK5AcQdEma,minbias,0,test,20.092976,20.81968116760254,0.03616714442993341,3,60mm,2.1229298
SubNetW4CleanAuxExDnRcK5AcQdEma,minbias,0,test,5.1023464,4.667600154876709,-0.08520516436961767,2,40mm,0.54777765
SubNetW4CleanAuxExDnRcK5AcQdEma,minbias,0,test,21.391674,20.328134536743164,-0.049717450954482434,2,40mm,1.2487693
SubNetW4CleanAuxExDnRcK5AcQdEma,minbias,0,test,3.2201772,3.2224538326263428,0.0007069980591425384,3,60mm,0.5074882
SubNetW4CleanAuxExDnRcK5AcQdEma,minbias,0,test,28.28923,27.809612274169922,-0.016954087001736284,3,60mm,3.8304718
SubNetW4CleanAuxExDnRcK5AcQdEma,minbias,0,test,33.473568,32.66238021850586,-0.02423368028905193,3,60mm,4.6621566
SubNetW4CleanAuxExDnRcK5AcQdEma,minbias,0,test,34.05405,36.44441604614258,0.07019328301070948,2,40mm,3.661931
SubNetW4CleanAuxExDnRcK5AcQdEma,minbias,0,test,41.577976,43.34002685546875,0.04237942267921313,0,15mm,1.0915889
SubNetW4CleanAuxExDnRcK5AcQdEma,minbias,0,test,19.908627,19.946441650390625,0.0018994325845140825,2,40mm,2.496286
SubNetW4CleanAuxExDnRcK5AcQdEma,minbias,0,test,94.52882,93.70254516601562,-0.008740943662918776,0,15mm,2.9046648
SubNetW4CleanAuxExDnRcK5AcQdEma,minbias,0,test,12.653859,12.400497436523438,-0.02002248477657631,3,60mm,1.5619584
SubNetW4CleanAuxExDnRcK5AcQdEma,minbias,0,test,31.279982,33.1234016418457,0.05893290000883544,1,30mm,1.8273767
SubNetW4CleanAuxExDnRcK5AcQdEma,minbias,0,test,19.364626,18.752893447875977,-0.031590203967617914,4,120mm,4.1063504
SubNetW4CleanAuxExDnRcK5AcQdEma,minbias,0,test,14.451058,14.091028213500977,-0.02491375818953212,3,60mm,2.9405928
SubNetW4CleanAuxExDnRcK5AcQdEma,minbias,0,test,12.616672,12.095922470092773,-0.04127468084866748,4,120mm,2.7481108
SubNetW4CleanAuxExDnRcK5AcQdEma,minbias,0,test,8.970664,8.53453540802002,-0.04861720549883841,2,40mm,1.2974178
SubNetW4CleanAuxExDnRcK5AcQdEma,minbias,0,test,31.546434,29.80776596069336,-0.05511457870612968,2,40mm,3.2296395
SubNetW4CleanAuxExDnRcK5AcQdEma,minbias,0,test,39.67589,38.693275451660156,-0.02476608282999848,3,60mm,4.2874346
SubNetW4CleanAuxExDnRcK5AcQdEma,minbias,0,test,37.07031,36.29428482055664,-0.020933838758503853,0,15mm,1.6111686
SubNetW4CleanAuxExDnRcK5AcQdEma,minbias,0,test,41.307507,43.10112380981445,0.04342109698328911,2,40mm,4.7866216
SubNetW4CleanAuxExDnRcK5AcQdEma,minbias,0,test,41.673603,41.18920135498047,-0.0116237058314419,3,60mm,4.9985704
SubNetW4CleanAuxExDnRcK5AcQdEma,minbias,0,test,39.886963,38.15229415893555,-0.04348961680652719,3,60mm,4.4219947
SubNetW4CleanAuxExDnRcK5AcQdEma,minbias,0,test,35.658516,35.2210807800293,-0.012267340317893227,1,30mm,1.6315897
SubNetW4CleanAuxExDnRcK5AcQdEma,minbias,0,test,9.444971,9.392760276794434,-0.005527894932939703,2,40mm,0.92759484
SubNetW4CleanAuxExDnRcK5AcQdEma,minbias,0,test,27.426273,27.591264724731445,0.006015814715438106,3,60mm,4.5663543
SubNetW4CleanAuxExDnRcK5AcQdEma,minbias,0,test,6.6721926,7.412449359893799,0.1109465559014684,3,60mm,1.1024979
SubNetW4CleanAuxExDnRcK5AcQdEma,minbias,0,test,51.40327,49.120059967041016,-0.044417616279082694,1,30mm,2.4699447
SubNetW4CleanAuxExDnRcK5AcQdEma,minbias,0,test,53.323936,53.61756896972656,0.005506579723934202,1,30mm,2.56655
SubNetW4CleanAuxExDnRcK5AcQdEma,minbias,0,test,8.086266,7.88915491104126,-0.024375980650694462,3,60mm,1.4791913
SubNetW4CleanAuxExDnRcK5AcQdEma,minbias,0,test,49.1747,53.22380065917969,0.08234109876204476,2,40mm,3.962461
SubNetW4CleanAuxExDnRcK5AcQdEma,minbias,0,test,7.4426126,7.337301731109619,-0.014149724281135256,3,60mm,0.94423205
SubNetW4CleanAuxExDnRcK5AcQdEma,minbias,0,test,17.267529,16.44080352783203,-0.04787743680161116,1,30mm,0.95752186
SubNetW4CleanAuxExDnRcK5AcQdEma,minbias,0,test,44.733036,44.709774017333984,-0.0005200188939629147,0,15mm,2.0169983
SubNetW4CleanAuxExDnRcK5AcQdEma,minbias,0,test,38.749218,38.13500213623047,-0.015851051524063853,1,30mm,3.419308
SubNetW4CleanAuxExDnRcK5AcQdEma,minbias,0,test,25.752888,25.813684463500977,0.002360773607921196,2,40mm,3.5616553
SubNetW4CleanAuxExDnRcK5AcQdEma,minbias,0,test,19.131449,18.677112579345703,-0.023748131802266093,2,40mm,2.5505466
SubNetW4CleanAuxExDnRcK5AcQdEma,minbias,0,test,28.173351,27.68724250793457,-0.017254205044360704,2,40mm,3.3287904
SubNetW4CleanAuxExDnRcK5AcQdEma,minbias,0,test,20.581144,21.534305572509766,0.046312353881169166,2,40mm,2.03383
SubNetW4CleanAuxExDnRcK5AcQdEma,minbias,0,test,17.132425,16.633068084716797,-0.02914690795534569,2,40mm,1.5568856
SubNetW4CleanAuxExDnRcK5AcQdEma,minbias,0,test,46.846645,48.77500534057617,0.04116324596413179,1,30mm,2.932703
SubNetW4CleanAuxExDnRcK5AcQdEma,minbias,0,test,17.87102,17.551727294921875,-0.017866472079108076,2,40mm,3.8023753
SubNetW4CleanAuxExDnRcK5AcQdEma,minbias,0,test,7.4401393,8.843473434448242,0.18861664888067464,2,40mm,0.6951884
SubNetW4CleanAuxExDnRcK5AcQdEma,minbias,0,test,62.93626,65.87144470214844,0.04663741487564543,2,40mm,4.1044097
SubNetW4CleanAuxExDnRcK5AcQdEma,minbias,0,test,92.10303,92.61759185791016,0.0055868360574042875,0,15mm,4.2852035
SubNetW4CleanAuxExDnRcK5AcQdEma,minbias,0,test,17.874615,18.096267700195312,0.012400434255289916,2,40mm,2.9481916
SubNetW4CleanAuxExDnRcK5AcQdEma,minbias,0,test,30.084116,28.73955726623535,-0.044693309805822645,1,30mm,1.3692495
SubNetW4CleanAuxExDnRcK5AcQdEma,minbias,0,test,11.552633,11.092306137084961,-0.039846079855609506,2,40mm,1.8956666
SubNetW4CleanAuxExDnRcK5AcQdEma,minbias,0,test,18.51043,21.33185386657715,0.1524235027712071,0,15mm,0.9712494
SubNetW4CleanAuxExDnRcK5AcQdEma,minbias,0,test,29.267214,28.774187088012695,-0.0168457010088795,2,40mm,2.548926
SubNetW4CleanAuxExDnRcK5AcQdEma,minbias,0,test,9.418859,10.596802711486816,0.12506230769160664,2,40mm,0.7092193
SubNetW4CleanAuxExDnRcK5AcQdEma,minbias,0,test,21.510563,18.619503021240234,-0.13440186987984282,1,30mm,1.6143366
SubNetW4CleanAuxExDnRcK5AcQdEma,minbias,0,test,7.6284857,7.96803092956543,0.044510177274867946,4,120mm,1.6906468
SubNetW4CleanAuxExDnRcK5AcQdEma,minbias,0,test,6.7290034,6.952904224395752,0.03327399032139411,3,60mm,1.270522
SubNetW4CleanAuxExDnRcK5AcQdEma,minbias,0,test,11.679774,11.030890464782715,-0.05555619516113608,3,60mm,2.1209416
SubNetW4CleanAuxExDnRcK5AcQdEma,minbias,0,test,10.749233,11.302634239196777,0.05148283423478994,1,30mm,0.5679334
SubNetW4CleanAuxExDnRcK5AcQdEma,minbias,0,test,20.487026,20.57636260986328,0.0043606326427214626,3,60mm,3.6011577
SubNetW4CleanAuxExDnRcK5AcQdEma,minbias,0,test,23.501245,24.169706344604492,0.02844363486971191,2,40mm,1.8650869
SubNetW4CleanAuxExDnRcK5AcQdEma,minbias,0,test,23.503277,23.76814842224121,0.011269560379293608,2,40mm,3.309988
SubNetW4CleanAuxExDnRcK5AcQdEma,minbias,0,test,16.526375,23.302366256713867,0.41001075643597273,2,40mm,1.4275368
SubNetW4CleanAuxExDnRcK5AcQdEma,minbias,0,test,15.294884,15.61528205871582,0.02094807233489182,3,60mm,2.4291656
SubNetW4CleanAuxExDnRcK5AcQdEma,minbias,0,test,22.211111,21.9359188079834,-0.012389846680370353,1,30mm,1.3621768
SubNetW4CleanAuxExDnRcK5AcQdEma,minbias,0,test,37.813633,35.54109573364258,-0.06009835747714254,2,40mm,3.9021375
SubNetW4CleanAuxExDnRcK5AcQdEma,minbias,0,test,9.8914995,9.516168594360352,-0.03794479535217399,4,120mm,2.1172776
SubNetW4CleanAuxExDnRcK5AcQdEma,minbias,0,test,25.749592,26.702754974365234,0.037016631306701964,2,40mm,2.3042731
SubNetW4CleanAuxExDnRcK5AcQdEma,minbias,0,test,22.086494,20.650381088256836,-0.06502224067599771,1,30mm,1.4386206
SubNetW4CleanAuxExDnRcK5AcQdEma,minbias,0,test,42.471027,43.472415924072266,0.02357815696286658,2,40mm,3.325882
SubNetW4CleanAuxExDnRcK5AcQdEma,minbias,0,test,92.80818,89.92283630371094,-0.03108934367836258,0,15mm,2.5667927
SubNetW4CleanAuxExDnRcK5AcQdEma,minbias,0,test,88.252335,83.55648040771484,-0.05320940469819946,1,30mm,4.612823
SubNetW4CleanAuxExDnRcK5AcQdEma,minbias,0,test,43.559296,42.525413513183594,-0.023735051854799516,1,30mm,4.266061
SubNetW4CleanAuxExDnRcK5AcQdEma,minbias,0,test,65.362625,63.864952087402344,-0.022913293826111403,1,30mm,2.4219472
SubNetW4CleanAuxExDnRcK5AcQdEma,minbias,0,test,25.906437,25.417097091674805,-0.01888873525908541,2,40mm,1.9660585
SubNetW4CleanAuxExDnRcK5AcQdEma,minbias,0,test,47.793774,46.68354797363281,-0.023229504445379745,1,30mm,2.7483377
SubNetW4CleanAuxExDnRcK5AcQdEma,minbias,0,test,20.392014,20.453187942504883,0.0029999191865377473,3,60mm,4.04461
SubNetW4CleanAuxExDnRcK5AcQdEma,minbias,0,test,16.074371,15.672590255737305,-0.024995135032512272,3,60mm,3.6295455
SubNetW4CleanAuxExDnRcK5AcQdEma,minbias,0,test,21.111677,19.437721252441406,-0.07929052267590508,3,60mm,3.5698626
SubNetW4CleanAuxExDnRcK5AcQdEma,minbias,0,test,23.252205,22.549718856811523,-0.03021158816463365,3,60mm,4.200001
SubNetW4CleanAuxExDnRcK5AcQdEma,minbias,0,test,25.214785,26.059785842895508,0.033512133193452254,1,30mm,1.3269811
SubNetW4CleanAuxExDnRcK5AcQdEma,minbias,0,test,49.400608,49.26004409790039,-0.0028453893657587326,2,40mm,4.453712
SubNetW4CleanAuxExDnRcK5AcQdEma,minbias,0,test,22.99028,20.780725479125977,-0.09610820997802472,3,60mm,2.8899994
SubNetW4CleanAuxExDnRcK5AcQdEma,minbias,0,test,9.207399,8.987175941467285,-0.023918092178925487,3,60mm,1.9095955
SubNetW4CleanAuxExDnRcK5AcQdEma,minbias,0,test,12.555062,12.495283126831055,-0.004761359663171927,3,60mm,2.904571
SubNetW4CleanAuxExDnRcK5AcQdEma,minbias,0,test,21.956978,21.531448364257812,-0.01938014798753973,3,60mm,2.381789
SubNetW4CleanAuxExDnRcK5AcQdEma,minbias,0,test,12.5380335,12.68112564086914,0.011412647415802724,3,60mm,1.9735944
SubNetW4CleanAuxExDnRcK5AcQdEma,minbias,0,test,14.442024,15.076574325561523,0.04393775307787595,4,120mm,3.2950885
SubNetW4CleanAuxExDnRcK5AcQdEma,minbias,0,test,6.9655647,7.065187931060791,0.01430224356113241,3,60mm,1.5571251
SubNetW4CleanAuxExDnRcK5AcQdEma,minbias,0,test,22.882097,22.985986709594727,0.004540207316795719,3,60mm,3.104874
SubNetW4CleanAuxExDnRcK5AcQdEma,minbias,0,test,15.608372,15.203970909118652,-0.02590922566275977,3,60mm,1.8895913
SubNetW4CleanAuxExDnRcK5AcQdEma,minbias,0,test,47.841427,46.2693977355957,-0.032859160298861156,2,40mm,3.9566503
SubNetW4CleanAuxExDnRcK5AcQdEma,minbias,0,test,90.816986,89.59903717041016,-0.013411025471027016,0,15mm,3.5121243
SubNetW4CleanAuxExDnRcK5AcQdEma,minbias,0,test,26.91904,25.662263870239258,-0.046687280748058724,1,30mm,1.7223
SubNetW4CleanAuxExDnRcK5AcQdEma,minbias,0,test,14.406992,13.009642601013184,-0.09699105556653664,3,60mm,3.384423
SubNetW4CleanAuxExDnRcK5AcQdEma,minbias,0,test,9.803319,9.456831932067871,-0.03534385100478865,1,30mm,0.6065049
SubNetW4CleanAuxExDnRcK5AcQdEma,minbias,0,test,14.383041,13.571450233459473,-0.05642694940733517,2,40mm,1.8037813
SubNetW4CleanAuxExDnRcK5AcQdEma,minbias,0,test,3.9272592,3.933668375015259,0.001631969754468221,3,60mm,0.7784136
SubNetW4CleanAuxExDnRcK5AcQdEma,minbias,0,test,13.643845,13.039586067199707,-0.044287996148353215,2,40mm,1.5209247
SubNetW4CleanAuxExDnRcK5AcQdEma,minbias,0,test,14.147295,13.812274932861328,-0.023680856683272578,2,40mm,1.2542632
SubNetW4CleanAuxExDnRcK5AcQdEma,minbias,0,test,91.79432,100.26567077636719,0.09228622971134914,0,15mm,4.2743134
SubNetW4CleanAuxExDnRcK5AcQdEma,minbias,0,test,17.550238,18.601181030273438,0.05988200246941244,3,60mm,2.6655412
SubNetW4CleanAuxExDnRcK5AcQdEma,minbias,0,test,8.260534,7.404776573181152,-0.10359592777388715,3,60mm,1.2221277
SubNetW4CleanAuxExDnRcK5AcQdEma,minbias,0,test,24.253809,24.411653518676758,0.006508031114548007,3,60mm,3.944226
SubNetW4CleanAuxExDnRcK5AcQdEma,minbias,0,test,24.209867,25.128995895385742,0.037965033010862737,3,60mm,3.0087974
SubNetW4CleanAuxExDnRcK5AcQdEma,minbias,0,test,28.776867,32.740020751953125,0.1377201295441497,1,30mm,1.6297417
SubNetW4CleanAuxExDnRcK5AcQdEma,minbias,0,test,22.412031,26.318584442138672,0.17430607864832037,1,30mm,0.9249604
SubNetW4CleanAuxExDnRcK5AcQdEma,minbias,0,test,44.416252,45.577911376953125,0.026153923054104133,2,40mm,4.979682
SubNetW4CleanAuxExDnRcK5AcQdEma,minbias,0,test,31.988615,31.794933319091797,-0.006054707798412329,2,40mm,2.8666444
SubNetW4CleanAuxExDnRcK5AcQdEma,minbias,0,test,33.292828,32.7186164855957,-0.017247292041319917,2,40mm,3.0231564
SubNetW4CleanAuxExDnRcK5AcQdEma,minbias,0,test,9.303351,9.103585243225098,-0.021472494203390147,3,60mm,1.7828418
SubNetW4CleanAuxExDnRcK5AcQdEma,minbias,0,test,5.914209,5.789276123046875,-0.0211241720245795,3,60mm,1.0609413
SubNetW4CleanAuxExDnRcK5AcQdEma,minbias,0,test,38.355286,40.548519134521484,0.057182040314252,1,30mm,2.1173327
SubNetW4CleanAuxExDnRcK5AcQdEma,minbias,0,test,23.046432,22.586782455444336,-0.019944520253633025,3,60mm,3.811995
SubNetW4CleanAuxExDnRcK5AcQdEma,minbias,0,test,14.530123,14.032931327819824,-0.03421797857145392,3,60mm,3.1548545
SubNetW4CleanAuxExDnRcK5AcQdEma,minbias,0,test,10.735523,10.688606262207031,-0.0043702538471132035,2,40mm,1.1454098
SubNetW4CleanAuxExDnRcK5AcQdEma,minbias,0,test,49.060974,48.84198760986328,-0.004463558157038583,2,40mm,4.3084846
SubNetW4CleanAuxExDnRcK5AcQdEma,minbias,0,test,48.1969,48.35210037231445,0.0032201440370387413,2,40mm,4.6212254
SubNetW4CleanAuxExDnRcK5AcQdEma,minbias,0,test,8.128823,7.746264457702637,-0.04706201739645832,4,120mm,1.9081066
SubNetW4CleanAuxExDnRcK5AcQdEma,minbias,0,test,22.460434,22.54936981201172,0.003959667574069181,4,120mm,4.741289
SubNetW4CleanAuxExDnRcK5AcQdEma,minbias,0,test,86.93123,85.99908447265625,-0.010722776839195203,1,30mm,4.513201
SubNetW4CleanAuxExDnRcK5AcQdEma,minbias,0,test,3.6732426,3.5532705783843994,-0.032661058542337695,2,40mm,0.73572326
SubNetW4CleanAuxExDnRcK5AcQdEma,minbias,0,test,73.63821,72.17025756835938,-0.019934609813376802,1,30mm,3.695329
SubNetW4CleanAuxExDnRcK5AcQdEma,minbias,0,test,37.50138,38.34487533569336,0.022492356136787794,3,60mm,4.284565
SubNetW4CleanAuxExDnRcK5AcQdEma,minbias,0,test,52.29706,51.24050521850586,-0.020202912462726208,2,40mm,4.778044
SubNetW4CleanAuxExDnRcK5AcQdEma,minbias,0,test,11.070644,11.712570190429688,0.05798450296216218,2,40mm,1.5076091
SubNetW4CleanAuxExDnRcK5AcQdEma,minbias,0,test,43.16087,44.7386360168457,0.03655548261974628,1,30mm,3.5094385
SubNetW4CleanAuxExDnRcK5AcQdEma,minbias,0,test,31.81514,31.474088668823242,-0.010719773797779109,2,40mm,4.4344153
SubNetW4CleanAuxExDnRcK5AcQdEma,minbias,0,test,55.547962,52.07298278808594,-0.06255817970115163,1,30mm,3.3872857
SubNetW4CleanAuxExDnRcK5AcQdEma,minbias,0,test,20.348444,19.405784606933594,-0.04632587035880109,3,60mm,4.6268272
SubNetW4CleanAuxExDnRcK5AcQdEma,minbias,0,test,84.76631,81.05016326904297,-0.04383992065156439,1,30mm,4.5176578
SubNetW4CleanAuxExDnRcK5AcQdEma,minbias,0,test,32.286934,31.610618591308594,-0.020947027975291577,2,40mm,2.8091328
SubNetW4CleanAuxExDnRcK5AcQdEma,minbias,0,test,3.3969817,3.206852674484253,-0.05596999264597202,3,60mm,0.6234626
SubNetW4CleanAuxExDnRcK5AcQdEma,minbias,0,test,81.827286,79.99698638916016,-0.022367836844326305,0,15mm,2.760764
SubNetW4CleanAuxExDnRcK5AcQdEma,minbias,0,test,60.392174,53.00136184692383,-0.12238029299408282,1,30mm,2.6413243
SubNetW4CleanAuxExDnRcK5AcQdEma,minbias,0,test,2.5870624,2.781252384185791,0.0750619808853179,4,120mm,0.5362611
SubNetW4CleanAuxExDnRcK5AcQdEma,minbias,0,test,11.079046,10.919168472290039,-0.014430644434616169,3,60mm,2.2359147
SubNetW4CleanAuxExDnRcK5AcQdEma,minbias,0,test,66.382706,66.51083374023438,0.0019301420517430223,1,30mm,2.5429938
SubNetW4CleanAuxExDnRcK5AcQdEma,minbias,0,test,35.534363,35.30014419555664,-0.006591326789134211,3,60mm,4.101364
SubNetW4CleanAuxExDnRcK5AcQdEma,minbias,0,test,54.968983,54.955909729003906,-0.00023782444003861425,2,40mm,4.299936
SubNetW4CleanAuxExDnRcK5AcQdEma,minbias,0,test,16.749037,16.836498260498047,0.005221880676467894,4,120mm,3.7954698
SubNetW4CleanAuxExDnRcK5AcQdEma,minbias,0,test,62.342678,62.95173263549805,0.009769464262429528,1,30mm,3.3989668
SubNetW4CleanAuxExDnRcK5AcQdEma,minbias,0,test,5.9398317,5.795412063598633,-0.024313764527287618,3,60mm,1.0584086
SubNetW4CleanAuxExDnRcK5AcQdEma,minbias,0,test,72.341255,57.623653411865234,-0.2034468677365,0,15mm,1.972614
SubNetW4CleanAuxExDnRcK5AcQdEma,minbias,0,test,46.027058,44.369144439697266,-0.03602040392626482,2,40mm,2.8178053
SubNetW4CleanAuxExDnRcK5AcQdEma,minbias,0,test,10.643257,9.696136474609375,-0.08898785906856688,2,40mm,0.93012846
SubNetW4CleanAuxExDnRcK5AcQdEma,minbias,0,test,19.360289,20.3715763092041,0.05223515563525938,2,40mm,3.540304
SubNetW4CleanAuxExDnRcK5AcQdEma,minbias,0,test,14.190893,14.325448989868164,0.009481842686571484,2,40mm,0.9542058
SubNetW4CleanAuxExDnRcK5AcQdEma,minbias,0,test,22.402077,22.02362823486328,-0.01689345550585175,2,40mm,3.5932071
SubNetW4CleanAuxExDnRcK5AcQdEma,minbias,0,test,35.644005,35.46104049682617,-0.005133102351040697,2,40mm,3.1298716
SubNetW4CleanAuxExDnRcK5AcQdEma,minbias,0,test,69.06052,65.45838928222656,-0.05215899424430226,0,15mm,1.8770384
SubNetW4CleanAuxExDnRcK5AcQdEma,minbias,0,test,33.01792,32.9422492980957,-0.002291850799207462,2,40mm,4.596942
SubNetW4CleanAuxExDnRcK5AcQdEma,minbias,0,test,61.158634,60.26747131347656,-0.014571333781052576,1,30mm,4.9452624
SubNetW4CleanAuxExDnRcK5AcQdEma,minbias,0,test,10.882992,10.796204566955566,-0.007974574040339855,4,120mm,2.4470813
SubNetW4CleanAuxExDnRcK5AcQdEma,minbias,0,test,4.272067,4.751720428466797,0.11227664514608149,3,60mm,0.7677172
SubNetW4CleanAuxExDnRcK5AcQdEma,minbias,0,test,24.730026,24.825712203979492,0.003869221888965768,2,40mm,2.993101
SubNetW4CleanAuxExDnRcK5AcQdEma,minbias,0,test,4.140775,4.312813758850098,0.04154742691449109,3,60mm,0.61486053
SubNetW4CleanAuxExDnRcK5AcQdEma,minbias,0,test,13.489592,13.024858474731445,-0.034451237488212993,4,120mm,2.9699233
SubNetW4CleanAuxExDnRcK5AcQdEma,minbias,0,test,27.949305,27.831037521362305,-0.004231484865204416,3,60mm,3.526441
SubNetW4CleanAuxExDnRcK5AcQdEma,minbias,0,test,85.97578,84.16484832763672,-0.02106323914499375,1,30mm,4.2038617
SubNetW4CleanAuxExDnRcK5AcQdEma,minbias,0,test,15.110079,9.56483268737793,-0.3669898875705264,1,30mm,0.78933364
SubNetW4CleanAuxExDnRcK5AcQdEma,minbias,0,test,39.230972,39.24644088745117,0.00039429554021119806,0,15mm,1.135358
SubNetW4CleanAuxExDnRcK5AcQdEma,minbias,0,test,23.676893,22.78553581237793,-0.03764672218842835,2,40mm,1.881266
SubNetW4CleanAuxExDnRcK5AcQdEma,minbias,0,test,53.19867,50.3538703918457,-0.05347500364269675,1,30mm,2.8916016
SubNetW4CleanAuxExDnRcK5AcQdEma,minbias,0,test,7.2869077,6.708500385284424,-0.07937623386531634,2,40mm,0.79494673
SubNetW4CleanAuxExDnRcK5AcQdEma,minbias,0,test,16.668072,23.441104888916016,0.40634773145727077,2,40mm,1.3687295
SubNetW4CleanAuxExDnRcK5AcQdEma,minbias,0,test,54.04774,54.58051681518555,0.009857505044186254,2,40mm,4.9601727
SubNetW4CleanAuxExDnRcK5AcQdEma,minbias,0,test,34.907555,33.277626037597656,-0.04669271755952431,1,30mm,1.3816408
SubNetW4CleanAuxExDnRcK5AcQdEma,minbias,0,test,26.151636,25.783071517944336,-0.014093367006566826,3,60mm,3.6836295
SubNetW4CleanAuxExDnRcK5AcQdEma,minbias,0,test,21.04362,21.876176834106445,0.03956342642657429,2,40mm,2.466748
SubNetW4CleanAuxExDnRcK5AcQdEma,minbias,0,test,25.033527,24.496795654296875,-0.021440515031949547,3,60mm,3.6852858
SubNetW4CleanAuxExDnRcK5AcQdEma,minbias,0,test,50.03123,49.64463424682617,-0.007727107099470221,2,40mm,4.281875
SubNetW4CleanAuxExDnRcK5AcQdEma,minbias,0,test,68.17912,69.77058410644531,0.023342353397474147,1,30mm,3.669431
SubNetW4CleanAuxExDnRcK5AcQdEma,minbias,0,test,19.15232,18.394556045532227,-0.039565169242486986,3,60mm,2.6989076
SubNetW4CleanAuxExDnRcK5AcQdEma,minbias,0,test,4.102338,4.063988208770752,-0.009348237509975932,3,60mm,0.7095151
SubNetW4CleanAuxExDnRcK5AcQdEma,minbias,0,test,17.987846,18.82318878173828,0.04643926737167492,4,120mm,4.003667
SubNetW4CleanAuxExDnRcK5AcQdEma,minbias,0,test,59.57141,57.18089294433594,-0.04012861443129123,0,15mm,2.8691971
SubNetW4CleanAuxExDnRcK5AcQdEma,minbias,0,test,28.998627,29.0068359375,0.00028309025106643126,3,60mm,4.9849467
SubNetW4CleanAuxExDnRcK5AcQdEma,minbias,0,test,61.250202,77.80929565429688,0.27035165413758144,0,15mm,1.6230705
SubNetW4CleanAuxExDnRcK5AcQdEma,minbias,0,test,21.34046,23.304340362548828,0.09202615853515206,0,15mm,0.61032814
SubNetW4CleanAuxExDnRcK5AcQdEma,minbias,0,test,39.847267,38.54396057128906,-0.03270755243151213,2,40mm,2.8470042
SubNetW4CleanAuxExDnRcK5AcQdEma,minbias,0,test,13.8206005,14.092270851135254,0.019656912975824614,2,40mm,2.079894
SubNetW4CleanAuxExDnRcK5AcQdEma,minbias,0,test,28.590776,28.55759620666504,-0.0011605224112047896,1,30mm,1.4842213
SubNetW4CleanAuxExDnRcK5AcQdEma,minbias,0,test,29.195631,29.7180233001709,0.017892823500274657,2,40mm,3.2753844
SubNetW4CleanAuxExDnRcK5AcQdEma,minbias,0,test,7.4613156,7.092809677124023,-0.04938887093431399,3,60mm,1.5644636
SubNetW4CleanAuxExDnRcK5AcQdEma,minbias,0,test,15.284903,14.498322486877441,-0.0514612430152348,3,60mm,2.4199603
SubNetW4CleanAuxExDnRcK5AcQdEma,minbias,0,test,9.141295,5.448116302490234,-0.4040104772463542,2,40mm,0.9289925
SubNetW4CleanAuxExDnRcK5AcQdEma,minbias,0,test,12.4924965,12.512014389038086,0.0015623697452664675,1,30mm,1.1194739
SubNetW4CleanAuxExDnRcK5AcQdEma,minbias,0,test,97.100494,93.525634765625,-0.036816080513195515,0,15mm,2.5193155
SubNetW4CleanAuxExDnRcK5AcQdEma,minbias,0,test,20.99867,20.53940773010254,-0.021871043987969907,3,60mm,4.3644443
SubNetW4CleanAuxExDnRcK5AcQdEma,minbias,0,test,5.160425,4.966340065002441,-0.03761029646848013,3,60mm,1.0560423
SubNetW4CleanAuxExDnRcK5AcQdEma,minbias,0,test,34.99046,36.025535583496094,0.029581667627687436,0,15mm,1.0189152
SubNetW4CleanAuxExDnRcK5AcQdEma,minbias,0,test,22.83823,21.719032287597656,-0.0490054544042372,1,30mm,1.3962747
SubNetW4CleanAuxExDnRcK5AcQdEma,minbias,0,test,44.31327,50.7003059387207,0.14413369376448482,0,15mm,1.1581821
SubNetW4CleanAuxExDnRcK5AcQdEma,minbias,0,test,17.193836,18.801342010498047,0.09349314361870764,2,40mm,3.240163
SubNetW4CleanAuxExDnRcK5AcQdEma,minbias,0,test,3.5419457,3.5042505264282227,-0.010642503495389755,3,60mm,0.699077
SubNetW4CleanAuxExDnRcK5AcQdEma,minbias,0,test,93.73068,91.91304779052734,-0.019392098046244532,0,15mm,2.1334672
SubNetW4CleanAuxExDnRcK5AcQdEma,minbias,0,test,63.329468,60.52799987792969,-0.044236403589086204,0,15mm,1.8462195
SubNetW4CleanAuxExDnRcK5AcQdEma,minbias,0,test,10.652892,10.989326477050781,0.03158150488699252,3,60mm,2.0071948
SubNetW4CleanAuxExDnRcK5AcQdEma,minbias,0,test,14.654688,14.511009216308594,-0.009804280126826104,3,60mm,1.9242154
SubNetW4CleanAuxExDnRcK5AcQdEma,minbias,0,test,63.68778,62.83201599121094,-0.013436839880568097,1,30mm,3.6089952
SubNetW4CleanAuxExDnRcK5AcQdEma,minbias,0,test,16.127062,16.18691635131836,0.0037114328713900857,1,30mm,0.74882776
SubNetW4CleanAuxExDnRcK5AcQdEma,minbias,0,test,53.98608,54.52742004394531,0.010027397295120366,0,15mm,1.516138
SubNetW4CleanAuxExDnRcK5AcQdEma,minbias,0,test,30.090809,29.747241973876953,-0.011417668964424421,2,40mm,3.555742
SubNetW4CleanAuxExDnRcK5AcQdEma,minbias,0,test,65.8657,65.52337646484375,-0.005197292436398326,0,15mm,1.3594546
SubNetW4CleanAuxExDnRcK5AcQdEma,minbias,0,test,17.660683,17.72447395324707,0.003612050348601459,3,60mm,1.9517722
SubNetW4CleanAuxExDnRcK5AcQdEma,minbias,0,test,8.334022,7.608181476593018,-0.08709361809985405,3,60mm,1.0845207
SubNetW4CleanAuxExDnRcK5AcQdEma,minbias,0,test,46.103756,45.844478607177734,-0.005623779199811163,2,40mm,3.2861614
SubNetW4CleanAuxExDnRcK5AcQdEma,minbias,0,test,27.451365,28.607255935668945,0.04210688389396067,2,40mm,4.0130935
SubNetW4CleanAuxExDnRcK5AcQdEma,minbias,0,test,22.304419,21.54993438720703,-0.03382666866998363,3,60mm,3.6976628
SubNetW4CleanAuxExDnRcK5AcQdEma,minbias,0,test,14.018485,14.507692337036133,0.03489729919771811,4,120mm,2.769832
SubNetW4CleanAuxExDnRcK5AcQdEma,minbias,0,test,2.7077425,2.793959379196167,0.03184088888928027,4,120mm,0.64910024
SubNetW4CleanAuxExDnRcK5AcQdEma,minbias,0,test,25.48304,24.946510314941406,-0.02105437750159944,3,60mm,3.4902358
SubNetW4CleanAuxExDnRcK5AcQdEma,minbias,0,test,5.3283916,5.558295249938965,0.04314692261728914,2,40mm,0.5764024
SubNetW4CleanAuxExDnRcK5AcQdEma,minbias,0,test,20.411528,20.132801055908203,-0.013655351170240415,2,40mm,1.5073465
SubNetW4CleanAuxExDnRcK5AcQdEma,minbias,0,test,8.66378,8.955265045166016,0.03364407055783869,3,60mm,1.1942499
SubNetW4CleanAuxExDnRcK5AcQdEma,minbias,0,test,6.553456,6.679416656494141,0.01922051969961558,3,60mm,1.3667488
SubNetW4CleanAuxExDnRcK5AcQdEma,minbias,0,test,14.080339,6.133432388305664,-0.5643974054723602,1,30mm,1.3009022
SubNetW4CleanAuxExDnRcK5AcQdEma,minbias,0,test,6.777967,6.306775093078613,-0.06951817333192534,3,60mm,1.4392664
SubNetW4CleanAuxExDnRcK5AcQdEma,minbias,0,test,23.204979,22.970975875854492,-0.010084174934728463,3,60mm,4.7351165
SubNetW4CleanAuxExDnRcK5AcQdEma,minbias,0,test,66.53875,63.87908172607422,-0.03997171544323275,2,40mm,4.9946184
SubNetW4CleanAuxExDnRcK5AcQdEma,minbias,0,test,19.998297,18.98752212524414,-0.0505430350237156,4,120mm,4.6101437
SubNetW4CleanAuxExDnRcK5AcQdEma,minbias,0,test,21.673595,21.830774307250977,0.0072520906511770455,3,60mm,2.5882947
SubNetW4CleanAuxExDnRcK5AcQdEma,minbias,0,test,95.4951,92.1012954711914,-0.03553906314538602,0,15mm,3.7147803
SubNetW4CleanAuxExDnRcK5AcQdEma,minbias,0,test,14.859844,13.512801170349121,-0.09064987617506615,1,30mm,0.89807844
SubNetW4CleanAuxExDnRcK5AcQdEma,minbias,0,test,48.09383,45.02363586425781,-0.06383759075642936,1,30mm,4.3839254
SubNetW4CleanAuxExDnRcK5AcQdEma,minbias,0,test,14.488544,18.372940063476562,0.26810116150639063,1,30mm,0.60584456
SubNetW4CleanAuxExDnRcK5AcQdEma,minbias,0,test,15.469398,14.883035659790039,-0.03790463612887096,2,40mm,2.3878126
SubNetW4CleanAuxExDnRcK5AcQdEma,minbias,0,test,64.7955,63.40104675292969,-0.0215208605424122,2,40mm,4.032842
SubNetW4CleanAuxExDnRcK5AcQdEma,minbias,0,test,50.16617,49.5208854675293,-0.012862906782573735,0,15mm,2.715412
SubNetW4CleanAuxExDnRcK5AcQdEma,minbias,0,test,34.991413,34.553466796875,-0.012515822614038052,2,40mm,2.4548185
SubNetW4CleanAuxExDnRcK5AcQdEma,minbias,0,test,10.71769,10.25287914276123,-0.043368608793864394,3,60mm,1.3362396
SubNetW4CleanAuxExDnRcK5AcQdEma,minbias,0,test,9.149665,9.988371849060059,0.09166532122438764,3,60mm,1.6952178
SubNetW4CleanAuxExDnRcK5AcQdEma,minbias,0,test,53.8325,53.6832160949707,-0.0027731270426514243,2,40mm,3.935093
SubNetW4CleanAuxExDnRcK5AcQdEma,minbias,0,test,5.463326,5.660223960876465,0.03603994789405118,4,120mm,1.1862462
SubNetW4CleanAuxExDnRcK5AcQdEma,minbias,0,test,71.73915,72.07585144042969,0.004693398719599395,0,15mm,3.2960052
SubNetW4CleanAuxExDnRcK5AcQdEma,minbias,0,test,87.362885,84.76686096191406,-0.02971540573310505,1,30mm,3.7380493
SubNetW4CleanAuxExDnRcK5AcQdEma,minbias,0,test,67.205826,65.80435180664062,-0.02085345998241306,2,40mm,4.7403116
SubNetW4CleanAuxExDnRcK5AcQdEma,minbias,0,test,54.84546,58.141239166259766,0.06009212508958495,0,15mm,1.7516234
SubNetW4CleanAuxExDnRcK5AcQdEma,minbias,0,test,9.047247,8.811444282531738,-0.026063470158197877,4,120mm,1.8468826
SubNetW4CleanAuxExDnRcK5AcQdEma,minbias,0,test,16.466702,17.61445426940918,0.06970143724979128,1,30mm,1.0790179
SubNetW4CleanAuxExDnRcK5AcQdEma,minbias,0,test,14.724596,14.12713623046875,-0.0405756322370322,0,15mm,0.68733996
SubNetW4CleanAuxExDnRcK5AcQdEma,minbias,0,test,24.78546,24.090879440307617,-0.02802369177817543,0,15mm,1.0076969
SubNetW4CleanAuxExDnRcK5AcQdEma,minbias,0,test,7.774115,8.300013542175293,0.06764737218098116,2,40mm,0.5791005
SubNetW4CleanAuxExDnRcK5AcQdEma,minbias,0,test,18.174587,17.251243591308594,-0.05080410607177166,1,30mm,0.79263467
SubNetW4CleanAuxExDnRcK5AcQdEma,minbias,0,test,18.959255,19.538169860839844,0.030534672151515396,3,60mm,3.7005904
SubNetW4CleanAuxExDnRcK5AcQdEma,minbias,0,test,74.65126,74.27571868896484,-0.0050306141533355,1,30mm,3.6474047
SubNetW4CleanAuxExDnRcK5AcQdEma,minbias,0,test,39.581688,37.236270904541016,-0.059255103698865,1,30mm,1.7280567
SubNetW4CleanAuxExDnRcK5AcQdEma,minbias,0,test,59.54935,57.9556770324707,-0.026762234789969974,0,15mm,2.7240245
SubNetW4CleanAuxExDnRcK5AcQdEma,minbias,0,test,13.848786,13.679829597473145,-0.012200112867089219,4,120mm,3.2067902
SubNetW4CleanAuxExDnRcK5AcQdEma,minbias,0,test,81.52904,79.7450180053711,-0.02188201315082461,0,15mm,2.2217205
SubNetW4CleanAuxExDnRcK5AcQdEma,minbias,0,test,74.18749,71.59687805175781,-0.0349198259176382,1,30mm,3.180107
SubNetW4CleanAuxExDnRcK5AcQdEma,minbias,0,test,19.93556,22.134990692138672,0.11032699561566117,0,15mm,0.5383151
SubNetW4CleanAuxExDnRcK5AcQdEma,minbias,0,test,18.324467,18.053363800048828,-0.014794586365490026,4,120mm,4.2795706
SubNetW4CleanAuxExDnRcK5AcQdEma,minbias,0,test,82.555824,81.04386138916016,-0.018314430312038277,0,15mm,1.8747733
SubNetW4CleanAuxExDnRcK5AcQdEma,minbias,0,test,40.511272,40.6153450012207,0.0025689780783739735,1,30mm,1.8972856
SubNetW4CleanAuxExDnRcK5AcQdEma,minbias,0,test,9.202836,10.900976181030273,0.18452356834126205,3,60mm,1.5403426
SubNetW4CleanAuxExDnRcK5AcQdEma,minbias,0,test,27.385365,26.933900833129883,-0.016485582976466184,3,60mm,3.2746356
SubNetW4CleanAuxExDnRcK5AcQdEma,minbias,0,test,47.400787,56.79329299926758,0.19815083609693107,0,15mm,0.98385787
SubNetW4CleanAuxExDnRcK5AcQdEma,minbias,0,test,97.902725,92.281982421875,-0.05741150499372438,0,15mm,2.633338
SubNetW4CleanAuxExDnRcK5AcQdEma,minbias,0,test,40.616245,41.11775207519531,0.012347443789766599,2,40mm,4.2527256
SubNetW4CleanAuxExDnRcK5AcQdEma,minbias,0,test,16.352324,16.151023864746094,-0.012310156838762798,3,60mm,3.1588714
SubNetW4CleanAuxExDnRcK5AcQdEma,minbias,0,test,31.45919,37.13751220703125,0.18049802845648233,0,15mm,1.1627305
SubNetW4CleanAuxExDnRcK5AcQdEma,minbias,0,test,11.350928,10.300457954406738,-0.092544884770697,1,30mm,0.5478504
SubNetW4CleanAuxExDnRcK5AcQdEma,minbias,0,test,74.78013,72.62181854248047,-0.028862078474890973,1,30mm,4.783723
SubNetW4CleanAuxExDnRcK5AcQdEma,minbias,0,test,5.056331,4.618125915527344,-0.08666466425780339,3,60mm,0.5305659
SubNetW4CleanAuxExDnRcK5AcQdEma,minbias,0,test,23.80971,23.524646759033203,-0.011972543778030253,2,40mm,2.2076008
SubNetW4CleanAuxExDnRcK5AcQdEma,minbias,0,test,32.743683,31.785215377807617,-0.029271828938109645,2,40mm,3.3013268
SubNetW4CleanAuxExDnRcK5AcQdEma,minbias,0,test,27.712759,27.258237838745117,-0.01640115222395977,3,60mm,4.2167425
SubNetW4CleanAuxExDnRcK5AcQdEma,minbias,0,test,9.423104,9.561161994934082,0.014650979607909953,4,120mm,1.9795475
SubNetW4CleanAuxExDnRcK5AcQdEma,minbias,0,test,4.600512,4.9983134269714355,0.08646894015976203,4,120mm,0.9129778
SubNetW4CleanAuxExDnRcK5AcQdEma,minbias,0,test,18.907839,19.063941955566406,0.008256000890937587,3,60mm,3.6797156
SubNetW4CleanAuxExDnRcK5AcQdEma,minbias,0,test,10.276438,12.362800598144531,0.20302393568596377,3,60mm,2.1808274
SubNetW4CleanAuxExDnRcK5AcQdEma,minbias,0,test,20.629152,18.88905143737793,-0.08435154462292815,3,60mm,3.321078
SubNetW4CleanAuxExDnRcK5AcQdEma,minbias,0,test,53.754124,53.47854232788086,-0.005126701747834694,2,40mm,4.7297
SubNetW4CleanAuxExDnRcK5AcQdEma,minbias,0,test,33.005302,32.23884582519531,-0.02322222635735749,0,15mm,0.6760916
SubNetW4CleanAuxExDnRcK5AcQdEma,minbias,0,test,45.251728,44.050167083740234,-0.026552819653311688,2,40mm,3.5764363
SubNetW4CleanAuxExDnRcK5AcQdEma,minbias,0,test,11.104926,11.260530471801758,0.01401219251313024,3,60mm,2.4776137
SubNetW4CleanAuxExDnRcK5AcQdEma,minbias,0,test,21.646788,22.5500545501709,0.04172752657886036,2,40mm,2.195459
SubNetW4CleanAuxExDnRcK5AcQdEma,minbias,0,test,15.860484,16.615331649780273,0.04759296883281827,3,60mm,2.220319
SubNetW4CleanAuxExDnRcK5AcQdEma,minbias,0,test,70.439354,69.61927795410156,-0.011642298557062891,1,30mm,3.4178975
SubNetW4CleanAuxExDnRcK5AcQdEma,minbias,0,test,14.358398,13.455944061279297,-0.06285202212133578,4,120mm,3.4116967
SubNetW4CleanAuxExDnRcK5AcQdEma,minbias,0,test,25.390265,28.519676208496094,0.12325242598471386,2,40mm,1.87116
SubNetW4CleanAuxExDnRcK5AcQdEma,minbias,0,test,13.728103,13.004862785339355,-0.052683164988521325,3,60mm,2.9861696
SubNetW4CleanAuxExDnRcK5AcQdEma,minbias,0,test,25.964184,24.94707489013672,-0.03917353708409277,3,60mm,4.352606
SubNetW4CleanAuxExDnRcK5AcQdEma,minbias,0,test,12.355838,11.742915153503418,-0.04960591724242791,3,60mm,2.6195266
SubNetW4CleanAuxExDnRcK5AcQdEma,minbias,0,test,11.665042,9.885594367980957,-0.15254532021472433,2,40mm,1.6438372
SubNetW4CleanAuxExDnRcK5AcQdEma,minbias,0,test,15.016854,25.56578254699707,0.7024725724682344,1,30mm,1.142775
SubNetW4CleanAuxExDnRcK5AcQdEma,minbias,0,test,3.78785,3.304715633392334,-0.127548419835248,4,120mm,0.86921895
SubNetW4CleanAuxExDnRcK5AcQdEma,minbias,0,test,84.80349,85.89007568359375,0.01281298685432053,0,15mm,3.9934015
SubNetW4CleanAuxExDnRcK5AcQdEma,minbias,0,test,40.7401,42.559349060058594,0.04465497534451335,1,30mm,2.3697884
SubNetW4CleanAuxExDnRcK5AcQdEma,minbias,0,test,12.514983,12.503069877624512,-0.0009519229384394867,3,60mm,2.5505173
SubNetW4CleanAuxExDnRcK5AcQdEma,minbias,0,test,22.536425,21.42157745361328,-0.04946868020072148,1,30mm,0.84021384
SubNetW4CleanAuxExDnRcK5AcQdEma,minbias,0,test,39.174953,39.105918884277344,-0.001762212084955861,2,40mm,3.8678262
SubNetW4CleanAuxExDnRcK5AcQdEma,minbias,0,test,18.305355,18.3221492767334,0.0009174476346314187,3,60mm,4.249726
SubNetW4CleanAuxExDnRcK5AcQdEma,minbias,0,test,70.85684,70.10858917236328,-0.010560065155305942,1,30mm,2.9687638
SubNetW4CleanAuxExDnRcK5AcQdEma,minbias,0,test,67.26646,67.21456909179688,-0.0007713727588253283,1,30mm,3.9403815
SubNetW4CleanAuxExDnRcK5AcQdEma,minbias,0,test,38.780174,34.78756332397461,-0.10295495077213335,1,30mm,2.3927145
SubNetW4CleanAuxExDnRcK5AcQdEma,minbias,0,test,27.290653,26.55901336669922,-0.026809173673040587,2,40mm,3.522097
SubNetW4CleanAuxExDnRcK5AcQdEma,minbias,0,test,71.41242,73.16411590576172,0.024529257965320905,1,30mm,2.690624
SubNetW4CleanAuxExDnRcK5AcQdEma,minbias,0,test,52.32255,52.10700988769531,-0.004119482565051791,2,40mm,4.8426266
SubNetW4CleanAuxExDnRcK5AcQdEma,minbias,0,test,26.448997,25.928590774536133,-0.01967585815192041,2,40mm,3.3039827
SubNetW4CleanAuxExDnRcK5AcQdEma,minbias,0,test,17.790693,17.72928810119629,-0.003451533951358776,4,120mm,4.13051
SubNetW4CleanAuxExDnRcK5AcQdEma,minbias,0,test,29.857393,29.081205368041992,-0.025996505784862345,3,60mm,3.6392949
SubNetW4CleanAuxExDnRcK5AcQdEma,minbias,0,test,22.192919,22.387922286987305,0.008786744613308306,3,60mm,4.825274
SubNetW4CleanAuxExDnRcK5AcQdEma,minbias,0,test,32.75993,32.87931823730469,0.0036443478839038868,3,60mm,4.865779
SubNetW4CleanAuxExDnRcK5AcQdEma,minbias,0,test,24.682533,20.11004066467285,-0.18525215992017774,1,30mm,2.18485
SubNetW4CleanAuxExDnRcK5AcQdEma,minbias,0,test,15.980691,10.43738079071045,-0.3468754999785463,2,40mm,2.1958604
SubNetW4CleanAuxExDnRcK5AcQdEma,minbias,0,test,29.202652,28.44508171081543,-0.025941831149660977,3,60mm,3.5872295
SubNetW4CleanAuxExDnRcK5AcQdEma,minbias,0,test,40.250446,40.60329818725586,0.008766408821264005,2,40mm,2.75766
SubNetW4CleanAuxExDnRcK5AcQdEma,minbias,0,test,6.014907,5.681888580322266,-0.0553654959888773,4,120mm,1.3457597
SubNetW4CleanAuxExDnRcK5AcQdEma,minbias,0,test,11.5760565,13.832403182983398,0.19491497008454584,1,30mm,0.776536
SubNetW4CleanAuxExDnRcK5AcQdEma,minbias,0,test,3.063182,2.9197115898132324,-0.04683708650982099,4,120mm,0.69544023
SubNetW4CleanAuxExDnRcK5AcQdEma,minbias,0,test,49.173626,49.440582275390625,0.005428851832862902,2,40mm,4.2554145
SubNetW4CleanAuxExDnRcK5AcQdEma,minbias,0,test,61.870506,60.46271514892578,-0.022753832515505557,1,30mm,2.874345
SubNetW4CleanAuxExDnRcK5AcQdEma,minbias,0,test,80.503654,77.90091705322266,-0.03233067422305724,0,15mm,2.573771
SubNetW4CleanAuxExDnRcK5AcQdEma,minbias,0,test,49.311634,48.79024124145508,-0.010573424145545074,0,15mm,2.2629247
SubNetW4CleanAuxExDnRcK5AcQdEma,minbias,0,test,18.511887,18.324918746948242,-0.010099880893013946,1,30mm,1.0730698
SubNetW4CleanAuxExDnRcK5AcQdEma,minbias,0,test,24.283112,24.0527286529541,-0.009487372268002447,3,60mm,4.571247
SubNetW4CleanAuxExDnRcK5AcQdEma,minbias,0,test,11.499426,13.484013557434082,0.17258145656062007,2,40mm,1.1828134
SubNetW4CleanAuxExDnRcK5AcQdEma,minbias,0,test,80.06125,80.2979507446289,0.0029565110330034283,1,30mm,3.3863533
SubNetW4CleanAuxExDnRcK5AcQdEma,minbias,0,test,53.911453,54.975643157958984,0.019739588654967388,0,15mm,1.6985003
SubNetW4CleanAuxExDnRcK5AcQdEma,minbias,0,test,91.895905,95.52637481689453,0.039506333758960066,0,15mm,3.0587296
SubNetW4CleanAuxExDnRcK5AcQdEma,minbias,0,test,53.357758,53.0939826965332,-0.004943514942288174,0,15mm,1.5966531
SubNetW4CleanAuxExDnRcK5AcQdEma,minbias,0,test,40.91263,40.551239013671875,-0.008833193473193446,2,40mm,4.600034
SubNetW4CleanAuxExDnRcK5AcQdEma,minbias,0,test,19.888636,20.744613647460938,0.04303854863540413,2,40mm,1.3459992
SubNetW4CleanAuxExDnRcK5AcQdEma,minbias,0,test,15.992714,19.507862091064453,0.21979685115473413,1,30mm,1.0431994
SubNetW4CleanAuxExDnRcK5AcQdEma,minbias,0,test,24.844492,24.368009567260742,-0.019178592669597205,2,40mm,2.5013542
SubNetW4CleanAuxExDnRcK5AcQdEma,minbias,0,test,53.464947,52.98134994506836,-0.009045118927131779,2,40mm,4.930536
SubNetW4CleanAuxExDnRcK5AcQdEma,minbias,0,test,9.5321665,9.283913612365723,-0.02604369837084819,2,40mm,1.0766745
SubNetW4CleanAuxExDnRcK5AcQdEma,minbias,0,test,4.1766796,4.493252277374268,0.0757952956982495,4,120mm,0.9641142
SubNetW4CleanAuxExDnRcK5AcQdEma,minbias,0,test,8.398012,7.846529960632324,-0.06566818314063416,3,60mm,1.8981516
SubNetW4CleanAuxExDnRcK5AcQdEma,minbias,0,test,84.19726,87.98909759521484,0.04503519104870701,1,30mm,3.9078884
SubNetW4CleanAuxExDnRcK5AcQdEma,minbias,0,test,14.386611,13.180257797241211,-0.08385249235107595,1,30mm,0.785666
SubNetW4CleanAuxExDnRcK5AcQdEma,minbias,0,test,6.7192183,10.41855239868164,0.5505601998180143,1,30mm,0.5280669
SubNetW4CleanAuxExDnRcK5AcQdEma,minbias,0,test,32.799004,31.980186462402344,-0.02496469553255143,3,60mm,3.478732
SubNetW4CleanAuxExDnRcK5AcQdEma,minbias,0,test,49.205597,51.19196319580078,0.04036870592277575,1,30mm,3.5320446
SubNetW4CleanAuxExDnRcK5AcQdEma,minbias,0,test,14.625132,14.509664535522461,-0.007895113332005654,3,60mm,3.38571
SubNetW4CleanAuxExDnRcK5AcQdEma,minbias,0,test,12.275448,10.870211601257324,-0.11447535453637192,0,15mm,0.6945095
SubNetW4CleanAuxExDnRcK5AcQdEma,minbias,0,test,40.02039,41.137718200683594,0.027918984701802207,2,40mm,3.0369353
SubNetW4CleanAuxExDnRcK5AcQdEma,minbias,0,test,22.959185,23.115747451782227,0.006819179669732778,3,60mm,4.3713794
SubNetW4CleanAuxExDnRcK5AcQdEma,minbias,0,test,18.04816,18.16612434387207,0.006536056156375869,3,60mm,3.7047796
SubNetW4CleanAuxExDnRcK5AcQdEma,minbias,0,test,26.889679,29.87418556213379,0.1109907861689825,1,30mm,1.6617956
SubNetW4CleanAuxExDnRcK5AcQdEma,minbias,0,test,43.239155,43.62367248535156,0.008892811881196838,0,15mm,1.478484
SubNetW4CleanAuxExDnRcK5AcQdEma,minbias,0,test,26.251255,27.447141647338867,0.045555407172944484,2,40mm,4.053744
SubNetW4CleanAuxExDnRcK5AcQdEma,minbias,0,test,20.583342,19.87824058532715,-0.0342559059134796,3,60mm,4.2094226
SubNetW4CleanAuxExDnRcK5AcQdEma,minbias,0,test,11.421333,11.895827293395996,0.041544534898401375,2,40mm,1.0036834
SubNetW4CleanAuxExDnRcK5AcQdEma,minbias,0,test,66.856636,67.34513854980469,0.007306716749782893,0,15mm,3.2210681
SubNetW4CleanAuxExDnRcK5AcQdEma,minbias,0,test,21.496439,22.048065185546875,0.02566128305971649,3,60mm,3.5769541
SubNetW4CleanAuxExDnRcK5AcQdEma,minbias,0,test,32.160664,31.76776885986328,-0.012216624311669477,2,40mm,2.6634972
SubNetW4CleanAuxExDnRcK5AcQdEma,minbias,0,test,21.169744,20.481903076171875,-0.03249172023209568,3,60mm,3.9233627
SubNetW4CleanAuxExDnRcK5AcQdEma,minbias,0,test,27.3664,26.577190399169922,-0.02883862592892672,0,15mm,0.6364566
SubNetW4CleanAuxExDnRcK5AcQdEma,minbias,0,test,65.24807,65.2733383178711,0.0003872689993622558,0,15mm,3.2638764
SubNetW4CleanAuxExDnRcK5AcQdEma,minbias,0,test,6.9881473,9.600682258605957,0.37385231064972335,4,120mm,1.4541996
SubNetW4CleanAuxExDnRcK5AcQdEma,minbias,0,test,19.091185,19.08684730529785,-0.00022718919114950165,2,40mm,1.8434751
SubNetW4CleanAuxExDnRcK5AcQdEma,minbias,0,test,24.621523,24.735076904296875,0.004611981204404536,3,60mm,3.654751
SubNetW4CleanAuxExDnRcK5AcQdEma,minbias,0,test,79.45829,86.87235260009766,0.09330760189604037,0,15mm,2.1854293
SubNetW4CleanAuxExDnRcK5AcQdEma,minbias,0,test,24.99156,24.263622283935547,-0.029127341345630997,3,60mm,3.8590202
SubNetW4CleanAuxExDnRcK5AcQdEma,minbias,0,test,26.380743,27.073827743530273,0.02627237284766859,2,40mm,2.6440277
SubNetW4CleanAuxExDnRcK5AcQdEma,minbias,0,test,25.24887,24.512863159179688,-0.029150122982274818,3,60mm,4.1406426
SubNetW4CleanAuxExDnRcK5AcQdEma,minbias,0,test,29.718866,29.818988800048828,0.00336898623954629,2,40mm,3.21572
SubNetW4CleanAuxExDnRcK5AcQdEma,minbias,0,test,20.256477,24.700489044189453,0.21938719206404977,0,15mm,0.74384284
SubNetW4CleanAuxExDnRcK5AcQdEma,minbias,0,test,7.40519,6.782092571258545,-0.08414334007585023,2,40mm,0.62265503
SubNetW4CleanAuxExDnRcK5AcQdEma,minbias,0,test,3.4871166,3.1022531986236572,-0.11036722412723565,3,60mm,0.56505483
SubNetW4CleanAuxExDnRcK5AcQdEma,minbias,0,test,6.1660404,5.765422344207764,-0.06497169155596993,3,60mm,1.407122
SubNetW4CleanAuxExDnRcK5AcQdEma,minbias,0,test,25.46849,24.628767013549805,-0.0329710778783574,3,60mm,4.971302
SubNetW4CleanAuxExDnRcK5AcQdEma,minbias,0,test,9.387432,9.340319633483887,-0.0050186743734605965,3,60mm,1.4928755
SubNetW4CleanAuxExDnRcK5AcQdEma,minbias,0,test,33.23754,33.67043685913086,0.013024298572871684,2,40mm,2.3992982
SubNetW4CleanAuxExDnRcK5AcQdEma,minbias,0,test,14.450212,14.312790870666504,-0.009509940671766248,4,120mm,3.4475408
SubNetW4CleanAuxExDnRcK5AcQdEma,minbias,0,test,22.131224,21.36237335205078,-0.03474052486677093,3,60mm,4.2485332
SubNetW4CleanAuxExDnRcK5AcQdEma,minbias,0,test,41.84291,41.702335357666016,-0.0033595991856224527,1,30mm,1.8255297
SubNetW4CleanAuxExDnRcK5AcQdEma,minbias,0,test,4.634776,6.834984302520752,0.4747172532852941,4,120mm,1.0560884
SubNetW4CleanAuxExDnRcK5AcQdEma,minbias,0,test,13.620858,12.985204696655273,-0.04666765388844607,3,60mm,2.481782
SubNetW4CleanAuxExDnRcK5AcQdEma,minbias,0,test,12.093252,11.991714477539062,-0.008396228155966856,3,60mm,2.4413316
SubNetW4CleanAuxExDnRcK5AcQdEma,minbias,0,test,23.799606,23.616615295410156,-0.007688825829582191,1,30mm,1.1641841
SubNetW4CleanAuxExDnRcK5AcQdEma,minbias,0,test,76.544525,75.52338409423828,-0.013340484512666562,0,15mm,4.1333013
SubNetW4CleanAuxExDnRcK5AcQdEma,minbias,0,test,28.94259,28.147878646850586,-0.027458221501908575,2,40mm,2.6976998
SubNetW4CleanAuxExDnRcK5AcQdEma,minbias,0,test,13.226256,13.805861473083496,0.04382230967712619,2,40mm,1.0488784
SubNetW4CleanAuxExDnRcK5AcQdEma,minbias,0,test,45.41406,65.62339782714844,0.44500182821990353,0,15mm,1.9471135
SubNetW4CleanAuxExDnRcK5AcQdEma,minbias,0,test,42.857716,41.83506393432617,-0.023861553465618246,1,30mm,2.5214372
SubNetW4CleanAuxExDnRcK5AcQdEma,minbias,0,test,42.63979,43.50729751586914,0.020345033197602502,0,15mm,1.4693426
SubNetW4CleanAuxExDnRcK5AcQdEma,minbias,0,test,9.716448,9.951483726501465,0.02418948780548602,3,60mm,1.5005592
SubNetW4CleanAuxExDnRcK5AcQdEma,minbias,0,test,31.775768,32.17555618286133,0.012581533806164336,0,15mm,0.9561485
SubNetW4CleanAuxExDnRcK5AcQdEma,minbias,0,test,6.0697904,5.891900062561035,-0.029307486766919078,4,120mm,1.3283329
SubNetW4CleanAuxExDnRcK5AcQdEma,minbias,0,test,21.482725,21.08667755126953,-0.018435630932240432,3,60mm,3.14696
SubNetW4CleanAuxExDnRcK5AcQdEma,minbias,0,test,28.30147,27.994855880737305,-0.010833851536862338,2,40mm,3.5172708
SubNetW4CleanAuxExDnRcK5AcQdEma,minbias,0,test,5.8154364,5.828993320465088,0.002331202062602511,3,60mm,1.1207565
SubNetW4CleanAuxExDnRcK5AcQdEma,minbias,0,test,22.930109,22.265710830688477,-0.028974925180800026,2,40mm,2.3616087
SubNetW4CleanAuxExDnRcK5AcQdEma,minbias,0,test,6.366364,6.147517681121826,-0.03437540188235799,4,120mm,1.3974092
SubNetW4CleanAuxExDnRcK5AcQdEma,minbias,0,test,29.929035,28.71323013305664,-0.04062292840794535,1,30mm,1.816017
SubNetW4CleanAuxExDnRcK5AcQdEma,minbias,0,test,38.324364,39.48402404785156,0.030259089183479082,1,30mm,2.0499911
SubNetW4CleanAuxExDnRcK5AcQdEma,minbias,0,test,22.410002,22.262712478637695,-0.006572479455150271,3,60mm,3.0261576
SubNetW4CleanAuxExDnRcK5AcQdEma,minbias,0,test,30.36356,31.02477264404297,0.021776528416853846,3,60mm,4.439903
SubNetW4CleanAuxExDnRcK5AcQdEma,minbias,0,test,10.928922,12.526289939880371,0.1461597295940027,3,60mm,2.5262263
SubNetW4CleanAuxExDnRcK5AcQdEma,minbias,0,test,27.908865,29.127525329589844,0.04366570821518412,3,60mm,4.8996344
SubNetW4CleanAuxExDnRcK5AcQdEma,minbias,0,test,28.73549,32.49212646484375,0.13073156439808553,1,30mm,1.3212608
SubNetW4CleanAuxExDnRcK5AcQdEma,minbias,0,test,46.046257,46.677650451660156,0.013712155417020533,1,30mm,2.5119033
SubNetW4CleanAuxExDnRcK5AcQdEma,minbias,0,test,3.7666752,4.082535743713379,0.08385658180313782,3,60mm,0.58452415
SubNetW4CleanAuxExDnRcK5AcQdEma,minbias,0,test,29.195911,28.6401424407959,-0.01903584919539769,3,60mm,4.4883966
SubNetW4CleanAuxExDnRcK5AcQdEma,minbias,0,test,4.9120264,5.398195266723633,0.09897521333785586,3,60mm,0.9252449
SubNetW4CleanAuxExDnRcK5AcQdEma,minbias,0,test,9.394188,9.186816215515137,-0.022074469165079602,3,60mm,1.8906857
SubNetW4CleanAuxExDnRcK5AcQdEma,minbias,0,test,9.538061,12.283869743347168,0.28787911510629227,3,60mm,1.3703923
SubNetW4CleanAuxExDnRcK5AcQdEma,minbias,0,test,23.109531,22.174638748168945,-0.040454851209759,3,60mm,3.2513115
SubNetW4CleanAuxExDnRcK5AcQdEma,minbias,0,test,14.680925,14.621832847595215,-0.004025122407556259,3,60mm,1.533207
SubNetW4CleanAuxExDnRcK5AcQdEma,minbias,0,test,23.824423,22.870141983032227,-0.040054731223849394,2,40mm,2.7771044
SubNetW4CleanAuxExDnRcK5AcQdEma,minbias,0,test,28.981354,28.386266708374023,-0.0205334456190156,3,60mm,3.6469069
SubNetW4CleanAuxExDnRcK5AcQdEma,minbias,0,test,39.34638,38.66550064086914,-0.017304710484363772,2,40mm,3.8205647
SubNetW4CleanAuxExDnRcK5AcQdEma,minbias,0,test,6.1285076,4.9089226722717285,-0.1990019460938538,3,60mm,0.78041023
SubNetW4CleanAuxExDnRcK5AcQdEma,minbias,0,test,16.506027,16.495182037353516,-0.00065704388951493,1,30mm,0.92188305
SubNetW4CleanAuxExDnRcK5AcQdEma,minbias,0,test,16.033323,16.40245246887207,0.02302262446022696,3,60mm,3.3031213
SubNetW4CleanAuxExDnRcK5AcQdEma,minbias,0,test,16.650866,18.375038146972656,0.10354852644072077,2,40mm,1.8645515
SubNetW4CleanAuxExDnRcK5AcQdEma,minbias,0,test,62.222675,62.17920684814453,-0.0006985954094035352,1,30mm,3.9193654
SubNetW4CleanAuxExDnRcK5AcQdEma,minbias,0,test,18.9023,17.971921920776367,-0.04922035763178101,3,60mm,2.2854152
SubNetW4CleanAuxExDnRcK5AcQdEma,minbias,0,test,79.9999,80.37763214111328,0.004721647394315243,1,30mm,4.194791
SubNetW4CleanAuxExDnRcK5AcQdEma,minbias,0,test,29.51775,29.656599044799805,0.004703924229581213,2,40mm,3.6827903
SubNetW4CleanAuxExDnRcK5AcQdEma,minbias,0,test,37.25967,36.61700439453125,-0.01724829711574183,3,60mm,4.9928327
SubNetW4CleanAuxExDnRcK5AcQdEma,minbias,0,test,38.00788,39.23088836669922,0.03217772642609473,1,30mm,2.9323957
SubNetW4CleanAuxExDnRcK5AcQdEma,minbias,0,test,38.393753,37.65065383911133,-0.019354690635341898,2,40mm,3.521408
SubNetW4CleanAuxExDnRcK5AcQdEma,minbias,0,test,12.355087,12.283602714538574,-0.005785840610693094,3,60mm,1.7153314
SubNetW4CleanAuxExDnRcK5AcQdEma,minbias,0,test,8.246177,8.0496187210083,-0.023836258346061623,3,60mm,1.5653026
SubNetW4CleanAuxExDnRcK5AcQdEma,minbias,0,test,22.277117,22.01236915588379,-0.01188428566841826,1,30mm,1.7767661
SubNetW4CleanAuxExDnRcK5AcQdEma,minbias,0,test,38.23651,37.45112991333008,-0.020540088304731086,2,40mm,2.9019132
SubNetW4CleanAuxExDnRcK5AcQdEma,minbias,0,test,48.183727,49.6485595703125,0.03040097537224673,0,15mm,2.0883074
SubNetW4CleanAuxExDnRcK5AcQdEma,minbias,0,test,13.897089,13.358011245727539,-0.038790696282786974,2,40mm,1.4726226
SubNetW4CleanAuxExDnRcK5AcQdEma,minbias,0,test,19.830088,19.30034828186035,-0.02671392022662622,2,40mm,3.0021236
SubNetW4CleanAuxExDnRcK5AcQdEma,minbias,0,test,4.2932186,3.993797540664673,-0.06974279649364268,3,60mm,0.7385621
SubNetW4CleanAuxExDnRcK5AcQdEma,minbias,0,test,30.497835,29.7996768951416,-0.02289205973189279,3,60mm,4.1479793
SubNetW4CleanAuxExDnRcK5AcQdEma,minbias,0,test,15.943826,15.099535942077637,-0.05295402711984154,3,60mm,2.0385747
SubNetW4CleanAuxExDnRcK5AcQdEma,minbias,0,test,20.812407,21.02591896057129,0.01025890111481309,3,60mm,4.042957
SubNetW4CleanAuxExDnRcK5AcQdEma,minbias,0,test,54.995647,53.12215042114258,-0.034066277911314335,0,15mm,1.8615652
SubNetW4CleanAuxExDnRcK5AcQdEma,minbias,0,test,91.541595,86.90918731689453,-0.050604406869502405,0,15mm,2.7146811
SubNetW4CleanAuxExDnRcK5AcQdEma,minbias,0,test,34.984734,35.10784912109375,0.0035191218267769386,3,60mm,4.8034053
SubNetW4CleanAuxExDnRcK5AcQdEma,minbias,0,test,11.710909,11.835777282714844,0.010662570609989874,2,40mm,1.296574
SubNetW4CleanAuxExDnRcK5AcQdEma,minbias,0,test,26.130806,25.437376022338867,-0.02653687558339124,2,40mm,4.882658
SubNetW4CleanAuxExDnRcK5AcQdEma,minbias,0,test,17.12937,16.3211669921875,-0.04718228142656222,2,40mm,3.3004901
SubNetW4CleanAuxExDnRcK5AcQdEma,minbias,0,test,31.287825,32.97985076904297,0.05407937938399887,1,30mm,1.9190645
SubNetW4CleanAuxExDnRcK5AcQdEma,minbias,0,test,18.632683,17.742218017578125,-0.047790476135881166,3,60mm,2.8981967
SubNetW4CleanAuxExDnRcK5AcQdEma,minbias,0,test,3.6493607,3.836181640625,0.051192798262283956,2,40mm,0.5051713
SubNetW4CleanAuxExDnRcK5AcQdEma,minbias,0,test,21.171688,21.32188606262207,0.00709428469858997,3,60mm,3.826567
SubNetW4CleanAuxExDnRcK5AcQdEma,minbias,0,test,9.309583,8.929095268249512,-0.04087051523770446,2,40mm,1.5192467
SubNetW4CleanAuxExDnRcK5AcQdEma,minbias,0,test,10.567112,10.08843994140625,-0.045298282917073496,2,40mm,1.7120576
SubNetW4CleanAuxExDnRcK5AcQdEma,minbias,0,test,28.174032,28.5553035736084,0.013532722595231528,3,60mm,4.7152295
SubNetW4CleanAuxExDnRcK5AcQdEma,minbias,0,test,61.414925,71.60094451904297,0.1658557746382292,1,30mm,2.8432279
SubNetW4CleanAuxExDnRcK5AcQdEma,minbias,0,test,14.719808,14.179930686950684,-0.03667690173858007,2,40mm,1.6018064
SubNetW4CleanAuxExDnRcK5AcQdEma,minbias,0,test,3.9292836,4.451510429382324,0.1329063669366608,3,60mm,0.8946176
SubNetW4CleanAuxExDnRcK5AcQdEma,minbias,0,test,35.24433,34.950626373291016,-0.008333396470864507,2,40mm,3.6997223
SubNetW4CleanAuxExDnRcK5AcQdEma,minbias,0,test,15.857215,15.553208351135254,-0.019171498773567497,3,60mm,2.6779127
SubNetW4CleanAuxExDnRcK5AcQdEma,minbias,0,test,24.440866,23.857053756713867,-0.02388674371801025,3,60mm,3.1350327
SubNetW4CleanAuxExDnRcK5AcQdEma,minbias,0,test,21.036753,21.314844131469727,0.013219313580342229,2,40mm,2.1261952
SubNetW4CleanAuxExDnRcK5AcQdEma,minbias,0,test,59.26206,66.75764465332031,0.1264820462803391,0,15mm,1.6031934
SubNetW4CleanAuxExDnRcK5AcQdEma,minbias,0,test,17.114069,18.31772804260254,0.07033155345307951,2,40mm,2.0911143
SubNetW4CleanAuxExDnRcK5AcQdEma,minbias,0,test,12.932391,12.384035110473633,-0.04240175302042426,4,120mm,3.0337691
SubNetW4CleanAuxExDnRcK5AcQdEma,minbias,0,test,14.263609,14.493902206420898,0.01614551233251582,2,40mm,1.6586808
SubNetW4CleanAuxExDnRcK5AcQdEma,minbias,0,test,19.279795,18.829391479492188,-0.023361411294730572,4,120mm,4.491776
SubNetW4CleanAuxExDnRcK5AcQdEma,minbias,0,test,33.444935,33.8177604675293,0.01114744652028099,0,15mm,0.89066136
SubNetW4CleanAuxExDnRcK5AcQdEma,minbias,0,test,91.02513,83.96121978759766,-0.07760396873784137,0,15mm,2.1722095
SubNetW4CleanAuxExDnRcK5AcQdEma,minbias,0,test,10.904519,12.654488563537598,0.1604811243305948,2,40mm,2.180322
SubNetW4CleanAuxExDnRcK5AcQdEma,minbias,0,test,19.995861,23.190717697143555,0.15977589737866515,3,60mm,2.9113164
SubNetW4CleanAuxExDnRcK5AcQdEma,minbias,0,test,75.8711,54.62306594848633,-0.28005439547604694,2,40mm,4.824253
SubNetW4CleanAuxExDnRcK5AcQdEma,minbias,0,test,32.86438,35.13816833496094,0.06918701829324925,1,30mm,1.7705972
SubNetW4CleanAuxExDnRcK5AcQdEma,minbias,0,test,79.69752,80.57268524169922,0.010981118048407179,1,30mm,4.0128894
SubNetW4CleanAuxExDnRcK5AcQdEma,minbias,0,test,41.350815,43.18885803222656,0.04444998776737874,1,30mm,1.7692513
SubNetW4CleanAuxExDnRcK5AcQdEma,minbias,0,test,5.97024,5.761422157287598,-0.034976475781600125,2,40mm,0.65629876
SubNetW4CleanAuxExDnRcK5AcQdEma,minbias,0,test,23.470613,22.488508224487305,-0.04184403854547625,2,40mm,2.0901551
SubNetW4CleanAuxExDnRcK5AcQdEma,minbias,0,test,24.286005,24.297157287597656,0.00045920551555544975,3,60mm,4.9665494
SubNetW4CleanAuxExDnRcK5AcQdEma,minbias,0,test,99.56902,94.21154022216797,-0.05380672363367789,0,15mm,2.5517483
SubNetW4CleanAuxExDnRcK5AcQdEma,minbias,0,test,7.6361146,7.624382972717285,-0.0015363342775641664,3,60mm,1.5136031
SubNetW4CleanAuxExDnRcK5AcQdEma,minbias,0,test,86.44712,84.94574737548828,-0.01736753381072842,1,30mm,4.1085544
SubNetW4CleanAuxExDnRcK5AcQdEma,minbias,0,test,32.394047,30.782745361328125,-0.0497406647860521,2,40mm,2.8152943
SubNetW4CleanAuxExDnRcK5AcQdEma,minbias,0,test,18.111845,19.929407119750977,0.10035212324408316,4,120mm,4.020936
SubNetW4CleanAuxExDnRcK5AcQdEma,minbias,0,test,42.83553,42.81706619262695,-0.00043102384995663545,2,40mm,4.146452
SubNetW4CleanAuxExDnRcK5AcQdEma,minbias,0,test,57.575497,59.90663146972656,0.040488314140972426,1,30mm,3.8352356
SubNetW4CleanAuxExDnRcK5AcQdEma,minbias,0,test,52.138634,50.78852844238281,-0.025894527514609078,2,40mm,4.0391164
SubNetW4CleanAuxExDnRcK5AcQdEma,minbias,0,test,54.477795,59.098243713378906,0.08481343813718722,0,15mm,1.7927108
SubNetW4CleanAuxExDnRcK5AcQdEma,minbias,0,test,41.657223,41.12764358520508,-0.012712781305748266,2,40mm,4.8196898
SubNetW4CleanAuxExDnRcK5AcQdEma,minbias,0,test,11.297791,11.070039749145508,-0.020158877759949845,3,60mm,2.1846273
SubNetW4CleanAuxExDnRcK5AcQdEma,minbias,0,test,22.522526,22.156949996948242,-0.016231562741091166,3,60mm,2.9807692
SubNetW4CleanAuxExDnRcK5AcQdEma,minbias,0,test,12.735944,12.292221069335938,-0.03484019182896092,3,60mm,2.7236066
SubNetW4CleanAuxExDnRcK5AcQdEma,minbias,0,test,31.197319,29.573549270629883,-0.052048375007183734,3,60mm,4.460812
SubNetW4CleanAuxExDnRcK5AcQdEma,minbias,0,test,10.779057,13.211458206176758,0.2256599773858543,3,60mm,2.033451
SubNetW4CleanAuxExDnRcK5AcQdEma,minbias,0,test,52.832535,51.57102966308594,-0.023877429541596884,0,15mm,2.777091
SubNetW4CleanAuxExDnRcK5AcQdEma,minbias,0,test,14.920384,14.430795669555664,-0.03281341312202879,4,120mm,3.4271052
SubNetW4CleanAuxExDnRcK5AcQdEma,minbias,0,test,24.643316,23.11005973815918,-0.062217946400963786,2,40mm,3.333293
SubNetW4CleanAuxExDnRcK5AcQdEma,minbias,0,test,26.366625,26.451766967773438,0.0032291632380754276,2,40mm,1.810077
SubNetW4CleanAuxExDnRcK5AcQdEma,minbias,0,test,44.777683,43.93641662597656,-0.018787631937807192,3,60mm,4.9628882
SubNetW4CleanAuxExDnRcK5AcQdEma,minbias,0,test,21.882439,22.139877319335938,0.011764623846173938,2,40mm,2.6243052
SubNetW4CleanAuxExDnRcK5AcQdEma,minbias,0,test,63.39451,53.26233673095703,-0.15982727672610453,1,30mm,4.0001645
SubNetW4CleanAuxExDnRcK5AcQdEma,minbias,0,test,14.609627,14.244319915771484,-0.02500453023192173,3,60mm,3.4520342
SubNetW4CleanAuxExDnRcK5AcQdEma,minbias,0,test,18.667564,18.64276695251465,-0.0013283703783929512,3,60mm,2.9555054
SubNetW4CleanAuxExDnRcK5AcQdEma,minbias,0,test,31.366304,31.89537239074707,0.01686739969292761,3,60mm,4.085617
SubNetW4CleanAuxExDnRcK5AcQdEma,minbias,0,test,3.2309499,3.117549180984497,-0.03509825344428319,4,120mm,0.70359176
SubNetW4CleanAuxExDnRcK5AcQdEma,minbias,0,test,36.90863,37.1802864074707,0.007360230754856367,2,40mm,3.271311
SubNetW4CleanAuxExDnRcK5AcQdEma,minbias,0,test,32.243,39.28703689575195,0.21846716678247335,1,30mm,1.7552159
SubNetW4CleanAuxExDnRcK5AcQdEma,minbias,0,test,4.543525,4.410228729248047,-0.02933768016940408,3,60mm,0.6713787
SubNetW4CleanAuxExDnRcK5AcQdEma,minbias,0,test,24.96635,24.013595581054688,-0.03816156359137568,2,40mm,2.7577891
SubNetW4CleanAuxExDnRcK5AcQdEma,minbias,0,test,8.382661,8.19999885559082,-0.021790456886841225,3,60mm,1.4008368
SubNetW4CleanAuxExDnRcK5AcQdEma,minbias,0,test,67.50889,67.67291259765625,0.0024296704818034254,2,40mm,4.039313
SubNetW4CleanAuxExDnRcK5AcQdEma,minbias,0,test,63.314682,58.51234436035156,-0.07584872093278272,0,15mm,1.5161482
SubNetW4CleanAuxExDnRcK5AcQdEma,minbias,0,test,49.868256,50.792259216308594,0.01852889357517329,0,15mm,1.5437213
SubNetW4CleanAuxExDnRcK5AcQdEma,minbias,0,test,30.677456,31.013622283935547,0.010958091926160263,1,30mm,1.2661612
SubNetW4CleanAuxExDnRcK5AcQdEma,minbias,0,test,19.394682,19.80732536315918,0.021276112394881475,2,40mm,2.074266
SubNetW4CleanAuxExDnRcK5AcQdEma,minbias,0,test,27.41156,26.417720794677734,-0.03625620948941355,3,60mm,4.393878
SubNetW4CleanAuxExDnRcK5AcQdEma,minbias,0,test,26.404636,25.49242401123047,-0.03454743169315222,2,40mm,2.3366756
SubNetW4CleanAuxExDnRcK5AcQdEma,minbias,0,test,9.748333,9.834222793579102,0.008810718354022917,3,60mm,1.2364265
SubNetW4CleanAuxExDnRcK5AcQdEma,minbias,0,test,15.773879,14.793696403503418,-0.06213960716466771,3,60mm,3.7084126
SubNetW4CleanAuxExDnRcK5AcQdEma,minbias,0,test,33.816784,33.264732360839844,-0.016324779604702466,2,40mm,4.2432384
SubNetW4CleanAuxExDnRcK5AcQdEma,minbias,0,test,6.0894547,5.907801151275635,-0.02983083215457616,3,60mm,1.0624839
SubNetW4CleanAuxExDnRcK5AcQdEma,minbias,0,test,56.602837,56.61775207519531,0.00026351093341236975,1,30mm,4.370755
SubNetW4CleanAuxExDnRcK5AcQdEma,minbias,0,test,11.232468,10.32013988494873,-0.08122238093491507,3,60mm,2.209331
SubNetW4CleanAuxExDnRcK5AcQdEma,minbias,0,test,11.527962,10.59001350402832,-0.08136288520198309,2,40mm,1.2194397
SubNetW4CleanAuxExDnRcK5AcQdEma,minbias,0,test,14.795353,15.210740089416504,0.028075515023412434,2,40mm,1.1108044
SubNetW4CleanAuxExDnRcK5AcQdEma,minbias,0,test,30.883873,30.313016891479492,-0.018483954218503906,2,40mm,2.852969
SubNetW4CleanAuxExDnRcK5AcQdEma,minbias,0,test,15.326607,14.004364013671875,-0.08627106823721964,2,40mm,1.3492011
SubNetW4CleanAuxExDnRcK5AcQdEma,minbias,0,test,50.910717,50.74833679199219,-0.0031895095579261845,2,40mm,3.5981956
SubNetW4CleanAuxExDnRcK5AcQdEma,minbias,0,test,24.744862,24.01839256286621,-0.029358379593251827,2,40mm,4.078798
SubNetW4CleanAuxExDnRcK5AcQdEma,minbias,0,test,73.982834,71.64775848388672,-0.03156239436250796,1,30mm,3.8326392
SubNetW4CleanAuxExDnRcK5AcQdEma,minbias,0,test,19.938637,18.724382400512695,-0.06089956864571289,4,120mm,4.3138075
SubNetW4CleanAuxExDnRcK5AcQdEma,minbias,0,test,20.651176,18.84370994567871,-0.0875236580881198,1,30mm,0.9895276
SubNetW4CleanAuxExDnRcK5AcQdEma,minbias,0,test,77.1167,77.65325927734375,0.00695776743597043,1,30mm,2.9537868
SubNetW4CleanAuxExDnRcK5AcQdEma,minbias,0,test,45.33062,43.555870056152344,-0.03915123515229546,2,40mm,4.3017263
SubNetW4CleanAuxExDnRcK5AcQdEma,minbias,0,test,47.683,46.96079635620117,-0.01514590779445324,2,40mm,4.189266
SubNetW4CleanAuxExDnRcK5AcQdEma,minbias,0,test,18.498756,17.679874420166016,-0.044266866941425786,3,60mm,4.4056034
SubNetW4CleanAuxExDnRcK5AcQdEma,minbias,0,test,22.790195,22.717748641967773,-0.003178859226157016,1,30mm,1.1466227
SubNetW4CleanAuxExDnRcK5AcQdEma,minbias,0,test,33.049202,31.607351303100586,-0.04362739722865072,3,60mm,4.3811445
SubNetW4CleanAuxExDnRcK5AcQdEma,minbias,0,test,20.090796,19.917949676513672,-0.008603235263039966,3,60mm,2.9177458
SubNetW4CleanAuxExDnRcK5AcQdEma,minbias,0,test,49.189827,49.71744155883789,0.010726091674965854,2,40mm,4.417653
SubNetW4CleanAuxExDnRcK5AcQdEma,minbias,0,test,8.5783615,14.594246864318848,0.701286060888505,1,30mm,0.55181223
SubNetW4CleanAuxExDnRcK5AcQdEma,minbias,0,test,24.418344,24.735570907592773,0.012991315195108433,3,60mm,3.4159756
SubNetW4CleanAuxExDnRcK5AcQdEma,minbias,0,test,66.931694,66.09395599365234,-0.01251631307470491,2,40mm,4.763535
SubNetW4CleanAuxExDnRcK5AcQdEma,minbias,0,test,49.116375,26.71917152404785,-0.45600277828627767,1,30mm,4.323826
SubNetW4CleanAuxExDnRcK5AcQdEma,minbias,0,test,44.918434,43.106788635253906,-0.04033189362840117,0,15mm,1.182248
SubNetW4CleanAuxExDnRcK5AcQdEma,minbias,0,test,13.166455,13.096831321716309,-0.005287979621077188,4,120mm,2.657803
SubNetW4CleanAuxExDnRcK5AcQdEma,minbias,0,test,83.35146,81.06472778320312,-0.02743485769346632,1,30mm,4.1720395
SubNetW4CleanAuxExDnRcK5AcQdEma,minbias,0,test,19.292183,19.614046096801758,0.01668360577617034,3,60mm,3.2659929
SubNetW4CleanAuxExDnRcK5AcQdEma,minbias,0,test,15.138235,14.755417823791504,-0.025288104329266425,3,60mm,3.4902349
SubNetW4CleanAuxExDnRcK5AcQdEma,minbias,0,test,34.533096,33.30500793457031,-0.03556264887915617,3,60mm,4.902512
SubNetW4CleanAuxExDnRcK5AcQdEma,minbias,0,test,50.97435,52.208946228027344,0.024219950877896634,2,40mm,4.1622763
SubNetW4CleanAuxExDnRcK5AcQdEma,minbias,0,test,55.832314,53.9693717956543,-0.03336673019449299,1,30mm,3.0091245
SubNetW4CleanAuxExDnRcK5AcQdEma,minbias,0,test,10.349641,10.003540992736816,-0.0334407597961186,2,40mm,1.4348623
SubNetW4CleanAuxExDnRcK5AcQdEma,minbias,0,test,51.383724,51.528194427490234,0.002811594859218003,0,15mm,1.2819082
SubNetW4CleanAuxExDnRcK5AcQdEma,minbias,0,test,9.092114,8.888607025146484,-0.022382848846936088,3,60mm,1.4448465
SubNetW4CleanAuxExDnRcK5AcQdEma,minbias,0,test,60.368816,59.9566764831543,-0.0068270328510829925,2,40mm,3.922276
SubNetW4CleanAuxExDnRcK5AcQdEma,minbias,0,test,6.898488,7.00035285949707,0.014766252271175562,3,60mm,0.9728625
SubNetW4CleanAuxExDnRcK5AcQdEma,minbias,0,test,18.991817,19.83806037902832,0.04455828968477227,3,60mm,2.8589568
SubNetW4CleanAuxExDnRcK5AcQdEma,minbias,0,test,36.83063,43.06904220581055,0.1693810487886549,1,30mm,1.6601611
SubNetW4CleanAuxExDnRcK5AcQdEma,minbias,0,test,72.42448,70.5777359008789,-0.025498848024206877,1,30mm,2.802981
SubNetW4CleanAuxExDnRcK5AcQdEma,minbias,0,test,58.243687,58.48923873901367,0.004215942997463973,1,30mm,3.0443573
SubNetW4CleanAuxExDnRcK5AcQdEma,minbias,0,test,20.626564,20.6538143157959,0.0013211259947514264,3,60mm,4.94881
SubNetW4CleanAuxExDnRcK5AcQdEma,minbias,0,test,31.570246,31.993240356445312,0.013398521414549336,1,30mm,1.8567909
SubNetW4CleanAuxExDnRcK5AcQdEma,minbias,0,test,66.689125,67.64474487304688,0.014329469926875227,2,40mm,4.8511734
SubNetW4CleanAuxExDnRcK5AcQdEma,minbias,0,test,40.208904,47.19877624511719,0.17383890723448925,1,30mm,2.5530703
SubNetW4CleanAuxExDnRcK5AcQdEma,minbias,0,test,21.875107,22.00537872314453,0.0059552583099831136,2,40mm,2.385162
SubNetW4CleanAuxExDnRcK5AcQdEma,minbias,0,test,91.02286,84.3500747680664,-0.07330887064030922,0,15mm,2.303089
SubNetW4CleanAuxExDnRcK5AcQdEma,minbias,0,test,36.944386,33.80146026611328,-0.0850717969045971,2,40mm,4.9992247
SubNetW4CleanAuxExDnRcK5AcQdEma,minbias,0,test,23.685959,23.058895111083984,-0.026474070771888902,3,60mm,2.9343748
SubNetW4CleanAuxExDnRcK5AcQdEma,minbias,0,test,15.64054,16.04743003845215,0.026015080826290005,3,60mm,2.6724093
SubNetW4CleanAuxExDnRcK5AcQdEma,minbias,0,test,53.656902,51.45872116088867,-0.04096735103177307,2,40mm,4.9025836
SubNetW4CleanAuxExDnRcK5AcQdEma,minbias,0,test,14.598693,14.670548439025879,0.004922053334895926,2,40mm,2.7157354
SubNetW4CleanAuxExDnRcK5AcQdEma,minbias,0,test,13.3841915,13.368680000305176,-0.0011589428275298186,3,60mm,2.0193224
SubNetW4CleanAuxExDnRcK5AcQdEma,minbias,0,test,31.990486,31.917579650878906,-0.0022790055083916627,0,15mm,0.8810346
SubNetW4CleanAuxExDnRcK5AcQdEma,minbias,0,test,21.690556,20.570098876953125,-0.05165643138143905,3,60mm,3.40788
SubNetW4CleanAuxExDnRcK5AcQdEma,minbias,0,test,6.1872067,6.351096153259277,0.026488432480473056,4,120mm,1.2989075
SubNetW4CleanAuxExDnRcK5AcQdEma,minbias,0,test,10.585731,10.520713806152344,-0.006141923431498664,4,120mm,2.518497
SubNetW4CleanAuxExDnRcK5AcQdEma,minbias,0,test,10.353275,9.661638259887695,-0.06680369440640166,4,120mm,2.368821
SubNetW4CleanAuxExDnRcK5AcQdEma,minbias,0,test,26.825918,25.694454193115234,-0.042178015909124955,1,30mm,1.3066655
SubNetW4CleanAuxExDnRcK5AcQdEma,minbias,0,test,43.141853,41.6381721496582,-0.03485434831164014,3,60mm,4.453866
SubNetW4CleanAuxExDnRcK5AcQdEma,minbias,0,test,25.575047,25.825260162353516,0.009783506069571235,2,40mm,4.824215
SubNetW4CleanAuxExDnRcK5AcQdEma,minbias,0,test,24.196442,28.769027709960938,0.18897762429859166,0,15mm,1.049608
SubNetW4CleanAuxExDnRcK5AcQdEma,minbias,0,test,3.631623,4.6279072761535645,0.27433581026843856,3,60mm,0.67617583
SubNetW4CleanAuxExDnRcK5AcQdEma,minbias,0,test,23.872007,25.374479293823242,0.06293865030037615,3,60mm,3.8939192
SubNetW4CleanAuxExDnRcK5AcQdEma,minbias,0,test,6.4957337,6.497004985809326,0.00019570504504251574,2,40mm,1.0519986
SubNetW4CleanAuxExDnRcK5AcQdEma,minbias,0,test,9.535327,8.281172752380371,-0.13152713177906916,3,60mm,0.97866434
SubNetW4CleanAuxExDnRcK5AcQdEma,minbias,0,test,40.724606,39.16694259643555,-0.038248693693562874,1,30mm,3.0439513
SubNetW4CleanAuxExDnRcK5AcQdEma,minbias,0,test,14.128773,14.158856391906738,0.0021292476617762457,1,30mm,1.4119298
SubNetW4CleanAuxExDnRcK5AcQdEma,minbias,0,test,8.56376,7.986307621002197,-0.06742975001650942,2,40mm,1.3386433
SubNetW4CleanAuxExDnRcK5AcQdEma,minbias,0,test,10.921935,10.131895065307617,-0.07233516865649792,3,60mm,1.5742757
SubNetW4CleanAuxExDnRcK5AcQdEma,minbias,0,test,15.5507555,15.0911283493042,-0.02955658015881002,4,120mm,3.3097289
SubNetW4CleanAuxExDnRcK5AcQdEma,minbias,0,test,28.36675,30.921680450439453,0.09006776132912986,2,40mm,1.7925222
SubNetW4CleanAuxExDnRcK5AcQdEma,minbias,0,test,12.632283,14.030756950378418,0.11070633204561497,1,30mm,1.0383612
SubNetW4CleanAuxExDnRcK5AcQdEma,minbias,0,test,16.196447,16.365232467651367,0.010421118368345805,2,40mm,1.6390342
SubNetW4CleanAuxExDnRcK5AcQdEma,minbias,0,test,45.07654,45.10498809814453,0.000631064325486097,2,40mm,3.4785879
SubNetW4CleanAuxExDnRcK5AcQdEma,minbias,0,test,92.565506,92.36487579345703,-0.002167440083226002,1,30mm,4.0229874
SubNetW4CleanAuxExDnRcK5AcQdEma,minbias,0,test,10.858624,10.768882751464844,-0.008264555717224509,1,30mm,1.0983804
SubNetW4CleanAuxExDnRcK5AcQdEma,minbias,0,test,10.359917,9.806615829467773,-0.053407848176773576,2,40mm,1.0152354
SubNetW4CleanAuxExDnRcK5AcQdEma,minbias,0,test,14.091719,14.14437484741211,0.003736675058969574,3,60mm,2.4624798
SubNetW4CleanAuxExDnRcK5AcQdEma,minbias,0,test,41.36481,41.36280822753906,-4.8415936608092736e-05,0,15mm,1.5346664
SubNetW4CleanAuxExDnRcK5AcQdEma,minbias,0,test,8.183428,8.09684944152832,-0.010579719299014356,3,60mm,1.7158846
SubNetW4CleanAuxExDnRcK5AcQdEma,minbias,0,test,25.207891,23.83759880065918,-0.05435967008658693,2,40mm,4.3504386
SubNetW4CleanAuxExDnRcK5AcQdEma,minbias,0,test,35.84465,37.59318923950195,0.04878103030290126,1,30mm,1.8318938
SubNetW4CleanAuxExDnRcK5AcQdEma,minbias,0,test,15.17066,19.54633140563965,0.2884298627259063,4,120mm,3.290689
SubNetW4CleanAuxExDnRcK5AcQdEma,minbias,0,test,66.78658,67.34490966796875,0.00835986356176277,1,30mm,3.1775901
SubNetW4CleanAuxExDnRcK5AcQdEma,minbias,0,test,9.554728,9.597654342651367,0.004492727614265002,3,60mm,2.1806934
SubNetW4CleanAuxExDnRcK5AcQdEma,minbias,0,test,15.145022,13.159659385681152,-0.13109013345564524,0,15mm,0.6393325
SubNetW4CleanAuxExDnRcK5AcQdEma,minbias,0,test,23.472439,23.876630783081055,0.017219854061954143,4,120mm,4.848589
SubNetW4CleanAuxExDnRcK5AcQdEma,minbias,0,test,18.429434,18.358341217041016,-0.003857557767375175,3,60mm,3.4967186
SubNetW4CleanAuxExDnRcK5AcQdEma,minbias,0,test,22.919067,23.95519256591797,0.04520799933955777,1,30mm,1.7909148
SubNetW4CleanAuxExDnRcK5AcQdEma,minbias,0,test,53.728046,53.466922760009766,-0.004860099606055934,1,30mm,3.9438655
SubNetW4CleanAuxExDnRcK5AcQdEma,minbias,0,test,16.546562,16.301355361938477,-0.014819201112509228,3,60mm,2.1865027
SubNetW4CleanAuxExDnRcK5AcQdEma,minbias,0,test,4.8124356,6.003414154052734,0.24747936790908898,3,60mm,0.6736237
SubNetW4CleanAuxExDnRcK5AcQdEma,minbias,0,test,25.106638,24.80495834350586,-0.012015930279085318,2,40mm,3.3454888
SubNetW4CleanAuxExDnRcK5AcQdEma,minbias,0,test,92.869,89.32730102539062,-0.03813653797083694,0,15mm,2.0226703
SubNetW4CleanAuxExDnRcK5AcQdEma,minbias,0,test,7.8084283,7.675762176513672,-0.01699011710265741,2,40mm,1.4631454
SubNetW4CleanAuxExDnRcK5AcQdEma,minbias,0,test,92.02846,87.7189712524414,-0.046827758495563976,1,30mm,3.526668
SubNetW4CleanAuxExDnRcK5AcQdEma,minbias,0,test,8.877885,8.500494956970215,-0.042508988749440424,3,60mm,1.8136524
SubNetW4CleanAuxExDnRcK5AcQdEma,minbias,0,test,20.851028,21.018800735473633,0.008046235875339258,3,60mm,3.7480679
SubNetW4CleanAuxExDnRcK5AcQdEma,minbias,0,test,58.91993,58.54172897338867,-0.00641888974048499,2,40mm,4.8758883
SubNetW4CleanAuxExDnRcK5AcQdEma,minbias,0,test,24.698036,26.767009735107422,0.0837707712880893,3,60mm,4.884272
SubNetW4CleanAuxExDnRcK5AcQdEma,minbias,0,test,89.84489,88.73114776611328,-0.012396242608682995,0,15mm,4.226324
SubNetW4CleanAuxExDnRcK5AcQdEma,minbias,0,test,78.88146,74.65454864501953,-0.05358563773756664,1,30mm,4.067055
SubNetW4CleanAuxExDnRcK5AcQdEma,minbias,0,test,36.85502,37.630558013916016,0.021042979418344654,3,60mm,4.047708
SubNetW4CleanAuxExDnRcK5AcQdEma,minbias,0,test,9.771695,7.305283069610596,-0.25240370609479557,2,40mm,1.8614949
SubNetW4CleanAuxExDnRcK5AcQdEma,minbias,0,test,49.974407,46.19812774658203,-0.07556426701869423,1,30mm,2.8725228
SubNetW4CleanAuxExDnRcK5AcQdEma,minbias,0,test,11.628625,9.643914222717285,-0.1706745817053139,3,60mm,2.0348074
SubNetW4CleanAuxExDnRcK5AcQdEma,minbias,0,test,51.065323,50.73642349243164,-0.006440757935550989,1,30mm,3.3167622
SubNetW4CleanAuxExDnRcK5AcQdEma,minbias,0,test,21.640285,18.992910385131836,-0.12233549819835499,2,40mm,1.5655596
SubNetW4CleanAuxExDnRcK5AcQdEma,minbias,0,test,31.968225,31.87996482849121,-0.002760886765278747,3,60mm,3.942552
SubNetW4CleanAuxExDnRcK5AcQdEma,minbias,0,test,63.69061,63.16910934448242,-0.008188014562193535,0,15mm,2.1901863
SubNetW4CleanAuxExDnRcK5AcQdEma,minbias,0,test,36.81863,37.09402084350586,0.0074796542773496455,2,40mm,3.7846293
SubNetW4CleanAuxExDnRcK5AcQdEma,minbias,0,test,22.13233,23.72914695739746,0.07214861792107086,3,60mm,3.9705386
SubNetW4CleanAuxExDnRcK5AcQdEma,minbias,0,test,4.7336507,4.486006259918213,-0.0523157370392513,3,60mm,0.800254
SubNetW4CleanAuxExDnRcK5AcQdEma,minbias,0,test,10.186577,9.966649055480957,-0.021589960117587625,3,60mm,1.4211892
SubNetW4CleanAuxExDnRcK5AcQdEma,minbias,0,test,34.48063,34.540775299072266,0.0017443513528763166,3,60mm,4.6050653
SubNetW4CleanAuxExDnRcK5AcQdEma,minbias,0,test,30.962902,31.060264587402344,0.003144489431038844,2,40mm,2.4645975
SubNetW4CleanAuxExDnRcK5AcQdEma,minbias,0,test,97.55822,92.59060668945312,-0.05091947377488548,1,30mm,4.0586658
SubNetW4CleanAuxExDnRcK5AcQdEma,minbias,0,test,57.840816,60.404541015625,0.04432379542774356,1,30mm,3.036706
SubNetW4CleanAuxExDnRcK5AcQdEma,minbias,0,test,49.488903,28.53249740600586,-0.4234566609875313,2,40mm,2.807917
SubNetW4CleanAuxExDnRcK5AcQdEma,minbias,0,test,76.74304,75.11768341064453,-0.02117923057713078,0,15mm,2.5692635
SubNetW4CleanAuxExDnRcK5AcQdEma,minbias,0,test,23.149626,23.12142562866211,-0.0012181686998452568,3,60mm,4.585891
SubNetW4CleanAuxExDnRcK5AcQdEma,minbias,0,test,37.18296,37.207759857177734,0.0006669546099480339,2,40mm,2.708939
SubNetW4CleanAuxExDnRcK5AcQdEma,minbias,0,test,18.543488,17.674219131469727,-0.04687728859360829,3,60mm,4.0352736
SubNetW4CleanAuxExDnRcK5AcQdEma,minbias,0,test,16.383894,16.251083374023438,-0.008106167735308034,4,120mm,3.5792806
SubNetW4CleanAuxExDnRcK5AcQdEma,minbias,0,test,68.87615,53.16450119018555,-0.22811452706575897,1,30mm,2.391091
SubNetW4CleanAuxExDnRcK5AcQdEma,minbias,0,test,13.9173355,13.920164108276367,0.0002032427845384266,2,40mm,1.6845772
SubNetW4CleanAuxExDnRcK5AcQdEma,minbias,0,test,51.688114,51.961456298828125,0.005288297647871865,2,40mm,4.1678295
SubNetW4CleanAuxExDnRcK5AcQdEma,minbias,0,test,33.17237,36.549991607666016,0.10182029816679927,1,30mm,2.609897
SubNetW4CleanAuxExDnRcK5AcQdEma,minbias,0,test,29.086159,32.14211654663086,0.10506570565743556,1,30mm,2.2228043
SubNetW4CleanAuxExDnRcK5AcQdEma,minbias,0,test,12.521477,12.447876930236816,-0.0058778862001627186,4,120mm,2.7447047
SubNetW4CleanAuxExDnRcK5AcQdEma,minbias,0,test,18.23922,18.238420486450195,-4.3816516923644855e-05,4,120mm,4.277815
SubNetW4CleanAuxExDnRcK5AcQdEma,minbias,0,test,36.636925,20.325124740600586,-0.4452284168822853,1,30mm,1.2797077
SubNetW4CleanAuxExDnRcK5AcQdEma,minbias,0,test,25.231253,25.962114334106445,0.028966523119916765,1,30mm,2.0229201
SubNetW4CleanAuxExDnRcK5AcQdEma,minbias,0,test,51.166416,53.47896194458008,0.04519655566191205,0,15mm,1.8972375
SubNetW4CleanAuxExDnRcK5AcQdEma,minbias,0,test,12.895471,13.484192848205566,0.04565341168140735,3,60mm,2.3515089
SubNetW4CleanAuxExDnRcK5AcQdEma,minbias,0,test,20.823252,20.69632339477539,-0.006095509536582111,3,60mm,2.4812112
SubNetW4CleanAuxExDnRcK5AcQdEma,minbias,0,test,25.200016,25.313129425048828,0.0044886242620949535,3,60mm,3.1565902
SubNetW4CleanAuxExDnRcK5AcQdEma,minbias,0,test,30.331251,29.5660343170166,-0.02522866016140668,2,40mm,3.7612994
SubNetW4CleanAuxExDnRcK5AcQdEma,minbias,0,test,24.079962,24.558032989501953,0.01985348719409008,3,60mm,3.9312532
SubNetW4CleanAuxExDnRcK5AcQdEma,minbias,0,test,8.281315,8.206510543823242,-0.0090329020676706,3,60mm,1.2627848
SubNetW4CleanAuxExDnRcK5AcQdEma,minbias,0,test,8.005655,7.517922878265381,-0.06092348381769197,3,60mm,1.2120302
SubNetW4CleanAuxExDnRcK5AcQdEma,minbias,0,test,40.12276,37.146644592285156,-0.07417525920710144,1,30mm,2.0353541
SubNetW4CleanAuxExDnRcK5AcQdEma,minbias,0,test,22.580563,22.832305908203125,0.011148673361423,2,40mm,2.9912214
SubNetW4CleanAuxExDnRcK5AcQdEma,minbias,0,test,15.830174,15.73393440246582,-0.0060795314649113585,3,60mm,2.3874297
SubNetW4CleanAuxExDnRcK5AcQdEma,minbias,0,test,8.924203,8.557217597961426,-0.04112247607720054,2,40mm,1.9728466
SubNetW4CleanAuxExDnRcK5AcQdEma,minbias,0,test,6.529431,6.4581403732299805,-0.01091833185340263,3,60mm,0.98615897
SubNetW4CleanAuxExDnRcK5AcQdEma,minbias,0,test,15.714786,16.503196716308594,0.050170022151155624,3,60mm,2.508049
SubNetW4CleanAuxExDnRcK5AcQdEma,minbias,0,test,46.4921,44.72364044189453,-0.038037845765684475,3,60mm,4.6464963
SubNetW4CleanAuxExDnRcK5AcQdEma,minbias,0,test,9.109331,8.934730529785156,-0.019167225198616467,2,40mm,0.7472468
SubNetW4CleanAuxExDnRcK5AcQdEma,minbias,0,test,23.080833,22.857221603393555,-0.009688204383702326,3,60mm,2.46925
SubNetW4CleanAuxExDnRcK5AcQdEma,minbias,0,test,17.229109,16.481163024902344,-0.04341175122591956,1,30mm,1.4418371
SubNetW4CleanAuxExDnRcK5AcQdEma,minbias,0,test,18.774212,17.42827796936035,-0.07169056802667939,2,40mm,1.2183183
SubNetW4CleanAuxExDnRcK5AcQdEma,minbias,0,test,34.014526,42.81532287597656,0.2587364120195086,1,30mm,1.37732
SubNetW4CleanAuxExDnRcK5AcQdEma,minbias,0,test,57.94064,59.36973571777344,0.02466483342880954,0,15mm,2.0658224
SubNetW4CleanAuxExDnRcK5AcQdEma,minbias,0,test,22.09257,21.96520233154297,-0.005765151967099036,3,60mm,2.9214976
SubNetW4CleanAuxExDnRcK5AcQdEma,minbias,0,test,54.567505,53.001041412353516,-0.028706892019766617,2,40mm,4.914349
SubNetW4CleanAuxExDnRcK5AcQdEma,minbias,0,test,8.77246,9.468438148498535,0.07933671580788837,3,60mm,2.086364
SubNetW4CleanAuxExDnRcK5AcQdEma,minbias,0,test,21.672375,21.55253028869629,-0.005529824865263655,3,60mm,3.2401679
SubNetW4CleanAuxExDnRcK5AcQdEma,minbias,0,test,9.070023,9.44411563873291,0.041244997165270636,3,60mm,1.7350556
SubNetW4CleanAuxExDnRcK5AcQdEma,minbias,0,test,75.345726,74.37385559082031,-0.01289881289607897,1,30mm,4.7720075
SubNetW4CleanAuxExDnRcK5AcQdEma,minbias,0,test,35.430534,31.823213577270508,-0.10181389726118983,1,30mm,2.718282
SubNetW4CleanAuxExDnRcK5AcQdEma,minbias,0,test,13.486994,13.332958221435547,-0.011421045389318096,1,30mm,0.7301896
SubNetW4CleanAuxExDnRcK5AcQdEma,minbias,0,test,7.553353,7.037374496459961,-0.06831116561826944,3,60mm,1.3288954
SubNetW4CleanAuxExDnRcK5AcQdEma,minbias,0,test,13.241242,12.969483375549316,-0.020523680846103454,3,60mm,2.7663393
SubNetW4CleanAuxExDnRcK5AcQdEma,minbias,0,test,75.8699,76.05201721191406,0.002400341095810443,1,30mm,4.8436975
SubNetW4CleanAuxExDnRcK5AcQdEma,minbias,0,test,19.011614,19.508033752441406,0.026111402779476434,3,60mm,2.2376833
SubNetW4CleanAuxExDnRcK5AcQdEma,minbias,0,test,41.62308,38.80696105957031,-0.06765765690630421,3,60mm,4.725429
SubNetW4CleanAuxExDnRcK5AcQdEma,minbias,0,test,45.629528,42.42730712890625,-0.07017869905522778,1,30mm,2.4993103
SubNetW4CleanAuxExDnRcK5AcQdEma,minbias,0,test,72.079865,74.4876708984375,0.033404702036019085,1,30mm,3.4844403
SubNetW4CleanAuxExDnRcK5AcQdEma,minbias,0,test,34.211197,34.28467559814453,0.002147796785552547,2,40mm,3.7557082
SubNetW4CleanAuxExDnRcK5AcQdEma,minbias,0,test,25.496023,25.073776245117188,-0.01656128604974283,3,60mm,3.4569876
SubNetW4CleanAuxExDnRcK5AcQdEma,minbias,0,test,7.298052,7.326770305633545,0.00393508736028525,2,40mm,0.7302352
SubNetW4CleanAuxExDnRcK5AcQdEma,minbias,0,test,38.81432,37.64278793334961,-0.030182975999565986,2,40mm,3.3673184
SubNetW4CleanAuxExDnRcK5AcQdEma,minbias,0,test,19.586346,19.12064552307129,-0.02377677578658488,3,60mm,4.316351
SubNetW4CleanAuxExDnRcK5AcQdEma,minbias,0,test,8.687898,8.552544593811035,-0.015579498439119321,2,40mm,1.2347373
SubNetW4CleanAuxExDnRcK5AcQdEma,minbias,0,test,54.464466,52.31657791137695,-0.03943650489198658,1,30mm,4.522692
SubNetW4CleanAuxExDnRcK5AcQdEma,minbias,0,test,21.865389,20.40854835510254,-0.06662769748950625,1,30mm,1.3122793
SubNetW4CleanAuxExDnRcK5AcQdEma,minbias,0,test,9.801191,9.061983108520508,-0.07542024194306396,4,120mm,2.0385885
SubNetW4CleanAuxExDnRcK5AcQdEma,minbias,0,test,82.401024,82.94020080566406,0.006543328172754048,0,15mm,4.664096
SubNetW4CleanAuxExDnRcK5AcQdEma,minbias,0,test,9.406484,9.306992530822754,-0.01057686624295262,3,60mm,0.9448318
SubNetW4CleanAuxExDnRcK5AcQdEma,minbias,0,test,69.25178,69.47611236572266,0.003239407339608702,1,30mm,4.7132525
SubNetW4CleanAuxExDnRcK5AcQdEma,minbias,0,test,8.002258,10.652918815612793,0.33123905967553724,2,40mm,0.55259866
SubNetW4CleanAuxExDnRcK5AcQdEma,minbias,0,test,11.279923,11.166083335876465,-0.010092276225524222,3,60mm,1.9001204
SubNetW4CleanAuxExDnRcK5AcQdEma,minbias,0,test,71.413994,70.73262023925781,-0.009541177570343118,1,30mm,3.8232305
SubNetW4CleanAuxExDnRcK5AcQdEma,minbias,0,test,29.637344,27.87334442138672,-0.05951950071898815,1,30mm,1.2869893
SubNetW4CleanAuxExDnRcK5AcQdEma,minbias,0,test,30.105919,29.530763626098633,-0.019104391411852384,2,40mm,2.3624704
SubNetW4CleanAuxExDnRcK5AcQdEma,minbias,0,test,7.484313,7.414910316467285,-0.009273088204431512,4,120mm,1.7913815
SubNetW4CleanAuxExDnRcK5AcQdEma,minbias,0,test,4.8665786,4.243638515472412,-0.12800369980075355,2,40mm,0.7981254
SubNetW4CleanAuxExDnRcK5AcQdEma,minbias,0,test,49.982677,49.45187759399414,-0.010619676509935894,2,40mm,3.6489182
SubNetW4CleanAuxExDnRcK5AcQdEma,minbias,0,test,25.242239,24.787443161010742,-0.018017254231327717,3,60mm,4.8883705
SubNetW4CleanAuxExDnRcK5AcQdEma,minbias,0,test,49.408726,48.7654914855957,-0.013018636755251056,2,40mm,3.7993665
SubNetW4CleanAuxExDnRcK5AcQdEma,minbias,0,test,8.014243,10.99761962890625,0.3722592958708011,3,60mm,1.0452936
SubNetW4CleanAuxExDnRcK5AcQdEma,minbias,0,test,78.423416,79.4817886352539,0.013495618396682785,1,30mm,4.5160584
SubNetW4CleanAuxExDnRcK5AcQdEma,minbias,0,test,30.3078,30.87331199645996,0.01865894911622501,2,40mm,2.1521313
SubNetW4CleanAuxExDnRcK5AcQdEma,minbias,0,test,23.9103,23.92415428161621,0.0005794565887380365,3,60mm,4.816441
SubNetW4CleanAuxExDnRcK5AcQdEma,minbias,0,test,81.905266,83.21969604492188,0.016048177413842568,1,30mm,4.51395
SubNetW4CleanAuxExDnRcK5AcQdEma,minbias,0,test,47.646404,47.27423095703125,-0.007811152070271943,2,40mm,4.4736643
SubNetW4CleanAuxExDnRcK5AcQdEma,minbias,0,test,64.30777,65.71599578857422,0.021898225021675266,0,15mm,2.8795435
SubNetW4CleanAuxExDnRcK5AcQdEma,minbias,0,test,87.06142,79.83674621582031,-0.08298360732164589,0,15mm,2.9908588
SubNetW4CleanAuxExDnRcK5AcQdEma,minbias,0,test,15.556424,15.212271690368652,-0.02212285081994081,3,60mm,2.3537118
SubNetW4CleanAuxExDnRcK5AcQdEma,minbias,0,test,26.13382,27.48052978515625,0.051531319444201085,2,40mm,4.281231
SubNetW4CleanAuxExDnRcK5AcQdEma,minbias,0,test,16.48344,16.69414710998535,0.012782932792722024,4,120mm,3.7796512
SubNetW4CleanAuxExDnRcK5AcQdEma,minbias,0,test,89.371704,91.13465118408203,0.019726009481883855,0,15mm,2.3691428
SubNetW4CleanAuxExDnRcK5AcQdEma,minbias,0,test,45.142204,50.246238708496094,0.11306568885387036,1,30mm,2.5918381
SubNetW4CleanAuxExDnRcK5AcQdEma,minbias,0,test,49.535637,47.878387451171875,-0.03345570087182059,2,40mm,4.8152866
SubNetW4CleanAuxExDnRcK5AcQdEma,minbias,0,test,18.45783,18.194164276123047,-0.014284785742680772,3,60mm,2.8242216
SubNetW4CleanAuxExDnRcK5AcQdEma,minbias,0,test,22.290564,22.514265060424805,0.01003570305497492,2,40mm,2.405677
SubNetW4CleanAuxExDnRcK5AcQdEma,minbias,0,test,32.348972,35.23809051513672,0.08931097303341984,1,30mm,1.9578482
SubNetW4CleanAuxExDnRcK5AcQdEma,minbias,0,test,25.195398,24.084484100341797,-0.04409194948085282,3,60mm,2.6358514
SubNetW4CleanAuxExDnRcK5AcQdEma,minbias,0,test,58.7408,56.654483795166016,-0.035517309813886344,1,30mm,3.2991161
SubNetW4CleanAuxExDnRcK5AcQdEma,minbias,0,test,9.28579,8.982393264770508,-0.03267327434304523,3,60mm,1.3413457
SubNetW4CleanAuxExDnRcK5AcQdEma,minbias,0,test,20.755852,20.63666534423828,-0.0057423035598827,2,40mm,2.706096
SubNetW4CleanAuxExDnRcK5AcQdEma,minbias,0,test,20.514214,20.514389038085938,8.55387771458993e-06,3,60mm,4.8624315
SubNetW4CleanAuxExDnRcK5AcQdEma,minbias,0,test,19.844841,19.47897720336914,-0.01843621725091238,3,60mm,4.685815
SubNetW4CleanAuxExDnRcK5AcQdEma,minbias,0,test,11.325896,11.116535186767578,-0.01848516633837327,3,60mm,2.1317642
SubNetW4CleanAuxExDnRcK5AcQdEma,minbias,0,test,52.164402,51.088253021240234,-0.02062994964746645,1,30mm,3.200682
SubNetW4CleanAuxExDnRcK5AcQdEma,minbias,0,test,47.04405,45.67810821533203,-0.02903534332361768,1,30mm,2.8259797
SubNetW4CleanAuxExDnRcK5AcQdEma,minbias,0,test,50.58804,47.46055603027344,-0.06182258504431415,2,40mm,3.9592798
SubNetW4CleanAuxExDnRcK5AcQdEma,minbias,0,test,2.5126755,2.38032603263855,-0.0526727346479835,4,120mm,0.5800133
SubNetW4CleanAuxExDnRcK5AcQdEma,minbias,0,test,51.920002,48.179664611816406,-0.07204039346925617,2,40mm,3.4331799
SubNetW4CleanAuxExDnRcK5AcQdEma,minbias,0,test,5.7706614,6.292907238006592,0.09050017873146765,2,40mm,0.62797225
SubNetW4CleanAuxExDnRcK5AcQdEma,minbias,0,test,39.407177,40.486427307128906,0.027387151748415217,0,15mm,1.1445378
SubNetW4CleanAuxExDnRcK5AcQdEma,minbias,0,test,39.059975,38.19099807739258,-0.022247239030491972,1,30mm,2.8301303
SubNetW4CleanAuxExDnRcK5AcQdEma,minbias,0,test,68.12379,66.21874237060547,-0.02796445473188236,0,15mm,1.9643977
SubNetW4CleanAuxExDnRcK5AcQdEma,minbias,0,test,15.135525,15.512062072753906,0.024877718428898188,2,40mm,2.3794963
SubNetW4CleanAuxExDnRcK5AcQdEma,minbias,0,test,78.729935,78.35161590576172,-0.004805272455760012,0,15mm,3.6438732
SubNetW4CleanAuxExDnRcK5AcQdEma,minbias,0,test,61.839336,62.49625015258789,0.010622910846348255,0,15mm,3.5059855
SubNetW4CleanAuxExDnRcK5AcQdEma,minbias,0,test,30.072706,28.203706741333008,-0.06214936119718706,1,30mm,2.3986816
SubNetW4CleanAuxExDnRcK5AcQdEma,minbias,0,test,61.81776,61.754573822021484,-0.0010221438795247062,1,30mm,2.7852285
SubNetW4CleanAuxExDnRcK5AcQdEma,minbias,0,test,41.966106,39.6278190612793,-0.055718472674207264,3,60mm,4.5657606
SubNetW4CleanAuxExDnRcK5AcQdEma,minbias,0,test,71.2268,73.26699829101562,0.028643703045864388,0,15mm,2.0469573
SubNetW4CleanAuxExDnRcK5AcQdEma,minbias,0,test,12.290462,13.012983322143555,0.0587871968482907,4,120mm,2.9194798
SubNetW4CleanAuxExDnRcK5AcQdEma,minbias,0,test,33.299625,33.439823150634766,0.004210190121839208,3,60mm,4.576044
SubNetW4CleanAuxExDnRcK5AcQdEma,minbias,0,test,51.911026,50.38414764404297,-0.029413372737130405,2,40mm,4.819794
SubNetW4CleanAuxExDnRcK5AcQdEma,minbias,0,test,56.01259,56.4172477722168,0.0072244344007272865,1,30mm,4.219554
SubNetW4CleanAuxExDnRcK5AcQdEma,minbias,0,test,12.16409,12.332193374633789,0.013819629410426915,3,60mm,1.502419
SubNetW4CleanAuxExDnRcK5AcQdEma,minbias,0,test,15.279801,15.051121711730957,-0.014966140688887575,3,60mm,2.6682835
SubNetW4CleanAuxExDnRcK5AcQdEma,minbias,0,test,45.719395,45.216915130615234,-0.01099051194132028,2,40mm,4.378497
SubNetW4CleanAuxExDnRcK5AcQdEma,minbias,0,test,35.77427,34.018123626708984,-0.049089625624199607,2,40mm,2.7410572
SubNetW4CleanAuxExDnRcK5AcQdEma,minbias,0,test,27.711967,28.20115852355957,0.01765270025876431,2,40mm,2.3542774
SubNetW4CleanAuxExDnRcK5AcQdEma,minbias,0,test,18.95035,20.349824905395508,0.07384956540932608,2,40mm,1.8236225
SubNetW4CleanAuxExDnRcK5AcQdEma,minbias,0,test,98.22086,93.38784790039062,-0.04920558909212791,0,15mm,3.7842765
SubNetW4CleanAuxExDnRcK5AcQdEma,minbias,0,test,19.81115,20.368227005004883,0.028119388282068725,3,60mm,3.1909745
SubNetW4CleanAuxExDnRcK5AcQdEma,minbias,0,test,9.40049,8.7415189743042,-0.07009962739653985,3,60mm,1.5267335
SubNetW4CleanAuxExDnRcK5AcQdEma,minbias,0,test,13.996202,14.030683517456055,0.0024636002987719063,4,120mm,3.2681851
SubNetW4CleanAuxExDnRcK5AcQdEma,minbias,0,test,47.956905,49.49348831176758,0.03204091121148722,1,30mm,3.0548975
SubNetW4CleanAuxExDnRcK5AcQdEma,minbias,0,test,30.273413,30.429378509521484,0.005151906941456064,3,60mm,3.552996
SubNetW4CleanAuxExDnRcK5AcQdEma,minbias,0,test,83.236305,80.70710754394531,-0.030385751574090736,0,15mm,2.243048
SubNetW4CleanAuxExDnRcK5AcQdEma,minbias,0,test,13.776683,13.621989250183105,-0.011228653889937878,4,120mm,2.9925232
SubNetW4CleanAuxExDnRcK5AcQdEma,minbias,0,test,98.00347,96.66826629638672,-0.013624059019528345,1,30mm,4.285702
SubNetW4CleanAuxExDnRcK5AcQdEma,minbias,0,test,8.873145,8.919805526733398,0.0052586115446982,2,40mm,0.75018543
SubNetW4CleanAuxExDnRcK5AcQdEma,minbias,0,test,58.27576,56.721031188964844,-0.026678836008517837,2,40mm,4.005774
SubNetW4CleanAuxExDnRcK5AcQdEma,minbias,0,test,69.977875,77.20963287353516,0.10334349453889713,1,30mm,3.5929449
SubNetW4CleanAuxExDnRcK5AcQdEma,minbias,0,test,28.750837,28.19137191772461,-0.01945909964223158,1,30mm,1.5153515
SubNetW4CleanAuxExDnRcK5AcQdEma,minbias,0,test,28.828451,28.831398010253906,0.00010222032469542341,3,60mm,4.331032
SubNetW4CleanAuxExDnRcK5AcQdEma,minbias,0,test,14.120093,13.7002592086792,-0.029733099256915696,2,40mm,1.0121405
SubNetW4CleanAuxExDnRcK5AcQdEma,minbias,0,test,7.784875,7.707427978515625,-0.009948385606183385,3,60mm,1.7793534
SubNetW4CleanAuxExDnRcK5AcQdEma,minbias,0,test,15.997877,15.488964080810547,-0.031811285729529515,3,60mm,2.6764624
SubNetW4CleanAuxExDnRcK5AcQdEma,minbias,0,test,17.19018,16.215017318725586,-0.05672788278194818,3,60mm,2.9376972
SubNetW4CleanAuxExDnRcK5AcQdEma,minbias,0,test,2.743932,2.821601152420044,0.028305782879922692,3,60mm,0.5961513
SubNetW4CleanAuxExDnRcK5AcQdEma,minbias,0,test,37.876102,39.264190673828125,0.03664812735793044,2,40mm,4.9048514
SubNetW4CleanAuxExDnRcK5AcQdEma,minbias,0,test,16.452274,16.390689849853516,-0.0037432194144727537,2,40mm,2.0944734
SubNetW4CleanAuxExDnRcK5AcQdEma,minbias,0,test,66.567116,66.74478912353516,0.002669085745296451,1,30mm,3.6408298
SubNetW4CleanAuxExDnRcK5AcQdEma,minbias,0,test,97.774864,93.03494262695312,-0.04847791514478472,1,30mm,4.7031956
SubNetW4CleanAuxExDnRcK5AcQdEma,minbias,0,test,9.103661,9.054312705993652,-0.005420663155204175,4,120mm,2.0508728
SubNetW4CleanAuxExDnRcK5AcQdEma,minbias,0,test,20.934944,20.86016082763672,-0.0035721769616087196,2,40mm,1.5542125
SubNetW4CleanAuxExDnRcK5AcQdEma,minbias,0,test,17.517704,17.851634979248047,0.01906248496078433,3,60mm,3.881455
SubNetW4CleanAuxExDnRcK5AcQdEma,minbias,0,test,5.190084,6.127753257751465,0.18066553078972225,2,40mm,0.68716645
SubNetW4CleanAuxExDnRcK5AcQdEma,minbias,0,test,21.352362,21.144315719604492,-0.009743463631777916,3,60mm,3.4157753
SubNetW4CleanAuxExDnRcK5AcQdEma,minbias,0,test,25.54958,24.55864906311035,-0.038784612975051425,0,15mm,0.79507786
SubNetW4CleanAuxExDnRcK5AcQdEma,minbias,0,test,97.662895,99.69966125488281,0.02085506525298153,1,30mm,4.5302563
SubNetW4CleanAuxExDnRcK5AcQdEma,minbias,0,test,18.054605,17.846355438232422,-0.01153445562467803,2,40mm,1.6683896
SubNetW4CleanAuxExDnRcK5AcQdEma,minbias,0,test,28.22083,27.722387313842773,-0.01766225824375134,3,60mm,4.072838
SubNetW4CleanAuxExDnRcK5AcQdEma,minbias,0,test,33.66994,32.109317779541016,-0.04635063575944498,0,15mm,0.95497
SubNetW4CleanAuxExDnRcK5AcQdEma,minbias,0,test,32.02411,31.046483993530273,-0.030527778201313915,2,40mm,3.9673178
SubNetW4CleanAuxExDnRcK5AcQdEma,minbias,0,test,8.250966,8.528462409973145,0.033631981451183623,4,120mm,1.9092017
SubNetW4CleanAuxExDnRcK5AcQdEma,minbias,0,test,11.711843,11.038962364196777,-0.0574529729722687,1,30mm,0.53469867
SubNetW4CleanAuxExDnRcK5AcQdEma,minbias,0,test,72.014565,71.53131866455078,-0.006710390500443197,1,30mm,4.5363593
SubNetW4CleanAuxExDnRcK5AcQdEma,minbias,0,test,40.084984,39.778289794921875,-0.0076510952853424685,2,40mm,3.7504478
SubNetW4CleanAuxExDnRcK5AcQdEma,minbias,0,test,26.504616,27.090160369873047,0.022092174093764294,1,30mm,1.5633467
SubNetW4CleanAuxExDnRcK5AcQdEma,minbias,0,test,71.910835,72.6590576171875,0.010404862470382303,0,15mm,2.1982841
SubNetW4CleanAuxExDnRcK5AcQdEma,minbias,0,test,15.575257,15.218460083007812,-0.022907950181489056,3,60mm,2.128247
SubNetW4CleanAuxExDnRcK5AcQdEma,minbias,0,test,66.3912,68.05293273925781,0.02502945578081972,0,15mm,2.8592978
SubNetW4CleanAuxExDnRcK5AcQdEma,minbias,0,test,5.23566,5.055802822113037,-0.034352355082775676,3,60mm,1.1723512
SubNetW4CleanAuxExDnRcK5AcQdEma,minbias,0,test,5.260033,5.8552327156066895,0.11315510191242217,3,60mm,1.1582952
SubNetW4CleanAuxExDnRcK5AcQdEma,minbias,0,test,23.687605,25.596149444580078,0.08057144435353636,3,60mm,3.832522
SubNetW4CleanAuxExDnRcK5AcQdEma,minbias,0,test,25.413416,24.182619094848633,-0.048430986939382636,3,60mm,2.8302386
SubNetW4CleanAuxExDnRcK5AcQdEma,minbias,0,test,40.993114,39.98893356323242,-0.024496331180272946,2,40mm,3.9879246
SubNetW4CleanAuxExDnRcK5AcQdEma,minbias,0,test,14.881401,14.500524520874023,-0.025594131866385372,2,40mm,0.9945454
SubNetW4CleanAuxExDnRcK5AcQdEma,minbias,0,test,8.648591,8.770386695861816,0.01408271633050151,3,60mm,1.6710477
SubNetW4CleanAuxExDnRcK5AcQdEma,minbias,0,test,13.753336,13.98417854309082,0.01678447986182774,2,40mm,1.3134284
SubNetW4CleanAuxExDnRcK5AcQdEma,minbias,0,test,33.991554,34.07251739501953,0.002381860333473984,2,40mm,3.2302015
SubNetW4CleanAuxExDnRcK5AcQdEma,minbias,0,test,27.825752,27.578048706054688,-0.008901953483475,2,40mm,3.0341716
SubNetW4CleanAuxExDnRcK5AcQdEma,minbias,0,test,55.864162,55.281734466552734,-0.01042578914681358,2,40mm,4.3705
SubNetW4CleanAuxExDnRcK5AcQdEma,minbias,0,test,16.706144,16.418806076049805,-0.01719955551146035,1,30mm,0.81075996
SubNetW4CleanAuxExDnRcK5AcQdEma,minbias,0,test,71.76538,80.3226089477539,0.11923894203455676,1,30mm,3.578711
SubNetW4CleanAuxExDnRcK5AcQdEma,minbias,0,test,19.364737,19.38570213317871,0.0010826677713975386,2,40mm,1.9806805
SubNetW4CleanAuxExDnRcK5AcQdEma,minbias,0,test,8.588029,8.73617172241211,0.01724992035158346,2,40mm,1.1718644
SubNetW4CleanAuxExDnRcK5AcQdEma,minbias,0,test,36.49934,36.27860641479492,-0.006047606401407668,2,40mm,3.873311
SubNetW4CleanAuxExDnRcK5AcQdEma,minbias,0,test,12.299099,12.092020988464355,-0.016836841509428102,3,60mm,2.9527004
SubNetW4CleanAuxExDnRcK5AcQdEma,minbias,0,test,16.095453,16.7564754486084,0.04106887675082738,4,120mm,3.4619977
SubNetW4CleanAuxExDnRcK5AcQdEma,minbias,0,test,58.39408,59.51482391357422,0.01919274653248726,2,40mm,4.221162
SubNetW4CleanAuxExDnRcK5AcQdEma,minbias,0,test,13.7330065,14.17215347290039,0.03197748404681322,3,60mm,2.0734603
SubNetW4CleanAuxExDnRcK5AcQdEma,minbias,0,test,21.891054,24.710403442382812,0.1287900193923317,3,60mm,2.7965372
SubNetW4CleanAuxExDnRcK5AcQdEma,minbias,0,test,21.5643,20.21092414855957,-0.06276004112541556,2,40mm,1.6876624
SubNetW4CleanAuxExDnRcK5AcQdEma,minbias,0,test,17.083586,16.6763973236084,-0.023835067283008438,3,60mm,3.2235188
SubNetW4CleanAuxExDnRcK5AcQdEma,minbias,0,test,35.24033,34.83366394042969,-0.01153978424646529,3,60mm,4.692756
SubNetW4CleanAuxExDnRcK5AcQdEma,minbias,0,test,27.824602,31.976404190063477,0.14921334882083714,1,30mm,1.5968765
SubNetW4CleanAuxExDnRcK5AcQdEma,minbias,0,test,88.58791,85.81969451904297,-0.031248269480109836,1,30mm,3.4737182
SubNetW4CleanAuxExDnRcK5AcQdEma,minbias,0,test,12.817655,12.3893461227417,-0.033415511650236596,3,60mm,2.9502068
SubNetW4CleanAuxExDnRcK5AcQdEma,minbias,0,test,98.839386,95.78019714355469,-0.03095111136360762,0,15mm,2.888753
SubNetW4CleanAuxExDnRcK5AcQdEma,minbias,0,test,14.083431,14.335165977478027,0.017874531371084856,3,60mm,2.020432
SubNetW4CleanAuxExDnRcK5AcQdEma,minbias,0,test,10.024637,8.17149829864502,-0.18485845248589317,2,40mm,0.7061074
SubNetW4CleanAuxExDnRcK5AcQdEma,minbias,0,test,66.6161,65.21064758300781,-0.021097737446179043,0,15mm,2.337584
SubNetW4CleanAuxExDnRcK5AcQdEma,minbias,0,test,38.761005,56.205284118652344,0.4500471165878437,0,15mm,1.7638333
SubNetW4CleanAuxExDnRcK5AcQdEma,minbias,0,test,23.069939,22.742155075073242,-0.01420825557580585,3,60mm,3.4273896
SubNetW4CleanAuxExDnRcK5AcQdEma,minbias,0,test,11.953196,11.481012344360352,-0.039502677313262624,3,60mm,1.5047477
SubNetW4CleanAuxExDnRcK5AcQdEma,minbias,0,test,20.719097,20.871482849121094,0.0073548432472221315,3,60mm,4.5013075
SubNetW4CleanAuxExDnRcK5AcQdEma,minbias,0,test,27.02276,26.982864379882812,-0.001476385490413401,2,40mm,4.678884
SubNetW4CleanAuxExDnRcK5AcQdEma,minbias,0,test,3.6881187,4.773309230804443,0.2942395904193724,3,60mm,0.66087437
SubNetW4CleanAuxExDnRcK5AcQdEma,minbias,0,test,55.45877,55.39625930786133,-0.0011271696657574326,1,30mm,4.3526115
SubNetW4CleanAuxExDnRcK5AcQdEma,minbias,0,test,13.657968,12.348917007446289,-0.09584519464798769,2,40mm,0.8304548
SubNetW4CleanAuxExDnRcK5AcQdEma,minbias,0,test,59.968903,73.60765075683594,0.22743034440152243,1,30mm,3.431715
SubNetW4CleanAuxExDnRcK5AcQdEma,minbias,0,test,70.03144,86.34803009033203,0.23298948564035427,0,15mm,2.415627
SubNetW4CleanAuxExDnRcK5AcQdEma,minbias,0,test,4.8868046,4.873369216918945,-0.002749314720425833,3,60mm,1.1343529
SubNetW4CleanAuxExDnRcK5AcQdEma,minbias,0,test,31.531107,31.129226684570312,-0.012745517147055074,2,40mm,3.6027327
SubNetW4CleanAuxExDnRcK5AcQdEma,minbias,0,test,56.47441,58.03841781616211,0.02769407909579491,0,15mm,1.4853526
SubNetW4CleanAuxExDnRcK5AcQdEma,minbias,0,test,13.949278,13.035517692565918,-0.06550591315522014,2,40mm,1.9812427
SubNetW4CleanAuxExDnRcK5AcQdEma,minbias,0,test,94.21552,94.90360260009766,0.007303253368263984,1,30mm,3.8889127
SubNetW4CleanAuxExDnRcK5AcQdEma,minbias,0,test,26.371572,26.887096405029297,0.019548470635561976,1,30mm,1.4359504
SubNetW4CleanAuxExDnRcK5AcQdEma,minbias,0,test,41.811222,42.66741943359375,0.02047769270204336,2,40mm,3.5693011
SubNetW4CleanAuxExDnRcK5AcQdEma,minbias,0,test,32.92949,32.265541076660156,-0.02016271969313277,3,60mm,4.4383163
SubNetW4CleanAuxExDnRcK5AcQdEma,minbias,0,test,13.828962,14.92029094696045,0.07891616125491163,1,30mm,1.1673548
SubNetW4CleanAuxExDnRcK5AcQdEma,minbias,0,test,32.06971,30.681474685668945,-0.04328804662656138,1,30mm,1.624617
SubNetW4CleanAuxExDnRcK5AcQdEma,minbias,0,test,11.68691,11.448762893676758,-0.020377224478651423,3,60mm,1.678796
SubNetW4CleanAuxExDnRcK5AcQdEma,minbias,0,test,22.990135,22.391252517700195,-0.02604954995465203,3,60mm,2.8898096
SubNetW4CleanAuxExDnRcK5AcQdEma,minbias,0,test,44.97552,43.93220520019531,-0.02319741633272021,2,40mm,3.1532667
SubNetW4CleanAuxExDnRcK5AcQdEma,minbias,0,test,49.20543,48.61779022216797,-0.011942561339300939,1,30mm,2.1631277
SubNetW4CleanAuxExDnRcK5AcQdEma,minbias,0,test,7.2232895,7.329830169677734,0.014749606821501615,4,120mm,1.4819608
SubNetW4CleanAuxExDnRcK5AcQdEma,minbias,0,test,18.197535,18.27168846130371,0.00407494212456494,2,40mm,3.0729218
SubNetW4CleanAuxExDnRcK5AcQdEma,minbias,0,test,5.142133,5.640134811401367,0.09684727186571385,2,40mm,0.626526
SubNetW4CleanAuxExDnRcK5AcQdEma,minbias,0,test,7.965576,7.732469081878662,-0.029264309946516742,4,120mm,1.8573267
SubNetW4CleanAuxExDnRcK5AcQdEma,minbias,0,test,50.56803,50.45956802368164,-0.0021448983585375947,1,30mm,2.209196
SubNetW4CleanAuxExDnRcK5AcQdEma,minbias,0,test,43.66464,43.04610061645508,-0.01416564808062748,2,40mm,3.004269
SubNetW4CleanAuxExDnRcK5AcQdEma,minbias,0,test,27.636173,27.605487823486328,-0.0011103355203704313,3,60mm,4.559532
SubNetW4CleanAuxExDnRcK5AcQdEma,minbias,0,test,41.604774,33.586570739746094,-0.19272316306271098,1,30mm,4.3557105
SubNetW4CleanAuxExDnRcK5AcQdEma,minbias,0,test,40.10886,46.44227981567383,0.15790575442181254,1,30mm,1.9997655
SubNetW4CleanAuxExDnRcK5AcQdEma,minbias,0,test,11.904282,10.914225578308105,-0.0831680625359702,3,60mm,1.3711472
SubNetW4CleanAuxExDnRcK5AcQdEma,minbias,0,test,43.869427,42.22996139526367,-0.03737147836972299,2,40mm,4.910171
SubNetW4CleanAuxExDnRcK5AcQdEma,minbias,0,test,37.328075,36.332576751708984,-0.02666889857890342,1,30mm,2.520726
SubNetW4CleanAuxExDnRcK5AcQdEma,minbias,0,test,83.079994,83.62324523925781,0.006538891135199343,1,30mm,4.268831
SubNetW4CleanAuxExDnRcK5AcQdEma,minbias,0,test,41.494946,41.32324981689453,-0.004137749960906101,2,40mm,4.813473
SubNetW4CleanAuxExDnRcK5AcQdEma,minbias,0,test,48.10491,46.14728546142578,-0.04069493674037983,2,40mm,3.581227
SubNetW4CleanAuxExDnRcK5AcQdEma,minbias,0,test,8.327482,7.761167526245117,-0.06800551259860577,2,40mm,1.3211471
SubNetW4CleanAuxExDnRcK5AcQdEma,minbias,0,test,26.29278,24.860103607177734,-0.05448934344452505,3,60mm,3.5844953
SubNetW4CleanAuxExDnRcK5AcQdEma,minbias,0,test,53.305943,55.076690673828125,0.03321858791356669,1,30mm,2.511304
SubNetW4CleanAuxExDnRcK5AcQdEma,minbias,0,test,49.844574,46.97426223754883,-0.057585239639577845,2,40mm,4.8628254
SubNetW4CleanAuxExDnRcK5AcQdEma,minbias,0,test,39.33113,38.4714241027832,-0.02185817842532123,3,60mm,4.107924
SubNetW4CleanAuxExDnRcK5AcQdEma,minbias,0,test,4.957986,3.940767765045166,-0.20516760998879557,3,60mm,0.94997144
SubNetW4CleanAuxExDnRcK5AcQdEma,minbias,0,test,8.575091,8.71020221710205,0.015756200068174575,2,40mm,0.8914464
SubNetW4CleanAuxExDnRcK5AcQdEma,minbias,0,test,13.653826,13.176305770874023,-0.03497334720767664,2,40mm,2.773613
SubNetW4CleanAuxExDnRcK5AcQdEma,minbias,0,test,75.02469,74.58968353271484,-0.005798160517635598,1,30mm,4.257759
SubNetW4CleanAuxExDnRcK5AcQdEma,minbias,0,test,23.577518,23.01715850830078,-0.02376670622526067,2,40mm,3.6180303
SubNetW4CleanAuxExDnRcK5AcQdEma,minbias,0,test,93.336975,90.06805419921875,-0.0350227859325557,0,15mm,3.2118142
SubNetW4CleanAuxExDnRcK5AcQdEma,minbias,0,test,31.818047,32.9183235168457,0.03458027960977872,1,30mm,1.2818019
SubNetW4CleanAuxExDnRcK5AcQdEma,minbias,0,test,51.947475,64.57948303222656,0.24316884494385582,1,30mm,3.1565006
SubNetW4CleanAuxExDnRcK5AcQdEma,minbias,0,test,70.84252,59.100921630859375,-0.16574226552427984,2,40mm,4.2003336
SubNetW4CleanAuxExDnRcK5AcQdEma,minbias,0,test,25.236807,25.902381896972656,0.026373187024307132,3,60mm,4.9627557
SubNetW4CleanAuxExDnRcK5AcQdEma,minbias,0,test,23.145489,23.76860237121582,0.026921601839059006,1,30mm,1.2785157
SubNetW4CleanAuxExDnRcK5AcQdEma,minbias,0,test,47.780727,47.593963623046875,-0.003908767690309456,2,40mm,4.865511
SubNetW4CleanAuxExDnRcK5AcQdEma,minbias,0,test,20.973509,20.934864044189453,-0.0018425524767330392,3,60mm,2.617427
SubNetW4CleanAuxExDnRcK5AcQdEma,minbias,0,test,39.95959,40.445011138916016,0.012147777691754236,1,30mm,2.2808745
SubNetW4CleanAuxExDnRcK5AcQdEma,minbias,0,test,13.815525,13.403239250183105,-0.02984221034736312,4,120mm,2.9232569
SubNetW4CleanAuxExDnRcK5AcQdEma,minbias,0,test,70.15109,60.24353790283203,-0.14123165112969838,1,30mm,2.9177966
SubNetW4CleanAuxExDnRcK5AcQdEma,minbias,0,test,11.779924,13.56373119354248,0.15142769523611532,3,60mm,2.8330472
SubNetW4CleanAuxExDnRcK5AcQdEma,minbias,0,test,39.239956,39.29471969604492,0.0013956130348857787,2,40mm,4.346704
SubNetW4CleanAuxExDnRcK5AcQdEma,minbias,0,test,16.268778,16.88539695739746,0.03790199337008793,2,40mm,1.8694131
SubNetW4CleanAuxExDnRcK5AcQdEma,minbias,0,test,38.187107,38.055877685546875,-0.0034364844746841428,2,40mm,3.490693
SubNetW4CleanAuxExDnRcK5AcQdEma,minbias,0,test,43.60862,44.85918045043945,0.028676916843265676,0,15mm,1.9278995
SubNetW4CleanAuxExDnRcK5AcQdEma,minbias,0,test,3.4652965,3.4179463386535645,-0.013664102951685964,3,60mm,0.5758604
SubNetW4CleanAuxExDnRcK5AcQdEma,minbias,0,test,16.41095,15.73701000213623,-0.04106646580034734,3,60mm,2.3190703
SubNetW4CleanAuxExDnRcK5AcQdEma,minbias,0,test,29.684404,29.05997657775879,-0.021035550774755052,2,40mm,2.0197468
SubNetW4CleanAuxExDnRcK5AcQdEma,minbias,0,test,23.506302,25.07647132873535,0.06679780838670846,3,60mm,3.1057687
SubNetW4CleanAuxExDnRcK5AcQdEma,minbias,0,test,31.178707,32.45399475097656,0.04090251796365019,2,40mm,2.513019
SubNetW4CleanAuxExDnRcK5AcQdEma,minbias,0,test,11.1515665,14.38807201385498,0.290228776992568,2,40mm,2.0061939
SubNetW4CleanAuxExDnRcK5AcQdEma,minbias,0,test,18.58282,18.933977127075195,0.018896820712837714,3,60mm,2.0230768
SubNetW4CleanAuxExDnRcK5AcQdEma,minbias,0,test,20.75814,18.918848037719727,-0.08860584215515155,1,30mm,1.9792964
SubNetW4CleanAuxExDnRcK5AcQdEma,minbias,0,test,5.810654,5.870500564575195,0.01029942576723375,2,40mm,0.80673796
SubNetW4CleanAuxExDnRcK5AcQdEma,minbias,0,test,8.816966,7.785520553588867,-0.1169841753486841,3,60mm,1.6951486
SubNetW4CleanAuxExDnRcK5AcQdEma,minbias,0,test,18.60581,18.892108917236328,0.015387599319022671,2,40mm,1.3808565
SubNetW4CleanAuxExDnRcK5AcQdEma,minbias,0,test,25.898285,25.0715389251709,-0.03192280839230055,3,60mm,2.7439525
SubNetW4CleanAuxExDnRcK5AcQdEma,minbias,0,test,90.36206,86.7390365600586,-0.04009452600892138,0,15mm,2.7562518
SubNetW4CleanAuxExDnRcK5AcQdEma,minbias,0,test,23.059,22.587047576904297,-0.02046716848268304,3,60mm,4.383105
SubNetW4CleanAuxExDnRcK5AcQdEma,minbias,0,test,8.775864,11.402271270751953,0.29927625687881965,3,60mm,0.8804059
SubNetW4CleanAuxExDnRcK5AcQdEma,minbias,0,test,42.23129,42.61988067626953,0.00920151329471297,1,30mm,3.6166298
SubNetW4CleanAuxExDnRcK5AcQdEma,minbias,0,test,28.501598,28.2745304107666,-0.007966849596795722,3,60mm,4.4293284
SubNetW4CleanAuxExDnRcK5AcQdEma,minbias,0,test,59.152447,58.796504974365234,-0.006017363474149717,2,40mm,4.4179335
SubNetW4CleanAuxExDnRcK5AcQdEma,minbias,0,test,18.20139,17.899551391601562,-0.01658323526607053,3,60mm,3.5348887
SubNetW4CleanAuxExDnRcK5AcQdEma,minbias,0,test,8.716123,8.844375610351562,0.0147144537287911,4,120mm,1.9380457
SubNetW4CleanAuxExDnRcK5AcQdEma,minbias,0,test,65.80553,62.011383056640625,-0.05765691523341554,1,30mm,2.9639587
SubNetW4CleanAuxExDnRcK5AcQdEma,minbias,0,test,7.225404,8.008625984191895,0.10839839844464083,2,40mm,0.8166825
SubNetW4CleanAuxExDnRcK5AcQdEma,minbias,0,test,13.000593,15.60464859008789,0.2003028144579233,1,30mm,1.0624667
SubNetW4CleanAuxExDnRcK5AcQdEma,minbias,0,test,38.68385,39.22312545776367,0.013940601370373562,1,30mm,2.9110827
SubNetW4CleanAuxExDnRcK5AcQdEma,minbias,0,test,18.961266,17.364593505859375,-0.08420704054374317,3,60mm,1.9729887
SubNetW4CleanAuxExDnRcK5AcQdEma,minbias,0,test,38.247063,37.48944854736328,-0.019808426650155364,3,60mm,4.111275
SubNetW4CleanAuxExDnRcK5AcQdEma,minbias,0,test,36.79265,35.32191848754883,-0.039973470114791465,2,40mm,3.0568035
SubNetW4CleanAuxExDnRcK5AcQdEma,minbias,0,test,18.57153,19.48515510559082,0.049194963864009233,0,15mm,0.84116894
SubNetW4CleanAuxExDnRcK5AcQdEma,minbias,0,test,88.41179,87.05236053466797,-0.015376098844438912,0,15mm,3.9175549
SubNetW4CleanAuxExDnRcK5AcQdEma,minbias,0,test,45.45563,44.68983459472656,-0.016847124112353562,2,40mm,4.7611747
SubNetW4CleanAuxExDnRcK5AcQdEma,minbias,0,test,66.1575,63.59006118774414,-0.03880799585210959,1,30mm,3.5180223
SubNetW4CleanAuxExDnRcK5AcQdEma,minbias,0,test,22.999695,22.798690795898438,-0.008739421538265568,3,60mm,3.0641816
SubNetW4CleanAuxExDnRcK5AcQdEma,minbias,0,test,68.66641,66.42154693603516,-0.0326923358966712,1,30mm,2.881128
SubNetW4CleanAuxExDnRcK5AcQdEma,minbias,0,test,18.084515,17.70816993713379,-0.020810327992613842,3,60mm,3.0609791
SubNetW4CleanAuxExDnRcK5AcQdEma,minbias,0,test,9.868452,9.39099407196045,-0.048382258604757644,3,60mm,1.2726352
SubNetW4CleanAuxExDnRcK5AcQdEma,minbias,0,test,4.590789,4.823747634887695,0.050744828763857885,3,60mm,0.619523
SubNetW4CleanAuxExDnRcK5AcQdEma,minbias,0,test,14.606351,13.935169219970703,-0.045951359338474385,2,40mm,1.3655381
SubNetW4CleanAuxExDnRcK5AcQdEma,minbias,0,test,37.136406,36.51222229003906,-0.016807863844243376,1,30mm,1.7876524
SubNetW4CleanAuxExDnRcK5AcQdEma,minbias,0,test,29.858229,33.840980529785156,0.13338875150749208,1,30mm,1.5450107
SubNetW4CleanAuxExDnRcK5AcQdEma,minbias,0,test,28.964035,28.824386596679688,-0.004821442776712703,3,60mm,4.49009
SubNetW4CleanAuxExDnRcK5AcQdEma,minbias,0,test,10.722915,10.64517879486084,-0.007249512197442964,3,60mm,2.1385045
SubNetW4CleanAuxExDnRcK5AcQdEma,minbias,0,test,14.881604,13.864651679992676,-0.06833621572966198,3,60mm,2.7372777
SubNetW4CleanAuxExDnRcK5AcQdEma,minbias,0,test,3.3846815,3.4836089611053467,0.029228008289153617,3,60mm,0.5760256
SubNetW4CleanAuxExDnRcK5AcQdEma,minbias,0,test,14.168251,13.947209358215332,-0.015601197268156564,4,120mm,3.0787013
SubNetW4CleanAuxExDnRcK5AcQdEma,minbias,0,test,2.3077517,2.3425064086914062,0.015060005711090785,4,120mm,0.50292146
SubNetW4CleanAuxExDnRcK5AcQdEma,minbias,0,test,10.151328,13.316771507263184,0.3118255457145276,2,40mm,1.2816545
SubNetW4CleanAuxExDnRcK5AcQdEma,minbias,0,test,44.057835,44.12810134887695,0.001594874651251077,2,40mm,3.633123
SubNetW4CleanAuxExDnRcK5AcQdEma,minbias,0,test,3.274192,3.472158432006836,0.06046265199840062,3,60mm,0.54366016
SubNetW4CleanAuxExDnRcK5AcQdEma,minbias,0,test,61.17411,60.959022521972656,-0.0035159953969793323,2,40mm,4.891082
SubNetW4CleanAuxExDnRcK5AcQdEma,minbias,0,test,65.415474,65.91370391845703,0.007616393346642436,1,30mm,4.759432
SubNetW4CleanAuxExDnRcK5AcQdEma,minbias,0,test,84.3787,84.74346160888672,0.00432290793092216,0,15mm,2.5774689
SubNetW4CleanAuxExDnRcK5AcQdEma,minbias,0,test,3.492126,3.315657138824463,-0.05053335698316619,3,60mm,0.7826606
SubNetW4CleanAuxExDnRcK5AcQdEma,minbias,0,test,5.526354,5.2160115242004395,-0.05615679362297454,3,60mm,0.94248027
SubNetW4CleanAuxExDnRcK5AcQdEma,minbias,0,test,20.926138,20.771068572998047,-0.007410318700853069,3,60mm,4.030571
SubNetW4CleanAuxExDnRcK5AcQdEma,minbias,0,test,7.5183063,8.084345817565918,0.07528817568761048,2,40mm,0.5556347
SubNetW4CleanAuxExDnRcK5AcQdEma,minbias,0,test,7.987914,7.23946475982666,-0.09369771852336484,3,60mm,1.1289544
SubNetW4CleanAuxExDnRcK5AcQdEma,minbias,0,test,6.83758,8.035446166992188,0.1751885794743102,3,60mm,1.0914297
SubNetW4CleanAuxExDnRcK5AcQdEma,minbias,0,test,56.067265,54.45602035522461,-0.0287376995185028,2,40mm,3.8055286
SubNetW4CleanAuxExDnRcK5AcQdEma,minbias,0,test,26.729904,27.646543502807617,0.0342926529780434,2,40mm,2.1779447
SubNetW4CleanAuxExDnRcK5AcQdEma,minbias,0,test,19.326874,18.470325469970703,-0.04431903054304176,3,60mm,4.0813694
SubNetW4CleanAuxExDnRcK5AcQdEma,minbias,0,test,59.96304,59.70270919799805,-0.004341511084295591,2,40mm,3.9144094
SubNetW4CleanAuxExDnRcK5AcQdEma,minbias,0,test,29.6253,31.82521629333496,0.07425804566246264,3,60mm,4.4255342
SubNetW4CleanAuxExDnRcK5AcQdEma,minbias,0,test,70.69721,70.95252990722656,0.003611425118101197,0,15mm,2.4744713
SubNetW4CleanAuxExDnRcK5AcQdEma,minbias,0,test,28.403864,28.136638641357422,-0.00940806033922681,3,60mm,3.3508058
SubNetW4CleanAuxExDnRcK5AcQdEma,minbias,0,test,75.67887,79.76426696777344,0.053983308031015254,0,15mm,1.9535164
SubNetW4CleanAuxExDnRcK5AcQdEma,minbias,0,test,8.328772,10.133537292480469,0.2166905024990411,4,120mm,1.6748371
SubNetW4CleanAuxExDnRcK5AcQdEma,minbias,0,test,19.200094,18.7711181640625,-0.0223423934266731,1,30mm,1.2654424
SubNetW4CleanAuxExDnRcK5AcQdEma,minbias,0,test,12.316776,12.994237899780273,0.05500316064729316,2,40mm,1.8184092
SubNetW4CleanAuxExDnRcK5AcQdEma,minbias,0,test,34.71215,34.483638763427734,-0.006583049638983374,1,30mm,1.7813213
SubNetW4CleanAuxExDnRcK5AcQdEma,minbias,0,test,8.020237,7.951501369476318,-0.008570270402676439,3,60mm,1.4930072
SubNetW4CleanAuxExDnRcK5AcQdEma,minbias,0,test,32.004158,32.13616943359375,0.004124820702723797,1,30mm,1.9141526
SubNetW4CleanAuxExDnRcK5AcQdEma,minbias,0,test,7.562265,8.127105712890625,0.07469201352222954,3,60mm,1.6280017
SubNetW4CleanAuxExDnRcK5AcQdEma,minbias,0,test,47.722485,46.55678176879883,-0.024426700115737887,2,40mm,4.2487125
SubNetW4CleanAuxExDnRcK5AcQdEma,minbias,0,test,23.937452,22.677703857421875,-0.05262667230486018,3,60mm,4.1921706
SubNetW4CleanAuxExDnRcK5AcQdEma,minbias,0,test,59.098648,55.323028564453125,-0.06388673226977226,2,40mm,4.916623
SubNetW4CleanAuxExDnRcK5AcQdEma,minbias,0,test,4.12682,3.9130349159240723,-0.05180385065969195,3,60mm,0.96372205
SubNetW4CleanAuxExDnRcK5AcQdEma,minbias,0,test,31.668114,32.88625717163086,0.03846593056813341,1,30mm,1.4274808
SubNetW4CleanAuxExDnRcK5AcQdEma,minbias,0,test,43.649384,45.49761199951172,0.04234260153268221,2,40mm,3.8665624
SubNetW4CleanAuxExDnRcK5AcQdEma,minbias,0,test,24.398504,24.52073097229004,0.00500959869504336,2,40mm,2.1854095
SubNetW4CleanAuxExDnRcK5AcQdEma,minbias,0,test,73.89438,81.4280776977539,0.10195226175583993,0,15mm,2.1450655
SubNetW4CleanAuxExDnRcK5AcQdEma,minbias,0,test,18.662237,18.230741500854492,-0.02312132584289639,3,60mm,3.6841817
SubNetW4CleanAuxExDnRcK5AcQdEma,minbias,0,test,18.18857,17.41720962524414,-0.04240907319163312,3,60mm,3.309954
SubNetW4CleanAuxExDnRcK5AcQdEma,minbias,0,test,21.871817,22.24736785888672,0.017170554692363726,2,40mm,1.4186059
SubNetW4CleanAuxExDnRcK5AcQdEma,minbias,0,test,16.780033,15.520485877990723,-0.07506226151084905,1,30mm,0.71248245
SubNetW4CleanAuxExDnRcK5AcQdEma,minbias,0,test,14.145235,13.986641883850098,-0.011211773936894986,2,40mm,1.4083116
SubNetW4CleanAuxExDnRcK5AcQdEma,minbias,0,test,23.326447,22.768306732177734,-0.023927339306950457,2,40mm,3.3455694
SubNetW4CleanAuxExDnRcK5AcQdEma,minbias,0,test,6.545015,6.66507625579834,0.01834394575914966,3,60mm,0.82353556
SubNetW4CleanAuxExDnRcK5AcQdEma,minbias,0,test,10.392262,10.157814025878906,-0.022559902990499148,3,60mm,1.9979904
SubNetW4CleanAuxExDnRcK5AcQdEma,minbias,0,test,27.191137,29.087379455566406,0.06973750747668328,1,30mm,1.5046042
SubNetW4CleanAuxExDnRcK5AcQdEma,minbias,0,test,65.560074,67.11518859863281,0.023720454458175055,0,15mm,2.1555197
SubNetW4CleanAuxExDnRcK5AcQdEma,minbias,0,test,38.494987,37.685062408447266,-0.021039754321326543,2,40mm,3.4600005
SubNetW4CleanAuxExDnRcK5AcQdEma,minbias,0,test,42.65427,41.78246307373047,-0.020438917249568256,2,40mm,4.188875
SubNetW4CleanAuxExDnRcK5AcQdEma,minbias,0,test,68.9818,75.70745849609375,0.0974990881020601,1,30mm,4.9296465
SubNetW4CleanAuxExDnRcK5AcQdEma,minbias,0,test,41.28435,41.208839416503906,-0.001829069124398397,2,40mm,3.6078303
SubNetW4CleanAuxExDnRcK5AcQdEma,minbias,0,test,50.34573,49.73771667480469,-0.012076757158051232,1,30mm,2.65598
SubNetW4CleanAuxExDnRcK5AcQdEma,minbias,0,test,49.880924,53.66018295288086,0.07576561153901595,2,40mm,3.3887901
SubNetW4CleanAuxExDnRcK5AcQdEma,minbias,0,test,5.7753363,6.086841106414795,0.05393709154360571,3,60mm,0.84736323
SubNetW4CleanAuxExDnRcK5AcQdEma,minbias,0,test,7.8285704,8.017590522766113,0.024144913825333125,3,60mm,1.8507205
SubNetW4CleanAuxExDnRcK5AcQdEma,minbias,0,test,48.60442,46.071754455566406,-0.05210771505735223,2,40mm,4.3882036
SubNetW4CleanAuxExDnRcK5AcQdEma,minbias,0,test,14.910932,16.054035186767578,0.07666211818235014,4,120mm,3.4122217
SubNetW4CleanAuxExDnRcK5AcQdEma,minbias,0,test,23.46837,28.861827850341797,0.22981814724014638,2,40mm,1.7689686
SubNetW4CleanAuxExDnRcK5AcQdEma,minbias,0,test,9.105135,9.041918754577637,-0.006942918436864565,3,60mm,1.9408754
SubNetW4CleanAuxExDnRcK5AcQdEma,minbias,0,test,20.433462,19.741806030273438,-0.03384918854339758,2,40mm,3.427396
SubNetW4CleanAuxExDnRcK5AcQdEma,minbias,0,test,76.46556,81.31983184814453,0.06348310111235778,0,15mm,1.7429893
SubNetW4CleanAuxExDnRcK5AcQdEma,minbias,0,test,22.230482,22.036317825317383,-0.008734145990943909,3,60mm,3.7733612
SubNetW4CleanAuxExDnRcK5AcQdEma,minbias,0,test,22.572306,21.241567611694336,-0.058954458907849006,2,40mm,3.1376472
SubNetW4CleanAuxExDnRcK5AcQdEma,minbias,0,test,64.46365,67.1876220703125,0.04225588149663051,1,30mm,4.182296
SubNetW4CleanAuxExDnRcK5AcQdEma,minbias,0,test,42.50606,42.710758209228516,0.004815705049822316,2,40mm,2.7315733
SubNetW4CleanAuxExDnRcK5AcQdEma,minbias,0,test,26.954456,27.27103042602539,0.011744777665392059,2,40mm,4.6825275
SubNetW4CleanAuxExDnRcK5AcQdEma,minbias,0,test,33.365326,33.748844146728516,0.011494514389722932,3,60mm,4.7596006
SubNetW4CleanAuxExDnRcK5AcQdEma,minbias,0,test,66.71944,67.93660736083984,0.018243120393822698,1,30mm,4.549701
SubNetW4CleanAuxExDnRcK5AcQdEma,minbias,0,test,24.124878,34.225643157958984,0.4186866875641979,1,30mm,1.1842268
SubNetW4CleanAuxExDnRcK5AcQdEma,minbias,0,test,19.062757,17.798978805541992,-0.06629569132637103,2,40mm,3.0721357
SubNetW4CleanAuxExDnRcK5AcQdEma,minbias,0,test,81.4273,81.90625,0.005881940128582563,0,15mm,2.754335
SubNetW4CleanAuxExDnRcK5AcQdEma,minbias,0,test,24.79393,24.50360679626465,-0.011709448918237775,2,40mm,2.862832
SubNetW4CleanAuxExDnRcK5AcQdEma,minbias,0,test,8.313555,8.089156150817871,-0.02699189689028625,3,60mm,1.208646
SubNetW4CleanAuxExDnRcK5AcQdEma,minbias,0,test,22.759115,25.564119338989258,0.12324750293970221,2,40mm,3.0462377
SubNetW4CleanAuxExDnRcK5AcQdEma,minbias,0,test,3.1240628,3.1667275428771973,0.013656821057401736,4,120mm,0.671619
SubNetW4CleanAuxExDnRcK5AcQdEma,minbias,0,test,52.346413,53.89823532104492,0.02964525329503842,0,15mm,1.8003334
SubNetW4CleanAuxExDnRcK5AcQdEma,minbias,0,test,76.87926,74.93415832519531,-0.025300698104283592,1,30mm,3.165453
SubNetW4CleanAuxExDnRcK5AcQdEma,minbias,0,test,54.533016,52.928096771240234,-0.029430234109286024,1,30mm,2.3683467
SubNetW4CleanAuxExDnRcK5AcQdEma,minbias,0,test,87.79514,91.11453247070312,0.037808348218572485,0,15mm,2.2444277
SubNetW4CleanAuxExDnRcK5AcQdEma,minbias,0,test,6.310097,6.131993770599365,-0.028225151026963657,3,60mm,1.0542892
SubNetW4CleanAuxExDnRcK5AcQdEma,minbias,0,test,21.85784,22.81810188293457,0.04393216881651463,2,40mm,2.2573292
SubNetW4CleanAuxExDnRcK5AcQdEma,minbias,0,test,35.057026,33.774620056152344,-0.03658056609208127,2,40mm,3.4666758
SubNetW4CleanAuxExDnRcK5AcQdEma,minbias,0,test,5.9389358,5.050140380859375,-0.14965566428695132,2,40mm,0.8061377
SubNetW4CleanAuxExDnRcK5AcQdEma,minbias,0,test,8.765567,8.742166519165039,-0.0026695714226496747,3,60mm,1.7618047
SubNetW4CleanAuxExDnRcK5AcQdEma,minbias,0,test,9.788355,10.116597175598145,0.03353396011665821,3,60mm,1.762054
SubNetW4CleanAuxExDnRcK5AcQdEma,minbias,0,test,57.96026,70.4499740600586,0.2154875755021708,1,30mm,3.8378088
SubNetW4CleanAuxExDnRcK5AcQdEma,minbias,0,test,22.374056,22.132831573486328,-0.010781428741559629,3,60mm,3.5107276
SubNetW4CleanAuxExDnRcK5AcQdEma,minbias,0,test,18.766682,21.73978614807129,0.15842462343784725,3,60mm,2.9576435
SubNetW4CleanAuxExDnRcK5AcQdEma,minbias,0,test,95.56594,129.66139221191406,0.35677408760117646,0,15mm,2.8946595
SubNetW4CleanAuxExDnRcK5AcQdEma,minbias,0,test,46.63794,48.92833709716797,0.04911018091493968,0,15mm,1.5629817
SubNetW4CleanAuxExDnRcK5AcQdEma,minbias,0,test,15.722428,15.579700469970703,-0.00907797758374429,3,60mm,1.8051977
SubNetW4CleanAuxExDnRcK5AcQdEma,minbias,0,test,23.507954,23.405332565307617,-0.004365376929279519,2,40mm,3.4108
SubNetW4CleanAuxExDnRcK5AcQdEma,minbias,0,test,81.318985,82.96682739257812,0.020263932309575683,0,15mm,3.797197
SubNetW4CleanAuxExDnRcK5AcQdEma,minbias,0,test,13.312894,13.642285346984863,0.02474228990110805,2,40mm,1.0661325
SubNetW4CleanAuxExDnRcK5AcQdEma,minbias,0,test,20.989859,25.448070526123047,0.21239837666181938,1,30mm,1.202753
SubNetW4CleanAuxExDnRcK5AcQdEma,minbias,0,test,21.393427,21.143131256103516,-0.01169965149879415,3,60mm,3.4454021
SubNetW4CleanAuxExDnRcK5AcQdEma,minbias,0,test,48.88668,47.7289924621582,-0.02368105436059098,1,30mm,2.0981016
SubNetW4CleanAuxExDnRcK5AcQdEma,minbias,0,test,47.57913,48.429710388183594,0.01787721115986951,2,40mm,4.002911
SubNetW4CleanAuxExDnRcK5AcQdEma,minbias,0,test,13.201695,14.047439575195312,0.06406329677112166,2,40mm,1.1408561
SubNetW4CleanAuxExDnRcK5AcQdEma,minbias,0,test,18.248745,17.744997024536133,-0.027604525190126128,3,60mm,2.8904521
SubNetW4CleanAuxExDnRcK5AcQdEma,minbias,0,test,52.217163,50.720237731933594,-0.028667305260155707,0,15mm,2.0324206
SubNetW4CleanAuxExDnRcK5AcQdEma,minbias,0,test,13.452233,13.441951751708984,-0.0007643015523736141,3,60mm,1.7846749
SubNetW4CleanAuxExDnRcK5AcQdEma,minbias,0,test,27.910753,27.493648529052734,-0.014944230180083395,3,60mm,4.53888
SubNetW4CleanAuxExDnRcK5AcQdEma,minbias,0,test,39.714264,39.148834228515625,-0.014237445989071396,2,40mm,4.751144
SubNetW4CleanAuxExDnRcK5AcQdEma,minbias,0,test,13.600325,16.147380828857422,0.18727907364532048,3,60mm,2.5546875
SubNetW4CleanAuxExDnRcK5AcQdEma,minbias,0,test,14.338052,14.1107759475708,-0.015851236389920142,4,120mm,2.895212
SubNetW4CleanAuxExDnRcK5AcQdEma,minbias,0,test,37.032856,36.49797058105469,-0.014443536482143804,3,60mm,4.935487
SubNetW4CleanAuxExDnRcK5AcQdEma,minbias,0,test,18.486414,17.94353675842285,-0.029366279396690453,4,120mm,4.16553
SubNetW4CleanAuxExDnRcK5AcQdEma,minbias,0,test,60.046204,64.04652404785156,0.06662070528777786,0,15mm,1.5819583
SubNetW4CleanAuxExDnRcK5AcQdEma,minbias,0,test,19.183775,13.97198486328125,-0.2716769821859064,0,15mm,0.84678763
SubNetW4CleanAuxExDnRcK5AcQdEma,minbias,0,test,22.091879,22.608036041259766,0.02336411279526973,3,60mm,2.2344983
SubNetW4CleanAuxExDnRcK5AcQdEma,minbias,0,test,7.1255846,8.290350914001465,0.16346256155044414,4,120mm,1.5441413
SubNetW4CleanAuxExDnRcK5AcQdEma,minbias,0,test,18.85645,18.76481819152832,-0.0048593950563461386,3,60mm,3.0676675
SubNetW4CleanAuxExDnRcK5AcQdEma,minbias,0,test,12.682297,13.781232833862305,0.08665118805698624,3,60mm,2.9691815
SubNetW4CleanAuxExDnRcK5AcQdEma,minbias,0,test,40.187668,39.2557258605957,-0.02318975038908566,2,40mm,4.8000407
SubNetW4CleanAuxExDnRcK5AcQdEma,minbias,0,test,46.073162,45.388343811035156,-0.014863713210092944,0,15mm,1.1748232
SubNetW4CleanAuxExDnRcK5AcQdEma,minbias,0,test,30.996395,31.276411056518555,0.009033822947186465,2,40mm,3.7990303
SubNetW4CleanAuxExDnRcK5AcQdEma,minbias,0,test,21.212986,20.39532470703125,-0.038545317745088625,3,60mm,2.8875072
SubNetW4CleanAuxExDnRcK5AcQdEma,minbias,0,test,21.919582,21.561349868774414,-0.016343034833966152,2,40mm,4.122338
SubNetW4CleanAuxExDnRcK5AcQdEma,minbias,0,test,2.7064636,3.5126097202301025,0.29785959515777805,4,120mm,0.5896971
SubNetW4CleanAuxExDnRcK5AcQdEma,minbias,0,test,30.538845,29.11979866027832,-0.0464669308575586,0,15mm,0.8319623
SubNetW4CleanAuxExDnRcK5AcQdEma,minbias,0,test,31.752073,31.40162467956543,-0.011037030723007324,2,40mm,4.1785665
SubNetW4CleanAuxExDnRcK5AcQdEma,minbias,0,test,42.399986,41.64812469482422,-0.017732589994945536,0,15mm,1.4056015
SubNetW4CleanAuxExDnRcK5AcQdEma,minbias,0,test,22.852573,21.919137954711914,-0.04084596618238545,3,60mm,4.3692894
SubNetW4CleanAuxExDnRcK5AcQdEma,minbias,0,test,47.94256,46.6257438659668,-0.027466503032259948,1,30mm,3.277481
SubNetW4CleanAuxExDnRcK5AcQdEma,minbias,0,test,18.58289,18.267005920410156,-0.016998628523709702,2,40mm,3.3611789
SubNetW4CleanAuxExDnRcK5AcQdEma,minbias,0,test,50.82668,52.87070846557617,0.040215675444796206,2,40mm,3.805798
SubNetW4CleanAuxExDnRcK5AcQdEma,minbias,0,test,30.815023,30.050119400024414,-0.024822438449445317,3,60mm,4.534962
SubNetW4CleanAuxExDnRcK5AcQdEma,minbias,0,test,5.122761,5.246622085571289,0.0241786252300058,3,60mm,1.0839647
SubNetW4CleanAuxExDnRcK5AcQdEma,minbias,0,test,28.328394,27.16380500793457,-0.04111030547115557,3,60mm,3.1452863
SubNetW4CleanAuxExDnRcK5AcQdEma,minbias,0,test,4.125724,3.9769651889801025,-0.03605637595682987,4,120mm,0.9673382
SubNetW4CleanAuxExDnRcK5AcQdEma,minbias,0,test,21.754395,21.806610107421875,0.0024002311853297265,3,60mm,2.557192
SubNetW4CleanAuxExDnRcK5AcQdEma,minbias,0,test,21.096788,23.618141174316406,0.11951358279645952,0,15mm,0.70455277
SubNetW4CleanAuxExDnRcK5AcQdEma,minbias,0,test,17.67791,17.71660614013672,0.0021889629140827704,2,40mm,3.1704907
SubNetW4CleanAuxExDnRcK5AcQdEma,minbias,0,test,8.219243,7.93079948425293,-0.03509368972632243,2,40mm,0.5088191
SubNetW4CleanAuxExDnRcK5AcQdEma,minbias,0,test,11.058748,11.057892799377441,-7.735467367975257e-05,3,60mm,2.5859177
SubNetW4CleanAuxExDnRcK5AcQdEma,minbias,0,test,29.47086,28.855453491210938,-0.02088184892608469,3,60mm,4.2613726
SubNetW4CleanAuxExDnRcK5AcQdEma,minbias,0,test,32.399548,30.240211486816406,-0.06664710625858095,3,60mm,3.6089437
SubNetW4CleanAuxExDnRcK5AcQdEma,minbias,0,test,26.755733,24.461204528808594,-0.08575840247624167,3,60mm,3.5576687
SubNetW4CleanAuxExDnRcK5AcQdEma,minbias,0,test,7.7122617,7.720305919647217,0.001043045891855332,3,60mm,1.1921507
SubNetW4CleanAuxExDnRcK5AcQdEma,minbias,0,test,10.401661,9.975632667541504,-0.04095771386490721,3,60mm,2.3475485
SubNetW4CleanAuxExDnRcK5AcQdEma,minbias,0,test,17.371708,17.218915939331055,-0.008795449340113448,3,60mm,3.9315426
SubNetW4CleanAuxExDnRcK5AcQdEma,minbias,0,test,18.116308,18.425830841064453,0.017085303758210824,2,40mm,2.0762951
SubNetW4CleanAuxExDnRcK5AcQdEma,minbias,0,test,79.710175,78.90518951416016,-0.010098899554852436,1,30mm,3.6683812
SubNetW4CleanAuxExDnRcK5AcQdEma,minbias,0,test,21.563442,21.259563446044922,-0.014092313320632655,1,30mm,1.1250279
SubNetW4CleanAuxExDnRcK5AcQdEma,minbias,0,test,12.253553,12.071969032287598,-0.014818914353126988,3,60mm,1.9298843
SubNetW4CleanAuxExDnRcK5AcQdEma,minbias,0,test,30.08632,29.970548629760742,-0.0038480028112266584,2,40mm,4.049896
SubNetW4CleanAuxExDnRcK5AcQdEma,minbias,0,test,36.15328,36.58959197998047,0.012068438854048624,3,60mm,4.1668496
SubNetW4CleanAuxExDnRcK5AcQdEma,minbias,0,test,17.68596,17.50010871887207,-0.010508450923409685,4,120mm,3.7401133
SubNetW4CleanAuxExDnRcK5AcQdEma,minbias,0,test,83.749054,82.29460144042969,-0.017366793366150546,1,30mm,3.298391
SubNetW4CleanAuxExDnRcK5AcQdEma,minbias,0,test,82.83094,84.5404052734375,0.020638000990529815,1,30mm,4.135166
SubNetW4CleanAuxExDnRcK5AcQdEma,minbias,0,test,69.43073,68.4457778930664,-0.014186150646810503,1,30mm,2.9137585
SubNetW4CleanAuxExDnRcK5AcQdEma,minbias,0,test,17.23461,17.018861770629883,-0.012518289547061134,3,60mm,3.570805
SubNetW4CleanAuxExDnRcK5AcQdEma,minbias,0,test,2.9036016,2.9359891414642334,0.011154248751990004,3,60mm,0.69066215
SubNetW4CleanAuxExDnRcK5AcQdEma,minbias,0,test,15.571725,15.104363441467285,-0.0300134669374712,4,120mm,3.6838768
SubNetW4CleanAuxExDnRcK5AcQdEma,minbias,0,test,8.736665,13.736828804016113,0.5723195478425689,1,30mm,0.7122684
SubNetW4CleanAuxExDnRcK5AcQdEma,minbias,0,test,39.81809,37.8149299621582,-0.05030775316478431,2,40mm,4.9355655
SubNetW4CleanAuxExDnRcK5AcQdEma,minbias,0,test,40.680138,40.39262771606445,-0.007067574864118242,2,40mm,3.5202017
SubNetW4CleanAuxExDnRcK5AcQdEma,minbias,0,test,18.635683,18.431089401245117,-0.010978597231554477,3,60mm,4.256987
SubNetW4CleanAuxExDnRcK5AcQdEma,minbias,0,test,30.311365,28.47589111328125,-0.06055398714501148,0,15mm,1.3102801
SubNetW4CleanAuxExDnRcK5AcQdEma,minbias,0,test,11.9772,11.954370498657227,-0.0019060428677305508,3,60mm,2.6348586
SubNetW4CleanAuxExDnRcK5AcQdEma,minbias,0,test,7.5339746,7.399893283843994,-0.01779689605433965,2,40mm,1.0264399
SubNetW4CleanAuxExDnRcK5AcQdEma,minbias,0,test,30.000423,30.178226470947266,0.005926684333551924,3,60mm,4.000009
SubNetW4CleanAuxExDnRcK5AcQdEma,minbias,0,test,23.861435,22.248464584350586,-0.06759737444389657,2,40mm,1.5107527
SubNetW4CleanAuxExDnRcK5AcQdEma,minbias,0,test,21.836153,15.791592597961426,-0.2768143465572974,4,120mm,4.893046
SubNetW4CleanAuxExDnRcK5AcQdEma,minbias,0,test,11.227888,11.267193794250488,0.00350071950976516,3,60mm,2.2361953
SubNetW4CleanAuxExDnRcK5AcQdEma,minbias,0,test,9.380027,8.853902816772461,-0.05608981837639748,2,40mm,0.7828355
SubNetW4CleanAuxExDnRcK5AcQdEma,minbias,0,test,38.713036,39.50965881347656,0.020577648277214422,1,30mm,2.1925707
SubNetW4CleanAuxExDnRcK5AcQdEma,minbias,0,test,36.827957,36.30622863769531,-0.014166642842907806,2,40mm,2.2507057
SubNetW4CleanAuxExDnRcK5AcQdEma,minbias,0,test,80.27424,77.96565246582031,-0.028758742047985564,1,30mm,4.2107844
SubNetW4CleanAuxExDnRcK5AcQdEma,minbias,0,test,37.342983,38.6411247253418,0.03476266132638095,2,40mm,3.708106
SubNetW4CleanAuxExDnRcK5AcQdEma,minbias,0,test,9.111804,21.221956253051758,1.3290619764529898,1,30mm,0.88772994
SubNetW4CleanAuxExDnRcK5AcQdEma,minbias,0,test,16.322695,15.903597831726074,-0.025675720363883547,3,60mm,3.7176063
SubNetW4CleanAuxExDnRcK5AcQdEma,minbias,0,test,5.264506,5.175508499145508,-0.01690516951770804,2,40mm,0.7754712
SubNetW4CleanAuxExDnRcK5AcQdEma,minbias,0,test,13.851965,13.963746070861816,0.008069694133593819,3,60mm,2.1252878
SubNetW4CleanAuxExDnRcK5AcQdEma,minbias,0,test,26.434422,26.066205978393555,-0.01392939733391052,2,40mm,3.562545
SubNetW4CleanAuxExDnRcK5AcQdEma,minbias,0,test,58.320126,58.61622619628906,0.005077160131449876,0,15mm,2.3659053
SubNetW4CleanAuxExDnRcK5AcQdEma,minbias,0,test,29.350103,28.714679718017578,-0.021649792918556066,2,40mm,3.512209
SubNetW4CleanAuxExDnRcK5AcQdEma,minbias,0,test,18.268053,17.357789993286133,-0.049828137612277446,3,60mm,4.068477
SubNetW4CleanAuxExDnRcK5AcQdEma,minbias,0,test,23.154778,22.838054656982422,-0.013678510601352278,3,60mm,3.8429224
SubNetW4CleanAuxExDnRcK5AcQdEma,minbias,0,test,17.186874,17.2940673828125,0.0062369102568542445,2,40mm,1.8671517
SubNetW4CleanAuxExDnRcK5AcQdEma,minbias,0,test,31.485052,31.86750602722168,0.012147158503528876,2,40mm,2.9403546
SubNetW4CleanAuxExDnRcK5AcQdEma,minbias,0,test,58.593124,57.4803466796875,-0.018991609024992195,2,40mm,4.242426
SubNetW4CleanAuxExDnRcK5AcQdEma,minbias,0,test,30.780426,30.254756927490234,-0.017078031911149316,3,60mm,3.6945598
SubNetW4CleanAuxExDnRcK5AcQdEma,minbias,0,test,22.39217,27.05460548400879,0.20821722689354782,3,60mm,4.131087
SubNetW4CleanAuxExDnRcK5AcQdEma,minbias,0,test,37.90187,37.259315490722656,-0.016953127233098053,2,40mm,4.9647355
SubNetW4CleanAuxExDnRcK5AcQdEma,minbias,0,test,96.56553,94.33043670654297,-0.023145859493023502,1,30mm,4.9660363
SubNetW4CleanAuxExDnRcK5AcQdEma,minbias,0,test,32.019524,32.16484451293945,0.004538508881514636,3,60mm,3.9914339
SubNetW4CleanAuxExDnRcK5AcQdEma,minbias,0,test,14.413897,15.80607795715332,0.09658605434169742,1,30mm,0.5826737
SubNetW4CleanAuxExDnRcK5AcQdEma,minbias,0,test,12.622289,11.737874031066895,-0.07006769482122566,2,40mm,0.8432941
SubNetW4CleanAuxExDnRcK5AcQdEma,minbias,0,test,62.481876,55.00651168823242,-0.11964052808526204,0,15mm,2.0665307
SubNetW4CleanAuxExDnRcK5AcQdEma,minbias,0,test,69.88918,69.15518188476562,-0.010502357127301298,1,30mm,3.105157
SubNetW4CleanAuxExDnRcK5AcQdEma,minbias,0,test,9.142461,9.208235740661621,0.007194443473757195,2,40mm,1.5300522
SubNetW4CleanAuxExDnRcK5AcQdEma,minbias,0,test,47.47292,48.88546371459961,0.029754737362553296,1,30mm,1.7744162
SubNetW4CleanAuxExDnRcK5AcQdEma,minbias,0,test,82.09238,82.73124694824219,0.007782333328252733,1,30mm,3.3672311
SubNetW4CleanAuxExDnRcK5AcQdEma,minbias,0,test,73.375175,72.99688720703125,-0.005155534778466309,1,30mm,3.4578516
SubNetW4CleanAuxExDnRcK5AcQdEma,minbias,0,test,38.380756,37.1413459777832,-0.032292495441685665,2,40mm,4.4016705
SubNetW4CleanAuxExDnRcK5AcQdEma,minbias,0,test,25.729383,25.61246109008789,-0.004544313262795585,3,60mm,3.8752835
SubNetW4CleanAuxExDnRcK5AcQdEma,minbias,0,test,86.46584,79.53577423095703,-0.08014805284026627,1,30mm,4.12306
SubNetW4CleanAuxExDnRcK5AcQdEma,minbias,0,test,18.790852,18.484819412231445,-0.016286232652694133,3,60mm,3.0474102
SubNetW4CleanAuxExDnRcK5AcQdEma,minbias,0,test,27.918982,30.492507934570312,0.09217837612169277,2,40mm,3.9758394
SubNetW4CleanAuxExDnRcK5AcQdEma,minbias,0,test,15.357564,14.979615211486816,-0.024609942153831277,2,40mm,2.5086675
SubNetW4CleanAuxExDnRcK5AcQdEma,minbias,0,test,24.864653,23.413593292236328,-0.05835831945087844,3,60mm,4.512015
SubNetW4CleanAuxExDnRcK5AcQdEma,minbias,0,test,63.577118,62.58509063720703,-0.015603527104898762,0,15mm,1.7733793
SubNetW4CleanAuxExDnRcK5AcQdEma,minbias,0,test,19.460676,20.434350967407227,0.05003293639448558,3,60mm,3.8415213
SubNetW4CleanAuxExDnRcK5AcQdEma,minbias,0,test,13.885293,13.687896728515625,-0.014216212670722816,3,60mm,2.2205737
SubNetW4CleanAuxExDnRcK5AcQdEma,minbias,0,test,31.381647,30.342727661132812,-0.03310595665075733,2,40mm,3.0995984
SubNetW4CleanAuxExDnRcK5AcQdEma,minbias,0,test,24.83321,23.637165069580078,-0.04816312197603734,3,60mm,4.255786
SubNetW4CleanAuxExDnRcK5AcQdEma,minbias,0,test,25.406996,26.9134578704834,0.05929320060540899,1,30mm,1.1930279
SubNetW4CleanAuxExDnRcK5AcQdEma,minbias,0,test,17.752203,18.10298728942871,0.01976004341553761,2,40mm,3.3958328
SubNetW4CleanAuxExDnRcK5AcQdEma,minbias,0,test,35.11572,35.336265563964844,0.006280569775810374,1,30mm,1.8945116
SubNetW4CleanAuxExDnRcK5AcQdEma,minbias,0,test,21.724525,20.368438720703125,-0.06242192649844058,3,60mm,3.103712
SubNetW4CleanAuxExDnRcK5AcQdEma,minbias,0,test,42.740047,40.128456115722656,-0.06110408140915513,0,15mm,1.0122209
SubNetW4CleanAuxExDnRcK5AcQdEma,minbias,0,test,21.282324,21.278614044189453,-0.00017431334656803354,3,60mm,4.0815253
SubNetW4CleanAuxExDnRcK5AcQdEma,minbias,0,test,35.236446,36.54217529296875,0.0370562030645587,1,30mm,1.7564154
SubNetW4CleanAuxExDnRcK5AcQdEma,minbias,0,test,75.41633,75.40511322021484,-0.000148710633285698,0,15mm,2.5122948
SubNetW4CleanAuxExDnRcK5AcQdEma,minbias,0,test,49.135403,53.049339294433594,0.07965614203926519,2,40mm,4.782624
SubNetW4CleanAuxExDnRcK5AcQdEma,minbias,0,test,40.770298,32.05091094970703,-0.2138661594662794,1,30mm,1.8687536
SubNetW4CleanAuxExDnRcK5AcQdEma,minbias,0,test,16.095291,16.336278915405273,0.014972564065372174,2,40mm,1.2202034
SubNetW4CleanAuxExDnRcK5AcQdEma,minbias,0,test,22.347507,22.714542388916016,0.016423975357891862,2,40mm,2.3884232
SubNetW4CleanAuxExDnRcK5AcQdEma,minbias,0,test,34.211,33.33651351928711,-0.025561516860447497,3,60mm,3.7847357
SubNetW4CleanAuxExDnRcK5AcQdEma,minbias,0,test,35.037743,34.091976165771484,-0.026992790585103843,2,40mm,3.8231418
SubNetW4CleanAuxExDnRcK5AcQdEma,minbias,0,test,67.95697,62.34647750854492,-0.08255948857874973,0,15mm,3.0230827
SubNetW4CleanAuxExDnRcK5AcQdEma,minbias,0,test,31.55236,33.761085510253906,0.07000189330237627,0,15mm,1.0136478
SubNetW4CleanAuxExDnRcK5AcQdEma,minbias,0,test,19.285051,19.625205993652344,0.01763825471487701,4,120mm,3.9248843
SubNetW4CleanAuxExDnRcK5AcQdEma,minbias,0,test,10.326164,11.004932403564453,0.06573284540267199,1,30mm,0.53386533
SubNetW4CleanAuxExDnRcK5AcQdEma,minbias,0,test,5.072642,4.266115665435791,-0.1589952943669175,2,40mm,0.59201723
SubNetW4CleanAuxExDnRcK5AcQdEma,minbias,0,test,31.560036,30.856958389282227,-0.02227745630085498,2,40mm,2.4946744
SubNetW4CleanAuxExDnRcK5AcQdEma,minbias,0,test,15.888691,15.66917896270752,-0.013815611776357262,2,40mm,2.558556
SubNetW4CleanAuxExDnRcK5AcQdEma,minbias,0,test,11.815932,11.288410186767578,-0.044644982289207547,2,40mm,1.368599
SubNetW4CleanAuxExDnRcK5AcQdEma,minbias,0,test,65.5616,65.47052764892578,-0.001389107082386376,0,15mm,2.9010882
SubNetW4CleanAuxExDnRcK5AcQdEma,minbias,0,test,58.46542,57.549930572509766,-0.01565864403933115,2,40mm,4.418326
SubNetW4CleanAuxExDnRcK5AcQdEma,minbias,0,test,16.974495,17.030794143676758,0.003316694241175089,4,120mm,3.93171
SubNetW4CleanAuxExDnRcK5AcQdEma,minbias,0,test,16.265783,15.938553810119629,-0.02011766009553284,3,60mm,3.0951335
SubNetW4CleanAuxExDnRcK5AcQdEma,minbias,0,test,96.17504,92.76821899414062,-0.03542314265870894,1,30mm,4.954311
SubNetW4CleanAuxExDnRcK5AcQdEma,minbias,0,test,41.949165,42.23249816894531,0.006754194568163063,1,30mm,2.9372303
SubNetW4CleanAuxExDnRcK5AcQdEma,minbias,0,test,91.823555,89.3995361328125,-0.026398660562168774,0,15mm,4.465992
SubNetW4CleanAuxExDnRcK5AcQdEma,minbias,0,test,88.15009,87.6782455444336,-0.005352774089062984,0,15mm,4.179606
SubNetW4CleanAuxExDnRcK5AcQdEma,minbias,0,test,5.3356133,5.253337383270264,-0.015420133280999004,2,40mm,0.55553705
SubNetW4CleanAuxExDnRcK5AcQdEma,minbias,0,test,12.213625,16.462263107299805,0.3478605384560247,2,40mm,2.6932898
SubNetW4CleanAuxExDnRcK5AcQdEma,minbias,0,test,78.08764,79.20710754394531,0.014336055045073737,1,30mm,4.0143776
SubNetW4CleanAuxExDnRcK5AcQdEma,minbias,0,test,11.06899,10.960185050964355,-0.009829686825953754,3,60mm,1.4826882
SubNetW4CleanAuxExDnRcK5AcQdEma,minbias,0,test,21.529356,21.92530059814453,0.018390916815406833,3,60mm,3.3524292
SubNetW4CleanAuxExDnRcK5AcQdEma,minbias,0,test,27.176374,27.121185302734375,-0.002030776136881962,2,40mm,3.4342408
SubNetW4CleanAuxExDnRcK5AcQdEma,minbias,0,test,11.694124,11.644941329956055,-0.004205778125223714,1,30mm,0.59806776
SubNetW4CleanAuxExDnRcK5AcQdEma,minbias,0,test,12.49322,12.526623725891113,0.002673721884832725,3,60mm,2.0607736
SubNetW4CleanAuxExDnRcK5AcQdEma,minbias,0,test,19.15991,19.201955795288086,0.0021944566972591506,4,120mm,4.3858404
SubNetW4CleanAuxExDnRcK5AcQdEma,minbias,0,test,59.988976,60.27195739746094,0.004717231292625135,0,15mm,1.6925149
SubNetW4CleanAuxExDnRcK5AcQdEma,minbias,0,test,21.050186,20.926288604736328,-0.005885817425310469,3,60mm,3.2288203
SubNetW4CleanAuxExDnRcK5AcQdEma,minbias,0,test,8.586014,11.268611907958984,0.3124381323385932,1,30mm,0.5252302
SubNetW4CleanAuxExDnRcK5AcQdEma,minbias,0,test,45.18389,44.87677001953125,-0.006797140928851975,2,40mm,4.065487
SubNetW4CleanAuxExDnRcK5AcQdEma,minbias,0,test,77.26709,77.63318634033203,0.0047380650328925356,0,15mm,1.8687074
SubNetW4CleanAuxExDnRcK5AcQdEma,minbias,0,test,4.639209,6.3341827392578125,0.36535840937819075,3,60mm,1.0678242
SubNetW4CleanAuxExDnRcK5AcQdEma,minbias,0,test,23.23151,22.865262985229492,-0.015765104143661057,2,40mm,1.6151464
SubNetW4CleanAuxExDnRcK5AcQdEma,minbias,0,test,46.36593,46.32644271850586,-0.0008516152387377796,2,40mm,3.5952835
SubNetW4CleanAuxExDnRcK5AcQdEma,minbias,0,test,26.145258,26.4522705078125,0.011742571389906864,2,40mm,3.7028067
SubNetW4CleanAuxExDnRcK5AcQdEma,minbias,0,test,94.44923,95.6213150024414,0.012409721794212514,1,30mm,4.270752
SubNetW4CleanAuxExDnRcK5AcQdEma,minbias,0,test,24.523245,24.273347854614258,-0.010190209518479154,3,60mm,3.6383545
SubNetW4CleanAuxExDnRcK5AcQdEma,minbias,0,test,7.4687486,8.140284538269043,0.08991278291572025,3,60mm,0.86906284
SubNetW4CleanAuxExDnRcK5AcQdEma,minbias,0,test,20.386017,20.82566261291504,0.02156604551735075,3,60mm,3.2259548
SubNetW4CleanAuxExDnRcK5AcQdEma,minbias,0,test,37.145058,36.893760681152344,-0.006765287571962597,1,30mm,1.6840897
SubNetW4CleanAuxExDnRcK5AcQdEma,minbias,0,test,47.444393,47.06810760498047,-0.007931085802398763,1,30mm,2.9749532
SubNetW4CleanAuxExDnRcK5AcQdEma,minbias,0,test,66.48136,71.96056365966797,0.08241711896413118,1,30mm,4.0821314
SubNetW4CleanAuxExDnRcK5AcQdEma,minbias,0,test,16.45416,15.393789291381836,-0.06444396763126281,2,40mm,3.5860896
SubNetW4CleanAuxExDnRcK5AcQdEma,minbias,0,test,50.214306,51.97887420654297,0.035140749195172516,2,40mm,4.039214
SubNetW4CleanAuxExDnRcK5AcQdEma,minbias,0,test,16.654325,17.886566162109375,0.07398922748163783,2,40mm,1.3442162
SubNetW4CleanAuxExDnRcK5AcQdEma,minbias,0,test,12.381694,11.756684303283691,-0.0504785164952688,4,120mm,2.6990285
SubNetW4CleanAuxExDnRcK5AcQdEma,minbias,0,test,74.93482,72.7143783569336,-0.029631667412791662,1,30mm,3.7021577
SubNetW4CleanAuxExDnRcK5AcQdEma,minbias,0,test,23.035723,24.449726104736328,0.061383069617986674,1,30mm,1.0838549
SubNetW4CleanAuxExDnRcK5AcQdEma,minbias,0,test,7.987471,8.194869041442871,0.025965406958331494,4,120mm,1.6261703
SubNetW4CleanAuxExDnRcK5AcQdEma,minbias,0,test,33.928406,33.59823989868164,-0.009731251900130022,3,60mm,4.796104
SubNetW4CleanAuxExDnRcK5AcQdEma,minbias,0,test,32.963436,32.480838775634766,-0.014640383642626098,2,40mm,3.123169
SubNetW4CleanAuxExDnRcK5AcQdEma,minbias,0,test,10.281771,10.294342041015625,0.001222681889931243,3,60mm,1.8403245
SubNetW4CleanAuxExDnRcK5AcQdEma,minbias,0,test,96.83825,97.31524658203125,0.004925712509226798,0,15mm,2.3624504
SubNetW4CleanAuxExDnRcK5AcQdEma,minbias,0,test,8.813962,9.214670181274414,0.04546289164085815,3,60mm,1.6054639
SubNetW4CleanAuxExDnRcK5AcQdEma,minbias,0,test,4.85202,5.4012370109558105,0.1131935252224896,3,60mm,0.7834218
SubNetW4CleanAuxExDnRcK5AcQdEma,minbias,0,test,18.626696,18.919681549072266,0.01572935543219245,4,120mm,4.4825315
SubNetW4CleanAuxExDnRcK5AcQdEma,minbias,0,test,21.739563,22.426950454711914,0.03161919431412685,4,120mm,4.550601
SubNetW4CleanAuxExDnRcK5AcQdEma,minbias,0,test,9.29573,9.36928653717041,0.007912977560199153,2,40mm,1.0536264
SubNetW4CleanAuxExDnRcK5AcQdEma,minbias,0,test,51.826427,50.298099517822266,-0.029489355466040146,2,40mm,4.4827733
SubNetW4CleanAuxExDnRcK5AcQdEma,minbias,0,test,45.45158,48.471290588378906,0.0664379662403054,1,30mm,4.0923634
SubNetW4CleanAuxExDnRcK5AcQdEma,minbias,0,test,25.775082,24.82448387145996,-0.0368804947561584,1,30mm,1.257366
SubNetW4CleanAuxExDnRcK5AcQdEma,minbias,0,test,24.941425,24.76044273376465,-0.00725630501763086,3,60mm,4.1943483
SubNetW4CleanAuxExDnRcK5AcQdEma,minbias,0,test,32.652355,32.41928482055664,-0.0071379345272259975,2,40mm,4.1261735
SubNetW4CleanAuxExDnRcK5AcQdEma,minbias,0,test,37.071392,40.4266471862793,0.09050793457077733,2,40mm,3.7633018
SubNetW4CleanAuxExDnRcK5AcQdEma,minbias,0,test,9.3670025,8.785333633422852,-0.0620976512556386,3,60mm,1.1290405
SubNetW4CleanAuxExDnRcK5AcQdEma,minbias,0,test,36.75809,36.86447525024414,0.0028941730793958786,2,40mm,3.7598884
SubNetW4CleanAuxExDnRcK5AcQdEma,minbias,0,test,46.99218,47.11809158325195,0.002679418426495328,2,40mm,3.9395888
SubNetW4CleanAuxExDnRcK5AcQdEma,minbias,0,test,38.175,37.55530548095703,-0.016232973634270897,3,60mm,4.923363
SubNetW4CleanAuxExDnRcK5AcQdEma,minbias,0,test,44.082535,44.32126235961914,0.0054154682963925005,2,40mm,2.843522
SubNetW4CleanAuxExDnRcK5AcQdEma,minbias,0,test,31.739859,32.12136459350586,0.012019775219104245,2,40mm,3.3081236
SubNetW4CleanAuxExDnRcK5AcQdEma,minbias,0,test,28.435194,28.072368621826172,-0.01275972984319873,2,40mm,2.9342222
SubNetW4CleanAuxExDnRcK5AcQdEma,minbias,0,test,14.101669,13.959839820861816,-0.010057638392195312,3,60mm,2.0430322
SubNetW4CleanAuxExDnRcK5AcQdEma,minbias,0,test,71.02807,70.26029205322266,-0.010809480040959052,0,15mm,2.086349
SubNetW4CleanAuxExDnRcK5AcQdEma,minbias,0,test,5.37495,4.675923824310303,-0.1300525803251873,3,60mm,0.7538051
SubNetW4CleanAuxExDnRcK5AcQdEma,minbias,0,test,60.851196,61.00071334838867,0.002457093178841019,1,30mm,3.808689
SubNetW4CleanAuxExDnRcK5AcQdEma,minbias,0,test,18.071703,18.533851623535156,0.02557305570358004,2,40mm,1.75918
SubNetW4CleanAuxExDnRcK5AcQdEma,minbias,0,test,43.19525,44.318668365478516,0.026007879628831443,2,40mm,3.2229495
SubNetW4CleanAuxExDnRcK5AcQdEma,minbias,0,test,21.36388,21.048364639282227,-0.014768642955439226,2,40mm,3.2965984
SubNetW4CleanAuxExDnRcK5AcQdEma,minbias,0,test,46.139954,46.550743103027344,0.008903118828187395,1,30mm,2.2838907
SubNetW4CleanAuxExDnRcK5AcQdEma,minbias,0,test,36.013676,35.32856369018555,-0.019023662161419264,2,40mm,3.386144
SubNetW4CleanAuxExDnRcK5AcQdEma,minbias,0,test,16.628103,16.021255493164062,-0.03649530879803253,4,120mm,3.6577017
SubNetW4CleanAuxExDnRcK5AcQdEma,minbias,0,test,15.627724,18.976118087768555,0.2142598921965262,3,60mm,2.1698067
SubNetW4CleanAuxExDnRcK5AcQdEma,minbias,0,test,87.99701,80.48490142822266,-0.08536776318664285,0,15mm,2.1463609
SubNetW4CleanAuxExDnRcK5AcQdEma,minbias,0,test,48.244354,49.36065673828125,0.023138510352837205,1,30mm,3.5049386
SubNetW4CleanAuxExDnRcK5AcQdEma,minbias,0,test,42.594666,42.039276123046875,-0.013038942727237601,1,30mm,1.6463585
SubNetW4CleanAuxExDnRcK5AcQdEma,minbias,0,test,31.76682,31.87693977355957,0.0034664742275321014,2,40mm,3.2038558
SubNetW4CleanAuxExDnRcK5AcQdEma,minbias,0,test,19.237354,18.81630516052246,-0.021887059516866758,3,60mm,3.580999
SubNetW4CleanAuxExDnRcK5AcQdEma,minbias,0,test,16.63343,16.48494529724121,-0.008926912814877008,3,60mm,3.1604066
SubNetW4CleanAuxExDnRcK5AcQdEma,minbias,0,test,8.315212,8.171338081359863,-0.01730252506786223,2,40mm,1.5015739
SubNetW4CleanAuxExDnRcK5AcQdEma,minbias,0,test,8.712402,8.621721267700195,-0.010408274603485923,4,120mm,2.0081651
SubNetW4CleanAuxExDnRcK5AcQdEma,minbias,0,test,31.486135,30.469207763671875,-0.0322976352455866,2,40mm,2.0230522
SubNetW4CleanAuxExDnRcK5AcQdEma,minbias,0,test,33.254288,32.305294036865234,-0.02853748337235873,2,40mm,4.39333
SubNetW4CleanAuxExDnRcK5AcQdEma,minbias,0,test,37.350624,36.59832763671875,-0.020141469284489122,1,30mm,2.6224208
SubNetW4CleanAuxExDnRcK5AcQdEma,minbias,0,test,66.84664,66.3829574584961,-0.006936535199754679,2,40mm,4.368665
SubNetW4CleanAuxExDnRcK5AcQdEma,minbias,0,test,10.407194,11.74035930633545,0.12810034588949026,1,30mm,0.69656944
SubNetW4CleanAuxExDnRcK5AcQdEma,minbias,0,test,32.771225,31.357908248901367,-0.043126759153418015,1,30mm,1.7526423
SubNetW4CleanAuxExDnRcK5AcQdEma,minbias,0,test,28.448597,29.539857864379883,0.038359041459423704,3,60mm,4.541873
SubNetW4CleanAuxExDnRcK5AcQdEma,minbias,0,test,14.07526,13.47456169128418,-0.042677610512379616,2,40mm,2.1898632
SubNetW4CleanAuxExDnRcK5AcQdEma,minbias,0,test,5.9290237,5.799135684967041,-0.02190715762762685,3,60mm,1.0654252
SubNetW4CleanAuxExDnRcK5AcQdEma,minbias,0,test,15.919245,15.831162452697754,-0.005533071124355082,3,60mm,2.7071574
SubNetW4CleanAuxExDnRcK5AcQdEma,minbias,0,test,24.736946,27.396963119506836,0.10753215057978527,3,60mm,4.010172
SubNetW4CleanAuxExDnRcK5AcQdEma,minbias,0,test,31.77546,31.405441284179688,-0.011644772841812978,2,40mm,3.256134
SubNetW4CleanAuxExDnRcK5AcQdEma,minbias,0,test,48.20081,46.52764129638672,-0.034712449862700945,0,15mm,2.2187266
SubNetW4CleanAuxExDnRcK5AcQdEma,minbias,0,test,18.500957,18.231250762939453,-0.014577987449264529,3,60mm,3.188067
SubNetW4CleanAuxExDnRcK5AcQdEma,minbias,0,test,18.517984,18.05956268310547,-0.024755486206936683,3,60mm,3.0887656
SubNetW4CleanAuxExDnRcK5AcQdEma,minbias,0,test,36.328007,36.29969787597656,-0.0007792574089570126,3,60mm,4.8039026
SubNetW4CleanAuxExDnRcK5AcQdEma,minbias,0,test,7.4951878,10.694710731506348,0.42687696089995075,4,120mm,1.5615252
SubNetW4CleanAuxExDnRcK5AcQdEma,minbias,0,test,11.6975765,11.421689987182617,-0.0235849310415841,2,40mm,2.5612988
SubNetW4CleanAuxExDnRcK5AcQdEma,minbias,0,test,40.023087,38.906715393066406,-0.027893179938794144,2,40mm,4.4827394
SubNetW4CleanAuxExDnRcK5AcQdEma,minbias,0,test,15.941163,15.703522682189941,-0.0149073427026295,2,40mm,1.0457622
SubNetW4CleanAuxExDnRcK5AcQdEma,minbias,0,test,24.866682,23.69911003112793,-0.046953269399353514,2,40mm,2.6356192
SubNetW4CleanAuxExDnRcK5AcQdEma,minbias,0,test,9.952824,10.050477981567383,0.009811722401021461,4,120mm,2.0793738
SubNetW4CleanAuxExDnRcK5AcQdEma,minbias,0,test,92.63293,97.13639068603516,0.04861623068425258,0,15mm,3.9551964
SubNetW4CleanAuxExDnRcK5AcQdEma,minbias,0,test,33.089558,31.875577926635742,-0.03668769869921584,3,60mm,4.7363625
SubNetW4CleanAuxExDnRcK5AcQdEma,minbias,0,test,46.20075,43.971885681152344,-0.04824300119665614,3,60mm,4.787443
SubNetW4CleanAuxExDnRcK5AcQdEma,minbias,0,test,60.967243,61.298099517822266,0.005426788319528253,1,30mm,3.019458
SubNetW4CleanAuxExDnRcK5AcQdEma,minbias,0,test,78.09161,73.63443756103516,-0.05707624664602762,1,30mm,4.494718
SubNetW4CleanAuxExDnRcK5AcQdEma,minbias,0,test,23.826788,22.90126609802246,-0.03884375235899107,3,60mm,4.4699454
SubNetW4CleanAuxExDnRcK5AcQdEma,minbias,0,test,76.84291,77.47616577148438,0.008240903403649469,1,30mm,3.890936
SubNetW4CleanAuxExDnRcK5AcQdEma,minbias,0,test,69.46406,69.80718994140625,0.004939705932908156,1,30mm,4.837987
SubNetW4CleanAuxExDnRcK5AcQdEma,minbias,0,test,8.711207,8.798983573913574,0.010076236295842422,2,40mm,0.6849989
SubNetW4CleanAuxExDnRcK5AcQdEma,minbias,0,test,6.641399,6.838757038116455,0.02971634954939395,3,60mm,1.2066168
SubNetW4CleanAuxExDnRcK5AcQdEma,minbias,0,test,79.15943,79.10478210449219,-0.0006903707116273639,2,40mm,4.915422
SubNetW4CleanAuxExDnRcK5AcQdEma,minbias,0,test,21.699293,21.8405818939209,0.006511214740259508,2,40mm,1.3422892
SubNetW4CleanAuxExDnRcK5AcQdEma,minbias,0,test,62.03131,65.25768280029297,0.052011987354388944,1,30mm,3.76288
SubNetW4CleanAuxExDnRcK5AcQdEma,minbias,0,test,13.858462,14.92293643951416,0.07681040509436943,2,40mm,2.0722022
SubNetW4CleanAuxExDnRcK5AcQdEma,minbias,0,test,19.487904,19.38599395751953,-0.005229379186659777,2,40mm,2.1655056
SubNetW4CleanAuxExDnRcK5AcQdEma,minbias,0,test,28.402386,28.224098205566406,-0.006277201778520314,3,60mm,3.9683545
SubNetW4CleanAuxExDnRcK5AcQdEma,minbias,0,test,8.398191,8.29537296295166,-0.012242932262504946,4,120mm,1.8111901
SubNetW4CleanAuxExDnRcK5AcQdEma,minbias,0,test,11.81993,12.60696029663086,0.06658501488006996,1,30mm,0.61358404
SubNetW4CleanAuxExDnRcK5AcQdEma,minbias,0,test,32.431046,32.64259719848633,0.006523121989685743,1,30mm,1.6158593
SubNetW4CleanAuxExDnRcK5AcQdEma,minbias,0,test,24.951328,24.864267349243164,-0.0034892302075528736,2,40mm,1.7820482
SubNetW4CleanAuxExDnRcK5AcQdEma,minbias,0,test,36.106884,35.91949462890625,-0.005189851712636306,1,30mm,2.3800023
SubNetW4CleanAuxExDnRcK5AcQdEma,minbias,0,test,92.954926,92.68443298339844,-0.0029099324446550945,0,15mm,2.4572139
SubNetW4CleanAuxExDnRcK5AcQdEma,minbias,0,test,19.89944,19.951147079467773,0.0025983802608597895,3,60mm,2.3178794
SubNetW4CleanAuxExDnRcK5AcQdEma,minbias,0,test,10.782121,11.697429656982422,0.08489136575300282,3,60mm,1.2176154
SubNetW4CleanAuxExDnRcK5AcQdEma,minbias,0,test,12.810055,12.387771606445312,-0.03296497789361119,3,60mm,2.1726725
SubNetW4CleanAuxExDnRcK5AcQdEma,minbias,0,test,15.487178,15.866586685180664,0.024498255270811287,3,60mm,2.4845636
SubNetW4CleanAuxExDnRcK5AcQdEma,minbias,0,test,22.87631,22.49435806274414,-0.01669641126334287,4,120mm,4.5910053
SubNetW4CleanAuxExDnRcK5AcQdEma,minbias,0,test,40.082165,39.459632873535156,-0.015531393938632565,2,40mm,3.7990346
SubNetW4CleanAuxExDnRcK5AcQdEma,minbias,0,test,26.112673,25.744245529174805,-0.01410913694478988,2,40mm,2.451106
SubNetW4CleanAuxExDnRcK5AcQdEma,minbias,0,test,24.540747,24.97955894470215,0.017880965947090655,2,40mm,2.0173292
SubNetW4CleanAuxExDnRcK5AcQdEma,minbias,0,test,3.3681664,3.3982644081115723,0.008936007736612073,3,60mm,0.5715946
SubNetW4CleanAuxExDnRcK5AcQdEma,minbias,0,test,29.43598,28.503995895385742,-0.03166138693939602,3,60mm,3.474915
SubNetW4CleanAuxExDnRcK5AcQdEma,minbias,0,test,28.303558,29.164749145507812,0.030426944388436628,2,40mm,2.998023
SubNetW4CleanAuxExDnRcK5AcQdEma,minbias,0,test,25.655125,26.31712532043457,0.025803837041920685,2,40mm,3.9371033
SubNetW4CleanAuxExDnRcK5AcQdEma,minbias,0,test,27.877357,28.517995834350586,0.022980598208892866,0,15mm,0.97978365
SubNetW4CleanAuxExDnRcK5AcQdEma,minbias,0,test,69.81351,68.63248443603516,-0.01691682159282304,0,15mm,2.8220859
SubNetW4CleanAuxExDnRcK5AcQdEma,minbias,0,test,8.7019,8.357019424438477,-0.03963273799418998,4,120mm,2.0742316
SubNetW4CleanAuxExDnRcK5AcQdEma,minbias,0,test,14.238481,13.897128105163574,-0.0239739388721959,3,60mm,1.8265315
SubNetW4CleanAuxExDnRcK5AcQdEma,minbias,0,test,25.487398,24.21575164794922,-0.04989314689049107,3,60mm,4.261377
SubNetW4CleanAuxExDnRcK5AcQdEma,minbias,0,test,13.42254,13.147514343261719,-0.020489815911027498,3,60mm,2.8648407
SubNetW4CleanAuxExDnRcK5AcQdEma,minbias,0,test,46.725975,47.310672760009766,0.01251333381337516,0,15mm,1.1989392
SubNetW4CleanAuxExDnRcK5AcQdEma,minbias,0,test,18.186306,17.799480438232422,-0.02127015577152558,2,40mm,1.5944741
SubNetW4CleanAuxExDnRcK5AcQdEma,minbias,0,test,49.285954,50.016300201416016,0.014818556353292767,1,30mm,3.0037818
SubNetW4CleanAuxExDnRcK5AcQdEma,minbias,0,test,34.552776,34.42644500732422,-0.0036561846178372326,0,15mm,1.6760985
SubNetW4CleanAuxExDnRcK5AcQdEma,minbias,0,test,17.399889,20.24454689025879,0.16348712909642726,3,60mm,2.6115782
SubNetW4CleanAuxExDnRcK5AcQdEma,minbias,0,test,17.6897,18.497182846069336,0.04564711164389834,2,40mm,1.2388767
SubNetW4CleanAuxExDnRcK5AcQdEma,minbias,0,test,46.326313,45.82963943481445,-0.010721198205063898,2,40mm,4.7981405
SubNetW4CleanAuxExDnRcK5AcQdEma,minbias,0,test,9.34966,9.521688461303711,0.01839944372754765,3,60mm,2.2128541
SubNetW4CleanAuxExDnRcK5AcQdEma,minbias,0,test,69.45204,74.0350570678711,0.0659882032925061,2,40mm,4.96228
SubNetW4CleanAuxExDnRcK5AcQdEma,minbias,0,test,27.523727,25.482559204101562,-0.07416031200884798,3,60mm,3.2243052
SubNetW4CleanAuxExDnRcK5AcQdEma,minbias,0,test,93.0626,89.65780639648438,-0.0365860486980506,0,15mm,2.5957701
SubNetW4CleanAuxExDnRcK5AcQdEma,minbias,0,test,4.0450478,4.450540065765381,0.10024413302715529,4,120mm,0.9319671
SubNetW4CleanAuxExDnRcK5AcQdEma,minbias,0,test,7.0582023,5.978908538818359,-0.15291340303009238,2,40mm,1.2944598
SubNetW4CleanAuxExDnRcK5AcQdEma,minbias,0,test,8.801958,8.697297096252441,-0.011890648291428274,3,60mm,1.1676807
SubNetW4CleanAuxExDnRcK5AcQdEma,minbias,0,test,27.514568,26.934856414794922,-0.021069271635800857,3,60mm,4.8194327
SubNetW4CleanAuxExDnRcK5AcQdEma,minbias,0,test,11.5232,14.223658561706543,0.23434970480307338,1,30mm,0.8993675
SubNetW4CleanAuxExDnRcK5AcQdEma,minbias,0,test,21.269398,20.81084632873535,-0.021559209741653262,2,40mm,2.5351615
SubNetW4CleanAuxExDnRcK5AcQdEma,minbias,0,test,28.465685,28.086565017700195,-0.013318487663372847,2,40mm,4.018024
SubNetW4CleanAuxExDnRcK5AcQdEma,minbias,0,test,43.517002,43.0463752746582,-0.010814780620949649,2,40mm,4.1922755
SubNetW4CleanAuxExDnRcK5AcQdEma,minbias,0,test,17.030708,16.92987060546875,-0.0059209344477251236,2,40mm,1.4294869
SubNetW4CleanAuxExDnRcK5AcQdEma,minbias,0,test,60.82497,61.616268157958984,0.013009425395617003,0,15mm,1.8010089
SubNetW4CleanAuxExDnRcK5AcQdEma,minbias,0,test,43.47938,43.88201904296875,0.00926042338302313,2,40mm,4.392727
SubNetW4CleanAuxExDnRcK5AcQdEma,minbias,0,test,35.1083,35.81057357788086,0.0200030858060527,2,40mm,2.8318522
SubNetW4CleanAuxExDnRcK5AcQdEma,minbias,0,test,21.584728,20.090383529663086,-0.06923157403795865,1,30mm,1.195791
SubNetW4CleanAuxExDnRcK5AcQdEma,minbias,0,test,18.282194,18.163482666015625,-0.006493283610507272,1,30mm,1.0693887
SubNetW4CleanAuxExDnRcK5AcQdEma,minbias,0,test,18.600096,18.245744705200195,-0.019051033311057175,2,40mm,2.3745074
SubNetW4CleanAuxExDnRcK5AcQdEma,minbias,0,test,12.04206,11.616083145141602,-0.035374076929503895,2,40mm,1.5492733
SubNetW4CleanAuxExDnRcK5AcQdEma,minbias,0,test,68.22235,49.523704528808594,-0.27408387795178724,0,15mm,2.87877
SubNetW4CleanAuxExDnRcK5AcQdEma,minbias,0,test,41.91285,40.928466796875,-0.02348641628687631,2,40mm,2.875656
SubNetW4CleanAuxExDnRcK5AcQdEma,minbias,0,test,50.08479,51.31610870361328,0.0245846981745661,0,15mm,1.8151649
SubNetW4CleanAuxExDnRcK5AcQdEma,minbias,0,test,7.251229,6.341338157653809,-0.12548089098068382,3,60mm,1.5542264
SubNetW4CleanAuxExDnRcK5AcQdEma,minbias,0,test,15.101316,14.729619026184082,-0.02461357769854622,3,60mm,3.1939187
SubNetW4CleanAuxExDnRcK5AcQdEma,minbias,0,test,63.344437,61.53115463256836,-0.02862575008894719,1,30mm,3.7469156
SubNetW4CleanAuxExDnRcK5AcQdEma,minbias,0,test,30.719181,29.539600372314453,-0.038398832512567926,3,60mm,4.7258263
SubNetW4CleanAuxExDnRcK5AcQdEma,minbias,0,test,28.856659,28.813961029052734,-0.001479655236231947,3,60mm,4.57219
SubNetW4CleanAuxExDnRcK5AcQdEma,minbias,0,test,33.94697,34.199951171875,0.007452189825929878,3,60mm,3.9614153
SubNetW4CleanAuxExDnRcK5AcQdEma,minbias,0,test,33.84817,34.77720260620117,0.027447018205034368,0,15mm,1.5330786
SubNetW4CleanAuxExDnRcK5AcQdEma,minbias,0,test,27.731535,26.923250198364258,-0.029146773186157215,3,60mm,3.4848685
SubNetW4CleanAuxExDnRcK5AcQdEma,minbias,0,test,33.198875,33.36886215209961,0.005120255510643323,2,40mm,3.8650274
SubNetW4CleanAuxExDnRcK5AcQdEma,minbias,0,test,58.41505,58.06446838378906,-0.006001571851130594,1,30mm,2.8433337
SubNetW4CleanAuxExDnRcK5AcQdEma,minbias,0,test,19.843075,19.621248245239258,-0.011179041332876283,3,60mm,3.6605928
SubNetW4CleanAuxExDnRcK5AcQdEma,minbias,0,test,58.196217,56.85585403442383,-0.023031781574850085,2,40mm,4.9053164
SubNetW4CleanAuxExDnRcK5AcQdEma,minbias,0,test,34.21898,33.642887115478516,-0.01683544586022767,3,60mm,4.3607364
SubNetW4CleanAuxExDnRcK5AcQdEma,minbias,0,test,17.416365,16.031946182250977,-0.07948952113694696,2,40mm,1.8941932
SubNetW4CleanAuxExDnRcK5AcQdEma,minbias,0,test,7.8865194,7.985962390899658,0.012609232715186769,2,40mm,1.0101379
SubNetW4CleanAuxExDnRcK5AcQdEma,minbias,0,test,92.84794,91.9459228515625,-0.00971497806243593,0,15mm,2.650533
SubNetW4CleanAuxExDnRcK5AcQdEma,minbias,0,test,20.269537,20.5046443939209,0.011599052420350864,3,60mm,4.2424126
SubNetW4CleanAuxExDnRcK5AcQdEma,minbias,0,test,22.132807,22.206928253173828,0.003348941504046188,3,60mm,3.7816458
SubNetW4CleanAuxExDnRcK5AcQdEma,minbias,0,test,41.346165,40.006935119628906,-0.03239066049652495,0,15mm,1.5723807
SubNetW4CleanAuxExDnRcK5AcQdEma,minbias,0,test,23.082865,22.729705810546875,-0.015299615297185931,2,40mm,2.409765
SubNetW4CleanAuxExDnRcK5AcQdEma,minbias,0,test,38.73626,36.96920394897461,-0.04561760831034345,2,40mm,4.6172347
SubNetW4CleanAuxExDnRcK5AcQdEma,minbias,0,test,14.86873,14.970891952514648,0.0068709542746892005,3,60mm,1.5672673
SubNetW4CleanAuxExDnRcK5AcQdEma,minbias,0,test,22.625954,23.250783920288086,0.027615642415150354,3,60mm,4.41463
SubNetW4CleanAuxExDnRcK5AcQdEma,minbias,0,test,31.335007,32.81947326660156,0.04737406206067374,2,40mm,3.7986326
SubNetW4CleanAuxExDnRcK5AcQdEma,minbias,0,test,6.7096667,6.349112510681152,-0.05373653161271141,3,60mm,1.2219576
SubNetW4CleanAuxExDnRcK5AcQdEma,minbias,0,test,41.412003,42.15961456298828,0.01805302697848954,1,30mm,2.9137475
SubNetW4CleanAuxExDnRcK5AcQdEma,minbias,0,test,32.26933,32.5462532043457,0.008581651409333535,2,40mm,2.8604727
SubNetW4CleanAuxExDnRcK5AcQdEma,minbias,0,test,45.030285,42.262638092041016,-0.06146189829418969,2,40mm,2.8565347
SubNetW4CleanAuxExDnRcK5AcQdEma,minbias,0,test,23.47301,22.966552734375,-0.021576116328313466,2,40mm,3.5538545
SubNetW4CleanAuxExDnRcK5AcQdEma,minbias,0,test,4.097701,4.38410758972168,0.06989443884460611,3,60mm,0.5995794
SubNetW4CleanAuxExDnRcK5AcQdEma,minbias,0,test,86.30911,85.66069793701172,-0.007512701644911246,0,15mm,2.2516696
SubNetW4CleanAuxExDnRcK5AcQdEma,minbias,0,test,54.918358,62.26616668701172,0.13379513018356248,1,30mm,4.011246
SubNetW4CleanAuxExDnRcK5AcQdEma,minbias,0,test,41.2514,40.73335266113281,-0.012558296999382379,2,40mm,4.9151573
SubNetW4CleanAuxExDnRcK5AcQdEma,minbias,0,test,94.532135,94.66419219970703,0.0013969555424486746,0,15mm,2.698757
SubNetW4CleanAuxExDnRcK5AcQdEma,minbias,0,test,8.706642,8.104080200195312,-0.06920715704650471,3,60mm,1.571571
SubNetW4CleanAuxExDnRcK5AcQdEma,minbias,0,test,49.4212,51.66794204711914,0.04546110288078298,1,30mm,3.6495032
SubNetW4CleanAuxExDnRcK5AcQdEma,minbias,0,test,3.156881,3.7252469062805176,0.1800402978071236,2,40mm,0.59209824
SubNetW4CleanAuxExDnRcK5AcQdEma,minbias,0,test,72.37472,70.59988403320312,-0.024522840783323452,1,30mm,4.2871594
SubNetW4CleanAuxExDnRcK5AcQdEma,minbias,0,test,11.876551,11.710105895996094,-0.014014572328699515,3,60mm,1.6246873
SubNetW4CleanAuxExDnRcK5AcQdEma,minbias,0,test,73.7776,73.54558563232422,-0.0031448231873291155,1,30mm,4.0652256
SubNetW4CleanAuxExDnRcK5AcQdEma,minbias,0,test,7.981364,8.475431442260742,0.061902662620735516,2,40mm,1.1404498
SubNetW4CleanAuxExDnRcK5AcQdEma,minbias,0,test,87.684555,84.63104248046875,-0.03482383609487172,1,30mm,4.378516
SubNetW4CleanAuxExDnRcK5AcQdEma,minbias,0,test,6.5258713,7.538193702697754,0.1551244857422438,3,60mm,0.7911852
SubNetW4CleanAuxExDnRcK5AcQdEma,minbias,0,test,4.8078313,11.104731559753418,1.3097173956358943,4,120mm,1.0335925
SubNetW4CleanAuxExDnRcK5AcQdEma,minbias,0,test,22.078423,22.155746459960938,0.003502239048635003,2,40mm,2.6043282
SubNetW4CleanAuxExDnRcK5AcQdEma,minbias,0,test,4.9920273,4.734915733337402,-0.051504435936819415,3,60mm,0.893962
SubNetW4CleanAuxExDnRcK5AcQdEma,minbias,0,test,23.263235,23.597030639648438,0.014348629765504883,4,120mm,4.5484047
SubNetW4CleanAuxExDnRcK5AcQdEma,minbias,0,test,11.943682,11.33151912689209,-0.05125409438529249,3,60mm,1.9781632
SubNetW4CleanAuxExDnRcK5AcQdEma,minbias,0,test,5.6684422,5.727980613708496,0.010503479049781772,2,40mm,0.6488232
SubNetW4CleanAuxExDnRcK5AcQdEma,minbias,0,test,8.346119,8.4254150390625,0.009500956403101668,2,40mm,0.7332618
SubNetW4CleanAuxExDnRcK5AcQdEma,minbias,0,test,10.277658,9.885403633117676,-0.03816577782157515,3,60mm,1.6551418
SubNetW4CleanAuxExDnRcK5AcQdEma,minbias,0,test,33.43628,33.93954849243164,0.015051590851009378,0,15mm,1.0888985
SubNetW4CleanAuxExDnRcK5AcQdEma,minbias,0,test,34.68284,35.98589324951172,0.03757059307088584,1,30mm,1.8420643
SubNetW4CleanAuxExDnRcK5AcQdEma,minbias,0,test,49.144905,38.864593505859375,-0.20918366950911127,1,30mm,3.7923148
SubNetW4CleanAuxExDnRcK5AcQdEma,minbias,0,test,8.578485,8.90289306640625,0.03781653156302478,4,120mm,1.989571
SubNetW4CleanAuxExDnRcK5AcQdEma,minbias,0,test,80.5596,82.92477416992188,0.029359298152836333,0,15mm,3.7402334
SubNetW4CleanAuxExDnRcK5AcQdEma,minbias,0,test,41.243046,40.5188102722168,-0.01756018549306737,1,30mm,3.8587785
SubNetW4CleanAuxExDnRcK5AcQdEma,minbias,0,test,54.486507,55.23862838745117,0.01380380221364641,1,30mm,2.3770938
SubNetW4CleanAuxExDnRcK5AcQdEma,minbias,0,test,31.623867,30.777013778686523,-0.026778927930941387,3,60mm,4.693233
SubNetW4CleanAuxExDnRcK5AcQdEma,minbias,0,test,14.001597,13.572760581970215,-0.030627706976673497,3,60mm,2.6951933
SubNetW4CleanAuxExDnRcK5AcQdEma,minbias,0,test,42.64507,40.78285598754883,-0.04366772461839452,2,40mm,4.3161635
SubNetW4CleanAuxExDnRcK5AcQdEma,minbias,0,test,40.42252,37.70625686645508,-0.06719677146867353,1,30mm,2.7216911
SubNetW4CleanAuxExDnRcK5AcQdEma,minbias,0,test,16.112013,22.541032791137695,0.39902028272822143,1,30mm,1.1808236
SubNetW4CleanAuxExDnRcK5AcQdEma,minbias,0,test,26.858795,26.247900009155273,-0.02274469696367154,2,40mm,2.279369
SubNetW4CleanAuxExDnRcK5AcQdEma,minbias,0,test,39.40877,42.13321304321289,0.06913287127691214,1,30mm,3.4931056
SubNetW4CleanAuxExDnRcK5AcQdEma,minbias,0,test,25.419197,28.225732803344727,0.11041008540569575,0,15mm,0.53464097
SubNetW4CleanAuxExDnRcK5AcQdEma,minbias,0,test,20.92481,20.207901000976562,-0.03426121405823024,2,40mm,2.8120167
SubNetW4CleanAuxExDnRcK5AcQdEma,minbias,0,test,24.849281,26.6622371673584,0.07295808010021343,1,30mm,1.3668087
SubNetW4CleanAuxExDnRcK5AcQdEma,minbias,0,test,43.099064,41.721981048583984,-0.03195157158762385,3,60mm,4.4285073
SubNetW4CleanAuxExDnRcK5AcQdEma,minbias,0,test,53.94081,52.10268783569336,-0.03407667185751884,1,30mm,4.111616
SubNetW4CleanAuxExDnRcK5AcQdEma,minbias,0,test,6.6344147,6.077663421630859,-0.08391866934380265,3,60mm,1.3627377
SubNetW4CleanAuxExDnRcK5AcQdEma,minbias,0,test,11.94468,11.918734550476074,-0.0021721522039488406,3,60mm,2.0044303
SubNetW4CleanAuxExDnRcK5AcQdEma,minbias,0,test,24.20133,26.524803161621094,0.09600600293163852,1,30mm,1.3456964
SubNetW4CleanAuxExDnRcK5AcQdEma,minbias,0,test,12.223111,12.250486373901367,0.002239627940101796,3,60mm,2.2003205
SubNetW4CleanAuxExDnRcK5AcQdEma,minbias,0,test,9.133465,9.252577781677246,0.013041378149533767,3,60mm,1.0635692
SubNetW4CleanAuxExDnRcK5AcQdEma,minbias,0,test,8.395514,9.08237361907959,0.08181275412247224,2,40mm,0.954668
SubNetW4CleanAuxExDnRcK5AcQdEma,minbias,0,test,33.07758,32.81378936767578,-0.007974892196355055,1,30mm,3.2909117
SubNetW4CleanAuxExDnRcK5AcQdEma,minbias,0,test,5.8583856,5.3277177810668945,-0.0905825975659138,3,60mm,1.3977182
SubNetW4CleanAuxExDnRcK5AcQdEma,minbias,0,test,5.761444,5.801563739776611,0.006963470848716291,3,60mm,1.113753
SubNetW4CleanAuxExDnRcK5AcQdEma,minbias,0,test,12.637678,12.67629337310791,0.0030555633952997763,2,40mm,1.4283305
SubNetW4CleanAuxExDnRcK5AcQdEma,minbias,0,test,23.027414,22.925209045410156,-0.0044384174037316315,3,60mm,2.4912026
SubNetW4CleanAuxExDnRcK5AcQdEma,minbias,0,test,45.8104,45.83250427246094,0.00048255792506246564,2,40mm,4.992325
SubNetW4CleanAuxExDnRcK5AcQdEma,minbias,0,test,53.11386,56.40127182006836,0.06189365015068082,1,30mm,4.5177464
SubNetW4CleanAuxExDnRcK5AcQdEma,minbias,0,test,62.410187,64.33231353759766,0.0307982858179503,1,30mm,3.2989676
SubNetW4CleanAuxExDnRcK5AcQdEma,minbias,0,test,8.576017,8.635082244873047,0.006887213784302348,1,30mm,0.6513756
SubNetW4CleanAuxExDnRcK5AcQdEma,minbias,0,test,9.059106,7.609151840209961,-0.16005487221450398,2,40mm,0.52043307
SubNetW4CleanAuxExDnRcK5AcQdEma,minbias,0,test,26.903082,26.130849838256836,-0.028704222761874676,3,60mm,3.545331
SubNetW4CleanAuxExDnRcK5AcQdEma,minbias,0,test,31.376503,30.034727096557617,-0.042763716994267065,3,60mm,3.6442904
SubNetW4CleanAuxExDnRcK5AcQdEma,minbias,0,test,49.02465,49.9012451171875,0.017880689269547778,0,15mm,1.8032304
SubNetW4CleanAuxExDnRcK5AcQdEma,minbias,0,test,14.296682,18.7232608795166,0.3096227789741126,2,40mm,1.2813749
SubNetW4CleanAuxExDnRcK5AcQdEma,minbias,0,test,26.629961,25.570785522460938,-0.03977382808725738,2,40mm,2.0649643
SubNetW4CleanAuxExDnRcK5AcQdEma,minbias,0,test,7.0219164,7.382014751434326,0.05128206347048425,1,30mm,0.5238824
SubNetW4CleanAuxExDnRcK5AcQdEma,minbias,0,test,19.547438,19.480295181274414,-0.0034348484805610813,0,15mm,0.8917565
SubNetW4CleanAuxExDnRcK5AcQdEma,minbias,0,test,38.91311,48.66175842285156,0.2505235354193449,0,15mm,0.9575559
SubNetW4CleanAuxExDnRcK5AcQdEma,minbias,0,test,13.210524,14.107708930969238,0.06791444097336474,4,120mm,3.0843463
SubNetW4CleanAuxExDnRcK5AcQdEma,minbias,0,test,50.942085,50.79335403442383,-0.0029196141247949114,2,40mm,4.3925214
SubNetW4CleanAuxExDnRcK5AcQdEma,minbias,0,test,9.706429,9.416485786437988,-0.02987120757780959,3,60mm,1.3194771
SubNetW4CleanAuxExDnRcK5AcQdEma,minbias,0,test,6.7144446,6.707102298736572,-0.00109351390303003,2,40mm,0.5278515
SubNetW4CleanAuxExDnRcK5AcQdEma,minbias,0,test,25.090229,25.17218780517578,0.003266561283259195,3,60mm,3.2024136
SubNetW4CleanAuxExDnRcK5AcQdEma,minbias,0,test,8.0649395,8.154699325561523,0.011129634223838059,4,120mm,1.8051766
SubNetW4CleanAuxExDnRcK5AcQdEma,minbias,0,test,49.634212,48.45256042480469,-0.02380720897379207,1,30mm,4.682672
SubNetW4CleanAuxExDnRcK5AcQdEma,minbias,0,test,8.669871,9.081034660339355,0.04742438663916548,3,60mm,1.9405788
SubNetW4CleanAuxExDnRcK5AcQdEma,minbias,0,test,95.0061,98.81484985351562,0.04008949106374238,0,15mm,2.2961392
SubNetW4CleanAuxExDnRcK5AcQdEma,minbias,0,test,21.40066,21.681522369384766,0.013124025800462347,3,60mm,4.152103
SubNetW4CleanAuxExDnRcK5AcQdEma,minbias,0,test,47.449802,47.635765075683594,0.003919145446370065,2,40mm,4.3785644
SubNetW4CleanAuxExDnRcK5AcQdEma,minbias,0,test,15.841306,15.583552360534668,-0.01627096759201374,3,60mm,3.470247
SubNetW4CleanAuxExDnRcK5AcQdEma,minbias,0,test,90.03259,89.6240005493164,-0.004538270103464637,0,15mm,1.8966799
SubNetW4CleanAuxExDnRcK5AcQdEma,minbias,0,test,52.94426,50.73786544799805,-0.04167390781193481,1,30mm,3.7732468
SubNetW4CleanAuxExDnRcK5AcQdEma,minbias,0,test,48.881184,50.40392303466797,0.031151852256793733,2,40mm,4.562844
SubNetW4CleanAuxExDnRcK5AcQdEma,minbias,0,test,14.124595,13.421470642089844,-0.04978012196713577,1,30mm,0.79436064
SubNetW4CleanAuxExDnRcK5AcQdEma,minbias,0,test,20.861246,21.225234985351562,0.017448088884085777,2,40mm,1.8143837
SubNetW4CleanAuxExDnRcK5AcQdEma,minbias,0,test,7.9769363,7.85398006439209,-0.015413972318954694,4,120mm,1.866317
SubNetW4CleanAuxExDnRcK5AcQdEma,minbias,0,test,19.555393,19.878326416015625,0.016513766478897463,3,60mm,2.4484968
SubNetW4CleanAuxExDnRcK5AcQdEma,minbias,0,test,3.9073408,4.658618927001953,0.19227351981487106,2,40mm,0.67628497
SubNetW4CleanAuxExDnRcK5AcQdEma,minbias,0,test,26.726429,26.8231143951416,0.0036175955118435965,2,40mm,2.3592908
SubNetW4CleanAuxExDnRcK5AcQdEma,minbias,0,test,34.03778,33.54527282714844,-0.01446944905186709,2,40mm,3.2069535
SubNetW4CleanAuxExDnRcK5AcQdEma,minbias,0,test,52.5762,51.598388671875,-0.01859795748750137,1,30mm,3.156513
SubNetW4CleanAuxExDnRcK5AcQdEma,minbias,0,test,37.460915,35.61103057861328,-0.04938171030719074,0,15mm,1.2388394
SubNetW4CleanAuxExDnRcK5AcQdEma,minbias,0,test,17.353024,16.960006713867188,-0.0226483191547312,3,60mm,3.3435802
SubNetW4CleanAuxExDnRcK5AcQdEma,minbias,0,test,14.678023,14.894289016723633,0.014733978371678003,3,60mm,2.2413177
SubNetW4CleanAuxExDnRcK5AcQdEma,minbias,0,test,35.37111,35.05729293823242,-0.008872101535709942,3,60mm,3.8465695
SubNetW4CleanAuxExDnRcK5AcQdEma,minbias,0,test,32.220387,32.30231475830078,0.0025427458221456423,2,40mm,3.2855358
SubNetW4CleanAuxExDnRcK5AcQdEma,minbias,0,test,4.34083,4.518927574157715,0.04102849710766776,3,60mm,0.9904358
SubNetW4CleanAuxExDnRcK5AcQdEma,minbias,0,test,3.4471352,3.0984320640563965,-0.10115737409008352,3,60mm,0.71817195
SubNetW4CleanAuxExDnRcK5AcQdEma,minbias,0,test,8.778598,8.420035362243652,-0.040845073023685896,3,60mm,1.6337807
SubNetW4CleanAuxExDnRcK5AcQdEma,minbias,0,test,21.413921,22.546791076660156,0.052903422106335585,1,30mm,1.1893618
SubNetW4CleanAuxExDnRcK5AcQdEma,minbias,0,test,7.283361,7.929914474487305,0.08877131314890385,3,60mm,1.5936233
SubNetW4CleanAuxExDnRcK5AcQdEma,minbias,0,test,57.248184,59.064186096191406,0.031721563178587875,1,30mm,2.9200346
SubNetW4CleanAuxExDnRcK5AcQdEma,minbias,0,test,7.71891,7.701023101806641,-0.0023173109901525324,3,60mm,1.746465
SubNetW4CleanAuxExDnRcK5AcQdEma,minbias,0,test,7.8609934,13.765296936035156,0.751088731578123,2,40mm,0.9941589
SubNetW4CleanAuxExDnRcK5AcQdEma,minbias,0,test,47.40233,47.350914001464844,-0.0010846405943039095,1,30mm,2.1897376
SubNetW4CleanAuxExDnRcK5AcQdEma,minbias,0,test,32.67312,33.204917907714844,0.016276356201508024,2,40mm,3.134184
SubNetW4CleanAuxExDnRcK5AcQdEma,minbias,0,test,59.449562,58.303627014160156,-0.019275752732902607,2,40mm,4.7010713
SubNetW4CleanAuxExDnRcK5AcQdEma,minbias,0,test,42.810738,44.17448806762695,0.03185533662586271,1,30mm,2.5260575
SubNetW4CleanAuxExDnRcK5AcQdEma,minbias,0,test,66.38985,63.93665313720703,-0.03695133793388761,1,30mm,4.1695523
SubNetW4CleanAuxExDnRcK5AcQdEma,minbias,0,test,20.368551,20.454326629638672,0.004211167220261602,3,60mm,2.8109322
SubNetW4CleanAuxExDnRcK5AcQdEma,minbias,0,test,7.4104233,7.981703281402588,0.0770914131487832,4,120mm,1.6209325
SubNetW4CleanAuxExDnRcK5AcQdEma,minbias,0,test,43.143646,40.39984130859375,-0.06359696434470208,1,30mm,2.2228467
SubNetW4CleanAuxExDnRcK5AcQdEma,minbias,0,test,83.39975,81.7294692993164,-0.020027403696443624,0,15mm,2.230252
SubNetW4CleanAuxExDnRcK5AcQdEma,minbias,0,test,5.6390324,5.22786808013916,-0.07291397836005487,2,40mm,0.8654129
SubNetW4CleanAuxExDnRcK5AcQdEma,minbias,0,test,12.754782,12.340249061584473,-0.03250017683091777,3,60mm,2.2656054
SubNetW4CleanAuxExDnRcK5AcQdEma,minbias,0,test,59.244907,59.151947021484375,-0.0015690860493897674,0,15mm,2.838897
SubNetW4CleanAuxExDnRcK5AcQdEma,minbias,0,test,13.524308,14.658479690551758,0.08386170063107912,2,40mm,0.9954421
SubNetW4CleanAuxExDnRcK5AcQdEma,minbias,0,test,26.591866,25.57935905456543,-0.038075797408024026,2,40mm,2.0866997
SubNetW4CleanAuxExDnRcK5AcQdEma,minbias,0,test,17.75376,17.429872512817383,-0.018243283821169243,4,120mm,3.9934168
SubNetW4CleanAuxExDnRcK5AcQdEma,minbias,0,test,49.100964,48.91735076904297,-0.003739495318463848,2,40mm,4.205935
SubNetW4CleanAuxExDnRcK5AcQdEma,minbias,0,test,8.93708,8.633614540100098,-0.0339558144478278,2,40mm,1.0605737
SubNetW4CleanAuxExDnRcK5AcQdEma,minbias,0,test,15.816299,19.797094345092773,0.25168939941362445,2,40mm,1.1869326
SubNetW4CleanAuxExDnRcK5AcQdEma,minbias,0,test,77.019936,75.4464340209961,-0.0204297961884099,0,15mm,3.6594045
SubNetW4CleanAuxExDnRcK5AcQdEma,minbias,0,test,13.867351,17.22248077392578,0.24194457165205807,1,30mm,0.81368595
SubNetW4CleanAuxExDnRcK5AcQdEma,minbias,0,test,80.17861,78.23639678955078,-0.024223604316648717,0,15mm,1.7728734
SubNetW4CleanAuxExDnRcK5AcQdEma,minbias,0,test,30.804064,31.259876251220703,0.014797153298587329,1,30mm,2.6700897
SubNetW4CleanAuxExDnRcK5AcQdEma,minbias,0,test,14.152422,14.31717586517334,0.011641393568281089,2,40mm,3.0782917
SubNetW4CleanAuxExDnRcK5AcQdEma,minbias,0,test,80.03374,80.46007537841797,0.005326980980882912,0,15mm,2.156465
SubNetW4CleanAuxExDnRcK5AcQdEma,minbias,0,test,3.4998531,3.5448734760284424,0.012863494594619551,4,120mm,0.80054796
SubNetW4CleanAuxExDnRcK5AcQdEma,minbias,0,test,29.389482,30.03338623046875,0.02190932529485412,2,40mm,2.6800327
SubNetW4CleanAuxExDnRcK5AcQdEma,minbias,0,test,25.077477,24.264760971069336,-0.03240818630008624,2,40mm,2.3994818
SubNetW4CleanAuxExDnRcK5AcQdEma,minbias,0,test,31.941923,32.17373275756836,0.007257221647617218,2,40mm,4.8653193
SubNetW4CleanAuxExDnRcK5AcQdEma,minbias,0,test,33.534855,33.133338928222656,-0.011973093726613038,2,40mm,3.8058083
SubNetW4CleanAuxExDnRcK5AcQdEma,minbias,0,test,14.096987,13.429929733276367,-0.0473191220370075,2,40mm,2.132109
SubNetW4CleanAuxExDnRcK5AcQdEma,minbias,0,test,6.7931404,6.922411918640137,0.019029712244234442,3,60mm,0.7273526
SubNetW4CleanAuxExDnRcK5AcQdEma,minbias,0,test,13.972426,13.633637428283691,-0.02424696871938592,3,60mm,3.2863069
SubNetW4CleanAuxExDnRcK5AcQdEma,minbias,0,test,16.137083,16.56072998046875,0.026253005296745124,3,60mm,2.7447088
SubNetW4CleanAuxExDnRcK5AcQdEma,minbias,0,test,27.602188,28.325275421142578,0.026196738747673365,2,40mm,3.0732117
SubNetW4CleanAuxExDnRcK5AcQdEma,minbias,0,test,23.99313,24.770687103271484,0.03240750088836353,3,60mm,4.017756
SubNetW4CleanAuxExDnRcK5AcQdEma,minbias,0,test,8.709664,7.738210201263428,-0.11153749502477073,2,40mm,0.613981
SubNetW4CleanAuxExDnRcK5AcQdEma,minbias,0,test,22.136574,22.271528244018555,0.006096447164124497,3,60mm,3.4205134
SubNetW4CleanAuxExDnRcK5AcQdEma,minbias,0,test,17.231508,17.583110809326172,0.020404630234220233,3,60mm,1.7593457
SubNetW4CleanAuxExDnRcK5AcQdEma,minbias,0,test,24.871836,24.238319396972656,-0.0254712325647114,1,30mm,1.0769496
SubNetW4CleanAuxExDnRcK5AcQdEma,minbias,0,test,25.892817,25.71397590637207,-0.0069069595772260906,3,60mm,2.9778368
SubNetW4CleanAuxExDnRcK5AcQdEma,minbias,0,test,4.7001486,4.966824054718018,0.056737668518562545,2,40mm,0.59423083
SubNetW4CleanAuxExDnRcK5AcQdEma,minbias,0,test,32.49441,32.052513122558594,-0.013599210632744052,3,60mm,3.9150748
SubNetW4CleanAuxExDnRcK5AcQdEma,minbias,0,test,27.3054,28.332887649536133,0.03762943480861192,2,40mm,4.0013633
SubNetW4CleanAuxExDnRcK5AcQdEma,minbias,0,test,12.212244,12.6497802734375,0.0358276692156303,3,60mm,1.6472894
SubNetW4CleanAuxExDnRcK5AcQdEma,minbias,0,test,40.01429,40.611473083496094,0.014924249054245164,2,40mm,3.846973
SubNetW4CleanAuxExDnRcK5AcQdEma,minbias,0,test,4.201286,4.901862621307373,0.1667529439938893,2,40mm,0.67318034
SubNetW4CleanAuxExDnRcK5AcQdEma,minbias,0,test,11.4911995,13.284306526184082,0.1560417634211706,2,40mm,0.75378287
SubNetW4CleanAuxExDnRcK5AcQdEma,minbias,0,test,10.48793,10.74010181427002,0.02404397333476882,3,60mm,1.5015583
SubNetW4CleanAuxExDnRcK5AcQdEma,minbias,0,test,40.0745,39.83458709716797,-0.005986698130180157,2,40mm,2.9761758
SubNetW4CleanAuxExDnRcK5AcQdEma,minbias,0,test,19.738588,20.09039878845215,0.017823486127008126,1,30mm,1.9788072
SubNetW4CleanAuxExDnRcK5AcQdEma,minbias,0,test,23.667034,23.27816390991211,-0.016430881740687076,3,60mm,2.4326584
SubNetW4CleanAuxExDnRcK5AcQdEma,minbias,0,test,41.055916,65.30683135986328,0.5906801744789019,0,15mm,1.544674
SubNetW4CleanAuxExDnRcK5AcQdEma,minbias,0,test,16.574574,16.36035919189453,-0.012924273721640733,3,60mm,3.7572982
SubNetW4CleanAuxExDnRcK5AcQdEma,minbias,0,test,10.587623,10.678019523620605,0.008537977235843819,4,120mm,2.4638987
SubNetW4CleanAuxExDnRcK5AcQdEma,minbias,0,test,10.523041,10.239215850830078,-0.026971759096801495,3,60mm,1.81392
SubNetW4CleanAuxExDnRcK5AcQdEma,minbias,0,test,5.7316513,5.601716041564941,-0.022669778332106483,3,60mm,0.877191
SubNetW4CleanAuxExDnRcK5AcQdEma,minbias,0,test,26.711763,25.400283813476562,-0.049097453796976276,1,30mm,1.6081176
SubNetW4CleanAuxExDnRcK5AcQdEma,minbias,0,test,79.04244,76.80058288574219,-0.028362729821893362,0,15mm,2.319272
SubNetW4CleanAuxExDnRcK5AcQdEma,minbias,0,test,21.039225,20.81511878967285,-0.0106518105566753,3,60mm,3.472064
SubNetW4CleanAuxExDnRcK5AcQdEma,minbias,0,test,87.4726,84.57234191894531,-0.03315622070212587,1,30mm,4.777572
SubNetW4CleanAuxExDnRcK5AcQdEma,minbias,0,test,14.076991,13.651328086853027,-0.030238208714367998,3,60mm,3.0999994
SubNetW4CleanAuxExDnRcK5AcQdEma,minbias,0,test,69.64247,67.02902221679688,-0.03752665646967002,0,15mm,1.9062605
SubNetW4CleanAuxExDnRcK5AcQdEma,minbias,0,test,14.295934,14.545658111572266,0.017468211097882547,3,60mm,3.3193843
SubNetW4CleanAuxExDnRcK5AcQdEma,minbias,0,test,87.87384,86.59291076660156,-0.014576915730434625,1,30mm,4.685095
SubNetW4CleanAuxExDnRcK5AcQdEma,minbias,0,test,18.176157,10.978615760803223,-0.3959880649026013,2,40mm,1.188216
SubNetW4CleanAuxExDnRcK5AcQdEma,minbias,0,test,41.428326,41.56363296508789,0.0032660579417278512,2,40mm,2.8950052
SubNetW4CleanAuxExDnRcK5AcQdEma,minbias,0,test,7.624322,9.458714485168457,0.24059746724103181,2,40mm,0.755666
SubNetW4CleanAuxExDnRcK5AcQdEma,minbias,0,test,23.643896,23.53611946105957,-0.004558328347266771,3,60mm,4.525814
SubNetW4CleanAuxExDnRcK5AcQdEma,minbias,0,test,70.56885,77.05049133300781,0.09184851236810232,0,15mm,1.9636244
SubNetW4CleanAuxExDnRcK5AcQdEma,minbias,0,test,15.828903,15.17812442779541,-0.041113320505936635,2,40mm,2.663432
SubNetW4CleanAuxExDnRcK5AcQdEma,minbias,0,test,13.591681,12.96812915802002,-0.045877429762045896,3,60mm,2.1900434
SubNetW4CleanAuxExDnRcK5AcQdEma,minbias,0,test,64.46215,63.319557189941406,-0.01772502737838677,1,30mm,3.306912
SubNetW4CleanAuxExDnRcK5AcQdEma,minbias,0,test,7.741186,7.528102874755859,-0.027525919581847136,3,60mm,1.1308081
SubNetW4CleanAuxExDnRcK5AcQdEma,minbias,0,test,15.6431,16.698049545288086,0.06743866464743986,3,60mm,2.538529
SubNetW4CleanAuxExDnRcK5AcQdEma,minbias,0,test,11.534715,11.670413970947266,0.011764423802348434,2,40mm,1.764422
SubNetW4CleanAuxExDnRcK5AcQdEma,minbias,0,test,29.463306,32.06524658203125,0.08831120707636275,1,30mm,1.1890299
SubNetW4CleanAuxExDnRcK5AcQdEma,minbias,0,test,10.578247,10.541363716125488,-0.0034867170280531434,3,60mm,2.5412877
SubNetW4CleanAuxExDnRcK5AcQdEma,minbias,0,test,72.495224,72.38299560546875,-0.0015480798232473392,2,40mm,4.726563
SubNetW4CleanAuxExDnRcK5AcQdEma,minbias,0,test,18.546076,18.4483585357666,-0.005268892788953705,2,40mm,1.9122142
SubNetW4CleanAuxExDnRcK5AcQdEma,minbias,0,test,14.168642,13.450175285339355,-0.050708229941405,3,60mm,3.2447314
SubNetW4CleanAuxExDnRcK5AcQdEma,minbias,0,test,16.37878,15.625699043273926,-0.045979084213500165,2,40mm,1.2457845
SubNetW4CleanAuxExDnRcK5AcQdEma,minbias,0,test,11.404415,11.732860565185547,0.02879984907674915,3,60mm,1.1960019
SubNetW4CleanAuxExDnRcK5AcQdEma,minbias,0,test,13.923604,14.132943153381348,0.015034838801237571,3,60mm,2.767449
SubNetW4CleanAuxExDnRcK5AcQdEma,minbias,0,test,14.454091,14.007246971130371,-0.030914714645406516,3,60mm,2.1234143
SubNetW4CleanAuxExDnRcK5AcQdEma,minbias,0,test,45.452908,44.76278305053711,-0.015183286366741267,2,40mm,4.391073
SubNetW4CleanAuxExDnRcK5AcQdEma,minbias,0,test,18.618904,17.32137107849121,-0.06968901216472434,0,15mm,0.79625
SubNetW4CleanAuxExDnRcK5AcQdEma,minbias,0,test,19.59612,19.388761520385742,-0.010581651119509261,2,40mm,2.3033588
SubNetW4CleanAuxExDnRcK5AcQdEma,minbias,0,test,13.018294,13.785533905029297,0.058935491156442144,2,40mm,1.1874549
SubNetW4CleanAuxExDnRcK5AcQdEma,minbias,0,test,10.668829,10.262739181518555,-0.03806320113259243,3,60mm,2.2352479
SubNetW4CleanAuxExDnRcK5AcQdEma,minbias,0,test,25.965229,25.107723236083984,-0.033025158268505606,1,30mm,1.611269
SubNetW4CleanAuxExDnRcK5AcQdEma,minbias,0,test,9.886019,9.876443862915039,-0.0009685284213893919,3,60mm,1.7701378
SubNetW4CleanAuxExDnRcK5AcQdEma,minbias,0,test,90.345055,87.38140869140625,-0.03280363211148529,0,15mm,2.934407
SubNetW4CleanAuxExDnRcK5AcQdEma,minbias,0,test,18.108315,17.794626235961914,-0.01732288656423253,4,120mm,4.2109294
SubNetW4CleanAuxExDnRcK5AcQdEma,minbias,0,test,16.274694,15.73054313659668,-0.03343542381496345,3,60mm,2.6138043
SubNetW4CleanAuxExDnRcK5AcQdEma,minbias,0,test,26.066322,28.419673919677734,0.0902832230617594,0,15mm,1.2131076
SubNetW4CleanAuxExDnRcK5AcQdEma,minbias,0,test,35.11765,36.01740264892578,0.025621121976267203,3,60mm,4.493859
SubNetW4CleanAuxExDnRcK5AcQdEma,minbias,0,test,67.27088,66.79143524169922,-0.007127101642685707,1,30mm,3.7951617
SubNetW4CleanAuxExDnRcK5AcQdEma,minbias,0,test,6.5487,6.63557767868042,0.013266423074646205,2,40mm,1.1433134
SubNetW4CleanAuxExDnRcK5AcQdEma,minbias,0,test,18.698442,19.53348731994629,0.04465852504378853,2,40mm,3.3829238
SubNetW4CleanAuxExDnRcK5AcQdEma,minbias,0,test,40.056503,43.12834548950195,0.07668772710667571,3,60mm,4.203232
SubNetW4CleanAuxExDnRcK5AcQdEma,minbias,0,test,25.535618,25.053810119628906,-0.018868065459726746,2,40mm,2.2695127
SubNetW4CleanAuxExDnRcK5AcQdEma,minbias,0,test,20.191206,20.941923141479492,0.03718040239346143,3,60mm,2.359905
SubNetW4CleanAuxExDnRcK5AcQdEma,minbias,0,test,37.223797,35.3719596862793,-0.04974874449105582,2,40mm,3.3845053
SubNetW4CleanAuxExDnRcK5AcQdEma,minbias,0,test,4.6406355,4.332429885864258,-0.06641452559453143,3,60mm,0.8510368
SubNetW4CleanAuxExDnRcK5AcQdEma,minbias,0,test,96.73793,93.73797607421875,-0.031011147482648105,0,15mm,4.783487
SubNetW4CleanAuxExDnRcK5AcQdEma,minbias,0,test,11.794699,11.571667671203613,-0.01890943121071298,2,40mm,2.254586
SubNetW4CleanAuxExDnRcK5AcQdEma,minbias,0,test,9.09533,9.171299934387207,0.008352604474399783,3,60mm,2.0998266
SubNetW4CleanAuxExDnRcK5AcQdEma,minbias,0,test,30.521801,30.293046951293945,-0.007494775410452625,3,60mm,4.8270783
SubNetW4CleanAuxExDnRcK5AcQdEma,minbias,0,test,8.67926,8.631834030151367,-0.00546431635501865,2,40mm,0.7203556
SubNetW4CleanAuxExDnRcK5AcQdEma,minbias,0,test,13.709073,14.410730361938477,0.05118196480627302,3,60mm,1.5856957
SubNetW4CleanAuxExDnRcK5AcQdEma,minbias,0,test,17.630259,17.537254333496094,-0.0052752616399300845,3,60mm,4.087855
SubNetW4CleanAuxExDnRcK5AcQdEma,minbias,0,test,57.203323,57.03963851928711,-0.002861456910962956,0,15mm,1.7016157
SubNetW4CleanAuxExDnRcK5AcQdEma,minbias,0,test,14.476839,15.024277687072754,0.03781478947456485,4,120mm,3.4481905
SubNetW4CleanAuxExDnRcK5AcQdEma,minbias,0,test,60.40973,60.6326789855957,0.0036906303896022674,0,15mm,1.6607952
SubNetW4CleanAuxExDnRcK5AcQdEma,minbias,0,test,20.064274,19.78366470336914,-0.013985511420835595,3,60mm,2.5962346
SubNetW4CleanAuxExDnRcK5AcQdEma,minbias,0,test,59.460667,59.652565002441406,0.0032273157490121385,1,30mm,4.140564
SubNetW4CleanAuxExDnRcK5AcQdEma,minbias,0,test,39.20621,39.505733489990234,0.007639667072497858,2,40mm,3.6161158
SubNetW4CleanAuxExDnRcK5AcQdEma,minbias,0,test,11.023473,10.305259704589844,-0.0651530688473494,2,40mm,0.7186145
SubNetW4CleanAuxExDnRcK5AcQdEma,minbias,0,test,41.95657,44.09986877441406,0.0510837544527003,2,40mm,3.3548214
SubNetW4CleanAuxExDnRcK5AcQdEma,minbias,0,test,21.256718,20.452430725097656,-0.03783683675079019,2,40mm,1.3801943
SubNetW4CleanAuxExDnRcK5AcQdEma,minbias,0,test,15.483774,16.49363136291504,0.0652203503911144,1,30mm,0.6516827
SubNetW4CleanAuxExDnRcK5AcQdEma,minbias,0,test,7.4781675,7.544450283050537,0.008863501502978988,4,120mm,1.7607118
SubNetW4CleanAuxExDnRcK5AcQdEma,minbias,0,test,25.223574,24.863096237182617,-0.01429129163123033,1,30mm,1.0586145
SubNetW4CleanAuxExDnRcK5AcQdEma,minbias,0,test,9.189084,9.063179969787598,-0.013701483469433118,3,60mm,1.1739063
SubNetW4CleanAuxExDnRcK5AcQdEma,minbias,0,test,69.37527,69.64275360107422,0.003855647462294387,1,30mm,3.4549866
SubNetW4CleanAuxExDnRcK5AcQdEma,minbias,0,test,13.269157,13.60500717163086,0.02531055677417693,2,40mm,2.176786
SubNetW4CleanAuxExDnRcK5AcQdEma,minbias,0,test,67.32501,66.69340515136719,-0.00938146217815461,0,15mm,2.859748
SubNetW4CleanAuxExDnRcK5AcQdEma,minbias,0,test,7.066458,6.935840606689453,-0.018484170485019047,2,40mm,0.9767181
SubNetW4CleanAuxExDnRcK5AcQdEma,minbias,0,test,69.118645,69.3594970703125,0.003484622086448619,1,30mm,3.3575935
SubNetW4CleanAuxExDnRcK5AcQdEma,minbias,0,test,8.487699,8.194239616394043,-0.03457461839593878,3,60mm,1.9458982
SubNetW4CleanAuxExDnRcK5AcQdEma,minbias,0,test,32.76531,32.55113983154297,-0.006536442327943481,2,40mm,3.3303287
SubNetW4CleanAuxExDnRcK5AcQdEma,minbias,0,test,65.42123,65.75564575195312,0.005111785094411125,2,40mm,4.754518
SubNetW4CleanAuxExDnRcK5AcQdEma,minbias,0,test,60.954002,63.41041946411133,0.04029952075027765,0,15mm,1.2932914
SubNetW4CleanAuxExDnRcK5AcQdEma,minbias,0,test,16.815184,14.852705955505371,-0.11670866795697232,1,30mm,0.93471664
SubNetW4CleanAuxExDnRcK5AcQdEma,minbias,0,test,16.018301,16.164247512817383,0.0091112348677449,2,40mm,2.2241623
SubNetW4CleanAuxExDnRcK5AcQdEma,minbias,0,test,23.393312,22.98118019104004,-0.017617524837068688,2,40mm,3.7406023
SubNetW4CleanAuxExDnRcK5AcQdEma,minbias,0,test,10.8768635,16.653940200805664,0.5311344333795285,1,30mm,1.0262153
SubNetW4CleanAuxExDnRcK5AcQdEma,minbias,0,test,23.575232,24.71647071838379,0.04840839691167087,3,60mm,4.845193
SubNetW4CleanAuxExDnRcK5AcQdEma,minbias,0,test,68.226234,66.69458770751953,-0.022449527534039837,1,30mm,3.597376
SubNetW4CleanAuxExDnRcK5AcQdEma,minbias,0,test,25.68458,25.33884048461914,-0.01346097022623527,3,60mm,4.5052476
SubNetW4CleanAuxExDnRcK5AcQdEma,minbias,0,test,38.076126,36.93180847167969,-0.03005341520271443,2,40mm,3.8662834
SubNetW4CleanAuxExDnRcK5AcQdEma,minbias,0,test,9.587415,9.60162353515625,0.0014820255536258653,3,60mm,1.7334166
SubNetW4CleanAuxExDnRcK5AcQdEma,minbias,0,test,26.439285,25.34819984436035,-0.04126758429641175,2,40mm,2.2825398
SubNetW4CleanAuxExDnRcK5AcQdEma,minbias,0,test,23.17926,23.15176773071289,-0.0011860828556307101,3,60mm,4.243046
SubNetW4CleanAuxExDnRcK5AcQdEma,minbias,0,test,25.632221,25.7893123626709,0.006128658901114248,3,60mm,3.077776
SubNetW4CleanAuxExDnRcK5AcQdEma,minbias,0,test,42.158344,42.69828414916992,0.012807426139140432,1,30mm,3.3661416
SubNetW4CleanAuxExDnRcK5AcQdEma,minbias,0,test,11.440248,11.512075424194336,0.006278525728100837,2,40mm,0.85038984
SubNetW4CleanAuxExDnRcK5AcQdEma,minbias,0,test,56.37574,53.61167907714844,-0.049029262792956496,1,30mm,2.4632418
SubNetW4CleanAuxExDnRcK5AcQdEma,minbias,0,test,57.453293,53.26151657104492,-0.07295972202709033,1,30mm,3.8488967
SubNetW4CleanAuxExDnRcK5AcQdEma,minbias,0,test,49.8948,50.51886749267578,0.012507700910622699,1,30mm,2.6205413
SubNetW4CleanAuxExDnRcK5AcQdEma,minbias,0,test,29.243402,28.793380737304688,-0.015388829807529536,3,60mm,4.651529
SubNetW4CleanAuxExDnRcK5AcQdEma,minbias,0,test,17.678402,17.209598541259766,-0.026518426674912443,3,60mm,2.9720526
SubNetW4CleanAuxExDnRcK5AcQdEma,minbias,0,test,56.088997,54.813594818115234,-0.022738899603724105,1,30mm,4.40124
SubNetW4CleanAuxExDnRcK5AcQdEma,minbias,0,test,6.0334783,5.5974507331848145,-0.07226801988220932,3,60mm,1.3065448
SubNetW4CleanAuxExDnRcK5AcQdEma,minbias,0,test,62.41581,61.31599044799805,-0.017620843017908006,2,40mm,4.3852024
SubNetW4CleanAuxExDnRcK5AcQdEma,minbias,0,test,16.19366,16.387447357177734,0.011966819871799483,3,60mm,3.292729
SubNetW4CleanAuxExDnRcK5AcQdEma,minbias,0,test,49.109894,54.18387222290039,0.10331886370712007,1,30mm,3.2868807
SubNetW4CleanAuxExDnRcK5AcQdEma,minbias,0,test,63.501915,60.41000747680664,-0.04868998836161953,0,15mm,2.1707988
SubNetW4CleanAuxExDnRcK5AcQdEma,minbias,0,test,4.1278744,4.8430023193359375,0.1732436310036758,2,40mm,0.5348797
SubNetW4CleanAuxExDnRcK5AcQdEma,minbias,0,test,21.461264,21.35069465637207,-0.00515202655413316,3,60mm,3.8997192
SubNetW4CleanAuxExDnRcK5AcQdEma,minbias,0,test,7.55402,7.268812656402588,-0.03775569488764241,3,60mm,1.4351736
SubNetW4CleanAuxExDnRcK5AcQdEma,minbias,0,test,26.564339,27.0413818359375,0.01795802852571393,0,15mm,0.84856623
SubNetW4CleanAuxExDnRcK5AcQdEma,minbias,0,test,35.204514,35.98394012451172,0.022139961502503303,3,60mm,4.009712
SubNetW4CleanAuxExDnRcK5AcQdEma,minbias,0,test,10.018084,10.359109878540039,0.03404107219591346,3,60mm,1.7531184
SubNetW4CleanAuxExDnRcK5AcQdEma,minbias,0,test,24.177376,22.017127990722656,-0.08934997003764933,1,30mm,1.3740362
SubNetW4CleanAuxExDnRcK5AcQdEma,minbias,0,test,22.91102,22.709495544433594,-0.008795973817123937,3,60mm,3.761455
SubNetW4CleanAuxExDnRcK5AcQdEma,minbias,0,test,30.367186,29.567840576171875,-0.026322657199846944,3,60mm,4.2486567
SubNetW4CleanAuxExDnRcK5AcQdEma,minbias,0,test,10.545566,10.815017700195312,0.025551222676932772,3,60mm,1.5499102
SubNetW4CleanAuxExDnRcK5AcQdEma,minbias,0,test,4.091452,3.738071918487549,-0.0863703625834562,3,60mm,0.98710823
SubNetW4CleanAuxExDnRcK5AcQdEma,minbias,0,test,52.091244,51.766563415527344,-0.006232915650189019,0,15mm,1.4086847
SubNetW4CleanAuxExDnRcK5AcQdEma,minbias,0,test,19.707973,19.53052520751953,-0.00900388225522697,4,120mm,4.6677356
SubNetW4CleanAuxExDnRcK5AcQdEma,minbias,0,test,26.579779,26.605602264404297,0.0009715503450586915,2,40mm,2.225864
SubNetW4CleanAuxExDnRcK5AcQdEma,minbias,0,test,10.582738,10.741741180419922,0.015024775149243386,3,60mm,1.5974295
SubNetW4CleanAuxExDnRcK5AcQdEma,minbias,0,test,19.805838,19.032190322875977,-0.03906157986117631,4,120mm,4.331054
SubNetW4CleanAuxExDnRcK5AcQdEma,minbias,0,test,61.950394,65.74215698242188,0.06120644406956588,0,15mm,1.4419931
SubNetW4CleanAuxExDnRcK5AcQdEma,minbias,0,test,37.463512,38.371646881103516,0.024240505007975477,2,40mm,2.8379178
SubNetW4CleanAuxExDnRcK5AcQdEma,minbias,0,test,35.149277,36.0516471862793,0.02567251837712603,1,30mm,1.6264709
SubNetW4CleanAuxExDnRcK5AcQdEma,minbias,0,test,10.440667,10.281576156616211,-0.015237627391649133,3,60mm,1.1754202
SubNetW4CleanAuxExDnRcK5AcQdEma,minbias,0,test,58.09115,57.79872512817383,-0.0050338692978824096,1,30mm,3.7853866
SubNetW4CleanAuxExDnRcK5AcQdEma,minbias,0,test,26.789658,25.60491371154785,-0.04422392772743666,2,40mm,4.139707
SubNetW4CleanAuxExDnRcK5AcQdEma,minbias,0,test,37.62621,37.96443557739258,0.00898911490208576,2,40mm,2.8114862
SubNetW4CleanAuxExDnRcK5AcQdEma,minbias,0,test,33.982655,35.89734649658203,0.05634321241792395,2,40mm,4.338149
SubNetW4CleanAuxExDnRcK5AcQdEma,minbias,0,test,20.808609,20.387197494506836,-0.020251786849579068,3,60mm,3.616949
SubNetW4CleanAuxExDnRcK5AcQdEma,minbias,0,test,14.274713,14.445194244384766,0.011942915212938221,2,40mm,1.8231307
SubNetW4CleanAuxExDnRcK5AcQdEma,minbias,0,test,77.38569,73.76763153076172,-0.04675357043317241,0,15mm,4.3731465
SubNetW4CleanAuxExDnRcK5AcQdEma,minbias,0,test,22.249723,22.5129337310791,0.011829823296739983,3,60mm,2.5979388
SubNetW4CleanAuxExDnRcK5AcQdEma,minbias,0,test,21.585205,19.289751052856445,-0.1063438599244455,3,60mm,4.6068773
SubNetW4CleanAuxExDnRcK5AcQdEma,minbias,0,test,20.726273,19.508596420288086,-0.05875036902284225,2,40mm,2.4014947
SubNetW4CleanAuxExDnRcK5AcQdEma,minbias,0,test,75.54517,86.19109344482422,0.14092124335869527,0,15mm,1.8607962
SubNetW4CleanAuxExDnRcK5AcQdEma,minbias,0,test,20.550474,20.003204345703125,-0.026630520382311063,4,120mm,4.956912
SubNetW4CleanAuxExDnRcK5AcQdEma,minbias,0,test,52.026405,55.3780632019043,0.06442224570166166,1,30mm,2.355684
SubNetW4CleanAuxExDnRcK5AcQdEma,minbias,0,test,29.391356,27.218664169311523,-0.07392280169388632,3,60mm,4.980503
SubNetW4CleanAuxExDnRcK5AcQdEma,minbias,0,test,22.364576,22.131376266479492,-0.010427207280828354,3,60mm,2.9826798
SubNetW4CleanAuxExDnRcK5AcQdEma,minbias,0,test,71.20446,69.8308334350586,-0.019291301502821545,1,30mm,4.0218706
SubNetW4CleanAuxExDnRcK5AcQdEma,minbias,0,test,34.120167,34.16641616821289,0.0013554854508359693,2,40mm,2.676435
SubNetW4CleanAuxExDnRcK5AcQdEma,minbias,0,test,12.791224,14.593814849853516,0.14092407346243108,2,40mm,0.941089
SubNetW4CleanAuxExDnRcK5AcQdEma,minbias,0,test,15.816937,15.752507209777832,-0.004073496341118754,4,120mm,3.7866561
SubNetW4CleanAuxExDnRcK5AcQdEma,minbias,0,test,12.083647,12.39433479309082,0.025711444947217332,2,40mm,1.0781167
SubNetW4CleanAuxExDnRcK5AcQdEma,minbias,0,test,37.26782,37.8969841003418,0.01688227740624293,2,40mm,3.1800687
SubNetW4CleanAuxExDnRcK5AcQdEma,minbias,0,test,13.14165,13.569657325744629,0.03256875044947316,3,60mm,2.9881778
SubNetW4CleanAuxExDnRcK5AcQdEma,minbias,0,test,45.884907,45.6392707824707,-0.005353306863318141,0,15mm,1.4570583
SubNetW4CleanAuxExDnRcK5AcQdEma,minbias,0,test,18.723263,18.41449546813965,-0.016491106397448663,2,40mm,2.1153214
SubNetW4CleanAuxExDnRcK5AcQdEma,minbias,0,test,11.730217,12.085866928100586,0.03031912783259605,3,60mm,2.158048
SubNetW4CleanAuxExDnRcK5AcQdEma,minbias,0,test,22.459732,23.96803855895996,0.06715603283056626,3,60mm,2.8294299
SubNetW4CleanAuxExDnRcK5AcQdEma,minbias,0,test,37.963448,37.56853103637695,-0.010402546651942512,2,40mm,2.6237586
SubNetW4CleanAuxExDnRcK5AcQdEma,minbias,0,test,14.0504675,14.3392333984375,0.020552049778378212,3,60mm,2.835915
SubNetW4CleanAuxExDnRcK5AcQdEma,minbias,0,test,12.98319,13.458836555480957,0.036635602493664265,2,40mm,1.6900345
SubNetW4CleanAuxExDnRcK5AcQdEma,minbias,0,test,75.27581,74.20870208740234,-0.014175976995405959,0,15mm,2.7013483
SubNetW4CleanAuxExDnRcK5AcQdEma,minbias,0,test,21.384714,21.00475311279297,-0.017767879034751854,2,40mm,2.132394
SubNetW4CleanAuxExDnRcK5AcQdEma,minbias,0,test,76.49334,72.30999755859375,-0.054688970375922574,1,30mm,4.4716578
SubNetW4CleanAuxExDnRcK5AcQdEma,minbias,0,test,33.2867,33.50031280517578,0.0064173256906530085,2,40mm,3.245713
SubNetW4CleanAuxExDnRcK5AcQdEma,minbias,0,test,21.302689,21.9529972076416,0.03052706732287902,3,60mm,2.3207345
SubNetW4CleanAuxExDnRcK5AcQdEma,minbias,0,test,57.61743,60.00520706176758,0.04144189272503085,2,40mm,3.521843
SubNetW4CleanAuxExDnRcK5AcQdEma,minbias,0,test,56.918106,55.99753189086914,-0.016173661628042568,1,30mm,2.9976182
SubNetW4CleanAuxExDnRcK5AcQdEma,minbias,0,test,39.02834,38.5857048034668,-0.011341363467759158,2,40mm,3.5902944
SubNetW4CleanAuxExDnRcK5AcQdEma,minbias,0,test,44.420837,36.9478645324707,-0.1682312470200923,1,30mm,2.6740506
SubNetW4CleanAuxExDnRcK5AcQdEma,minbias,0,test,55.309006,52.73126220703125,-0.04660621712342239,1,30mm,3.6211553
SubNetW4CleanAuxExDnRcK5AcQdEma,minbias,0,test,4.513803,4.496352195739746,-0.0038660990429986164,2,40mm,0.7088615
SubNetW4CleanAuxExDnRcK5AcQdEma,minbias,0,test,7.3419,6.8123321533203125,-0.07212952066235934,3,60mm,1.0033717
SubNetW4CleanAuxExDnRcK5AcQdEma,minbias,0,test,33.012814,32.69472885131836,-0.009635189564820679,2,40mm,3.6352174
SubNetW4CleanAuxExDnRcK5AcQdEma,minbias,0,test,32.676006,28.805692672729492,-0.11844512474522284,0,15mm,0.8127118
SubNetW4CleanAuxExDnRcK5AcQdEma,minbias,0,test,33.13468,33.36820983886719,0.007047846100037614,3,60mm,3.516471
SubNetW4CleanAuxExDnRcK5AcQdEma,minbias,0,test,6.593923,7.007291316986084,0.06268927000470548,1,30mm,0.5235707
SubNetW4CleanAuxExDnRcK5AcQdEma,minbias,0,test,12.036758,11.502434730529785,-0.044390995777349285,4,120mm,2.403147
SubNetW4CleanAuxExDnRcK5AcQdEma,minbias,0,test,93.55974,91.90892791748047,-0.01764445127978642,0,15mm,3.4275458
SubNetW4CleanAuxExDnRcK5AcQdEma,minbias,0,test,18.555433,18.329837799072266,-0.012157920050705151,3,60mm,2.3420744
SubNetW4CleanAuxExDnRcK5AcQdEma,minbias,0,test,17.423235,16.76203727722168,-0.037949190529002697,3,60mm,3.4932766
SubNetW4CleanAuxExDnRcK5AcQdEma,minbias,0,test,16.40389,16.610998153686523,0.01262551359750752,4,120mm,3.3786542
SubNetW4CleanAuxExDnRcK5AcQdEma,minbias,0,test,50.430035,50.0731315612793,-0.007077192762957707,1,30mm,2.3990974
SubNetW4CleanAuxExDnRcK5AcQdEma,minbias,0,test,11.275057,11.096352577209473,-0.01584952203183798,2,40mm,0.99217355
SubNetW4CleanAuxExDnRcK5AcQdEma,minbias,0,test,28.572783,29.652433395385742,0.03778599015631601,0,15mm,1.1246498
SubNetW4CleanAuxExDnRcK5AcQdEma,minbias,0,test,13.900376,13.894388198852539,-0.00043078841140065105,2,40mm,1.0951618
SubNetW4CleanAuxExDnRcK5AcQdEma,minbias,0,test,47.91151,47.763771057128906,-0.0030835890782553443,0,15mm,2.4666297
SubNetW4CleanAuxExDnRcK5AcQdEma,minbias,0,test,18.397112,18.734954833984375,0.018363911860439064,3,60mm,2.5816376
SubNetW4CleanAuxExDnRcK5AcQdEma,minbias,0,test,52.88552,58.80836486816406,0.11199367668853055,1,30mm,3.0542462
SubNetW4CleanAuxExDnRcK5AcQdEma,minbias,0,test,7.273614,7.73734188079834,0.06375482057869375,3,60mm,1.4182854
SubNetW4CleanAuxExDnRcK5AcQdEma,minbias,0,test,8.327127,9.29338550567627,0.11603737952129412,2,40mm,0.6436814
SubNetW4CleanAuxExDnRcK5AcQdEma,minbias,0,test,14.252775,13.69491958618164,-0.03914013927491233,3,60mm,2.5400755
SubNetW4CleanAuxExDnRcK5AcQdEma,minbias,0,test,8.615894,8.725253105163574,0.012692679773577131,3,60mm,1.6062492
SubNetW4CleanAuxExDnRcK5AcQdEma,minbias,0,test,29.843124,29.203325271606445,-0.02143874447220806,2,40mm,2.515055
SubNetW4CleanAuxExDnRcK5AcQdEma,minbias,0,test,34.034904,33.55743408203125,-0.014028844953276387,3,60mm,4.515734
SubNetW4CleanAuxExDnRcK5AcQdEma,minbias,0,test,26.45361,26.00884437561035,-0.016813020979414284,3,60mm,4.6504774
SubNetW4CleanAuxExDnRcK5AcQdEma,minbias,0,test,33.42625,35.383766174316406,0.058562228480463,2,40mm,4.1698985
SubNetW4CleanAuxExDnRcK5AcQdEma,minbias,0,test,70.38871,68.93669128417969,-0.020628574345796458,2,40mm,4.1438503
SubNetW4CleanAuxExDnRcK5AcQdEma,minbias,0,test,4.9698763,5.4816460609436035,0.10297434820878437,2,40mm,0.5235117
SubNetW4CleanAuxExDnRcK5AcQdEma,minbias,0,test,42.098766,40.43138885498047,-0.03960632620386906,3,60mm,4.972789
SubNetW4CleanAuxExDnRcK5AcQdEma,minbias,0,test,18.650057,18.027984619140625,-0.03335497715739644,3,60mm,4.159379
SubNetW4CleanAuxExDnRcK5AcQdEma,minbias,0,test,11.51966,13.600618362426758,0.18064407865429266,3,60mm,1.7469249
SubNetW4CleanAuxExDnRcK5AcQdEma,minbias,0,test,6.932089,6.933724880218506,0.00023600798038536652,3,60mm,1.6144093
SubNetW4CleanAuxExDnRcK5AcQdEma,minbias,0,test,23.175798,22.338836669921875,-0.036113610033517984,4,120mm,4.7494254
SubNetW4CleanAuxExDnRcK5AcQdEma,minbias,0,test,16.039215,17.32859230041504,0.0803890468117654,3,60mm,1.7040302
SubNetW4CleanAuxExDnRcK5AcQdEma,minbias,0,test,19.000082,20.282066345214844,0.06747256817863545,2,40mm,1.9252546
SubNetW4CleanAuxExDnRcK5AcQdEma,minbias,0,test,12.755789,13.033267974853516,0.02175319582631241,3,60mm,2.0505655
SubNetW4CleanAuxExDnRcK5AcQdEma,minbias,0,test,40.022285,40.06452178955078,0.0010553202456593525,2,40mm,3.9148126
SubNetW4CleanAuxExDnRcK5AcQdEma,minbias,0,test,56.929882,56.97538375854492,0.0007992587960179431,2,40mm,4.5500736
SubNetW4CleanAuxExDnRcK5AcQdEma,minbias,0,test,9.93881,9.723194122314453,-0.02169436971182348,3,60mm,1.806592
SubNetW4CleanAuxExDnRcK5AcQdEma,minbias,0,test,11.210591,11.229621887207031,0.0016975528272400453,3,60mm,2.0835576
SubNetW4CleanAuxExDnRcK5AcQdEma,minbias,0,test,29.62823,30.594039916992188,0.032597654458283554,0,15mm,0.77446103
SubNetW4CleanAuxExDnRcK5AcQdEma,minbias,0,test,15.757715,15.569788932800293,-0.011925986079419859,3,60mm,2.4865015
SubNetW4CleanAuxExDnRcK5AcQdEma,minbias,0,test,41.567112,42.1024055480957,0.012877815025995831,1,30mm,3.9154997
SubNetW4CleanAuxExDnRcK5AcQdEma,minbias,0,test,38.738342,42.98391342163086,0.10959609745875531,1,30mm,1.8593019
SubNetW4CleanAuxExDnRcK5AcQdEma,minbias,0,test,7.6144147,7.204174041748047,-0.053876846320447314,3,60mm,1.4837431
SubNetW4CleanAuxExDnRcK5AcQdEma,minbias,0,test,66.96576,65.80316162109375,-0.017361076299232447,0,15mm,2.1634035
SubNetW4CleanAuxExDnRcK5AcQdEma,minbias,0,test,70.19286,77.28455352783203,0.10103149684266377,1,30mm,4.7137
SubNetW4CleanAuxExDnRcK5AcQdEma,minbias,0,test,13.738818,13.673949241638184,-0.004721579848113944,3,60mm,2.0023131
SubNetW4CleanAuxExDnRcK5AcQdEma,minbias,0,test,6.9611144,7.035933494567871,0.010748148013684844,2,40mm,1.3221145
SubNetW4CleanAuxExDnRcK5AcQdEma,minbias,0,test,75.91456,77.030029296875,0.014693767698634952,1,30mm,3.7939122
SubNetW4CleanAuxExDnRcK5AcQdEma,minbias,0,test,31.811209,31.3863525390625,-0.01335554991280552,3,60mm,4.542696
SubNetW4CleanAuxExDnRcK5AcQdEma,minbias,0,test,45.995613,47.61705017089844,0.03525199390850853,0,15mm,1.4534701
SubNetW4CleanAuxExDnRcK5AcQdEma,minbias,0,test,13.8572235,13.731635093688965,-0.00906302889289945,3,60mm,2.8916938
SubNetW4CleanAuxExDnRcK5AcQdEma,minbias,0,test,22.242702,22.37387466430664,0.005897313074675559,2,40mm,3.0702782
SubNetW4CleanAuxExDnRcK5AcQdEma,minbias,0,test,16.13604,15.56744384765625,-0.0352376354798124,4,120mm,3.746599
SubNetW4CleanAuxExDnRcK5AcQdEma,minbias,0,test,29.985708,30.154102325439453,0.005615811619851918,2,40mm,3.0249586
SubNetW4CleanAuxExDnRcK5AcQdEma,minbias,0,test,7.5178785,7.4291090965271,-0.011807777353662008,3,60mm,1.3516732
SubNetW4CleanAuxExDnRcK5AcQdEma,minbias,0,test,28.721228,24.242717742919922,-0.15593030904434424,3,60mm,2.9517815
SubNetW4CleanAuxExDnRcK5AcQdEma,minbias,0,test,52.661438,51.4150505065918,-0.023667934817253045,1,30mm,2.3691444
SubNetW4CleanAuxExDnRcK5AcQdEma,minbias,0,test,85.97312,82.41433715820312,-0.04139415222862608,0,15mm,2.3503084
SubNetW4CleanAuxExDnRcK5AcQdEma,minbias,0,test,7.2786326,6.795355796813965,-0.06639665276045259,2,40mm,0.77028596
SubNetW4CleanAuxExDnRcK5AcQdEma,minbias,0,test,86.17772,85.4424057006836,-0.008532523523113622,1,30mm,4.293371
SubNetW4CleanAuxExDnRcK5AcQdEma,minbias,0,test,41.742336,42.189292907714844,0.010707513628280374,2,40mm,3.0721457
SubNetW4CleanAuxExDnRcK5AcQdEma,minbias,0,test,14.991532,16.022640228271484,0.0687793535792307,4,120mm,3.5582266
SubNetW4CleanAuxExDnRcK5AcQdEma,minbias,0,test,22.25816,22.18531036376953,-0.0032729243957377863,1,30mm,1.0886534
SubNetW4CleanAuxExDnRcK5AcQdEma,minbias,0,test,17.589445,33.358116149902344,0.8964848483534096,0,15mm,0.63021564
SubNetW4CleanAuxExDnRcK5AcQdEma,minbias,0,test,27.270737,26.00933074951172,-0.04625492735904746,2,40mm,2.0509534
SubNetW4CleanAuxExDnRcK5AcQdEma,minbias,0,test,19.858797,19.444387435913086,-0.020867811676619663,3,60mm,4.4788475
SubNetW4CleanAuxExDnRcK5AcQdEma,minbias,0,test,6.491595,6.229748249053955,-0.040336242598628,3,60mm,1.1599277
SubNetW4CleanAuxExDnRcK5AcQdEma,minbias,0,test,59.128265,57.81515884399414,-0.0222077635527983,2,40mm,3.9384327
SubNetW4CleanAuxExDnRcK5AcQdEma,minbias,0,test,54.13323,56.3663444519043,0.04125222566524367,1,30mm,2.452912
SubNetW4CleanAuxExDnRcK5AcQdEma,minbias,0,test,4.3676434,4.370022773742676,0.0005447829012845684,4,120mm,0.9299455
SubNetW4CleanAuxExDnRcK5AcQdEma,minbias,0,test,24.686663,24.027267456054688,-0.026710585655278285,3,60mm,4.770212
SubNetW4CleanAuxExDnRcK5AcQdEma,minbias,0,test,16.573626,16.940818786621094,0.022155274391545632,3,60mm,1.9069345
SubNetW4CleanAuxExDnRcK5AcQdEma,minbias,0,test,52.134186,49.71229553222656,-0.04645493589364602,1,30mm,4.6330843
SubNetW4CleanAuxExDnRcK5AcQdEma,minbias,0,test,24.337368,24.981853485107422,0.026481313563937903,3,60mm,4.1649065
SubNetW4CleanAuxExDnRcK5AcQdEma,minbias,0,test,7.1098537,8.197707176208496,0.15300644300062416,1,30mm,0.7464172
SubNetW4CleanAuxExDnRcK5AcQdEma,minbias,0,test,21.554468,21.101821899414062,-0.021000112470421217,3,60mm,4.5422716
SubNetW4CleanAuxExDnRcK5AcQdEma,minbias,0,test,29.633738,28.475784301757812,-0.03907550506664481,3,60mm,3.8100786
SubNetW4CleanAuxExDnRcK5AcQdEma,minbias,0,test,32.61259,32.103397369384766,-0.015613399858115273,2,40mm,3.2043662
SubNetW4CleanAuxExDnRcK5AcQdEma,minbias,0,test,17.476715,16.980899810791016,-0.02837004978373503,3,60mm,2.55747
SubNetW4CleanAuxExDnRcK5AcQdEma,minbias,0,test,29.250116,28.752182006835938,-0.01702332857421851,2,40mm,3.7714422
SubNetW4CleanAuxExDnRcK5AcQdEma,minbias,0,test,42.045174,45.972347259521484,0.09340367214697287,1,30mm,1.6248257
SubNetW4CleanAuxExDnRcK5AcQdEma,minbias,0,test,11.19044,12.571176528930664,0.12338534758783148,2,40mm,1.8056974
SubNetW4CleanAuxExDnRcK5AcQdEma,minbias,0,test,25.504082,26.290111541748047,0.030819765405246002,3,60mm,4.3059154
SubNetW4CleanAuxExDnRcK5AcQdEma,minbias,0,test,31.886114,33.97728729248047,0.06558256563015052,1,30mm,1.7472916
SubNetW4CleanAuxExDnRcK5AcQdEma,minbias,0,test,18.994001,19.864885330200195,0.04585047267477771,1,30mm,1.6094524
SubNetW4CleanAuxExDnRcK5AcQdEma,minbias,0,test,12.793216,13.338748931884766,0.042642380995297824,2,40mm,1.1114291
SubNetW4CleanAuxExDnRcK5AcQdEma,minbias,0,test,83.48042,91.989990234375,0.10193488434324216,1,30mm,4.2217093
SubNetW4CleanAuxExDnRcK5AcQdEma,minbias,0,test,23.087732,22.058557510375977,-0.04457669513155349,0,15mm,0.5530072
SubNetW4CleanAuxExDnRcK5AcQdEma,minbias,0,test,28.965609,28.66974449157715,-0.01021432379837095,3,60mm,3.5166526
SubNetW4CleanAuxExDnRcK5AcQdEma,minbias,0,test,44.165176,52.27373123168945,0.18359611582191726,0,15mm,1.064421
SubNetW4CleanAuxExDnRcK5AcQdEma,minbias,0,test,27.844976,27.88918113708496,0.0015875291556757265,3,60mm,4.052783
SubNetW4CleanAuxExDnRcK5AcQdEma,minbias,0,test,19.747345,19.33493995666504,-0.020884074018554077,3,60mm,2.5623522
SubNetW4CleanAuxExDnRcK5AcQdEma,minbias,0,test,54.441807,54.717857360839844,0.005070562200029105,1,30mm,3.7988777
SubNetW4CleanAuxExDnRcK5AcQdEma,minbias,0,test,59.634098,59.168453216552734,-0.007808365543017115,1,30mm,2.935258
SubNetW4CleanAuxExDnRcK5AcQdEma,minbias,0,test,20.026495,19.333179473876953,-0.0346199126047142,3,60mm,3.0487745
SubNetW4CleanAuxExDnRcK5AcQdEma,minbias,0,test,16.84189,19.156734466552734,0.13744562429834373,1,30mm,1.1401752
SubNetW4CleanAuxExDnRcK5AcQdEma,minbias,0,test,24.468775,23.733301162719727,-0.03005764035830638,3,60mm,3.7536697
SubNetW4CleanAuxExDnRcK5AcQdEma,minbias,0,test,45.55863,46.38161849975586,0.018064339698442344,0,15mm,1.0320977
SubNetW4CleanAuxExDnRcK5AcQdEma,minbias,0,test,11.7921,11.834689140319824,0.003611671186040777,3,60mm,1.6562126
SubNetW4CleanAuxExDnRcK5AcQdEma,minbias,0,test,38.70983,39.456565856933594,0.019290567673970527,1,30mm,1.651523
SubNetW4CleanAuxExDnRcK5AcQdEma,minbias,0,test,17.165245,16.541799545288086,-0.0363202219848765,3,60mm,3.7185285
SubNetW4CleanAuxExDnRcK5AcQdEma,minbias,0,test,29.975496,32.38475036621094,0.08037411793346982,1,30mm,1.7728165
SubNetW4CleanAuxExDnRcK5AcQdEma,minbias,0,test,13.916224,13.853074073791504,-0.004537829684287842,3,60mm,1.9936059
SubNetW4CleanAuxExDnRcK5AcQdEma,minbias,0,test,62.52609,67.0053482055664,0.07163824865829005,1,30mm,2.5435274
SubNetW4CleanAuxExDnRcK5AcQdEma,minbias,0,test,11.485757,11.458063125610352,-0.00241113831484685,3,60mm,2.0970056
SubNetW4CleanAuxExDnRcK5AcQdEma,minbias,0,test,9.474161,12.737448692321777,0.3444407893478585,2,40mm,1.3765165
SubNetW4CleanAuxExDnRcK5AcQdEma,minbias,0,test,19.225178,21.36450958251953,0.11127760917423735,3,60mm,3.6528838
SubNetW4CleanAuxExDnRcK5AcQdEma,minbias,0,test,8.154674,7.933520317077637,-0.02711981751404402,2,40mm,1.3381841
SubNetW4CleanAuxExDnRcK5AcQdEma,minbias,0,test,48.12808,49.782623291015625,0.03437795322897719,1,30mm,4.1444473
SubNetW4CleanAuxExDnRcK5AcQdEma,minbias,0,test,67.33329,66.14789581298828,-0.017604876953839166,2,40mm,4.8901606
SubNetW4CleanAuxExDnRcK5AcQdEma,minbias,0,test,43.321136,43.663330078125,0.00789899876509903,1,30mm,2.5625517
SubNetW4CleanAuxExDnRcK5AcQdEma,minbias,0,test,11.408662,12.47316837310791,0.09330687029486029,2,40mm,1.1063166
SubNetW4CleanAuxExDnRcK5AcQdEma,minbias,0,test,19.278526,18.80046844482422,-0.024797427652733073,3,60mm,4.231688
SubNetW4CleanAuxExDnRcK5AcQdEma,minbias,0,test,9.568916,10.632926940917969,0.11119447432142926,4,120mm,2.038349
SubNetW4CleanAuxExDnRcK5AcQdEma,minbias,0,test,52.5127,52.826900482177734,0.005983340414847271,2,40mm,4.178757
SubNetW4CleanAuxExDnRcK5AcQdEma,minbias,0,test,63.485863,63.78499984741211,0.004711869739277397,2,40mm,4.8660283
SubNetW4CleanAuxExDnRcK5AcQdEma,minbias,0,test,12.165856,12.55245304107666,0.03177718593772361,2,40mm,1.3782413
SubNetW4CleanAuxExDnRcK5AcQdEma,minbias,0,test,81.4436,81.0127182006836,-0.005290597374645101,0,15mm,2.5593352
SubNetW4CleanAuxExDnRcK5AcQdEma,minbias,0,test,68.26286,70.79176330566406,0.03704649980161734,1,30mm,2.9681041
SubNetW4CleanAuxExDnRcK5AcQdEma,minbias,0,test,17.281563,17.6430606842041,0.020918124309917907,4,120mm,3.5430984
SubNetW4CleanAuxExDnRcK5AcQdEma,minbias,0,test,5.8004665,7.350170135498047,0.2671687851330844,4,120mm,1.1391039
SubNetW4CleanAuxExDnRcK5AcQdEma,minbias,0,test,39.796825,37.456451416015625,-0.05880805739832806,3,60mm,4.093005
SubNetW4CleanAuxExDnRcK5AcQdEma,minbias,0,test,48.562786,47.58222579956055,-0.020191598988346326,0,15mm,2.4260917
SubNetW4CleanAuxExDnRcK5AcQdEma,minbias,0,test,13.226439,13.5468168258667,0.024222493924728195,4,120mm,3.037847
SubNetW4CleanAuxExDnRcK5AcQdEma,minbias,0,test,24.290495,24.0065975189209,-0.01168759223931437,3,60mm,3.418939
SubNetW4CleanAuxExDnRcK5AcQdEma,minbias,0,test,7.123489,7.3242926597595215,0.028188961820101,4,120mm,1.6366292
SubNetW4CleanAuxExDnRcK5AcQdEma,minbias,0,test,90.483284,91.7697982788086,0.01421825364202256,1,30mm,4.6030474
SubNetW4CleanAuxExDnRcK5AcQdEma,minbias,0,test,27.404173,27.226192474365234,-0.006494646769321655,3,60mm,3.0375826
SubNetW4CleanAuxExDnRcK5AcQdEma,minbias,0,test,48.6774,47.20060729980469,-0.03033833815760023,2,40mm,4.610757
SubNetW4CleanAuxExDnRcK5AcQdEma,minbias,0,test,20.721128,19.964502334594727,-0.03651471639077131,2,40mm,1.9166793
SubNetW4CleanAuxExDnRcK5AcQdEma,minbias,0,test,16.549156,16.255481719970703,-0.017745585674631914,3,60mm,2.5646198
SubNetW4CleanAuxExDnRcK5AcQdEma,minbias,0,test,22.459911,21.992185592651367,-0.02082491540459308,3,60mm,3.651844
SubNetW4CleanAuxExDnRcK5AcQdEma,minbias,0,test,23.930153,23.212894439697266,-0.029972999193705996,3,60mm,4.402617
SubNetW4CleanAuxExDnRcK5AcQdEma,minbias,0,test,12.120479,11.854736328125,-0.02192506666211358,3,60mm,2.483324
SubNetW4CleanAuxExDnRcK5AcQdEma,minbias,0,test,10.803007,10.72521686553955,-0.00720079690855413,3,60mm,1.8060652
SubNetW4CleanAuxExDnRcK5AcQdEma,minbias,0,test,18.929205,19.2595272064209,0.017450403577864648,0,15mm,0.52291924
SubNetW4CleanAuxExDnRcK5AcQdEma,minbias,0,test,3.0717556,3.0718979835510254,4.633698381328877e-05,3,60mm,0.5427281
SubNetW4CleanAuxExDnRcK5AcQdEma,minbias,0,test,34.2121,29.365453720092773,-0.14166470702950562,1,30mm,1.6901021
SubNetW4CleanAuxExDnRcK5AcQdEma,minbias,0,test,66.22366,65.18130493164062,-0.01573996885738682,2,40mm,4.7249007
SubNetW4CleanAuxExDnRcK5AcQdEma,minbias,0,test,8.7858515,18.005666732788086,1.0493934795839581,0,15mm,0.5099958
SubNetW4CleanAuxExDnRcK5AcQdEma,minbias,0,test,48.201797,47.958099365234375,-0.005055789054158155,1,30mm,2.6910388
SubNetW4CleanAuxExDnRcK5AcQdEma,minbias,0,test,72.70963,73.1237564086914,0.005695580059887462,1,30mm,2.8890991
SubNetW4CleanAuxExDnRcK5AcQdEma,minbias,0,test,19.638443,19.425209045410156,-0.010857986441599854,3,60mm,3.0406804
SubNetW4CleanAuxExDnRcK5AcQdEma,minbias,0,test,8.152574,8.191815376281738,0.00481342368270421,3,60mm,1.5407263
SubNetW4CleanAuxExDnRcK5AcQdEma,minbias,0,test,29.464481,27.401412963867188,-0.07001882589151098,2,40mm,2.9760644
SubNetW4CleanAuxExDnRcK5AcQdEma,minbias,0,test,8.412857,9.176273345947266,0.09074399876665251,3,60mm,1.0949779
SubNetW4CleanAuxExDnRcK5AcQdEma,minbias,0,test,15.364432,16.248701095581055,0.05755297308788676,1,30mm,0.95583045
SubNetW4CleanAuxExDnRcK5AcQdEma,minbias,0,test,8.334327,6.100171089172363,-0.2680667225453204,2,40mm,1.756619
SubNetW4CleanAuxExDnRcK5AcQdEma,minbias,0,test,16.415024,16.095983505249023,-0.01943587181334383,4,120mm,3.855132
SubNetW4CleanAuxExDnRcK5AcQdEma,minbias,0,test,10.764546,9.9996976852417,-0.07105257212770477,3,60mm,2.2433093
SubNetW4CleanAuxExDnRcK5AcQdEma,minbias,0,test,5.135212,4.679769039154053,-0.08869018656702554,3,60mm,1.1738143
SubNetW4CleanAuxExDnRcK5AcQdEma,minbias,0,test,70.95344,68.9433364868164,-0.028329865057119874,1,30mm,3.8161485
SubNetW4CleanAuxExDnRcK5AcQdEma,minbias,0,test,65.51744,64.95560455322266,-0.008575369181864523,1,30mm,4.903961
SubNetW4CleanAuxExDnRcK5AcQdEma,minbias,0,test,4.141691,4.113644123077393,-0.00677189181920379,3,60mm,0.9283531
SubNetW4CleanAuxExDnRcK5AcQdEma,minbias,0,test,35.572792,34.66873550415039,-0.02541427020177811,2,40mm,3.853647
SubNetW4CleanAuxExDnRcK5AcQdEma,minbias,0,test,23.604595,23.489452362060547,-0.004877983348855808,2,40mm,2.8066888
SubNetW4CleanAuxExDnRcK5AcQdEma,minbias,0,test,19.3125,18.898189544677734,-0.021452968560376262,4,120mm,4.4086485
SubNetW4CleanAuxExDnRcK5AcQdEma,minbias,0,test,22.31731,22.239078521728516,-0.003505431898165434,2,40mm,3.596416
SubNetW4CleanAuxExDnRcK5AcQdEma,minbias,0,test,17.319927,16.961477279663086,-0.02069581075321869,4,120mm,3.5633535
SubNetW4CleanAuxExDnRcK5AcQdEma,minbias,0,test,17.0003,17.200090408325195,0.01175220207935479,2,40mm,1.7852768
SubNetW4CleanAuxExDnRcK5AcQdEma,minbias,0,test,24.153791,23.996824264526367,-0.006498655234163153,2,40mm,3.173367
SubNetW4CleanAuxExDnRcK5AcQdEma,minbias,0,test,26.92463,26.78817367553711,-0.0050680562698618425,2,40mm,3.5598369
SubNetW4CleanAuxExDnRcK5AcQdEma,minbias,0,test,5.983702,6.16799259185791,0.030798726851547498,3,60mm,1.4215786
SubNetW4CleanAuxExDnRcK5AcQdEma,minbias,0,test,45.365593,46.02519607543945,0.014539722197135951,1,30mm,2.075205
SubNetW4CleanAuxExDnRcK5AcQdEma,minbias,0,test,13.622371,13.955424308776855,0.024449018141931456,3,60mm,2.0658088
SubNetW4CleanAuxExDnRcK5AcQdEma,minbias,0,test,26.240166,25.855440139770508,-0.014661705071683628,3,60mm,3.999621
SubNetW4CleanAuxExDnRcK5AcQdEma,minbias,0,test,21.667183,21.107664108276367,-0.025823329968263642,3,60mm,2.9515328
SubNetW4CleanAuxExDnRcK5AcQdEma,minbias,0,test,13.61193,13.251496315002441,-0.0264792414676992,3,60mm,2.3628583
SubNetW4CleanAuxExDnRcK5AcQdEma,minbias,0,test,26.723484,25.07194709777832,-0.06180095900291793,2,40mm,3.634205
SubNetW4CleanAuxExDnRcK5AcQdEma,minbias,0,test,7.999931,7.813016414642334,-0.023364507428024872,2,40mm,0.86749136
SubNetW4CleanAuxExDnRcK5AcQdEma,minbias,0,test,36.065514,35.1353645324707,-0.025790540193210365,1,30mm,2.0679934
SubNetW4CleanAuxExDnRcK5AcQdEma,minbias,0,test,42.29585,46.08085250854492,0.0894887740839927,0,15mm,2.1168485
SubNetW4CleanAuxExDnRcK5AcQdEma,minbias,0,test,4.911565,4.88327169418335,-0.005760512948266183,3,60mm,0.65303826
SubNetW4CleanAuxExDnRcK5AcQdEma,minbias,0,test,26.588228,26.348224639892578,-0.009026685937025714,3,60mm,3.4973316
SubNetW4CleanAuxExDnRcK5AcQdEma,minbias,0,test,3.8692577,3.9512109756469727,0.02118062267285481,3,60mm,0.8015997
SubNetW4CleanAuxExDnRcK5AcQdEma,minbias,0,test,7.640062,7.754776954650879,0.015014943793274949,2,40mm,0.88999534
SubNetW4CleanAuxExDnRcK5AcQdEma,minbias,0,test,12.191154,11.290467262268066,-0.07388031510673532,2,40mm,1.3179413
SubNetW4CleanAuxExDnRcK5AcQdEma,minbias,0,test,64.52876,47.17978286743164,-0.2688565407498823,1,30mm,4.271157
SubNetW4CleanAuxExDnRcK5AcQdEma,minbias,0,test,20.930258,20.211700439453125,-0.03433103236228641,3,60mm,3.662785
SubNetW4CleanAuxExDnRcK5AcQdEma,minbias,0,test,43.616055,46.828956604003906,0.07366328989065374,2,40mm,3.1647654
SubNetW4CleanAuxExDnRcK5AcQdEma,minbias,0,test,24.791418,24.327959060668945,-0.018694332590415197,3,60mm,4.5350757
SubNetW4CleanAuxExDnRcK5AcQdEma,minbias,0,test,18.922499,18.72582244873047,-0.010393778187510194,3,60mm,4.2877345
SubNetW4CleanAuxExDnRcK5AcQdEma,minbias,0,test,43.59551,40.57511901855469,-0.06928212688832747,2,40mm,4.1294007
SubNetW4CleanAuxExDnRcK5AcQdEma,minbias,0,test,87.93559,87.4788818359375,-0.005193696905420042,1,30mm,3.9493356
SubNetW4CleanAuxExDnRcK5AcQdEma,minbias,0,test,61.823208,65.06153106689453,0.052380381478316584,1,30mm,3.0056698
SubNetW4CleanAuxExDnRcK5AcQdEma,minbias,0,test,15.512754,16.41037940979004,0.05786367423892669,3,60mm,2.0065498
SubNetW4CleanAuxExDnRcK5AcQdEma,minbias,0,test,58.136227,60.47800064086914,0.04028080461347172,1,30mm,3.4438062
SubNetW4CleanAuxExDnRcK5AcQdEma,minbias,0,test,4.067702,4.131593704223633,0.015707121747396302,3,60mm,0.7848493
SubNetW4CleanAuxExDnRcK5AcQdEma,minbias,0,test,29.82879,30.30506134033203,0.01596681142770029,2,40mm,2.9620082
SubNetW4CleanAuxExDnRcK5AcQdEma,minbias,0,test,31.053402,30.513408660888672,-0.017389182900284683,2,40mm,4.385129
SubNetW4CleanAuxExDnRcK5AcQdEma,minbias,0,test,17.159693,17.007844924926758,-0.008849100123257347,3,60mm,3.2772667
SubNetW4CleanAuxExDnRcK5AcQdEma,minbias,0,test,16.793001,17.261157989501953,0.027878090979603476,3,60mm,2.478306
SubNetW4CleanAuxExDnRcK5AcQdEma,minbias,0,test,33.133522,30.66068458557129,-0.07463249592378507,2,40mm,2.113048
SubNetW4CleanAuxExDnRcK5AcQdEma,minbias,0,test,35.180374,36.40043258666992,0.03468008714506232,3,60mm,4.1120195
SubNetW4CleanAuxExDnRcK5AcQdEma,minbias,0,test,35.331,36.091819763183594,0.021534019808223226,1,30mm,2.2312188
SubNetW4CleanAuxExDnRcK5AcQdEma,minbias,0,test,5.254015,5.016291618347168,-0.045246036018800395,4,120mm,1.145962
SubNetW4CleanAuxExDnRcK5AcQdEma,minbias,0,test,46.831963,33.64005661010742,-0.28168595222273574,0,15mm,1.9537622
SubNetW4CleanAuxExDnRcK5AcQdEma,minbias,0,test,42.126926,42.42418670654297,0.007056301270242926,2,40mm,3.7850177
SubNetW4CleanAuxExDnRcK5AcQdEma,minbias,0,test,24.24923,29.61379051208496,0.22122604333319185,3,60mm,2.8681536
SubNetW4CleanAuxExDnRcK5AcQdEma,minbias,0,test,40.340286,40.677223205566406,0.008352368859128045,3,60mm,4.7520537
SubNetW4CleanAuxExDnRcK5AcQdEma,minbias,0,test,32.27078,31.537052154541016,-0.022736560195404265,2,40mm,2.1661017
SubNetW4CleanAuxExDnRcK5AcQdEma,minbias,0,test,2.617471,2.337944746017456,-0.1067924862747256,4,120mm,0.60899264
SubNetW4CleanAuxExDnRcK5AcQdEma,minbias,0,test,34.891716,39.102272033691406,0.12067494845656124,3,60mm,4.584683
SubNetW4CleanAuxExDnRcK5AcQdEma,minbias,0,test,19.73436,19.005056381225586,-0.036956018312687355,3,60mm,3.4520671
SubNetW4CleanAuxExDnRcK5AcQdEma,minbias,0,test,20.898064,20.68644142150879,-0.010126404130330946,3,60mm,3.7683027
SubNetW4CleanAuxExDnRcK5AcQdEma,minbias,0,test,35.976032,34.59961700439453,-0.03825922889021949,2,40mm,3.0007176
SubNetW4CleanAuxExDnRcK5AcQdEma,minbias,0,test,77.776085,76.80571746826172,-0.012476424249041163,1,30mm,3.3368468
SubNetW4CleanAuxExDnRcK5AcQdEma,minbias,0,test,25.605642,25.828941345214844,0.008720696153986296,3,60mm,3.9072564
SubNetW4CleanAuxExDnRcK5AcQdEma,minbias,0,test,60.223972,59.55937194824219,-0.011035478841829871,1,30mm,3.5291839
SubNetW4CleanAuxExDnRcK5AcQdEma,minbias,0,test,27.657711,27.20599937438965,-0.016332213977815813,2,40mm,4.2013736
SubNetW4CleanAuxExDnRcK5AcQdEma,minbias,0,test,19.18694,18.86577796936035,-0.01673853584110996,3,60mm,3.8163836
SubNetW4CleanAuxExDnRcK5AcQdEma,minbias,0,test,22.381601,22.750534057617188,0.016483750134753228,3,60mm,3.80983
SubNetW4CleanAuxExDnRcK5AcQdEma,minbias,0,test,46.053467,46.086910247802734,0.0007261874784636468,2,40mm,4.3766093
SubNetW4CleanAuxExDnRcK5AcQdEma,minbias,0,test,12.601988,11.99553394317627,-0.04812366932336587,1,30mm,0.5433276
SubNetW4CleanAuxExDnRcK5AcQdEma,minbias,0,test,29.012901,29.053810119628906,0.0014100214606211914,3,60mm,4.5201774
SubNetW4CleanAuxExDnRcK5AcQdEma,minbias,0,test,12.134077,11.786608695983887,-0.028635748239753456,3,60mm,2.2382243
SubNetW4CleanAuxExDnRcK5AcQdEma,minbias,0,test,24.68676,17.690841674804688,-0.2833874630958021,2,40mm,1.4221928
SubNetW4CleanAuxExDnRcK5AcQdEma,minbias,0,test,63.999573,63.73866271972656,-0.0040767464992765845,1,30mm,2.8309295
SubNetW4CleanAuxExDnRcK5AcQdEma,minbias,0,test,10.560324,10.074798583984375,-0.04597634924072336,3,60mm,1.3718265
SubNetW4CleanAuxExDnRcK5AcQdEma,minbias,0,test,37.586807,38.35382080078125,0.020406456570869258,0,15mm,1.8398573
SubNetW4CleanAuxExDnRcK5AcQdEma,minbias,0,test,20.999989,21.34142303466797,0.01625879356318527,3,60mm,3.175892
SubNetW4CleanAuxExDnRcK5AcQdEma,minbias,0,test,79.17926,78.1985855102539,-0.012385500199264099,0,15mm,2.0183687
SubNetW4CleanAuxExDnRcK5AcQdEma,minbias,0,test,4.442834,4.112213134765625,-0.07441663881524452,3,60mm,1.0015031
SubNetW4CleanAuxExDnRcK5AcQdEma,minbias,0,test,57.139393,57.0937614440918,-0.0007985980671683102,1,30mm,2.9756656
SubNetW4CleanAuxExDnRcK5AcQdEma,minbias,0,test,50.01568,49.65275192260742,-0.007256254333091072,2,40mm,3.586833
SubNetW4CleanAuxExDnRcK5AcQdEma,minbias,0,test,4.182803,4.142166614532471,-0.009715145074529419,3,60mm,0.7012826
SubNetW4CleanAuxExDnRcK5AcQdEma,minbias,0,test,7.14296,7.395723342895508,0.03538634806850505,3,60mm,1.6419277
SubNetW4CleanAuxExDnRcK5AcQdEma,minbias,0,test,58.562775,56.93043518066406,-0.027873328869167824,0,15mm,1.5399002
SubNetW4CleanAuxExDnRcK5AcQdEma,minbias,0,test,59.166775,58.26841735839844,-0.015183477469525752,1,30mm,2.3667827
SubNetW4CleanAuxExDnRcK5AcQdEma,minbias,0,test,43.502308,40.38499069213867,-0.0716586625118194,0,15mm,1.5013021
SubNetW4CleanAuxExDnRcK5AcQdEma,minbias,0,test,37.043274,36.993839263916016,-0.001334511144027939,2,40mm,2.880141
SubNetW4CleanAuxExDnRcK5AcQdEma,minbias,0,test,62.55523,51.78877258300781,-0.1721112166629123,0,15mm,1.478637
SubNetW4CleanAuxExDnRcK5AcQdEma,minbias,0,test,3.5051308,3.5896310806274414,0.02410760636404885,3,60mm,0.50426394
SubNetW4CleanAuxExDnRcK5AcQdEma,minbias,0,test,51.39243,51.5643310546875,0.003344883770800333,2,40mm,4.0919566
SubNetW4CleanAuxExDnRcK5AcQdEma,minbias,0,test,13.2841625,13.046850204467773,-0.01786430394184868,3,60mm,2.490692
SubNetW4CleanAuxExDnRcK5AcQdEma,minbias,0,test,79.945724,78.95103454589844,-0.012442065511135691,0,15mm,2.7238526
SubNetW4CleanAuxExDnRcK5AcQdEma,minbias,0,test,67.64543,68.02597045898438,0.005625493575649898,2,40mm,4.966304
SubNetW4CleanAuxExDnRcK5AcQdEma,minbias,0,test,25.388018,25.366178512573242,-0.0008602145367542224,3,60mm,4.905447
SubNetW4CleanAuxExDnRcK5AcQdEma,minbias,0,test,22.071398,22.763898849487305,0.03137549669372075,1,30mm,2.1170924
SubNetW4CleanAuxExDnRcK5AcQdEma,minbias,0,test,5.9055066,6.859174728393555,0.1614879434336356,3,60mm,1.1254952
SubNetW4CleanAuxExDnRcK5AcQdEma,minbias,0,test,15.620349,16.212064743041992,0.037881088016739284,2,40mm,1.3471175
SubNetW4CleanAuxExDnRcK5AcQdEma,minbias,0,test,35.058968,34.821983337402344,-0.006759590176723784,3,60mm,4.9232445
SubNetW4CleanAuxExDnRcK5AcQdEma,minbias,0,test,35.945034,35.18545913696289,-0.021131566868571094,2,40mm,2.9488926
SubNetW4CleanAuxExDnRcK5AcQdEma,minbias,0,test,53.225616,52.265472412109375,-0.018039134291269354,2,40mm,4.033119
SubNetW4CleanAuxExDnRcK5AcQdEma,minbias,0,test,28.097383,27.370216369628906,-0.025880243601284603,3,60mm,3.7264044
SubNetW4CleanAuxExDnRcK5AcQdEma,minbias,0,test,63.788166,62.1505126953125,-0.025673309836897418,1,30mm,3.4316423
SubNetW4CleanAuxExDnRcK5AcQdEma,minbias,0,test,16.061274,16.55341148376465,0.03064127552791418,2,40mm,1.148623
SubNetW4CleanAuxExDnRcK5AcQdEma,minbias,0,test,20.21063,17.932680130004883,-0.1127105013490225,2,40mm,2.5248954
SubNetW4CleanAuxExDnRcK5AcQdEma,minbias,0,test,18.4444,17.341466903686523,-0.059797761737167554,1,30mm,1.2525768
SubNetW4CleanAuxExDnRcK5AcQdEma,minbias,0,test,43.80931,45.761436462402344,0.04455960408026649,2,40mm,4.9641085
SubNetW4CleanAuxExDnRcK5AcQdEma,minbias,0,test,4.763346,5.030145168304443,0.05601082981354044,4,120mm,1.0535551
SubNetW4CleanAuxExDnRcK5AcQdEma,minbias,0,test,4.9114614,4.963971138000488,0.010691275146282875,3,60mm,0.8962905
SubNetW4CleanAuxExDnRcK5AcQdEma,minbias,0,test,37.627975,36.65206527709961,-0.025935761218530362,2,40mm,3.8950882
SubNetW4CleanAuxExDnRcK5AcQdEma,minbias,0,test,92.739075,90.95382690429688,-0.019250222286281038,0,15mm,3.3765488
SubNetW4CleanAuxExDnRcK5AcQdEma,minbias,0,test,54.16622,54.91693115234375,0.013859366802001505,1,30mm,2.5217962
SubNetW4CleanAuxExDnRcK5AcQdEma,minbias,0,test,26.518656,26.6768798828125,0.005966520594619551,3,60mm,3.6551
SubNetW4CleanAuxExDnRcK5AcQdEma,minbias,0,test,34.308968,34.396697998046875,0.0025570692992686883,3,60mm,4.8003874
SubNetW4CleanAuxExDnRcK5AcQdEma,minbias,0,test,16.222721,15.951234817504883,-0.01673494111607976,3,60mm,2.5021122
SubNetW4CleanAuxExDnRcK5AcQdEma,minbias,0,test,26.855257,26.253450393676758,-0.022409267573061165,3,60mm,4.5825105
SubNetW4CleanAuxExDnRcK5AcQdEma,minbias,0,test,46.436275,53.424407958984375,0.15048865147439927,0,15mm,1.1067111
SubNetW4CleanAuxExDnRcK5AcQdEma,minbias,0,test,9.1685295,8.780405044555664,-0.04233224809910652,2,40mm,1.2282603
SubNetW4CleanAuxExDnRcK5AcQdEma,minbias,0,test,98.21621,96.22795867919922,-0.02024361095111271,0,15mm,4.0906506
SubNetW4CleanAuxExDnRcK5AcQdEma,minbias,0,test,27.17243,25.819366455078125,-0.049795457434586465,2,40mm,2.902438
SubNetW4CleanAuxExDnRcK5AcQdEma,minbias,0,test,5.1206317,5.954540729522705,0.1628527659149679,2,40mm,0.9159293
SubNetW4CleanAuxExDnRcK5AcQdEma,minbias,0,test,12.156956,11.39201545715332,-0.06292202419111148,3,60mm,2.1940808
SubNetW4CleanAuxExDnRcK5AcQdEma,minbias,0,test,4.9306316,4.730181694030762,-0.04065400911619066,4,120mm,1.0338626
SubNetW4CleanAuxExDnRcK5AcQdEma,minbias,0,test,12.040538,8.897623062133789,-0.2610277726228334,2,40mm,0.7027667
SubNetW4CleanAuxExDnRcK5AcQdEma,minbias,0,test,60.838703,65.77107238769531,0.08107288578406213,2,40mm,4.4239845
SubNetW4CleanAuxExDnRcK5AcQdEma,minbias,0,test,30.28625,30.715665817260742,0.0141786014575358,3,60mm,3.7702413
SubNetW4CleanAuxExDnRcK5AcQdEma,minbias,0,test,37.424335,37.37382125854492,-0.0013497693557914525,2,40mm,2.6927679
SubNetW4CleanAuxExDnRcK5AcQdEma,minbias,0,test,21.182932,21.400495529174805,0.01027070427159038,3,60mm,4.742035
SubNetW4CleanAuxExDnRcK5AcQdEma,minbias,0,test,18.606298,15.901959419250488,-0.1453453536262569,1,30mm,1.3605862
SubNetW4CleanAuxExDnRcK5AcQdEma,minbias,0,test,18.225626,20.508832931518555,0.12527454150117268,1,30mm,1.1848452
SubNetW4CleanAuxExDnRcK5AcQdEma,minbias,0,test,18.947027,18.93918228149414,-0.00041404516082077514,3,60mm,2.2091389
SubNetW4CleanAuxExDnRcK5AcQdEma,minbias,0,test,28.727661,41.58460235595703,0.4475457004210983,0,15mm,1.2205259
SubNetW4CleanAuxExDnRcK5AcQdEma,minbias,0,test,4.794742,5.233364582061768,0.091479888771129,3,60mm,0.78343225
SubNetW4CleanAuxExDnRcK5AcQdEma,minbias,0,test,29.359543,28.707048416137695,-0.02222427079159317,3,60mm,4.406995
SubNetW4CleanAuxExDnRcK5AcQdEma,minbias,0,test,11.845994,11.975077629089355,0.010896817394139502,3,60mm,1.522445
SubNetW4CleanAuxExDnRcK5AcQdEma,minbias,0,test,82.9087,81.65086364746094,-0.015171331872459115,1,30mm,4.1896987
SubNetW4CleanAuxExDnRcK5AcQdEma,minbias,0,test,80.600914,80.33123016357422,-0.003345915381129827,0,15mm,2.6807644
SubNetW4CleanAuxExDnRcK5AcQdEma,minbias,0,test,23.078716,28.741886138916016,0.24538495957072026,3,60mm,2.3686376
SubNetW4CleanAuxExDnRcK5AcQdEma,minbias,0,test,42.369457,42.46231460571289,0.0021916108177448823,2,40mm,3.5793355
SubNetW4CleanAuxExDnRcK5AcQdEma,minbias,0,test,43.58762,45.216312408447266,0.03736594553953165,2,40mm,3.6143665
SubNetW4CleanAuxExDnRcK5AcQdEma,minbias,0,test,32.60611,32.43527603149414,-0.005239312191547052,3,60mm,4.730164
SubNetW4CleanAuxExDnRcK5AcQdEma,minbias,0,test,28.577139,28.45751953125,-0.004185841344098606,2,40mm,3.9801579
SubNetW4CleanAuxExDnRcK5AcQdEma,minbias,0,test,16.357634,15.321657180786133,-0.06333290229102684,3,60mm,3.0028386
SubNetW4CleanAuxExDnRcK5AcQdEma,minbias,0,test,42.86187,42.63511657714844,-0.005290325313799915,2,40mm,4.7523327
SubNetW4CleanAuxExDnRcK5AcQdEma,minbias,0,test,49.46176,47.511741638183594,-0.039424795605526586,2,40mm,4.1159782
SubNetW4CleanAuxExDnRcK5AcQdEma,minbias,0,test,36.20023,38.3323860168457,0.05889897365272745,2,40mm,4.4028487
SubNetW4CleanAuxExDnRcK5AcQdEma,minbias,0,test,10.535373,12.795862197875977,0.21456188792410424,2,40mm,1.6937255
SubNetW4CleanAuxExDnRcK5AcQdEma,minbias,0,test,96.02559,97.1650161743164,0.011865870306570603,1,30mm,4.4199924
SubNetW4CleanAuxExDnRcK5AcQdEma,minbias,0,test,24.575542,24.13924217224121,-0.017753434277127278,3,60mm,3.9928823
SubNetW4CleanAuxExDnRcK5AcQdEma,minbias,0,test,19.378046,19.491493225097656,0.005854418403262285,2,40mm,3.073286
SubNetW4CleanAuxExDnRcK5AcQdEma,minbias,0,test,19.336727,19.359891891479492,0.0011979663867105472,3,60mm,3.4102905
SubNetW4CleanAuxExDnRcK5AcQdEma,minbias,0,test,17.622513,18.05482292175293,0.024531694704950757,2,40mm,1.6087233
SubNetW4CleanAuxExDnRcK5AcQdEma,minbias,0,test,31.286901,31.513214111328125,0.007233462780492195,3,60mm,3.393367
SubNetW4CleanAuxExDnRcK5AcQdEma,minbias,0,test,47.18451,48.391510009765625,0.025580444745695985,2,40mm,4.519056
SubNetW4CleanAuxExDnRcK5AcQdEma,minbias,0,test,20.0464,19.32189178466797,-0.03614156571682037,3,60mm,4.3159704
SubNetW4CleanAuxExDnRcK5AcQdEma,minbias,0,test,25.886206,25.494346618652344,-0.015137755587364965,1,30mm,1.250782
SubNetW4CleanAuxExDnRcK5AcQdEma,minbias,0,test,26.628195,29.281494140625,0.09964247860963704,3,60mm,4.5594625
SubNetW4CleanAuxExDnRcK5AcQdEma,minbias,0,test,7.551311,8.47867488861084,0.12280832699818345,3,60mm,1.497179
SubNetW4CleanAuxExDnRcK5AcQdEma,minbias,0,test,47.2224,45.53109359741211,-0.03581577903798738,1,30mm,2.6552107
SubNetW4CleanAuxExDnRcK5AcQdEma,minbias,0,test,3.4500465,3.3316080570220947,-0.03432953177157683,3,60mm,0.5656377
SubNetW4CleanAuxExDnRcK5AcQdEma,minbias,0,test,20.427397,19.54427719116211,-0.04323211581425268,3,60mm,3.023438
SubNetW4CleanAuxExDnRcK5AcQdEma,minbias,0,test,21.2588,20.375089645385742,-0.041569177947365366,4,120mm,4.7091947
SubNetW4CleanAuxExDnRcK5AcQdEma,minbias,0,test,7.7013235,7.443256855010986,-0.03350939015826171,4,120mm,1.8406584
SubNetW4CleanAuxExDnRcK5AcQdEma,minbias,0,test,43.59162,48.247474670410156,0.10680615040391928,1,30mm,4.3788757
SubNetW4CleanAuxExDnRcK5AcQdEma,minbias,0,test,43.928307,43.699737548828125,-0.005203228818930095,2,40mm,4.6137815
SubNetW4CleanAuxExDnRcK5AcQdEma,minbias,0,test,75.820335,79.01871490478516,0.042183663528083226,1,30mm,4.38444
SubNetW4CleanAuxExDnRcK5AcQdEma,minbias,0,test,41.860363,42.92808151245117,0.02550667096917536,2,40mm,3.5358655
SubNetW4CleanAuxExDnRcK5AcQdEma,minbias,0,test,22.686544,22.980714797973633,0.012966733682055587,2,40mm,2.376047
SubNetW4CleanAuxExDnRcK5AcQdEma,minbias,0,test,13.048305,13.61796760559082,0.04365801282971904,2,40mm,0.92875326
SubNetW4CleanAuxExDnRcK5AcQdEma,minbias,0,test,13.71832,12.604907035827637,-0.08116247949818356,3,60mm,3.1655953
SubNetW4CleanAuxExDnRcK5AcQdEma,minbias,0,test,14.760956,15.286589622497559,0.035609740906826115,3,60mm,2.1174972
SubNetW4CleanAuxExDnRcK5AcQdEma,minbias,0,test,63.093773,37.18109130859375,-0.41070109447271386,1,30mm,3.1745303
SubNetW4CleanAuxExDnRcK5AcQdEma,minbias,0,test,43.051544,43.276954650878906,0.005235827556703487,2,40mm,4.937025
SubNetW4CleanAuxExDnRcK5AcQdEma,minbias,0,test,15.504789,15.181278228759766,-0.020865238237293138,4,120mm,3.3849645
SubNetW4CleanAuxExDnRcK5AcQdEma,minbias,0,test,14.034178,13.886191368103027,-0.010544715505716229,2,40mm,0.9765894
SubNetW4CleanAuxExDnRcK5AcQdEma,minbias,0,test,14.647968,14.813179016113281,0.011278746689021624,2,40mm,1.6425114
SubNetW4CleanAuxExDnRcK5AcQdEma,minbias,0,test,21.648472,22.59031867980957,0.043506389496278164,3,60mm,3.767555
SubNetW4CleanAuxExDnRcK5AcQdEma,minbias,0,test,20.70883,21.057403564453125,0.01683212845516935,2,40mm,2.7472212
SubNetW4CleanAuxExDnRcK5AcQdEma,minbias,0,test,29.06972,28.47296905517578,-0.02052824290945976,3,60mm,4.069924
SubNetW4CleanAuxExDnRcK5AcQdEma,minbias,0,test,26.383419,25.43743324279785,-0.03585531476210757,3,60mm,3.146212
SubNetW4CleanAuxExDnRcK5AcQdEma,minbias,0,test,31.908884,32.10494613647461,0.006144435753846045,2,40mm,4.288573
SubNetW4CleanAuxExDnRcK5AcQdEma,minbias,0,test,16.127028,17.708101272583008,0.0980387588381928,3,60mm,2.1994634
SubNetW4CleanAuxExDnRcK5AcQdEma,minbias,0,test,22.759237,23.82736587524414,0.046931651189890955,0,15mm,0.7152663
SubNetW4CleanAuxExDnRcK5AcQdEma,minbias,0,test,52.32924,51.6970100402832,-0.012081751325067058,1,30mm,4.4377623
SubNetW4CleanAuxExDnRcK5AcQdEma,minbias,0,test,9.938239,8.556253433227539,-0.13905739747216173,4,120mm,2.2945733
SubNetW4CleanAuxExDnRcK5AcQdEma,minbias,0,test,17.557344,17.56627082824707,0.0005084135379227472,3,60mm,3.267297
SubNetW4CleanAuxExDnRcK5AcQdEma,minbias,0,test,13.483958,13.412637710571289,-0.005289287645374063,3,60mm,2.4917872
SubNetW4CleanAuxExDnRcK5AcQdEma,minbias,0,test,76.65018,76.91493225097656,0.003454072245869577,1,30mm,3.4076138
SubNetW4CleanAuxExDnRcK5AcQdEma,minbias,0,test,24.215963,32.21826934814453,0.3304558181034407,1,30mm,1.5280491
SubNetW4CleanAuxExDnRcK5AcQdEma,minbias,0,test,4.6191907,4.534834384918213,-0.0182621401868146,3,60mm,0.8353258
SubNetW4CleanAuxExDnRcK5AcQdEma,minbias,0,test,36.723392,35.55537796020508,-0.03180573599768233,1,30mm,2.3084848
SubNetW4CleanAuxExDnRcK5AcQdEma,minbias,0,test,15.374123,15.159908294677734,-0.013933434138067469,4,120mm,3.0873497
SubNetW4CleanAuxExDnRcK5AcQdEma,minbias,0,test,23.129961,23.399639129638672,0.011659255097053567,3,60mm,3.610551
SubNetW4CleanAuxExDnRcK5AcQdEma,minbias,0,test,16.800287,16.747591018676758,-0.0031366266096243267,3,60mm,3.0842876
SubNetW4CleanAuxExDnRcK5AcQdEma,minbias,0,test,19.710627,19.65706443786621,-0.0027174257514844813,3,60mm,4.4905605
SubNetW4CleanAuxExDnRcK5AcQdEma,minbias,0,test,17.386389,15.803045272827148,-0.09106799151991529,3,60mm,3.5744333
SubNetW4CleanAuxExDnRcK5AcQdEma,minbias,0,test,26.06036,26.482511520385742,0.016198992119963007,3,60mm,3.0656152
SubNetW4CleanAuxExDnRcK5AcQdEma,minbias,0,test,56.758,55.83547592163086,-0.016253629584544238,0,15mm,1.4205966
SubNetW4CleanAuxExDnRcK5AcQdEma,minbias,0,test,36.13336,38.07588577270508,0.05375984571180514,2,40mm,4.0397763
SubNetW4CleanAuxExDnRcK5AcQdEma,minbias,0,test,16.753479,16.337326049804688,-0.024839793215757244,4,120mm,3.3680341
SubNetW4CleanAuxExDnRcK5AcQdEma,minbias,0,test,71.45929,70.85911560058594,-0.008398823357581908,2,40mm,4.5476694
SubNetW4CleanAuxExDnRcK5AcQdEma,minbias,0,test,45.421375,45.312583923339844,-0.0023951575807757974,3,60mm,4.9987164
SubNetW4CleanAuxExDnRcK5AcQdEma,minbias,0,test,9.050693,7.870538711547852,-0.13039376148733994,3,60mm,2.115616
SubNetW4CleanAuxExDnRcK5AcQdEma,minbias,0,test,41.02055,40.24182891845703,-0.01898367671813217,2,40mm,3.924857
SubNetW4CleanAuxExDnRcK5AcQdEma,minbias,0,test,17.108818,16.762012481689453,-0.020270574589730028,3,60mm,3.5008507
SubNetW4CleanAuxExDnRcK5AcQdEma,minbias,0,test,29.81527,28.817384719848633,-0.03346891603187041,1,30mm,1.6547502
SubNetW4CleanAuxExDnRcK5AcQdEma,minbias,0,test,15.623805,15.763842582702637,0.008963087814271908,3,60mm,2.905351
SubNetW4CleanAuxExDnRcK5AcQdEma,minbias,0,test,31.998642,30.973163604736328,-0.032047558895464734,3,60mm,3.4982824
SubNetW4CleanAuxExDnRcK5AcQdEma,minbias,0,test,73.32866,73.03588104248047,-0.003992681973178702,1,30mm,4.2187605
SubNetW4CleanAuxExDnRcK5AcQdEma,minbias,0,test,57.692795,56.177818298339844,-0.026259370979025087,2,40mm,4.525995
SubNetW4CleanAuxExDnRcK5AcQdEma,minbias,0,test,59.490406,59.15895080566406,-0.0055715745243059,2,40mm,3.611219
SubNetW4CleanAuxExDnRcK5AcQdEma,minbias,0,test,49.831837,49.56234359741211,-0.005408050773793138,2,40mm,4.0019307
SubNetW4CleanAuxExDnRcK5AcQdEma,minbias,0,test,51.43935,50.24710464477539,-0.02317769335008435,1,30mm,2.8883488
SubNetW4CleanAuxExDnRcK5AcQdEma,minbias,0,test,5.2764997,4.707231044769287,-0.10788756384412912,4,120mm,1.2139242
SubNetW4CleanAuxExDnRcK5AcQdEma,minbias,0,test,25.28693,25.93168830871582,0.025497686842162137,2,40mm,3.8004284
SubNetW4CleanAuxExDnRcK5AcQdEma,minbias,0,test,90.775444,87.31510162353516,-0.0381198070047879,0,15mm,4.3288364
SubNetW4CleanAuxExDnRcK5AcQdEma,minbias,0,test,6.7024636,6.24593448638916,-0.068113631925248,3,60mm,1.1938585
SubNetW4CleanAuxExDnRcK5AcQdEma,minbias,0,test,12.207145,12.029500961303711,-0.014552442832758028,4,120mm,2.5687747
SubNetW4CleanAuxExDnRcK5AcQdEma,minbias,0,test,86.99943,81.86248016357422,-0.059045763426353814,0,15mm,2.473346
SubNetW4CleanAuxExDnRcK5AcQdEma,minbias,0,test,7.6320615,6.999080181121826,-0.08293713328834484,3,60mm,1.3446461
SubNetW4CleanAuxExDnRcK5AcQdEma,minbias,0,test,12.373085,12.671553611755371,0.024122406760535675,3,60mm,2.3861399
SubNetW4CleanAuxExDnRcK5AcQdEma,minbias,0,test,13.186195,12.08882999420166,-0.08322077356262447,3,60mm,3.0225039
SubNetW4CleanAuxExDnRcK5AcQdEma,minbias,0,test,31.119099,30.406932830810547,-0.022885169015474327,2,40mm,2.5860941
SubNetW4CleanAuxExDnRcK5AcQdEma,minbias,0,test,22.396364,22.20005226135254,-0.00876534909081772,3,60mm,3.0779529
SubNetW4CleanAuxExDnRcK5AcQdEma,minbias,0,test,18.847363,18.540555953979492,-0.0162784879864748,3,60mm,3.3477478
SubNetW4CleanAuxExDnRcK5AcQdEma,minbias,0,test,9.240853,10.618441581726074,0.14907587275072576,2,40mm,0.75130796
SubNetW4CleanAuxExDnRcK5AcQdEma,minbias,0,test,33.00516,33.54408645629883,0.016328511963273673,2,40mm,3.955197
SubNetW4CleanAuxExDnRcK5AcQdEma,minbias,0,test,16.220879,16.27765464782715,0.003500183199026674,3,60mm,3.7775288
SubNetW4CleanAuxExDnRcK5AcQdEma,minbias,0,test,77.02175,86.41055297851562,0.12189805351846061,0,15mm,1.9865336
SubNetW4CleanAuxExDnRcK5AcQdEma,minbias,0,test,40.730713,39.62551498413086,-0.02713426375477279,3,60mm,4.5735884
SubNetW4CleanAuxExDnRcK5AcQdEma,minbias,0,test,9.553975,9.564021110534668,0.0010515000445694422,3,60mm,2.1847723
SubNetW4CleanAuxExDnRcK5AcQdEma,minbias,0,test,3.6896145,3.86745023727417,0.048198992398563734,3,60mm,0.6578579
SubNetW4CleanAuxExDnRcK5AcQdEma,minbias,0,test,14.851804,14.400079727172852,-0.030415433649184864,4,120mm,3.3964202
SubNetW4CleanAuxExDnRcK5AcQdEma,minbias,0,test,38.871536,38.91410827636719,0.001095197812744697,3,60mm,4.8116736
SubNetW4CleanAuxExDnRcK5AcQdEma,minbias,0,test,29.344143,30.090194702148438,0.025424214655755284,2,40mm,3.0451612
SubNetW4CleanAuxExDnRcK5AcQdEma,minbias,0,test,21.926407,21.820178985595703,-0.004844746128830901,1,30mm,1.736659
SubNetW4CleanAuxExDnRcK5AcQdEma,minbias,0,test,8.491733,7.8669328689575195,-0.07357741441227861,4,120mm,1.9635849
SubNetW4CleanAuxExDnRcK5AcQdEma,minbias,0,test,59.55101,59.272743225097656,-0.004672748726213816,1,30mm,3.5877507
SubNetW4CleanAuxExDnRcK5AcQdEma,minbias,0,test,63.674248,61.00575256347656,-0.04190854659245702,0,15mm,1.4595147
SubNetW4CleanAuxExDnRcK5AcQdEma,minbias,0,test,30.557854,32.733585357666016,0.07120040826119722,3,60mm,4.922126
SubNetW4CleanAuxExDnRcK5AcQdEma,minbias,0,test,19.643282,19.47928810119629,-0.008348596531788322,3,60mm,3.8109019
SubNetW4CleanAuxExDnRcK5AcQdEma,minbias,0,test,4.0407233,3.7984097003936768,-0.05996788297773037,3,60mm,0.6888627
SubNetW4CleanAuxExDnRcK5AcQdEma,minbias,0,test,42.149464,44.125038146972656,0.04687069115863207,1,30mm,2.8031783
SubNetW4CleanAuxExDnRcK5AcQdEma,minbias,0,test,19.841785,19.19959831237793,-0.03236538973604253,2,40mm,1.6587183
SubNetW4CleanAuxExDnRcK5AcQdEma,minbias,0,test,38.658012,38.208038330078125,-0.011639865379457603,2,40mm,2.8260698
SubNetW4CleanAuxExDnRcK5AcQdEma,minbias,0,test,13.460826,14.345634460449219,0.06573211373476684,2,40mm,1.3588077
SubNetW4CleanAuxExDnRcK5AcQdEma,minbias,0,test,33.09324,33.287452697753906,0.005868687201692646,2,40mm,2.8138585
SubNetW4CleanAuxExDnRcK5AcQdEma,minbias,0,test,24.513182,24.28440284729004,-0.009332890443929709,3,60mm,3.4891388
SubNetW4CleanAuxExDnRcK5AcQdEma,minbias,0,test,12.192051,11.622819900512695,-0.046688702041536634,4,120mm,2.832441
SubNetW4CleanAuxExDnRcK5AcQdEma,minbias,0,test,14.092078,14.212674140930176,0.008557710950715114,1,30mm,1.1341536
SubNetW4CleanAuxExDnRcK5AcQdEma,minbias,0,test,29.478865,32.05741882324219,0.08747128433626661,3,60mm,4.8131557
SubNetW4CleanAuxExDnRcK5AcQdEma,minbias,0,test,68.27906,66.49830627441406,-0.026080530104957034,0,15mm,1.5501859
SubNetW4CleanAuxExDnRcK5AcQdEma,minbias,0,test,19.912582,19.657434463500977,-0.012813402544538666,3,60mm,2.9801736
SubNetW4CleanAuxExDnRcK5AcQdEma,minbias,0,test,14.536835,15.205841064453125,0.04602145932657775,2,40mm,1.7426409
SubNetW4CleanAuxExDnRcK5AcQdEma,minbias,0,test,15.373205,15.198078155517578,-0.011391705718632017,4,120mm,3.5444002
SubNetW4CleanAuxExDnRcK5AcQdEma,minbias,0,test,15.240127,14.77993392944336,-0.030196119241089336,3,60mm,2.3686206
SubNetW4CleanAuxExDnRcK5AcQdEma,minbias,0,test,18.38136,19.309762954711914,0.05050790038440911,2,40mm,2.144276
SubNetW4CleanAuxExDnRcK5AcQdEma,minbias,0,test,20.274841,19.76337432861328,-0.02522668228055014,3,60mm,3.843319
SubNetW4CleanAuxExDnRcK5AcQdEma,minbias,0,test,46.157394,46.42072677612305,0.005705096015796496,1,30mm,2.3250158
SubNetW4CleanAuxExDnRcK5AcQdEma,minbias,0,test,57.038834,56.514015197753906,-0.009201072096309937,2,40mm,4.753857
SubNetW4CleanAuxExDnRcK5AcQdEma,minbias,0,test,13.202675,12.406332015991211,-0.06031678109403005,3,60mm,1.717536
SubNetW4CleanAuxExDnRcK5AcQdEma,minbias,0,test,17.66951,18.22246742248535,0.03129444666572834,2,40mm,1.9873583
SubNetW4CleanAuxExDnRcK5AcQdEma,minbias,0,test,10.804203,11.796030044555664,0.09180010853534837,2,40mm,1.2259576
SubNetW4CleanAuxExDnRcK5AcQdEma,minbias,0,test,55.004845,54.98712921142578,-0.0003220707959323832,2,40mm,4.2805443
SubNetW4CleanAuxExDnRcK5AcQdEma,minbias,0,test,24.401682,24.628849029541016,0.009309486552907309,3,60mm,4.0289264
SubNetW4CleanAuxExDnRcK5AcQdEma,minbias,0,test,16.40191,16.039806365966797,-0.02207696534321013,3,60mm,2.2781353
SubNetW4CleanAuxExDnRcK5AcQdEma,minbias,0,test,72.009384,70.8555908203125,-0.016022819088037488,0,15mm,3.787644
SubNetW4CleanAuxExDnRcK5AcQdEma,minbias,0,test,37.03382,39.04044723510742,0.05418361025747931,1,30mm,3.4068358
SubNetW4CleanAuxExDnRcK5AcQdEma,minbias,0,test,25.841433,25.715696334838867,-0.004865683673875298,3,60mm,4.5765
SubNetW4CleanAuxExDnRcK5AcQdEma,minbias,0,test,24.759516,27.10181999206543,0.09460218253945318,1,30mm,2.3764365
SubNetW4CleanAuxExDnRcK5AcQdEma,minbias,0,test,22.73474,22.891551971435547,0.006897491356847141,3,60mm,3.4646935
SubNetW4CleanAuxExDnRcK5AcQdEma,minbias,0,test,62.56374,63.95269012451172,0.022200564621931873,0,15mm,2.260101
SubNetW4CleanAuxExDnRcK5AcQdEma,minbias,0,test,18.204798,17.878280639648438,-0.017935772189322186,2,40mm,1.4730215
SubNetW4CleanAuxExDnRcK5AcQdEma,minbias,0,test,17.026966,16.582176208496094,-0.026122674115501288,3,60mm,3.1033378
SubNetW4CleanAuxExDnRcK5AcQdEma,minbias,0,test,90.683235,89.41283416748047,-0.01400921569038216,1,30mm,3.5741568
SubNetW4CleanAuxExDnRcK5AcQdEma,minbias,0,test,31.829033,31.32470703125,-0.015844837897406316,3,60mm,4.6708775
SubNetW4CleanAuxExDnRcK5AcQdEma,minbias,0,test,6.374281,7.061862945556641,0.1078681695376873,3,60mm,1.1969897
SubNetW4CleanAuxExDnRcK5AcQdEma,minbias,0,test,34.03693,33.611480712890625,-0.012499639958276632,2,40mm,4.088947
SubNetW4CleanAuxExDnRcK5AcQdEma,minbias,0,test,59.691208,61.582725524902344,0.031688379346934914,0,15mm,1.9874475
SubNetW4CleanAuxExDnRcK5AcQdEma,minbias,0,test,6.6371417,6.645815849304199,0.00130690968055025,4,120mm,1.3791268
SubNetW4CleanAuxExDnRcK5AcQdEma,minbias,0,test,3.7373044,3.35811185836792,-0.10146152016239973,3,60mm,0.6678757
SubNetW4CleanAuxExDnRcK5AcQdEma,minbias,0,test,6.2304397,8.836919784545898,0.418346097967891,4,120mm,1.3372972
SubNetW4CleanAuxExDnRcK5AcQdEma,minbias,0,test,19.29629,18.636415481567383,-0.03419693533922197,3,60mm,3.5581832
SubNetW4CleanAuxExDnRcK5AcQdEma,minbias,0,test,19.289507,19.11206817626953,-0.009198718078656576,2,40mm,1.6572262
SubNetW4CleanAuxExDnRcK5AcQdEma,minbias,0,test,44.143745,45.34821319580078,0.0272851286612239,2,40mm,4.5217376
SubNetW4CleanAuxExDnRcK5AcQdEma,minbias,0,test,10.550469,10.853575706481934,0.028729177492949676,4,120mm,2.22222
SubNetW4CleanAuxExDnRcK5AcQdEma,minbias,0,test,48.453827,48.06570053100586,-0.008010231556273562,1,30mm,2.7019315
SubNetW4CleanAuxExDnRcK5AcQdEma,minbias,0,test,51.123737,47.436134338378906,-0.07213093543313387,0,15mm,1.2557473
SubNetW4CleanAuxExDnRcK5AcQdEma,minbias,0,test,45.885468,46.152191162109375,0.005812812796169187,0,15mm,1.4404316
SubNetW4CleanAuxExDnRcK5AcQdEma,minbias,0,test,11.8597,10.570878028869629,-0.1086724075666401,2,40mm,0.98504615
SubNetW4CleanAuxExDnRcK5AcQdEma,minbias,0,test,13.743065,14.300850868225098,0.04058672448317391,3,60mm,1.5192089
SubNetW4CleanAuxExDnRcK5AcQdEma,minbias,0,test,38.38131,39.54066848754883,0.030206342438400924,3,60mm,4.3671517
SubNetW4CleanAuxExDnRcK5AcQdEma,minbias,0,test,20.139847,20.377973556518555,0.011823662667580948,2,40mm,3.0364418
SubNetW4CleanAuxExDnRcK5AcQdEma,minbias,0,test,32.751957,32.25536346435547,-0.015162253548883231,2,40mm,4.519743
SubNetW4CleanAuxExDnRcK5AcQdEma,minbias,0,test,17.426054,17.050548553466797,-0.02154850704406641,3,60mm,1.8767262
SubNetW4CleanAuxExDnRcK5AcQdEma,minbias,0,test,5.755861,6.613495349884033,0.1490019604976094,4,120mm,1.195503
SubNetW4CleanAuxExDnRcK5AcQdEma,minbias,0,test,42.70907,38.75916290283203,-0.09248399819720132,1,30mm,2.414636
SubNetW4CleanAuxExDnRcK5AcQdEma,minbias,0,test,71.807,68.95671844482422,-0.03969363423084016,0,15mm,3.801065
SubNetW4CleanAuxExDnRcK5AcQdEma,minbias,0,test,33.052883,32.372032165527344,-0.020598837917206958,2,40mm,4.072468
SubNetW4CleanAuxExDnRcK5AcQdEma,minbias,0,test,60.947296,60.75782775878906,-0.003108725009651425,0,15mm,2.2868876
SubNetW4CleanAuxExDnRcK5AcQdEma,minbias,0,test,14.571587,14.39454174041748,-0.012150006256783641,4,120mm,3.456055
SubNetW4CleanAuxExDnRcK5AcQdEma,minbias,0,test,6.311305,6.335911750793457,0.0038988298826074796,2,40mm,0.6545229
SubNetW4CleanAuxExDnRcK5AcQdEma,minbias,0,test,17.124954,24.127904891967773,0.4089325189944588,1,30mm,0.96622884
SubNetW4CleanAuxExDnRcK5AcQdEma,minbias,0,test,5.595848,8.430577278137207,0.5065772251755041,3,60mm,0.6615664
SubNetW4CleanAuxExDnRcK5AcQdEma,minbias,0,test,53.711517,52.82945251464844,-0.01642226589599316,1,30mm,4.119713
SubNetW4CleanAuxExDnRcK5AcQdEma,minbias,0,test,55.788307,44.473628997802734,-0.2028145101018355,1,30mm,3.2361617
SubNetW4CleanAuxExDnRcK5AcQdEma,minbias,0,test,47.72566,48.172542572021484,0.009363603774120266,2,40mm,4.092228
SubNetW4CleanAuxExDnRcK5AcQdEma,minbias,0,test,29.183788,28.971759796142578,-0.007265283767877384,3,60mm,4.3212643
SubNetW4CleanAuxExDnRcK5AcQdEma,minbias,0,test,28.332506,27.590322494506836,-0.02619548304666508,3,60mm,3.5705588
SubNetW4CleanAuxExDnRcK5AcQdEma,minbias,0,test,17.89981,17.604982376098633,-0.016471035272896506,4,120mm,4.09916
SubNetW4CleanAuxExDnRcK5AcQdEma,minbias,0,test,26.921501,25.936140060424805,-0.036601268755375616,2,40mm,2.4166524
SubNetW4CleanAuxExDnRcK5AcQdEma,minbias,0,test,22.179314,22.11815643310547,-0.0027573994173548666,3,60mm,3.9419944
SubNetW4CleanAuxExDnRcK5AcQdEma,minbias,0,test,18.591312,19.54517936706543,0.05130713408832599,2,40mm,3.528944
SubNetW4CleanAuxExDnRcK5AcQdEma,minbias,0,test,10.699398,9.982077598571777,-0.06704306536370197,2,40mm,1.1401162
SubNetW4CleanAuxExDnRcK5AcQdEma,minbias,0,test,7.8029566,7.402753829956055,-0.05128860413349168,3,60mm,1.3236136
SubNetW4CleanAuxExDnRcK5AcQdEma,minbias,0,test,10.642828,10.013772010803223,-0.05910609262842548,4,120mm,2.3066154
SubNetW4CleanAuxExDnRcK5AcQdEma,minbias,0,test,10.141448,9.986284255981445,-0.015299961566958453,3,60mm,1.0733174
SubNetW4CleanAuxExDnRcK5AcQdEma,minbias,0,test,3.6048753,3.5849833488464355,-0.005518076357827528,3,60mm,0.78808695
SubNetW4CleanAuxExDnRcK5AcQdEma,minbias,0,test,26.078,30.485143661499023,0.16899856952504688,2,40mm,2.4276652
SubNetW4CleanAuxExDnRcK5AcQdEma,minbias,0,test,29.648314,29.32989501953125,-0.010739852118998305,3,60mm,2.9078803
SubNetW4CleanAuxExDnRcK5AcQdEma,minbias,0,test,33.509354,34.1837043762207,0.020124253837197292,0,15mm,0.7985232
SubNetW4CleanAuxExDnRcK5AcQdEma,minbias,0,test,53.238304,52.99476623535156,-0.004574486486269569,0,15mm,2.2056572
SubNetW4CleanAuxExDnRcK5AcQdEma,minbias,0,test,10.090763,9.65391731262207,-0.04329164954467146,2,40mm,0.9219198
SubNetW4CleanAuxExDnRcK5AcQdEma,minbias,0,test,35.721386,35.367549896240234,-0.009905440399429866,3,60mm,4.811962
SubNetW4CleanAuxExDnRcK5AcQdEma,minbias,0,test,56.985313,56.60066223144531,-0.00675000558963712,1,30mm,3.8946679
SubNetW4CleanAuxExDnRcK5AcQdEma,minbias,0,test,61.066345,59.24993896484375,-0.02974480040699201,2,40mm,3.8879626
SubNetW4CleanAuxExDnRcK5AcQdEma,minbias,0,test,6.7176685,6.96634578704834,0.03701838703256932,3,60mm,0.9947209
SubNetW4CleanAuxExDnRcK5AcQdEma,minbias,0,test,8.596349,9.25706958770752,0.0768606350729566,3,60mm,2.052049
SubNetW4CleanAuxExDnRcK5AcQdEma,minbias,0,test,11.262368,10.88772964477539,-0.03326463410782332,3,60mm,2.2195408
SubNetW4CleanAuxExDnRcK5AcQdEma,minbias,0,test,35.296947,34.32412338256836,-0.02756113959292472,3,60mm,4.294303
SubNetW4CleanAuxExDnRcK5AcQdEma,minbias,0,test,15.433199,19.625654220581055,0.27165173669313036,1,30mm,0.7953195
SubNetW4CleanAuxExDnRcK5AcQdEma,minbias,0,test,48.30274,47.35355758666992,-0.01965065829807966,2,40mm,4.6175795
SubNetW4CleanAuxExDnRcK5AcQdEma,minbias,0,test,24.521254,23.937965393066406,-0.023787046233494036,3,60mm,3.513632
SubNetW4CleanAuxExDnRcK5AcQdEma,minbias,0,test,8.031572,7.761748790740967,-0.03359535837954131,3,60mm,1.1383518
SubNetW4CleanAuxExDnRcK5AcQdEma,minbias,0,test,71.11204,67.49984741210938,-0.05079576349533199,1,30mm,4.177348
SubNetW4CleanAuxExDnRcK5AcQdEma,minbias,0,test,23.884176,23.534927368164062,-0.014622605460212323,2,40mm,1.7317519
SubNetW4CleanAuxExDnRcK5AcQdEma,minbias,0,test,19.875109,21.040719985961914,0.05864678697244341,2,40mm,1.3949684
SubNetW4CleanAuxExDnRcK5AcQdEma,minbias,0,test,61.22843,61.730960845947266,0.008207447591271233,0,15mm,1.2828261
SubNetW4CleanAuxExDnRcK5AcQdEma,minbias,0,test,26.848783,26.0570011138916,-0.02949043778298499,3,60mm,4.199586
SubNetW4CleanAuxExDnRcK5AcQdEma,minbias,0,test,37.18155,37.46904754638672,0.007732288764040307,1,30mm,1.9857807
SubNetW4CleanAuxExDnRcK5AcQdEma,minbias,0,test,35.52849,35.18410110473633,-0.009693265103214888,2,40mm,3.7272239
SubNetW4CleanAuxExDnRcK5AcQdEma,minbias,0,test,22.039946,21.721893310546875,-0.014430720365990246,3,60mm,3.5386095
SubNetW4CleanAuxExDnRcK5AcQdEma,minbias,0,test,32.068695,31.479413986206055,-0.018375586561822255,3,60mm,3.6530392
SubNetW4CleanAuxExDnRcK5AcQdEma,minbias,0,test,4.8066607,4.668346405029297,-0.02877553818349421,3,60mm,1.044873
SubNetW4CleanAuxExDnRcK5AcQdEma,minbias,0,test,52.89933,53.34037399291992,0.008337418500376614,2,40mm,4.961015
SubNetW4CleanAuxExDnRcK5AcQdEma,minbias,0,test,8.163623,7.9018168449401855,-0.03206983171730404,4,120mm,1.8789269
SubNetW4CleanAuxExDnRcK5AcQdEma,minbias,0,test,17.571264,18.368568420410156,0.04537545741322857,2,40mm,2.1906679
SubNetW4CleanAuxExDnRcK5AcQdEma,minbias,0,test,7.578223,6.964359760284424,-0.08100361386363508,4,120mm,1.8084859
SubNetW4CleanAuxExDnRcK5AcQdEma,minbias,0,test,9.608058,9.598688125610352,-0.000975207495866659,3,60mm,1.8857993
SubNetW4CleanAuxExDnRcK5AcQdEma,minbias,0,test,27.743814,28.000757217407227,0.00926126251731696,3,60mm,2.8308198
SubNetW4CleanAuxExDnRcK5AcQdEma,minbias,0,test,25.974361,24.237627029418945,-0.06686341050691125,2,40mm,4.357522
SubNetW4CleanAuxExDnRcK5AcQdEma,minbias,0,test,13.345488,14.943303108215332,0.11972702400598889,3,60mm,2.2420015
SubNetW4CleanAuxExDnRcK5AcQdEma,minbias,0,test,32.228058,32.370174407958984,0.004409714890123428,2,40mm,4.4838843
SubNetW4CleanAuxExDnRcK5AcQdEma,minbias,0,test,70.139305,68.6218490600586,-0.02163488862920704,1,30mm,3.2535808
SubNetW4CleanAuxExDnRcK5AcQdEma,minbias,0,test,25.62651,25.772083282470703,0.005680549510288735,3,60mm,4.7905345
SubNetW4CleanAuxExDnRcK5AcQdEma,minbias,0,test,50.425816,50.14897537231445,-0.0054900492290350655,1,30mm,4.615088
SubNetW4CleanAuxExDnRcK5AcQdEma,minbias,0,test,14.774805,15.850547790527344,0.07280926662219778,2,40mm,1.7916853
SubNetW4CleanAuxExDnRcK5AcQdEma,minbias,0,test,21.758512,23.94744873046875,0.10060137308685602,2,40mm,2.0047798
SubNetW4CleanAuxExDnRcK5AcQdEma,minbias,0,test,18.266119,17.6669921875,-0.03279989666594163,1,30mm,1.3096561
SubNetW4CleanAuxExDnRcK5AcQdEma,minbias,0,test,9.27799,8.80852222442627,-0.05060019459992404,2,40mm,1.2086276
SubNetW4CleanAuxExDnRcK5AcQdEma,minbias,0,test,52.86786,52.04184341430664,-0.015624152174992245,1,30mm,2.8192787
SubNetW4CleanAuxExDnRcK5AcQdEma,minbias,0,test,23.111574,21.878841400146484,-0.05333833011983624,3,60mm,3.8520515
SubNetW4CleanAuxExDnRcK5AcQdEma,minbias,0,test,35.38463,34.279212951660156,-0.031239987459933616,2,40mm,2.404306
SubNetW4CleanAuxExDnRcK5AcQdEma,minbias,0,test,45.00916,45.37766647338867,0.008187386583524248,2,40mm,4.2102947
SubNetW4CleanAuxExDnRcK5AcQdEma,minbias,0,test,43.087555,45.36186218261719,0.05278339080936023,2,40mm,3.3651114
SubNetW4CleanAuxExDnRcK5AcQdEma,minbias,0,test,66.04092,66.38289642333984,0.005178304585833349,0,15mm,2.2213607
SubNetW4CleanAuxExDnRcK5AcQdEma,minbias,0,test,10.428105,10.179618835449219,-0.023828539357553025,3,60mm,1.3677378
SubNetW4CleanAuxExDnRcK5AcQdEma,minbias,0,test,23.850578,23.901493072509766,0.002134739197791058,3,60mm,3.6468296
SubNetW4CleanAuxExDnRcK5AcQdEma,minbias,0,test,8.136573,7.738004207611084,-0.048984829136590524,2,40mm,1.1816049
SubNetW4CleanAuxExDnRcK5AcQdEma,minbias,0,test,98.58864,95.83676147460938,-0.02791271771624204,0,15mm,3.6165113
SubNetW4CleanAuxExDnRcK5AcQdEma,minbias,0,test,44.693527,45.22882080078125,0.011976982180137874,0,15mm,1.49369
SubNetW4CleanAuxExDnRcK5AcQdEma,minbias,0,test,96.45517,92.57520294189453,-0.04022559650045887,0,15mm,2.846518
SubNetW4CleanAuxExDnRcK5AcQdEma,minbias,0,test,25.31978,25.8148250579834,0.01955169837234405,2,40mm,4.6768694
SubNetW4CleanAuxExDnRcK5AcQdEma,minbias,0,test,21.57727,21.720518112182617,0.006638819507696736,3,60mm,4.774465
SubNetW4CleanAuxExDnRcK5AcQdEma,minbias,0,test,28.150763,27.74522590637207,-0.01440588512570573,3,60mm,2.9256778
SubNetW4CleanAuxExDnRcK5AcQdEma,minbias,0,test,34.97466,33.645751953125,-0.037996282229052714,2,40mm,2.5240526
SubNetW4CleanAuxExDnRcK5AcQdEma,minbias,0,test,32.330986,31.829601287841797,-0.015507870213161135,2,40mm,4.205268
SubNetW4CleanAuxExDnRcK5AcQdEma,minbias,0,test,47.30614,44.94572448730469,-0.04989661738335904,3,60mm,4.767405
SubNetW4CleanAuxExDnRcK5AcQdEma,minbias,0,test,27.79923,27.483840942382812,-0.011345264838227953,1,30mm,2.8033786
SubNetW4CleanAuxExDnRcK5AcQdEma,minbias,0,test,58.057922,57.93769073486328,-0.0020708909916833385,1,30mm,3.8582308
SubNetW4CleanAuxExDnRcK5AcQdEma,minbias,0,test,55.265182,54.7939453125,-0.00852683663278997,0,15mm,2.594056
SubNetW4CleanAuxExDnRcK5AcQdEma,minbias,0,test,10.715975,10.501008033752441,-0.020060403075188638,2,40mm,1.5510105
SubNetW4CleanAuxExDnRcK5AcQdEma,minbias,0,test,35.258987,33.66677474975586,-0.045157640454349335,2,40mm,2.6515486
SubNetW4CleanAuxExDnRcK5AcQdEma,minbias,0,test,41.54841,42.353763580322266,0.01938353599899223,1,30mm,1.8058927
SubNetW4CleanAuxExDnRcK5AcQdEma,minbias,0,test,5.0113034,4.4973320960998535,-0.10256240446112153,3,60mm,0.7275345
SubNetW4CleanAuxExDnRcK5AcQdEma,minbias,0,test,4.771744,4.85467004776001,0.017378609847116033,3,60mm,0.8770733
SubNetW4CleanAuxExDnRcK5AcQdEma,minbias,0,test,17.128658,17.126890182495117,-0.00010322537540297105,2,40mm,2.0602016
SubNetW4CleanAuxExDnRcK5AcQdEma,minbias,0,test,14.9635315,14.804790496826172,-0.010608524957936072,2,40mm,1.4727544
SubNetW4CleanAuxExDnRcK5AcQdEma,minbias,0,test,82.66146,87.15931701660156,0.05441297664529099,0,15mm,3.0088713
SubNetW4CleanAuxExDnRcK5AcQdEma,minbias,0,test,70.17003,81.19784545898438,0.15715850454795222,1,30mm,3.9525793
SubNetW4CleanAuxExDnRcK5AcQdEma,minbias,0,test,8.584579,8.397611618041992,-0.021779500141308472,2,40mm,1.853845
SubNetW4CleanAuxExDnRcK5AcQdEma,minbias,0,test,79.62855,89.80516815185547,0.12780115651198387,1,30mm,4.1395273
SubNetW4CleanAuxExDnRcK5AcQdEma,minbias,0,test,16.532953,16.53547477722168,0.0001525144874341411,3,60mm,3.0118134
SubNetW4CleanAuxExDnRcK5AcQdEma,minbias,0,test,40.80113,39.94746780395508,-0.020922474873480423,1,30mm,2.211827
SubNetW4CleanAuxExDnRcK5AcQdEma,minbias,0,test,42.916954,43.200965881347656,0.006617707318001154,0,15mm,1.2432785
SubNetW4CleanAuxExDnRcK5AcQdEma,minbias,0,test,55.220837,56.17265319824219,0.017236547230410793,1,30mm,2.9436533
SubNetW4CleanAuxExDnRcK5AcQdEma,minbias,0,test,32.472736,32.226966857910156,-0.007568487546538716,2,40mm,2.4271698
SubNetW4CleanAuxExDnRcK5AcQdEma,minbias,0,test,12.984168,12.492499351501465,-0.03786678508606056,3,60mm,3.0823834
SubNetW4CleanAuxExDnRcK5AcQdEma,minbias,0,test,28.279562,28.811769485473633,0.01881950961900669,3,60mm,3.0216284
SubNetW4CleanAuxExDnRcK5AcQdEma,minbias,0,test,9.096254,8.737832069396973,-0.03940328245185576,3,60mm,1.6677014
SubNetW4CleanAuxExDnRcK5AcQdEma,minbias,0,test,68.83898,67.12229919433594,-0.024937650056306992,1,30mm,2.8351119
SubNetW4CleanAuxExDnRcK5AcQdEma,minbias,0,test,27.921953,30.409103393554688,0.08907507917982915,0,15mm,0.66754925
SubNetW4CleanAuxExDnRcK5AcQdEma,minbias,0,test,17.001324,17.136632919311523,0.007958746139322015,1,30mm,0.95281076
SubNetW4CleanAuxExDnRcK5AcQdEma,minbias,0,test,97.9727,81.89042663574219,-0.16415057519079967,0,15mm,3.5706725
SubNetW4CleanAuxExDnRcK5AcQdEma,minbias,0,test,26.393164,25.98802375793457,-0.015350184161017855,2,40mm,3.710971
SubNetW4CleanAuxExDnRcK5AcQdEma,minbias,0,test,25.00093,25.13384246826172,0.005316269352764635,2,40mm,4.1803303
SubNetW4CleanAuxExDnRcK5AcQdEma,minbias,0,test,4.051551,4.016223430633545,-0.008719484393856503,2,40mm,0.59676605
SubNetW4CleanAuxExDnRcK5AcQdEma,minbias,0,test,29.931229,29.74254035949707,-0.006304060567717817,0,15mm,0.854521
SubNetW4CleanAuxExDnRcK5AcQdEma,minbias,0,test,23.55044,22.870494842529297,-0.02887185958483096,3,60mm,3.9373367
SubNetW4CleanAuxExDnRcK5AcQdEma,minbias,0,test,44.35706,43.2819709777832,-0.024237145419690576,2,40mm,4.701863
SubNetW4CleanAuxExDnRcK5AcQdEma,minbias,0,test,50.79238,52.719234466552734,0.03793587012702604,2,40mm,3.7182095
SubNetW4CleanAuxExDnRcK5AcQdEma,minbias,0,test,21.068872,19.651174545288086,-0.06728874123371598,2,40mm,1.9710498
SubNetW4CleanAuxExDnRcK5AcQdEma,minbias,0,test,40.34718,39.66896438598633,-0.016809478053368077,2,40mm,4.9159727
SubNetW4CleanAuxExDnRcK5AcQdEma,minbias,0,test,14.051489,14.052061080932617,4.072199002402854e-05,3,60mm,3.3123434
SubNetW4CleanAuxExDnRcK5AcQdEma,minbias,0,test,20.530401,20.701919555664062,0.008354358197160572,3,60mm,3.2240443
SubNetW4CleanAuxExDnRcK5AcQdEma,minbias,0,test,10.168031,9.805602073669434,-0.03564393877932115,3,60mm,2.1812477
SubNetW4CleanAuxExDnRcK5AcQdEma,minbias,0,test,78.01546,79.00850677490234,0.01272888293957486,1,30mm,3.4095538
SubNetW4CleanAuxExDnRcK5AcQdEma,minbias,0,test,47.384342,47.465084075927734,0.0017039781199097437,2,40mm,4.69348
SubNetW4CleanAuxExDnRcK5AcQdEma,minbias,0,test,2.8953981,3.3372247219085693,0.15259614070278937,4,120mm,0.6576712
SubNetW4CleanAuxExDnRcK5AcQdEma,minbias,0,test,48.16595,48.064083099365234,-0.0021149312770093465,3,60mm,4.7595887
SubNetW4CleanAuxExDnRcK5AcQdEma,minbias,0,test,51.0827,52.824615478515625,0.034099933963223084,1,30mm,4.231558
SubNetW4CleanAuxExDnRcK5AcQdEma,minbias,0,test,26.668844,26.45589828491211,-0.007984820651752211,3,60mm,4.176811
SubNetW4CleanAuxExDnRcK5AcQdEma,minbias,0,test,11.527611,11.587735176086426,0.00521568592412569,2,40mm,1.0826855
SubNetW4CleanAuxExDnRcK5AcQdEma,minbias,0,test,16.170486,16.057514190673828,-0.006986324120145437,4,120mm,3.6849487
SubNetW4CleanAuxExDnRcK5AcQdEma,minbias,0,test,6.2958746,6.814030647277832,0.08230088508980193,2,40mm,0.58750576
SubNetW4CleanAuxExDnRcK5AcQdEma,minbias,0,test,19.942028,22.293869018554688,0.11793389155386813,3,60mm,3.812592
SubNetW4CleanAuxExDnRcK5AcQdEma,minbias,0,test,45.222767,45.56595230102539,0.007588775488771349,2,40mm,3.3264318
SubNetW4CleanAuxExDnRcK5AcQdEma,minbias,0,test,9.994702,9.814495086669922,-0.018030277079503665,3,60mm,1.6838388
SubNetW4CleanAuxExDnRcK5AcQdEma,minbias,0,test,33.014633,33.37358093261719,0.01087238352651787,2,40mm,4.282241
SubNetW4CleanAuxExDnRcK5AcQdEma,minbias,0,test,86.704994,85.65984344482422,-0.012054100994518313,0,15mm,3.3596485
SubNetW4CleanAuxExDnRcK5AcQdEma,minbias,0,test,29.700964,29.009788513183594,-0.02327114572511868,3,60mm,4.20064
SubNetW4CleanAuxExDnRcK5AcQdEma,minbias,0,test,28.771667,29.446035385131836,0.02343861040104378,1,30mm,1.8193756
SubNetW4CleanAuxExDnRcK5AcQdEma,minbias,0,test,68.078285,66.19159698486328,-0.027713509915829104,1,30mm,4.3563166
SubNetW4CleanAuxExDnRcK5AcQdEma,minbias,0,test,21.142103,29.404109954833984,0.3907845252369717,0,15mm,0.7386241
SubNetW4CleanAuxExDnRcK5AcQdEma,minbias,0,test,20.718328,20.090200424194336,-0.030317506187185095,3,60mm,4.065532
SubNetW4CleanAuxExDnRcK5AcQdEma,minbias,0,test,9.700875,10.636420249938965,0.09643923258755183,2,40mm,0.66118443
SubNetW4CleanAuxExDnRcK5AcQdEma,minbias,0,test,20.346664,20.66716766357422,0.015752126643963527,3,60mm,3.559803
SubNetW4CleanAuxExDnRcK5AcQdEma,minbias,0,test,16.003,15.807419776916504,-0.012221488427961225,3,60mm,3.150125
SubNetW4CleanAuxExDnRcK5AcQdEma,minbias,0,test,9.774177,9.601068496704102,-0.017710760508839574,4,120mm,2.1666775
SubNetW4CleanAuxExDnRcK5AcQdEma,minbias,0,test,16.4726,16.109769821166992,-0.022026340412952816,2,40mm,2.4435327
SubNetW4CleanAuxExDnRcK5AcQdEma,minbias,0,test,25.104239,24.28150177001953,-0.03277282199897269,3,60mm,4.3142147
SubNetW4CleanAuxExDnRcK5AcQdEma,minbias,0,test,13.03287,13.219783782958984,0.014341698037202644,3,60mm,2.0361166
SubNetW4CleanAuxExDnRcK5AcQdEma,minbias,0,test,12.759441,12.594071388244629,-0.012960597773685856,3,60mm,1.5146443
SubNetW4CleanAuxExDnRcK5AcQdEma,minbias,0,test,16.129087,15.33989429473877,-0.04892980808243619,2,40mm,3.1345282
SubNetW4CleanAuxExDnRcK5AcQdEma,minbias,0,test,23.035957,22.321292877197266,-0.031023866244900833,3,60mm,3.3834789
SubNetW4CleanAuxExDnRcK5AcQdEma,minbias,0,test,45.745842,46.07279968261719,0.007147266035234523,1,30mm,2.8154726
SubNetW4CleanAuxExDnRcK5AcQdEma,minbias,0,test,67.10731,65.92810821533203,-0.01757184521087063,2,40mm,4.507899
SubNetW4CleanAuxExDnRcK5AcQdEma,minbias,0,test,51.59855,50.851036071777344,-0.014487089917752494,1,30mm,3.7293017
SubNetW4CleanAuxExDnRcK5AcQdEma,minbias,0,test,25.622023,25.61661720275879,-0.00021096796703778953,3,60mm,4.0680304
SubNetW4CleanAuxExDnRcK5AcQdEma,minbias,0,test,46.78003,32.086326599121094,-0.31410204137549513,2,40mm,3.1397233
SubNetW4CleanAuxExDnRcK5AcQdEma,minbias,0,test,9.51753,8.364906311035156,-0.12110537889632456,2,40mm,0.6179333
SubNetW4CleanAuxExDnRcK5AcQdEma,minbias,0,test,7.734628,9.665900230407715,0.24969164383934084,3,60mm,0.8719081
SubNetW4CleanAuxExDnRcK5AcQdEma,minbias,0,test,28.604038,28.349254608154297,-0.008907260864584376,1,30mm,1.9576851
SubNetW4CleanAuxExDnRcK5AcQdEma,minbias,0,test,91.83797,91.678466796875,-0.0017367558039593778,0,15mm,2.4569886
SubNetW4CleanAuxExDnRcK5AcQdEma,minbias,0,test,35.790405,32.52892303466797,-0.09112727877351245,0,15mm,0.87419367
SubNetW4CleanAuxExDnRcK5AcQdEma,minbias,0,test,10.0246725,9.558955192565918,-0.04645711022390342,2,40mm,1.3585188
SubNetW4CleanAuxExDnRcK5AcQdEma,minbias,0,test,82.92145,80.43169403076172,-0.030025449272588767,1,30mm,4.681577
SubNetW4CleanAuxExDnRcK5AcQdEma,minbias,0,test,17.221428,16.669113159179688,-0.03207136835268798,3,60mm,2.4099343
SubNetW4CleanAuxExDnRcK5AcQdEma,minbias,0,test,21.427542,21.43803596496582,0.0004897543688680006,2,40mm,2.2819874
SubNetW4CleanAuxExDnRcK5AcQdEma,minbias,0,test,9.3476715,6.7793684005737305,-0.27475324799341827,2,40mm,1.0819709
SubNetW4CleanAuxExDnRcK5AcQdEma,minbias,0,test,9.436693,9.795051574707031,0.03797499567967555,3,60mm,1.3628806
SubNetW4CleanAuxExDnRcK5AcQdEma,minbias,0,test,69.66325,67.99039459228516,-0.024013509289662727,2,40mm,4.370248
SubNetW4CleanAuxExDnRcK5AcQdEma,minbias,0,test,40.843365,39.060611724853516,-0.043648533932925004,1,30mm,1.8783153
SubNetW4CleanAuxExDnRcK5AcQdEma,minbias,0,test,38.06537,38.256629943847656,0.005024548514181548,2,40mm,3.1977825
SubNetW4CleanAuxExDnRcK5AcQdEma,minbias,0,test,4.6062293,4.607076168060303,0.0001838516358707576,3,60mm,0.7344302
SubNetW4CleanAuxExDnRcK5AcQdEma,minbias,0,test,5.120088,5.081953525543213,-0.007448030999097299,4,120mm,1.1071225
SubNetW4CleanAuxExDnRcK5AcQdEma,minbias,0,test,12.146549,12.100340843200684,-0.003804239442613322,3,60mm,1.8919122
SubNetW4CleanAuxExDnRcK5AcQdEma,minbias,0,test,84.337456,93.09734344482422,0.10386710883631589,0,15mm,2.2162213
SubNetW4CleanAuxExDnRcK5AcQdEma,minbias,0,test,25.826841,23.58591079711914,-0.08676750387332177,1,30mm,1.1983867
SubNetW4CleanAuxExDnRcK5AcQdEma,minbias,0,test,17.870123,18.258451461791992,0.021730603321069353,3,60mm,2.4236393
SubNetW4CleanAuxExDnRcK5AcQdEma,minbias,0,test,72.14281,74.74993896484375,0.03613848789888041,1,30mm,4.754269
SubNetW4CleanAuxExDnRcK5AcQdEma,minbias,0,test,31.838392,31.140478134155273,-0.02192052029155389,2,40mm,4.3657866
SubNetW4CleanAuxExDnRcK5AcQdEma,minbias,0,test,13.614634,12.846382141113281,-0.056428358183236216,3,60mm,2.587498
SubNetW4CleanAuxExDnRcK5AcQdEma,minbias,0,test,40.047386,40.148658752441406,0.00252881879929312,2,40mm,3.7551186
SubNetW4CleanAuxExDnRcK5AcQdEma,minbias,0,test,25.458809,24.890682220458984,-0.022315524686261634,3,60mm,3.1653497
SubNetW4CleanAuxExDnRcK5AcQdEma,minbias,0,test,4.362523,6.71923303604126,0.5402171895689021,4,120mm,0.9403879
SubNetW4CleanAuxExDnRcK5AcQdEma,minbias,0,test,35.389847,36.49549102783203,0.031241848326376553,3,60mm,4.212393
SubNetW4CleanAuxExDnRcK5AcQdEma,minbias,0,test,16.09978,17.22342872619629,0.06979285791206902,3,60mm,3.0154274
SubNetW4CleanAuxExDnRcK5AcQdEma,minbias,0,test,18.520077,18.120298385620117,-0.02158621540550454,4,120mm,3.9231346
SubNetW4CleanAuxExDnRcK5AcQdEma,minbias,0,test,34.447327,32.093727111816406,-0.06832459225528675,3,60mm,3.8260953
SubNetW4CleanAuxExDnRcK5AcQdEma,minbias,0,test,14.07906,13.912393569946289,-0.011837866704816236,3,60mm,2.4298866
SubNetW4CleanAuxExDnRcK5AcQdEma,minbias,0,test,29.900595,29.786760330200195,-0.0038070942134298402,1,30mm,1.5750581
SubNetW4CleanAuxExDnRcK5AcQdEma,minbias,0,test,17.585089,18.001575469970703,0.023684085221880924,2,40mm,1.7753494
SubNetW4CleanAuxExDnRcK5AcQdEma,minbias,0,test,89.31632,87.77194213867188,-0.017291130531997934,1,30mm,4.091982
SubNetW4CleanAuxExDnRcK5AcQdEma,minbias,0,test,35.513226,35.30582809448242,-0.005840006298888478,3,60mm,4.9584255
SubNetW4CleanAuxExDnRcK5AcQdEma,minbias,0,test,62.993813,63.51124572753906,0.008214031592429283,0,15mm,2.0915372
SubNetW4CleanAuxExDnRcK5AcQdEma,minbias,0,test,24.703024,24.779104232788086,0.0030797979446239854,2,40mm,2.2799003
SubNetW4CleanAuxExDnRcK5AcQdEma,minbias,0,test,12.450613,12.537904739379883,0.007011037719677038,3,60mm,2.2118428
SubNetW4CleanAuxExDnRcK5AcQdEma,minbias,0,test,65.23909,33.998435974121094,-0.4788640370070558,0,15mm,1.3768839
SubNetW4CleanAuxExDnRcK5AcQdEma,minbias,0,test,17.9574,16.355424880981445,-0.0892097154186966,1,30mm,1.6794523
SubNetW4CleanAuxExDnRcK5AcQdEma,minbias,0,test,34.77579,34.45418930053711,-0.009247866313671249,3,60mm,4.9445724
SubNetW4CleanAuxExDnRcK5AcQdEma,minbias,0,test,7.2235746,7.223721981048584,2.039747483228993e-05,3,60mm,1.5030185
SubNetW4CleanAuxExDnRcK5AcQdEma,minbias,0,test,8.632995,8.527437210083008,-0.012227210367781849,3,60mm,1.9740522
SubNetW4CleanAuxExDnRcK5AcQdEma,minbias,0,test,4.5596,4.510784149169922,-0.010706142766278903,3,60mm,0.70822847
SubNetW4CleanAuxExDnRcK5AcQdEma,minbias,0,test,59.750175,60.14440155029297,0.006597906551364163,2,40mm,3.9960241
SubNetW4CleanAuxExDnRcK5AcQdEma,minbias,0,test,12.471655,13.498079299926758,0.08230057813899583,3,60mm,1.9409717
SubNetW4CleanAuxExDnRcK5AcQdEma,minbias,0,test,6.871102,6.628965377807617,-0.035239832488361156,3,60mm,1.3500116
SubNetW4CleanAuxExDnRcK5AcQdEma,minbias,0,test,18.748173,18.577457427978516,-0.009105705084785032,2,40mm,1.7807645
SubNetW4CleanAuxExDnRcK5AcQdEma,minbias,0,test,21.383852,20.61687660217285,-0.03586703661494295,2,40mm,2.1321812
SubNetW4CleanAuxExDnRcK5AcQdEma,minbias,0,test,32.342903,31.792598724365234,-0.017014688214822993,3,60mm,3.9564726
SubNetW4CleanAuxExDnRcK5AcQdEma,minbias,0,test,6.3687625,6.4106645584106445,0.006579310395430138,3,60mm,1.0764295
SubNetW4CleanAuxExDnRcK5AcQdEma,minbias,0,test,67.50491,65.93074035644531,-0.023319383671164706,2,40mm,4.584042
SubNetW4CleanAuxExDnRcK5AcQdEma,minbias,0,test,53.955647,53.025970458984375,-0.017230375613265903,1,30mm,4.899643
SubNetW4CleanAuxExDnRcK5AcQdEma,minbias,0,test,2.7467556,2.884162425994873,0.050025137300351075,4,120mm,0.59636885
SubNetW4CleanAuxExDnRcK5AcQdEma,minbias,0,test,26.189236,25.633609771728516,-0.021215812563698533,2,40mm,2.0056574
SubNetW4CleanAuxExDnRcK5AcQdEma,minbias,0,test,15.68667,15.623242378234863,-0.004043428202627486,4,120mm,3.566646
SubNetW4CleanAuxExDnRcK5AcQdEma,minbias,0,test,33.844196,32.939334869384766,-0.02673608915546377,3,60mm,4.24799
SubNetW4CleanAuxExDnRcK5AcQdEma,minbias,0,test,22.240814,20.966102600097656,-0.057314071189524474,2,40mm,2.9619617
SubNetW4CleanAuxExDnRcK5AcQdEma,minbias,0,test,24.740417,24.385305404663086,-0.014353519947107096,3,60mm,4.96935
SubNetW4CleanAuxExDnRcK5AcQdEma,minbias,0,test,30.135609,30.516551971435547,0.012640969109740885,3,60mm,4.570129
SubNetW4CleanAuxExDnRcK5AcQdEma,minbias,0,test,86.024704,88.19821166992188,0.025266087413074345,0,15mm,2.0530162
SubNetW4CleanAuxExDnRcK5AcQdEma,minbias,0,test,11.217825,11.027491569519043,-0.016967047309207284,3,60mm,2.674399
SubNetW4CleanAuxExDnRcK5AcQdEma,minbias,0,test,27.317675,29.525651931762695,0.08082596063810565,0,15mm,1.0525994
SubNetW4CleanAuxExDnRcK5AcQdEma,minbias,0,test,65.83732,63.814754486083984,-0.030720630530710613,1,30mm,3.2436314
SubNetW4CleanAuxExDnRcK5AcQdEma,minbias,0,test,49.82006,50.08453369140625,0.00530856360973142,1,30mm,2.3213165
SubNetW4CleanAuxExDnRcK5AcQdEma,minbias,0,test,56.677536,56.65270233154297,-0.0004381573538149164,1,30mm,2.7286413
SubNetW4CleanAuxExDnRcK5AcQdEma,minbias,0,test,84.7123,84.62950134277344,-0.0009774473808094042,1,30mm,3.8181467
SubNetW4CleanAuxExDnRcK5AcQdEma,minbias,0,test,52.32905,48.79584884643555,-0.06751889122309163,2,40mm,4.5068235
SubNetW4CleanAuxExDnRcK5AcQdEma,minbias,0,test,16.26923,16.088436126708984,-0.01111261955491838,3,60mm,2.794381
SubNetW4CleanAuxExDnRcK5AcQdEma,minbias,0,test,52.226395,49.94905471801758,-0.043605153111175965,2,40mm,3.4161685
SubNetW4CleanAuxExDnRcK5AcQdEma,minbias,0,test,93.54729,95.35370635986328,0.019310227273654057,1,30mm,4.596898
SubNetW4CleanAuxExDnRcK5AcQdEma,minbias,0,test,24.521505,24.611074447631836,0.003652675090583868,3,60mm,4.48132
SubNetW4CleanAuxExDnRcK5AcQdEma,minbias,0,test,8.610701,7.907741546630859,-0.08163784722383738,3,60mm,1.4426544
SubNetW4CleanAuxExDnRcK5AcQdEma,minbias,0,test,30.905998,32.0291633605957,0.03634133161651776,1,30mm,1.540159
SubNetW4CleanAuxExDnRcK5AcQdEma,minbias,0,test,4.521112,4.607335090637207,0.01907122100090297,3,60mm,0.82227254
SubNetW4CleanAuxExDnRcK5AcQdEma,minbias,0,test,48.349728,49.190757751464844,0.017394723032877257,1,30mm,2.2647955
SubNetW4CleanAuxExDnRcK5AcQdEma,minbias,0,test,17.923714,18.071269989013672,0.008232462732468582,3,60mm,3.151981
SubNetW4CleanAuxExDnRcK5AcQdEma,minbias,0,test,17.679705,16.844058990478516,-0.04726581645109207,3,60mm,2.5529964
SubNetW4CleanAuxExDnRcK5AcQdEma,minbias,0,test,24.382837,23.610090255737305,-0.031692252645942665,3,60mm,3.224552
SubNetW4CleanAuxExDnRcK5AcQdEma,minbias,0,test,21.816729,21.5658016204834,-0.011501585601082831,3,60mm,4.0476594
SubNetW4CleanAuxExDnRcK5AcQdEma,minbias,0,test,33.78648,30.86098861694336,-0.08658763319947571,2,40mm,2.7098608
SubNetW4CleanAuxExDnRcK5AcQdEma,minbias,0,test,35.958824,36.829307556152344,0.024207782618796747,2,40mm,3.7462256
SubNetW4CleanAuxExDnRcK5AcQdEma,minbias,0,test,30.830914,31.79914093017578,0.03140443390048109,1,30mm,1.8220428
SubNetW4CleanAuxExDnRcK5AcQdEma,minbias,0,test,11.610136,11.68575382232666,0.0065130839133209495,2,40mm,0.73293996
SubNetW4CleanAuxExDnRcK5AcQdEma,minbias,0,test,36.171482,34.586029052734375,-0.043831575097470155,3,60mm,3.729189
SubNetW4CleanAuxExDnRcK5AcQdEma,minbias,0,test,21.699568,21.292062759399414,-0.018779407924338853,3,60mm,3.2077346
SubNetW4CleanAuxExDnRcK5AcQdEma,minbias,0,test,59.36498,57.981224060058594,-0.02330927692424445,2,40mm,4.512629
SubNetW4CleanAuxExDnRcK5AcQdEma,minbias,0,test,36.97211,39.167625427246094,0.059382995304279707,1,30mm,1.563462
SubNetW4CleanAuxExDnRcK5AcQdEma,minbias,0,test,38.548862,44.95616149902344,0.16621240247619262,0,15mm,1.2925322
SubNetW4CleanAuxExDnRcK5AcQdEma,minbias,0,test,6.8209815,6.811370849609375,-0.0014089838713116087,3,60mm,0.83531827
SubNetW4CleanAuxExDnRcK5AcQdEma,minbias,0,test,23.607277,22.089420318603516,-0.0642961322167257,2,40mm,2.8625395
SubNetW4CleanAuxExDnRcK5AcQdEma,minbias,0,test,12.970616,13.108858108520508,0.010658072388602502,3,60mm,2.1238883
SubNetW4CleanAuxExDnRcK5AcQdEma,minbias,0,test,12.436885,14.170345306396484,0.1393805959488288,4,120mm,2.788985
SubNetW4CleanAuxExDnRcK5AcQdEma,minbias,0,test,15.42358,14.535386085510254,-0.057586764836457416,1,30mm,1.4625313
SubNetW4CleanAuxExDnRcK5AcQdEma,minbias,0,test,16.944485,11.634013175964355,-0.3134041326956175,2,40mm,1.1227183
SubNetW4CleanAuxExDnRcK5AcQdEma,minbias,0,test,60.029995,57.930564880371094,-0.03497301782994611,1,30mm,3.2125826
SubNetW4CleanAuxExDnRcK5AcQdEma,minbias,0,test,10.151023,10.50329303741455,0.034702919048537506,3,60mm,1.7279698
SubNetW4CleanAuxExDnRcK5AcQdEma,minbias,0,test,60.456673,60.45309066772461,-5.9249055138432816e-05,1,30mm,4.866331
SubNetW4CleanAuxExDnRcK5AcQdEma,minbias,0,test,8.000217,8.440778732299805,0.05506866506866981,2,40mm,0.77257496
SubNetW4CleanAuxExDnRcK5AcQdEma,minbias,0,test,19.21516,18.94904136657715,-0.013849429209716102,3,60mm,4.1131473
SubNetW4CleanAuxExDnRcK5AcQdEma,minbias,0,test,26.292109,26.367223739624023,0.002856948645074908,2,40mm,2.366751
SubNetW4CleanAuxExDnRcK5AcQdEma,minbias,0,test,35.031025,34.40916442871094,-0.017751707389156213,2,40mm,4.1202836
SubNetW4CleanAuxExDnRcK5AcQdEma,minbias,0,test,11.723576,13.109646797180176,0.11822939121748366,2,40mm,1.8833431
SubNetW4CleanAuxExDnRcK5AcQdEma,minbias,0,test,66.53779,63.459991455078125,-0.04625637566947183,2,40mm,3.8392797
SubNetW4CleanAuxExDnRcK5AcQdEma,minbias,0,test,6.7498493,6.857928276062012,0.016012054712457147,3,60mm,1.0566863
SubNetW4CleanAuxExDnRcK5AcQdEma,minbias,0,test,11.490502,11.23218059539795,-0.022481328844315973,4,120mm,2.4493263
SubNetW4CleanAuxExDnRcK5AcQdEma,minbias,0,test,49.222454,50.74818420410156,0.030996628710435514,1,30mm,3.1216578
SubNetW4CleanAuxExDnRcK5AcQdEma,minbias,0,test,26.317467,25.385847091674805,-0.035399290270455075,2,40mm,2.1320786
SubNetW4CleanAuxExDnRcK5AcQdEma,minbias,0,test,41.434845,41.72457504272461,0.006992425631768162,0,15mm,1.3691353
SubNetW4CleanAuxExDnRcK5AcQdEma,minbias,0,test,69.474686,68.00580596923828,-0.021142660604560493,1,30mm,3.1358569
SubNetW4CleanAuxExDnRcK5AcQdEma,minbias,0,test,40.576683,41.61522674560547,0.025594593329243187,0,15mm,1.2210567
SubNetW4CleanAuxExDnRcK5AcQdEma,minbias,0,test,69.61093,75.67198181152344,0.08707038238745879,1,30mm,3.769483
SubNetW4CleanAuxExDnRcK5AcQdEma,minbias,0,test,54.415283,52.935523986816406,-0.02719381631783202,2,40mm,4.2029104
SubNetW4CleanAuxExDnRcK5AcQdEma,minbias,0,test,4.0434265,3.9781572818756104,-0.016142059606022885,3,60mm,0.5837954
SubNetW4CleanAuxExDnRcK5AcQdEma,minbias,0,test,12.095959,12.505941390991211,0.03389418657200527,3,60mm,1.4340098
SubNetW4CleanAuxExDnRcK5AcQdEma,minbias,0,test,27.524837,25.266389846801758,-0.08205126179566102,2,40mm,1.7474836
SubNetW4CleanAuxExDnRcK5AcQdEma,minbias,0,test,30.055622,30.533071517944336,0.015885527689712076,2,40mm,3.927739
SubNetW4CleanAuxExDnRcK5AcQdEma,minbias,0,test,15.27771,15.29273509979248,0.0009834679996802986,2,40mm,1.9879576
SubNetW4CleanAuxExDnRcK5AcQdEma,minbias,0,test,7.925841,7.700949668884277,-0.02837442611892782,3,60mm,1.1813304
SubNetW4CleanAuxExDnRcK5AcQdEma,minbias,0,test,8.30082,8.318538665771484,0.0021345257909515247,3,60mm,1.5761626
SubNetW4CleanAuxExDnRcK5AcQdEma,minbias,0,test,54.338497,51.7633171081543,-0.047391447835590794,1,30mm,2.335291
SubNetW4CleanAuxExDnRcK5AcQdEma,minbias,0,test,25.173637,24.6719970703125,-0.01992720845422069,1,30mm,1.076962
SubNetW4CleanAuxExDnRcK5AcQdEma,minbias,0,test,12.648049,11.561378479003906,-0.08591608437692577,1,30mm,1.2577056
SubNetW4CleanAuxExDnRcK5AcQdEma,minbias,0,test,41.955597,41.8700065612793,-0.002040022519622875,2,40mm,4.4030895
SubNetW4CleanAuxExDnRcK5AcQdEma,minbias,0,test,40.865025,40.01179504394531,-0.020879212278790416,1,30mm,1.5431585
SubNetW4CleanAuxExDnRcK5AcQdEma,minbias,0,test,21.772417,21.6890811920166,-0.003827589569073808,4,120mm,4.981092
SubNetW4CleanAuxExDnRcK5AcQdEma,minbias,0,test,19.721182,19.281360626220703,-0.022301971869454262,2,40mm,2.3148692
SubNetW4CleanAuxExDnRcK5AcQdEma,minbias,0,test,14.026376,13.845698356628418,-0.012881261481639483,3,60mm,2.4194317
SubNetW4CleanAuxExDnRcK5AcQdEma,minbias,0,test,20.877316,19.813295364379883,-0.05096537223752906,4,120mm,4.7609773
SubNetW4CleanAuxExDnRcK5AcQdEma,minbias,0,test,22.334707,22.1698055267334,-0.0073832054961737725,2,40mm,4.512302
SubNetW4CleanAuxExDnRcK5AcQdEma,minbias,0,test,38.863033,38.93866729736328,0.0019461682805883562,3,60mm,4.78653
SubNetW4CleanAuxExDnRcK5AcQdEma,minbias,0,test,28.144844,27.941503524780273,-0.00722478795749848,3,60mm,4.621207
SubNetW4CleanAuxExDnRcK5AcQdEma,minbias,0,test,11.390616,10.13484001159668,-0.11024657133286231,3,60mm,1.4343711
SubNetW4CleanAuxExDnRcK5AcQdEma,minbias,0,test,22.221327,21.01324462890625,-0.054365889509994325,0,15mm,0.75251687
SubNetW4CleanAuxExDnRcK5AcQdEma,minbias,0,test,14.589531,14.25522232055664,-0.02291428185949851,3,60mm,2.019661
SubNetW4CleanAuxExDnRcK5AcQdEma,minbias,0,test,41.86367,45.419986724853516,0.08494994218315322,1,30mm,2.279896
SubNetW4CleanAuxExDnRcK5AcQdEma,minbias,0,test,13.557168,13.547162055969238,-0.0007380561281414844,3,60mm,1.8831487
SubNetW4CleanAuxExDnRcK5AcQdEma,minbias,0,test,16.1729,16.579069137573242,0.02511422875848668,3,60mm,2.8902943
SubNetW4CleanAuxExDnRcK5AcQdEma,minbias,0,test,14.366393,14.350943565368652,-0.0010753933732534637,2,40mm,1.4095967
SubNetW4CleanAuxExDnRcK5AcQdEma,minbias,0,test,32.44947,35.09164810180664,0.08142436654419472,2,40mm,2.5927548
SubNetW4CleanAuxExDnRcK5AcQdEma,minbias,0,test,16.96061,17.17841911315918,0.012842090253033955,4,120mm,3.5980875
SubNetW4CleanAuxExDnRcK5AcQdEma,minbias,0,test,27.050962,27.028095245361328,-0.0008453378619206475,3,60mm,3.53316
SubNetW4CleanAuxExDnRcK5AcQdEma,minbias,0,test,36.005302,36.64373779296875,0.017731703962907908,1,30mm,2.7291567
SubNetW4CleanAuxExDnRcK5AcQdEma,minbias,0,test,36.089714,35.0588264465332,-0.028564582205422018,2,40mm,4.4657216
SubNetW4CleanAuxExDnRcK5AcQdEma,minbias,0,test,32.85141,39.106407165527344,0.19040270326760966,0,15mm,1.0641825
SubNetW4CleanAuxExDnRcK5AcQdEma,minbias,0,test,43.406357,43.85102844238281,0.010244389613028426,0,15mm,0.8947187
SubNetW4CleanAuxExDnRcK5AcQdEma,minbias,0,test,18.834583,19.55660057067871,0.038334656911681586,1,30mm,1.0253729
SubNetW4CleanAuxExDnRcK5AcQdEma,minbias,0,test,26.30983,26.461719512939453,0.005773119882893418,3,60mm,3.6039126
SubNetW4CleanAuxExDnRcK5AcQdEma,minbias,0,test,18.203032,18.634593963623047,0.023708272040274814,0,15mm,0.8213418
SubNetW4CleanAuxExDnRcK5AcQdEma,minbias,0,test,4.3558264,3.7468512058258057,-0.13980703527049765,4,120mm,0.99168354
SubNetW4CleanAuxExDnRcK5AcQdEma,minbias,0,test,4.023459,4.170231819152832,0.036479273934393985,3,60mm,0.54633814
SubNetW4CleanAuxExDnRcK5AcQdEma,minbias,0,test,15.597301,15.567718505859375,-0.0018966117607782662,3,60mm,3.3250973
SubNetW4CleanAuxExDnRcK5AcQdEma,minbias,0,test,8.149869,8.379460334777832,0.02817117313305295,3,60mm,1.7832136
SubNetW4CleanAuxExDnRcK5AcQdEma,minbias,0,test,28.412073,26.653364181518555,-0.06190005725656278,2,40mm,3.9977894
SubNetW4CleanAuxExDnRcK5AcQdEma,minbias,0,test,8.559829,8.993127822875977,0.05062006225523308,4,120mm,1.73154
SubNetW4CleanAuxExDnRcK5AcQdEma,minbias,0,test,18.75454,17.659669876098633,-0.058378912169294916,1,30mm,1.0353805
SubNetW4CleanAuxExDnRcK5AcQdEma,minbias,0,test,15.416556,14.885214805603027,-0.03446564462153834,1,30mm,1.3268075
SubNetW4CleanAuxExDnRcK5AcQdEma,minbias,0,test,9.068714,9.167108535766602,0.010849872692191065,3,60mm,1.2927614
SubNetW4CleanAuxExDnRcK5AcQdEma,minbias,0,test,56.344704,56.499359130859375,0.0027448091206034864,1,30mm,4.0165973
SubNetW4CleanAuxExDnRcK5AcQdEma,minbias,0,test,18.538963,18.29759979248047,-0.013019256862003559,3,60mm,2.7560124
SubNetW4CleanAuxExDnRcK5AcQdEma,minbias,0,test,21.417458,20.647336959838867,-0.035957611580672566,3,60mm,2.1464396
SubNetW4CleanAuxExDnRcK5AcQdEma,minbias,0,test,17.561386,16.95630645751953,-0.034455119154264136,4,120mm,4.1061363
SubNetW4CleanAuxExDnRcK5AcQdEma,minbias,0,test,39.55846,33.78213882446289,-0.1460198748063286,1,30mm,2.5515425
SubNetW4CleanAuxExDnRcK5AcQdEma,minbias,0,test,36.650166,35.841644287109375,-0.022060508007133106,3,60mm,4.422306
SubNetW4CleanAuxExDnRcK5AcQdEma,minbias,0,test,41.605778,46.89820861816406,0.1272042289582418,1,30mm,2.6168377
SubNetW4CleanAuxExDnRcK5AcQdEma,minbias,0,test,30.762775,32.27678298950195,0.049215571340121445,2,40mm,1.935006
SubNetW4CleanAuxExDnRcK5AcQdEma,minbias,0,test,20.11543,21.6448974609375,0.07603449519968142,3,60mm,3.4354806
SubNetW4CleanAuxExDnRcK5AcQdEma,minbias,0,test,2.2448041,2.7701292037963867,0.2340182154941839,3,60mm,0.5338951
SubNetW4CleanAuxExDnRcK5AcQdEma,minbias,0,test,10.492566,10.576469421386719,0.007996453090107991,2,40mm,0.9262505
SubNetW4CleanAuxExDnRcK5AcQdEma,minbias,0,test,84.25666,83.68611145019531,-0.006771559756889256,0,15mm,2.521243
SubNetW4CleanAuxExDnRcK5AcQdEma,minbias,0,test,21.806053,21.904329299926758,0.00450682833694227,3,60mm,4.9422574
SubNetW4CleanAuxExDnRcK5AcQdEma,minbias,0,test,25.086472,24.56290054321289,-0.02087065186516124,2,40mm,2.9845836
SubNetW4CleanAuxExDnRcK5AcQdEma,minbias,0,test,4.124972,4.194931507110596,0.016960028520258463,3,60mm,0.53466463
SubNetW4CleanAuxExDnRcK5AcQdEma,minbias,0,test,14.459129,14.945444107055664,0.0336337522365866,3,60mm,2.0254002
SubNetW4CleanAuxExDnRcK5AcQdEma,minbias,0,test,19.280851,19.65265655517578,0.01928365008464472,2,40mm,2.0499578
SubNetW4CleanAuxExDnRcK5AcQdEma,minbias,0,test,80.07412,73.82865142822266,-0.07799608879064546,0,15mm,1.6605607
SubNetW4CleanAuxExDnRcK5AcQdEma,minbias,0,test,9.102487,9.937501907348633,0.0917348558338813,3,60mm,1.5032382
SubNetW4CleanAuxExDnRcK5AcQdEma,minbias,0,test,43.46175,41.89701843261719,-0.03600249867531058,1,30mm,2.679375
SubNetW4CleanAuxExDnRcK5AcQdEma,minbias,0,test,80.6457,78.73238372802734,-0.023724945704478584,1,30mm,4.3943386
SubNetW4CleanAuxExDnRcK5AcQdEma,minbias,0,test,14.9074335,15.079805374145508,0.011562812888296525,3,60mm,2.8027642
SubNetW4CleanAuxExDnRcK5AcQdEma,minbias,0,test,16.550547,16.072559356689453,-0.02888045329553024,3,60mm,2.6479526
SubNetW4CleanAuxExDnRcK5AcQdEma,minbias,0,test,20.509575,24.1081485748291,0.17545822885012496,1,30mm,0.97249097
SubNetW4CleanAuxExDnRcK5AcQdEma,minbias,0,test,29.366163,29.175132751464844,-0.006505122942634278,2,40mm,2.1452398
SubNetW4CleanAuxExDnRcK5AcQdEma,minbias,0,test,25.325373,24.533185958862305,-0.03128035849944599,3,60mm,3.559743
SubNetW4CleanAuxExDnRcK5AcQdEma,minbias,0,test,13.419389,13.0499267578125,-0.027531955407796405,2,40mm,1.7318369
SubNetW4CleanAuxExDnRcK5AcQdEma,minbias,0,test,29.224403,28.600162506103516,-0.02136026070741137,3,60mm,4.7009783
SubNetW4CleanAuxExDnRcK5AcQdEma,minbias,0,test,29.372427,28.534095764160156,-0.028541435234955004,2,40mm,2.9183204
SubNetW4CleanAuxExDnRcK5AcQdEma,minbias,0,test,82.19219,81.05854034423828,-0.013792693743070128,1,30mm,4.3969493
SubNetW4CleanAuxExDnRcK5AcQdEma,minbias,0,test,3.4304678,3.161994218826294,-0.07826151924202962,3,60mm,0.7945664
SubNetW4CleanAuxExDnRcK5AcQdEma,minbias,0,test,16.124153,16.567569732666016,0.027500147864248703,3,60mm,3.5679507
SubNetW4CleanAuxExDnRcK5AcQdEma,minbias,0,test,8.136193,7.7167134284973145,-0.05155726182414955,3,60mm,1.3134303
SubNetW4CleanAuxExDnRcK5AcQdEma,minbias,0,test,11.047181,11.180614471435547,0.012078496805325356,3,60mm,1.2255244
SubNetW4CleanAuxExDnRcK5AcQdEma,minbias,0,test,13.14589,12.586468696594238,-0.04255486157787047,2,40mm,1.2101063
SubNetW4CleanAuxExDnRcK5AcQdEma,minbias,0,test,16.46995,16.25613021850586,-0.012982401731002291,2,40mm,1.1605804
SubNetW4CleanAuxExDnRcK5AcQdEma,minbias,0,test,47.12299,55.49778366088867,0.1777220432689719,1,30mm,2.4333167
SubNetW4CleanAuxExDnRcK5AcQdEma,minbias,0,test,33.75953,34.40169143676758,0.019021661138517665,1,30mm,2.3364549
SubNetW4CleanAuxExDnRcK5AcQdEma,minbias,0,test,36.58176,35.470664978027344,-0.0303729349304237,0,15mm,1.0324513
SubNetW4CleanAuxExDnRcK5AcQdEma,minbias,0,test,5.1864877,5.410686492919922,0.04322748500876128,2,40mm,0.8233411
SubNetW4CleanAuxExDnRcK5AcQdEma,minbias,0,test,6.1002083,6.762108325958252,0.10850449900039583,2,40mm,0.80322427
SubNetW4CleanAuxExDnRcK5AcQdEma,minbias,0,test,15.164411,17.657913208007812,0.16443122546032685,3,60mm,2.0606334
SubNetW4CleanAuxExDnRcK5AcQdEma,minbias,0,test,9.398576,9.898981094360352,0.0532426745445338,2,40mm,0.78024715
SubNetW4CleanAuxExDnRcK5AcQdEma,minbias,0,test,4.2385964,4.359000205993652,0.02840651813745576,3,60mm,0.79643935
SubNetW4CleanAuxExDnRcK5AcQdEma,minbias,0,test,22.040997,21.529865264892578,-0.02319002615995558,1,30mm,1.3759929
SubNetW4CleanAuxExDnRcK5AcQdEma,minbias,0,test,47.035717,49.22442626953125,0.046532920047645865,1,30mm,2.3819818
SubNetW4CleanAuxExDnRcK5AcQdEma,minbias,0,test,24.736229,24.18362045288086,-0.022340045900549166,2,40mm,3.3252187
SubNetW4CleanAuxExDnRcK5AcQdEma,minbias,0,test,35.04624,35.352264404296875,0.0087319674998656,1,30mm,1.5622951
SubNetW4CleanAuxExDnRcK5AcQdEma,minbias,0,test,15.299207,14.603681564331055,-0.045461518461629824,4,120mm,3.657798
SubNetW4CleanAuxExDnRcK5AcQdEma,minbias,0,test,33.94615,33.5195426940918,-0.012567228316690549,1,30mm,2.311319
SubNetW4CleanAuxExDnRcK5AcQdEma,minbias,0,test,16.164665,16.246355056762695,0.0050536050992691095,3,60mm,3.3206282
SubNetW4CleanAuxExDnRcK5AcQdEma,minbias,0,test,17.855991,17.69504165649414,-0.009013764834139848,3,60mm,2.3551874
SubNetW4CleanAuxExDnRcK5AcQdEma,minbias,0,test,34.362144,34.518043518066406,0.00453694174956687,2,40mm,3.425091
SubNetW4CleanAuxExDnRcK5AcQdEma,minbias,0,test,44.55346,46.973915100097656,0.054327003510961314,3,60mm,4.8219495
SubNetW4CleanAuxExDnRcK5AcQdEma,minbias,0,test,29.439085,28.22270965576172,-0.04131838169137192,0,15mm,0.6588938
SubNetW4CleanAuxExDnRcK5AcQdEma,minbias,0,test,30.074791,28.054073333740234,-0.0671897478489778,1,30mm,2.9083555
SubNetW4CleanAuxExDnRcK5AcQdEma,minbias,0,test,26.280394,27.688732147216797,0.05358894422068583,3,60mm,3.2632756
SubNetW4CleanAuxExDnRcK5AcQdEma,minbias,0,test,19.0625,19.24774169921875,0.009717597336065475,2,40mm,3.9686177
SubNetW4CleanAuxExDnRcK5AcQdEma,minbias,0,test,4.4101734,4.374816417694092,-0.008017144703250323,3,60mm,0.6599066
SubNetW4CleanAuxExDnRcK5AcQdEma,minbias,0,test,21.31858,22.457298278808594,0.05341432768283938,2,40mm,1.8741059
SubNetW4CleanAuxExDnRcK5AcQdEma,minbias,0,test,22.735666,22.816930770874023,0.0035743177642821866,3,60mm,4.010435
SubNetW4CleanAuxExDnRcK5AcQdEma,minbias,0,test,7.4218574,6.995772361755371,-0.05740948320253891,3,60mm,1.4745662
SubNetW4CleanAuxExDnRcK5AcQdEma,minbias,0,test,15.08332,13.028482437133789,-0.13623242579495576,2,40mm,2.6588712
SubNetW4CleanAuxExDnRcK5AcQdEma,minbias,0,test,13.112377,13.326287269592285,0.016313602035998187,3,60mm,2.3080277
SubNetW4CleanAuxExDnRcK5AcQdEma,minbias,0,test,12.739791,12.054807662963867,-0.05376722883221863,4,120mm,2.58021
SubNetW4CleanAuxExDnRcK5AcQdEma,minbias,0,test,21.52026,20.512922286987305,-0.04680880142134758,4,120mm,4.7586637
SubNetW4CleanAuxExDnRcK5AcQdEma,minbias,0,test,20.274895,20.949249267578125,0.03326056991779036,4,120mm,3.9985313
SubNetW4CleanAuxExDnRcK5AcQdEma,minbias,0,test,53.90481,55.47273254394531,0.02908684087260882,2,40mm,4.257891
SubNetW4CleanAuxExDnRcK5AcQdEma,minbias,0,test,4.692933,4.9812421798706055,0.06143473435839031,4,120mm,0.91896373
SubNetW4CleanAuxExDnRcK5AcQdEma,minbias,0,test,12.294703,12.040053367614746,-0.020712104393989073,3,60mm,2.3200817
SubNetW4CleanAuxExDnRcK5AcQdEma,minbias,0,test,85.287285,83.26966094970703,-0.023656796026398252,0,15mm,2.7156577
SubNetW4CleanAuxExDnRcK5AcQdEma,minbias,0,test,60.42037,59.14950180053711,-0.021033741303101983,2,40mm,4.3725295
SubNetW4CleanAuxExDnRcK5AcQdEma,minbias,0,test,30.462353,30.040376663208008,-0.01385238011336265,2,40mm,2.735511
SubNetW4CleanAuxExDnRcK5AcQdEma,minbias,0,test,16.670418,16.101701736450195,-0.03411528472214276,3,60mm,2.7852283
SubNetW4CleanAuxExDnRcK5AcQdEma,minbias,0,test,12.304463,11.970582008361816,-0.027134980834611855,3,60mm,1.6498853
SubNetW4CleanAuxExDnRcK5AcQdEma,minbias,0,test,76.35378,76.86540222167969,0.006700644684374035,1,30mm,4.025185
SubNetW4CleanAuxExDnRcK5AcQdEma,minbias,0,test,14.178568,12.914645195007324,-0.08914318438054614,2,40mm,2.0051029
SubNetW4CleanAuxExDnRcK5AcQdEma,minbias,0,test,48.020412,48.423072814941406,0.008385191825115212,1,30mm,4.427646
SubNetW4CleanAuxExDnRcK5AcQdEma,minbias,0,test,25.42384,24.65329933166504,-0.030307783973098856,2,40mm,2.313198
SubNetW4CleanAuxExDnRcK5AcQdEma,minbias,0,test,10.485166,11.100715637207031,0.05870675437239359,3,60mm,1.5816278
SubNetW4CleanAuxExDnRcK5AcQdEma,minbias,0,test,38.62025,42.86088180541992,0.10980330335624999,1,30mm,2.7514267
SubNetW4CleanAuxExDnRcK5AcQdEma,minbias,0,test,38.6343,38.2948112487793,-0.00878724297104494,2,40mm,3.9155855
SubNetW4CleanAuxExDnRcK5AcQdEma,minbias,0,test,22.20675,22.21101951599121,0.00019222290848719403,3,60mm,2.5925925
SubNetW4CleanAuxExDnRcK5AcQdEma,minbias,0,test,81.77816,86.14922332763672,0.05345025159935868,0,15mm,3.3751378
SubNetW4CleanAuxExDnRcK5AcQdEma,minbias,0,test,28.554132,28.47098731994629,-0.0029118426803380615,3,60mm,3.1242309
SubNetW4CleanAuxExDnRcK5AcQdEma,minbias,0,test,45.56259,44.46428298950195,-0.02410548930170564,2,40mm,4.303652
SubNetW4CleanAuxExDnRcK5AcQdEma,minbias,0,test,11.429625,11.56629467010498,0.011957532981277108,3,60mm,1.9399874
SubNetW4CleanAuxExDnRcK5AcQdEma,minbias,0,test,15.504881,15.630261421203613,0.008086519130281689,3,60mm,2.7900329
SubNetW4CleanAuxExDnRcK5AcQdEma,minbias,0,test,14.325137,13.777795791625977,-0.03820845423355779,3,60mm,2.8994782
SubNetW4CleanAuxExDnRcK5AcQdEma,minbias,0,test,27.720251,27.0095157623291,-0.025639570107328646,2,40mm,3.1793492
SubNetW4CleanAuxExDnRcK5AcQdEma,minbias,0,test,20.64425,20.06884002685547,-0.027872691846553277,2,40mm,2.989775
SubNetW4CleanAuxExDnRcK5AcQdEma,minbias,0,test,24.662613,24.07408332824707,-0.023863229286346654,2,40mm,2.3979516
SubNetW4CleanAuxExDnRcK5AcQdEma,minbias,0,test,24.052893,25.911874771118164,0.07728725648644552,2,40mm,1.9396824
SubNetW4CleanAuxExDnRcK5AcQdEma,minbias,0,test,83.66614,81.79871368408203,-0.022319950014079493,1,30mm,4.0321684
SubNetW4CleanAuxExDnRcK5AcQdEma,minbias,0,test,29.665834,30.517230987548828,0.028699565581661313,3,60mm,3.690007
SubNetW4CleanAuxExDnRcK5AcQdEma,minbias,0,test,30.676882,31.51629066467285,0.027362913879367623,3,60mm,3.4430118
SubNetW4CleanAuxExDnRcK5AcQdEma,minbias,0,test,18.81221,17.726024627685547,-0.057738322638835826,2,40mm,2.0011134
SubNetW4CleanAuxExDnRcK5AcQdEma,minbias,0,test,54.119373,57.284603118896484,0.058486076299480994,0,15mm,2.7766907
SubNetW4CleanAuxExDnRcK5AcQdEma,minbias,0,test,67.76681,73.05447387695312,0.07802737817358985,0,15mm,1.8570092
SubNetW4CleanAuxExDnRcK5AcQdEma,minbias,0,test,18.191113,17.80860710144043,-0.021027049141997267,2,40mm,1.8744752
SubNetW4CleanAuxExDnRcK5AcQdEma,minbias,0,test,30.19452,29.793968200683594,-0.013265742824430493,2,40mm,3.5521283
SubNetW4CleanAuxExDnRcK5AcQdEma,minbias,0,test,30.01183,29.044801712036133,-0.03222155011152961,3,60mm,4.3420115
SubNetW4CleanAuxExDnRcK5AcQdEma,minbias,0,test,13.574093,26.158374786376953,0.927080877267578,1,30mm,0.92585194
SubNetW4CleanAuxExDnRcK5AcQdEma,minbias,0,test,10.718463,11.070625305175781,0.032855677440312814,3,60mm,2.3407764
SubNetW4CleanAuxExDnRcK5AcQdEma,minbias,0,test,21.152033,20.85096549987793,-0.014233494926895185,3,60mm,3.7297459
SubNetW4CleanAuxExDnRcK5AcQdEma,minbias,0,test,95.666794,79.251953125,-0.17158347261611906,0,15mm,2.5736566
SubNetW4CleanAuxExDnRcK5AcQdEma,minbias,0,test,17.199516,17.38184928894043,0.010601053507069524,0,15mm,0.5929512
SubNetW4CleanAuxExDnRcK5AcQdEma,minbias,0,test,11.081673,11.34344482421875,0.023622079770216464,2,40mm,1.1399131
SubNetW4CleanAuxExDnRcK5AcQdEma,minbias,0,test,21.315878,21.306529998779297,-0.00043854237141627284,1,30mm,0.8488693
SubNetW4CleanAuxExDnRcK5AcQdEma,minbias,0,test,5.4794526,5.788308620452881,0.056366216193284524,3,60mm,1.1364264
SubNetW4CleanAuxExDnRcK5AcQdEma,minbias,0,test,80.12951,83.09033966064453,0.03695056573359223,0,15mm,1.7986572
SubNetW4CleanAuxExDnRcK5AcQdEma,minbias,0,test,28.868608,27.644203186035156,-0.042413034551630924,2,40mm,2.8462257
SubNetW4CleanAuxExDnRcK5AcQdEma,minbias,0,test,35.69921,35.05609893798828,-0.01801474493216426,2,40mm,2.4899993
SubNetW4CleanAuxExDnRcK5AcQdEma,minbias,0,test,40.292076,39.88065719604492,-0.01021091377031913,2,40mm,4.4411564
SubNetW4CleanAuxExDnRcK5AcQdEma,minbias,0,test,80.64039,82.83281707763672,0.027187723545906817,0,15mm,2.8438718
SubNetW4CleanAuxExDnRcK5AcQdEma,minbias,0,test,6.6903753,6.315473556518555,-0.056035985002637734,3,60mm,1.2206898
SubNetW4CleanAuxExDnRcK5AcQdEma,minbias,0,test,26.947956,25.69942283630371,-0.04633127814791249,3,60mm,4.475695
SubNetW4CleanAuxExDnRcK5AcQdEma,minbias,0,test,4.2537274,4.090004920959473,-0.038489188027907684,4,120mm,0.9991057
SubNetW4CleanAuxExDnRcK5AcQdEma,minbias,0,test,78.20782,78.51808166503906,0.003967181274147302,0,15mm,4.3872294
SubNetW4CleanAuxExDnRcK5AcQdEma,minbias,0,test,5.408866,5.338918685913086,-0.012931960906318096,2,40mm,0.9362264
SubNetW4CleanAuxExDnRcK5AcQdEma,minbias,0,test,21.301052,20.98131561279297,-0.01501036095819741,3,60mm,3.434107
SubNetW4CleanAuxExDnRcK5AcQdEma,minbias,0,test,21.918484,25.553245544433594,0.1658308966255171,2,40mm,2.386025
SubNetW4CleanAuxExDnRcK5AcQdEma,minbias,0,test,6.6543937,7.32714319229126,0.10109854517377848,3,60mm,1.063498
SubNetW4CleanAuxExDnRcK5AcQdEma,minbias,0,test,14.897569,15.034615516662598,0.00919927383453012,4,120mm,3.1316562
SubNetW4CleanAuxExDnRcK5AcQdEma,minbias,0,test,59.267982,58.107513427734375,-0.01958003303909328,0,15mm,1.8923972
SubNetW4CleanAuxExDnRcK5AcQdEma,minbias,0,test,63.976837,64.88861846923828,0.01425174096650772,0,15mm,3.1704938
SubNetW4CleanAuxExDnRcK5AcQdEma,minbias,0,test,18.73465,21.25040626525879,0.13428362168246455,2,40mm,1.600475
SubNetW4CleanAuxExDnRcK5AcQdEma,minbias,0,test,7.7315755,7.722316265106201,-0.0011975856604011792,4,120mm,1.8506808
SubNetW4CleanAuxExDnRcK5AcQdEma,minbias,0,test,22.79491,25.515789031982422,0.11936342585426041,3,60mm,2.9287963
SubNetW4CleanAuxExDnRcK5AcQdEma,minbias,0,test,25.469831,25.076885223388672,-0.015427909046052068,3,60mm,3.9780362
SubNetW4CleanAuxExDnRcK5AcQdEma,minbias,0,test,52.552505,54.784664154052734,0.042474828553683786,0,15mm,1.9684644
SubNetW4CleanAuxExDnRcK5AcQdEma,minbias,0,test,3.7665052,3.5565004348754883,-0.055755877945049326,3,60mm,0.50709367
SubNetW4CleanAuxExDnRcK5AcQdEma,minbias,0,test,16.731016,16.66431999206543,-0.0039863787326557265,2,40mm,1.2849989
SubNetW4CleanAuxExDnRcK5AcQdEma,minbias,0,test,8.566154,9.19430923461914,0.07332996150301985,3,60mm,1.5661819
SubNetW4CleanAuxExDnRcK5AcQdEma,minbias,0,test,6.2298174,6.436707019805908,0.03320958166148413,2,40mm,0.69043493
SubNetW4CleanAuxExDnRcK5AcQdEma,minbias,0,test,20.312943,21.14384651184082,0.040905152306627945,3,60mm,3.684303
SubNetW4CleanAuxExDnRcK5AcQdEma,minbias,0,test,6.4567995,6.618527889251709,0.02504776273937681,3,60mm,0.9088899
SubNetW4CleanAuxExDnRcK5AcQdEma,minbias,0,test,30.407757,30.371469497680664,-0.0011933569441330283,3,60mm,4.396584
SubNetW4CleanAuxExDnRcK5AcQdEma,minbias,0,test,25.102278,24.903234481811523,-0.007929291352068213,2,40mm,3.778033
SubNetW4CleanAuxExDnRcK5AcQdEma,minbias,0,test,27.153645,26.66361427307129,-0.018046575205829085,3,60mm,3.9502063
SubNetW4CleanAuxExDnRcK5AcQdEma,minbias,0,test,17.98287,17.43133544921875,-0.03067000148384591,2,40mm,1.60745
SubNetW4CleanAuxExDnRcK5AcQdEma,minbias,0,test,18.149355,17.276687622070312,-0.04808255256245897,1,30mm,0.92098206
SubNetW4CleanAuxExDnRcK5AcQdEma,minbias,0,test,4.4847674,4.532791614532471,0.010708287157827678,4,120mm,0.93081236
SubNetW4CleanAuxExDnRcK5AcQdEma,minbias,0,test,16.614428,16.28876495361328,-0.01960119369812796,3,60mm,3.488906
SubNetW4CleanAuxExDnRcK5AcQdEma,minbias,0,test,16.332602,16.31464958190918,-0.0010991491637205586,3,60mm,3.7805066
SubNetW4CleanAuxExDnRcK5AcQdEma,minbias,0,test,15.385426,12.132721900939941,-0.21141460484077523,1,30mm,0.617882
SubNetW4CleanAuxExDnRcK5AcQdEma,minbias,0,test,45.13845,44.292755126953125,-0.01873558981182266,2,40mm,4.2505717
SubNetW4CleanAuxExDnRcK5AcQdEma,minbias,0,test,40.73256,40.14740753173828,-0.01436569868913018,0,15mm,1.9563625
SubNetW4CleanAuxExDnRcK5AcQdEma,minbias,0,test,49.076332,48.015464782714844,-0.021616678841756443,0,15mm,1.062507
SubNetW4CleanAuxExDnRcK5AcQdEma,minbias,0,test,8.772842,8.200927734375,-0.06519149054592066,2,40mm,1.3832343
SubNetW4CleanAuxExDnRcK5AcQdEma,minbias,0,test,7.1616836,6.886534690856934,-0.038419579178273766,4,120mm,1.4461524
SubNetW4CleanAuxExDnRcK5AcQdEma,minbias,0,test,96.02339,93.72434997558594,-0.023942517617621784,0,15mm,3.0046813
SubNetW4CleanAuxExDnRcK5AcQdEma,minbias,0,test,59.92655,60.17719268798828,0.004182467729801687,0,15mm,2.4307427
SubNetW4CleanAuxExDnRcK5AcQdEma,minbias,0,test,11.34044,10.78414535522461,-0.049054044746782766,3,60mm,2.2669075
SubNetW4CleanAuxExDnRcK5AcQdEma,minbias,0,test,42.466606,43.51980972290039,0.024800747657775624,1,30mm,3.9873414
SubNetW4CleanAuxExDnRcK5AcQdEma,minbias,0,test,4.850246,4.578236103057861,-0.056081661055184195,4,120mm,0.9727225
SubNetW4CleanAuxExDnRcK5AcQdEma,minbias,0,test,71.31284,65.23664855957031,-0.08520477490546019,1,30mm,4.532109
SubNetW4CleanAuxExDnRcK5AcQdEma,minbias,0,test,10.826576,10.818034172058105,-0.000788990043416038,1,30mm,1.0099682
SubNetW4CleanAuxExDnRcK5AcQdEma,minbias,0,test,21.918673,21.986347198486328,0.00308753354704705,3,60mm,3.2685118
SubNetW4CleanAuxExDnRcK5AcQdEma,minbias,0,test,25.116003,24.799144744873047,-0.012615792853883367,2,40mm,4.1043916
SubNetW4CleanAuxExDnRcK5AcQdEma,minbias,0,test,65.74899,63.492862701416016,-0.03431429316725332,0,15mm,1.7721484
SubNetW4CleanAuxExDnRcK5AcQdEma,minbias,0,test,24.87932,24.731273651123047,-0.005950584367639511,2,40mm,1.8155471
SubNetW4CleanAuxExDnRcK5AcQdEma,minbias,0,test,4.332022,4.605041980743408,0.06302363623014817,2,40mm,0.60454744
SubNetW4CleanAuxExDnRcK5AcQdEma,minbias,0,test,4.5535855,4.501650810241699,-0.011405236324476098,3,60mm,1.0656489
SubNetW4CleanAuxExDnRcK5AcQdEma,minbias,0,test,85.83915,83.53246307373047,-0.026872195443133684,0,15mm,2.4596405
SubNetW4CleanAuxExDnRcK5AcQdEma,minbias,0,test,97.276215,92.39636993408203,-0.050164828942130146,0,15mm,2.2234762
SubNetW4CleanAuxExDnRcK5AcQdEma,minbias,0,test,63.629677,34.870849609375,-0.4519719201363922,1,30mm,3.3878913
SubNetW4CleanAuxExDnRcK5AcQdEma,minbias,0,test,4.662948,5.2485575675964355,0.1255878082948092,3,60mm,0.9025749
SubNetW4CleanAuxExDnRcK5AcQdEma,minbias,0,test,4.830731,5.4737324714660645,0.13310647347187676,2,40mm,0.90925384
SubNetW4CleanAuxExDnRcK5AcQdEma,minbias,0,test,18.199675,18.246021270751953,0.002546565553024127,3,60mm,2.104842
SubNetW4CleanAuxExDnRcK5AcQdEma,minbias,0,test,6.247759,5.678735733032227,-0.091076359473383,3,60mm,0.65513307
SubNetW4CleanAuxExDnRcK5AcQdEma,minbias,0,test,11.6045475,10.947282791137695,-0.0566385470383991,3,60mm,1.7233343
SubNetW4CleanAuxExDnRcK5AcQdEma,minbias,0,test,58.487724,56.42405319213867,-0.035283833259219244,1,30mm,4.3300624
SubNetW4CleanAuxExDnRcK5AcQdEma,minbias,0,test,5.844779,5.845260143280029,8.231768753375057e-05,3,60mm,0.71949804
SubNetW4CleanAuxExDnRcK5AcQdEma,minbias,0,test,25.131195,25.0023193359375,-0.005128117945498389,3,60mm,3.6916897
SubNetW4CleanAuxExDnRcK5AcQdEma,minbias,0,test,23.1687,22.07918357849121,-0.04702532816347249,4,120mm,4.7937737
SubNetW4CleanAuxExDnRcK5AcQdEma,minbias,0,test,34.821796,23.24307632446289,-0.3325135772444562,1,30mm,3.4110377
SubNetW4CleanAuxExDnRcK5AcQdEma,minbias,0,test,14.731792,13.851946830749512,-0.0597242747066109,3,60mm,3.4987102
SubNetW4CleanAuxExDnRcK5AcQdEma,minbias,0,test,90.51778,88.57177734375,-0.021498530133898686,1,30mm,4.4798326
SubNetW4CleanAuxExDnRcK5AcQdEma,minbias,0,test,6.0757213,6.3262939453125,0.04124163544440784,3,60mm,0.6446636
SubNetW4CleanAuxExDnRcK5AcQdEma,minbias,0,test,27.592693,27.61870765686035,0.0009427977070917137,3,60mm,3.4447587
SubNetW4CleanAuxExDnRcK5AcQdEma,minbias,0,test,32.0699,27.12891960144043,-0.15406910630417847,0,15mm,1.4317591
SubNetW4CleanAuxExDnRcK5AcQdEma,minbias,0,test,21.788559,21.713796615600586,-0.0034312661290605284,4,120mm,4.310791
SubNetW4CleanAuxExDnRcK5AcQdEma,minbias,0,test,10.953754,10.862669944763184,-0.008315366289146864,4,120mm,2.577591
SubNetW4CleanAuxExDnRcK5AcQdEma,minbias,0,test,9.031047,10.461264610290527,0.1583667723049178,2,40mm,1.0904338
SubNetW4CleanAuxExDnRcK5AcQdEma,minbias,0,test,3.5260887,3.2239184379577637,-0.08569559676440452,3,60mm,0.55573523
SubNetW4CleanAuxExDnRcK5AcQdEma,minbias,0,test,89.352394,88.98774719238281,-0.004080997664110186,0,15mm,3.3091784
SubNetW4CleanAuxExDnRcK5AcQdEma,minbias,0,test,6.3606524,6.4469075202941895,0.013560727341969336,2,40mm,0.53283346
SubNetW4CleanAuxExDnRcK5AcQdEma,minbias,0,test,14.9565,14.945063591003418,-0.0007646483041826579,3,60mm,3.2182171
SubNetW4CleanAuxExDnRcK5AcQdEma,minbias,0,test,24.912664,24.301427841186523,-0.02453517464537336,2,40mm,1.9122882
SubNetW4CleanAuxExDnRcK5AcQdEma,minbias,0,test,82.44294,78.61796569824219,-0.04639541082926357,1,30mm,4.1381574
SubNetW4CleanAuxExDnRcK5AcQdEma,minbias,0,test,18.83266,18.285350799560547,-0.029061739333168468,2,40mm,3.1331284
SubNetW4CleanAuxExDnRcK5AcQdEma,minbias,0,test,5.644,5.591200351715088,-0.009355014385376004,3,60mm,0.8228902
SubNetW4CleanAuxExDnRcK5AcQdEma,minbias,0,test,15.482965,15.864582061767578,0.024647512982084674,3,60mm,2.1307774
SubNetW4CleanAuxExDnRcK5AcQdEma,minbias,0,test,62.635113,65.46781158447266,0.04522541266533242,1,30mm,3.5062156
SubNetW4CleanAuxExDnRcK5AcQdEma,minbias,0,test,12.464751,13.398948669433594,0.07494713753895388,3,60mm,2.3797734
SubNetW4CleanAuxExDnRcK5AcQdEma,minbias,0,test,13.03957,13.289463996887207,0.019164293372768704,2,40mm,1.63186
SubNetW4CleanAuxExDnRcK5AcQdEma,minbias,0,test,24.297415,20.227081298828125,-0.1675212576212769,0,15mm,0.7532904
SubNetW4CleanAuxExDnRcK5AcQdEma,minbias,0,test,25.118574,24.78435707092285,-0.013305574975623347,2,40mm,2.258853
SubNetW4CleanAuxExDnRcK5AcQdEma,minbias,0,test,2.6776414,2.922635316848755,0.09149616742894251,3,60mm,0.6398952
SubNetW4CleanAuxExDnRcK5AcQdEma,minbias,0,test,9.33085,8.741545677185059,-0.0631565176375356,3,60mm,1.936472
SubNetW4CleanAuxExDnRcK5AcQdEma,minbias,0,test,8.079775,8.85208511352539,0.09558561601877558,4,120mm,1.7414358
SubNetW4CleanAuxExDnRcK5AcQdEma,minbias,0,test,3.143791,2.9807164669036865,-0.05187192643114691,3,60mm,0.6380203
SubNetW4CleanAuxExDnRcK5AcQdEma,minbias,0,test,9.143323,8.861244201660156,-0.030850790756142166,3,60mm,1.4012032
SubNetW4CleanAuxExDnRcK5AcQdEma,minbias,0,test,26.987963,26.330936431884766,-0.02434516075342774,2,40mm,2.8574443
SubNetW4CleanAuxExDnRcK5AcQdEma,minbias,0,test,13.212622,13.331718444824219,0.009013862561584984,3,60mm,2.229406
SubNetW4CleanAuxExDnRcK5AcQdEma,minbias,0,test,13.68079,14.513476371765137,0.06086537600900299,3,60mm,1.7819388
SubNetW4CleanAuxExDnRcK5AcQdEma,minbias,0,test,53.687454,52.71699523925781,-0.018076084970104822,1,30mm,4.2512946
SubNetW4CleanAuxExDnRcK5AcQdEma,minbias,0,test,5.545982,6.301499366760254,0.13622790311249466,2,40mm,0.54392844
SubNetW4CleanAuxExDnRcK5AcQdEma,minbias,0,test,19.677708,19.634607315063477,-0.002190313921409226,4,120mm,4.5833054
SubNetW4CleanAuxExDnRcK5AcQdEma,minbias,0,test,35.216774,36.94498062133789,0.049073394262871606,1,30mm,2.4893389
SubNetW4CleanAuxExDnRcK5AcQdEma,minbias,0,test,37.29428,36.96519470214844,-0.008824042047069769,2,40mm,3.0951924
SubNetW4CleanAuxExDnRcK5AcQdEma,minbias,0,test,16.948517,17.15631675720215,0.012260654627824108,3,60mm,3.0495946
SubNetW4CleanAuxExDnRcK5AcQdEma,minbias,0,test,79.98103,76.94578552246094,-0.037949594754463134,0,15mm,2.201421
SubNetW4CleanAuxExDnRcK5AcQdEma,minbias,0,test,7.427262,7.495291233062744,0.00915941907655049,4,120mm,1.7411019
SubNetW4CleanAuxExDnRcK5AcQdEma,minbias,0,test,40.460117,38.0163459777832,-0.06039951248197195,0,15mm,1.1333098
SubNetW4CleanAuxExDnRcK5AcQdEma,minbias,0,test,17.603321,17.786561965942383,0.010409449996261921,2,40mm,1.9415623
SubNetW4CleanAuxExDnRcK5AcQdEma,minbias,0,test,27.95745,31.284866333007812,0.1190171264960338,2,40mm,2.1226106
SubNetW4CleanAuxExDnRcK5AcQdEma,minbias,0,test,6.5430546,6.163938522338867,-0.05794175391239331,3,60mm,1.4440829
SubNetW4CleanAuxExDnRcK5AcQdEma,minbias,0,test,15.614909,15.665764808654785,0.003256864067303189,2,40mm,1.499853
SubNetW4CleanAuxExDnRcK5AcQdEma,minbias,0,test,11.243668,11.578405380249023,0.029771226751168722,3,60mm,2.6432412
SubNetW4CleanAuxExDnRcK5AcQdEma,minbias,0,test,16.840187,15.086216926574707,-0.10415383977633985,2,40mm,3.293641
SubNetW4CleanAuxExDnRcK5AcQdEma,minbias,0,test,5.3068852,6.225338459014893,0.17306822638708752,2,40mm,0.5334187
SubNetW4CleanAuxExDnRcK5AcQdEma,minbias,0,test,8.127477,8.85135555267334,0.08906563351554997,2,40mm,1.5392886
SubNetW4CleanAuxExDnRcK5AcQdEma,minbias,0,test,4.9217815,4.670239448547363,-0.051107935069761634,3,60mm,0.50077367
SubNetW4CleanAuxExDnRcK5AcQdEma,minbias,0,test,27.362135,27.9412841796875,0.02116608399249409,3,60mm,4.5405607
SubNetW4CleanAuxExDnRcK5AcQdEma,minbias,0,test,17.978514,17.1348819732666,-0.046924443123264714,4,120mm,4.085962
SubNetW4CleanAuxExDnRcK5AcQdEma,minbias,0,test,68.943245,69.93289947509766,0.014354626649236701,0,15mm,2.2732482
SubNetW4CleanAuxExDnRcK5AcQdEma,minbias,0,test,17.35941,17.448543548583984,0.005134634168852292,3,60mm,3.3201122
SubNetW4CleanAuxExDnRcK5AcQdEma,minbias,0,test,30.568684,30.08329200744629,-0.015878721595847578,2,40mm,3.910092
SubNetW4CleanAuxExDnRcK5AcQdEma,minbias,0,test,45.91972,44.75267791748047,-0.025414828014835855,3,60mm,4.7648354
SubNetW4CleanAuxExDnRcK5AcQdEma,minbias,0,test,70.05307,75.21395874023438,0.07367112771558593,0,15mm,2.3518994
SubNetW4CleanAuxExDnRcK5AcQdEma,minbias,0,test,20.561308,19.935955047607422,-0.030414060346861227,3,60mm,3.0447557
SubNetW4CleanAuxExDnRcK5AcQdEma,minbias,0,test,42.199787,42.785362243652344,0.013876257285814653,2,40mm,4.4248643
SubNetW4CleanAuxExDnRcK5AcQdEma,minbias,0,test,15.359318,15.374907493591309,0.001015000423460144,2,40mm,2.217691
SubNetW4CleanAuxExDnRcK5AcQdEma,minbias,0,test,13.635358,12.095651626586914,-0.11292011888058429,1,30mm,0.85853976
SubNetW4CleanAuxExDnRcK5AcQdEma,minbias,0,test,8.136588,8.108662605285645,-0.0034320886102877646,4,120mm,1.8301077
SubNetW4CleanAuxExDnRcK5AcQdEma,minbias,0,test,13.497412,14.8842134475708,0.10274575212063652,3,60mm,1.458882
SubNetW4CleanAuxExDnRcK5AcQdEma,minbias,0,test,31.928526,31.366470336914062,-0.017603555801304682,1,30mm,1.9881284
SubNetW4CleanAuxExDnRcK5AcQdEma,minbias,0,test,12.64609,12.320981979370117,-0.025708150577215427,3,60mm,2.7671254
SubNetW4CleanAuxExDnRcK5AcQdEma,minbias,0,test,80.5229,80.50344848632812,-0.0002416077317506371,1,30mm,4.305235
SubNetW4CleanAuxExDnRcK5AcQdEma,minbias,0,test,16.33959,16.370798110961914,0.0019099645824254274,3,60mm,3.0403454
SubNetW4CleanAuxExDnRcK5AcQdEma,minbias,0,test,14.345361,15.473487854003906,0.07864055266912073,4,120mm,3.278017
SubNetW4CleanAuxExDnRcK5AcQdEma,minbias,0,test,38.833687,40.44540786743164,0.04150316826551781,1,30mm,1.9261853
SubNetW4CleanAuxExDnRcK5AcQdEma,minbias,0,test,29.558367,29.030067443847656,-0.01787308939216159,2,40mm,4.3357873
SubNetW4CleanAuxExDnRcK5AcQdEma,minbias,0,test,40.77428,37.410335540771484,-0.0825016398108176,0,15mm,0.9793282
SubNetW4CleanAuxExDnRcK5AcQdEma,minbias,0,test,26.371632,26.18181800842285,-0.007197643915630492,2,40mm,2.6393294
SubNetW4CleanAuxExDnRcK5AcQdEma,minbias,0,test,85.572365,81.86965942382812,-0.04326987330134313,0,15mm,2.280204
SubNetW4CleanAuxExDnRcK5AcQdEma,minbias,0,test,12.674396,16.587892532348633,0.30877188203791595,2,40mm,0.847993
SubNetW4CleanAuxExDnRcK5AcQdEma,minbias,0,test,17.869127,17.593830108642578,-0.015406301645427334,3,60mm,2.396173
SubNetW4CleanAuxExDnRcK5AcQdEma,minbias,0,test,35.12835,32.28410720825195,-0.0809671434122089,1,30mm,2.2738771
SubNetW4CleanAuxExDnRcK5AcQdEma,minbias,0,test,19.904055,20.292842864990234,0.01953311675760827,1,30mm,0.85408133
SubNetW4CleanAuxExDnRcK5AcQdEma,minbias,0,test,27.841137,26.887264251708984,-0.034261268962580416,2,40mm,3.5826943
SubNetW4CleanAuxExDnRcK5AcQdEma,minbias,0,test,17.89237,18.622581481933594,0.04081132062397952,2,40mm,2.5574923
SubNetW4CleanAuxExDnRcK5AcQdEma,minbias,0,test,11.433541,11.31486988067627,-0.010379235456821623,2,40mm,0.7697197
SubNetW4CleanAuxExDnRcK5AcQdEma,minbias,0,test,25.907488,26.363481521606445,0.01760084399710382,3,60mm,3.6216125
SubNetW4CleanAuxExDnRcK5AcQdEma,minbias,0,test,23.335072,21.063047409057617,-0.09736521049266578,1,30mm,1.3338889
SubNetW4CleanAuxExDnRcK5AcQdEma,minbias,0,test,30.19914,30.638214111328125,0.014539273457597979,1,30mm,1.8235036
SubNetW4CleanAuxExDnRcK5AcQdEma,minbias,0,test,47.339554,46.43332290649414,-0.019143208018192137,3,60mm,4.9757504
SubNetW4CleanAuxExDnRcK5AcQdEma,minbias,0,test,15.021299,15.186744689941406,0.0110140490359516,3,60mm,1.7588491
SubNetW4CleanAuxExDnRcK5AcQdEma,minbias,0,test,98.325516,95.0489730834961,-0.03332342209119654,1,30mm,3.5623603
SubNetW4CleanAuxExDnRcK5AcQdEma,minbias,0,test,13.148332,12.804791450500488,-0.02612804430252358,3,60mm,2.3408406
SubNetW4CleanAuxExDnRcK5AcQdEma,minbias,0,test,7.234633,7.311141490936279,0.01057531492786934,4,120mm,1.6125655
SubNetW4CleanAuxExDnRcK5AcQdEma,minbias,0,test,20.309862,21.472230911254883,0.057231741238932266,1,30mm,1.543543
SubNetW4CleanAuxExDnRcK5AcQdEma,minbias,0,test,47.318302,45.7170295715332,-0.03384044883474635,2,40mm,4.7126803
SubNetW4CleanAuxExDnRcK5AcQdEma,minbias,0,test,29.16728,29.802278518676758,0.02177091306564094,3,60mm,4.4534464
SubNetW4CleanAuxExDnRcK5AcQdEma,minbias,0,test,9.622595,8.925577163696289,-0.07243552095327443,4,120mm,2.0406995
SubNetW4CleanAuxExDnRcK5AcQdEma,minbias,0,test,25.279692,24.907541275024414,-0.014721319611623485,3,60mm,2.6880817
SubNetW4CleanAuxExDnRcK5AcQdEma,minbias,0,test,11.133557,11.355624198913574,0.01994572560206831,2,40mm,0.7013647
SubNetW4CleanAuxExDnRcK5AcQdEma,minbias,0,test,79.629616,82.05589294433594,0.030469532431694146,1,30mm,4.6009383
SubNetW4CleanAuxExDnRcK5AcQdEma,minbias,0,test,96.62503,93.96746826171875,-0.027503869769809897,1,30mm,4.412736
SubNetW4CleanAuxExDnRcK5AcQdEma,minbias,0,test,5.7901745,5.478944301605225,-0.05375143417424344,3,60mm,1.0275084
SubNetW4CleanAuxExDnRcK5AcQdEma,minbias,0,test,24.309965,25.503538131713867,0.0490980958419347,1,30mm,1.4502772
SubNetW4CleanAuxExDnRcK5AcQdEma,minbias,0,test,45.041206,43.143821716308594,-0.04212552897440747,2,40mm,3.2916455
SubNetW4CleanAuxExDnRcK5AcQdEma,minbias,0,test,22.524616,22.158889770507812,-0.016236745923962514,3,60mm,3.6678305
SubNetW4CleanAuxExDnRcK5AcQdEma,minbias,0,test,46.69246,48.514610290527344,0.039024528134790515,0,15mm,1.9216019
SubNetW4CleanAuxExDnRcK5AcQdEma,minbias,0,test,13.658799,13.53033447265625,-0.009405270344705396,3,60mm,1.3924834
SubNetW4CleanAuxExDnRcK5AcQdEma,minbias,0,test,30.77307,31.038055419921875,0.008610971980762772,2,40mm,2.225267
SubNetW4CleanAuxExDnRcK5AcQdEma,minbias,0,test,27.580616,28.120168685913086,0.019562749746095953,1,30mm,1.5812902
SubNetW4CleanAuxExDnRcK5AcQdEma,minbias,0,test,74.463745,75.04833984375,0.007850729581791782,1,30mm,3.578563
SubNetW4CleanAuxExDnRcK5AcQdEma,minbias,0,test,39.95325,38.800411224365234,-0.028854714825648164,1,30mm,3.6380703
SubNetW4CleanAuxExDnRcK5AcQdEma,minbias,0,test,81.359276,80.96517181396484,-0.004843995966587578,1,30mm,3.4258525
SubNetW4CleanAuxExDnRcK5AcQdEma,minbias,0,test,26.956488,26.01540756225586,-0.034911079863437,0,15mm,1.1452081
SubNetW4CleanAuxExDnRcK5AcQdEma,minbias,0,test,8.8291645,8.351441383361816,-0.054107398426234465,2,40mm,0.6112197
SubNetW4CleanAuxExDnRcK5AcQdEma,minbias,0,test,22.684206,22.10537338256836,-0.025516988609404656,3,60mm,4.9483237
SubNetW4CleanAuxExDnRcK5AcQdEma,minbias,0,test,18.934595,19.138261795043945,0.010756326493895907,2,40mm,1.561743
SubNetW4CleanAuxExDnRcK5AcQdEma,minbias,0,test,21.46988,20.6568660736084,-0.03786761309121922,4,120mm,4.540756
SubNetW4CleanAuxExDnRcK5AcQdEma,minbias,0,test,16.199568,15.98868179321289,-0.013018001730553008,4,120mm,3.7725847
SubNetW4CleanAuxExDnRcK5AcQdEma,minbias,0,test,23.564938,23.573810577392578,0.0003765333901424306,3,60mm,4.9841795
SubNetW4CleanAuxExDnRcK5AcQdEma,minbias,0,test,59.012245,59.39371871948242,0.00646431160359473,1,30mm,2.3933816
SubNetW4CleanAuxExDnRcK5AcQdEma,minbias,0,test,5.3829236,4.988827228546143,-0.07321232913055753,2,40mm,0.62574005
SubNetW4CleanAuxExDnRcK5AcQdEma,minbias,0,test,10.413408,10.34635066986084,-0.006439544840533884,2,40mm,1.0851127
SubNetW4CleanAuxExDnRcK5AcQdEma,minbias,0,test,33.653313,33.41850280761719,-0.006977318331165661,1,30mm,1.9764646
SubNetW4CleanAuxExDnRcK5AcQdEma,minbias,0,test,8.838969,8.636207580566406,-0.022939513057960492,3,60mm,1.3940942
SubNetW4CleanAuxExDnRcK5AcQdEma,minbias,0,test,23.887272,23.02911949157715,-0.03592508988877985,3,60mm,3.4741755
SubNetW4CleanAuxExDnRcK5AcQdEma,minbias,0,test,7.097788,9.144391059875488,0.2883438113447372,2,40mm,0.9081585
SubNetW4CleanAuxExDnRcK5AcQdEma,minbias,0,test,4.1235046,3.658811330795288,-0.11269377594934837,3,60mm,0.9162048
SubNetW4CleanAuxExDnRcK5AcQdEma,minbias,0,test,13.242181,14.84852123260498,0.12130482355141536,0,15mm,0.5986586
SubNetW4CleanAuxExDnRcK5AcQdEma,minbias,0,test,14.517155,15.331571578979492,0.05610031046475106,3,60mm,2.1293879
SubNetW4CleanAuxExDnRcK5AcQdEma,minbias,0,test,31.831738,31.318340301513672,-0.01612846978590321,2,40mm,4.6614523
SubNetW4CleanAuxExDnRcK5AcQdEma,minbias,0,test,22.277977,23.698373794555664,0.06375788993153808,3,60mm,4.0021186
SubNetW4CleanAuxExDnRcK5AcQdEma,minbias,0,test,4.5515175,4.036083221435547,-0.1132444875049553,4,120mm,0.9536053
SubNetW4CleanAuxExDnRcK5AcQdEma,minbias,0,test,16.702024,16.605201721191406,-0.005797066031143605,1,30mm,1.6753225
SubNetW4CleanAuxExDnRcK5AcQdEma,minbias,0,test,94.89656,95.79806518554688,0.009499865013512299,0,15mm,3.375761
SubNetW4CleanAuxExDnRcK5AcQdEma,minbias,0,test,82.09337,78.17285919189453,-0.04775671176086704,0,15mm,2.1386175
SubNetW4CleanAuxExDnRcK5AcQdEma,minbias,0,test,3.34796,3.7310335636138916,0.11441999572436612,3,60mm,0.6383848
SubNetW4CleanAuxExDnRcK5AcQdEma,minbias,0,test,16.523735,15.921491622924805,-0.03644717261389441,2,40mm,2.4171267
SubNetW4CleanAuxExDnRcK5AcQdEma,minbias,0,test,5.180259,6.271747589111328,0.21070149453353815,2,40mm,0.58799815
SubNetW4CleanAuxExDnRcK5AcQdEma,minbias,0,test,20.095942,20.004226684570312,-0.004563849810664489,2,40mm,1.7836243
SubNetW4CleanAuxExDnRcK5AcQdEma,minbias,0,test,63.29078,61.52730941772461,-0.027862979737932503,1,30mm,4.1406856
SubNetW4CleanAuxExDnRcK5AcQdEma,minbias,0,test,29.386168,28.998273849487305,-0.01319987291338276,2,40mm,3.3595674
SubNetW4CleanAuxExDnRcK5AcQdEma,minbias,0,test,9.129339,9.010205268859863,-0.013049569791762194,2,40mm,1.3110957
SubNetW4CleanAuxExDnRcK5AcQdEma,minbias,0,test,92.60591,85.02007293701172,-0.0819152710132326,1,30mm,4.775553
SubNetW4CleanAuxExDnRcK5AcQdEma,minbias,0,test,40.601612,40.75293731689453,0.0037270743213513313,2,40mm,4.562508
SubNetW4CleanAuxExDnRcK5AcQdEma,minbias,0,test,72.281975,69.69181823730469,-0.03583405908059445,1,30mm,4.57199
SubNetW4CleanAuxExDnRcK5AcQdEma,minbias,0,test,19.62687,19.861255645751953,0.011942120859091077,2,40mm,3.225645
SubNetW4CleanAuxExDnRcK5AcQdEma,minbias,0,test,72.57239,74.0704345703125,0.02064210538709843,1,30mm,3.8976529
SubNetW4CleanAuxExDnRcK5AcQdEma,minbias,0,test,8.526962,8.228583335876465,-0.03499240815070248,3,60mm,1.7389848
SubNetW4CleanAuxExDnRcK5AcQdEma,minbias,0,test,37.417946,36.07371139526367,-0.0359248599994495,2,40mm,4.083106
SubNetW4CleanAuxExDnRcK5AcQdEma,minbias,0,test,42.66264,41.79774856567383,-0.02027279746382138,2,40mm,3.9500728
SubNetW4CleanAuxExDnRcK5AcQdEma,minbias,0,test,5.5839057,5.1593451499938965,-0.07603290061167522,3,60mm,0.94929445
SubNetW4CleanAuxExDnRcK5AcQdEma,minbias,0,test,98.698784,97.32392883300781,-0.013929807314059017,1,30mm,4.102568
SubNetW4CleanAuxExDnRcK5AcQdEma,minbias,0,test,70.14384,86.01921844482422,0.22632610581828616,0,15mm,1.7430582
SubNetW4CleanAuxExDnRcK5AcQdEma,minbias,0,test,20.553911,21.98944091796875,0.06984216747157546,3,60mm,2.5542994
SubNetW4CleanAuxExDnRcK5AcQdEma,minbias,0,test,18.468378,18.252763748168945,-0.011674783679717415,2,40mm,2.5876343
SubNetW4CleanAuxExDnRcK5AcQdEma,minbias,0,test,80.61795,79.34455108642578,-0.015795481602868477,1,30mm,4.838468
SubNetW4CleanAuxExDnRcK5AcQdEma,minbias,0,test,53.816727,53.512367248535156,-0.00565548027138596,1,30mm,3.5289555
SubNetW4CleanAuxExDnRcK5AcQdEma,minbias,0,test,20.96956,20.91941261291504,-0.0023914669055343785,2,40mm,1.9607844
SubNetW4CleanAuxExDnRcK5AcQdEma,minbias,0,test,8.492763,8.568033218383789,0.008862917359278022,3,60mm,1.3725095
SubNetW4CleanAuxExDnRcK5AcQdEma,minbias,0,test,8.700245,8.66706657409668,-0.0038134937390302825,2,40mm,1.3356924
SubNetW4CleanAuxExDnRcK5AcQdEma,minbias,0,test,44.52495,45.304222106933594,0.017501962825742456,2,40mm,4.186574
SubNetW4CleanAuxExDnRcK5AcQdEma,minbias,0,test,30.751047,30.868799209594727,0.003829205382199552,3,60mm,4.2831893
SubNetW4CleanAuxExDnRcK5AcQdEma,minbias,0,test,13.50554,12.588197708129883,-0.06792339981718143,3,60mm,3.0743284
SubNetW4CleanAuxExDnRcK5AcQdEma,minbias,0,test,17.630978,17.324541091918945,-0.01738057554812944,3,60mm,3.0415368
SubNetW4CleanAuxExDnRcK5AcQdEma,minbias,0,test,45.8706,28.522342681884766,-0.3781999438988223,1,30mm,2.8024619
SubNetW4CleanAuxExDnRcK5AcQdEma,minbias,0,test,12.277046,12.442130088806152,0.013446547520875596,3,60mm,1.8782887
SubNetW4CleanAuxExDnRcK5AcQdEma,minbias,0,test,4.0599246,4.616264343261719,0.13703203759237859,3,60mm,0.5912375
SubNetW4CleanAuxExDnRcK5AcQdEma,minbias,0,test,53.02498,52.98472213745117,-0.0007591988017421336,0,15mm,2.203954
SubNetW4CleanAuxExDnRcK5AcQdEma,minbias,0,test,19.13034,18.731155395507812,-0.020866600836227378,0,15mm,0.54016125
SubNetW4CleanAuxExDnRcK5AcQdEma,minbias,0,test,13.701376,13.364262580871582,-0.024604344949312074,3,60mm,2.4562662
SubNetW4CleanAuxExDnRcK5AcQdEma,minbias,0,test,50.92743,52.515262603759766,0.031178353777287837,0,15mm,1.2269422
SubNetW4CleanAuxExDnRcK5AcQdEma,minbias,0,test,73.81327,71.54963684082031,-0.030667029256155054,1,30mm,4.5558314
SubNetW4CleanAuxExDnRcK5AcQdEma,minbias,0,test,28.478834,29.00545310974121,0.01849159114817378,1,30mm,1.8068106
SubNetW4CleanAuxExDnRcK5AcQdEma,minbias,0,test,95.10932,93.9437255859375,-0.01225532880229685,1,30mm,4.509542
SubNetW4CleanAuxExDnRcK5AcQdEma,minbias,0,test,37.889355,33.975528717041016,-0.10329619016101432,2,40mm,2.2385871
SubNetW4CleanAuxExDnRcK5AcQdEma,minbias,0,test,9.648074,10.156612396240234,0.052708782938850174,2,40mm,0.9782971
SubNetW4CleanAuxExDnRcK5AcQdEma,minbias,0,test,68.21303,67.5275650024414,-0.010048856827194141,1,30mm,3.6167657
SubNetW4CleanAuxExDnRcK5AcQdEma,minbias,0,test,12.927381,12.407143592834473,-0.04024303040403043,3,60mm,1.9755971
SubNetW4CleanAuxExDnRcK5AcQdEma,minbias,0,test,11.309977,11.162135124206543,-0.013071773627098215,3,60mm,1.7660775
SubNetW4CleanAuxExDnRcK5AcQdEma,minbias,0,test,87.759224,92.30828857421875,0.05183574366433419,0,15mm,2.1001804
SubNetW4CleanAuxExDnRcK5AcQdEma,minbias,0,test,14.798837,14.973738670349121,0.011818629107848144,3,60mm,2.6098373
SubNetW4CleanAuxExDnRcK5AcQdEma,minbias,0,test,18.360067,16.751468658447266,-0.0876139872966476,1,30mm,0.9539722
SubNetW4CleanAuxExDnRcK5AcQdEma,minbias,0,test,11.646129,11.817317008972168,0.014699163951476413,3,60mm,2.2590504
SubNetW4CleanAuxExDnRcK5AcQdEma,minbias,0,test,81.2281,82.17346954345703,0.011638409164128394,1,30mm,4.737434
SubNetW4CleanAuxExDnRcK5AcQdEma,minbias,0,test,19.610228,17.199716567993164,-0.12292111381253557,3,60mm,4.0436754
SubNetW4CleanAuxExDnRcK5AcQdEma,minbias,0,test,13.700634,14.038619041442871,0.024669299150030133,4,120mm,2.7938654
SubNetW4CleanAuxExDnRcK5AcQdEma,minbias,0,test,10.219338,7.586503028869629,-0.2576326647320072,1,30mm,0.7657149
SubNetW4CleanAuxExDnRcK5AcQdEma,minbias,0,test,22.354057,23.221837997436523,0.03881982913940685,2,40mm,2.7439268
SubNetW4CleanAuxExDnRcK5AcQdEma,minbias,0,test,21.282686,22.1403865814209,0.04030038024756011,2,40mm,1.8474315
SubNetW4CleanAuxExDnRcK5AcQdEma,minbias,0,test,4.5965056,4.808338165283203,0.04608555712697182,3,60mm,0.6905938
SubNetW4CleanAuxExDnRcK5AcQdEma,minbias,0,test,15.690735,15.83676815032959,0.009306975633759595,3,60mm,1.865275
SubNetW4CleanAuxExDnRcK5AcQdEma,minbias,0,test,37.870758,38.31336975097656,0.011687426316472349,2,40mm,3.448906
SubNetW4CleanAuxExDnRcK5AcQdEma,minbias,0,test,17.369795,19.038860321044922,0.0960901087377255,1,30mm,0.8253155
SubNetW4CleanAuxExDnRcK5AcQdEma,minbias,0,test,22.298086,21.922033309936523,-0.016864804164775204,2,40mm,2.7520516
SubNetW4CleanAuxExDnRcK5AcQdEma,minbias,0,test,42.60049,42.30971145629883,-0.006825722189542915,0,15mm,1.4154063
SubNetW4CleanAuxExDnRcK5AcQdEma,minbias,0,test,24.921034,25.210866928100586,0.01163005798573824,0,15mm,0.7671813
SubNetW4CleanAuxExDnRcK5AcQdEma,minbias,0,test,10.476169,9.993708610534668,-0.04605309812173064,3,60mm,1.7606195
SubNetW4CleanAuxExDnRcK5AcQdEma,minbias,0,test,28.827147,28.26801872253418,-0.01939587766802986,0,15mm,1.3751718
SubNetW4CleanAuxExDnRcK5AcQdEma,minbias,0,test,6.103012,6.3144145011901855,0.03463902959494147,3,60mm,0.9394558
SubNetW4CleanAuxExDnRcK5AcQdEma,minbias,0,test,34.46592,33.51374816894531,-0.02762645940236641,1,30mm,3.3402405
SubNetW4CleanAuxExDnRcK5AcQdEma,minbias,0,test,9.204865,9.348645210266113,0.015619973516372454,4,120mm,1.817983
SubNetW4CleanAuxExDnRcK5AcQdEma,minbias,0,test,77.25094,70.5423812866211,-0.08684110855484228,1,30mm,4.7469416
SubNetW4CleanAuxExDnRcK5AcQdEma,minbias,0,test,34.708733,34.67654800415039,-0.0009272767518299085,1,30mm,2.2740543
SubNetW4CleanAuxExDnRcK5AcQdEma,minbias,0,test,8.554488,8.675146102905273,0.014104633529137267,4,120mm,1.7057538
SubNetW4CleanAuxExDnRcK5AcQdEma,minbias,0,test,18.281315,17.611923217773438,-0.03661616451430694,4,120mm,3.7966993
SubNetW4CleanAuxExDnRcK5AcQdEma,minbias,0,test,11.321149,10.976944923400879,-0.030403623594641993,4,120mm,2.2892604
SubNetW4CleanAuxExDnRcK5AcQdEma,minbias,0,test,90.106606,88.22869873046875,-0.020840944881623136,1,30mm,4.227787
SubNetW4CleanAuxExDnRcK5AcQdEma,minbias,0,test,10.144042,9.73154354095459,-0.04066411332958342,3,60mm,2.1848865
SubNetW4CleanAuxExDnRcK5AcQdEma,minbias,0,test,19.4963,20.15566062927246,0.033819796283897086,2,40mm,1.9696429
SubNetW4CleanAuxExDnRcK5AcQdEma,minbias,0,test,20.435873,21.184816360473633,0.036648462617610456,1,30mm,1.0504255
SubNetW4CleanAuxExDnRcK5AcQdEma,minbias,0,test,65.09732,63.95469665527344,-0.017552548885218733,1,30mm,3.3677366
SubNetW4CleanAuxExDnRcK5AcQdEma,minbias,0,test,92.69505,89.6339111328125,-0.03302379000151934,1,30mm,3.6117182
SubNetW4CleanAuxExDnRcK5AcQdEma,minbias,0,test,30.224302,30.427448272705078,0.006721279415260684,2,40mm,2.7002897
SubNetW4CleanAuxExDnRcK5AcQdEma,minbias,0,test,54.319023,53.80452346801758,-0.009471813641664495,0,15mm,3.0555184
SubNetW4CleanAuxExDnRcK5AcQdEma,minbias,0,test,29.042877,31.811477661132812,0.09532803671834045,3,60mm,4.412307
SubNetW4CleanAuxExDnRcK5AcQdEma,minbias,0,test,37.16616,37.23978042602539,0.0019808299101518045,1,30mm,2.2042718
SubNetW4CleanAuxExDnRcK5AcQdEma,minbias,0,test,14.912027,16.117429733276367,0.08083423838002557,3,60mm,2.6032584
SubNetW4CleanAuxExDnRcK5AcQdEma,minbias,0,test,8.395365,7.338563442230225,-0.12587914273686163,3,60mm,0.8962803
SubNetW4CleanAuxExDnRcK5AcQdEma,minbias,0,test,23.20794,23.00699234008789,-0.008658537347082107,2,40mm,1.9794977
SubNetW4CleanAuxExDnRcK5AcQdEma,minbias,0,test,4.5091515,4.950778484344482,0.09794016227781133,3,60mm,0.8109697
SubNetW4CleanAuxExDnRcK5AcQdEma,minbias,0,test,34.448444,43.5030632019043,0.2628455073073299,0,15mm,1.3241267
SubNetW4CleanAuxExDnRcK5AcQdEma,minbias,0,test,38.32414,37.01586151123047,-0.034137156802661384,1,30mm,2.4291813
SubNetW4CleanAuxExDnRcK5AcQdEma,minbias,0,test,18.625666,18.068689346313477,-0.02990370000121856,3,60mm,2.6138656
SubNetW4CleanAuxExDnRcK5AcQdEma,minbias,0,test,58.890457,57.53538513183594,-0.023010044190291623,2,40mm,4.440749
SubNetW4CleanAuxExDnRcK5AcQdEma,minbias,0,test,39.06866,37.97893142700195,-0.027892671224216126,2,40mm,2.980817
SubNetW4CleanAuxExDnRcK5AcQdEma,minbias,0,test,18.180412,19.975210189819336,0.09872151788775474,3,60mm,2.2391198
SubNetW4CleanAuxExDnRcK5AcQdEma,minbias,0,test,20.76724,21.08380126953125,0.015243274370948301,3,60mm,3.2806032
SubNetW4CleanAuxExDnRcK5AcQdEma,minbias,0,test,35.333595,34.72443389892578,-0.0172402885185301,2,40mm,4.4965963
SubNetW4CleanAuxExDnRcK5AcQdEma,minbias,0,test,9.747938,9.453119277954102,-0.030244229441329984,2,40mm,1.3533579
SubNetW4CleanAuxExDnRcK5AcQdEma,minbias,0,test,31.254131,34.05110549926758,0.08949134288032967,1,30mm,1.7920332
SubNetW4CleanAuxExDnRcK5AcQdEma,minbias,0,test,13.153527,12.137764930725098,-0.07722356969631194,3,60mm,1.8110842
SubNetW4CleanAuxExDnRcK5AcQdEma,minbias,0,test,14.943205,14.866086959838867,-0.005160734965651503,3,60mm,2.3660078
SubNetW4CleanAuxExDnRcK5AcQdEma,minbias,0,test,40.66271,38.79051208496094,-0.046042093027946485,2,40mm,4.336319
SubNetW4CleanAuxExDnRcK5AcQdEma,minbias,0,test,7.057705,6.69226598739624,-0.05177872155275154,3,60mm,1.675819
SubNetW4CleanAuxExDnRcK5AcQdEma,minbias,0,test,20.609676,20.32296371459961,-0.013911555012370624,3,60mm,4.3469253
SubNetW4CleanAuxExDnRcK5AcQdEma,minbias,0,test,66.37969,68.25169372558594,0.028201421087638456,1,30mm,3.7028346
SubNetW4CleanAuxExDnRcK5AcQdEma,minbias,0,test,17.07814,18.92695426940918,0.10825616739320587,0,15mm,0.62252414
SubNetW4CleanAuxExDnRcK5AcQdEma,minbias,0,test,45.83132,39.74684143066406,-0.13275812387229136,0,15mm,1.6931665
SubNetW4CleanAuxExDnRcK5AcQdEma,minbias,0,test,38.627007,37.34423065185547,-0.033209300800585595,3,60mm,4.4632845
SubNetW4CleanAuxExDnRcK5AcQdEma,minbias,0,test,63.17885,63.00071334838867,-0.0028195341178300914,1,30mm,3.341863
SubNetW4CleanAuxExDnRcK5AcQdEma,minbias,0,test,28.011267,27.854923248291016,-0.005581449125835802,3,60mm,4.540393
SubNetW4CleanAuxExDnRcK5AcQdEma,minbias,0,test,19.225054,18.729583740234375,-0.025772101991524354,4,120mm,4.1866903
SubNetW4CleanAuxExDnRcK5AcQdEma,minbias,0,test,11.7149935,8.912282943725586,-0.23924132255611563,1,30mm,0.8042507
SubNetW4CleanAuxExDnRcK5AcQdEma,minbias,0,test,23.727922,22.84648895263672,-0.0371475205713061,2,40mm,4.2426653
SubNetW4CleanAuxExDnRcK5AcQdEma,minbias,0,test,48.666187,46.91865158081055,-0.035908621632572246,1,30mm,2.1769915
SubNetW4CleanAuxExDnRcK5AcQdEma,minbias,0,test,21.40904,21.555099487304688,0.006822306519941312,2,40mm,2.5008707
SubNetW4CleanAuxExDnRcK5AcQdEma,minbias,0,test,18.857254,18.900747299194336,0.0023064477367014113,3,60mm,2.7068002
SubNetW4CleanAuxExDnRcK5AcQdEma,minbias,0,test,76.891525,59.22987747192383,-0.2296956359617659,1,30mm,4.923659
SubNetW4CleanAuxExDnRcK5AcQdEma,minbias,0,test,38.2367,41.12113571166992,0.07543636612324156,2,40mm,3.3617144
SubNetW4CleanAuxExDnRcK5AcQdEma,minbias,0,test,75.60757,72.92295837402344,-0.03550713998487387,0,15mm,2.9982953
SubNetW4CleanAuxExDnRcK5AcQdEma,minbias,0,test,20.42853,20.395658493041992,-0.0016090852722761007,3,60mm,4.623832
SubNetW4CleanAuxExDnRcK5AcQdEma,minbias,0,test,46.209133,45.94831466674805,-0.00564430586933673,2,40mm,4.274712
SubNetW4CleanAuxExDnRcK5AcQdEma,minbias,0,test,47.65148,47.94634246826172,0.006187862995384874,2,40mm,4.933545
SubNetW4CleanAuxExDnRcK5AcQdEma,minbias,0,test,33.775738,33.588626861572266,-0.0055398020376307144,3,60mm,4.2718377
SubNetW4CleanAuxExDnRcK5AcQdEma,minbias,0,test,25.745205,25.815593719482422,0.002734054521954521,2,40mm,1.9949976
SubNetW4CleanAuxExDnRcK5AcQdEma,minbias,0,test,53.77948,59.07111358642578,0.09839503111370385,1,30mm,3.34118
SubNetW4CleanAuxExDnRcK5AcQdEma,minbias,0,test,5.893989,5.254214286804199,-0.1085469942335282,3,60mm,0.8998063
SubNetW4CleanAuxExDnRcK5AcQdEma,minbias,0,test,24.265968,24.035377502441406,-0.009502642435096131,2,40mm,4.3640623
SubNetW4CleanAuxExDnRcK5AcQdEma,minbias,0,test,55.79897,54.22532653808594,-0.02820200357343927,2,40mm,4.1641054
SubNetW4CleanAuxExDnRcK5AcQdEma,minbias,0,test,40.09102,39.745819091796875,-0.008610396950603394,2,40mm,4.262109
SubNetW4CleanAuxExDnRcK5AcQdEma,minbias,0,test,10.490484,10.678897857666016,0.01796043116089252,3,60mm,1.9660577
SubNetW4CleanAuxExDnRcK5AcQdEma,minbias,0,test,6.8730197,6.799315452575684,-0.01072370602355377,3,60mm,1.6071625
SubNetW4CleanAuxExDnRcK5AcQdEma,minbias,0,test,19.713236,18.778881072998047,-0.047397331872466086,2,40mm,1.5377091
SubNetW4CleanAuxExDnRcK5AcQdEma,minbias,0,test,33.574818,32.255489349365234,-0.039295174185760784,3,60mm,3.927748
SubNetW4CleanAuxExDnRcK5AcQdEma,minbias,0,test,23.420609,24.263904571533203,0.03600658156627201,2,40mm,3.3611581
SubNetW4CleanAuxExDnRcK5AcQdEma,minbias,0,test,64.60585,70.02059173583984,0.0838119380473683,1,30mm,4.2860956
SubNetW4CleanAuxExDnRcK5AcQdEma,minbias,0,test,20.455141,16.98356819152832,-0.16971639865596022,1,30mm,1.6948402
SubNetW4CleanAuxExDnRcK5AcQdEma,minbias,0,test,6.3180265,6.814082622528076,0.07851440264057086,2,40mm,0.51643896
SubNetW4CleanAuxExDnRcK5AcQdEma,minbias,0,test,5.216561,5.630111217498779,0.0792764408444997,3,60mm,0.93256843
SubNetW4CleanAuxExDnRcK5AcQdEma,minbias,0,test,8.231522,9.358210563659668,0.1368749316447342,1,30mm,0.5566491
SubNetW4CleanAuxExDnRcK5AcQdEma,minbias,0,test,34.865383,35.11838912963867,0.007256652834415345,1,30mm,1.8612661
SubNetW4CleanAuxExDnRcK5AcQdEma,minbias,0,test,10.364089,11.155346870422363,0.07634610792603835,3,60mm,1.926575
SubNetW4CleanAuxExDnRcK5AcQdEma,minbias,0,test,11.62325,10.826030731201172,-0.0685883273529293,3,60mm,2.0342355
SubNetW4CleanAuxExDnRcK5AcQdEma,minbias,0,test,62.549805,62.1595458984375,-0.006239168787372518,1,30mm,4.8604217
SubNetW4CleanAuxExDnRcK5AcQdEma,minbias,0,test,16.548811,15.60224437713623,-0.05719846483708635,3,60mm,3.8536544
SubNetW4CleanAuxExDnRcK5AcQdEma,minbias,0,test,31.021093,30.121339797973633,-0.029004573109902232,1,30mm,1.7072223
SubNetW4CleanAuxExDnRcK5AcQdEma,minbias,0,test,68.89061,87.32767486572266,0.26762813094224236,0,15mm,2.322715
SubNetW4CleanAuxExDnRcK5AcQdEma,minbias,0,test,66.648544,65.43797302246094,-0.01816350681875578,1,30mm,2.8885248
SubNetW4CleanAuxExDnRcK5AcQdEma,minbias,0,test,25.48847,25.01927947998047,-0.018407954502851376,3,60mm,4.768546
SubNetW4CleanAuxExDnRcK5AcQdEma,minbias,0,test,28.849741,28.961145401000977,0.003861539658695845,1,30mm,1.7075257
SubNetW4CleanAuxExDnRcK5AcQdEma,minbias,0,test,52.65864,53.16718292236328,0.009657315298076785,2,40mm,4.4154067
SubNetW4CleanAuxExDnRcK5AcQdEma,minbias,0,test,42.969765,44.61861038208008,0.038372229491029364,1,30mm,2.0154486
SubNetW4CleanAuxExDnRcK5AcQdEma,minbias,0,test,89.97323,88.4590072631836,-0.01682968609012947,1,30mm,4.8282123
SubNetW4CleanAuxExDnRcK5AcQdEma,minbias,0,test,6.0853143,6.138187408447266,0.008688644864305983,2,40mm,0.9351624
SubNetW4CleanAuxExDnRcK5AcQdEma,minbias,0,test,66.42006,65.95356750488281,-0.007023355667077458,1,30mm,2.9720726
SubNetW4CleanAuxExDnRcK5AcQdEma,minbias,0,test,19.775126,19.163705825805664,-0.030918624391279903,3,60mm,3.195023
SubNetW4CleanAuxExDnRcK5AcQdEma,minbias,0,test,68.46777,68.70118713378906,0.0034091030651395293,0,15mm,2.522156
SubNetW4CleanAuxExDnRcK5AcQdEma,minbias,0,test,40.875385,40.11842346191406,-0.01851876911355299,2,40mm,4.0399895
SubNetW4CleanAuxExDnRcK5AcQdEma,minbias,0,test,37.677216,37.03995132446289,-0.01691378309048952,2,40mm,3.842423
SubNetW4CleanAuxExDnRcK5AcQdEma,minbias,0,test,50.08141,49.64105987548828,-0.0087926754389539,2,40mm,4.179708
SubNetW4CleanAuxExDnRcK5AcQdEma,minbias,0,test,18.789808,18.494836807250977,-0.015698481952227228,3,60mm,3.8129077
SubNetW4CleanAuxExDnRcK5AcQdEma,minbias,0,test,89.0041,65.70530700683594,-0.26177210676031815,1,30mm,4.3945203
SubNetW4CleanAuxExDnRcK5AcQdEma,minbias,0,test,71.03306,69.87486267089844,-0.01630502086634955,1,30mm,3.5364385
SubNetW4CleanAuxExDnRcK5AcQdEma,minbias,0,test,22.840405,21.935161590576172,-0.03963340139207261,4,120mm,4.9760427
SubNetW4CleanAuxExDnRcK5AcQdEma,minbias,0,test,5.26525,4.777471542358398,-0.09264111762058247,3,60mm,0.81340086
SubNetW4CleanAuxExDnRcK5AcQdEma,minbias,0,test,27.449522,27.83709716796875,0.014119559141170912,2,40mm,4.100519
SubNetW4CleanAuxExDnRcK5AcQdEma,minbias,0,test,9.869778,9.899887084960938,0.0030506670459549134,4,120mm,2.1387956
SubNetW4CleanAuxExDnRcK5AcQdEma,minbias,0,test,9.00791,8.470666885375977,-0.059641237849476725,2,40mm,0.89897054
SubNetW4CleanAuxExDnRcK5AcQdEma,minbias,0,test,13.586073,13.35753059387207,-0.016821809304065738,2,40mm,0.97799003
SubNetW4CleanAuxExDnRcK5AcQdEma,minbias,0,test,6.313717,10.555658340454102,0.6718612074293866,2,40mm,0.82385314
SubNetW4CleanAuxExDnRcK5AcQdEma,minbias,0,test,43.49829,44.57590866088867,0.02477379271927216,2,40mm,3.7439728
SubNetW4CleanAuxExDnRcK5AcQdEma,minbias,0,test,40.24176,38.52054214477539,-0.04277193885831032,2,40mm,2.921387
SubNetW4CleanAuxExDnRcK5AcQdEma,minbias,0,test,12.630235,11.52103328704834,-0.08782112573611078,4,120mm,2.995828
SubNetW4CleanAuxExDnRcK5AcQdEma,minbias,0,test,12.282783,12.695748329162598,0.03362151635425503,2,40mm,1.2123001
SubNetW4CleanAuxExDnRcK5AcQdEma,minbias,0,test,10.5173435,10.339757919311523,-0.016885024383777147,3,60mm,1.2972682
SubNetW4CleanAuxExDnRcK5AcQdEma,minbias,0,test,14.585795,14.099857330322266,-0.03331584317440828,4,120mm,3.4707735
SubNetW4CleanAuxExDnRcK5AcQdEma,minbias,0,test,28.757557,27.04581642150879,-0.05952315416838172,1,30mm,2.9242423
SubNetW4CleanAuxExDnRcK5AcQdEma,minbias,0,test,21.017694,21.697216033935547,0.032330927711089474,1,30mm,1.2830554
SubNetW4CleanAuxExDnRcK5AcQdEma,minbias,0,test,20.037186,19.574546813964844,-0.02308901372798533,2,40mm,2.0329604
SubNetW4CleanAuxExDnRcK5AcQdEma,minbias,0,test,5.7332106,7.94019079208374,0.3849466549184781,3,60mm,1.116071
SubNetW4CleanAuxExDnRcK5AcQdEma,minbias,0,test,32.982216,31.631954193115234,-0.040939083446968505,3,60mm,3.6015093
SubNetW4CleanAuxExDnRcK5AcQdEma,minbias,0,test,13.707848,14.942672729492188,0.09008162118087726,1,30mm,1.0105982
SubNetW4CleanAuxExDnRcK5AcQdEma,minbias,0,test,29.462801,29.694162368774414,0.007852661032474062,1,30mm,1.5238831
SubNetW4CleanAuxExDnRcK5AcQdEma,minbias,0,test,10.051969,9.499377250671387,-0.05497344323708364,3,60mm,1.7629232
SubNetW4CleanAuxExDnRcK5AcQdEma,minbias,0,test,15.412322,15.140931129455566,-0.017608697387431205,2,40mm,1.9557846
SubNetW4CleanAuxExDnRcK5AcQdEma,minbias,0,test,52.498367,44.96411895751953,-0.14351395554119084,0,15mm,2.0170364
SubNetW4CleanAuxExDnRcK5AcQdEma,minbias,0,test,11.376981,10.806280136108398,-0.05016275024143668,4,120mm,2.4133432
SubNetW4CleanAuxExDnRcK5AcQdEma,minbias,0,test,11.4805,11.164313316345215,-0.027541213258452713,3,60mm,2.2266326
SubNetW4CleanAuxExDnRcK5AcQdEma,minbias,0,test,23.140167,22.55196762084961,-0.025418987229923418,3,60mm,3.5770884
SubNetW4CleanAuxExDnRcK5AcQdEma,minbias,0,test,7.394556,6.93667459487915,-0.061921425415353615,2,40mm,0.7201029
SubNetW4CleanAuxExDnRcK5AcQdEma,minbias,0,test,20.000883,19.803022384643555,-0.00989259907976403,3,60mm,4.496569
SubNetW4CleanAuxExDnRcK5AcQdEma,minbias,0,test,25.31374,25.381011962890625,0.002657536455417553,3,60mm,3.1585107
SubNetW4CleanAuxExDnRcK5AcQdEma,minbias,0,test,25.07247,27.866621017456055,0.11144300255720818,0,15mm,1.1144187
SubNetW4CleanAuxExDnRcK5AcQdEma,minbias,0,test,22.50981,21.825294494628906,-0.03040963094652316,1,30mm,1.0045702
SubNetW4CleanAuxExDnRcK5AcQdEma,minbias,0,test,6.948168,6.9915924072265625,0.006249792401040732,4,120mm,1.6022911
SubNetW4CleanAuxExDnRcK5AcQdEma,minbias,0,test,17.818472,17.825130462646484,0.0003736882776095296,4,120mm,3.878694
SubNetW4CleanAuxExDnRcK5AcQdEma,minbias,0,test,58.038895,59.211021423339844,0.02019553916422634,0,15mm,1.448751
SubNetW4CleanAuxExDnRcK5AcQdEma,minbias,0,test,29.496939,29.111846923828125,-0.013055313483942399,2,40mm,3.7260559
SubNetW4CleanAuxExDnRcK5AcQdEma,minbias,0,test,6.539526,6.734538555145264,0.02982059706672846,4,120mm,1.535058
SubNetW4CleanAuxExDnRcK5AcQdEma,minbias,0,test,13.114576,11.378180503845215,-0.13240197707471768,1,30mm,1.3218809
SubNetW4CleanAuxExDnRcK5AcQdEma,minbias,0,test,16.64279,17.427772521972656,0.04716653210117561,2,40mm,1.5510796
SubNetW4CleanAuxExDnRcK5AcQdEma,minbias,0,test,17.177105,17.248523712158203,0.004157788079837799,2,40mm,1.5030048
SubNetW4CleanAuxExDnRcK5AcQdEma,minbias,0,test,28.831783,26.51174545288086,-0.08046806602577194,1,30mm,2.3101504
SubNetW4CleanAuxExDnRcK5AcQdEma,minbias,0,test,36.091957,35.58646011352539,-0.014005806819154643,3,60mm,4.259564
SubNetW4CleanAuxExDnRcK5AcQdEma,minbias,0,test,15.961831,15.766901016235352,-0.012212262832841825,4,120mm,3.5591886
SubNetW4CleanAuxExDnRcK5AcQdEma,minbias,0,test,40.846016,45.138458251953125,0.10508839660433611,2,40mm,3.0968568
SubNetW4CleanAuxExDnRcK5AcQdEma,minbias,0,test,22.848886,23.035993576049805,0.008188892980172557,3,60mm,3.7648835
SubNetW4CleanAuxExDnRcK5AcQdEma,minbias,0,test,18.502514,17.44367027282715,-0.05722701354116,3,60mm,3.6325643
SubNetW4CleanAuxExDnRcK5AcQdEma,minbias,0,test,21.85016,21.78774642944336,-0.0028564627261861153,3,60mm,4.5378304
SubNetW4CleanAuxExDnRcK5AcQdEma,minbias,0,test,25.90477,25.07101821899414,-0.03218525706914377,3,60mm,2.8889127
SubNetW4CleanAuxExDnRcK5AcQdEma,minbias,0,test,97.271935,95.759521484375,-0.01554829800118862,0,15mm,2.9579797
SubNetW4CleanAuxExDnRcK5AcQdEma,minbias,0,test,8.301212,7.760257244110107,-0.06516579102280073,3,60mm,1.271532
SubNetW4CleanAuxExDnRcK5AcQdEma,minbias,0,test,39.46034,39.5157356262207,0.001403866151870714,3,60mm,4.290208
SubNetW4CleanAuxExDnRcK5AcQdEma,minbias,0,test,5.75823,6.2810821533203125,0.09080080596998119,2,40mm,0.6401052
SubNetW4CleanAuxExDnRcK5AcQdEma,minbias,0,test,23.035322,23.726726531982422,0.030014962975928983,2,40mm,2.468197
SubNetW4CleanAuxExDnRcK5AcQdEma,minbias,0,test,29.455975,29.60190200805664,0.004954085929445462,2,40mm,2.065586
SubNetW4CleanAuxExDnRcK5AcQdEma,minbias,0,test,6.1274266,5.697342872619629,-0.07018994727296857,3,60mm,0.8221438
SubNetW4CleanAuxExDnRcK5AcQdEma,minbias,0,test,23.587915,23.06633758544922,-0.022112078400493007,3,60mm,4.9098215
SubNetW4CleanAuxExDnRcK5AcQdEma,minbias,0,test,4.6683235,4.927251815795898,0.05546494325336471,3,60mm,0.70164394
SubNetW4CleanAuxExDnRcK5AcQdEma,minbias,0,test,17.045082,16.96125030517578,-0.0049182389768200885,3,60mm,2.4563704
SubNetW4CleanAuxExDnRcK5AcQdEma,minbias,0,test,16.94472,16.8974666595459,-0.0027886360435992463,3,60mm,2.4220672
SubNetW4CleanAuxExDnRcK5AcQdEma,minbias,0,test,44.666122,44.603187561035156,-0.0014090069174399478,1,30mm,2.2718954
SubNetW4CleanAuxExDnRcK5AcQdEma,minbias,0,test,10.851161,11.082474708557129,0.021316954506340968,3,60mm,1.1997535
SubNetW4CleanAuxExDnRcK5AcQdEma,minbias,0,test,8.703817,8.27928352355957,-0.048775591911742966,3,60mm,1.9727664
SubNetW4CleanAuxExDnRcK5AcQdEma,minbias,0,test,24.86772,24.997838973999023,0.00523245900952829,3,60mm,4.882359
SubNetW4CleanAuxExDnRcK5AcQdEma,minbias,0,test,36.59249,33.510257720947266,-0.08423130899529652,2,40mm,2.3983788
SubNetW4CleanAuxExDnRcK5AcQdEma,minbias,0,test,35.622658,34.804630279541016,-0.02296368512098501,2,40mm,3.3914523
SubNetW4CleanAuxExDnRcK5AcQdEma,minbias,0,test,2.760846,2.5643701553344727,-0.07116505281123797,3,60mm,0.5886666
SubNetW4CleanAuxExDnRcK5AcQdEma,minbias,0,test,14.080988,13.884453773498535,-0.013957412489249865,2,40mm,2.0332575
SubNetW4CleanAuxExDnRcK5AcQdEma,minbias,0,test,7.8270617,7.659146785736084,-0.021453116743218703,3,60mm,1.8202631
SubNetW4CleanAuxExDnRcK5AcQdEma,minbias,0,test,2.8005672,3.4354028701782227,0.22668112779797767,2,40mm,0.5115437
SubNetW4CleanAuxExDnRcK5AcQdEma,minbias,0,test,47.453392,46.65857696533203,-0.016749383542361662,2,40mm,4.4819765
SubNetW4CleanAuxExDnRcK5AcQdEma,minbias,0,test,7.0542274,7.187098503112793,0.018835677436751075,3,60mm,1.1279515
SubNetW4CleanAuxExDnRcK5AcQdEma,minbias,0,test,14.795405,15.13403034210205,0.02288716972236937,3,60mm,2.1494956
SubNetW4CleanAuxExDnRcK5AcQdEma,minbias,0,test,16.649426,16.188329696655273,-0.02769439760873238,2,40mm,1.2913907
SubNetW4CleanAuxExDnRcK5AcQdEma,minbias,0,test,45.63743,44.90538787841797,-0.016040351807795283,1,30mm,2.7770982
SubNetW4CleanAuxExDnRcK5AcQdEma,minbias,0,test,65.6146,63.2821044921875,-0.03554843895581017,0,15mm,1.4572008
SubNetW4CleanAuxExDnRcK5AcQdEma,minbias,0,test,53.628876,53.309017181396484,-0.005964297156280218,1,30mm,4.580639
SubNetW4CleanAuxExDnRcK5AcQdEma,minbias,0,test,31.005533,30.797658920288086,-0.00670442584010944,0,15mm,0.88286525
SubNetW4CleanAuxExDnRcK5AcQdEma,minbias,0,test,55.791946,53.25593948364258,-0.045454713280700276,0,15mm,2.3541102
SubNetW4CleanAuxExDnRcK5AcQdEma,minbias,0,test,42.488293,45.41217803955078,0.06881625878710729,1,30mm,2.8204195
SubNetW4CleanAuxExDnRcK5AcQdEma,minbias,0,test,39.952408,41.57113265991211,0.040516327066085545,0,15mm,2.1319053
SubNetW4CleanAuxExDnRcK5AcQdEma,minbias,0,test,9.837545,9.72042179107666,-0.011905775182653788,2,40mm,1.1878791
SubNetW4CleanAuxExDnRcK5AcQdEma,minbias,0,test,33.583885,33.50950241088867,-0.0022148355246941476,3,60mm,4.1667175
SubNetW4CleanAuxExDnRcK5AcQdEma,minbias,0,test,4.1829348,4.081202983856201,-0.024320670295534197,2,40mm,0.81344914
SubNetW4CleanAuxExDnRcK5AcQdEma,minbias,0,test,11.893301,11.66734504699707,-0.018998591134814058,3,60mm,2.7665758
SubNetW4CleanAuxExDnRcK5AcQdEma,minbias,0,test,85.18244,77.72853088378906,-0.08750524964861273,0,15mm,2.1745112
SubNetW4CleanAuxExDnRcK5AcQdEma,minbias,0,test,40.0474,39.622283935546875,-0.010615357738946507,2,40mm,3.7357268
SubNetW4CleanAuxExDnRcK5AcQdEma,minbias,0,test,43.327614,45.61542510986328,0.052802614246042046,1,30mm,2.9264052
SubNetW4CleanAuxExDnRcK5AcQdEma,minbias,0,test,62.81964,63.12899398803711,0.004924461032784544,2,40mm,4.965982
SubNetW4CleanAuxExDnRcK5AcQdEma,minbias,0,test,23.15267,22.925552368164062,-0.009809561461732175,2,40mm,2.6685452
SubNetW4CleanAuxExDnRcK5AcQdEma,minbias,0,test,45.01563,40.929473876953125,-0.09077191733929624,1,30mm,3.3391767
SubNetW4CleanAuxExDnRcK5AcQdEma,minbias,0,test,40.627186,41.633087158203125,0.024759316116273355,1,30mm,2.4330533
SubNetW4CleanAuxExDnRcK5AcQdEma,minbias,0,test,60.52103,62.97542190551758,0.040554357092319915,0,15mm,3.3921032
SubNetW4CleanAuxExDnRcK5AcQdEma,minbias,0,test,8.009421,7.391802787780762,-0.07711150829905433,3,60mm,1.8156171
SubNetW4CleanAuxExDnRcK5AcQdEma,minbias,0,test,21.459404,21.79062843322754,0.015434932007265534,3,60mm,3.303218
SubNetW4CleanAuxExDnRcK5AcQdEma,minbias,0,test,2.5106485,2.7045681476593018,0.07723887255051398,4,120mm,0.53196573
SubNetW4CleanAuxExDnRcK5AcQdEma,minbias,0,test,32.43527,33.267921447753906,0.025671224154272698,1,30mm,2.5646431
SubNetW4CleanAuxExDnRcK5AcQdEma,minbias,0,test,19.421492,19.405214309692383,-0.0008381082951016694,3,60mm,3.0037518
SubNetW4CleanAuxExDnRcK5AcQdEma,minbias,0,test,74.42718,72.54332733154297,-0.025311319906606844,1,30mm,4.4752493
SubNetW4CleanAuxExDnRcK5AcQdEma,minbias,0,test,18.295208,18.267438888549805,-0.0015178340021922976,3,60mm,2.9241555
SubNetW4CleanAuxExDnRcK5AcQdEma,minbias,0,test,10.767703,10.667500495910645,-0.009305843586190687,4,120mm,2.5204573
SubNetW4CleanAuxExDnRcK5AcQdEma,minbias,0,test,10.040879,10.032946586608887,-0.0007900366857021002,1,30mm,0.70654
SubNetW4CleanAuxExDnRcK5AcQdEma,minbias,0,test,90.55244,68.90843200683594,-0.23902178207244162,0,15mm,4.4704103
SubNetW4CleanAuxExDnRcK5AcQdEma,minbias,0,test,52.05639,52.57994842529297,0.010057546860790634,0,15mm,2.071597
SubNetW4CleanAuxExDnRcK5AcQdEma,minbias,0,test,27.307892,26.195804595947266,-0.04072402425055177,3,60mm,4.7767773
SubNetW4CleanAuxExDnRcK5AcQdEma,minbias,0,test,55.2881,54.95352554321289,-0.006051494730996976,1,30mm,3.7807732
SubNetW4CleanAuxExDnRcK5AcQdEma,minbias,0,test,3.7497585,3.7270801067352295,-0.006047956249216724,3,60mm,0.85199004
SubNetW4CleanAuxExDnRcK5AcQdEma,minbias,0,test,20.543621,20.328401565551758,-0.010476220186218743,2,40mm,2.3390498
SubNetW4CleanAuxExDnRcK5AcQdEma,minbias,0,test,68.48512,68.9560546875,0.006876413276381443,1,30mm,3.0024302
SubNetW4CleanAuxExDnRcK5AcQdEma,minbias,0,test,51.588306,50.55003356933594,-0.02012612798474367,2,40mm,4.9313064
SubNetW4CleanAuxExDnRcK5AcQdEma,minbias,0,test,23.46108,26.59537124633789,0.13359532560136644,0,15mm,1.0398034
SubNetW4CleanAuxExDnRcK5AcQdEma,minbias,0,test,19.258144,18.860305786132812,-0.020658199705372415,3,60mm,4.4273877
SubNetW4CleanAuxExDnRcK5AcQdEma,minbias,0,test,6.2992797,5.987045764923096,-0.04956660765068999,3,60mm,1.1539314
SubNetW4CleanAuxExDnRcK5AcQdEma,minbias,0,test,15.689799,14.067702293395996,-0.10338545340560601,1,30mm,1.1294335
SubNetW4CleanAuxExDnRcK5AcQdEma,minbias,0,test,37.6597,37.83210372924805,0.004577977250203258,2,40mm,3.5620854
SubNetW4CleanAuxExDnRcK5AcQdEma,minbias,0,test,7.0642595,7.035604000091553,-0.004056409437410924,4,120mm,1.4825816
SubNetW4CleanAuxExDnRcK5AcQdEma,minbias,0,test,62.722927,61.373817443847656,-0.021509035247143093,0,15mm,3.0253167
SubNetW4CleanAuxExDnRcK5AcQdEma,minbias,0,test,15.530305,16.174198150634766,0.041460437877136824,2,40mm,1.4648867
SubNetW4CleanAuxExDnRcK5AcQdEma,minbias,0,test,32.666355,32.48711395263672,-0.005487027239183484,3,60mm,4.1313024
SubNetW4CleanAuxExDnRcK5AcQdEma,minbias,0,test,9.885828,9.120408058166504,-0.07742598380365429,3,60mm,1.3378009
SubNetW4CleanAuxExDnRcK5AcQdEma,minbias,0,test,21.240232,20.459259033203125,-0.03676859166384627,4,120mm,4.8865895
SubNetW4CleanAuxExDnRcK5AcQdEma,minbias,0,test,52.47087,52.01599884033203,-0.008669040992156707,2,40mm,4.9232464
SubNetW4CleanAuxExDnRcK5AcQdEma,minbias,0,test,14.869151,14.145176887512207,-0.04868968122562167,4,120mm,3.3352
SubNetW4CleanAuxExDnRcK5AcQdEma,minbias,0,test,27.018179,28.94357681274414,0.07126305134085698,0,15mm,1.4900984
SubNetW4CleanAuxExDnRcK5AcQdEma,minbias,0,test,74.525116,72.59876251220703,-0.025848379161839796,1,30mm,3.5116146
SubNetW4CleanAuxExDnRcK5AcQdEma,minbias,0,test,65.745605,70.16497802734375,0.06721928449946901,0,15mm,3.1905634
SubNetW4CleanAuxExDnRcK5AcQdEma,minbias,0,test,4.730212,4.635415077209473,-0.02004077833268514,3,60mm,0.9577485
SubNetW4CleanAuxExDnRcK5AcQdEma,minbias,0,test,21.834295,21.39518928527832,-0.020110838571249734,2,40mm,2.3024774
SubNetW4CleanAuxExDnRcK5AcQdEma,minbias,0,test,37.638966,42.00551986694336,0.1160115372426136,2,40mm,2.2724655
SubNetW4CleanAuxExDnRcK5AcQdEma,minbias,0,test,6.8502564,6.836562156677246,-0.001999091050143398,3,60mm,1.5513315
SubNetW4CleanAuxExDnRcK5AcQdEma,minbias,0,test,11.748975,12.289522171020508,0.0460080458173755,1,30mm,0.81914663
SubNetW4CleanAuxExDnRcK5AcQdEma,minbias,0,test,62.856297,62.2706184387207,-0.009317731600997026,2,40mm,4.565571
SubNetW4CleanAuxExDnRcK5AcQdEma,minbias,0,test,6.604254,6.427335262298584,-0.026788568824365755,3,60mm,1.5719446
SubNetW4CleanAuxExDnRcK5AcQdEma,minbias,0,test,28.360104,28.397592544555664,0.001321890000727688,2,40mm,2.3948069
SubNetW4CleanAuxExDnRcK5AcQdEma,minbias,0,test,14.464202,14.718300819396973,0.017567432582252795,2,40mm,1.532517
SubNetW4CleanAuxExDnRcK5AcQdEma,minbias,0,test,16.309618,16.92722511291504,0.03786766292395782,2,40mm,2.335024
SubNetW4CleanAuxExDnRcK5AcQdEma,minbias,0,test,55.91321,54.261722564697266,-0.029536655183661553,2,40mm,4.7502666
SubNetW4CleanAuxExDnRcK5AcQdEma,minbias,0,test,21.31659,19.614391326904297,-0.07985320729217671,1,30mm,1.5431921
SubNetW4CleanAuxExDnRcK5AcQdEma,minbias,0,test,9.819813,9.419853210449219,-0.040729856402267894,1,30mm,0.6131139
SubNetW4CleanAuxExDnRcK5AcQdEma,minbias,0,test,3.0200868,3.3296046257019043,0.10248641329446961,4,120mm,0.6654558
SubNetW4CleanAuxExDnRcK5AcQdEma,minbias,0,test,53.412853,54.11310958862305,0.01311025914487507,2,40mm,3.1957698
SubNetW4CleanAuxExDnRcK5AcQdEma,minbias,0,test,21.381285,21.453989028930664,0.003400371687619419,2,40mm,2.422237
SubNetW4CleanAuxExDnRcK5AcQdEma,minbias,0,test,51.482853,53.57798385620117,0.04069570353886931,0,15mm,1.3965013
SubNetW4CleanAuxExDnRcK5AcQdEma,minbias,0,test,22.537552,25.70865249633789,0.14070297578707414,0,15mm,1.0162832
SubNetW4CleanAuxExDnRcK5AcQdEma,minbias,0,test,43.72281,42.85017395019531,-0.019958344646400672,2,40mm,4.081631
SubNetW4CleanAuxExDnRcK5AcQdEma,minbias,0,test,9.543218,9.883814811706543,0.03568997007931318,3,60mm,1.4613147
SubNetW4CleanAuxExDnRcK5AcQdEma,minbias,0,test,43.47696,44.22848129272461,0.01728552496643032,2,40mm,4.0501018
SubNetW4CleanAuxExDnRcK5AcQdEma,minbias,0,test,29.52327,32.359249114990234,0.0960591253940255,3,60mm,3.8279805
SubNetW4CleanAuxExDnRcK5AcQdEma,minbias,0,test,43.63844,51.30533218383789,0.17569127470430446,0,15mm,0.8855743
SubNetW4CleanAuxExDnRcK5AcQdEma,minbias,0,test,54.611145,53.045379638671875,-0.028671169232935667,2,40mm,3.8483822
SubNetW4CleanAuxExDnRcK5AcQdEma,minbias,0,test,50.30608,50.863624572753906,0.011083048207168655,2,40mm,4.960906
SubNetW4CleanAuxExDnRcK5AcQdEma,minbias,0,test,24.81737,24.953840255737305,0.00549900322400676,2,40mm,2.345521
SubNetW4CleanAuxExDnRcK5AcQdEma,minbias,0,test,31.58677,30.949302673339844,-0.020181438265025275,3,60mm,4.0350666
SubNetW4CleanAuxExDnRcK5AcQdEma,minbias,0,test,18.190498,16.16268539428711,-0.1114764927556291,2,40mm,1.0830376
SubNetW4CleanAuxExDnRcK5AcQdEma,minbias,0,test,80.91873,85.06816864013672,0.05127906560137574,1,30mm,4.258326
SubNetW4CleanAuxExDnRcK5AcQdEma,minbias,0,test,19.452711,19.141300201416016,-0.01600861197414638,2,40mm,2.3459644
SubNetW4CleanAuxExDnRcK5AcQdEma,minbias,0,test,15.883655,15.916145324707031,0.002045545003040772,2,40mm,2.2753174
SubNetW4CleanAuxExDnRcK5AcQdEma,minbias,0,test,6.03763,5.889347553253174,-0.024559723919800547,3,60mm,1.2426567
SubNetW4CleanAuxExDnRcK5AcQdEma,minbias,0,test,74.11693,74.0372085571289,-0.001075591575366408,2,40mm,4.774799
SubNetW4CleanAuxExDnRcK5AcQdEma,minbias,0,test,33.200363,33.105499267578125,-0.0028573148777540913,2,40mm,2.127332
SubNetW4CleanAuxExDnRcK5AcQdEma,minbias,0,test,24.608812,24.975021362304688,0.014881215119548319,3,60mm,3.2090082
SubNetW4CleanAuxExDnRcK5AcQdEma,minbias,0,test,11.923321,21.7911434173584,0.8276069089497884,0,15mm,0.64107347
SubNetW4CleanAuxExDnRcK5AcQdEma,minbias,0,test,17.851444,17.678312301635742,-0.009698483796541146,2,40mm,3.647596
SubNetW4CleanAuxExDnRcK5AcQdEma,minbias,0,test,43.42187,45.767826080322266,0.05402703363492045,1,30mm,1.8386077
SubNetW4CleanAuxExDnRcK5AcQdEma,minbias,0,test,18.515778,18.93236541748047,0.022499072891342786,3,60mm,2.0663044
SubNetW4CleanAuxExDnRcK5AcQdEma,minbias,0,test,13.669652,13.639774322509766,-0.0021856930001662445,3,60mm,2.5334125
SubNetW4CleanAuxExDnRcK5AcQdEma,minbias,0,test,54.956318,58.509803771972656,0.0646601884195217,2,40mm,3.5801823
SubNetW4CleanAuxExDnRcK5AcQdEma,minbias,0,test,16.434546,16.16809844970703,-0.016212621577253228,2,40mm,2.107841
SubNetW4CleanAuxExDnRcK5AcQdEma,minbias,0,test,30.213482,28.711030960083008,-0.0497278316949028,0,15mm,0.83219266
SubNetW4CleanAuxExDnRcK5AcQdEma,minbias,0,test,37.02592,37.3912353515625,0.00986645234147554,2,40mm,3.821068
SubNetW4CleanAuxExDnRcK5AcQdEma,minbias,0,test,10.128751,10.542340278625488,0.04083321681630281,2,40mm,1.0767183
SubNetW4CleanAuxExDnRcK5AcQdEma,minbias,0,test,31.327423,34.09370422363281,0.08830222388476994,3,60mm,3.4419537
SubNetW4CleanAuxExDnRcK5AcQdEma,minbias,0,test,61.449463,59.25943374633789,-0.03563951646225427,1,30mm,2.745579
SubNetW4CleanAuxExDnRcK5AcQdEma,minbias,0,test,20.2538,19.92925453186035,-0.01602390245850205,3,60mm,3.9593124
SubNetW4CleanAuxExDnRcK5AcQdEma,minbias,0,test,28.86622,19.646211624145508,-0.3194047817352643,2,40mm,2.9349375
SubNetW4CleanAuxExDnRcK5AcQdEma,minbias,0,test,46.504177,47.08198165893555,0.012424788514543428,2,40mm,4.4395223
SubNetW4CleanAuxExDnRcK5AcQdEma,minbias,0,test,53.190315,52.2915153503418,-0.016897811040854638,0,15mm,2.7980034
SubNetW4CleanAuxExDnRcK5AcQdEma,minbias,0,test,13.885318,13.843733787536621,-0.002994819094835788,1,30mm,1.1064421
SubNetW4CleanAuxExDnRcK5AcQdEma,minbias,0,test,79.73013,75.90662384033203,-0.04795563571419548,1,30mm,4.296473
SubNetW4CleanAuxExDnRcK5AcQdEma,minbias,0,test,17.41019,17.401084899902344,-0.0005230087706401543,3,60mm,2.3498669
SubNetW4CleanAuxExDnRcK5AcQdEma,minbias,0,test,24.433271,24.241117477416992,-0.00786443728532027,3,60mm,3.4590766
SubNetW4CleanAuxExDnRcK5AcQdEma,minbias,0,test,39.80229,39.53868865966797,-0.006622814869792104,2,40mm,2.6276715
SubNetW4CleanAuxExDnRcK5AcQdEma,minbias,0,test,12.962793,12.872647285461426,-0.006954215987464818,2,40mm,2.6377506
SubNetW4CleanAuxExDnRcK5AcQdEma,minbias,0,test,17.251238,16.966289520263672,-0.01651755956056511,2,40mm,2.215167
SubNetW4CleanAuxExDnRcK5AcQdEma,minbias,0,test,16.479431,15.231229782104492,-0.07574298886292175,1,30mm,1.1448696
SubNetW4CleanAuxExDnRcK5AcQdEma,minbias,0,test,20.705786,19.568647384643555,-0.054918870520307306,0,15mm,0.5413755
SubNetW4CleanAuxExDnRcK5AcQdEma,minbias,0,test,16.880545,17.179656982421875,0.017719352421796897,3,60mm,1.9930329
SubNetW4CleanAuxExDnRcK5AcQdEma,minbias,0,test,42.17756,40.65621566772461,-0.03606996874444335,1,30mm,2.9769049
SubNetW4CleanAuxExDnRcK5AcQdEma,minbias,0,test,17.136318,21.59980583190918,0.2604694644007157,1,30mm,1.0645959
SubNetW4CleanAuxExDnRcK5AcQdEma,minbias,0,test,46.23614,45.166954040527344,-0.023124489553960847,2,40mm,4.9315653
SubNetW4CleanAuxExDnRcK5AcQdEma,minbias,0,test,31.776564,31.143001556396484,-0.019938030276101415,2,40mm,3.4426186
SubNetW4CleanAuxExDnRcK5AcQdEma,minbias,0,test,76.5989,73.83850860595703,-0.03603695668045259,1,30mm,4.3934164
SubNetW4CleanAuxExDnRcK5AcQdEma,minbias,0,test,22.003485,27.000896453857422,0.22711910363957233,2,40mm,2.2511246
SubNetW4CleanAuxExDnRcK5AcQdEma,minbias,0,test,31.52071,30.415679931640625,-0.03505727060443797,3,60mm,4.0781174
SubNetW4CleanAuxExDnRcK5AcQdEma,minbias,0,test,19.617123,19.032737731933594,-0.02978953277883123,4,120mm,4.6660028
SubNetW4CleanAuxExDnRcK5AcQdEma,minbias,0,test,8.264672,7.9745073318481445,-0.035109068781165154,3,60mm,1.3837624
SubNetW4CleanAuxExDnRcK5AcQdEma,minbias,0,test,23.760103,23.387537002563477,-0.015680328473548943,3,60mm,3.6743188
SubNetW4CleanAuxExDnRcK5AcQdEma,minbias,0,test,24.356829,24.67598533630371,0.013103374449774607,3,60mm,4.1015787
SubNetW4CleanAuxExDnRcK5AcQdEma,minbias,0,test,48.427948,55.032901763916016,0.13638723173105594,1,30mm,3.072601
SubNetW4CleanAuxExDnRcK5AcQdEma,minbias,0,test,62.46559,71.07717895507812,0.13786129815120396,0,15mm,1.6983082
SubNetW4CleanAuxExDnRcK5AcQdEma,minbias,0,test,36.19891,36.758819580078125,0.015467587954340667,3,60mm,3.7490115
SubNetW4CleanAuxExDnRcK5AcQdEma,minbias,0,test,36.064568,38.504695892333984,0.0676599912630591,2,40mm,4.529462
SubNetW4CleanAuxExDnRcK5AcQdEma,minbias,0,test,46.774643,46.30061340332031,-0.010134327301648094,1,30mm,1.8783491
SubNetW4CleanAuxExDnRcK5AcQdEma,minbias,0,test,75.44763,74.79347229003906,-0.008670378777705379,1,30mm,4.990378
SubNetW4CleanAuxExDnRcK5AcQdEma,minbias,0,test,71.38165,72.54723358154297,0.01632885627143521,1,30mm,3.065777
SubNetW4CleanAuxExDnRcK5AcQdEma,minbias,0,test,24.350647,23.974834442138672,-0.01543336942708684,3,60mm,4.033165
SubNetW4CleanAuxExDnRcK5AcQdEma,minbias,0,test,30.464556,30.10380744934082,-0.011841573994717414,3,60mm,3.9185739
SubNetW4CleanAuxExDnRcK5AcQdEma,minbias,0,test,19.833483,18.493310928344727,-0.06757117907012555,3,60mm,2.3212779
SubNetW4CleanAuxExDnRcK5AcQdEma,minbias,0,test,7.66629,7.7706499099731445,0.01361285657639999,2,40mm,0.7884445
SubNetW4CleanAuxExDnRcK5AcQdEma,minbias,0,test,35.086716,25.938156127929688,-0.2607414056360605,0,15mm,1.3876097
SubNetW4CleanAuxExDnRcK5AcQdEma,minbias,0,test,39.599148,41.09366989135742,0.03774126914048681,2,40mm,3.7651262
SubNetW4CleanAuxExDnRcK5AcQdEma,minbias,0,test,47.781097,45.549503326416016,-0.0467045381240615,1,30mm,2.3649602
SubNetW4CleanAuxExDnRcK5AcQdEma,minbias,0,test,16.340334,15.462618827819824,-0.05371463729425363,3,60mm,3.8873177
SubNetW4CleanAuxExDnRcK5AcQdEma,minbias,0,test,89.45381,97.2721939086914,0.08740133169692843,0,15mm,2.3418965
SubNetW4CleanAuxExDnRcK5AcQdEma,minbias,0,test,3.336976,3.4205284118652344,0.025038345870463496,4,120mm,0.7492105
SubNetW4CleanAuxExDnRcK5AcQdEma,minbias,0,test,2.41464,2.458768606185913,0.018275460236218732,4,120mm,0.57908064
SubNetW4CleanAuxExDnRcK5AcQdEma,minbias,0,test,80.774895,80.15594482421875,-0.007662651772255669,1,30mm,3.2367473
SubNetW4CleanAuxExDnRcK5AcQdEma,minbias,0,test,47.96128,48.01621627807617,0.0011454125990773,1,30mm,3.681206
SubNetW4CleanAuxExDnRcK5AcQdEma,minbias,0,test,26.678213,25.871824264526367,-0.03022649423213597,0,15mm,0.55515826
SubNetW4CleanAuxExDnRcK5AcQdEma,minbias,0,test,69.891335,63.86790466308594,-0.08618278518779532,2,40mm,4.248908
SubNetW4CleanAuxExDnRcK5AcQdEma,minbias,0,test,13.186218,12.57347297668457,-0.04646861388705026,4,120mm,2.8626852
SubNetW4CleanAuxExDnRcK5AcQdEma,minbias,0,test,9.463844,9.20799446105957,-0.027034451346089505,3,60mm,2.1190684
SubNetW4CleanAuxExDnRcK5AcQdEma,minbias,0,test,23.093756,22.537609100341797,-0.02408212108926,3,60mm,4.1044903
SubNetW4CleanAuxExDnRcK5AcQdEma,minbias,0,test,12.766978,13.4675931930542,0.054877114593572474,2,40mm,1.8702612
SubNetW4CleanAuxExDnRcK5AcQdEma,minbias,0,test,6.6978636,6.785598278045654,0.013098908064806292,3,60mm,1.4437052
SubNetW4CleanAuxExDnRcK5AcQdEma,minbias,0,test,56.968174,58.374759674072266,0.024690728086801395,2,40mm,4.8822026
SubNetW4CleanAuxExDnRcK5AcQdEma,minbias,0,test,12.585866,13.78436279296875,0.09522561427062337,2,40mm,1.141399
SubNetW4CleanAuxExDnRcK5AcQdEma,minbias,0,test,35.949467,35.5165901184082,-0.01204125197356476,2,40mm,3.2467377
SubNetW4CleanAuxExDnRcK5AcQdEma,minbias,0,test,32.288345,32.58835220336914,0.009291490887025855,3,60mm,3.4969993
SubNetW4CleanAuxExDnRcK5AcQdEma,minbias,0,test,24.332224,23.456031799316406,-0.03600953602830992,3,60mm,4.6704235
SubNetW4CleanAuxExDnRcK5AcQdEma,minbias,0,test,11.27132,12.108637809753418,0.07428743405865013,2,40mm,0.7416225
SubNetW4CleanAuxExDnRcK5AcQdEma,minbias,0,test,28.331001,28.019289016723633,-0.011002514945194442,2,40mm,2.285232
SubNetW4CleanAuxExDnRcK5AcQdEma,minbias,0,test,10.337348,10.24620532989502,-0.008816831411426418,3,60mm,2.473026
SubNetW4CleanAuxExDnRcK5AcQdEma,minbias,0,test,10.545847,9.15550422668457,-0.13183793776194552,1,30mm,1.1083612
SubNetW4CleanAuxExDnRcK5AcQdEma,minbias,0,test,4.3764787,4.2011213302612305,-0.040068135802228344,4,120mm,1.045744
SubNetW4CleanAuxExDnRcK5AcQdEma,minbias,0,test,81.85288,82.31492614746094,0.005644807473392799,1,30mm,4.5037374
SubNetW4CleanAuxExDnRcK5AcQdEma,minbias,0,test,13.048909,14.047319412231445,0.07651292614442995,2,40mm,2.3423436
SubNetW4CleanAuxExDnRcK5AcQdEma,minbias,0,test,14.039179,13.577129364013672,-0.03291143230289273,3,60mm,2.7517376
SubNetW4CleanAuxExDnRcK5AcQdEma,minbias,0,test,58.455963,57.46215057373047,-0.01700104673228975,2,40mm,4.526227
SubNetW4CleanAuxExDnRcK5AcQdEma,minbias,0,test,27.263577,20.970848083496094,-0.23081081905469758,2,40mm,4.151497
SubNetW4CleanAuxExDnRcK5AcQdEma,minbias,0,test,32.764973,31.956064224243164,-0.024688208052469962,1,30mm,1.7090119
SubNetW4CleanAuxExDnRcK5AcQdEma,minbias,0,test,16.923836,16.447582244873047,-0.028140990992412407,3,60mm,2.1586583
SubNetW4CleanAuxExDnRcK5AcQdEma,minbias,0,test,24.793333,25.312183380126953,0.020927009910955974,1,30mm,2.5929763
SubNetW4CleanAuxExDnRcK5AcQdEma,minbias,0,test,34.347775,34.8076057434082,0.013387511837711585,3,60mm,3.951623
SubNetW4CleanAuxExDnRcK5AcQdEma,minbias,0,test,43.301582,41.297210693359375,-0.04628864662482102,1,30mm,2.369855
SubNetW4CleanAuxExDnRcK5AcQdEma,minbias,0,test,5.5911236,5.614299774169922,0.004145176349945601,3,60mm,0.80985147
SubNetW4CleanAuxExDnRcK5AcQdEma,minbias,0,test,22.321522,21.97524642944336,-0.015513070001587637,3,60mm,4.981742
SubNetW4CleanAuxExDnRcK5AcQdEma,minbias,0,test,63.77956,64.26385498046875,0.007593261707681487,1,30mm,3.3312306
SubNetW4CleanAuxExDnRcK5AcQdEma,minbias,0,test,8.798442,10.120454788208008,0.15025534274133445,3,60mm,1.8278984
SubNetW4CleanAuxExDnRcK5AcQdEma,minbias,0,test,48.31509,49.134761810302734,0.016965126791962826,2,40mm,4.8894525
SubNetW4CleanAuxExDnRcK5AcQdEma,minbias,0,test,21.374527,21.40668487548828,0.0015044963560133517,1,30mm,2.1502707
SubNetW4CleanAuxExDnRcK5AcQdEma,minbias,0,test,60.711987,60.30539321899414,-0.006697084808356846,1,30mm,4.5712624
SubNetW4CleanAuxExDnRcK5AcQdEma,minbias,0,test,8.058254,8.1585111618042,0.012441518578428568,1,30mm,0.5187717
SubNetW4CleanAuxExDnRcK5AcQdEma,minbias,0,test,28.964128,28.394187927246094,-0.019677463008407003,3,60mm,4.1615357
SubNetW4CleanAuxExDnRcK5AcQdEma,minbias,0,test,27.466454,27.69693374633789,0.008391334310903442,2,40mm,3.2612195
SubNetW4CleanAuxExDnRcK5AcQdEma,minbias,0,test,16.528059,15.563638687133789,-0.058350488600551365,3,60mm,2.79121
SubNetW4CleanAuxExDnRcK5AcQdEma,minbias,0,test,47.171246,46.86676788330078,-0.006454730799223873,1,30mm,3.9314892
SubNetW4CleanAuxExDnRcK5AcQdEma,minbias,0,test,82.801994,80.63540649414062,-0.026165889448497404,1,30mm,4.800091
SubNetW4CleanAuxExDnRcK5AcQdEma,minbias,0,test,37.59275,39.985652923583984,0.06365329323611024,1,30mm,2.0516744
SubNetW4CleanAuxExDnRcK5AcQdEma,minbias,0,test,14.973153,15.294621467590332,0.02146964976695953,4,120mm,3.543126
SubNetW4CleanAuxExDnRcK5AcQdEma,minbias,0,test,13.819192,14.796368598937988,0.07071156338374873,2,40mm,1.3189921
SubNetW4CleanAuxExDnRcK5AcQdEma,minbias,0,test,77.10302,74.32283782958984,-0.036058015562365764,1,30mm,2.7617252
SubNetW4CleanAuxExDnRcK5AcQdEma,minbias,0,test,59.670784,58.49176025390625,-0.019758810991042375,1,30mm,2.3881004
SubNetW4CleanAuxExDnRcK5AcQdEma,minbias,0,test,34.439705,34.059120178222656,-0.011050754295281795,2,40mm,4.4665074
SubNetW4CleanAuxExDnRcK5AcQdEma,minbias,0,test,4.2804723,4.071017265319824,-0.04893268771358528,2,40mm,0.51709723
SubNetW4CleanAuxExDnRcK5AcQdEma,minbias,0,test,23.017668,21.900339126586914,-0.04854221787128099,3,60mm,4.6628294
SubNetW4CleanAuxExDnRcK5AcQdEma,minbias,0,test,49.433773,50.06723403930664,0.012814336425680084,1,30mm,4.2281404
SubNetW4CleanAuxExDnRcK5AcQdEma,minbias,0,test,25.003325,24.888105392456055,-0.004608151854806342,3,60mm,4.4502
SubNetW4CleanAuxExDnRcK5AcQdEma,minbias,0,test,16.393854,16.393571853637695,-1.7219111212329885e-05,3,60mm,2.6858842
SubNetW4CleanAuxExDnRcK5AcQdEma,minbias,0,test,38.897694,38.603668212890625,-0.007558942283542591,2,40mm,4.32838
SubNetW4CleanAuxExDnRcK5AcQdEma,minbias,0,test,11.073598,11.454217910766602,0.034371846070997414,4,120mm,2.3167527
SubNetW4CleanAuxExDnRcK5AcQdEma,minbias,0,test,24.821745,24.853275299072266,0.0012702725111446433,3,60mm,3.018057
SubNetW4CleanAuxExDnRcK5AcQdEma,minbias,0,test,23.813248,12.657737731933594,-0.46845814977973566,0,15mm,1.137115
SubNetW4CleanAuxExDnRcK5AcQdEma,minbias,0,test,7.1931014,7.060542106628418,-0.018428671025911947,4,120mm,1.7080468
SubNetW4CleanAuxExDnRcK5AcQdEma,minbias,0,test,22.584282,22.414445877075195,-0.007520099372771871,3,60mm,4.085886
SubNetW4CleanAuxExDnRcK5AcQdEma,minbias,0,test,63.009937,63.04966735839844,0.0006305366063279472,0,15mm,2.7364514
SubNetW4CleanAuxExDnRcK5AcQdEma,minbias,0,test,26.39758,26.023334503173828,-0.014177235238260533,0,15mm,0.54664874
SubNetW4CleanAuxExDnRcK5AcQdEma,minbias,0,test,4.390728,5.0778727531433105,0.15649904909022827,3,60mm,0.8067015
SubNetW4CleanAuxExDnRcK5AcQdEma,minbias,0,test,14.334454,14.419084548950195,0.0059040245725368035,4,120mm,3.2731009
SubNetW4CleanAuxExDnRcK5AcQdEma,minbias,0,test,12.186731,12.046035766601562,-0.011544980191277476,3,60mm,1.4406542
SubNetW4CleanAuxExDnRcK5AcQdEma,minbias,0,test,17.614328,17.055736541748047,-0.03171235544501927,4,120mm,4.1315503
SubNetW4CleanAuxExDnRcK5AcQdEma,minbias,0,test,59.545715,58.14972686767578,-0.023443978405017663,1,30mm,2.9960153
SubNetW4CleanAuxExDnRcK5AcQdEma,minbias,0,test,37.678593,36.66475296020508,-0.0269075793313035,2,40mm,3.2653387
SubNetW4CleanAuxExDnRcK5AcQdEma,minbias,0,test,57.774895,59.580108642578125,0.03124564635120164,1,30mm,3.5806692
SubNetW4CleanAuxExDnRcK5AcQdEma,minbias,0,test,7.2253036,7.236903667449951,0.0016054712866999665,4,120mm,1.4489454
SubNetW4CleanAuxExDnRcK5AcQdEma,minbias,0,test,91.180244,88.79759979248047,-0.026131150095091038,0,15mm,2.029265
SubNetW4CleanAuxExDnRcK5AcQdEma,minbias,0,test,55.606724,54.36225509643555,-0.022379823953800004,2,40mm,3.7686253
SubNetW4CleanAuxExDnRcK5AcQdEma,minbias,0,test,18.367437,21.39319610595703,0.1647349427980378,0,15mm,0.60048735
SubNetW4CleanAuxExDnRcK5AcQdEma,minbias,0,test,16.481054,16.571430206298828,0.005483623716687092,3,60mm,2.4207423
SubNetW4CleanAuxExDnRcK5AcQdEma,minbias,0,test,22.512781,22.071983337402344,-0.019579891217460732,3,60mm,3.412671
SubNetW4CleanAuxExDnRcK5AcQdEma,minbias,0,test,37.29422,38.54961395263672,0.033661891384771714,1,30mm,3.0950027
SubNetW4CleanAuxExDnRcK5AcQdEma,minbias,0,test,5.1026144,5.333099365234375,0.0451699745013483,3,60mm,0.93661773
SubNetW4CleanAuxExDnRcK5AcQdEma,minbias,0,test,40.207726,39.12499237060547,-0.026928485512722977,3,60mm,4.1802006
SubNetW4CleanAuxExDnRcK5AcQdEma,minbias,0,test,33.639122,33.387794494628906,-0.007471286396212196,3,60mm,4.3289824
SubNetW4CleanAuxExDnRcK5AcQdEma,minbias,0,test,69.31087,65.79371643066406,-0.05074458040176055,0,15mm,1.7779793
SubNetW4CleanAuxExDnRcK5AcQdEma,minbias,0,test,17.646297,19.364084243774414,0.09734545126744787,3,60mm,3.060547
SubNetW4CleanAuxExDnRcK5AcQdEma,minbias,0,test,8.841733,8.643606185913086,-0.0224081402799996,2,40mm,0.5744125
SubNetW4CleanAuxExDnRcK5AcQdEma,minbias,0,test,29.862772,29.325931549072266,-0.01797691249358979,2,40mm,2.6354668
SubNetW4CleanAuxExDnRcK5AcQdEma,minbias,0,test,13.64562,12.79890251159668,-0.06205051972712661,4,120mm,3.22508
SubNetW4CleanAuxExDnRcK5AcQdEma,minbias,0,test,9.901722,10.176471710205078,0.02774767430616376,3,60mm,1.9448577
SubNetW4CleanAuxExDnRcK5AcQdEma,minbias,0,test,34.31384,34.75211715698242,0.012772636683676897,3,60mm,4.5878515
SubNetW4CleanAuxExDnRcK5AcQdEma,minbias,0,test,13.370454,13.78182315826416,0.030767042676439926,3,60mm,2.6910934
SubNetW4CleanAuxExDnRcK5AcQdEma,minbias,0,test,8.4499235,9.253890037536621,0.0951448283240901,3,60mm,1.7183222
SubNetW4CleanAuxExDnRcK5AcQdEma,minbias,0,test,27.35076,26.297510147094727,-0.03850896202319787,1,30mm,2.7598584
SubNetW4CleanAuxExDnRcK5AcQdEma,minbias,0,test,10.471093,10.353179931640625,-0.011260834389749008,2,40mm,1.868694
SubNetW4CleanAuxExDnRcK5AcQdEma,minbias,0,test,28.007559,27.53677749633789,-0.016809081051131325,3,60mm,4.2700424
SubNetW4CleanAuxExDnRcK5AcQdEma,minbias,0,test,14.473848,14.478187561035156,0.0002997971262963528,3,60mm,2.8754022
SubNetW4CleanAuxExDnRcK5AcQdEma,minbias,0,test,33.74078,33.466957092285156,-0.008115484746481716,2,40mm,4.2323785
SubNetW4CleanAuxExDnRcK5AcQdEma,minbias,0,test,33.150646,33.882808685302734,0.022085918656129744,2,40mm,3.0638766
SubNetW4CleanAuxExDnRcK5AcQdEma,minbias,0,test,4.1564555,7.620701789855957,0.8334616499625604,3,60mm,0.7197526
SubNetW4CleanAuxExDnRcK5AcQdEma,minbias,0,test,10.023355,10.566271781921387,0.054165224820077906,1,30mm,0.8405893
SubNetW4CleanAuxExDnRcK5AcQdEma,minbias,0,test,11.705625,12.577622413635254,0.074493917626,4,120mm,2.4470484
SubNetW4CleanAuxExDnRcK5AcQdEma,minbias,0,test,70.32782,69.80193328857422,-0.0074776459295761155,1,30mm,4.6056137
SubNetW4CleanAuxExDnRcK5AcQdEma,minbias,0,test,5.747028,5.565165042877197,-0.031644675317951454,4,120mm,1.2500516
SubNetW4CleanAuxExDnRcK5AcQdEma,minbias,0,test,19.116526,19.51235580444336,0.020706176512699015,2,40mm,2.6564827
SubNetW4CleanAuxExDnRcK5AcQdEma,minbias,0,test,39.53617,38.21135330200195,-0.033509002650477515,1,30mm,2.4916458
SubNetW4CleanAuxExDnRcK5AcQdEma,minbias,0,test,36.59495,35.995323181152344,-0.016385551060564385,1,30mm,2.1986928
SubNetW4CleanAuxExDnRcK5AcQdEma,minbias,0,test,9.41874,8.725781440734863,-0.073572347441062,3,60mm,1.281303
SubNetW4CleanAuxExDnRcK5AcQdEma,minbias,0,test,35.421097,37.17964172363281,0.049646822957434056,0,15mm,0.8322004
SubNetW4CleanAuxExDnRcK5AcQdEma,minbias,0,test,12.361615,13.103127479553223,0.05998506568345108,3,60mm,1.6177076
SubNetW4CleanAuxExDnRcK5AcQdEma,minbias,0,test,61.8026,66.70466613769531,0.07931810650100135,0,15mm,2.5480237
SubNetW4CleanAuxExDnRcK5AcQdEma,minbias,0,test,65.63332,65.18307495117188,-0.006860062740833062,1,30mm,3.8339186
SubNetW4CleanAuxExDnRcK5AcQdEma,minbias,0,test,26.931652,27.266447067260742,0.01243128335796273,0,15mm,0.9175736
SubNetW4CleanAuxExDnRcK5AcQdEma,minbias,0,test,4.291099,4.167689323425293,-0.028759473044321027,4,120mm,1.0320913
SubNetW4CleanAuxExDnRcK5AcQdEma,minbias,0,test,38.692295,38.84834671020508,0.004033144982531267,2,40mm,2.6218376
SubNetW4CleanAuxExDnRcK5AcQdEma,minbias,0,test,41.856926,40.07465744018555,-0.04258001473131745,1,30mm,3.1493018
SubNetW4CleanAuxExDnRcK5AcQdEma,minbias,0,test,11.112559,11.30831527709961,0.01761574025800594,4,120mm,2.6615884
SubNetW4CleanAuxExDnRcK5AcQdEma,minbias,0,test,70.11375,67.84806823730469,-0.03231432513934518,1,30mm,3.6419666
SubNetW4CleanAuxExDnRcK5AcQdEma,minbias,0,test,97.786964,99.75839233398438,0.020160436815315874,0,15mm,3.5408306
SubNetW4CleanAuxExDnRcK5AcQdEma,minbias,0,test,27.746237,28.40487289428711,0.023737853095537886,2,40mm,4.487475
SubNetW4CleanAuxExDnRcK5AcQdEma,minbias,0,test,14.896823,14.191537857055664,-0.04734466373602142,4,120mm,3.445442
SubNetW4CleanAuxExDnRcK5AcQdEma,minbias,0,test,30.548557,32.0687141418457,0.04976198536460674,0,15mm,1.1224031
SubNetW4CleanAuxExDnRcK5AcQdEma,minbias,0,test,39.97498,38.11699676513672,-0.04647863897257054,2,40mm,4.827912
SubNetW4CleanAuxExDnRcK5AcQdEma,minbias,0,test,23.757484,23.405073165893555,-0.014833694665377428,2,40mm,3.2571228
SubNetW4CleanAuxExDnRcK5AcQdEma,minbias,0,test,12.187301,11.519257545471191,-0.05481469227879343,2,40mm,0.971207
SubNetW4CleanAuxExDnRcK5AcQdEma,minbias,0,test,19.581772,19.131864547729492,-0.02297582191690084,3,60mm,2.5267532
SubNetW4CleanAuxExDnRcK5AcQdEma,minbias,0,test,32.889854,33.41956329345703,0.016105539883538134,3,60mm,4.0801344
SubNetW4CleanAuxExDnRcK5AcQdEma,minbias,0,test,22.9095,22.54851531982422,-0.015756991655105246,2,40mm,2.4161544
SubNetW4CleanAuxExDnRcK5AcQdEma,minbias,0,test,28.380884,28.11924934387207,-0.009218698934397973,2,40mm,3.705949
SubNetW4CleanAuxExDnRcK5AcQdEma,minbias,0,test,12.607056,12.320423126220703,-0.02273588262633497,3,60mm,2.6641302
SubNetW4CleanAuxExDnRcK5AcQdEma,minbias,0,test,19.43193,19.29847526550293,-0.006867834166083608,3,60mm,4.4798756
SubNetW4CleanAuxExDnRcK5AcQdEma,minbias,0,test,44.438892,42.19538116455078,-0.05048530871447421,1,30mm,2.2113507
SubNetW4CleanAuxExDnRcK5AcQdEma,minbias,0,test,33.402313,34.998085021972656,0.04777428971601427,3,60mm,3.8624947
SubNetW4CleanAuxExDnRcK5AcQdEma,minbias,0,test,11.946102,11.575178146362305,-0.031049792773595875,1,30mm,0.55151796
SubNetW4CleanAuxExDnRcK5AcQdEma,minbias,0,test,32.091522,33.168827056884766,0.033569764401017554,1,30mm,1.5657897
SubNetW4CleanAuxExDnRcK5AcQdEma,minbias,0,test,22.980946,23.918981552124023,0.040817988163637464,2,40mm,2.7075553
SubNetW4CleanAuxExDnRcK5AcQdEma,minbias,0,test,51.762363,52.438720703125,0.013066583989187919,1,30mm,4.320289
SubNetW4CleanAuxExDnRcK5AcQdEma,minbias,0,test,24.90974,24.429426193237305,-0.019282186250131894,3,60mm,3.54841
SubNetW4CleanAuxExDnRcK5AcQdEma,minbias,0,test,33.00389,34.35141372680664,0.04082920816683555,2,40mm,2.3146648
SubNetW4CleanAuxExDnRcK5AcQdEma,minbias,0,test,68.14337,68.0798110961914,-0.0009327464192658841,0,15mm,2.8783376
SubNetW4CleanAuxExDnRcK5AcQdEma,minbias,0,test,48.975166,48.894405364990234,-0.0016490185103515964,1,30mm,2.2652154
SubNetW4CleanAuxExDnRcK5AcQdEma,minbias,0,test,9.935327,11.896910667419434,0.19743529074112032,2,40mm,0.93534106
SubNetW4CleanAuxExDnRcK5AcQdEma,minbias,0,test,34.020466,35.02729415893555,0.02959478310850061,1,30mm,2.5916147
SubNetW4CleanAuxExDnRcK5AcQdEma,minbias,0,test,72.81797,72.02500915527344,-0.010889635039280088,0,15mm,2.9508913
SubNetW4CleanAuxExDnRcK5AcQdEma,minbias,0,test,41.956234,42.94696044921875,0.02361333172706459,2,40mm,2.7219484
SubNetW4CleanAuxExDnRcK5AcQdEma,minbias,0,test,22.108425,21.52511978149414,-0.026383849377915047,3,60mm,4.982192
SubNetW4CleanAuxExDnRcK5AcQdEma,minbias,0,test,31.151268,30.544326782226562,-0.019483676331887412,3,60mm,4.131635
SubNetW4CleanAuxExDnRcK5AcQdEma,minbias,0,test,13.729105,12.898764610290527,-0.060480299749722355,3,60mm,2.0374691
SubNetW4CleanAuxExDnRcK5AcQdEma,minbias,0,test,22.704752,23.311485290527344,0.026722746101275563,3,60mm,3.5024226
SubNetW4CleanAuxExDnRcK5AcQdEma,minbias,0,test,17.797237,17.42938995361328,-0.020668794512156308,3,60mm,3.0450006
SubNetW4CleanAuxExDnRcK5AcQdEma,minbias,0,test,6.9262877,6.653874397277832,-0.03933034079842335,3,60mm,1.3447003
SubNetW4CleanAuxExDnRcK5AcQdEma,minbias,0,test,47.241356,50.0857048034668,0.060208875328063405,2,40mm,4.9849052
SubNetW4CleanAuxExDnRcK5AcQdEma,minbias,0,test,34.699436,34.11665344238281,-0.016795164688213737,2,40mm,2.9727519
SubNetW4CleanAuxExDnRcK5AcQdEma,minbias,0,test,22.929903,23.009477615356445,0.0034703411024221698,2,40mm,3.0961523
SubNetW4CleanAuxExDnRcK5AcQdEma,minbias,0,test,30.887892,31.760120391845703,0.028238528836738608,2,40mm,2.5554094
SubNetW4CleanAuxExDnRcK5AcQdEma,minbias,0,test,79.9375,80.30223846435547,0.004562795488418647,1,30mm,3.1898284
SubNetW4CleanAuxExDnRcK5AcQdEma,minbias,0,test,39.560665,44.87055206298828,0.13422137658307043,1,30mm,1.8056256
SubNetW4CleanAuxExDnRcK5AcQdEma,minbias,0,test,7.3210793,11.056844711303711,0.5102752377711905,1,30mm,0.5107184
SubNetW4CleanAuxExDnRcK5AcQdEma,minbias,0,test,21.214735,21.089433670043945,-0.00590633636951543,3,60mm,3.1563177
SubNetW4CleanAuxExDnRcK5AcQdEma,minbias,0,test,16.637077,16.58180809020996,-0.003322052319142621,3,60mm,2.324001
SubNetW4CleanAuxExDnRcK5AcQdEma,minbias,0,test,45.50313,45.15394592285156,-0.007673888132103235,2,40mm,4.3520737
SubNetW4CleanAuxExDnRcK5AcQdEma,minbias,0,test,91.62183,92.43193054199219,0.008841743360864962,0,15mm,2.3922005
SubNetW4CleanAuxExDnRcK5AcQdEma,minbias,0,test,57.19782,56.16870880126953,-0.017992118881704156,0,15mm,2.2409446
SubNetW4CleanAuxExDnRcK5AcQdEma,minbias,0,test,19.612768,17.625911712646484,-0.10130423421230472,2,40mm,1.523043
SubNetW4CleanAuxExDnRcK5AcQdEma,minbias,0,test,52.048073,51.27356719970703,-0.014880581995574627,1,30mm,3.3861063
SubNetW4CleanAuxExDnRcK5AcQdEma,minbias,0,test,15.187261,14.511860847473145,-0.04447146834627347,4,120mm,3.4102983
SubNetW4CleanAuxExDnRcK5AcQdEma,minbias,0,test,9.677641,10.069652557373047,0.04050694233258989,2,40mm,0.96083784
SubNetW4CleanAuxExDnRcK5AcQdEma,minbias,0,test,50.021793,50.24365997314453,0.004435398907931543,2,40mm,4.414485
SubNetW4CleanAuxExDnRcK5AcQdEma,minbias,0,test,13.281936,12.939305305480957,-0.025796720771898318,4,120mm,3.1809247
SubNetW4CleanAuxExDnRcK5AcQdEma,minbias,0,test,53.011093,52.17061996459961,-0.01585466598160401,2,40mm,3.9194922
SubNetW4CleanAuxExDnRcK5AcQdEma,minbias,0,test,33.858585,32.80100631713867,-0.031235180955009767,1,30mm,1.7422823
SubNetW4CleanAuxExDnRcK5AcQdEma,minbias,0,test,49.09004,48.58744430541992,-0.010238207415395828,2,40mm,4.792211
SubNetW4CleanAuxExDnRcK5AcQdEma,minbias,0,test,42.624523,43.93634033203125,0.030776113651238113,1,30mm,2.4280038
SubNetW4CleanAuxExDnRcK5AcQdEma,minbias,0,test,39.727108,42.965518951416016,0.08151640309603514,1,30mm,2.0762746
SubNetW4CleanAuxExDnRcK5AcQdEma,minbias,0,test,23.205027,22.461801528930664,-0.03202862507404791,3,60mm,2.5587485
SubNetW4CleanAuxExDnRcK5AcQdEma,minbias,0,test,16.47863,17.2520694732666,0.04693590451722707,1,30mm,0.7141634
SubNetW4CleanAuxExDnRcK5AcQdEma,minbias,0,test,32.37464,31.39810562133789,-0.030163601953052344,1,30mm,1.3035748
SubNetW4CleanAuxExDnRcK5AcQdEma,minbias,0,test,14.341787,14.338356018066406,-0.00023925331686358575,2,40mm,1.1320403
SubNetW4CleanAuxExDnRcK5AcQdEma,minbias,0,test,98.42079,93.71781921386719,-0.047784338394491255,0,15mm,2.2367191
SubNetW4CleanAuxExDnRcK5AcQdEma,minbias,0,test,64.34476,27.21858024597168,-0.5769883751041642,0,15mm,2.4023256
SubNetW4CleanAuxExDnRcK5AcQdEma,minbias,0,test,19.385939,19.752483367919922,0.018907762488789892,3,60mm,3.13057
SubNetW4CleanAuxExDnRcK5AcQdEma,minbias,0,test,20.267094,19.60349464416504,-0.03274268257035662,3,60mm,2.9731212
SubNetW4CleanAuxExDnRcK5AcQdEma,minbias,0,test,63.80964,67.0362548828125,0.05056627740711983,1,30mm,2.4817898
SubNetW4CleanAuxExDnRcK5AcQdEma,minbias,0,test,21.248281,20.51689338684082,-0.034421046839384406,3,60mm,3.6924818
SubNetW4CleanAuxExDnRcK5AcQdEma,minbias,0,test,70.03754,67.85359191894531,-0.03118248881258745,1,30mm,4.014857
SubNetW4CleanAuxExDnRcK5AcQdEma,minbias,0,test,14.479087,14.288810729980469,-0.013141446526684142,3,60mm,2.276892
SubNetW4CleanAuxExDnRcK5AcQdEma,minbias,0,test,15.250744,14.402636528015137,-0.05561088333824005,3,60mm,2.291667
SubNetW4CleanAuxExDnRcK5AcQdEma,minbias,0,test,63.19252,63.25495529174805,0.000988014879080401,1,30mm,3.2657344
SubNetW4CleanAuxExDnRcK5AcQdEma,minbias,0,test,42.26838,42.11912155151367,-0.0035311895723638687,2,40mm,3.7669237
SubNetW4CleanAuxExDnRcK5AcQdEma,minbias,0,test,13.084086,13.253067016601562,0.012914971137402143,3,60mm,2.2890685
SubNetW4CleanAuxExDnRcK5AcQdEma,minbias,0,test,8.097515,9.47246265411377,0.1697987011916342,3,60mm,1.5173106
SubNetW4CleanAuxExDnRcK5AcQdEma,minbias,0,test,17.655764,20.689945220947266,0.1718521871443457,0,15mm,0.9055985
SubNetW4CleanAuxExDnRcK5AcQdEma,minbias,0,test,7.723319,7.605746746063232,-0.015223028696594754,2,40mm,0.977707
SubNetW4CleanAuxExDnRcK5AcQdEma,minbias,0,test,43.367165,42.48736572265625,-0.020287212618932293,1,30mm,1.8428439
SubNetW4CleanAuxExDnRcK5AcQdEma,minbias,0,test,19.40126,19.568885803222656,0.00863992462333285,3,60mm,3.478514
SubNetW4CleanAuxExDnRcK5AcQdEma,minbias,0,test,7.1044297,7.237690448760986,0.01875741363436867,3,60mm,1.2007563
SubNetW4CleanAuxExDnRcK5AcQdEma,minbias,0,test,83.69477,88.83224487304688,0.06138345335263562,1,30mm,3.7746263
SubNetW4CleanAuxExDnRcK5AcQdEma,minbias,0,test,34.97076,35.14234924316406,0.004906639032438376,3,60mm,4.3399067
SubNetW4CleanAuxExDnRcK5AcQdEma,minbias,0,test,4.2947507,3.8621461391448975,-0.10072867611995229,4,120mm,0.86713755
SubNetW4CleanAuxExDnRcK5AcQdEma,minbias,0,test,15.635931,14.985223770141602,-0.04161614963945515,3,60mm,2.9149404
SubNetW4CleanAuxExDnRcK5AcQdEma,minbias,0,test,23.05198,22.67230224609375,-0.01647046519424822,2,40mm,2.052368
SubNetW4CleanAuxExDnRcK5AcQdEma,minbias,0,test,76.65571,78.20756530761719,0.020244506622945968,1,30mm,3.9096754
SubNetW4CleanAuxExDnRcK5AcQdEma,minbias,0,test,5.554009,6.847531318664551,0.23289886046062191,2,40mm,0.5473268
SubNetW4CleanAuxExDnRcK5AcQdEma,minbias,0,test,11.303538,11.212883949279785,-0.008019999630461405,3,60mm,1.3090875
SubNetW4CleanAuxExDnRcK5AcQdEma,minbias,0,test,50.753696,50.41977310180664,-0.006579291032085655,2,40mm,4.317271
SubNetW4CleanAuxExDnRcK5AcQdEma,minbias,0,test,20.220661,19.81291961669922,-0.020164600125454513,3,60mm,2.66853
SubNetW4CleanAuxExDnRcK5AcQdEma,minbias,0,test,22.817274,22.7381649017334,-0.0034670746194271906,2,40mm,2.9669535
SubNetW4CleanAuxExDnRcK5AcQdEma,minbias,0,test,18.666866,18.51959991455078,-0.007889186409387183,2,40mm,1.7059488
SubNetW4CleanAuxExDnRcK5AcQdEma,minbias,0,test,49.500664,49.258819580078125,-0.004885675441277493,0,15mm,1.4495001
SubNetW4CleanAuxExDnRcK5AcQdEma,minbias,0,test,21.343954,21.0470027923584,-0.01391266551383108,3,60mm,3.9222646
SubNetW4CleanAuxExDnRcK5AcQdEma,minbias,0,test,21.977108,22.050060272216797,0.003319466351175082,2,40mm,1.9774953
SubNetW4CleanAuxExDnRcK5AcQdEma,minbias,0,test,58.644005,58.535423278808594,-0.0018515369695288886,0,15mm,2.7139368
SubNetW4CleanAuxExDnRcK5AcQdEma,minbias,0,test,92.512535,94.69845581054688,0.023628373312678752,0,15mm,2.8165834
SubNetW4CleanAuxExDnRcK5AcQdEma,minbias,0,test,74.91235,75.4932861328125,0.007754830677777713,0,15mm,1.9852338
SubNetW4CleanAuxExDnRcK5AcQdEma,minbias,0,test,49.78679,51.44316864013672,0.03326946234047967,2,40mm,4.3929524
SubNetW4CleanAuxExDnRcK5AcQdEma,minbias,0,test,76.30366,75.751220703125,-0.00723997835075596,0,15mm,1.6733302
SubNetW4CleanAuxExDnRcK5AcQdEma,minbias,0,test,35.641777,41.95039749145508,0.177000727153789,3,60mm,4.504736
SubNetW4CleanAuxExDnRcK5AcQdEma,minbias,0,test,29.065462,28.742530822753906,-0.011110481864136101,3,60mm,3.5132518
SubNetW4CleanAuxExDnRcK5AcQdEma,minbias,0,test,22.666115,22.464927673339844,-0.008876119065883592,3,60mm,2.5866456
SubNetW4CleanAuxExDnRcK5AcQdEma,minbias,0,test,33.22847,34.40074157714844,0.03527913665166427,2,40mm,4.8073497
SubNetW4CleanAuxExDnRcK5AcQdEma,minbias,0,test,13.499704,14.549769401550293,0.07778429901212713,3,60mm,2.0271893
SubNetW4CleanAuxExDnRcK5AcQdEma,minbias,0,test,16.197796,15.762088775634766,-0.026899159357112512,2,40mm,1.286447
SubNetW4CleanAuxExDnRcK5AcQdEma,minbias,0,test,70.41845,73.19132995605469,0.03937718847478844,0,15mm,1.4808111
SubNetW4CleanAuxExDnRcK5AcQdEma,minbias,0,test,29.717356,28.927322387695312,-0.026584913801928622,2,40mm,2.9982672
SubNetW4CleanAuxExDnRcK5AcQdEma,minbias,0,test,38.530155,37.90742874145508,-0.016162053785925723,1,30mm,2.208767
SubNetW4CleanAuxExDnRcK5AcQdEma,minbias,0,test,56.7216,55.643760681152344,-0.019002265551531394,0,15mm,1.5669149
SubNetW4CleanAuxExDnRcK5AcQdEma,minbias,0,test,19.869377,18.530996322631836,-0.06735897176958738,4,120mm,4.1462426
SubNetW4CleanAuxExDnRcK5AcQdEma,minbias,0,test,17.406246,16.894973754882812,-0.029372928831238987,4,120mm,4.1411276
SubNetW4CleanAuxExDnRcK5AcQdEma,minbias,0,test,22.679256,21.493749618530273,-0.052272737594216245,2,40mm,2.1002748
SubNetW4CleanAuxExDnRcK5AcQdEma,minbias,0,test,35.43152,35.44865036010742,0.0004835188024323589,0,15mm,1.68485
SubNetW4CleanAuxExDnRcK5AcQdEma,minbias,0,test,17.010235,18.312854766845703,0.07657859793758015,4,120mm,3.9084594
SubNetW4CleanAuxExDnRcK5AcQdEma,minbias,0,test,40.240623,39.94815444946289,-0.007268004305308273,0,15mm,1.0698262
SubNetW4CleanAuxExDnRcK5AcQdEma,minbias,0,test,51.02926,50.60912322998047,-0.008233227534934162,2,40mm,3.8996005
SubNetW4CleanAuxExDnRcK5AcQdEma,minbias,0,test,4.089729,4.105158805847168,0.003772859824015651,3,60mm,0.9575057
SubNetW4CleanAuxExDnRcK5AcQdEma,minbias,0,test,29.877542,28.214153289794922,-0.055673561711793385,1,30mm,1.9909973
SubNetW4CleanAuxExDnRcK5AcQdEma,minbias,0,test,12.918633,12.619903564453125,-0.023123954824423087,3,60mm,1.9314537
SubNetW4CleanAuxExDnRcK5AcQdEma,minbias,0,test,30.10865,29.286367416381836,-0.027310516594740375,3,60mm,3.4406393
SubNetW4CleanAuxExDnRcK5AcQdEma,minbias,0,test,26.391865,25.998844146728516,-0.01489173399490551,3,60mm,3.774226
SubNetW4CleanAuxExDnRcK5AcQdEma,minbias,0,test,27.025665,24.999059677124023,-0.07498818566877863,1,30mm,1.1497169
SubNetW4CleanAuxExDnRcK5AcQdEma,minbias,0,test,18.853968,17.518173217773438,-0.07084951414322582,1,30mm,0.87763304
SubNetW4CleanAuxExDnRcK5AcQdEma,minbias,0,test,67.750145,64.20179748535156,-0.052374020385022924,0,15mm,1.761323
SubNetW4CleanAuxExDnRcK5AcQdEma,minbias,0,test,7.5261445,8.245888710021973,0.09563252539730027,2,40mm,0.80054045
SubNetW4CleanAuxExDnRcK5AcQdEma,minbias,0,test,56.25092,59.5377082824707,0.05843084839989787,1,30mm,3.6810513
SubNetW4CleanAuxExDnRcK5AcQdEma,minbias,0,test,28.274935,28.10715103149414,-0.005934009699944176,3,60mm,4.895355
SubNetW4CleanAuxExDnRcK5AcQdEma,minbias,0,test,57.14531,56.440738677978516,-0.012329459356621664,2,40mm,4.987566
SubNetW4CleanAuxExDnRcK5AcQdEma,minbias,0,test,42.663082,43.42924118041992,0.017958361644192733,2,40mm,2.6352525
SubNetW4CleanAuxExDnRcK5AcQdEma,minbias,0,test,36.892265,43.87907791137695,0.18938421186617505,1,30mm,2.053785
SubNetW4CleanAuxExDnRcK5AcQdEma,minbias,0,test,88.2349,85.61761474609375,-0.029662714410782387,1,30mm,4.598079
SubNetW4CleanAuxExDnRcK5AcQdEma,minbias,0,test,56.64692,56.58523178100586,-0.0010889818951961283,1,30mm,3.7371252
SubNetW4CleanAuxExDnRcK5AcQdEma,minbias,0,test,16.835836,16.670669555664062,-0.009810433579359845,3,60mm,2.5158427
SubNetW4CleanAuxExDnRcK5AcQdEma,minbias,0,test,4.968146,4.474754333496094,-0.09931099629262319,3,60mm,0.7556067
SubNetW4CleanAuxExDnRcK5AcQdEma,minbias,0,test,23.537584,24.139305114746094,0.025564255114046253,3,60mm,2.7308054
SubNetW4CleanAuxExDnRcK5AcQdEma,minbias,0,test,12.440843,12.332595825195312,-0.008700922157466873,2,40mm,0.922062
SubNetW4CleanAuxExDnRcK5AcQdEma,minbias,0,test,18.24434,10.613984107971191,-0.4182314303310648,1,30mm,1.2131348
SubNetW4CleanAuxExDnRcK5AcQdEma,minbias,0,test,16.20284,16.68926429748535,0.03002087709705359,2,40mm,1.613683
SubNetW4CleanAuxExDnRcK5AcQdEma,minbias,0,test,61.411366,59.90374755859375,-0.024549494021879226,1,30mm,2.9043927
SubNetW4CleanAuxExDnRcK5AcQdEma,minbias,0,test,33.35648,32.42558670043945,-0.027907409722168985,3,60mm,3.7797446
SubNetW4CleanAuxExDnRcK5AcQdEma,minbias,0,test,12.518098,14.358980178833008,0.14705766957126976,3,60mm,1.6599476
SubNetW4CleanAuxExDnRcK5AcQdEma,minbias,0,test,22.204424,21.223247528076172,-0.04418832844150067,1,30mm,1.1108342
SubNetW4CleanAuxExDnRcK5AcQdEma,minbias,0,test,45.292183,45.84791564941406,0.012269947951137228,3,60mm,4.8338795
SubNetW4CleanAuxExDnRcK5AcQdEma,minbias,0,test,14.572456,12.239237785339355,-0.16011154996149302,3,60mm,3.4464447
SubNetW4CleanAuxExDnRcK5AcQdEma,minbias,0,test,3.3181932,5.974671363830566,0.8005797157264687,4,120mm,0.7240916
SubNetW4CleanAuxExDnRcK5AcQdEma,minbias,0,test,25.095348,23.772981643676758,-0.05269369827447956,0,15mm,0.73503554
SubNetW4CleanAuxExDnRcK5AcQdEma,minbias,0,test,53.71803,53.25822830200195,-0.008559523284532244,2,40mm,3.8713253
SubNetW4CleanAuxExDnRcK5AcQdEma,minbias,0,test,73.164116,69.85270690917969,-0.045260015180765056,1,30mm,2.7882743
SubNetW4CleanAuxExDnRcK5AcQdEma,minbias,0,test,16.355927,17.062509536743164,0.04320042783761946,2,40mm,2.1865153
SubNetW4CleanAuxExDnRcK5AcQdEma,minbias,0,test,11.258872,11.357462882995605,0.008756725411605437,1,30mm,0.64883125
SubNetW4CleanAuxExDnRcK5AcQdEma,minbias,0,test,16.864857,19.630887985229492,0.1640115484635789,2,40mm,1.2471371
SubNetW4CleanAuxExDnRcK5AcQdEma,minbias,0,test,36.755928,40.028480529785156,0.08903468541762805,2,40mm,3.2555091
SubNetW4CleanAuxExDnRcK5AcQdEma,minbias,0,test,8.672238,9.354599952697754,0.07868344656255055,2,40mm,0.83398676
SubNetW4CleanAuxExDnRcK5AcQdEma,minbias,0,test,8.236246,8.21302604675293,-0.002819253085512008,4,120mm,1.7996901
SubNetW4CleanAuxExDnRcK5AcQdEma,minbias,0,test,6.5728426,6.581727981567383,0.0013518327076191827,2,40mm,0.6173252
SubNetW4CleanAuxExDnRcK5AcQdEma,minbias,0,test,11.486677,10.846104621887207,-0.0557665666444217,4,120mm,2.3579192
SubNetW4CleanAuxExDnRcK5AcQdEma,minbias,0,test,55.415615,52.779747009277344,-0.04756543924703405,1,30mm,3.1197333
SubNetW4CleanAuxExDnRcK5AcQdEma,minbias,0,test,55.620033,54.38316345214844,-0.02223784739820933,1,30mm,3.5514054
SubNetW4CleanAuxExDnRcK5AcQdEma,minbias,0,test,15.436926,15.825661659240723,0.025182201041713537,4,120mm,3.5604172
SubNetW4CleanAuxExDnRcK5AcQdEma,minbias,0,test,85.31204,83.62239837646484,-0.019805455543810524,0,15mm,3.2769108
SubNetW4CleanAuxExDnRcK5AcQdEma,minbias,0,test,18.818468,18.692651748657227,-0.006685791031832866,4,120mm,4.270853
SubNetW4CleanAuxExDnRcK5AcQdEma,minbias,0,test,28.905643,27.661752700805664,-0.0430327995955363,2,40mm,2.8185215
SubNetW4CleanAuxExDnRcK5AcQdEma,minbias,0,test,9.667739,9.65769100189209,-0.0010393239501530482,1,30mm,0.6571104
SubNetW4CleanAuxExDnRcK5AcQdEma,minbias,0,test,35.195023,34.997589111328125,-0.0056096986786707825,3,60mm,4.830502
SubNetW4CleanAuxExDnRcK5AcQdEma,minbias,0,test,28.146868,28.671287536621094,0.01863155037942832,2,40mm,3.1712394
SubNetW4CleanAuxExDnRcK5AcQdEma,minbias,0,test,85.75887,83.5251693725586,-0.026046326584189927,0,15mm,2.1501923
SubNetW4CleanAuxExDnRcK5AcQdEma,minbias,0,test,12.005987,19.129182815551758,0.5933036200105011,3,60mm,1.4274111
SubNetW4CleanAuxExDnRcK5AcQdEma,minbias,0,test,47.292732,48.10143280029297,0.017099890897411152,1,30mm,3.3202715
SubNetW4CleanAuxExDnRcK5AcQdEma,minbias,0,test,57.230785,53.8327522277832,-0.05937421826607692,1,30mm,3.4376276
SubNetW4CleanAuxExDnRcK5AcQdEma,minbias,0,test,4.3259625,4.412477016448975,0.0199988955271162,3,60mm,0.9969921
SubNetW4CleanAuxExDnRcK5AcQdEma,minbias,0,test,11.552025,11.018818855285645,-0.046156928620536886,3,60mm,2.598333
SubNetW4CleanAuxExDnRcK5AcQdEma,minbias,0,test,15.4829445,15.067403793334961,-0.026838609122340484,4,120mm,3.34637
SubNetW4CleanAuxExDnRcK5AcQdEma,minbias,0,test,21.010256,20.096914291381836,-0.043471223307316786,3,60mm,2.4846246
SubNetW4CleanAuxExDnRcK5AcQdEma,minbias,0,test,91.34967,85.59564971923828,-0.06298895951219807,1,30mm,3.6345494
SubNetW4CleanAuxExDnRcK5AcQdEma,minbias,0,test,19.184624,18.50054931640625,-0.035657431279421115,3,60mm,3.2115996
SubNetW4CleanAuxExDnRcK5AcQdEma,minbias,0,test,40.585197,39.48980712890625,-0.026989897516403016,3,60mm,4.8337336
SubNetW4CleanAuxExDnRcK5AcQdEma,minbias,0,test,26.373543,26.54349136352539,0.006443904001147915,2,40mm,3.0181239
SubNetW4CleanAuxExDnRcK5AcQdEma,minbias,0,test,10.400428,10.942923545837402,0.05216090501436921,1,30mm,0.9088089
SubNetW4CleanAuxExDnRcK5AcQdEma,minbias,0,test,6.055853,6.164214611053467,0.017893717533577158,3,60mm,1.0567553
SubNetW4CleanAuxExDnRcK5AcQdEma,minbias,0,test,21.599424,21.668323516845703,0.0031898606883116187,2,40mm,2.1179328
SubNetW4CleanAuxExDnRcK5AcQdEma,minbias,0,test,54.271732,58.36699295043945,0.07545844667702117,2,40mm,3.938124
SubNetW4CleanAuxExDnRcK5AcQdEma,minbias,0,test,57.98944,57.4613037109375,-0.009107471958185398,1,30mm,2.6122525
SubNetW4CleanAuxExDnRcK5AcQdEma,minbias,0,test,23.42947,24.253419876098633,0.03516724072944921,2,40mm,1.7165607
SubNetW4CleanAuxExDnRcK5AcQdEma,minbias,0,test,12.7592125,12.340313911437988,-0.032831068740243996,2,40mm,2.0953066
SubNetW4CleanAuxExDnRcK5AcQdEma,minbias,0,test,5.787443,6.0987091064453125,0.053782980977079564,3,60mm,0.8056549
SubNetW4CleanAuxExDnRcK5AcQdEma,minbias,0,test,35.505085,38.43006896972656,0.08238211453304323,1,30mm,3.2324367
SubNetW4CleanAuxExDnRcK5AcQdEma,minbias,0,test,59.821075,58.092994689941406,-0.02888749051763151,2,40mm,4.1919413
SubNetW4CleanAuxExDnRcK5AcQdEma,minbias,0,test,15.789227,15.714030265808105,-0.0047625047384050045,2,40mm,1.4619612
SubNetW4CleanAuxExDnRcK5AcQdEma,minbias,0,test,12.13388,12.097908973693848,-0.0029644836498721183,2,40mm,0.72491986
SubNetW4CleanAuxExDnRcK5AcQdEma,minbias,0,test,78.6321,78.7601318359375,0.0016282010120440837,1,30mm,4.1246037
SubNetW4CleanAuxExDnRcK5AcQdEma,minbias,0,test,99.034996,97.3847427368164,-0.01666333480089499,1,30mm,3.676013
SubNetW4CleanAuxExDnRcK5AcQdEma,minbias,0,test,25.98211,25.799049377441406,-0.007045605570004332,3,60mm,4.880326
SubNetW4CleanAuxExDnRcK5AcQdEma,minbias,0,test,77.568695,77.53965759277344,-0.0003743452891704635,1,30mm,3.5560298
SubNetW4CleanAuxExDnRcK5AcQdEma,minbias,0,test,6.8660226,6.38679313659668,-0.06979724347915528,3,60mm,1.0963714
SubNetW4CleanAuxExDnRcK5AcQdEma,minbias,0,test,30.804106,31.569684982299805,0.024853155278413253,1,30mm,1.631999
SubNetW4CleanAuxExDnRcK5AcQdEma,minbias,0,test,28.089336,27.678218841552734,-0.014636072135198575,3,60mm,3.5191562
SubNetW4CleanAuxExDnRcK5AcQdEma,minbias,0,test,38.775005,38.13020324707031,-0.016629323138509178,2,40mm,3.0204291
SubNetW4CleanAuxExDnRcK5AcQdEma,minbias,0,test,69.15166,67.98919677734375,-0.0168103032641993,2,40mm,4.49537
SubNetW4CleanAuxExDnRcK5AcQdEma,minbias,0,test,13.106056,12.815500259399414,-0.022169594670507164,4,120mm,3.062381
SubNetW4CleanAuxExDnRcK5AcQdEma,minbias,0,test,77.423195,75.49185180664062,-0.02494527746466224,0,15mm,1.7909257
SubNetW4CleanAuxExDnRcK5AcQdEma,minbias,0,test,9.117025,9.194794654846191,0.008530115501280688,4,120mm,2.1672463
SubNetW4CleanAuxExDnRcK5AcQdEma,minbias,0,test,27.228186,28.311975479125977,0.03980396781570783,1,30mm,2.1084898
SubNetW4CleanAuxExDnRcK5AcQdEma,minbias,0,test,59.997902,59.499420166015625,-0.008308319700612077,2,40mm,4.77911
SubNetW4CleanAuxExDnRcK5AcQdEma,minbias,0,test,22.675562,21.775951385498047,-0.0396731301822556,3,60mm,4.6911716
SubNetW4CleanAuxExDnRcK5AcQdEma,minbias,0,test,20.832718,21.60373306274414,0.03700982133505404,2,40mm,1.577856
SubNetW4CleanAuxExDnRcK5AcQdEma,minbias,0,test,10.44512,10.464296340942383,0.0018359275350965376,2,40mm,0.9579786
SubNetW4CleanAuxExDnRcK5AcQdEma,minbias,0,test,7.410181,8.951047897338867,0.20793916401484758,3,60mm,0.8739391
SubNetW4CleanAuxExDnRcK5AcQdEma,minbias,0,test,21.325964,21.644346237182617,0.014929325753891831,3,60mm,4.136109
SubNetW4CleanAuxExDnRcK5AcQdEma,minbias,0,test,36.042095,35.62331008911133,-0.011619332701750418,0,15mm,0.8690773
SubNetW4CleanAuxExDnRcK5AcQdEma,minbias,0,test,44.94409,42.89836120605469,-0.045517230608774994,2,40mm,4.3765593
SubNetW4CleanAuxExDnRcK5AcQdEma,minbias,0,test,30.582733,30.860408782958984,0.009079490288234515,2,40mm,3.2458344
SubNetW4CleanAuxExDnRcK5AcQdEma,minbias,0,test,7.2889476,6.916504383087158,-0.0510969786728811,2,40mm,0.9195187
SubNetW4CleanAuxExDnRcK5AcQdEma,minbias,0,test,85.662674,87.3691177368164,0.01992050572240167,0,15mm,3.604775
SubNetW4CleanAuxExDnRcK5AcQdEma,minbias,0,test,23.72153,22.27839469909668,-0.060836554791646846,3,60mm,4.1154027
SubNetW4CleanAuxExDnRcK5AcQdEma,minbias,0,test,31.192228,32.26866912841797,0.034509904204617525,2,40mm,4.0785627
SubNetW4CleanAuxExDnRcK5AcQdEma,minbias,0,test,32.91598,33.01342010498047,0.0029602280846294793,2,40mm,3.413461
SubNetW4CleanAuxExDnRcK5AcQdEma,minbias,0,test,30.45332,29.71921157836914,-0.024106008213544694,3,60mm,4.1714725
SubNetW4CleanAuxExDnRcK5AcQdEma,minbias,0,test,32.577236,34.34199142456055,0.05417142324518709,2,40mm,2.1380026
SubNetW4CleanAuxExDnRcK5AcQdEma,minbias,0,test,54.643715,52.822208404541016,-0.03333423621395537,2,40mm,4.6821556
SubNetW4CleanAuxExDnRcK5AcQdEma,minbias,0,test,29.356934,28.239276885986328,-0.03807130278761872,3,60mm,4.093592
SubNetW4CleanAuxExDnRcK5AcQdEma,minbias,0,test,11.642614,9.855835914611816,-0.1534688338936414,0,15mm,0.5755144
SubNetW4CleanAuxExDnRcK5AcQdEma,minbias,0,test,11.93104,12.011374473571777,0.006733249127420127,1,30mm,0.5970348
SubNetW4CleanAuxExDnRcK5AcQdEma,minbias,0,test,2.9204793,3.2457988262176514,0.11139251315454546,3,60mm,0.68238753
SubNetW4CleanAuxExDnRcK5AcQdEma,minbias,0,test,32.289433,32.14168167114258,-0.004575826917208481,2,40mm,4.45512
SubNetW4CleanAuxExDnRcK5AcQdEma,minbias,0,test,16.810308,17.568239212036133,0.04508726044974698,3,60mm,1.7635592
SubNetW4CleanAuxExDnRcK5AcQdEma,minbias,0,test,64.82281,65.50347137451172,0.010500379275827365,1,30mm,4.3072157
SubNetW4CleanAuxExDnRcK5AcQdEma,minbias,0,test,33.852234,34.0424690246582,0.005619574134340555,3,60mm,4.7803054
SubNetW4CleanAuxExDnRcK5AcQdEma,minbias,0,test,68.713326,36.68164825439453,-0.4661639792978166,0,15mm,3.8517354
SubNetW4CleanAuxExDnRcK5AcQdEma,minbias,0,test,13.5048895,13.331098556518555,-0.012868741491979696,3,60mm,1.4672215
SubNetW4CleanAuxExDnRcK5AcQdEma,minbias,0,test,21.720158,21.270183563232422,-0.020716887412275287,2,40mm,1.7894868
SubNetW4CleanAuxExDnRcK5AcQdEma,minbias,0,test,10.258123,10.033998489379883,-0.021848529185634402,3,60mm,2.3924665
SubNetW4CleanAuxExDnRcK5AcQdEma,minbias,0,test,84.11487,81.59454345703125,-0.029962891960021443,1,30mm,4.4654126
SubNetW4CleanAuxExDnRcK5AcQdEma,minbias,0,test,48.85145,48.94963073730469,0.0020097430016832174,1,30mm,3.366165
SubNetW4CleanAuxExDnRcK5AcQdEma,minbias,0,test,6.8823,7.439169406890869,0.08091328697133537,2,40mm,0.53086984
SubNetW4CleanAuxExDnRcK5AcQdEma,minbias,0,test,31.70121,32.317420959472656,0.019438088863891645,1,30mm,2.5605676
SubNetW4CleanAuxExDnRcK5AcQdEma,minbias,0,test,44.75495,44.990928649902344,0.005272649507229721,2,40mm,3.499911
SubNetW4CleanAuxExDnRcK5AcQdEma,minbias,0,test,17.678165,17.51074981689453,-0.009470191887532398,3,60mm,4.098907
SubNetW4CleanAuxExDnRcK5AcQdEma,minbias,0,test,65.129875,65.35568237304688,0.0034670293671925645,1,30mm,4.619143
SubNetW4CleanAuxExDnRcK5AcQdEma,minbias,0,test,19.713812,20.391572952270508,0.03438001144574909,3,60mm,3.293914
SubNetW4CleanAuxExDnRcK5AcQdEma,minbias,0,test,7.37419,7.356143951416016,-0.0024471708228694933,3,60mm,0.7196399
SubNetW4CleanAuxExDnRcK5AcQdEma,minbias,0,test,21.46506,28.787113189697266,0.34111500991703037,1,30mm,0.77392757
SubNetW4CleanAuxExDnRcK5AcQdEma,minbias,0,test,9.689435,9.625496864318848,-0.006598748103981977,3,60mm,1.3838282
SubNetW4CleanAuxExDnRcK5AcQdEma,minbias,0,test,13.217726,13.107233047485352,-0.008359434017398581,2,40mm,1.501318
SubNetW4CleanAuxExDnRcK5AcQdEma,minbias,0,test,10.500267,9.949321746826172,-0.05246964486434913,3,60mm,1.91346
SubNetW4CleanAuxExDnRcK5AcQdEma,minbias,0,test,30.349623,37.10570526123047,0.22260845202876856,1,30mm,1.9790567
SubNetW4CleanAuxExDnRcK5AcQdEma,minbias,0,test,40.522354,40.10136032104492,-0.010389174420194047,2,40mm,4.90258
SubNetW4CleanAuxExDnRcK5AcQdEma,minbias,0,test,11.428237,11.289325714111328,-0.012155089864082536,3,60mm,2.433383
SubNetW4CleanAuxExDnRcK5AcQdEma,minbias,0,test,30.214901,30.95831298828125,0.02460415205560662,1,30mm,1.4860358
SubNetW4CleanAuxExDnRcK5AcQdEma,minbias,0,test,4.4049997,4.969818592071533,0.12822222323254695,4,120mm,0.9987399
SubNetW4CleanAuxExDnRcK5AcQdEma,minbias,0,test,18.844816,19.36139488220215,0.027412242635735495,4,120mm,4.3548484
SubNetW4CleanAuxExDnRcK5AcQdEma,minbias,0,test,47.560364,47.48773193359375,-0.0015271505552283404,2,40mm,4.2274256
SubNetW4CleanAuxExDnRcK5AcQdEma,minbias,0,test,94.87678,91.17889404296875,-0.03897564501653261,1,30mm,4.8549023
SubNetW4CleanAuxExDnRcK5AcQdEma,minbias,0,test,7.570026,7.772707939147949,0.026774283258569342,3,60mm,1.7692814
SubNetW4CleanAuxExDnRcK5AcQdEma,minbias,0,test,22.576395,22.85732078552246,0.012443339616423188,3,60mm,3.1046166
SubNetW4CleanAuxExDnRcK5AcQdEma,minbias,0,test,54.179844,56.34404373168945,0.03994474094448597,1,30mm,2.605129
SubNetW4CleanAuxExDnRcK5AcQdEma,minbias,0,test,40.13113,39.32937240600586,-0.019978450846875995,2,40mm,4.3215575
SubNetW4CleanAuxExDnRcK5AcQdEma,minbias,0,test,10.952151,11.590803146362305,0.05831291318313747,1,30mm,0.8026184
SubNetW4CleanAuxExDnRcK5AcQdEma,minbias,0,test,7.1340947,7.2405524253845215,0.014922385322486686,3,60mm,1.6285349
SubNetW4CleanAuxExDnRcK5AcQdEma,minbias,0,test,10.87314,11.178961753845215,0.02812631947510602,3,60mm,1.9835916
SubNetW4CleanAuxExDnRcK5AcQdEma,minbias,0,test,79.897934,79.68587493896484,-0.0026541239614826795,0,15mm,2.4508164
SubNetW4CleanAuxExDnRcK5AcQdEma,minbias,0,test,53.77025,50.697601318359375,-0.05714400036096501,1,30mm,3.2887325
SubNetW4CleanAuxExDnRcK5AcQdEma,minbias,0,test,26.29571,25.480714797973633,-0.03099345193948444,2,40mm,2.0958447
SubNetW4CleanAuxExDnRcK5AcQdEma,minbias,0,test,25.876308,25.694026947021484,-0.007044339209168804,3,60mm,4.140695
SubNetW4CleanAuxExDnRcK5AcQdEma,minbias,0,test,6.156103,5.744806289672852,-0.06681123358711549,2,40mm,0.8057745
SubNetW4CleanAuxExDnRcK5AcQdEma,minbias,0,test,33.25699,32.321834564208984,-0.028119021073350625,2,40mm,2.6435475
SubNetW4CleanAuxExDnRcK5AcQdEma,minbias,0,test,11.916014,11.827062606811523,-0.007464837901963728,1,30mm,0.5064639
SubNetW4CleanAuxExDnRcK5AcQdEma,minbias,0,test,48.98884,45.42665481567383,-0.07271418370628546,1,30mm,2.6970506
SubNetW4CleanAuxExDnRcK5AcQdEma,minbias,0,test,30.837181,29.258256912231445,-0.05120196215088435,2,40mm,4.8362474
SubNetW4CleanAuxExDnRcK5AcQdEma,minbias,0,test,47.394024,47.039466857910156,-0.0074810494702254315,3,60mm,4.9316173
SubNetW4CleanAuxExDnRcK5AcQdEma,minbias,0,test,32.81061,32.833953857421875,0.0007114202186813134,1,30mm,2.1543987
SubNetW4CleanAuxExDnRcK5AcQdEma,minbias,0,test,15.314512,15.421701431274414,0.006999189833626351,3,60mm,2.090723
SubNetW4CleanAuxExDnRcK5AcQdEma,minbias,0,test,45.748444,45.914520263671875,0.003630214430802692,1,30mm,3.7107816
SubNetW4CleanAuxExDnRcK5AcQdEma,minbias,0,test,27.571293,26.700843811035156,-0.03157084689641132,2,40mm,1.7566634
SubNetW4CleanAuxExDnRcK5AcQdEma,minbias,0,test,10.685475,10.011903762817383,-0.06303618365888164,3,60mm,1.4832461
SubNetW4CleanAuxExDnRcK5AcQdEma,minbias,0,test,42.369083,41.28566360473633,-0.02557099924631767,2,40mm,2.9319167
SubNetW4CleanAuxExDnRcK5AcQdEma,minbias,0,test,58.790997,56.84550476074219,-0.03309166207221559,2,40mm,3.395067
SubNetW4CleanAuxExDnRcK5AcQdEma,minbias,0,test,14.638391,14.011608123779297,-0.04281771384214372,2,40mm,2.740254
SubNetW4CleanAuxExDnRcK5AcQdEma,minbias,0,test,6.175121,6.154821395874023,-0.003287293515211065,3,60mm,1.0780957
SubNetW4CleanAuxExDnRcK5AcQdEma,minbias,0,test,36.91712,35.094852447509766,-0.049361091724995476,2,40mm,3.4918785
SubNetW4CleanAuxExDnRcK5AcQdEma,minbias,0,test,16.515232,15.721235275268555,-0.04807663657221184,1,30mm,1.0452043
SubNetW4CleanAuxExDnRcK5AcQdEma,minbias,0,test,22.760256,21.407655715942383,-0.05942815883677843,1,30mm,1.0918868
SubNetW4CleanAuxExDnRcK5AcQdEma,minbias,0,test,35.40688,33.49164581298828,-0.054092132465805576,2,40mm,4.4281874
SubNetW4CleanAuxExDnRcK5AcQdEma,minbias,0,test,72.06833,72.58346557617188,0.00714789321352427,1,30mm,3.5756953
SubNetW4CleanAuxExDnRcK5AcQdEma,minbias,0,test,9.535182,9.515073776245117,-0.002108845217962174,3,60mm,1.1115729
SubNetW4CleanAuxExDnRcK5AcQdEma,minbias,0,test,15.472116,15.56539535522461,0.006028838075678111,2,40mm,1.7602067
SubNetW4CleanAuxExDnRcK5AcQdEma,minbias,0,test,23.397865,22.215824127197266,-0.05051918853660409,2,40mm,4.2125883
SubNetW4CleanAuxExDnRcK5AcQdEma,minbias,0,test,19.623907,17.503490447998047,-0.10805272525972731,1,30mm,1.2086205
SubNetW4CleanAuxExDnRcK5AcQdEma,minbias,0,test,98.57522,96.2755126953125,-0.023329448794008778,0,15mm,4.553522
SubNetW4CleanAuxExDnRcK5AcQdEma,minbias,0,test,28.280432,27.877233505249023,-0.014257145922959569,1,30mm,2.15411
SubNetW4CleanAuxExDnRcK5AcQdEma,minbias,0,test,49.215946,48.09225845336914,-0.022831781789404704,0,15mm,1.922954
SubNetW4CleanAuxExDnRcK5AcQdEma,minbias,0,test,23.31459,30.0628662109375,0.2894443190036291,1,30mm,1.349868
SubNetW4CleanAuxExDnRcK5AcQdEma,minbias,0,test,13.16624,12.868861198425293,-0.022586444265501937,4,120mm,2.764366
SubNetW4CleanAuxExDnRcK5AcQdEma,minbias,0,test,18.231672,17.268877029418945,-0.052808938336147415,2,40mm,2.0251398
SubNetW4CleanAuxExDnRcK5AcQdEma,minbias,0,test,36.50324,36.1010627746582,-0.011017540302881046,2,40mm,3.3386524
SubNetW4CleanAuxExDnRcK5AcQdEma,minbias,0,test,19.476492,19.32263946533203,-0.007899392936701166,0,15mm,0.5444649
SubNetW4CleanAuxExDnRcK5AcQdEma,minbias,0,test,63.894657,63.170345306396484,-0.011336031228445398,1,30mm,3.1559656
SubNetW4CleanAuxExDnRcK5AcQdEma,minbias,0,test,22.662302,22.797138214111328,0.005949801427807655,2,40mm,1.5138611
SubNetW4CleanAuxExDnRcK5AcQdEma,minbias,0,test,19.279507,18.783437728881836,-0.025730375917563997,3,60mm,4.511386
SubNetW4CleanAuxExDnRcK5AcQdEma,minbias,0,test,9.874007,9.41210651397705,-0.04677945848453202,3,60mm,2.14795
SubNetW4CleanAuxExDnRcK5AcQdEma,minbias,0,test,23.8066,23.525468826293945,-0.011808983124244166,3,60mm,4.5185847
SubNetW4CleanAuxExDnRcK5AcQdEma,minbias,0,test,7.8443713,9.560901641845703,0.21882318585696447,3,60mm,0.8870318
SubNetW4CleanAuxExDnRcK5AcQdEma,minbias,0,test,30.57212,30.575424194335938,0.00010805687534953812,2,40mm,2.404693
SubNetW4CleanAuxExDnRcK5AcQdEma,minbias,0,test,39.9586,40.429073333740234,0.011774042480759084,2,40mm,3.7830455
SubNetW4CleanAuxExDnRcK5AcQdEma,minbias,0,test,4.7299795,4.236787796020508,-0.10426931395437222,4,120mm,1.06253
SubNetW4CleanAuxExDnRcK5AcQdEma,minbias,0,test,10.477678,9.998937606811523,-0.04569148607918594,3,60mm,1.9745618
SubNetW4CleanAuxExDnRcK5AcQdEma,minbias,0,test,15.437241,15.073622703552246,-0.02355459155180173,3,60mm,2.8771992
SubNetW4CleanAuxExDnRcK5AcQdEma,minbias,0,test,15.855329,17.886783599853516,0.12812443667165363,2,40mm,2.4383595
SubNetW4CleanAuxExDnRcK5AcQdEma,minbias,0,test,34.209747,34.94063186645508,0.021364804167763207,3,60mm,3.447639
SubNetW4CleanAuxExDnRcK5AcQdEma,minbias,0,test,85.252174,84.44572448730469,-0.00945958148312187,1,30mm,4.347752
SubNetW4CleanAuxExDnRcK5AcQdEma,minbias,0,test,43.57451,41.8294677734375,-0.04004728789693868,0,15mm,1.2720706
SubNetW4CleanAuxExDnRcK5AcQdEma,minbias,0,test,9.480602,9.071310043334961,-0.043171542234828,3,60mm,1.5254731
SubNetW4CleanAuxExDnRcK5AcQdEma,minbias,0,test,13.475606,11.704577445983887,-0.1314247777295674,3,60mm,2.65702
SubNetW4CleanAuxExDnRcK5AcQdEma,minbias,0,test,24.704964,24.750957489013672,0.0018617232358562052,3,60mm,3.087486
SubNetW4CleanAuxExDnRcK5AcQdEma,minbias,0,test,8.806756,8.494738578796387,-0.03542932722352665,3,60mm,1.7462809
SubNetW4CleanAuxExDnRcK5AcQdEma,minbias,0,test,26.826443,28.876567840576172,0.07642180305389723,1,30mm,1.5335565
SubNetW4CleanAuxExDnRcK5AcQdEma,minbias,0,test,14.381431,13.932458877563477,-0.031218851589284724,4,120mm,2.8730443
SubNetW4CleanAuxExDnRcK5AcQdEma,minbias,0,test,17.571922,17.29605484008789,-0.015699333141425353,3,60mm,2.458373
SubNetW4CleanAuxExDnRcK5AcQdEma,minbias,0,test,46.590855,49.35443115234375,0.05931585777163373,1,30mm,3.2620325
SubNetW4CleanAuxExDnRcK5AcQdEma,minbias,0,test,13.420269,13.283543586730957,-0.01018797951019923,3,60mm,3.147259
SubNetW4CleanAuxExDnRcK5AcQdEma,minbias,0,test,47.482956,42.96681213378906,-0.09511083946073118,0,15mm,1.6972064
SubNetW4CleanAuxExDnRcK5AcQdEma,minbias,0,test,70.45963,70.78247833251953,0.004581991784768924,1,30mm,4.6311927
SubNetW4CleanAuxExDnRcK5AcQdEma,minbias,0,test,30.903296,30.57378578186035,-0.010662608294526477,3,60mm,4.4815125
SubNetW4CleanAuxExDnRcK5AcQdEma,minbias,0,test,7.564212,16.458629608154297,1.1758551908045374,1,30mm,0.59692293
SubNetW4CleanAuxExDnRcK5AcQdEma,minbias,0,test,12.714782,12.078156471252441,-0.05006969855048771,2,40mm,1.2630823
SubNetW4CleanAuxExDnRcK5AcQdEma,minbias,0,test,11.968874,11.433491706848145,-0.044731214633242256,3,60mm,2.3326328
SubNetW4CleanAuxExDnRcK5AcQdEma,minbias,0,test,6.7216034,6.563043594360352,-0.02358957973426079,3,60mm,1.0705271
SubNetW4CleanAuxExDnRcK5AcQdEma,minbias,0,test,37.24154,36.19525909423828,-0.028094432595425434,3,60mm,4.0615535
SubNetW4CleanAuxExDnRcK5AcQdEma,minbias,0,test,42.416546,42.32571792602539,-0.0021413328227469774,1,30mm,1.9357269
SubNetW4CleanAuxExDnRcK5AcQdEma,minbias,0,test,15.620621,15.463375091552734,-0.01006654208747959,1,30mm,0.86923313
SubNetW4CleanAuxExDnRcK5AcQdEma,minbias,0,test,28.015602,43.153411865234375,0.5403349780954074,1,30mm,2.0121808
SubNetW4CleanAuxExDnRcK5AcQdEma,minbias,0,test,35.57919,34.446537017822266,-0.03183468496562247,2,40mm,4.0143476
SubNetW4CleanAuxExDnRcK5AcQdEma,minbias,0,test,17.22552,16.970090866088867,-0.014828482760690154,1,30mm,0.9053588
SubNetW4CleanAuxExDnRcK5AcQdEma,minbias,0,test,67.80275,66.46451568603516,-0.019737163389123125,2,40mm,4.987209
SubNetW4CleanAuxExDnRcK5AcQdEma,minbias,0,test,59.379036,59.946868896484375,0.009562852237249064,1,30mm,2.7651467
SubNetW4CleanAuxExDnRcK5AcQdEma,minbias,0,test,60.16598,58.983943939208984,-0.019646273992684926,1,30mm,3.610801
SubNetW4CleanAuxExDnRcK5AcQdEma,minbias,0,test,82.01786,84.84256744384766,0.03444014531761841,0,15mm,2.1831913
SubNetW4CleanAuxExDnRcK5AcQdEma,minbias,0,test,17.684355,20.249008178710938,0.14502386025424685,1,30mm,1.282955
SubNetW4CleanAuxExDnRcK5AcQdEma,minbias,0,test,37.791885,36.536075592041016,-0.033229614544021624,0,15mm,0.86853176
SubNetW4CleanAuxExDnRcK5AcQdEma,minbias,0,test,26.61818,26.831729888916016,0.008022733825981732,3,60mm,4.1228204
SubNetW4CleanAuxExDnRcK5AcQdEma,minbias,0,test,6.562489,7.69514274597168,0.17259513998036846,3,60mm,1.2860664
SubNetW4CleanAuxExDnRcK5AcQdEma,minbias,0,test,54.80283,57.15085220336914,0.0428449127895949,0,15mm,1.4795189
SubNetW4CleanAuxExDnRcK5AcQdEma,minbias,0,test,48.1716,46.92143630981445,-0.025952304326864906,2,40mm,3.5718825
SubNetW4CleanAuxExDnRcK5AcQdEma,minbias,0,test,25.21088,24.83043098449707,-0.015090678739714036,3,60mm,4.159412
SubNetW4CleanAuxExDnRcK5AcQdEma,minbias,0,test,9.30331,8.792228698730469,-0.05493546639812008,3,60mm,1.7785758
SubNetW4CleanAuxExDnRcK5AcQdEma,minbias,0,test,16.152885,15.715744018554688,-0.02706274492948435,3,60mm,3.434701
SubNetW4CleanAuxExDnRcK5AcQdEma,minbias,0,test,16.515697,15.60976505279541,-0.05485281064217484,4,120mm,3.8187058
SubNetW4CleanAuxExDnRcK5AcQdEma,minbias,0,test,12.548367,12.277682304382324,-0.021571273140822633,3,60mm,2.0093732
SubNetW4CleanAuxExDnRcK5AcQdEma,minbias,0,test,13.289764,14.516335487365723,0.09229441890424117,2,40mm,0.88341403
SubNetW4CleanAuxExDnRcK5AcQdEma,minbias,0,test,43.952652,44.01604461669922,0.001442293839119202,2,40mm,2.960098
SubNetW4CleanAuxExDnRcK5AcQdEma,minbias,0,test,31.26187,31.21661949157715,-0.0014474482744987194,1,30mm,1.4937372
SubNetW4CleanAuxExDnRcK5AcQdEma,minbias,0,test,12.817277,12.214759826660156,-0.04700820073737211,2,40mm,1.420491
SubNetW4CleanAuxExDnRcK5AcQdEma,minbias,0,test,32.035515,32.295616149902344,0.008119155247765075,2,40mm,3.55157
SubNetW4CleanAuxExDnRcK5AcQdEma,minbias,0,test,9.129585,9.780611038208008,0.07130945745270267,3,60mm,2.0700197
SubNetW4CleanAuxExDnRcK5AcQdEma,minbias,0,test,4.2981014,4.26621150970459,-0.007419535351016249,2,40mm,0.61176956
SubNetW4CleanAuxExDnRcK5AcQdEma,minbias,0,test,7.4411526,7.136967658996582,-0.04087873627991845,3,60mm,1.5761538
SubNetW4CleanAuxExDnRcK5AcQdEma,minbias,0,test,5.636808,5.94802188873291,0.05521102983840187,4,120mm,1.3198593
SubNetW4CleanAuxExDnRcK5AcQdEma,minbias,0,test,30.947863,30.09024429321289,-0.02771171445012821,3,60mm,4.012414
SubNetW4CleanAuxExDnRcK5AcQdEma,minbias,0,test,20.717653,29.715662002563477,0.4343160206801371,2,40mm,2.2964518
SubNetW4CleanAuxExDnRcK5AcQdEma,minbias,0,test,44.58044,40.35969543457031,-0.09467706100075346,0,15mm,1.3728852
SubNetW4CleanAuxExDnRcK5AcQdEma,minbias,0,test,11.497115,11.488903999328613,-0.0007141909746666286,3,60mm,1.7933915
SubNetW4CleanAuxExDnRcK5AcQdEma,minbias,0,test,26.634201,26.76775550842285,0.005014397029158957,2,40mm,3.239827
SubNetW4CleanAuxExDnRcK5AcQdEma,minbias,0,test,8.354375,8.22203540802002,-0.01584073965459909,3,60mm,1.23402
SubNetW4CleanAuxExDnRcK5AcQdEma,minbias,0,test,10.422597,12.340402603149414,0.18400458967223088,3,60mm,1.4205937
SubNetW4CleanAuxExDnRcK5AcQdEma,minbias,0,test,92.269844,89.824951171875,-0.02649720402517186,1,30mm,4.586241
SubNetW4CleanAuxExDnRcK5AcQdEma,minbias,0,test,24.500616,25.67106819152832,0.04777235455645168,1,30mm,1.7624514
SubNetW4CleanAuxExDnRcK5AcQdEma,minbias,0,test,34.29292,37.80112075805664,0.10230104888014413,0,15mm,0.97544247
SubNetW4CleanAuxExDnRcK5AcQdEma,minbias,0,test,31.73957,29.776283264160156,-0.06185614094042813,2,40mm,3.0184338
SubNetW4CleanAuxExDnRcK5AcQdEma,minbias,0,test,22.06194,22.415002822875977,0.01600328872005341,3,60mm,2.9775333
SubNetW4CleanAuxExDnRcK5AcQdEma,minbias,0,test,61.25817,62.616790771484375,0.022178587214641166,1,30mm,2.581877
SubNetW4CleanAuxExDnRcK5AcQdEma,minbias,0,test,10.868799,9.787445068359375,-0.0994915924365184,3,60mm,2.2512543
SubNetW4CleanAuxExDnRcK5AcQdEma,minbias,0,test,26.218237,27.366836547851562,0.04380918625449737,3,60mm,3.790878
SubNetW4CleanAuxExDnRcK5AcQdEma,minbias,0,test,13.899583,19.06159019470215,0.37137857896752946,3,60mm,2.0065687
SubNetW4CleanAuxExDnRcK5AcQdEma,minbias,0,test,62.94455,78.51437377929688,0.24735778280172238,1,30mm,3.3311656
SubNetW4CleanAuxExDnRcK5AcQdEma,minbias,0,test,15.285938,15.395379066467285,0.0071595738282661525,3,60mm,2.1529078
SubNetW4CleanAuxExDnRcK5AcQdEma,minbias,0,test,49.561195,47.31508255004883,-0.045319988885613394,2,40mm,3.9705706
SubNetW4CleanAuxExDnRcK5AcQdEma,minbias,0,test,28.209341,27.660842895507812,-0.01944384850145897,3,60mm,3.9992971
SubNetW4CleanAuxExDnRcK5AcQdEma,minbias,0,test,72.53343,72.97575378417969,0.006098177972635677,0,15mm,1.5709326
SubNetW4CleanAuxExDnRcK5AcQdEma,minbias,0,test,19.686348,19.63347625732422,-0.0026857040323152725,3,60mm,3.6239066
SubNetW4CleanAuxExDnRcK5AcQdEma,minbias,0,test,11.129842,10.927604675292969,-0.0181707101290135,2,40mm,0.8069496
SubNetW4CleanAuxExDnRcK5AcQdEma,minbias,0,test,51.10558,50.9841194152832,-0.0023766477637080508,1,30mm,2.876406
SubNetW4CleanAuxExDnRcK5AcQdEma,minbias,0,test,16.372818,16.311052322387695,-0.003772452048398489,3,60mm,3.1688688
SubNetW4CleanAuxExDnRcK5AcQdEma,minbias,0,test,7.746408,6.8080854415893555,-0.12113001869145068,2,40mm,1.4111198
SubNetW4CleanAuxExDnRcK5AcQdEma,minbias,0,test,14.665379,14.263606071472168,-0.02739598552819511,4,120mm,3.1584854
SubNetW4CleanAuxExDnRcK5AcQdEma,minbias,0,test,37.180714,35.751346588134766,-0.03844377702773483,2,40mm,3.5475445
SubNetW4CleanAuxExDnRcK5AcQdEma,minbias,0,test,15.566775,14.831100463867188,-0.04725929698846665,3,60mm,2.2405467
SubNetW4CleanAuxExDnRcK5AcQdEma,minbias,0,test,11.66375,11.388349533081055,-0.02361163167496405,3,60mm,2.2912152
SubNetW4CleanAuxExDnRcK5AcQdEma,minbias,0,test,10.378771,10.350926399230957,-0.0026828253053176043,4,120mm,2.2430754
SubNetW4CleanAuxExDnRcK5AcQdEma,minbias,0,test,55.9345,56.38529968261719,0.008059391277056127,1,30mm,3.2325206
SubNetW4CleanAuxExDnRcK5AcQdEma,minbias,0,test,6.1432357,6.0750861167907715,-0.01109343189194012,4,120mm,1.352806
SubNetW4CleanAuxExDnRcK5AcQdEma,minbias,0,test,33.35069,32.787723541259766,-0.016880172825664563,2,40mm,4.7642994
SubNetW4CleanAuxExDnRcK5AcQdEma,minbias,0,test,18.585535,18.7729434967041,0.010083564813555768,2,40mm,1.7907472
SubNetW4CleanAuxExDnRcK5AcQdEma,minbias,0,test,54.71689,49.70137023925781,-0.09166307391730899,1,30mm,3.5592747
SubNetW4CleanAuxExDnRcK5AcQdEma,minbias,0,test,13.180914,12.90089225769043,-0.021244480395682275,3,60mm,1.8598735
SubNetW4CleanAuxExDnRcK5AcQdEma,minbias,0,test,25.965633,26.65875816345215,0.02669392888073352,3,60mm,2.796205
SubNetW4CleanAuxExDnRcK5AcQdEma,minbias,0,test,29.917196,29.14317512512207,-0.025872115207513424,2,40mm,3.3711429
SubNetW4CleanAuxExDnRcK5AcQdEma,minbias,0,test,32.294727,30.79778480529785,-0.04635253628422553,1,30mm,1.512969
SubNetW4CleanAuxExDnRcK5AcQdEma,minbias,0,test,79.24667,78.9280014038086,-0.0040212688528566964,1,30mm,3.6515477
SubNetW4CleanAuxExDnRcK5AcQdEma,minbias,0,test,30.346582,30.59242820739746,0.008101267923161126,0,15mm,1.0319033
SubNetW4CleanAuxExDnRcK5AcQdEma,minbias,0,test,10.048014,10.32612133026123,0.02767787264099275,3,60mm,1.8890592
SubNetW4CleanAuxExDnRcK5AcQdEma,minbias,0,test,22.882544,22.2594051361084,-0.027232043762783875,3,60mm,3.9642267
SubNetW4CleanAuxExDnRcK5AcQdEma,minbias,0,test,48.583065,47.88585662841797,-0.014350852587584284,2,40mm,4.9016128
SubNetW4CleanAuxExDnRcK5AcQdEma,minbias,0,test,28.644648,28.11697769165039,-0.018421239249183263,3,60mm,4.465605
SubNetW4CleanAuxExDnRcK5AcQdEma,minbias,0,test,45.046688,45.08131408691406,0.0007686693196780059,3,60mm,4.609135
SubNetW4CleanAuxExDnRcK5AcQdEma,minbias,0,test,8.154486,8.083632469177246,-0.008688865971713366,3,60mm,1.7229285
SubNetW4CleanAuxExDnRcK5AcQdEma,minbias,0,test,35.754566,37.15262222290039,0.039101468124139505,2,40mm,3.34987
SubNetW4CleanAuxExDnRcK5AcQdEma,minbias,0,test,52.3567,51.31733322143555,-0.01985166479113476,0,15mm,1.3284075
SubNetW4CleanAuxExDnRcK5AcQdEma,minbias,0,test,6.5070386,7.265261173248291,0.11652344904449574,2,40mm,0.96999276
SubNetW4CleanAuxExDnRcK5AcQdEma,minbias,0,test,27.466898,26.773595809936523,-0.02524137073788424,2,40mm,3.161625
SubNetW4CleanAuxExDnRcK5AcQdEma,minbias,0,test,34.4807,34.393070220947266,-0.002541457160371907,2,40mm,2.6293283
SubNetW4CleanAuxExDnRcK5AcQdEma,minbias,0,test,71.0165,73.63552856445312,0.03687912099717727,1,30mm,3.767992
SubNetW4CleanAuxExDnRcK5AcQdEma,minbias,0,test,45.07397,46.15812301635742,0.024052733818776373,1,30mm,3.2965388
SubNetW4CleanAuxExDnRcK5AcQdEma,minbias,0,test,28.096281,26.52322769165039,-0.05598795645211452,1,30mm,1.293542
SubNetW4CleanAuxExDnRcK5AcQdEma,minbias,0,test,43.54073,44.443199157714844,0.020727021455604122,2,40mm,3.6384041
SubNetW4CleanAuxExDnRcK5AcQdEma,minbias,0,test,51.98684,51.30767059326172,-0.013064242996680853,0,15mm,1.6899312
SubNetW4CleanAuxExDnRcK5AcQdEma,minbias,0,test,13.548464,13.787083625793457,0.017612314394287676,4,120mm,2.8454332
SubNetW4CleanAuxExDnRcK5AcQdEma,minbias,0,test,18.459053,18.266071319580078,-0.010454583967943298,3,60mm,2.4543738
SubNetW4CleanAuxExDnRcK5AcQdEma,minbias,0,test,69.02446,59.72697067260742,-0.1346984704837113,1,30mm,2.72445
SubNetW4CleanAuxExDnRcK5AcQdEma,minbias,0,test,92.94186,90.6685562133789,-0.024459379867551312,1,30mm,3.9909618
SubNetW4CleanAuxExDnRcK5AcQdEma,minbias,0,test,47.66943,45.77796173095703,-0.039678847782795734,2,40mm,3.1421185
SubNetW4CleanAuxExDnRcK5AcQdEma,minbias,0,test,18.574076,19.57432746887207,0.053852034751927125,1,30mm,1.0511341
SubNetW4CleanAuxExDnRcK5AcQdEma,minbias,0,test,40.074787,40.58723068237305,0.01278718064531792,2,40mm,4.345646
SubNetW4CleanAuxExDnRcK5AcQdEma,minbias,0,test,17.028112,17.981128692626953,0.05596722984306601,2,40mm,1.2984872
SubNetW4CleanAuxExDnRcK5AcQdEma,minbias,0,test,51.797516,53.86481857299805,0.03991123259810725,0,15mm,1.7534244
SubNetW4CleanAuxExDnRcK5AcQdEma,minbias,0,test,17.587612,17.584226608276367,-0.0001924959337267218,3,60mm,3.0076413
SubNetW4CleanAuxExDnRcK5AcQdEma,minbias,0,test,21.348288,20.95492935180664,-0.018425750968202315,3,60mm,4.2045755
SubNetW4CleanAuxExDnRcK5AcQdEma,minbias,0,test,7.6604657,7.560873508453369,-0.013000803415539997,3,60mm,1.309315
SubNetW4CleanAuxExDnRcK5AcQdEma,minbias,0,test,79.22787,80.80487823486328,0.019904752779488444,0,15mm,2.8888154
SubNetW4CleanAuxExDnRcK5AcQdEma,minbias,0,test,9.311239,8.88910961151123,-0.045335494024607015,3,60mm,2.233937
SubNetW4CleanAuxExDnRcK5AcQdEma,minbias,0,test,9.974157,9.432708740234375,-0.054285146608619717,3,60mm,1.4846301
SubNetW4CleanAuxExDnRcK5AcQdEma,minbias,0,test,40.107754,38.14558792114258,-0.04892235662388278,1,30mm,2.205221
SubNetW4CleanAuxExDnRcK5AcQdEma,minbias,0,test,11.672055,12.173152923583984,0.04293140056689104,2,40mm,0.8561837
SubNetW4CleanAuxExDnRcK5AcQdEma,minbias,0,test,23.28483,22.59072494506836,-0.0298093284568417,1,30mm,2.1412597
SubNetW4CleanAuxExDnRcK5AcQdEma,minbias,0,test,20.925137,20.44078826904297,-0.02314672095867598,3,60mm,4.2407694
SubNetW4CleanAuxExDnRcK5AcQdEma,minbias,0,test,73.42723,76.8597183227539,0.04674679201110021,1,30mm,4.0629
SubNetW4CleanAuxExDnRcK5AcQdEma,minbias,0,test,31.858747,31.03961753845215,-0.025711304071283747,1,30mm,2.383647
SubNetW4CleanAuxExDnRcK5AcQdEma,minbias,0,test,49.013554,49.00603485107422,-0.00015340181960554755,1,30mm,2.9684238
SubNetW4CleanAuxExDnRcK5AcQdEma,minbias,0,test,86.67737,88.72154235839844,0.023583713230271863,0,15mm,3.0554247
SubNetW4CleanAuxExDnRcK5AcQdEma,minbias,0,test,29.636723,28.790620803833008,-0.028549100158332563,2,40mm,2.752953
SubNetW4CleanAuxExDnRcK5AcQdEma,minbias,0,test,29.73249,29.935020446777344,0.00681173704426663,3,60mm,3.9571893
SubNetW4CleanAuxExDnRcK5AcQdEma,minbias,0,test,11.860099,11.387505531311035,-0.03984733297068277,4,120mm,2.7516394
SubNetW4CleanAuxExDnRcK5AcQdEma,minbias,0,test,19.009861,19.449464797973633,0.023125040510133754,2,40mm,2.2423544
SubNetW4CleanAuxExDnRcK5AcQdEma,minbias,0,test,20.20604,19.984209060668945,-0.010978419042714127,3,60mm,3.4325123
SubNetW4CleanAuxExDnRcK5AcQdEma,minbias,0,test,30.020758,29.430734634399414,-0.019653835761096472,1,30mm,1.3114873
SubNetW4CleanAuxExDnRcK5AcQdEma,minbias,0,test,42.71258,41.84064865112305,-0.02041396118032157,0,15mm,0.9932738
SubNetW4CleanAuxExDnRcK5AcQdEma,minbias,0,test,9.3975315,10.592126846313477,0.1271179921790342,3,60mm,1.3288324
SubNetW4CleanAuxExDnRcK5AcQdEma,minbias,0,test,16.777264,16.718772888183594,-0.0034863106656822795,2,40mm,2.2909603
SubNetW4CleanAuxExDnRcK5AcQdEma,minbias,0,test,86.15971,85.112548828125,-0.012153765042557718,0,15mm,4.0580473
SubNetW4CleanAuxExDnRcK5AcQdEma,minbias,0,test,2.8033905,3.134166955947876,0.11799157223102164,4,120mm,0.6648891
SubNetW4CleanAuxExDnRcK5AcQdEma,minbias,0,test,18.630724,17.287233352661133,-0.07211156173841471,2,40mm,1.0907265
SubNetW4CleanAuxExDnRcK5AcQdEma,minbias,0,test,15.899515,15.483325958251953,-0.02617621919583013,3,60mm,3.0435293
SubNetW4CleanAuxExDnRcK5AcQdEma,minbias,0,test,43.395535,43.93207550048828,0.012363967654719143,2,40mm,3.1485562
SubNetW4CleanAuxExDnRcK5AcQdEma,minbias,0,test,4.8045154,4.589034080505371,-0.044849743429776656,3,60mm,0.71615976
SubNetW4CleanAuxExDnRcK5AcQdEma,minbias,0,test,18.239529,18.13166046142578,-0.005913979281726656,3,60mm,2.824779
SubNetW4CleanAuxExDnRcK5AcQdEma,minbias,0,test,25.612677,25.368484497070312,-0.00953403375334061,3,60mm,4.6766663
SubNetW4CleanAuxExDnRcK5AcQdEma,minbias,0,test,11.172591,10.36620807647705,-0.07217512194085163,3,60mm,1.936104
SubNetW4CleanAuxExDnRcK5AcQdEma,minbias,0,test,71.11857,70.43142700195312,-0.00966191296758201,1,30mm,3.3068552
SubNetW4CleanAuxExDnRcK5AcQdEma,minbias,0,test,20.492685,19.751344680786133,-0.03617586595916311,4,120mm,4.8618093
SubNetW4CleanAuxExDnRcK5AcQdEma,minbias,0,test,9.305348,9.639517784118652,0.03591153964210614,3,60mm,1.6459931
SubNetW4CleanAuxExDnRcK5AcQdEma,minbias,0,test,11.393126,15.450054168701172,0.3560856608238121,1,30mm,1.1719508
SubNetW4CleanAuxExDnRcK5AcQdEma,minbias,0,test,6.1719284,7.085238456726074,0.14797806956278814,3,60mm,1.190698
SubNetW4CleanAuxExDnRcK5AcQdEma,minbias,0,test,78.419975,78.58950805664062,0.002161857043080362,0,15mm,3.541131
SubNetW4CleanAuxExDnRcK5AcQdEma,minbias,0,test,22.92315,22.71224021911621,-0.009200694405846033,3,60mm,3.0820558
SubNetW4CleanAuxExDnRcK5AcQdEma,minbias,0,test,68.62181,69.26866912841797,0.009426422980170601,0,15mm,3.667113
SubNetW4CleanAuxExDnRcK5AcQdEma,minbias,0,test,15.266343,17.306779861450195,0.1336558944787396,3,60mm,1.6186923
SubNetW4CleanAuxExDnRcK5AcQdEma,minbias,0,test,30.453926,29.919343948364258,-0.01755380033905718,3,60mm,3.3447008
SubNetW4CleanAuxExDnRcK5AcQdEma,minbias,0,test,55.734333,56.18090057373047,0.00801243167462462,1,30mm,2.7505262
SubNetW4CleanAuxExDnRcK5AcQdEma,minbias,0,test,14.975159,15.230594635009766,0.017057311302490774,3,60mm,1.963012
SubNetW4CleanAuxExDnRcK5AcQdEma,minbias,0,test,58.107,58.163818359375,0.0009778497821846255,1,30mm,2.2963982
SubNetW4CleanAuxExDnRcK5AcQdEma,minbias,0,test,71.88222,72.87095642089844,0.013754987663645357,2,40mm,4.387971
SubNetW4CleanAuxExDnRcK5AcQdEma,minbias,0,test,26.813265,29.132280349731445,0.08648762156266465,3,60mm,3.92586
SubNetW4CleanAuxExDnRcK5AcQdEma,minbias,0,test,22.757706,22.147268295288086,-0.026823327515724693,1,30mm,1.3950022
SubNetW4CleanAuxExDnRcK5AcQdEma,minbias,0,test,99.93475,100.82603454589844,0.008918630380784442,1,30mm,4.3524604
SubNetW4CleanAuxExDnRcK5AcQdEma,minbias,0,test,23.03989,22.777563095092773,-0.011385783131772076,3,60mm,4.8063517
SubNetW4CleanAuxExDnRcK5AcQdEma,minbias,0,test,29.063936,28.42767906188965,-0.021891638025858362,3,60mm,3.192875
SubNetW4CleanAuxExDnRcK5AcQdEma,minbias,0,test,59.128777,58.62150573730469,-0.008579085220151828,1,30mm,3.1592574
SubNetW4CleanAuxExDnRcK5AcQdEma,minbias,0,test,15.641505,16.68063735961914,0.06643427868279028,2,40mm,2.396572
SubNetW4CleanAuxExDnRcK5AcQdEma,minbias,0,test,12.751031,12.078948974609375,-0.052708047799527646,3,60mm,2.9856029
SubNetW4CleanAuxExDnRcK5AcQdEma,minbias,0,test,49.617558,48.965423583984375,-0.013143209262436284,0,15mm,2.5303743
SubNetW4CleanAuxExDnRcK5AcQdEma,minbias,0,test,15.418678,13.431672096252441,-0.1288700724458759,1,30mm,1.3798735
SubNetW4CleanAuxExDnRcK5AcQdEma,minbias,0,test,2.961124,3.1423988342285156,0.06121827197002472,3,60mm,0.6732576
SubNetW4CleanAuxExDnRcK5AcQdEma,minbias,0,test,46.262768,45.815399169921875,-0.009670165517117413,2,40mm,3.3976228
SubNetW4CleanAuxExDnRcK5AcQdEma,minbias,0,test,6.6554236,6.4140448570251465,-0.03626798190355174,4,120mm,1.5370184
SubNetW4CleanAuxExDnRcK5AcQdEma,minbias,0,test,20.503857,20.500595092773438,-0.00015907086244126845,3,60mm,2.6967118
SubNetW4CleanAuxExDnRcK5AcQdEma,minbias,0,test,70.79909,66.6580581665039,-0.05848986904643627,0,15mm,1.4997408
SubNetW4CleanAuxExDnRcK5AcQdEma,minbias,0,test,13.82021,17.928987503051758,0.29730206056070907,2,40mm,1.9558765
SubNetW4CleanAuxExDnRcK5AcQdEma,minbias,0,test,22.583805,22.946285247802734,0.016050446867669654,3,60mm,3.3041627
SubNetW4CleanAuxExDnRcK5AcQdEma,minbias,0,test,71.80004,72.1851577758789,0.005363737551103975,1,30mm,3.1864688
SubNetW4CleanAuxExDnRcK5AcQdEma,minbias,0,test,22.435568,21.121719360351562,-0.0585609646221501,3,60mm,4.352365
SubNetW4CleanAuxExDnRcK5AcQdEma,minbias,0,test,17.908932,16.856624603271484,-0.05875878833216641,2,40mm,2.3426323
SubNetW4CleanAuxExDnRcK5AcQdEma,minbias,0,test,19.540037,20.24504852294922,0.03608034939749283,1,30mm,1.3357769
SubNetW4CleanAuxExDnRcK5AcQdEma,minbias,0,test,92.57692,90.54913330078125,-0.02190379918251173,1,30mm,4.691338
SubNetW4CleanAuxExDnRcK5AcQdEma,minbias,0,test,44.359184,43.64883041381836,-0.01601368156529981,2,40mm,3.95079
SubNetW4CleanAuxExDnRcK5AcQdEma,minbias,0,test,53.81173,55.92518997192383,0.039275090451710515,1,30mm,2.6769266
SubNetW4CleanAuxExDnRcK5AcQdEma,minbias,0,test,14.579654,14.35179615020752,-0.01562846373351434,3,60mm,2.3293142
SubNetW4CleanAuxExDnRcK5AcQdEma,minbias,0,test,72.78444,67.46644592285156,-0.07306497420021507,1,30mm,3.153861
SubNetW4CleanAuxExDnRcK5AcQdEma,minbias,0,test,85.66724,87.76036071777344,0.024433196159513004,0,15mm,3.036645
SubNetW4CleanAuxExDnRcK5AcQdEma,minbias,0,test,7.018436,6.349118232727051,-0.09536565220619964,2,40mm,0.6376445
SubNetW4CleanAuxExDnRcK5AcQdEma,minbias,0,test,33.430866,33.44306564331055,0.000364914321015819,3,60mm,4.8297677
SubNetW4CleanAuxExDnRcK5AcQdEma,minbias,0,test,80.75135,81.18866729736328,0.005415598529927568,0,15mm,3.394275
SubNetW4CleanAuxExDnRcK5AcQdEma,minbias,0,test,38.33077,41.85390853881836,0.09191414844139456,0,15mm,0.8621497
SubNetW4CleanAuxExDnRcK5AcQdEma,minbias,0,test,28.649324,33.30713653564453,0.1625801729463412,1,30mm,1.6921821
SubNetW4CleanAuxExDnRcK5AcQdEma,minbias,0,test,8.246645,8.335765838623047,0.010806923925037681,3,60mm,1.8829604
SubNetW4CleanAuxExDnRcK5AcQdEma,minbias,0,test,33.708385,33.465171813964844,-0.007215227018177339,2,40mm,3.4800322
SubNetW4CleanAuxExDnRcK5AcQdEma,minbias,0,test,97.61466,92.2096176147461,-0.05537123661021581,0,15mm,2.9497151
SubNetW4CleanAuxExDnRcK5AcQdEma,minbias,0,test,54.805916,51.701393127441406,-0.05664575909223346,1,30mm,2.1980703
SubNetW4CleanAuxExDnRcK5AcQdEma,minbias,0,test,5.3039856,5.135430335998535,-0.03177898142128066,2,40mm,0.6346501
SubNetW4CleanAuxExDnRcK5AcQdEma,minbias,0,test,96.14721,93.59541320800781,-0.026540509928141942,1,30mm,4.7014503
SubNetW4CleanAuxExDnRcK5AcQdEma,minbias,0,test,44.67958,44.396087646484375,-0.006345024676234323,2,40mm,4.4236307
SubNetW4CleanAuxExDnRcK5AcQdEma,minbias,0,test,23.342897,23.339210510253906,-0.00015794547016390048,3,60mm,2.8537753
SubNetW4CleanAuxExDnRcK5AcQdEma,minbias,0,test,15.234332,15.961936950683594,0.04776086421016679,3,60mm,3.3446498
SubNetW4CleanAuxExDnRcK5AcQdEma,minbias,0,test,35.49892,37.199546813964844,0.047906425101944095,1,30mm,1.7718091
SubNetW4CleanAuxExDnRcK5AcQdEma,minbias,0,test,2.789926,2.7973711490631104,0.0026685642667905185,4,120mm,0.55173445
SubNetW4CleanAuxExDnRcK5AcQdEma,minbias,0,test,22.582373,22.16437339782715,-0.018509980052648478,3,60mm,3.265813
SubNetW4CleanAuxExDnRcK5AcQdEma,minbias,0,test,34.527157,34.14163589477539,-0.011165730701737764,2,40mm,2.5189369
SubNetW4CleanAuxExDnRcK5AcQdEma,minbias,0,test,6.4214864,6.239408016204834,-0.02835455076928628,3,60mm,0.7251835
SubNetW4CleanAuxExDnRcK5AcQdEma,minbias,0,test,74.19028,74.77578735351562,0.00789200791257505,1,30mm,4.2826777
SubNetW4CleanAuxExDnRcK5AcQdEma,minbias,0,test,9.126341,9.220206260681152,0.010285107248301895,3,60mm,1.2991376
SubNetW4CleanAuxExDnRcK5AcQdEma,minbias,0,test,53.083164,52.0216064453125,-0.01999801227888487,2,40mm,4.3450575
SubNetW4CleanAuxExDnRcK5AcQdEma,minbias,0,test,81.03824,86.12088012695312,0.06271905330185601,1,30mm,3.9120898
SubNetW4CleanAuxExDnRcK5AcQdEma,minbias,0,test,12.017363,12.270371437072754,0.02105360810048751,3,60mm,2.6043458
SubNetW4CleanAuxExDnRcK5AcQdEma,minbias,0,test,56.386864,56.35038375854492,-0.0006469583082286956,2,40mm,4.7244306
SubNetW4CleanAuxExDnRcK5AcQdEma,minbias,0,test,20.286753,20.07615852355957,-0.010380871712293849,4,120mm,4.7240787
SubNetW4CleanAuxExDnRcK5AcQdEma,minbias,0,test,6.2581596,6.811182022094727,0.08836821312995302,3,60mm,0.748732
SubNetW4CleanAuxExDnRcK5AcQdEma,minbias,0,test,8.166262,7.9571404457092285,-0.02560795081505829,2,40mm,1.0173837
SubNetW4CleanAuxExDnRcK5AcQdEma,minbias,0,test,24.808676,24.06243324279785,-0.030079901492216732,3,60mm,3.5085177
SubNetW4CleanAuxExDnRcK5AcQdEma,minbias,0,test,12.905649,12.397004127502441,-0.03941258981859597,2,40mm,1.3286905
SubNetW4CleanAuxExDnRcK5AcQdEma,minbias,0,test,16.223085,16.652156829833984,0.026448201172666996,4,120mm,3.8841019
SubNetW4CleanAuxExDnRcK5AcQdEma,minbias,0,test,28.934883,28.66282081604004,-0.009402571302233653,2,40mm,3.2862551
SubNetW4CleanAuxExDnRcK5AcQdEma,minbias,0,test,20.951174,19.922569274902344,-0.049095316478778295,2,40mm,1.6775904
SubNetW4CleanAuxExDnRcK5AcQdEma,minbias,0,test,54.724155,55.83448791503906,0.020289623117429212,1,30mm,2.7153711
SubNetW4CleanAuxExDnRcK5AcQdEma,minbias,0,test,35.669785,40.33550262451172,0.1308030911319249,0,15mm,0.9499604
SubNetW4CleanAuxExDnRcK5AcQdEma,minbias,0,test,10.02618,10.195817947387695,0.016919472374379962,3,60mm,1.5279105
SubNetW4CleanAuxExDnRcK5AcQdEma,minbias,0,test,25.440779,27.2352294921875,0.07053442737621252,1,30mm,1.97301
SubNetW4CleanAuxExDnRcK5AcQdEma,minbias,0,test,55.381397,54.64088821411133,-0.01337107891836431,2,40mm,4.029186
SubNetW4CleanAuxExDnRcK5AcQdEma,minbias,0,test,21.959461,21.15053367614746,-0.03683731254584999,3,60mm,4.7422895
SubNetW4CleanAuxExDnRcK5AcQdEma,minbias,0,test,7.0836053,7.2697834968566895,0.026282973117446762,3,60mm,0.7251296
SubNetW4CleanAuxExDnRcK5AcQdEma,minbias,0,test,7.4436445,7.447082042694092,0.00046180591544620064,4,120mm,1.6735555
SubNetW4CleanAuxExDnRcK5AcQdEma,minbias,0,test,19.524612,18.987241744995117,-0.027522732334816946,2,40mm,1.6740876
SubNetW4CleanAuxExDnRcK5AcQdEma,minbias,0,test,78.66554,76.57879638671875,-0.026526813987207687,1,30mm,4.394499
SubNetW4CleanAuxExDnRcK5AcQdEma,minbias,0,test,13.725719,13.704848289489746,-0.0015205878633673953,2,40mm,0.84621394
SubNetW4CleanAuxExDnRcK5AcQdEma,minbias,0,test,7.6246543,7.526814937591553,-0.012831972665016456,3,60mm,1.1335713
SubNetW4CleanAuxExDnRcK5AcQdEma,minbias,0,test,42.479618,41.73289108276367,-0.017578477011527815,2,40mm,3.7737374
SubNetW4CleanAuxExDnRcK5AcQdEma,minbias,0,test,15.222632,16.60824966430664,0.09102349836835244,0,15mm,0.6025529
SubNetW4CleanAuxExDnRcK5AcQdEma,minbias,0,test,8.040444,8.34313678741455,0.03764622939320361,2,40mm,1.3415701
SubNetW4CleanAuxExDnRcK5AcQdEma,minbias,0,test,33.76336,34.00001525878906,0.007009260792903538,2,40mm,3.8134854
SubNetW4CleanAuxExDnRcK5AcQdEma,minbias,0,test,27.352049,27.592750549316406,0.008800133274283084,2,40mm,3.3362124
SubNetW4CleanAuxExDnRcK5AcQdEma,minbias,0,test,65.24944,67.20569610595703,0.029981145588213742,0,15mm,2.894872
SubNetW4CleanAuxExDnRcK5AcQdEma,minbias,0,test,14.0365095,13.799796104431152,-0.016864122037617446,4,120mm,3.1978884
SubNetW4CleanAuxExDnRcK5AcQdEma,minbias,0,test,82.79473,81.63911437988281,-0.013957612330402158,0,15mm,2.9858408
SubNetW4CleanAuxExDnRcK5AcQdEma,minbias,0,test,61.844227,65.61526489257812,0.06097639582995229,1,30mm,4.0193396
SubNetW4CleanAuxExDnRcK5AcQdEma,minbias,0,test,22.561949,22.53960418701172,-0.0009903661006855913,3,60mm,4.6199694
SubNetW4CleanAuxExDnRcK5AcQdEma,minbias,0,test,16.905558,16.434192657470703,-0.02788224944860207,2,40mm,1.6541996
SubNetW4CleanAuxExDnRcK5AcQdEma,minbias,0,test,13.808373,14.017464637756348,0.015142347305559634,2,40mm,0.97546905
SubNetW4CleanAuxExDnRcK5AcQdEma,minbias,0,test,6.3735657,6.113350868225098,-0.040827194528104016,2,40mm,0.57837546
SubNetW4CleanAuxExDnRcK5AcQdEma,minbias,0,test,95.919174,94.67357635498047,-0.012985910792265964,1,30mm,4.5427976
SubNetW4CleanAuxExDnRcK5AcQdEma,minbias,0,test,9.386565,10.496696472167969,0.11826810330314563,3,60mm,1.7042097
SubNetW4CleanAuxExDnRcK5AcQdEma,minbias,0,test,8.589716,8.686785697937012,0.011300692685775493,2,40mm,0.8242048
SubNetW4CleanAuxExDnRcK5AcQdEma,minbias,0,test,45.57768,51.917030334472656,0.13908895401415222,0,15mm,1.8736209
SubNetW4CleanAuxExDnRcK5AcQdEma,minbias,0,test,11.185118,11.674034118652344,0.04371133226004531,3,60mm,1.8097484
SubNetW4CleanAuxExDnRcK5AcQdEma,minbias,0,test,49.755264,48.68204879760742,-0.0215698881334756,2,40mm,4.638976
SubNetW4CleanAuxExDnRcK5AcQdEma,minbias,0,test,89.169334,89.69402313232422,0.005884183437784518,0,15mm,3.8821816
SubNetW4CleanAuxExDnRcK5AcQdEma,minbias,0,test,10.315663,10.025516510009766,-0.028126822114983296,2,40mm,1.1053405
SubNetW4CleanAuxExDnRcK5AcQdEma,minbias,0,test,7.38664,7.451151371002197,0.008733510568490255,3,60mm,0.8835645
SubNetW4CleanAuxExDnRcK5AcQdEma,minbias,0,test,17.688572,17.180728912353516,-0.02871023277570417,2,40mm,1.2708572
SubNetW4CleanAuxExDnRcK5AcQdEma,minbias,0,test,10.264967,9.194344520568848,-0.10429867410507154,3,60mm,1.5196184
SubNetW4CleanAuxExDnRcK5AcQdEma,minbias,0,test,27.488213,27.62331771850586,0.004915020670647641,3,60mm,4.1207743
SubNetW4CleanAuxExDnRcK5AcQdEma,minbias,0,test,41.976116,42.232025146484375,0.006096537492046972,2,40mm,3.8170433
SubNetW4CleanAuxExDnRcK5AcQdEma,minbias,0,test,10.536233,11.089882850646973,0.05254723439205189,1,30mm,0.94946367
SubNetW4CleanAuxExDnRcK5AcQdEma,minbias,0,test,99.24316,91.80388641357422,-0.07496003036285592,0,15mm,2.7823892
SubNetW4CleanAuxExDnRcK5AcQdEma,minbias,0,test,14.939893,14.725235939025879,-0.014368030156240885,3,60mm,1.7912674
SubNetW4CleanAuxExDnRcK5AcQdEma,minbias,0,test,20.056677,19.592456817626953,-0.023145411881061007,2,40mm,1.8699608
SubNetW4CleanAuxExDnRcK5AcQdEma,minbias,0,test,57.344246,56.42400360107422,-0.01604768351133712,2,40mm,4.4302187
SubNetW4CleanAuxExDnRcK5AcQdEma,minbias,0,test,40.72547,39.246944427490234,-0.03630472563628606,2,40mm,3.7954586
SubNetW4CleanAuxExDnRcK5AcQdEma,minbias,0,test,3.0968816,3.2835543155670166,0.06027763084017934,4,120mm,0.6986106
SubNetW4CleanAuxExDnRcK5AcQdEma,minbias,0,test,82.45324,85.19143676757812,0.03320909336281708,0,15mm,1.8961011
SubNetW4CleanAuxExDnRcK5AcQdEma,minbias,0,test,10.756006,10.47436237335205,-0.026184799560934113,3,60mm,2.1753683
SubNetW4CleanAuxExDnRcK5AcQdEma,minbias,0,test,7.1805434,12.339619636535645,0.7184799130282971,2,40mm,0.83963823
SubNetW4CleanAuxExDnRcK5AcQdEma,minbias,0,test,28.908945,28.285734176635742,-0.021557718733070552,3,60mm,4.513963
SubNetW4CleanAuxExDnRcK5AcQdEma,minbias,0,test,12.901244,12.643364906311035,-0.019988712246178042,3,60mm,2.6869502
SubNetW4CleanAuxExDnRcK5AcQdEma,minbias,0,test,39.769997,39.0526008605957,-0.018038618129875394,1,30mm,3.314875
SubNetW4CleanAuxExDnRcK5AcQdEma,minbias,0,test,22.515158,22.263702392578125,-0.011168267633829276,3,60mm,2.6812866
SubNetW4CleanAuxExDnRcK5AcQdEma,minbias,0,test,22.342361,23.093074798583984,0.03360044774417115,2,40mm,2.0235236
SubNetW4CleanAuxExDnRcK5AcQdEma,minbias,0,test,46.987347,43.26036834716797,-0.07931876489705536,2,40mm,4.982552
SubNetW4CleanAuxExDnRcK5AcQdEma,minbias,0,test,25.12155,24.37963104248047,-0.02953315282971347,1,30mm,2.1511486
SubNetW4CleanAuxExDnRcK5AcQdEma,minbias,0,test,39.7464,39.260433197021484,-0.012226660575394899,3,60mm,4.8253894
SubNetW4CleanAuxExDnRcK5AcQdEma,minbias,0,test,16.260038,15.8615083694458,-0.02450978264605408,3,60mm,1.6746429
SubNetW4CleanAuxExDnRcK5AcQdEma,minbias,0,test,25.584135,25.1554012298584,-0.01675780028337215,3,60mm,4.611871
SubNetW4CleanAuxExDnRcK5AcQdEma,minbias,0,test,73.62898,66.45899200439453,-0.0973800029800953,1,30mm,3.3630111
SubNetW4CleanAuxExDnRcK5AcQdEma,minbias,0,test,59.435757,57.540977478027344,-0.0318794495276119,0,15mm,2.0483575
SubNetW4CleanAuxExDnRcK5AcQdEma,minbias,0,test,3.3278487,3.2065978050231934,-0.03643521078113643,3,60mm,0.54456544
SubNetW4CleanAuxExDnRcK5AcQdEma,minbias,0,test,79.49678,75.70135498046875,-0.047743133698701756,1,30mm,3.4119496
SubNetW4CleanAuxExDnRcK5AcQdEma,minbias,0,test,17.419142,16.830739974975586,-0.03377903470921406,3,60mm,2.1245644
SubNetW4CleanAuxExDnRcK5AcQdEma,minbias,0,test,33.886524,33.756656646728516,-0.003832424740370821,3,60mm,4.405936
SubNetW4CleanAuxExDnRcK5AcQdEma,minbias,0,test,20.121298,19.684362411499023,-0.02171507167973774,3,60mm,4.691203
SubNetW4CleanAuxExDnRcK5AcQdEma,minbias,0,test,22.727459,25.367143630981445,0.11614517410341652,2,40mm,1.4813033
SubNetW4CleanAuxExDnRcK5AcQdEma,minbias,0,test,42.638214,41.72562026977539,-0.021403191024135237,2,40mm,4.611827
SubNetW4CleanAuxExDnRcK5AcQdEma,minbias,0,test,32.893223,32.77812576293945,-0.003499111247545872,2,40mm,4.2762394
SubNetW4CleanAuxExDnRcK5AcQdEma,minbias,0,test,34.81583,32.89601135253906,-0.055142125448447654,1,30mm,2.0728679
SubNetW4CleanAuxExDnRcK5AcQdEma,minbias,0,test,35.06486,34.23617935180664,-0.023632831134493215,1,30mm,2.0622103
SubNetW4CleanAuxExDnRcK5AcQdEma,minbias,0,test,18.255543,17.710554122924805,-0.02985332397466478,4,120mm,4.10199
SubNetW4CleanAuxExDnRcK5AcQdEma,minbias,0,test,22.508162,23.08732795715332,0.025731395751747765,3,60mm,2.2364886
SubNetW4CleanAuxExDnRcK5AcQdEma,minbias,0,test,13.625751,13.199305534362793,-0.031296992119409506,3,60mm,2.4816399
SubNetW4CleanAuxExDnRcK5AcQdEma,minbias,0,test,68.87358,69.72027587890625,0.012293464850004376,0,15mm,3.1659021
SubNetW4CleanAuxExDnRcK5AcQdEma,minbias,0,test,44.65229,46.53275680541992,0.04211354998107697,1,30mm,3.2980096
SubNetW4CleanAuxExDnRcK5AcQdEma,minbias,0,test,5.6834564,7.117490768432617,0.2523172945007799,4,120mm,1.2506344
SubNetW4CleanAuxExDnRcK5AcQdEma,minbias,0,test,56.847874,50.94844436645508,-0.10377572525744128,1,30mm,4.107889
SubNetW4CleanAuxExDnRcK5AcQdEma,minbias,0,test,5.6047597,5.5794172286987305,-0.0045215969701633,3,60mm,1.0975015
SubNetW4CleanAuxExDnRcK5AcQdEma,minbias,0,test,42.719147,39.65013122558594,-0.07184168547264258,0,15mm,1.4205127
SubNetW4CleanAuxExDnRcK5AcQdEma,minbias,0,test,11.200962,10.933472633361816,-0.023880933771304735,3,60mm,1.7368782
SubNetW4CleanAuxExDnRcK5AcQdEma,minbias,0,test,66.77549,72.36602783203125,0.08372140797543803,1,30mm,2.9738312
SubNetW4CleanAuxExDnRcK5AcQdEma,minbias,0,test,30.60869,31.478778839111328,0.028426194320219755,2,40mm,3.3704991
SubNetW4CleanAuxExDnRcK5AcQdEma,minbias,0,test,19.51934,18.726015090942383,-0.0406430444501511,4,120mm,4.256439
SubNetW4CleanAuxExDnRcK5AcQdEma,minbias,0,test,79.84456,79.34368896484375,-0.0062730605445417975,1,30mm,4.7158384
SubNetW4CleanAuxExDnRcK5AcQdEma,minbias,0,test,54.66697,55.285400390625,0.011312701238704426,0,15mm,2.38304
SubNetW4CleanAuxExDnRcK5AcQdEma,minbias,0,test,22.70572,23.258148193359375,0.024329872381805062,3,60mm,4.7014346
SubNetW4CleanAuxExDnRcK5AcQdEma,minbias,0,test,30.522223,25.779727935791016,-0.15537841584733825,2,40mm,3.4794633
SubNetW4CleanAuxExDnRcK5AcQdEma,minbias,0,test,98.2704,97.01094818115234,-0.012816197013500563,1,30mm,4.9929304
SubNetW4CleanAuxExDnRcK5AcQdEma,minbias,0,test,23.668406,24.18151092529297,0.021678916720612396,3,60mm,3.5670679
SubNetW4CleanAuxExDnRcK5AcQdEma,minbias,0,test,10.246789,10.70015811920166,0.044244996317663654,1,30mm,0.64994514
SubNetW4CleanAuxExDnRcK5AcQdEma,minbias,0,test,71.11478,71.8697280883789,0.010615957934831277,0,15mm,2.7074704
SubNetW4CleanAuxExDnRcK5AcQdEma,minbias,0,test,23.023531,23.12201499938965,0.004277538466075814,3,60mm,3.7051816
SubNetW4CleanAuxExDnRcK5AcQdEma,minbias,0,test,8.76874,8.838784217834473,0.007987980018902219,3,60mm,1.4117912
SubNetW4CleanAuxExDnRcK5AcQdEma,minbias,0,test,16.559055,27.361589431762695,0.6523641529771655,0,15mm,0.9044769
SubNetW4CleanAuxExDnRcK5AcQdEma,minbias,0,test,10.9571295,11.360078811645508,0.03677508182989464,3,60mm,1.6307273
SubNetW4CleanAuxExDnRcK5AcQdEma,minbias,0,test,33.653362,29.466114044189453,-0.12442287923172302,1,30mm,2.1320477
SubNetW4CleanAuxExDnRcK5AcQdEma,minbias,0,test,99.15963,97.93157958984375,-0.012384578624797249,0,15mm,2.412139
SubNetW4CleanAuxExDnRcK5AcQdEma,minbias,0,test,3.6662169,3.730088949203491,0.017421800600212256,3,60mm,0.8700448
SubNetW4CleanAuxExDnRcK5AcQdEma,minbias,0,test,10.564537,10.263801574707031,-0.028466507548484676,3,60mm,1.8765607
SubNetW4CleanAuxExDnRcK5AcQdEma,minbias,0,test,36.74963,33.07583236694336,-0.09996828838778893,0,15mm,1.0302751
SubNetW4CleanAuxExDnRcK5AcQdEma,minbias,0,test,53.605625,54.12007522583008,0.009596941958568861,1,30mm,3.0216632
SubNetW4CleanAuxExDnRcK5AcQdEma,minbias,0,test,30.554644,29.787248611450195,-0.025115495660801512,3,60mm,4.1778746
SubNetW4CleanAuxExDnRcK5AcQdEma,minbias,0,test,20.3047,20.205968856811523,-0.004862519046760605,4,120mm,4.626175
SubNetW4CleanAuxExDnRcK5AcQdEma,minbias,0,test,5.8835597,5.916685104370117,0.0056301630663604385,3,60mm,0.69479895
SubNetW4CleanAuxExDnRcK5AcQdEma,minbias,0,test,33.382744,33.344886779785156,-0.0011340306791637333,3,60mm,3.8914742
SubNetW4CleanAuxExDnRcK5AcQdEma,minbias,0,test,71.53873,74.71612548828125,0.044415085695174605,0,15mm,2.7562768
SubNetW4CleanAuxExDnRcK5AcQdEma,minbias,0,test,12.516729,11.439398765563965,-0.08607125381969416,2,40mm,1.1588836
SubNetW4CleanAuxExDnRcK5AcQdEma,minbias,0,test,19.404041,19.107179641723633,-0.01529895984648455,3,60mm,3.083686
SubNetW4CleanAuxExDnRcK5AcQdEma,minbias,0,test,14.903767,15.046320915222168,0.009564983581750619,3,60mm,2.2106624
SubNetW4CleanAuxExDnRcK5AcQdEma,minbias,0,test,21.368486,21.044368743896484,-0.01516802146807339,3,60mm,2.1142743
SubNetW4CleanAuxExDnRcK5AcQdEma,minbias,0,test,6.5870175,6.537632942199707,-0.0074972616502836376,3,60mm,0.94423604
SubNetW4CleanAuxExDnRcK5AcQdEma,minbias,0,test,47.044727,45.59941482543945,-0.030722093253975458,0,15mm,1.8148532
SubNetW4CleanAuxExDnRcK5AcQdEma,minbias,0,test,23.307917,24.840970993041992,0.06577397608735347,1,30mm,1.2404133
SubNetW4CleanAuxExDnRcK5AcQdEma,minbias,0,test,87.13039,85.90351104736328,-0.014080912027770731,1,30mm,3.945515
SubNetW4CleanAuxExDnRcK5AcQdEma,minbias,0,test,18.376577,17.646665573120117,-0.03971968170199569,4,120mm,4.095141
SubNetW4CleanAuxExDnRcK5AcQdEma,minbias,0,test,7.170938,7.142421722412109,-0.003976647477977768,3,60mm,1.2476432
SubNetW4CleanAuxExDnRcK5AcQdEma,minbias,0,test,19.111458,18.533117294311523,-0.030261455494401734,3,60mm,4.3263135
SubNetW4CleanAuxExDnRcK5AcQdEma,minbias,0,test,9.56049,9.387250900268555,-0.018120280501551123,3,60mm,1.2658015
SubNetW4CleanAuxExDnRcK5AcQdEma,minbias,0,test,41.942104,42.01432418823242,0.0017218937812002455,1,30mm,2.1229947
SubNetW4CleanAuxExDnRcK5AcQdEma,minbias,0,test,20.40125,19.829862594604492,-0.028007510379220335,3,60mm,4.544128
SubNetW4CleanAuxExDnRcK5AcQdEma,minbias,0,test,22.062462,21.614377975463867,-0.020309785940864633,4,120mm,4.7392983
SubNetW4CleanAuxExDnRcK5AcQdEma,minbias,0,test,46.88641,47.484134674072266,0.012748361787914497,1,30mm,3.3168585
SubNetW4CleanAuxExDnRcK5AcQdEma,minbias,0,test,29.593739,29.22249984741211,-0.012544501864634405,2,40mm,2.1347976
SubNetW4CleanAuxExDnRcK5AcQdEma,minbias,0,test,11.739311,11.845831871032715,0.009073841794507764,3,60mm,1.8140914
SubNetW4CleanAuxExDnRcK5AcQdEma,minbias,0,test,35.3627,35.89240264892578,0.014979094121758907,3,60mm,4.4769917
SubNetW4CleanAuxExDnRcK5AcQdEma,minbias,0,test,21.69282,21.739322662353516,0.0021437078205637228,3,60mm,3.465052
SubNetW4CleanAuxExDnRcK5AcQdEma,minbias,0,test,17.799921,16.972501754760742,-0.04648443548391412,3,60mm,4.286995
SubNetW4CleanAuxExDnRcK5AcQdEma,minbias,0,test,39.469162,36.86683654785156,-0.06593313129602718,2,40mm,2.8203127
SubNetW4CleanAuxExDnRcK5AcQdEma,minbias,0,test,81.12322,85.60389709472656,0.05523294827049008,1,30mm,2.9591873
SubNetW4CleanAuxExDnRcK5AcQdEma,minbias,0,test,20.324606,19.722578048706055,-0.029620642820389453,3,60mm,3.9556987
SubNetW4CleanAuxExDnRcK5AcQdEma,minbias,0,test,24.690868,26.284534454345703,0.06454475607267174,2,40mm,3.3008852
SubNetW4CleanAuxExDnRcK5AcQdEma,minbias,0,test,4.051451,4.250495433807373,0.049129118794554394,3,60mm,0.65995485
SubNetW4CleanAuxExDnRcK5AcQdEma,minbias,0,test,67.97768,67.09864807128906,-0.012931132203587659,1,30mm,4.34095
SubNetW4CleanAuxExDnRcK5AcQdEma,minbias,0,test,9.747413,9.06598949432373,-0.06990810890192378,3,60mm,1.2362363
SubNetW4CleanAuxExDnRcK5AcQdEma,minbias,0,test,51.759624,51.88310241699219,0.002385603393159519,1,30mm,3.50396
SubNetW4CleanAuxExDnRcK5AcQdEma,minbias,0,test,7.3668723,7.0648674964904785,-0.040994984223064024,3,60mm,1.6526527
SubNetW4CleanAuxExDnRcK5AcQdEma,minbias,0,test,2.769516,2.8211376667022705,0.018639240811446633,4,120mm,0.60185504
SubNetW4CleanAuxExDnRcK5AcQdEma,minbias,0,test,91.661446,90.80718231201172,-0.009319766886802472,1,30mm,4.796039
SubNetW4CleanAuxExDnRcK5AcQdEma,minbias,0,test,21.845774,22.498188018798828,0.029864555540644933,1,30mm,1.1957806
SubNetW4CleanAuxExDnRcK5AcQdEma,minbias,0,test,74.27769,74.03413391113281,-0.0032789545719502655,1,30mm,3.7467363
SubNetW4CleanAuxExDnRcK5AcQdEma,minbias,0,test,19.416016,18.92841148376465,-0.02511350169122828,4,120mm,4.2984066
SubNetW4CleanAuxExDnRcK5AcQdEma,minbias,0,test,12.33897,12.459210395812988,0.009744752575831184,2,40mm,0.8258632
SubNetW4CleanAuxExDnRcK5AcQdEma,minbias,0,test,70.33676,70.10470581054688,-0.003299208823344335,0,15mm,2.203983
SubNetW4CleanAuxExDnRcK5AcQdEma,minbias,0,test,3.4631727,4.020063877105713,0.16080376444372457,3,60mm,0.81823015
SubNetW4CleanAuxExDnRcK5AcQdEma,minbias,0,test,19.907068,15.162081718444824,-0.23835687274079798,0,15mm,0.7459513
SubNetW4CleanAuxExDnRcK5AcQdEma,minbias,0,test,24.027649,25.698259353637695,0.06952866811966407,1,30mm,1.2546966
SubNetW4CleanAuxExDnRcK5AcQdEma,minbias,0,test,38.328434,38.798927307128906,0.012275307589328266,2,40mm,3.7138615
SubNetW4CleanAuxExDnRcK5AcQdEma,minbias,0,test,34.420155,32.02971649169922,-0.06944878980325586,2,40mm,3.5892158
SubNetW4CleanAuxExDnRcK5AcQdEma,minbias,0,test,38.92803,38.708534240722656,-0.0056384532338815685,2,40mm,4.5599003
SubNetW4CleanAuxExDnRcK5AcQdEma,minbias,0,test,42.017876,42.931053161621094,0.021733071356966116,2,40mm,3.7933598
SubNetW4CleanAuxExDnRcK5AcQdEma,minbias,0,test,16.760975,15.942133903503418,-0.04885401870686101,4,120mm,3.4635804
SubNetW4CleanAuxExDnRcK5AcQdEma,minbias,0,test,7.0269313,8.729948997497559,0.2423558225290694,2,40mm,0.5240978
SubNetW4CleanAuxExDnRcK5AcQdEma,minbias,0,test,16.88344,16.32298469543457,-0.03319556451043493,3,60mm,2.5260801
SubNetW4CleanAuxExDnRcK5AcQdEma,minbias,0,test,29.476606,29.527883529663086,0.0017395883366826403,2,40mm,3.098882
SubNetW4CleanAuxExDnRcK5AcQdEma,minbias,0,test,34.565357,33.9407844543457,-0.018069327336711072,2,40mm,3.0514135
SubNetW4CleanAuxExDnRcK5AcQdEma,minbias,0,test,89.90112,90.35639953613281,0.0050641913452007525,0,15mm,2.1180842
SubNetW4CleanAuxExDnRcK5AcQdEma,minbias,0,test,23.637815,23.252824783325195,-0.016287067328124905,2,40mm,2.36807
SubNetW4CleanAuxExDnRcK5AcQdEma,minbias,0,test,26.243666,26.322965621948242,0.003021678742552547,3,60mm,3.9608114
SubNetW4CleanAuxExDnRcK5AcQdEma,minbias,0,test,20.732538,21.559978485107422,0.039910224832589325,3,60mm,2.901794
SubNetW4CleanAuxExDnRcK5AcQdEma,minbias,0,test,27.146135,25.57107162475586,-0.05802165524799663,2,40mm,3.6067278
SubNetW4CleanAuxExDnRcK5AcQdEma,minbias,0,test,37.933193,37.23426818847656,-0.018425156419088262,2,40mm,3.1489756
SubNetW4CleanAuxExDnRcK5AcQdEma,minbias,0,test,33.718197,34.10732650756836,0.01154064199176763,2,40mm,2.4276423
SubNetW4CleanAuxExDnRcK5AcQdEma,minbias,0,test,55.297863,57.1736946105957,0.0339223163792115,1,30mm,2.9628556
SubNetW4CleanAuxExDnRcK5AcQdEma,minbias,0,test,7.280693,8.718758583068848,0.19751767011249144,2,40mm,0.8756702
SubNetW4CleanAuxExDnRcK5AcQdEma,minbias,0,test,34.379227,34.43592071533203,0.0016490781273788002,1,30mm,1.6061966
SubNetW4CleanAuxExDnRcK5AcQdEma,minbias,0,test,17.78477,17.96532440185547,0.010152245611781074,2,40mm,1.8356787
SubNetW4CleanAuxExDnRcK5AcQdEma,minbias,0,test,36.32907,36.523677825927734,0.005356778343305946,2,40mm,4.178577
SubNetW4CleanAuxExDnRcK5AcQdEma,minbias,0,test,44.468163,45.60814666748047,0.025635962131796086,0,15mm,1.9882116
SubNetW4CleanAuxExDnRcK5AcQdEma,minbias,0,test,63.474022,61.40016555786133,-0.03267252162857004,0,15mm,2.1976628
SubNetW4CleanAuxExDnRcK5AcQdEma,minbias,0,test,68.51364,68.39027404785156,-0.0018006240381638339,0,15mm,2.3712368
SubNetW4CleanAuxExDnRcK5AcQdEma,minbias,0,test,22.0249,22.632627487182617,0.027592726356975295,1,30mm,1.4004991
SubNetW4CleanAuxExDnRcK5AcQdEma,minbias,0,test,14.844518,15.102639198303223,0.017388337941249388,1,30mm,0.9014771
SubNetW4CleanAuxExDnRcK5AcQdEma,minbias,0,test,25.522781,27.155513763427734,0.0639715698518708,1,30mm,2.580858
SubNetW4CleanAuxExDnRcK5AcQdEma,minbias,0,test,48.226215,49.00736618041992,0.016197638815292903,1,30mm,2.8029485
SubNetW4CleanAuxExDnRcK5AcQdEma,minbias,0,test,62.4109,62.08061218261719,-0.005292151414831303,2,40mm,4.503121
SubNetW4CleanAuxExDnRcK5AcQdEma,minbias,0,test,25.082607,23.676048278808594,-0.05607706469178764,1,30mm,1.2166568
SubNetW4CleanAuxExDnRcK5AcQdEma,minbias,0,test,20.799595,21.329010009765625,0.025453146260359327,4,120mm,4.774183
SubNetW4CleanAuxExDnRcK5AcQdEma,minbias,0,test,12.854835,12.786561012268066,-0.0053111180864305885,2,40mm,1.384507
SubNetW4CleanAuxExDnRcK5AcQdEma,minbias,0,test,9.735741,9.721933364868164,-0.0014182071228908688,4,120mm,2.1649973
SubNetW4CleanAuxExDnRcK5AcQdEma,minbias,0,test,8.6221485,8.081196784973145,-0.06273978324026452,2,40mm,0.91508526
SubNetW4CleanAuxExDnRcK5AcQdEma,minbias,0,test,19.926817,21.82062530517578,0.09503817747416554,3,60mm,2.6998656
SubNetW4CleanAuxExDnRcK5AcQdEma,minbias,0,test,60.558773,61.1550178527832,0.009845721471442248,0,15mm,2.2755675
SubNetW4CleanAuxExDnRcK5AcQdEma,minbias,0,test,4.3065057,3.9649150371551514,-0.07931967778628268,2,40mm,0.5421786
SubNetW4CleanAuxExDnRcK5AcQdEma,minbias,0,test,11.326823,11.33906364440918,0.001080656914793865,3,60mm,1.2057892
SubNetW4CleanAuxExDnRcK5AcQdEma,minbias,0,test,8.68962,9.180835723876953,0.05652902023952211,1,30mm,0.5699442
SubNetW4CleanAuxExDnRcK5AcQdEma,minbias,0,test,67.16675,69.91905975341797,0.04097729585809562,1,30mm,3.5911977
SubNetW4CleanAuxExDnRcK5AcQdEma,minbias,0,test,20.182865,19.783275604248047,-0.019798454567602652,3,60mm,4.186772
SubNetW4CleanAuxExDnRcK5AcQdEma,minbias,0,test,31.26577,28.663963317871094,-0.08321581857983285,3,60mm,3.9531698
SubNetW4CleanAuxExDnRcK5AcQdEma,minbias,0,test,7.4188924,7.060662269592285,-0.04828619899868525,1,30mm,0.7347539
SubNetW4CleanAuxExDnRcK5AcQdEma,minbias,0,test,24.02427,23.84328842163086,-0.007533244053734123,3,60mm,4.487697
SubNetW4CleanAuxExDnRcK5AcQdEma,minbias,0,test,8.745071,8.343366622924805,-0.04593499233140874,4,120mm,1.9263049
SubNetW4CleanAuxExDnRcK5AcQdEma,minbias,0,test,52.853092,54.146209716796875,0.02446626052562073,1,30mm,4.3480506
SubNetW4CleanAuxExDnRcK5AcQdEma,minbias,0,test,45.901962,45.23381042480469,-0.01455606301510759,2,40mm,4.5872197
SubNetW4CleanAuxExDnRcK5AcQdEma,minbias,0,test,62.092262,60.73540496826172,-0.021852276761101463,2,40mm,4.1039624
SubNetW4CleanAuxExDnRcK5AcQdEma,minbias,0,test,29.259254,33.02811050415039,0.12880902533957017,1,30mm,1.8036265
SubNetW4CleanAuxExDnRcK5AcQdEma,minbias,0,test,64.002426,62.24980926513672,-0.02738360071360746,0,15mm,2.547438
SubNetW4CleanAuxExDnRcK5AcQdEma,minbias,0,test,42.56739,42.545623779296875,-0.0005113459474892501,2,40mm,4.937823
SubNetW4CleanAuxExDnRcK5AcQdEma,minbias,0,test,21.82986,26.50102996826172,0.21398071879280756,0,15mm,0.7580009
SubNetW4CleanAuxExDnRcK5AcQdEma,minbias,0,test,42.290443,39.999324798583984,-0.05417580040601877,2,40mm,4.33274
SubNetW4CleanAuxExDnRcK5AcQdEma,minbias,0,test,62.301517,61.73004913330078,-0.009172623337700414,0,15mm,2.4683166
SubNetW4CleanAuxExDnRcK5AcQdEma,minbias,0,test,18.943684,18.69840431213379,-0.012947815060613488,3,60mm,3.3733792
SubNetW4CleanAuxExDnRcK5AcQdEma,minbias,0,test,21.068928,22.012914657592773,0.04480469548493926,1,30mm,0.9067361
SubNetW4CleanAuxExDnRcK5AcQdEma,minbias,0,test,10.551725,10.22005844116211,-0.03143248466281512,3,60mm,1.7069563
SubNetW4CleanAuxExDnRcK5AcQdEma,minbias,0,test,66.23302,63.89733123779297,-0.03526467367652797,1,30mm,4.507241
SubNetW4CleanAuxExDnRcK5AcQdEma,minbias,0,test,11.475081,11.44682788848877,-0.00246216599300475,3,60mm,1.4079543
SubNetW4CleanAuxExDnRcK5AcQdEma,minbias,0,test,6.2556977,7.278961658477783,0.16357310981070494,3,60mm,1.222504
SubNetW4CleanAuxExDnRcK5AcQdEma,minbias,0,test,11.87621,11.948477745056152,0.006085066789345506,2,40mm,1.3950057
SubNetW4CleanAuxExDnRcK5AcQdEma,minbias,0,test,22.690926,24.129575729370117,0.06340200292857268,3,60mm,2.8100502
SubNetW4CleanAuxExDnRcK5AcQdEma,minbias,0,test,21.673178,21.062877655029297,-0.028159233131218042,2,40mm,2.0746546
SubNetW4CleanAuxExDnRcK5AcQdEma,minbias,0,test,12.391926,11.918068885803223,-0.038239167435490384,3,60mm,1.8947152
SubNetW4CleanAuxExDnRcK5AcQdEma,minbias,0,test,68.4087,65.91681671142578,-0.036426395463541095,1,30mm,3.753019
SubNetW4CleanAuxExDnRcK5AcQdEma,minbias,0,test,14.276353,14.965476036071777,0.04827025216901104,2,40mm,1.7189479
SubNetW4CleanAuxExDnRcK5AcQdEma,minbias,0,test,32.308346,31.77583885192871,-0.01648202437020918,0,15mm,1.6913106
SubNetW4CleanAuxExDnRcK5AcQdEma,minbias,0,test,9.720522,10.409296989440918,0.07085782715600741,3,60mm,2.1826541
SubNetW4CleanAuxExDnRcK5AcQdEma,minbias,0,test,6.678464,6.517940998077393,-0.024035906956526576,4,120mm,1.3567581
SubNetW4CleanAuxExDnRcK5AcQdEma,minbias,0,test,7.800507,7.7301506996154785,-0.00901946096574402,4,120mm,1.7759045
SubNetW4CleanAuxExDnRcK5AcQdEma,minbias,0,test,4.8927755,4.416722297668457,-0.09729717508045599,3,60mm,0.8487757
SubNetW4CleanAuxExDnRcK5AcQdEma,minbias,0,test,21.129915,20.094738006591797,-0.048991073518429684,3,60mm,2.9704351
SubNetW4CleanAuxExDnRcK5AcQdEma,minbias,0,test,19.629614,19.182849884033203,-0.0227596933451657,3,60mm,3.2446296
SubNetW4CleanAuxExDnRcK5AcQdEma,minbias,0,test,38.476295,36.96748352050781,-0.039214064977053154,1,30mm,1.522604
SubNetW4CleanAuxExDnRcK5AcQdEma,minbias,0,test,7.0448523,7.160367488861084,0.016397112086359522,4,120mm,1.5818685
SubNetW4CleanAuxExDnRcK5AcQdEma,minbias,0,test,21.460125,19.396421432495117,-0.09616456287752351,2,40mm,2.3050234
SubNetW4CleanAuxExDnRcK5AcQdEma,minbias,0,test,10.913192,10.789132118225098,-0.011367863724056737,3,60mm,1.7102294
SubNetW4CleanAuxExDnRcK5AcQdEma,minbias,0,test,31.908524,33.21993637084961,0.04109913794134057,0,15mm,0.7847948
SubNetW4CleanAuxExDnRcK5AcQdEma,minbias,0,test,30.034027,29.839401245117188,-0.006480178427178629,3,60mm,4.3573275
SubNetW4CleanAuxExDnRcK5AcQdEma,minbias,0,test,35.77442,37.91049575805664,0.059709534498110006,3,60mm,4.050409
SubNetW4CleanAuxExDnRcK5AcQdEma,minbias,0,test,10.468443,10.166192054748535,-0.02887257107114738,2,40mm,2.031501
SubNetW4CleanAuxExDnRcK5AcQdEma,minbias,0,test,8.609065,8.653489112854004,0.0051601488336603385,3,60mm,1.5889978
SubNetW4CleanAuxExDnRcK5AcQdEma,minbias,0,test,12.6952,16.41853904724121,0.2932871550393852,4,120mm,2.8199778
SubNetW4CleanAuxExDnRcK5AcQdEma,minbias,0,test,7.7756705,7.785433292388916,0.0012555526808111228,2,40mm,0.9834864
SubNetW4CleanAuxExDnRcK5AcQdEma,minbias,0,test,7.4424515,7.673546314239502,0.03105090277058764,3,60mm,1.0911462
SubNetW4CleanAuxExDnRcK5AcQdEma,minbias,0,test,23.813955,24.11981201171875,0.012843591111549646,3,60mm,2.7257392
SubNetW4CleanAuxExDnRcK5AcQdEma,minbias,0,test,27.642958,27.195823669433594,-0.016175331995986197,3,60mm,4.8759384
SubNetW4CleanAuxExDnRcK5AcQdEma,minbias,0,test,27.20321,26.6013240814209,-0.022125577492072335,1,30mm,1.7304095
SubNetW4CleanAuxExDnRcK5AcQdEma,minbias,0,test,10.216501,10.450540542602539,0.022907970276244027,4,120mm,2.178687
SubNetW4CleanAuxExDnRcK5AcQdEma,minbias,0,test,85.24903,84.34431457519531,-0.010612630787431354,0,15mm,2.306201
SubNetW4CleanAuxExDnRcK5AcQdEma,minbias,0,test,44.40371,43.53105926513672,-0.019652640692581214,2,40mm,3.36258
SubNetW4CleanAuxExDnRcK5AcQdEma,minbias,0,test,4.221323,4.225351810455322,0.0009543920559880181,3,60mm,0.7408605
SubNetW4CleanAuxExDnRcK5AcQdEma,minbias,0,test,12.22532,13.918774604797363,0.13852028098215663,1,30mm,0.7032444
SubNetW4CleanAuxExDnRcK5AcQdEma,minbias,0,test,26.995462,27.506479263305664,0.01892973114510954,0,15mm,0.7349245
SubNetW4CleanAuxExDnRcK5AcQdEma,minbias,0,test,60.391155,58.337860107421875,-0.03399993140119251,1,30mm,4.440994
SubNetW4CleanAuxExDnRcK5AcQdEma,minbias,0,test,24.237194,24.51091194152832,0.01129329903275833,3,60mm,3.8952067
SubNetW4CleanAuxExDnRcK5AcQdEma,minbias,0,test,13.397645,15.130071640014648,0.12930829588376613,4,120mm,3.1747758
SubNetW4CleanAuxExDnRcK5AcQdEma,minbias,0,test,27.60419,26.759532928466797,-0.030598900843016863,3,60mm,4.731817
SubNetW4CleanAuxExDnRcK5AcQdEma,minbias,0,test,58.79563,46.28668212890625,-0.21275303930040002,0,15mm,3.3425965
SubNetW4CleanAuxExDnRcK5AcQdEma,minbias,0,test,17.484465,16.525571823120117,-0.0548425611943848,3,60mm,2.9443312
SubNetW4CleanAuxExDnRcK5AcQdEma,minbias,0,test,14.359492,13.732934951782227,-0.04363367011757113,3,60mm,3.3880136
SubNetW4CleanAuxExDnRcK5AcQdEma,minbias,0,test,5.2286224,5.538489818572998,0.05926367524360665,3,60mm,0.5842023
SubNetW4CleanAuxExDnRcK5AcQdEma,minbias,0,test,4.870745,4.626920223236084,-0.05005906687552919,3,60mm,0.8649851
SubNetW4CleanAuxExDnRcK5AcQdEma,minbias,0,test,8.806753,8.16295337677002,-0.07310296657660631,3,60mm,1.6180172
SubNetW4CleanAuxExDnRcK5AcQdEma,minbias,0,test,51.63223,51.13959884643555,-0.009541133819758296,1,30mm,2.3710155
SubNetW4CleanAuxExDnRcK5AcQdEma,minbias,0,test,41.65489,41.75574493408203,0.0024212471927718138,2,40mm,4.8047557
SubNetW4CleanAuxExDnRcK5AcQdEma,minbias,0,test,19.322453,20.03888702392578,0.03707782317410846,3,60mm,2.5081613
SubNetW4CleanAuxExDnRcK5AcQdEma,minbias,0,test,29.260807,36.60856246948242,0.25111253502847575,2,40mm,1.8473101
SubNetW4CleanAuxExDnRcK5AcQdEma,minbias,0,test,26.533169,26.657190322875977,0.004674207258100749,1,30mm,1.6142915
SubNetW4CleanAuxExDnRcK5AcQdEma,minbias,0,test,47.544415,54.364925384521484,0.14345556535039194,1,30mm,2.3906937
SubNetW4CleanAuxExDnRcK5AcQdEma,minbias,0,test,10.1258135,9.60071849822998,-0.05185706677114643,1,30mm,0.73589736
SubNetW4CleanAuxExDnRcK5AcQdEma,minbias,0,test,86.75304,84.59880065917969,-0.024831820611466382,0,15mm,2.843571
SubNetW4CleanAuxExDnRcK5AcQdEma,minbias,0,test,44.97986,48.4719352722168,0.07763645769726568,1,30mm,1.8207452
SubNetW4CleanAuxExDnRcK5AcQdEma,minbias,0,test,55.19551,55.96440887451172,0.013930444672300535,0,15mm,2.3685489
SubNetW4CleanAuxExDnRcK5AcQdEma,minbias,0,test,14.001646,13.280694007873535,-0.051490519888923614,2,40mm,0.87693703
SubNetW4CleanAuxExDnRcK5AcQdEma,minbias,0,test,86.964096,78.27057647705078,-0.09996676772623347,0,15mm,2.5377195
SubNetW4CleanAuxExDnRcK5AcQdEma,minbias,0,test,33.440903,35.88323211669922,0.07303419491755503,0,15mm,0.9049599
SubNetW4CleanAuxExDnRcK5AcQdEma,minbias,0,test,32.364185,32.14273452758789,-0.006842465008273679,2,40mm,2.6840248
SubNetW4CleanAuxExDnRcK5AcQdEma,minbias,0,test,12.324178,13.290972709655762,0.0784470159300159,2,40mm,2.1182728
SubNetW4CleanAuxExDnRcK5AcQdEma,minbias,0,test,23.85988,23.86595344543457,0.000254527597498555,3,60mm,2.7265792
SubNetW4CleanAuxExDnRcK5AcQdEma,minbias,0,test,12.828477,12.899422645568848,0.005530332265234916,2,40mm,0.83737254
SubNetW4CleanAuxExDnRcK5AcQdEma,minbias,0,test,67.85214,66.26697540283203,-0.023362076371144957,2,40mm,4.9330306
SubNetW4CleanAuxExDnRcK5AcQdEma,minbias,0,test,40.770912,40.92946243286133,0.003888808319727488,1,30mm,2.6323693
SubNetW4CleanAuxExDnRcK5AcQdEma,minbias,0,test,23.406097,23.496864318847656,0.0038779171572327353,1,30mm,1.2983174
SubNetW4CleanAuxExDnRcK5AcQdEma,minbias,0,test,31.562029,24.841228485107422,-0.21293942871328775,2,40mm,3.191721
SubNetW4CleanAuxExDnRcK5AcQdEma,minbias,0,test,8.477906,8.64596176147461,0.019822764001017346,3,60mm,1.2945776
SubNetW4CleanAuxExDnRcK5AcQdEma,minbias,0,test,98.07118,80.2657241821289,-0.18155647418709853,0,15mm,2.1406388
SubNetW4CleanAuxExDnRcK5AcQdEma,minbias,0,test,4.3740997,4.286842346191406,-0.019948650147735503,3,60mm,0.79178035
SubNetW4CleanAuxExDnRcK5AcQdEma,minbias,0,test,11.681415,16.172643661499023,0.38447647048690525,3,60mm,1.9877235
SubNetW4CleanAuxExDnRcK5AcQdEma,minbias,0,test,26.919462,27.618976593017578,0.025985451854037223,2,40mm,2.7448568
SubNetW4CleanAuxExDnRcK5AcQdEma,minbias,0,test,7.7146034,7.881026268005371,0.021572443168472955,2,40mm,1.2716134
SubNetW4CleanAuxExDnRcK5AcQdEma,minbias,0,test,92.740036,92.4251480102539,-0.0033953836340090415,0,15mm,3.3763816
SubNetW4CleanAuxExDnRcK5AcQdEma,minbias,0,test,40.563602,43.97016906738281,0.0839808699013167,1,30mm,2.418388
SubNetW4CleanAuxExDnRcK5AcQdEma,minbias,0,test,8.943218,8.635553359985352,-0.03440203104319162,2,40mm,1.9078583
SubNetW4CleanAuxExDnRcK5AcQdEma,minbias,0,test,31.382755,32.16215896606445,0.02483541293875957,3,60mm,3.3276935
SubNetW4CleanAuxExDnRcK5AcQdEma,minbias,0,test,23.69087,23.901811599731445,0.008903907376949238,2,40mm,1.9516029
SubNetW4CleanAuxExDnRcK5AcQdEma,minbias,0,test,11.693187,11.606759071350098,-0.007391286085899451,3,60mm,2.3558037
SubNetW4CleanAuxExDnRcK5AcQdEma,minbias,0,test,5.268855,4.993182182312012,-0.05232121734833595,4,120mm,1.1625861
SubNetW4CleanAuxExDnRcK5AcQdEma,minbias,0,test,64.76062,64.95691680908203,0.003031111986564028,2,40mm,4.5724397
SubNetW4CleanAuxExDnRcK5AcQdEma,minbias,0,test,17.488445,18.00904655456543,0.029768299250669372,4,120mm,3.5955863
SubNetW4CleanAuxExDnRcK5AcQdEma,minbias,0,test,77.70048,78.66089630126953,0.012360525068003891,0,15mm,2.2358997
SubNetW4CleanAuxExDnRcK5AcQdEma,minbias,0,test,12.213631,11.84424114227295,-0.030244039940906964,3,60mm,1.99487
SubNetW4CleanAuxExDnRcK5AcQdEma,minbias,0,test,29.055355,30.23529624938965,0.04061011040626972,3,60mm,4.6783957
SubNetW4CleanAuxExDnRcK5AcQdEma,minbias,0,test,20.81266,20.040281295776367,-0.03711101384662585,2,40mm,3.6649632
SubNetW4CleanAuxExDnRcK5AcQdEma,minbias,0,test,16.482367,16.164260864257812,-0.019299758711067372,3,60mm,2.6187303
SubNetW4CleanAuxExDnRcK5AcQdEma,minbias,0,test,25.693796,25.18453025817871,-0.019820578342327644,3,60mm,2.712835
SubNetW4CleanAuxExDnRcK5AcQdEma,minbias,0,test,25.256903,24.084434509277344,-0.04642169309504207,3,60mm,4.858956
SubNetW4CleanAuxExDnRcK5AcQdEma,minbias,0,test,4.0537972,4.121954441070557,0.016813173408846804,3,60mm,0.64083046
SubNetW4CleanAuxExDnRcK5AcQdEma,minbias,0,test,59.220505,58.18600082397461,-0.017468678136856375,2,40mm,4.3495197
SubNetW4CleanAuxExDnRcK5AcQdEma,minbias,0,test,41.563328,38.955169677734375,-0.0627514265651099,0,15mm,1.4235015
SubNetW4CleanAuxExDnRcK5AcQdEma,minbias,0,test,12.52447,12.464906692504883,-0.004755780900411732,3,60mm,2.173316
SubNetW4CleanAuxExDnRcK5AcQdEma,minbias,0,test,22.123985,23.068761825561523,0.04270372279802137,2,40mm,1.8786286
SubNetW4CleanAuxExDnRcK5AcQdEma,minbias,0,test,8.562868,8.623449325561523,0.007074873329652176,4,120mm,1.8224996
SubNetW4CleanAuxExDnRcK5AcQdEma,minbias,0,test,31.471483,31.717458724975586,0.007815821471854667,3,60mm,4.233975
SubNetW4CleanAuxExDnRcK5AcQdEma,minbias,0,test,23.958927,23.721906661987305,-0.00989278405601679,3,60mm,2.7329583
SubNetW4CleanAuxExDnRcK5AcQdEma,minbias,0,test,16.40896,16.161596298217773,-0.015074937048276449,3,60mm,2.3009508
SubNetW4CleanAuxExDnRcK5AcQdEma,minbias,0,test,5.671161,5.526176929473877,-0.025565178070620864,3,60mm,1.0436758
SubNetW4CleanAuxExDnRcK5AcQdEma,minbias,0,test,40.86261,39.459774017333984,-0.03433054938587854,1,30mm,1.6831656
SubNetW4CleanAuxExDnRcK5AcQdEma,minbias,0,test,29.637175,29.218318939208984,-0.01413277995213802,2,40mm,4.7556086
SubNetW4CleanAuxExDnRcK5AcQdEma,minbias,0,test,53.74772,53.1232795715332,-0.01161796729824649,2,40mm,4.93778
SubNetW4CleanAuxExDnRcK5AcQdEma,minbias,0,test,6.1591554,6.554757118225098,0.06422987012534564,1,30mm,0.6450855
SubNetW4CleanAuxExDnRcK5AcQdEma,minbias,0,test,13.596322,16.205591201782227,0.19190992466249557,2,40mm,3.0155416
SubNetW4CleanAuxExDnRcK5AcQdEma,minbias,0,test,15.464819,14.536144256591797,-0.06005079662492152,2,40mm,2.0453446
SubNetW4CleanAuxExDnRcK5AcQdEma,minbias,0,test,2.812074,3.027996301651001,0.07678402481522828,3,60mm,0.5810542
SubNetW4CleanAuxExDnRcK5AcQdEma,minbias,0,test,27.018093,25.90946388244629,-0.041032844997854645,2,40mm,3.996895
SubNetW4CleanAuxExDnRcK5AcQdEma,minbias,0,test,55.254646,58.7274055480957,0.06285008554559113,2,40mm,3.5437536
SubNetW4CleanAuxExDnRcK5AcQdEma,minbias,0,test,6.3725743,6.453131675720215,0.012641256449946958,1,30mm,0.5420034
SubNetW4CleanAuxExDnRcK5AcQdEma,minbias,0,test,23.593637,22.66884994506836,-0.03919647924903924,2,40mm,2.358645
SubNetW4CleanAuxExDnRcK5AcQdEma,minbias,0,test,25.771862,25.5499267578125,-0.008611534236765639,3,60mm,3.2412753
SubNetW4CleanAuxExDnRcK5AcQdEma,minbias,0,test,23.52262,23.19786834716797,-0.013805898775662295,2,40mm,4.2731733
SubNetW4CleanAuxExDnRcK5AcQdEma,minbias,0,test,32.767906,33.257057189941406,0.014927746623655036,2,40mm,4.147461
SubNetW4CleanAuxExDnRcK5AcQdEma,minbias,0,test,24.225027,24.18081283569336,-0.0018251475427983888,3,60mm,3.5040073
SubNetW4CleanAuxExDnRcK5AcQdEma,minbias,0,test,8.588573,9.119542121887207,0.061822684385081095,3,60mm,1.4956746
SubNetW4CleanAuxExDnRcK5AcQdEma,minbias,0,test,15.8257675,16.139415740966797,0.019818831758918076,3,60mm,2.7981548
SubNetW4CleanAuxExDnRcK5AcQdEma,minbias,0,test,14.525634,14.236531257629395,-0.01990292183212239,4,120mm,3.0883663
SubNetW4CleanAuxExDnRcK5AcQdEma,minbias,0,test,11.937412,13.469012260437012,0.12830251354846633,1,30mm,0.7642904
SubNetW4CleanAuxExDnRcK5AcQdEma,minbias,0,test,22.184858,22.68821907043457,0.022689383045939593,3,60mm,3.1073523
SubNetW4CleanAuxExDnRcK5AcQdEma,minbias,0,test,34.713505,35.54307174682617,0.02389752808178791,0,15mm,1.0127493
SubNetW4CleanAuxExDnRcK5AcQdEma,minbias,0,test,5.2899547,5.015595436096191,-0.05186419236839479,3,60mm,1.0601177
SubNetW4CleanAuxExDnRcK5AcQdEma,minbias,0,test,64.18615,64.41531372070312,0.0035703048862314457,0,15mm,1.7636144
SubNetW4CleanAuxExDnRcK5AcQdEma,minbias,0,test,17.381771,16.113744735717773,-0.07295150451209875,4,120mm,4.1065817
SubNetW4CleanAuxExDnRcK5AcQdEma,minbias,0,test,44.619236,47.90711975097656,0.07368758530743591,0,15mm,1.5058104
SubNetW4CleanAuxExDnRcK5AcQdEma,minbias,0,test,54.77859,54.09065246582031,-0.012558532004343537,2,40mm,3.9615748
SubNetW4CleanAuxExDnRcK5AcQdEma,minbias,0,test,6.7995133,6.8837690353393555,0.012391430258310576,1,30mm,0.53996974
SubNetW4CleanAuxExDnRcK5AcQdEma,minbias,0,test,20.507395,19.899337768554688,-0.029650622534071358,4,120mm,4.70913
SubNetW4CleanAuxExDnRcK5AcQdEma,minbias,0,test,57.951813,56.193092346191406,-0.030347979030682537,1,30mm,2.2817044
SubNetW4CleanAuxExDnRcK5AcQdEma,minbias,0,test,8.199638,7.844961643218994,-0.043255166584011295,3,60mm,1.806707
SubNetW4CleanAuxExDnRcK5AcQdEma,minbias,0,test,25.236511,25.352182388305664,0.004583484491202716,3,60mm,3.6260138
SubNetW4CleanAuxExDnRcK5AcQdEma,minbias,0,test,30.629816,29.87901496887207,-0.024512099095545192,2,40mm,2.319012
SubNetW4CleanAuxExDnRcK5AcQdEma,minbias,0,test,13.03249,12.602800369262695,-0.032970630686376734,3,60mm,3.0461473
SubNetW4CleanAuxExDnRcK5AcQdEma,minbias,0,test,28.194256,29.061752319335938,0.030768554266667802,3,60mm,4.804764
SubNetW4CleanAuxExDnRcK5AcQdEma,minbias,0,test,46.60349,46.63420104980469,0.0006590091942872967,2,40mm,3.091084
SubNetW4CleanAuxExDnRcK5AcQdEma,minbias,0,test,22.780277,22.507335662841797,-0.011981486719137346,2,40mm,2.602232
SubNetW4CleanAuxExDnRcK5AcQdEma,minbias,0,test,22.147432,20.511484146118164,-0.07386626842236577,2,40mm,2.024807
SubNetW4CleanAuxExDnRcK5AcQdEma,minbias,0,test,26.251245,27.31147575378418,0.04038780770158823,2,40mm,3.267352
SubNetW4CleanAuxExDnRcK5AcQdEma,minbias,0,test,25.402012,25.51531410217285,0.004460364454943244,3,60mm,3.3071265
SubNetW4CleanAuxExDnRcK5AcQdEma,minbias,0,test,3.1004932,2.9679720401763916,-0.042741958863035,4,120mm,0.71544015
SubNetW4CleanAuxExDnRcK5AcQdEma,minbias,0,test,81.03474,77.35623168945312,-0.04539417411194491,1,30mm,4.1656084
SubNetW4CleanAuxExDnRcK5AcQdEma,minbias,0,test,97.82324,97.14203643798828,-0.006963639052220749,0,15mm,4.2748675
SubNetW4CleanAuxExDnRcK5AcQdEma,minbias,0,test,61.697334,62.0542106628418,0.005784307821407042,0,15mm,1.924599
SubNetW4CleanAuxExDnRcK5AcQdEma,minbias,0,test,5.887203,5.5398268699646,-0.05900532626620314,3,60mm,0.6752419
SubNetW4CleanAuxExDnRcK5AcQdEma,minbias,0,test,31.696012,31.33064842224121,-0.011527130573355526,3,60mm,4.991497
SubNetW4CleanAuxExDnRcK5AcQdEma,minbias,0,test,78.39609,78.20711517333984,-0.0024104834669387287,0,15mm,2.2704728
SubNetW4CleanAuxExDnRcK5AcQdEma,minbias,0,test,4.416412,4.327641010284424,-0.020100223636932757,3,60mm,0.739672
SubNetW4CleanAuxExDnRcK5AcQdEma,minbias,0,test,67.25676,69.32455444335938,0.030744787747187363,0,15mm,1.5282208
SubNetW4CleanAuxExDnRcK5AcQdEma,minbias,0,test,47.997616,46.212486267089844,-0.037192046247236266,2,40mm,4.708621
SubNetW4CleanAuxExDnRcK5AcQdEma,minbias,0,test,5.7403264,7.832856178283691,0.3645314963354158,3,60mm,0.97619593
SubNetW4CleanAuxExDnRcK5AcQdEma,minbias,0,test,67.563675,68.8113021850586,0.01846594726609041,1,30mm,3.2151644
SubNetW4CleanAuxExDnRcK5AcQdEma,minbias,0,test,57.59184,57.065162658691406,-0.009144979368902684,1,30mm,2.814129
SubNetW4CleanAuxExDnRcK5AcQdEma,minbias,0,test,19.41132,17.63777732849121,-0.09136640004905117,3,60mm,3.7820747
SubNetW4CleanAuxExDnRcK5AcQdEma,minbias,0,test,15.929059,16.516462326049805,0.03687620821598547,2,40mm,2.1725821
SubNetW4CleanAuxExDnRcK5AcQdEma,minbias,0,test,22.0225,21.35247802734375,-0.03042438801150027,3,60mm,3.1610858
SubNetW4CleanAuxExDnRcK5AcQdEma,minbias,0,test,5.800943,6.053251266479492,0.04349437205780737,2,40mm,0.5254327
SubNetW4CleanAuxExDnRcK5AcQdEma,minbias,0,test,10.000035,9.841194152832031,-0.01588405726336295,3,60mm,1.8088992
SubNetW4CleanAuxExDnRcK5AcQdEma,minbias,0,test,20.306374,20.06228256225586,-0.012020414811107716,2,40mm,2.0732627
SubNetW4CleanAuxExDnRcK5AcQdEma,minbias,0,test,17.10558,15.539706230163574,-0.09154166085914195,3,60mm,4.026838
SubNetW4CleanAuxExDnRcK5AcQdEma,minbias,0,test,41.867424,40.92445755004883,-0.0225226768412764,1,30mm,2.5774207
SubNetW4CleanAuxExDnRcK5AcQdEma,minbias,0,test,23.839779,23.88266944885254,0.00179911688299228,2,40mm,4.6671624
SubNetW4CleanAuxExDnRcK5AcQdEma,minbias,0,test,11.455642,10.900989532470703,-0.048417384754436577,3,60mm,1.4158087
SubNetW4CleanAuxExDnRcK5AcQdEma,minbias,0,test,32.44079,35.230674743652344,0.08599934290966837,2,40mm,3.0696058
SubNetW4CleanAuxExDnRcK5AcQdEma,minbias,0,test,19.932423,19.05169677734375,-0.044185590311502154,2,40mm,1.9513332
SubNetW4CleanAuxExDnRcK5AcQdEma,minbias,0,test,75.96295,77.64788818359375,0.022181030181338768,1,30mm,3.4568386
SubNetW4CleanAuxExDnRcK5AcQdEma,minbias,0,test,29.509502,30.865413665771484,0.045948292722906015,2,40mm,3.5574248
SubNetW4CleanAuxExDnRcK5AcQdEma,minbias,0,test,33.298954,30.862903594970703,-0.07315696505982672,2,40mm,4.3399944
SubNetW4CleanAuxExDnRcK5AcQdEma,minbias,0,test,33.249096,36.27750778198242,0.09108253267448752,1,30mm,2.4817932
SubNetW4CleanAuxExDnRcK5AcQdEma,minbias,0,test,34.337646,33.111793518066406,-0.03569997049350504,2,40mm,3.1767411
SubNetW4CleanAuxExDnRcK5AcQdEma,minbias,0,test,18.756306,20.71065330505371,0.10419683077773523,3,60mm,2.2641053
SubNetW4CleanAuxExDnRcK5AcQdEma,minbias,0,test,67.00098,66.49764251708984,-0.007512338942412766,0,15mm,1.9982862
SubNetW4CleanAuxExDnRcK5AcQdEma,minbias,0,test,91.78451,103.37216186523438,0.1262484747986743,0,15mm,2.525843
SubNetW4CleanAuxExDnRcK5AcQdEma,minbias,0,test,23.219599,24.176448822021484,0.0412087246361168,3,60mm,3.3677123
SubNetW4CleanAuxExDnRcK5AcQdEma,minbias,0,test,10.676901,10.419635772705078,-0.024095483720216526,3,60mm,2.258041
SubNetW4CleanAuxExDnRcK5AcQdEma,minbias,0,test,10.980986,11.395596504211426,0.0377571628147646,4,120mm,2.2819915
SubNetW4CleanAuxExDnRcK5AcQdEma,minbias,0,test,34.883785,34.67703628540039,-0.005926792661222646,2,40mm,4.270172
SubNetW4CleanAuxExDnRcK5AcQdEma,minbias,0,test,68.13968,69.4339599609375,0.01899452750155528,1,30mm,4.180032
SubNetW4CleanAuxExDnRcK5AcQdEma,minbias,0,test,20.277758,20.4879093170166,0.01036365440626974,2,40mm,2.1399536
SubNetW4CleanAuxExDnRcK5AcQdEma,minbias,0,test,10.256014,11.207599639892578,0.09278319839393134,2,40mm,0.7291382
SubNetW4CleanAuxExDnRcK5AcQdEma,minbias,0,test,21.390223,20.772546768188477,-0.028876547676041642,2,40mm,2.2316577
SubNetW4CleanAuxExDnRcK5AcQdEma,minbias,0,test,16.95255,14.260068893432617,-0.15882459297172968,1,30mm,1.3538707
SubNetW4CleanAuxExDnRcK5AcQdEma,minbias,0,test,48.762318,47.00288009643555,-0.03608191008053119,2,40mm,4.3504496
SubNetW4CleanAuxExDnRcK5AcQdEma,minbias,0,test,18.328018,19.070737838745117,0.040523729441491296,4,120mm,4.1429105
SubNetW4CleanAuxExDnRcK5AcQdEma,minbias,0,test,67.065796,65.50275421142578,-0.023306093159301988,0,15mm,2.8021939
SubNetW4CleanAuxExDnRcK5AcQdEma,minbias,0,test,84.35041,84.1416244506836,-0.0024752222259507572,1,30mm,3.6422465
SubNetW4CleanAuxExDnRcK5AcQdEma,minbias,0,test,44.73831,43.48100280761719,-0.028103629982571432,2,40mm,4.1296954
SubNetW4CleanAuxExDnRcK5AcQdEma,minbias,0,test,89.41327,86.09793090820312,-0.037078815820640654,0,15mm,1.9030464
SubNetW4CleanAuxExDnRcK5AcQdEma,minbias,0,test,19.322638,20.51028060913086,0.06146381660286182,3,60mm,4.0082793
SubNetW4CleanAuxExDnRcK5AcQdEma,minbias,0,test,38.12547,36.73904037475586,-0.03636489889350625,1,30mm,1.7150018
SubNetW4CleanAuxExDnRcK5AcQdEma,minbias,0,test,47.890747,47.476844787597656,-0.008642635749806948,2,40mm,4.950617
SubNetW4CleanAuxExDnRcK5AcQdEma,minbias,0,test,84.17014,84.11695098876953,-0.0006319597032327096,1,30mm,4.166486
SubNetW4CleanAuxExDnRcK5AcQdEma,minbias,0,test,46.527412,43.7593879699707,-0.059492335828123966,0,15mm,1.3098739
SubNetW4CleanAuxExDnRcK5AcQdEma,minbias,0,test,20.894644,19.82372283935547,-0.05125337169212685,2,40mm,4.3185554
SubNetW4CleanAuxExDnRcK5AcQdEma,minbias,0,test,16.414488,16.72324562072754,0.01881007711088145,1,30mm,1.0626084
SubNetW4CleanAuxExDnRcK5AcQdEma,minbias,0,test,17.173433,18.579591751098633,0.08187986772288447,3,60mm,2.2000158
SubNetW4CleanAuxExDnRcK5AcQdEma,minbias,0,test,56.42202,55.795291900634766,-0.011107862822393622,2,40mm,4.5272126
SubNetW4CleanAuxExDnRcK5AcQdEma,minbias,0,test,12.0782795,11.841279983520508,-0.019621959552448276,3,60mm,1.8328881
SubNetW4CleanAuxExDnRcK5AcQdEma,minbias,0,test,14.7059355,15.318106651306152,0.04162748939044025,1,30mm,0.6001427
SubNetW4CleanAuxExDnRcK5AcQdEma,minbias,0,test,22.082714,21.690893173217773,-0.01774333110318438,3,60mm,4.2425866
SubNetW4CleanAuxExDnRcK5AcQdEma,minbias,0,test,49.766804,50.55771255493164,0.01589229675237802,0,15mm,1.1956075
SubNetW4CleanAuxExDnRcK5AcQdEma,minbias,0,test,35.21423,35.80430603027344,0.016756761499779227,2,40mm,4.08342
SubNetW4CleanAuxExDnRcK5AcQdEma,minbias,0,test,45.00604,46.0929069519043,0.024149387912236087,2,40mm,3.6369789
SubNetW4CleanAuxExDnRcK5AcQdEma,minbias,0,test,7.3604302,7.104495048522949,-0.03477177063581671,3,60mm,1.686341
SubNetW4CleanAuxExDnRcK5AcQdEma,minbias,0,test,6.1336894,6.091024398803711,-0.006955846950066125,4,120mm,1.3238641
SubNetW4CleanAuxExDnRcK5AcQdEma,minbias,0,test,5.134012,5.231090545654297,0.018908860976757813,2,40mm,0.6390618
SubNetW4CleanAuxExDnRcK5AcQdEma,minbias,0,test,51.67163,50.434078216552734,-0.023950330621270277,0,15mm,1.3117684
SubNetW4CleanAuxExDnRcK5AcQdEma,minbias,0,test,31.89854,31.773569107055664,-0.0039177776733372305,2,40mm,3.4055672
SubNetW4CleanAuxExDnRcK5AcQdEma,minbias,0,test,62.372154,59.546478271484375,-0.04530348516857541,2,40mm,4.888781
SubNetW4CleanAuxExDnRcK5AcQdEma,minbias,0,test,44.50208,45.47015380859375,0.021753473548196123,2,40mm,3.2581725
SubNetW4CleanAuxExDnRcK5AcQdEma,minbias,0,test,29.862303,28.96866798400879,-0.02992518034264091,0,15mm,1.2211928
SubNetW4CleanAuxExDnRcK5AcQdEma,minbias,0,test,46.262592,50.03464889526367,0.08153578065515932,1,30mm,3.397813
SubNetW4CleanAuxExDnRcK5AcQdEma,minbias,0,test,22.18518,21.362289428710938,-0.037091933025569346,3,60mm,3.526704
SubNetW4CleanAuxExDnRcK5AcQdEma,minbias,0,test,31.938593,31.115503311157227,-0.025771003810625248,3,60mm,4.2203517
SubNetW4CleanAuxExDnRcK5AcQdEma,minbias,0,test,28.990847,28.164243698120117,-0.02851254902035605,2,40mm,3.8161874
SubNetW4CleanAuxExDnRcK5AcQdEma,minbias,0,test,8.423911,8.566128730773926,0.016882613611444386,2,40mm,0.83970124
SubNetW4CleanAuxExDnRcK5AcQdEma,minbias,0,test,16.099216,16.12040901184082,0.0013163715582233948,3,60mm,2.6977723
SubNetW4CleanAuxExDnRcK5AcQdEma,minbias,0,test,27.553293,28.58123207092285,0.037307295148416575,1,30mm,1.9439868
SubNetW4CleanAuxExDnRcK5AcQdEma,minbias,0,test,19.478783,19.53936004638672,0.0031099167568502395,3,60mm,2.8825002
SubNetW4CleanAuxExDnRcK5AcQdEma,minbias,0,test,18.901337,19.20252227783203,0.015934619501775327,3,60mm,3.377425
SubNetW4CleanAuxExDnRcK5AcQdEma,minbias,0,test,25.730026,24.946290969848633,-0.030459948536480264,0,15mm,0.5921135
SubNetW4CleanAuxExDnRcK5AcQdEma,minbias,0,test,38.377235,36.33843231201172,-0.053125324913755545,0,15mm,1.0246232
SubNetW4CleanAuxExDnRcK5AcQdEma,minbias,0,test,18.175573,17.699920654296875,-0.02616988666981135,3,60mm,3.8429306
SubNetW4CleanAuxExDnRcK5AcQdEma,minbias,0,test,49.622215,49.914676666259766,0.0058937593508570085,2,40mm,4.2492404
SubNetW4CleanAuxExDnRcK5AcQdEma,minbias,0,test,21.858679,37.20248794555664,0.7019550109016013,0,15mm,0.51039946
SubNetW4CleanAuxExDnRcK5AcQdEma,minbias,0,test,29.941442,29.37569236755371,-0.018895219302355604,2,40mm,4.0624766
SubNetW4CleanAuxExDnRcK5AcQdEma,minbias,0,test,35.805218,35.788211822509766,-0.00047495648629369835,2,40mm,3.1599362
SubNetW4CleanAuxExDnRcK5AcQdEma,minbias,0,test,99.77522,93.33513641357422,-0.06454594823661397,0,15mm,2.6773186
SubNetW4CleanAuxExDnRcK5AcQdEma,minbias,0,test,7.2708926,6.712486743927002,-0.07680018194973859,2,40mm,0.7292001
SubNetW4CleanAuxExDnRcK5AcQdEma,minbias,0,test,59.212124,60.791648864746094,0.026675702383884392,1,30mm,2.5321782
SubNetW4CleanAuxExDnRcK5AcQdEma,minbias,0,test,14.928451,14.73808479309082,-0.012751878719388432,3,60mm,1.9751347
SubNetW4CleanAuxExDnRcK5AcQdEma,minbias,0,test,22.29603,21.90720558166504,-0.017439179177351827,3,60mm,4.0078197
SubNetW4CleanAuxExDnRcK5AcQdEma,minbias,0,test,36.091667,36.74363708496094,0.018064278009143342,1,30mm,2.6417735
SubNetW4CleanAuxExDnRcK5AcQdEma,minbias,0,test,33.941868,32.48891067504883,-0.04280722441874307,1,30mm,3.382383
SubNetW4CleanAuxExDnRcK5AcQdEma,minbias,0,test,20.935514,21.101926803588867,0.007948806508313089,3,60mm,2.961918
SubNetW4CleanAuxExDnRcK5AcQdEma,minbias,0,test,67.34004,65.26956939697266,-0.030746531369435837,1,30mm,3.9265237
SubNetW4CleanAuxExDnRcK5AcQdEma,minbias,0,test,51.99499,53.34723663330078,0.02600722294467972,2,40mm,4.116275
SubNetW4CleanAuxExDnRcK5AcQdEma,minbias,0,test,27.000536,25.866514205932617,-0.04199997216739093,3,60mm,3.3739522
SubNetW4CleanAuxExDnRcK5AcQdEma,minbias,0,test,17.66079,17.206363677978516,-0.025730775627636482,3,60mm,3.7831838
SubNetW4CleanAuxExDnRcK5AcQdEma,minbias,0,test,12.14202,12.008749961853027,-0.010975954676118449,3,60mm,2.3379712
SubNetW4CleanAuxExDnRcK5AcQdEma,minbias,0,test,13.648405,16.098918914794922,0.17954580232947315,0,15mm,0.56002057
SubNetW4CleanAuxExDnRcK5AcQdEma,minbias,0,test,33.11459,36.26179885864258,0.09503995661224884,1,30mm,3.0491831
SubNetW4CleanAuxExDnRcK5AcQdEma,minbias,0,test,20.809572,20.64051628112793,-0.008123950696086624,2,40mm,3.1151705
SubNetW4CleanAuxExDnRcK5AcQdEma,minbias,0,test,27.234808,27.5495662689209,0.011557206540595555,1,30mm,2.2710667
SubNetW4CleanAuxExDnRcK5AcQdEma,minbias,0,test,88.94157,95.42986297607422,0.07295010383222356,1,30mm,4.3597617
SubNetW4CleanAuxExDnRcK5AcQdEma,minbias,0,test,14.614879,14.310254096984863,-0.020843454447823206,2,40mm,1.502507
SubNetW4CleanAuxExDnRcK5AcQdEma,minbias,0,test,91.536224,95.31234741210938,0.041252772583322495,0,15mm,2.990966
SubNetW4CleanAuxExDnRcK5AcQdEma,minbias,0,test,22.004406,21.52273178100586,-0.02188989763575999,2,40mm,4.5651674
SubNetW4CleanAuxExDnRcK5AcQdEma,minbias,0,test,9.8309,9.291435241699219,-0.05487442045095836,2,40mm,0.8667685
SubNetW4CleanAuxExDnRcK5AcQdEma,minbias,0,test,7.561618,6.9777960777282715,-0.0772085795676618,3,60mm,1.5018754
SubNetW4CleanAuxExDnRcK5AcQdEma,minbias,0,test,9.614796,9.243245124816895,-0.038643625114611946,3,60mm,1.0185298
SubNetW4CleanAuxExDnRcK5AcQdEma,minbias,0,test,8.09415,7.95711612701416,-0.016929939459177423,3,60mm,1.339852
SubNetW4CleanAuxExDnRcK5AcQdEma,minbias,0,test,11.043745,11.677960395812988,0.057427562169446666,4,120mm,2.4433131
SubNetW4CleanAuxExDnRcK5AcQdEma,minbias,0,test,3.0986423,2.840488910675049,-0.0833117893167531,3,60mm,0.5244309
SubNetW4CleanAuxExDnRcK5AcQdEma,minbias,0,test,27.608856,26.74352264404297,-0.031342607995914595,3,60mm,4.367231
SubNetW4CleanAuxExDnRcK5AcQdEma,minbias,0,test,56.972874,56.94164276123047,-0.0005481718665770741,1,30mm,3.2253036
SubNetW4CleanAuxExDnRcK5AcQdEma,minbias,0,test,64.505745,60.457645416259766,-0.0627556432680374,1,30mm,3.2163348
SubNetW4CleanAuxExDnRcK5AcQdEma,minbias,0,test,19.30309,19.41423988342285,0.00575818413106699,3,60mm,2.3656094
SubNetW4CleanAuxExDnRcK5AcQdEma,minbias,0,test,23.768095,23.878969192504883,0.004664832244591688,3,60mm,4.8488193
SubNetW4CleanAuxExDnRcK5AcQdEma,minbias,0,test,7.332282,7.495640277862549,0.022279313594213646,3,60mm,1.2070204
SubNetW4CleanAuxExDnRcK5AcQdEma,minbias,0,test,19.521706,19.135997772216797,-0.01975789731622757,4,120mm,4.491793
SubNetW4CleanAuxExDnRcK5AcQdEma,minbias,0,test,17.022825,17.031715393066406,0.0005222489129526053,3,60mm,2.071479
SubNetW4CleanAuxExDnRcK5AcQdEma,minbias,0,test,22.050053,24.385690689086914,0.10592437506152375,2,40mm,2.785067
SubNetW4CleanAuxExDnRcK5AcQdEma,minbias,0,test,9.213853,9.221555709838867,0.0008360050406643893,3,60mm,1.4285
SubNetW4CleanAuxExDnRcK5AcQdEma,minbias,0,test,27.191801,26.74945640563965,-0.01626757508153398,2,40mm,3.838914
SubNetW4CleanAuxExDnRcK5AcQdEma,minbias,0,test,3.1093915,3.5493106842041016,0.14148081393784095,4,120mm,0.69310963
SubNetW4CleanAuxExDnRcK5AcQdEma,minbias,0,test,62.82925,66.63936614990234,0.060642388598491026,2,40mm,4.8721495
SubNetW4CleanAuxExDnRcK5AcQdEma,minbias,0,test,45.205425,45.825843811035156,0.01372442676917629,2,40mm,2.7550828
SubNetW4CleanAuxExDnRcK5AcQdEma,minbias,0,test,43.555737,50.850341796875,0.16747748595951517,1,30mm,1.5946025
SubNetW4CleanAuxExDnRcK5AcQdEma,minbias,0,test,9.285551,9.464825630187988,0.019306830326707214,1,30mm,0.78363585
SubNetW4CleanAuxExDnRcK5AcQdEma,minbias,0,test,10.0555105,12.4932279586792,0.24242602428478777,3,60mm,1.7074946
SubNetW4CleanAuxExDnRcK5AcQdEma,minbias,0,test,30.54317,31.03596305847168,0.01613428188785182,2,40mm,2.560311
SubNetW4CleanAuxExDnRcK5AcQdEma,minbias,0,test,19.428717,18.673919677734375,-0.038849554246840556,1,30mm,1.0769528
SubNetW4CleanAuxExDnRcK5AcQdEma,minbias,0,test,43.813377,43.99846267700195,0.00422440148870562,1,30mm,2.5116315
SubNetW4CleanAuxExDnRcK5AcQdEma,minbias,0,test,8.640961,8.928418159484863,0.03326684107548372,4,120mm,1.9437848
SubNetW4CleanAuxExDnRcK5AcQdEma,minbias,0,test,29.864866,29.12596893310547,-0.024741357194000058,3,60mm,4.5711765
SubNetW4CleanAuxExDnRcK5AcQdEma,minbias,0,test,30.692602,29.898178100585938,-0.025883242252573546,2,40mm,2.3603847
SubNetW4CleanAuxExDnRcK5AcQdEma,minbias,0,test,24.207539,25.838233947753906,0.06736312062303296,2,40mm,2.7881913
SubNetW4CleanAuxExDnRcK5AcQdEma,minbias,0,test,6.4553084,6.699656009674072,0.03785219168041287,3,60mm,1.3857338
SubNetW4CleanAuxExDnRcK5AcQdEma,minbias,0,test,32.467518,32.65162658691406,0.005670551563740078,3,60mm,3.6773577
SubNetW4CleanAuxExDnRcK5AcQdEma,minbias,0,test,77.44101,75.23870849609375,-0.028438433834977905,1,30mm,3.2488534
SubNetW4CleanAuxExDnRcK5AcQdEma,minbias,0,test,18.455936,18.429677963256836,-0.0014227654459496586,3,60mm,3.9508412
SubNetW4CleanAuxExDnRcK5AcQdEma,minbias,0,test,48.037224,46.76920700073242,-0.026396546562404977,1,30mm,3.102459
SubNetW4CleanAuxExDnRcK5AcQdEma,minbias,0,test,58.988243,45.24403381347656,-0.23299912942898637,1,30mm,2.3475807
SubNetW4CleanAuxExDnRcK5AcQdEma,minbias,0,test,15.341061,15.05674934387207,-0.01853270130772411,3,60mm,3.0344973
SubNetW4CleanAuxExDnRcK5AcQdEma,minbias,0,test,90.6369,83.63922882080078,-0.07720556298169357,0,15mm,1.8293232
SubNetW4CleanAuxExDnRcK5AcQdEma,minbias,0,test,37.50951,36.35567092895508,-0.0307612418847637,2,40mm,3.2875044
SubNetW4CleanAuxExDnRcK5AcQdEma,minbias,0,test,98.53059,92.54703521728516,-0.060727853690563105,0,15mm,2.6868634
SubNetW4CleanAuxExDnRcK5AcQdEma,minbias,0,test,27.226522,27.838794708251953,0.022488081751711908,2,40mm,4.5191927
SubNetW4CleanAuxExDnRcK5AcQdEma,minbias,0,test,7.117603,7.085500240325928,-0.004510308544523722,3,60mm,1.423149
SubNetW4CleanAuxExDnRcK5AcQdEma,minbias,0,test,15.870471,15.156156539916992,-0.0450090271879251,3,60mm,2.383624
SubNetW4CleanAuxExDnRcK5AcQdEma,minbias,0,test,48.84142,46.526275634765625,-0.04740123489815473,1,30mm,3.4476123
SubNetW4CleanAuxExDnRcK5AcQdEma,minbias,0,test,25.12782,24.635543823242188,-0.01959084617875495,3,60mm,3.2696004
SubNetW4CleanAuxExDnRcK5AcQdEma,minbias,0,test,15.623572,14.616952896118164,-0.06442953192195355,2,40mm,1.2785032
SubNetW4CleanAuxExDnRcK5AcQdEma,minbias,0,test,51.444756,51.29536437988281,-0.002903914552748077,2,40mm,4.4012833
SubNetW4CleanAuxExDnRcK5AcQdEma,minbias,0,test,6.6626234,7.199217796325684,0.08053800405853373,1,30mm,0.53485346
SubNetW4CleanAuxExDnRcK5AcQdEma,minbias,0,test,41.15172,45.62277603149414,0.1086481462735811,1,30mm,2.286903
SubNetW4CleanAuxExDnRcK5AcQdEma,minbias,0,test,19.93241,19.64104652404785,-0.01461753861579207,3,60mm,2.2279835
SubNetW4CleanAuxExDnRcK5AcQdEma,minbias,0,test,19.756653,20.20360565185547,0.0226229019472155,4,120mm,4.5508723
SubNetW4CleanAuxExDnRcK5AcQdEma,minbias,0,test,57.093628,56.079036712646484,-0.017770655917863865,0,15mm,1.5394429
SubNetW4CleanAuxExDnRcK5AcQdEma,minbias,0,test,22.848198,22.78080177307129,-0.0029497365230390926,2,40mm,1.7033304
SubNetW4CleanAuxExDnRcK5AcQdEma,minbias,0,test,22.394674,21.885650634765625,-0.022729674901132868,3,60mm,3.6074934
SubNetW4CleanAuxExDnRcK5AcQdEma,minbias,0,test,45.99745,56.898868560791016,0.23700045015921445,1,30mm,2.6777587
SubNetW4CleanAuxExDnRcK5AcQdEma,minbias,0,test,15.808944,15.959425926208496,0.009518800251844706,2,40mm,1.3309333
SubNetW4CleanAuxExDnRcK5AcQdEma,minbias,0,test,3.5656345,3.136363983154297,-0.12039105725006194,3,60mm,0.5495503
SubNetW4CleanAuxExDnRcK5AcQdEma,minbias,0,test,78.61665,78.47032165527344,-0.0018613331997986426,0,15mm,3.2694798
SubNetW4CleanAuxExDnRcK5AcQdEma,minbias,0,test,3.0735335,3.1849091053009033,0.03623697904344114,3,60mm,0.58225614
SubNetW4CleanAuxExDnRcK5AcQdEma,minbias,0,test,50.120556,48.92747497558594,-0.023804223261434054,2,40mm,4.9493732
SubNetW4CleanAuxExDnRcK5AcQdEma,minbias,0,test,5.4139085,5.90842342376709,0.0913415776882942,3,60mm,0.6790959
SubNetW4CleanAuxExDnRcK5AcQdEma,minbias,0,test,48.02014,47.12742614746094,-0.018590437768982282,1,30mm,2.72682
SubNetW4CleanAuxExDnRcK5AcQdEma,minbias,0,test,31.803179,31.864303588867188,0.0019219714496050422,2,40mm,2.3188918
SubNetW4CleanAuxExDnRcK5AcQdEma,minbias,0,test,47.853912,48.815650939941406,0.02009738679924511,1,30mm,2.3429592
SubNetW4CleanAuxExDnRcK5AcQdEma,minbias,0,test,12.267722,11.938952445983887,-0.026799570479239976,2,40mm,1.4223318
SubNetW4CleanAuxExDnRcK5AcQdEma,minbias,0,test,63.16211,63.69093704223633,0.008372546016419902,1,30mm,4.12553
SubNetW4CleanAuxExDnRcK5AcQdEma,minbias,0,test,64.03423,63.18257141113281,-0.013300099665260579,0,15mm,1.4075313
SubNetW4CleanAuxExDnRcK5AcQdEma,minbias,0,test,6.702091,7.097924709320068,0.0590611914192678,2,40mm,1.4230801
SubNetW4CleanAuxExDnRcK5AcQdEma,minbias,0,test,9.452238,9.080816268920898,-0.03929458935628605,3,60mm,1.4743406
SubNetW4CleanAuxExDnRcK5AcQdEma,minbias,0,test,5.1973553,5.172523021697998,-0.004777862469636629,3,60mm,1.1776623
SubNetW4CleanAuxExDnRcK5AcQdEma,minbias,0,test,52.64987,51.659793853759766,-0.018804945540626172,1,30mm,2.8269684
SubNetW4CleanAuxExDnRcK5AcQdEma,minbias,0,test,47.23639,46.57386016845703,-0.014025817880636393,1,30mm,2.6647727
SubNetW4CleanAuxExDnRcK5AcQdEma,minbias,0,test,22.181576,22.12342643737793,-0.002621515187108958,3,60mm,3.4689374
SubNetW4CleanAuxExDnRcK5AcQdEma,minbias,0,test,71.22431,68.58861541748047,-0.03700557216298661,1,30mm,3.2264857
SubNetW4CleanAuxExDnRcK5AcQdEma,minbias,0,test,11.304405,10.616621017456055,-0.06084213915047065,2,40mm,1.3825629
SubNetW4CleanAuxExDnRcK5AcQdEma,minbias,0,test,28.40753,29.257396697998047,0.029916957656065613,1,30mm,1.4403458
SubNetW4CleanAuxExDnRcK5AcQdEma,minbias,0,test,29.316029,29.203248977661133,-0.003847029175326866,3,60mm,4.7809577
SubNetW4CleanAuxExDnRcK5AcQdEma,minbias,0,test,33.345745,32.75954818725586,-0.017579361261548132,2,40mm,4.124925
SubNetW4CleanAuxExDnRcK5AcQdEma,minbias,0,test,32.135033,31.551429748535156,-0.018160955725814998,2,40mm,3.3034399
SubNetW4CleanAuxExDnRcK5AcQdEma,minbias,0,test,26.896042,26.29078483581543,-0.022503572727339827,3,60mm,3.631674
SubNetW4CleanAuxExDnRcK5AcQdEma,minbias,0,test,57.916855,60.63724899291992,0.04697068135299487,1,30mm,4.9231954
SubNetW4CleanAuxExDnRcK5AcQdEma,minbias,0,test,24.207155,24.871917724609375,0.02746140513812323,3,60mm,4.4222136
SubNetW4CleanAuxExDnRcK5AcQdEma,minbias,0,test,13.773608,14.069049835205078,0.021449835297131514,3,60mm,2.0076365
SubNetW4CleanAuxExDnRcK5AcQdEma,minbias,0,test,43.039608,40.8504753112793,-0.05086321163386909,2,40mm,2.9189458
SubNetW4CleanAuxExDnRcK5AcQdEma,minbias,0,test,24.914188,26.564937591552734,0.06625739442253642,3,60mm,3.3808346
SubNetW4CleanAuxExDnRcK5AcQdEma,minbias,0,test,15.746608,15.385502815246582,-0.022932238501433666,3,60mm,3.3769023
SubNetW4CleanAuxExDnRcK5AcQdEma,minbias,0,test,7.6806655,7.237740516662598,-0.05766752591320212,2,40mm,0.9983703
SubNetW4CleanAuxExDnRcK5AcQdEma,minbias,0,test,12.383652,12.380938529968262,-0.00021909558574373378,2,40mm,1.0819544
SubNetW4CleanAuxExDnRcK5AcQdEma,minbias,0,test,46.0691,46.31187057495117,0.005269717700259857,2,40mm,4.2591004
SubNetW4CleanAuxExDnRcK5AcQdEma,minbias,0,test,35.4315,35.61062240600586,0.005055471188842198,2,40mm,3.1605716
SubNetW4CleanAuxExDnRcK5AcQdEma,minbias,0,test,9.059078,8.746786117553711,-0.03447283393893252,2,40mm,0.6627326
SubNetW4CleanAuxExDnRcK5AcQdEma,minbias,0,test,48.45225,47.41804122924805,-0.021344935982591573,1,30mm,2.3429968
SubNetW4CleanAuxExDnRcK5AcQdEma,minbias,0,test,15.248273,14.014114379882812,-0.08093759367784281,1,30mm,1.1592264
SubNetW4CleanAuxExDnRcK5AcQdEma,minbias,0,test,40.109974,39.146915435791016,-0.024010448720344635,3,60mm,4.2819333
SubNetW4CleanAuxExDnRcK5AcQdEma,minbias,0,test,24.477867,25.85143280029297,0.05611459800527552,3,60mm,3.3976667
SubNetW4CleanAuxExDnRcK5AcQdEma,minbias,0,test,60.133686,56.64845657348633,-0.057958021871155174,0,15mm,2.9058304
SubNetW4CleanAuxExDnRcK5AcQdEma,minbias,0,test,65.38449,65.12590789794922,-0.003954807401941318,2,40mm,3.9925797
SubNetW4CleanAuxExDnRcK5AcQdEma,minbias,0,test,10.557665,11.108116149902344,0.05213759722448308,3,60mm,1.6517478
SubNetW4CleanAuxExDnRcK5AcQdEma,minbias,0,test,45.787556,46.51921081542969,0.01597934438191073,2,40mm,4.4876385
SubNetW4CleanAuxExDnRcK5AcQdEma,minbias,0,test,28.857235,27.762218475341797,-0.03794599452116798,2,40mm,3.085844
SubNetW4CleanAuxExDnRcK5AcQdEma,minbias,0,test,77.10319,78.04867553710938,0.012262631494006193,1,30mm,4.3814607
SubNetW4CleanAuxExDnRcK5AcQdEma,minbias,0,test,92.18016,90.32412719726562,-0.020134845878718832,0,15mm,4.403504
SubNetW4CleanAuxExDnRcK5AcQdEma,minbias,0,test,26.718563,27.258445739746094,0.020206275999909096,2,40mm,2.1419232
SubNetW4CleanAuxExDnRcK5AcQdEma,minbias,0,test,16.644659,17.27355194091797,0.03778346537223287,3,60mm,3.8654099
SubNetW4CleanAuxExDnRcK5AcQdEma,minbias,0,test,36.301968,35.61283874511719,-0.01898323757350906,3,60mm,4.2126856
SubNetW4CleanAuxExDnRcK5AcQdEma,minbias,0,test,51.980183,51.893253326416016,-0.001672355056507313,2,40mm,4.4742413
SubNetW4CleanAuxExDnRcK5AcQdEma,minbias,0,test,7.395997,8.49290657043457,0.1483112440387273,1,30mm,0.5605238
SubNetW4CleanAuxExDnRcK5AcQdEma,minbias,0,test,8.965679,21.056364059448242,1.3485520352942326,1,30mm,0.74277616
SubNetW4CleanAuxExDnRcK5AcQdEma,minbias,0,test,39.309338,39.9521369934082,0.016352332967837002,1,30mm,1.4755471
SubNetW4CleanAuxExDnRcK5AcQdEma,minbias,0,test,39.704803,39.17922592163086,-0.013237127482711997,0,15mm,1.3671706
SubNetW4CleanAuxExDnRcK5AcQdEma,minbias,0,test,62.522423,60.65217208862305,-0.02991327940330002,0,15mm,1.4117931
SubNetW4CleanAuxExDnRcK5AcQdEma,minbias,0,test,18.22431,20.095237731933594,0.10266110589383093,3,60mm,3.1251795
SubNetW4CleanAuxExDnRcK5AcQdEma,minbias,0,test,25.850271,27.3254337310791,0.0570656490705701,2,40mm,2.369489
SubNetW4CleanAuxExDnRcK5AcQdEma,minbias,0,test,81.63615,78.37620544433594,-0.03993256956660585,0,15mm,1.8751911
SubNetW4CleanAuxExDnRcK5AcQdEma,minbias,0,test,27.082613,28.9101619720459,0.06748052639151703,0,15mm,1.0691864
SubNetW4CleanAuxExDnRcK5AcQdEma,minbias,0,test,33.913,8.073880195617676,-0.761923727647721,1,30mm,1.5552137
SubNetW4CleanAuxExDnRcK5AcQdEma,minbias,0,test,37.754673,37.69159698486328,-0.001670681117544759,2,40mm,4.32638
SubNetW4CleanAuxExDnRcK5AcQdEma,minbias,0,test,82.767715,82.7528305053711,-0.0001798400336266992,1,30mm,4.4833274
SubNetW4CleanAuxExDnRcK5AcQdEma,minbias,0,test,31.425667,31.205524444580078,-0.007005177196059753,3,60mm,3.6018372
SubNetW4CleanAuxExDnRcK5AcQdEma,minbias,0,test,36.55316,35.6302490234375,-0.025248502639062087,3,60mm,4.000359
SubNetW4CleanAuxExDnRcK5AcQdEma,minbias,0,test,33.46368,31.506763458251953,-0.05847882819369099,2,40mm,4.498888
SubNetW4CleanAuxExDnRcK5AcQdEma,minbias,0,test,22.01446,21.83003044128418,-0.00837763778755296,2,40mm,2.2102451
SubNetW4CleanAuxExDnRcK5AcQdEma,minbias,0,test,12.3100395,12.334169387817383,0.0019601779112075057,3,60mm,1.6115737
SubNetW4CleanAuxExDnRcK5AcQdEma,minbias,0,test,39.177444,38.333675384521484,-0.021537113641772132,3,60mm,4.854331
SubNetW4CleanAuxExDnRcK5AcQdEma,minbias,0,test,8.995643,9.103391647338867,0.011977908565122153,3,60mm,1.5411276
SubNetW4CleanAuxExDnRcK5AcQdEma,minbias,0,test,38.56143,38.13978576660156,-0.010934399931622929,2,40mm,3.604973
SubNetW4CleanAuxExDnRcK5AcQdEma,minbias,0,test,27.228058,25.711441040039062,-0.055700514117208,2,40mm,3.6947742
SubNetW4CleanAuxExDnRcK5AcQdEma,minbias,0,test,68.22834,69.2505111694336,0.014981619342881114,1,30mm,3.9706461
SubNetW4CleanAuxExDnRcK5AcQdEma,minbias,0,test,27.760002,26.830358505249023,-0.03348860084445515,3,60mm,3.6971974
SubNetW4CleanAuxExDnRcK5AcQdEma,minbias,0,test,57.942093,58.34929275512695,0.007027703682596975,2,40mm,3.8769958
SubNetW4CleanAuxExDnRcK5AcQdEma,minbias,0,test,26.833952,27.78158187866211,0.03531458692152434,1,30mm,1.8469738
SubNetW4CleanAuxExDnRcK5AcQdEma,minbias,0,test,19.425573,18.89371681213379,-0.027379193772555488,2,40mm,1.9465821
SubNetW4CleanAuxExDnRcK5AcQdEma,minbias,0,test,71.67621,62.1783447265625,-0.1325106889554415,2,40mm,4.347054
SubNetW4CleanAuxExDnRcK5AcQdEma,minbias,0,test,3.082566,3.1720166206359863,0.029018226081559906,3,60mm,0.7303495
SubNetW4CleanAuxExDnRcK5AcQdEma,minbias,0,test,56.693924,56.17942428588867,-0.009075040647364974,1,30mm,3.6360652
SubNetW4CleanAuxExDnRcK5AcQdEma,minbias,0,test,66.80397,66.3530502319336,-0.006749899784493807,1,30mm,2.7444527
SubNetW4CleanAuxExDnRcK5AcQdEma,minbias,0,test,20.688772,20.014570236206055,-0.03258781907231345,3,60mm,4.5991583
SubNetW4CleanAuxExDnRcK5AcQdEma,minbias,0,test,9.498737,9.67441463470459,0.018494805498874056,2,40mm,1.0300101
SubNetW4CleanAuxExDnRcK5AcQdEma,minbias,0,test,18.299526,13.56597900390625,-0.25867047896119144,1,30mm,1.2941101
SubNetW4CleanAuxExDnRcK5AcQdEma,minbias,0,test,15.618789,17.182035446166992,0.1000875775386052,1,30mm,0.76064074
SubNetW4CleanAuxExDnRcK5AcQdEma,minbias,0,test,31.646486,32.63552474975586,0.03125271028774157,2,40mm,3.1595328
SubNetW4CleanAuxExDnRcK5AcQdEma,minbias,0,test,92.63063,87.22309112548828,-0.05837744317280502,1,30mm,4.6271906
SubNetW4CleanAuxExDnRcK5AcQdEma,minbias,0,test,56.789528,56.181304931640625,-0.01071012533456972,1,30mm,2.288054
SubNetW4CleanAuxExDnRcK5AcQdEma,minbias,0,test,44.10339,43.294193267822266,-0.018347716058528696,2,40mm,3.3649182
SubNetW4CleanAuxExDnRcK5AcQdEma,minbias,0,test,8.46797,8.503966331481934,0.004250893368966668,3,60mm,1.0971161
SubNetW4CleanAuxExDnRcK5AcQdEma,minbias,0,test,50.168182,49.7442741394043,-0.008449742717215214,2,40mm,4.0093946
SubNetW4CleanAuxExDnRcK5AcQdEma,minbias,0,test,13.629554,13.158735275268555,-0.034543942280033546,2,40mm,0.93457174
SubNetW4CleanAuxExDnRcK5AcQdEma,minbias,0,test,11.421108,11.360783576965332,-0.005281857730943029,3,60mm,1.2202928
SubNetW4CleanAuxExDnRcK5AcQdEma,minbias,0,test,6.8456726,6.597049713134766,-0.036318256589945586,3,60mm,1.4346026
SubNetW4CleanAuxExDnRcK5AcQdEma,minbias,0,test,27.420444,27.71263313293457,0.010655868271262081,3,60mm,4.3742704
SubNetW4CleanAuxExDnRcK5AcQdEma,minbias,0,test,36.98049,36.60709762573242,-0.01009705376836123,2,40mm,4.4555407
SubNetW4CleanAuxExDnRcK5AcQdEma,minbias,0,test,23.988365,25.069547653198242,0.045071119771846746,3,60mm,3.2513814
SubNetW4CleanAuxExDnRcK5AcQdEma,minbias,0,test,14.163793,15.333325386047363,0.08257200652876517,1,30mm,0.8660537
SubNetW4CleanAuxExDnRcK5AcQdEma,minbias,0,test,41.234432,39.844722747802734,-0.033702646012589654,2,40mm,3.568616
SubNetW4CleanAuxExDnRcK5AcQdEma,minbias,0,test,48.152683,45.4154052734375,-0.05684580379352289,1,30mm,2.487267
SubNetW4CleanAuxExDnRcK5AcQdEma,minbias,0,test,34.213055,33.23017883300781,-0.028728093233090446,2,40mm,2.2961802
SubNetW4CleanAuxExDnRcK5AcQdEma,minbias,0,test,25.235735,24.265390396118164,-0.03845120999172158,1,30mm,1.7213383
SubNetW4CleanAuxExDnRcK5AcQdEma,minbias,0,test,14.2823925,14.056303977966309,-0.015829877510771473,4,120mm,3.1810586
SubNetW4CleanAuxExDnRcK5AcQdEma,minbias,0,test,4.9149704,4.985957145690918,0.014442965469602553,4,120mm,1.1015441
SubNetW4CleanAuxExDnRcK5AcQdEma,minbias,0,test,20.930649,20.71746826171875,-0.010185090008026476,3,60mm,3.3219578
SubNetW4CleanAuxExDnRcK5AcQdEma,minbias,0,test,19.7758,20.14727783203125,0.01878442914233558,1,30mm,1.5513699
SubNetW4CleanAuxExDnRcK5AcQdEma,minbias,0,test,92.53418,90.63471221923828,-0.020527198432800375,0,15mm,2.4459486
SubNetW4CleanAuxExDnRcK5AcQdEma,minbias,0,test,9.863948,9.256523132324219,-0.06158028652727776,3,60mm,1.860475
SubNetW4CleanAuxExDnRcK5AcQdEma,minbias,0,test,40.91483,40.819313049316406,-0.0023345130989222973,2,40mm,3.6814084
SubNetW4CleanAuxExDnRcK5AcQdEma,minbias,0,test,6.356561,6.479255199432373,0.01930194832594756,2,40mm,0.9778197
SubNetW4CleanAuxExDnRcK5AcQdEma,minbias,0,test,14.174656,14.595728874206543,0.02970604453790715,3,60mm,2.3098674
SubNetW4CleanAuxExDnRcK5AcQdEma,minbias,0,test,14.48283,13.963278770446777,-0.0358736017375606,3,60mm,2.913341
SubNetW4CleanAuxExDnRcK5AcQdEma,minbias,0,test,18.278008,18.30112648010254,0.001264851913922005,3,60mm,2.4823134
SubNetW4CleanAuxExDnRcK5AcQdEma,minbias,0,test,70.377754,69.45855712890625,-0.013060903872523677,1,30mm,4.9974856
SubNetW4CleanAuxExDnRcK5AcQdEma,minbias,0,test,11.642192,13.077052116394043,0.1232465710435926,0,15mm,0.61893106
SubNetW4CleanAuxExDnRcK5AcQdEma,minbias,0,test,72.62003,74.6172866821289,0.027502788530867406,0,15mm,3.468077
SubNetW4CleanAuxExDnRcK5AcQdEma,minbias,0,test,21.778921,23.199356079101562,0.06522062977676346,4,120mm,4.605617
SubNetW4CleanAuxExDnRcK5AcQdEma,minbias,0,test,20.774036,20.895389556884766,0.005841577776884099,2,40mm,1.9043186
SubNetW4CleanAuxExDnRcK5AcQdEma,minbias,0,test,10.715568,11.009933471679688,0.027470862409662677,3,60mm,1.2996107
SubNetW4CleanAuxExDnRcK5AcQdEma,minbias,0,test,9.418775,9.92177963256836,0.0534045084288135,2,40mm,1.1739361
SubNetW4CleanAuxExDnRcK5AcQdEma,minbias,0,test,23.289936,21.957141876220703,-0.05722618497942045,1,30mm,2.190512
SubNetW4CleanAuxExDnRcK5AcQdEma,minbias,0,test,78.09419,76.84014892578125,-0.016058090094511868,1,30mm,3.5253272
SubNetW4CleanAuxExDnRcK5AcQdEma,minbias,0,test,11.279434,11.208701133728027,-0.006270976814405693,3,60mm,2.4650981
SubNetW4CleanAuxExDnRcK5AcQdEma,minbias,0,test,38.1869,43.23125076293945,0.13209633476639993,1,30mm,3.0570834
SubNetW4CleanAuxExDnRcK5AcQdEma,minbias,0,test,25.012941,24.601465225219727,-0.016450529720752338,2,40mm,2.6699753
SubNetW4CleanAuxExDnRcK5AcQdEma,minbias,0,test,8.039364,7.802435874938965,-0.029470986789379316,3,60mm,1.1698772
SubNetW4CleanAuxExDnRcK5AcQdEma,minbias,0,test,17.341301,18.424270629882812,0.06245031256613065,0,15mm,0.85321045
SubNetW4CleanAuxExDnRcK5AcQdEma,minbias,0,test,18.782923,18.339920043945312,-0.023585397588320678,2,40mm,3.1795998
SubNetW4CleanAuxExDnRcK5AcQdEma,minbias,0,test,11.569383,10.795293807983398,-0.06690839795020798,3,60mm,2.5115738
SubNetW4CleanAuxExDnRcK5AcQdEma,minbias,0,test,12.979843,12.647584915161133,-0.025598015392989115,3,60mm,2.204868
SubNetW4CleanAuxExDnRcK5AcQdEma,minbias,0,test,50.99752,60.90892791748047,0.1943507720350246,1,30mm,4.8818393
SubNetW4CleanAuxExDnRcK5AcQdEma,minbias,0,test,19.200125,19.58568572998047,0.02008117106471574,2,40mm,4.1960597
SubNetW4CleanAuxExDnRcK5AcQdEma,minbias,0,test,58.27922,59.82553482055664,0.02653285723599108,0,15mm,2.1081996
SubNetW4CleanAuxExDnRcK5AcQdEma,minbias,0,test,8.352291,8.111560821533203,-0.028822066012241132,3,60mm,1.9047608
SubNetW4CleanAuxExDnRcK5AcQdEma,minbias,0,test,37.434402,37.66103744506836,0.0060541898446215825,3,60mm,4.791162
SubNetW4CleanAuxExDnRcK5AcQdEma,minbias,0,test,16.859612,17.29374122619629,0.02574968673961675,3,60mm,2.2745743
SubNetW4CleanAuxExDnRcK5AcQdEma,minbias,0,test,51.599358,51.77184295654297,0.0033427809873711745,0,15mm,1.4755964
SubNetW4CleanAuxExDnRcK5AcQdEma,minbias,0,test,16.892715,16.26917266845703,-0.0369119332731751,2,40mm,1.3772739
SubNetW4CleanAuxExDnRcK5AcQdEma,minbias,0,test,9.854167,9.550582885742188,-0.030807687680921902,3,60mm,2.0712388
SubNetW4CleanAuxExDnRcK5AcQdEma,minbias,0,test,2.960282,2.5060315132141113,-0.15344840819621075,3,60mm,0.53969294
SubNetW4CleanAuxExDnRcK5AcQdEma,minbias,0,test,36.780415,34.6845817565918,-0.056982305625577934,0,15mm,1.2249488
SubNetW4CleanAuxExDnRcK5AcQdEma,minbias,0,test,29.336123,28.46778678894043,-0.02959953973118179,3,60mm,4.7122755
SubNetW4CleanAuxExDnRcK5AcQdEma,minbias,0,test,34.358307,33.8231201171875,-0.015576633894478276,2,40mm,2.3387952
SubNetW4CleanAuxExDnRcK5AcQdEma,minbias,0,test,99.239006,96.4259262084961,-0.0283465135954728,1,30mm,4.575897
SubNetW4CleanAuxExDnRcK5AcQdEma,minbias,0,test,24.403812,24.498432159423828,0.003877252840372103,2,40mm,2.9644914
SubNetW4CleanAuxExDnRcK5AcQdEma,minbias,0,test,10.437414,9.690340042114258,-0.07157655287780385,3,60mm,1.8676109
SubNetW4CleanAuxExDnRcK5AcQdEma,minbias,0,test,12.871546,14.161736488342285,0.10023587823893587,3,60mm,2.3052552
SubNetW4CleanAuxExDnRcK5AcQdEma,minbias,0,test,19.380503,19.52133560180664,0.007266731063437337,3,60mm,2.983952
SubNetW4CleanAuxExDnRcK5AcQdEma,minbias,0,test,55.322147,55.36879348754883,0.0008431725878716989,0,15mm,1.8244759
SubNetW4CleanAuxExDnRcK5AcQdEma,minbias,0,test,44.386528,45.62060546875,0.02780297330740611,2,40mm,3.960787
SubNetW4CleanAuxExDnRcK5AcQdEma,minbias,0,test,87.62441,90.58912658691406,0.03383433867877761,1,30mm,4.703647
SubNetW4CleanAuxExDnRcK5AcQdEma,minbias,0,test,49.85197,50.506385803222656,0.01312716672552372,2,40mm,4.4477053
SubNetW4CleanAuxExDnRcK5AcQdEma,minbias,0,test,5.3776627,5.494413375854492,0.021710308841033976,2,40mm,0.5453543
SubNetW4CleanAuxExDnRcK5AcQdEma,minbias,0,test,51.88186,50.09247589111328,-0.03448956870613307,2,40mm,4.666085
SubNetW4CleanAuxExDnRcK5AcQdEma,minbias,0,test,95.30981,94.18423461914062,-0.011809615842276577,0,15mm,4.461335
SubNetW4CleanAuxExDnRcK5AcQdEma,minbias,0,test,4.527419,4.072459697723389,-0.10048978976239975,2,40mm,0.5514228
SubNetW4CleanAuxExDnRcK5AcQdEma,minbias,0,test,7.04741,7.6805219650268555,0.08983611748443288,2,40mm,0.6644589
SubNetW4CleanAuxExDnRcK5AcQdEma,minbias,0,test,6.0375752,5.96837043762207,-0.011462351105257285,3,60mm,1.0712163
SubNetW4CleanAuxExDnRcK5AcQdEma,minbias,0,test,16.854395,16.266016006469727,-0.03490952415063919,2,40mm,2.17526
SubNetW4CleanAuxExDnRcK5AcQdEma,minbias,0,test,61.242954,62.48567199707031,0.020291603467768704,0,15mm,1.7428573
SubNetW4CleanAuxExDnRcK5AcQdEma,minbias,0,test,8.056992,7.641935348510742,-0.0515150381706857,3,60mm,1.3667037
SubNetW4CleanAuxExDnRcK5AcQdEma,minbias,0,test,96.591515,94.06511688232422,-0.026155482868964408,0,15mm,2.1352525
SubNetW4CleanAuxExDnRcK5AcQdEma,minbias,0,test,33.582333,34.058048248291016,0.014165652002684936,2,40mm,2.67491
SubNetW4CleanAuxExDnRcK5AcQdEma,minbias,0,test,7.3967514,7.4459710121154785,0.006654219618837276,3,60mm,1.5195053
SubNetW4CleanAuxExDnRcK5AcQdEma,minbias,0,test,40.136623,30.507972717285156,-0.23989687855667996,0,15mm,1.2894187
SubNetW4CleanAuxExDnRcK5AcQdEma,minbias,0,test,45.98129,48.72635269165039,0.05969958317428836,1,30mm,2.8126993
SubNetW4CleanAuxExDnRcK5AcQdEma,minbias,0,test,37.557617,36.93260192871094,-0.016641504589302913,3,60mm,4.8919883
SubNetW4CleanAuxExDnRcK5AcQdEma,minbias,0,test,47.45447,47.22860336303711,-0.004759682650309682,1,30mm,2.4998379
SubNetW4CleanAuxExDnRcK5AcQdEma,minbias,0,test,10.418063,10.023653030395508,-0.037858297378528305,3,60mm,1.4955317
SubNetW4CleanAuxExDnRcK5AcQdEma,minbias,0,test,3.6028125,3.7752530574798584,0.047862753751482856,3,60mm,0.78447133
SubNetW4CleanAuxExDnRcK5AcQdEma,minbias,0,test,84.72744,70.483642578125,-0.168113155813008,0,15mm,2.863098
SubNetW4CleanAuxExDnRcK5AcQdEma,minbias,0,test,26.613071,27.442182540893555,0.031154280747376584,2,40mm,2.871253
SubNetW4CleanAuxExDnRcK5AcQdEma,minbias,0,test,4.0085444,4.050293922424316,0.010415121488338785,3,60mm,0.719523
SubNetW4CleanAuxExDnRcK5AcQdEma,minbias,0,test,32.333515,31.691423416137695,-0.019858396087699903,2,40mm,3.7722304
SubNetW4CleanAuxExDnRcK5AcQdEma,minbias,0,test,55.768623,59.8953857421875,0.07399792467685073,2,40mm,4.1784396
SubNetW4CleanAuxExDnRcK5AcQdEma,minbias,0,test,90.5331,92.94222259521484,0.026610448331475745,0,15mm,2.6502886
SubNetW4CleanAuxExDnRcK5AcQdEma,minbias,0,test,18.18052,18.011558532714844,-0.009293495434453902,3,60mm,4.149492
SubNetW4CleanAuxExDnRcK5AcQdEma,minbias,0,test,25.527521,25.17432403564453,-0.01383593400754779,2,40mm,3.6158185
SubNetW4CleanAuxExDnRcK5AcQdEma,minbias,0,test,46.08427,40.77287673950195,-0.11525393985372556,0,15mm,0.99038696
SubNetW4CleanAuxExDnRcK5AcQdEma,minbias,0,test,41.14132,38.750938415527344,-0.05810170654476843,1,30mm,3.3661373
SubNetW4CleanAuxExDnRcK5AcQdEma,minbias,0,test,23.165424,22.876054763793945,-0.01249144323006146,2,40mm,2.3654544
SubNetW4CleanAuxExDnRcK5AcQdEma,minbias,0,test,17.142231,16.920400619506836,-0.012940577466440506,2,40mm,2.8801486
SubNetW4CleanAuxExDnRcK5AcQdEma,minbias,0,test,19.570135,19.422780990600586,-0.007529540552417724,2,40mm,2.0154414
SubNetW4CleanAuxExDnRcK5AcQdEma,minbias,0,test,13.167754,13.552685737609863,0.02923289417964625,4,120mm,2.759905
SubNetW4CleanAuxExDnRcK5AcQdEma,minbias,0,test,96.83624,100.27704620361328,0.03553218746159148,1,30mm,4.0754595
SubNetW4CleanAuxExDnRcK5AcQdEma,minbias,0,test,29.561985,30.348819732666016,0.026616437170051244,2,40mm,3.208906
SubNetW4CleanAuxExDnRcK5AcQdEma,minbias,0,test,26.428791,26.034212112426758,-0.01492988964296238,3,60mm,3.4229465
SubNetW4CleanAuxExDnRcK5AcQdEma,minbias,0,test,18.896261,19.613473892211914,0.03795526897271384,3,60mm,3.3439167
SubNetW4CleanAuxExDnRcK5AcQdEma,minbias,0,test,12.153175,12.28725814819336,0.011032737559018235,3,60mm,1.9315269
SubNetW4CleanAuxExDnRcK5AcQdEma,minbias,0,test,56.252735,56.629310607910156,0.006694349511135567,2,40mm,4.35838
SubNetW4CleanAuxExDnRcK5AcQdEma,minbias,0,test,53.95496,53.42885208129883,-0.009750869787681249,2,40mm,4.5092316
SubNetW4CleanAuxExDnRcK5AcQdEma,minbias,0,test,37.751087,37.70674514770508,-0.0011745897752283296,2,40mm,3.6258006
SubNetW4CleanAuxExDnRcK5AcQdEma,minbias,0,test,7.6446986,7.356857776641846,-0.03765234674569984,3,60mm,1.134247
SubNetW4CleanAuxExDnRcK5AcQdEma,minbias,0,test,4.5333786,4.276009559631348,-0.05677201577249369,4,120mm,1.0835084
SubNetW4CleanAuxExDnRcK5AcQdEma,minbias,0,test,39.006493,43.82469177246094,0.12352300437013297,0,15mm,1.2721123
SubNetW4CleanAuxExDnRcK5AcQdEma,minbias,0,test,31.82953,31.774106979370117,-0.0017412677889249162,2,40mm,4.243362
SubNetW4CleanAuxExDnRcK5AcQdEma,minbias,0,test,30.63194,30.00701904296875,-0.020400986079727845,2,40mm,4.7200193
SubNetW4CleanAuxExDnRcK5AcQdEma,minbias,0,test,24.864944,24.54556655883789,-0.012844504829250258,1,30mm,2.1249423
SubNetW4CleanAuxExDnRcK5AcQdEma,minbias,0,test,56.43111,57.44995880126953,0.018054729249364465,0,15mm,1.5019317
SubNetW4CleanAuxExDnRcK5AcQdEma,minbias,0,test,15.86921,15.804457664489746,-0.00408039075309341,3,60mm,3.180147
SubNetW4CleanAuxExDnRcK5AcQdEma,minbias,0,test,58.701992,59.51249694824219,0.013807110887276819,2,40mm,4.419629
SubNetW4CleanAuxExDnRcK5AcQdEma,minbias,0,test,5.341981,5.602506637573242,0.048769493310063305,3,60mm,0.78619385
SubNetW4CleanAuxExDnRcK5AcQdEma,minbias,0,test,4.959357,4.931018352508545,-0.005714134623011846,3,60mm,0.69474876
SubNetW4CleanAuxExDnRcK5AcQdEma,minbias,0,test,11.9818535,11.69407844543457,-0.024017572909778573,3,60mm,2.6305902
SubNetW4CleanAuxExDnRcK5AcQdEma,minbias,0,test,27.14589,27.48104476928711,0.012346454506465099,3,60mm,4.419444
SubNetW4CleanAuxExDnRcK5AcQdEma,minbias,0,test,82.60622,82.0478744506836,-0.006759079450747052,1,30mm,3.8082898
SubNetW4CleanAuxExDnRcK5AcQdEma,minbias,0,test,19.99694,20.16330909729004,0.008319696883564154,3,60mm,2.696657
SubNetW4CleanAuxExDnRcK5AcQdEma,minbias,0,test,22.597021,22.18532943725586,-0.018218846801735467,2,40mm,1.4335718
SubNetW4CleanAuxExDnRcK5AcQdEma,minbias,0,test,26.800238,26.45280647277832,-0.012963735147632827,3,60mm,4.0228715
SubNetW4CleanAuxExDnRcK5AcQdEma,minbias,0,test,27.73168,35.18293762207031,0.26869117659499664,0,15mm,0.78350896
SubNetW4CleanAuxExDnRcK5AcQdEma,minbias,0,test,54.92337,55.15269470214844,0.004175350844488168,1,30mm,2.5917234
SubNetW4CleanAuxExDnRcK5AcQdEma,minbias,0,test,21.076132,21.789196014404297,0.03383278296949954,0,15mm,0.56989515
SubNetW4CleanAuxExDnRcK5AcQdEma,minbias,0,test,14.134451,14.789158821105957,0.046320010072163686,2,40mm,1.1784446
SubNetW4CleanAuxExDnRcK5AcQdEma,minbias,0,test,15.548676,15.837069511413574,0.01854781608992373,3,60mm,3.2813463
SubNetW4CleanAuxExDnRcK5AcQdEma,minbias,0,test,60.003834,59.00709533691406,-0.016611245835490895,1,30mm,4.4923835
SubNetW4CleanAuxExDnRcK5AcQdEma,minbias,0,test,9.217343,9.379688262939453,0.017612985297077,2,40mm,0.6738125
SubNetW4CleanAuxExDnRcK5AcQdEma,minbias,0,test,15.310495,15.180604934692383,-0.008483751746737211,3,60mm,2.7292607
SubNetW4CleanAuxExDnRcK5AcQdEma,minbias,0,test,26.712048,26.393770217895508,-0.011915123993863297,3,60mm,4.138434
SubNetW4CleanAuxExDnRcK5AcQdEma,minbias,0,test,50.23331,49.789588928222656,-0.008833217740613297,2,40mm,4.8903594
SubNetW4CleanAuxExDnRcK5AcQdEma,minbias,0,test,33.075512,33.206451416015625,0.003958804444517794,2,40mm,3.3815413
SubNetW4CleanAuxExDnRcK5AcQdEma,minbias,0,test,44.756027,43.633148193359375,-0.02508888965409317,2,40mm,4.5671277
SubNetW4CleanAuxExDnRcK5AcQdEma,minbias,0,test,17.013166,17.017576217651367,0.00025919866579959816,3,60mm,3.9711947
SubNetW4CleanAuxExDnRcK5AcQdEma,minbias,0,test,52.58669,53.272804260253906,0.013047318209235437,1,30mm,2.8497865
SubNetW4CleanAuxExDnRcK5AcQdEma,minbias,0,test,92.19073,85.54554748535156,-0.07208078239448545,0,15mm,2.7920804
SubNetW4CleanAuxExDnRcK5AcQdEma,minbias,0,test,25.891209,27.936532974243164,0.07899686543469531,3,60mm,3.1150799
SubNetW4CleanAuxExDnRcK5AcQdEma,minbias,0,test,10.765022,10.022375106811523,-0.06898705379828252,4,120mm,2.2384713
SubNetW4CleanAuxExDnRcK5AcQdEma,minbias,0,test,84.92793,86.39839935302734,0.017314287141358964,0,15mm,3.2705047
SubNetW4CleanAuxExDnRcK5AcQdEma,minbias,0,test,20.938078,20.31350326538086,-0.02982960821157077,1,30mm,1.2059366
SubNetW4CleanAuxExDnRcK5AcQdEma,minbias,0,test,22.905529,20.19363021850586,-0.11839494303233866,0,15mm,0.64449143
SubNetW4CleanAuxExDnRcK5AcQdEma,minbias,0,test,39.362198,38.30679702758789,-0.02681254872286487,2,40mm,3.0353823
SubNetW4CleanAuxExDnRcK5AcQdEma,minbias,0,test,19.311201,18.814395904541016,-0.025726270912984406,3,60mm,2.4116232
SubNetW4CleanAuxExDnRcK5AcQdEma,minbias,0,test,28.6483,28.529430389404297,-0.004149278693152292,3,60mm,3.1444657
SubNetW4CleanAuxExDnRcK5AcQdEma,minbias,0,test,5.4341726,5.4672040939331055,0.006078471530110763,3,60mm,0.94135505
SubNetW4CleanAuxExDnRcK5AcQdEma,minbias,0,test,47.75878,50.1886100769043,0.05087710722272565,0,15mm,1.2258182
SubNetW4CleanAuxExDnRcK5AcQdEma,minbias,0,test,18.449411,17.737585067749023,-0.03858260349505649,1,30mm,1.1496911
SubNetW4CleanAuxExDnRcK5AcQdEma,minbias,0,test,42.282646,41.71653747558594,-0.013388677265231741,2,40mm,3.46315
SubNetW4CleanAuxExDnRcK5AcQdEma,minbias,0,test,71.00595,67.50431823730469,-0.049314636937873524,1,30mm,3.0163255
SubNetW4CleanAuxExDnRcK5AcQdEma,minbias,0,test,13.411043,14.090434074401855,0.050659064982622626,4,120mm,2.7759414
SubNetW4CleanAuxExDnRcK5AcQdEma,minbias,0,test,44.8677,44.90081787109375,0.000738152449140772,2,40mm,4.8151226
SubNetW4CleanAuxExDnRcK5AcQdEma,minbias,0,test,43.988647,44.58660125732422,0.013593366263823237,2,40mm,4.3579826
SubNetW4CleanAuxExDnRcK5AcQdEma,minbias,0,test,2.573082,2.538788318634033,-0.013327850405771224,3,60mm,0.5003169
SubNetW4CleanAuxExDnRcK5AcQdEma,minbias,0,test,17.095583,16.143123626708984,-0.05571376755283852,3,60mm,2.261578
SubNetW4CleanAuxExDnRcK5AcQdEma,minbias,0,test,80.59851,79.73943328857422,-0.010658726143976005,0,15mm,3.022508
SubNetW4CleanAuxExDnRcK5AcQdEma,minbias,0,test,27.99878,27.96248435974121,-0.0012963042691593873,1,30mm,1.1299211
SubNetW4CleanAuxExDnRcK5AcQdEma,minbias,0,test,32.46567,32.00365447998047,-0.014230941096253003,1,30mm,2.404352
SubNetW4CleanAuxExDnRcK5AcQdEma,minbias,0,test,17.343147,17.412330627441406,0.00398908851439006,3,60mm,3.0114853
SubNetW4CleanAuxExDnRcK5AcQdEma,minbias,0,test,48.745506,47.586326599121094,-0.023780236903973906,0,15mm,1.4273729
SubNetW4CleanAuxExDnRcK5AcQdEma,minbias,0,test,3.9224818,5.006824970245361,0.27644314418340143,3,60mm,0.7369504
SubNetW4CleanAuxExDnRcK5AcQdEma,minbias,0,test,25.174524,24.470890045166016,-0.027950250558748113,3,60mm,3.0427577
SubNetW4CleanAuxExDnRcK5AcQdEma,minbias,0,test,59.000393,57.34674835205078,-0.028027687276304225,1,30mm,3.791755
SubNetW4CleanAuxExDnRcK5AcQdEma,minbias,0,test,14.097821,14.40728759765625,0.02195136091077665,2,40mm,2.0160036
SubNetW4CleanAuxExDnRcK5AcQdEma,minbias,0,test,9.391041,8.80397891998291,-0.06251297320462024,4,120mm,2.237135
SubNetW4CleanAuxExDnRcK5AcQdEma,minbias,0,test,7.593217,7.634018898010254,0.005373480372240058,3,60mm,1.6039281
SubNetW4CleanAuxExDnRcK5AcQdEma,minbias,0,test,17.358183,17.337907791137695,-0.001168043687251319,2,40mm,1.394768
SubNetW4CleanAuxExDnRcK5AcQdEma,minbias,0,test,30.748255,30.227602005004883,-0.016932758453740426,2,40mm,4.0484858
SubNetW4CleanAuxExDnRcK5AcQdEma,minbias,0,test,13.01012,13.36613655090332,0.027364555310399385,3,60mm,2.680634
SubNetW4CleanAuxExDnRcK5AcQdEma,minbias,0,test,10.126743,9.471446990966797,-0.0647094831174555,1,30mm,0.7663779
SubNetW4CleanAuxExDnRcK5AcQdEma,minbias,0,test,10.171678,10.378746032714844,0.020357354180572163,2,40mm,0.63505137
SubNetW4CleanAuxExDnRcK5AcQdEma,minbias,0,test,34.243114,34.17890930175781,-0.0018749804353015431,3,60mm,4.9532566
SubNetW4CleanAuxExDnRcK5AcQdEma,minbias,0,test,9.875965,9.934050559997559,0.005881495215195542,2,40mm,0.5958643
SubNetW4CleanAuxExDnRcK5AcQdEma,minbias,0,test,4.577094,4.93693733215332,0.07861827787502307,3,60mm,0.79420537
SubNetW4CleanAuxExDnRcK5AcQdEma,minbias,0,test,14.905876,16.39496421813965,0.0998993982320091,2,40mm,2.2017229
SubNetW4CleanAuxExDnRcK5AcQdEma,minbias,0,test,14.653008,14.012818336486816,-0.04369001261520411,3,60mm,2.9461665
SubNetW4CleanAuxExDnRcK5AcQdEma,minbias,0,test,23.07275,22.65591812133789,-0.018065985570027587,3,60mm,4.9057207
SubNetW4CleanAuxExDnRcK5AcQdEma,minbias,0,test,36.01642,35.729434967041016,-0.007968129599910556,2,40mm,3.0437884
SubNetW4CleanAuxExDnRcK5AcQdEma,minbias,0,test,4.6511493,4.76548433303833,0.02458210936925731,2,40mm,0.7205763
SubNetW4CleanAuxExDnRcK5AcQdEma,minbias,0,test,23.90733,24.017820358276367,0.004621628638029618,3,60mm,3.0414305
SubNetW4CleanAuxExDnRcK5AcQdEma,minbias,0,test,22.987534,22.63680648803711,-0.015257273262525128,3,60mm,3.1114705
SubNetW4CleanAuxExDnRcK5AcQdEma,minbias,0,test,38.456745,41.203670501708984,0.0714289611212151,1,30mm,1.778512
SubNetW4CleanAuxExDnRcK5AcQdEma,minbias,0,test,20.330576,19.54764175415039,-0.038510182448255104,4,120mm,4.8884306
SubNetW4CleanAuxExDnRcK5AcQdEma,minbias,0,test,80.58072,79.31535339355469,-0.015703081535893837,1,30mm,4.075612
SubNetW4CleanAuxExDnRcK5AcQdEma,minbias,0,test,49.229828,43.35981750488281,-0.1192368657104087,2,40mm,3.4458961
SubNetW4CleanAuxExDnRcK5AcQdEma,minbias,0,test,30.762491,31.14327621459961,0.012378223389107657,2,40mm,4.41091
SubNetW4CleanAuxExDnRcK5AcQdEma,minbias,0,test,64.748726,64.33605194091797,-0.006373468273171867,1,30mm,2.6260614
SubNetW4CleanAuxExDnRcK5AcQdEma,minbias,0,test,29.000584,29.142152786254883,0.004881596152968459,2,40mm,4.240045
SubNetW4CleanAuxExDnRcK5AcQdEma,minbias,0,test,31.729662,31.68368911743164,-0.001448891078051795,2,40mm,3.4658692
SubNetW4CleanAuxExDnRcK5AcQdEma,minbias,0,test,11.420025,11.067231178283691,-0.030892550366754645,3,60mm,1.5602845
SubNetW4CleanAuxExDnRcK5AcQdEma,minbias,0,test,23.689777,23.094297409057617,-0.025136579200477627,3,60mm,4.2612453
SubNetW4CleanAuxExDnRcK5AcQdEma,minbias,0,test,37.204628,36.75226593017578,-0.012158757793779729,3,60mm,3.7068055
SubNetW4CleanAuxExDnRcK5AcQdEma,minbias,0,test,14.0132065,13.08551025390625,-0.06620156701632618,3,60mm,2.5293634
SubNetW4CleanAuxExDnRcK5AcQdEma,minbias,0,test,10.104914,13.04719352722168,0.2911731757106846,2,40mm,0.67205113
SubNetW4CleanAuxExDnRcK5AcQdEma,minbias,0,test,3.2579618,3.5763351917266846,0.09772166345819899,3,60mm,0.5304742
SubNetW4CleanAuxExDnRcK5AcQdEma,minbias,0,test,17.650686,17.536619186401367,-0.006462472672755015,3,60mm,2.8027864
SubNetW4CleanAuxExDnRcK5AcQdEma,minbias,0,test,11.54363,13.002640724182129,0.12639101587500656,2,40mm,2.451057
SubNetW4CleanAuxExDnRcK5AcQdEma,minbias,0,test,9.241264,8.904952049255371,-0.03639245470253971,3,60mm,2.092415
SubNetW4CleanAuxExDnRcK5AcQdEma,minbias,0,test,16.903984,16.749900817871094,-0.009115203334117195,3,60mm,2.8747873
SubNetW4CleanAuxExDnRcK5AcQdEma,minbias,0,test,7.8778944,7.451052665710449,-0.05418221089074837,3,60mm,1.8183298
SubNetW4CleanAuxExDnRcK5AcQdEma,minbias,0,test,63.275387,72.84805297851562,0.15128577873275417,1,30mm,3.000755
SubNetW4CleanAuxExDnRcK5AcQdEma,minbias,0,test,87.02956,85.30937194824219,-0.019765518747997923,1,30mm,3.8625495
SubNetW4CleanAuxExDnRcK5AcQdEma,minbias,0,test,23.215908,22.757328033447266,-0.019752835688855774,3,60mm,3.7957728
SubNetW4CleanAuxExDnRcK5AcQdEma,minbias,0,test,42.388927,42.1801643371582,-0.004924944674690956,1,30mm,1.9975041
SubNetW4CleanAuxExDnRcK5AcQdEma,minbias,0,test,21.314333,21.06613540649414,-0.011644631618735968,3,60mm,3.3482013
SubNetW4CleanAuxExDnRcK5AcQdEma,minbias,0,test,34.190445,34.72813034057617,0.01572618885573962,1,30mm,1.7282535
SubNetW4CleanAuxExDnRcK5AcQdEma,minbias,0,test,20.149443,19.76529312133789,-0.019065021183514608,3,60mm,4.8056684
SubNetW4CleanAuxExDnRcK5AcQdEma,minbias,0,test,9.580904,8.898680686950684,-0.07120657085300808,3,60mm,1.7242898
SubNetW4CleanAuxExDnRcK5AcQdEma,minbias,0,test,60.6503,62.66814041137695,0.0332700970972466,2,40mm,4.6002693
SubNetW4CleanAuxExDnRcK5AcQdEma,minbias,0,test,12.275234,12.808938026428223,0.04347809535411362,3,60mm,2.5293803
SubNetW4CleanAuxExDnRcK5AcQdEma,minbias,0,test,11.993046,11.539986610412598,-0.03777682531755888,3,60mm,2.162096
SubNetW4CleanAuxExDnRcK5AcQdEma,minbias,0,test,69.00487,41.6775016784668,-0.3960208438045837,1,30mm,4.3516603
SubNetW4CleanAuxExDnRcK5AcQdEma,minbias,0,test,25.443537,25.17677879333496,-0.01048431150199991,3,60mm,4.1730604
SubNetW4CleanAuxExDnRcK5AcQdEma,minbias,0,test,8.224816,8.234146118164062,0.0011343470141791379,3,60mm,1.4393914
SubNetW4CleanAuxExDnRcK5AcQdEma,minbias,0,test,3.0800552,3.0195472240448,-0.019645106376127375,3,60mm,0.7333425
SubNetW4CleanAuxExDnRcK5AcQdEma,minbias,0,test,55.134842,54.24039077758789,-0.016222974624147235,2,40mm,4.9781265
SubNetW4CleanAuxExDnRcK5AcQdEma,minbias,0,test,15.756732,16.395030975341797,0.040509604965606405,3,60mm,2.657028
SubNetW4CleanAuxExDnRcK5AcQdEma,minbias,0,test,35.013046,34.9238395690918,-0.0025478130318158376,2,40mm,2.9386535
SubNetW4CleanAuxExDnRcK5AcQdEma,minbias,0,test,14.909559,16.858932495117188,0.13074653734349773,2,40mm,1.7950733
SubNetW4CleanAuxExDnRcK5AcQdEma,minbias,0,test,12.159872,12.749157905578613,0.048461517346310545,2,40mm,0.7730245
SubNetW4CleanAuxExDnRcK5AcQdEma,minbias,0,test,47.490623,45.422393798828125,-0.043550274222447394,1,30mm,3.9536467
SubNetW4CleanAuxExDnRcK5AcQdEma,minbias,0,test,88.583336,92.72090148925781,0.04670817114590342,1,30mm,3.3012562
SubNetW4CleanAuxExDnRcK5AcQdEma,minbias,0,test,78.06912,78.07455444335938,6.958101673504302e-05,0,15mm,1.7849944
SubNetW4CleanAuxExDnRcK5AcQdEma,minbias,0,test,51.297516,49.831172943115234,-0.02858506696047458,2,40mm,3.5197213
SubNetW4CleanAuxExDnRcK5AcQdEma,minbias,0,test,28.311317,27.870664596557617,-0.0155645475758599,2,40mm,3.570341
SubNetW4CleanAuxExDnRcK5AcQdEma,minbias,0,test,11.438949,11.530609130859375,0.008013017850438953,4,120mm,2.5345948
SubNetW4CleanAuxExDnRcK5AcQdEma,minbias,0,test,11.138962,10.314166069030762,-0.07404601419446222,3,60mm,1.3938335
SubNetW4CleanAuxExDnRcK5AcQdEma,minbias,0,test,17.050556,17.920654296875,0.051030482799632404,3,60mm,2.9581325
SubNetW4CleanAuxExDnRcK5AcQdEma,minbias,0,test,7.409159,8.311441421508789,0.12177930257129344,3,60mm,1.2263875
SubNetW4CleanAuxExDnRcK5AcQdEma,minbias,0,test,39.158978,39.63357925415039,0.01211987073722498,2,40mm,4.978196
SubNetW4CleanAuxExDnRcK5AcQdEma,minbias,0,test,17.825306,17.81797218322754,-0.00041142382174963466,3,60mm,3.661259
SubNetW4CleanAuxExDnRcK5AcQdEma,minbias,0,test,18.310028,18.219900131225586,-0.004922326965930757,3,60mm,3.3504965
SubNetW4CleanAuxExDnRcK5AcQdEma,minbias,0,test,22.03756,22.020000457763672,-0.0007967784048991122,3,60mm,4.0323286
SubNetW4CleanAuxExDnRcK5AcQdEma,minbias,0,test,65.4491,61.78352737426758,-0.056006415540912347,0,15mm,1.5398839
SubNetW4CleanAuxExDnRcK5AcQdEma,minbias,0,test,67.97401,65.73736572265625,-0.03290435624310217,1,30mm,4.0179825
SubNetW4CleanAuxExDnRcK5AcQdEma,minbias,0,test,8.147257,8.158411026000977,0.0013690712111340542,3,60mm,1.4608743
SubNetW4CleanAuxExDnRcK5AcQdEma,minbias,0,test,66.65636,69.28237915039062,0.03939642765494211,1,30mm,3.9418318
SubNetW4CleanAuxExDnRcK5AcQdEma,minbias,0,test,68.25059,67.7240982055664,-0.007714061920639059,1,30mm,3.1624634
SubNetW4CleanAuxExDnRcK5AcQdEma,minbias,0,test,90.02234,89.0483627319336,-0.010819271610914671,0,15mm,2.6945992
SubNetW4CleanAuxExDnRcK5AcQdEma,minbias,0,test,42.149048,41.669410705566406,-0.011379548778545301,2,40mm,4.008287
SubNetW4CleanAuxExDnRcK5AcQdEma,minbias,0,test,12.554949,11.025634765625,-0.12180965965499868,1,30mm,0.53968143
SubNetW4CleanAuxExDnRcK5AcQdEma,minbias,0,test,67.15262,69.47591400146484,0.034597245026828594,0,15mm,1.6293806
SubNetW4CleanAuxExDnRcK5AcQdEma,minbias,0,test,23.763708,23.552730560302734,-0.008878141126108852,3,60mm,4.774624
SubNetW4CleanAuxExDnRcK5AcQdEma,minbias,0,test,86.232346,85.7533950805664,-0.005554186161364383,0,15mm,2.009333
SubNetW4CleanAuxExDnRcK5AcQdEma,minbias,0,test,16.14555,19.363821029663086,0.19932868812196403,3,60mm,3.2912436
SubNetW4CleanAuxExDnRcK5AcQdEma,minbias,0,test,11.735197,11.240123748779297,-0.042187047703069136,3,60mm,1.8795075
SubNetW4CleanAuxExDnRcK5AcQdEma,minbias,0,test,89.755066,88.57447814941406,-0.01315343882242459,0,15mm,3.0165174
SubNetW4CleanAuxExDnRcK5AcQdEma,minbias,0,test,19.984213,20.584115982055664,0.030018850901499805,3,60mm,2.5163233
SubNetW4CleanAuxExDnRcK5AcQdEma,minbias,0,test,7.9183517,7.617766380310059,-0.037960586142817054,1,30mm,0.68891364
SubNetW4CleanAuxExDnRcK5AcQdEma,minbias,0,test,48.204277,48.55482482910156,0.007272130442840696,2,40mm,3.0327845
SubNetW4CleanAuxExDnRcK5AcQdEma,minbias,0,test,23.975313,24.38384437561035,0.017039660161453085,3,60mm,3.557308
SubNetW4CleanAuxExDnRcK5AcQdEma,minbias,0,test,6.2628937,6.293741226196289,0.004925446771187447,3,60mm,1.1794829
SubNetW4CleanAuxExDnRcK5AcQdEma,minbias,0,test,40.5008,40.24689483642578,-0.006269166119904246,2,40mm,4.68448
SubNetW4CleanAuxExDnRcK5AcQdEma,minbias,0,test,3.234012,3.603977918624878,0.11439847560114758,3,60mm,0.72379684
SubNetW4CleanAuxExDnRcK5AcQdEma,minbias,0,test,7.5136914,7.691123962402344,0.023614562674327377,3,60mm,1.3555067
SubNetW4CleanAuxExDnRcK5AcQdEma,minbias,0,test,37.60652,37.070430755615234,-0.014255262862125417,1,30mm,3.37447
SubNetW4CleanAuxExDnRcK5AcQdEma,minbias,0,test,87.4832,100.80291748046875,0.15225457454774283,0,15mm,2.5909564
SubNetW4CleanAuxExDnRcK5AcQdEma,minbias,0,test,17.546448,17.25954818725586,-0.016350863187480247,4,120mm,3.5393302
SubNetW4CleanAuxExDnRcK5AcQdEma,minbias,0,test,51.698902,52.90372085571289,0.023304532126299016,0,15mm,1.4849383
SubNetW4CleanAuxExDnRcK5AcQdEma,minbias,0,test,10.147916,10.34091567993164,0.0190186677563029,3,60mm,2.0868225
SubNetW4CleanAuxExDnRcK5AcQdEma,minbias,0,test,59.26345,53.51393508911133,-0.0970162127424068,1,30mm,2.689886
SubNetW4CleanAuxExDnRcK5AcQdEma,minbias,0,test,21.828678,19.84381675720215,-0.09092906872235906,2,40mm,1.7780396
SubNetW4CleanAuxExDnRcK5AcQdEma,minbias,0,test,10.25819,9.614116668701172,-0.06278626898063044,2,40mm,0.8830248
SubNetW4CleanAuxExDnRcK5AcQdEma,minbias,0,test,58.687702,57.907005310058594,-0.013302563227231556,0,15mm,1.7757783
SubNetW4CleanAuxExDnRcK5AcQdEma,minbias,0,test,64.15531,61.632720947265625,-0.03932005900845115,2,40mm,4.820827
SubNetW4CleanAuxExDnRcK5AcQdEma,minbias,0,test,83.46957,82.57160186767578,-0.010757986615447912,0,15mm,1.9664506
SubNetW4CleanAuxExDnRcK5AcQdEma,minbias,0,test,18.787855,18.55574607849121,-0.012354207970622477,3,60mm,2.3191087
SubNetW4CleanAuxExDnRcK5AcQdEma,minbias,0,test,22.263693,21.823686599731445,-0.019763399493188616,4,120mm,4.9706645
SubNetW4CleanAuxExDnRcK5AcQdEma,minbias,0,test,16.912746,16.63579750061035,-0.016375160000676625,4,120mm,3.5535266
SubNetW4CleanAuxExDnRcK5AcQdEma,minbias,0,test,9.643514,9.629396438598633,-0.0014639104972460348,3,60mm,1.8434138
SubNetW4CleanAuxExDnRcK5AcQdEma,minbias,0,test,23.012123,23.341659545898438,0.014320123199541124,3,60mm,4.2742014
SubNetW4CleanAuxExDnRcK5AcQdEma,minbias,0,test,19.009472,18.994369506835938,-0.0007944663880916636,3,60mm,2.5846727
SubNetW4CleanAuxExDnRcK5AcQdEma,minbias,0,test,81.65288,84.13323211669922,0.030376814335019597,0,15mm,1.9941022
SubNetW4CleanAuxExDnRcK5AcQdEma,minbias,0,test,13.661832,13.552873611450195,-0.007975375884726743,3,60mm,1.9871591
SubNetW4CleanAuxExDnRcK5AcQdEma,minbias,0,test,11.760645,12.761516571044922,0.08510346717829242,4,120mm,2.7298896
SubNetW4CleanAuxExDnRcK5AcQdEma,minbias,0,test,30.002274,40.7054328918457,0.35674494171329996,1,30mm,1.9969462
SubNetW4CleanAuxExDnRcK5AcQdEma,minbias,0,test,33.199806,30.940725326538086,-0.06804500220035781,1,30mm,2.5736077
SubNetW4CleanAuxExDnRcK5AcQdEma,minbias,0,test,64.26347,63.16901779174805,-0.01703075883084959,1,30mm,3.410937
SubNetW4CleanAuxExDnRcK5AcQdEma,minbias,0,test,49.80123,50.76517105102539,0.019355739606317757,2,40mm,4.25111
SubNetW4CleanAuxExDnRcK5AcQdEma,minbias,0,test,11.120443,13.360684394836426,0.20145249441925528,2,40mm,1.4553788
SubNetW4CleanAuxExDnRcK5AcQdEma,minbias,0,test,11.961442,11.451601028442383,-0.042623704193771594,3,60mm,1.3932899
SubNetW4CleanAuxExDnRcK5AcQdEma,minbias,0,test,15.423573,15.235441207885742,-0.012197649533277732,2,40mm,1.1828316
SubNetW4CleanAuxExDnRcK5AcQdEma,minbias,0,test,42.663364,47.93860626220703,0.12364805084431296,2,40mm,4.859174
SubNetW4CleanAuxExDnRcK5AcQdEma,minbias,0,test,81.42614,80.21659088134766,-0.014854553497165246,1,30mm,2.9462266
SubNetW4CleanAuxExDnRcK5AcQdEma,minbias,0,test,15.102405,15.131904602050781,0.001953331831693328,3,60mm,3.4703827
SubNetW4CleanAuxExDnRcK5AcQdEma,minbias,0,test,25.47297,25.52308464050293,0.001967402591295686,3,60mm,4.0658646
SubNetW4CleanAuxExDnRcK5AcQdEma,minbias,0,test,33.74182,34.19120788574219,0.013318385893572371,2,40mm,2.5058713
SubNetW4CleanAuxExDnRcK5AcQdEma,minbias,0,test,30.069656,28.844968795776367,-0.04072835289968513,3,60mm,3.6274145
SubNetW4CleanAuxExDnRcK5AcQdEma,minbias,0,test,13.983429,13.800619125366211,-0.013073319162216324,3,60mm,3.2485802
SubNetW4CleanAuxExDnRcK5AcQdEma,minbias,0,test,34.051815,38.99274826049805,0.14510043657751281,2,40mm,4.9012547
SubNetW4CleanAuxExDnRcK5AcQdEma,minbias,0,test,40.06467,38.61283493041992,-0.036237303637641105,1,30mm,2.0837388
SubNetW4CleanAuxExDnRcK5AcQdEma,minbias,0,test,31.177807,31.350433349609375,0.005536838949844469,3,60mm,3.8208005
SubNetW4CleanAuxExDnRcK5AcQdEma,minbias,0,test,11.159672,11.41117000579834,0.022536345802222746,3,60mm,2.10383
SubNetW4CleanAuxExDnRcK5AcQdEma,minbias,0,test,11.136147,11.61525821685791,0.04302311122559921,3,60mm,2.346142
SubNetW4CleanAuxExDnRcK5AcQdEma,minbias,0,test,23.775774,22.563623428344727,-0.05098259150783779,3,60mm,3.689227
SubNetW4CleanAuxExDnRcK5AcQdEma,minbias,0,test,14.860673,16.269746780395508,0.09481897854297872,3,60mm,3.1024113
SubNetW4CleanAuxExDnRcK5AcQdEma,minbias,0,test,45.752274,48.45488739013672,0.05907059082096877,1,30mm,3.2213385
SubNetW4CleanAuxExDnRcK5AcQdEma,minbias,0,test,32.810932,32.22736740112305,-0.01778568056114105,2,40mm,3.570202
SubNetW4CleanAuxExDnRcK5AcQdEma,minbias,0,test,19.466002,19.085676193237305,-0.01953792704553714,1,30mm,1.4292296
SubNetW4CleanAuxExDnRcK5AcQdEma,minbias,0,test,47.184967,87.05402374267578,0.844952517758546,0,15mm,1.2377135
SubNetW4CleanAuxExDnRcK5AcQdEma,minbias,0,test,19.453388,20.846332550048828,0.0716042018288141,2,40mm,1.8110968
SubNetW4CleanAuxExDnRcK5AcQdEma,minbias,0,test,18.12475,21.25771713256836,0.17285573436881263,0,15mm,0.57240057
SubNetW4CleanAuxExDnRcK5AcQdEma,minbias,0,test,11.202152,11.537412643432617,0.029928212337016813,3,60mm,1.6767833
SubNetW4CleanAuxExDnRcK5AcQdEma,minbias,0,test,22.214968,23.80117416381836,0.07140259916660385,2,40mm,2.4088855
SubNetW4CleanAuxExDnRcK5AcQdEma,minbias,0,test,18.281815,18.402053833007812,0.006576987055521233,3,60mm,4.010491
SubNetW4CleanAuxExDnRcK5AcQdEma,minbias,0,test,90.75896,90.2668685913086,-0.005421925665843763,0,15mm,4.6735992
SubNetW4CleanAuxExDnRcK5AcQdEma,minbias,0,test,31.722353,32.229881286621094,0.015999075016554176,3,60mm,4.4382463
SubNetW4CleanAuxExDnRcK5AcQdEma,minbias,0,test,26.752928,28.38479995727539,0.0609978911666913,2,40mm,1.9202766
SubNetW4CleanAuxExDnRcK5AcQdEma,minbias,0,test,36.943424,36.651206970214844,-0.007909858405655945,0,15mm,1.720936
SubNetW4CleanAuxExDnRcK5AcQdEma,minbias,0,test,53.291344,53.92375183105469,0.011866995619042697,2,40mm,4.8203044
SubNetW4CleanAuxExDnRcK5AcQdEma,minbias,0,test,14.275514,14.460392951965332,0.0129507986559656,4,120mm,3.3330455
SubNetW4CleanAuxExDnRcK5AcQdEma,minbias,0,test,57.859314,56.518516540527344,-0.02317340688019731,1,30mm,2.482228
SubNetW4CleanAuxExDnRcK5AcQdEma,minbias,0,test,12.854635,12.49337387084961,-0.02810358762353049,3,60mm,2.2144706
SubNetW4CleanAuxExDnRcK5AcQdEma,minbias,0,test,15.123786,14.669824600219727,-0.030016384336440716,2,40mm,1.0752828
SubNetW4CleanAuxExDnRcK5AcQdEma,minbias,0,test,22.413876,21.521608352661133,-0.03980869903532591,3,60mm,3.3487158
SubNetW4CleanAuxExDnRcK5AcQdEma,minbias,0,test,66.82627,66.21278381347656,-0.009180330339364273,2,40mm,4.7085166
SubNetW4CleanAuxExDnRcK5AcQdEma,minbias,0,test,52.511864,59.679222106933594,0.13649026890808802,0,15mm,2.2410412
SubNetW4CleanAuxExDnRcK5AcQdEma,minbias,0,test,12.420137,12.149710655212402,-0.021773249470302014,3,60mm,2.3327024
SubNetW4CleanAuxExDnRcK5AcQdEma,minbias,0,test,4.8848753,4.5090651512146,-0.07693341660544584,2,40mm,1.0768157
SubNetW4CleanAuxExDnRcK5AcQdEma,minbias,0,test,99.96359,98.60313415527344,-0.013609538629023588,0,15mm,3.5493898
SubNetW4CleanAuxExDnRcK5AcQdEma,minbias,0,test,65.80134,69.74317932128906,0.05990518177242543,1,30mm,4.4213133
SubNetW4CleanAuxExDnRcK5AcQdEma,minbias,0,test,21.603455,21.41030502319336,-0.008940679642097327,4,120mm,4.76488
SubNetW4CleanAuxExDnRcK5AcQdEma,minbias,0,test,9.950448,9.968124389648438,0.0017764379443310219,3,60mm,2.1956966
SubNetW4CleanAuxExDnRcK5AcQdEma,minbias,0,test,76.10963,74.09138488769531,-0.026517563782341713,1,30mm,3.2470827
SubNetW4CleanAuxExDnRcK5AcQdEma,minbias,0,test,13.257787,12.422694206237793,-0.06298883518440102,1,30mm,0.71188295
SubNetW4CleanAuxExDnRcK5AcQdEma,minbias,0,test,35.996223,36.22314453125,0.006304024694702148,3,60mm,4.894482
SubNetW4CleanAuxExDnRcK5AcQdEma,minbias,0,test,25.68819,23.463430404663086,-0.08660633605113155,1,30mm,1.8358291
SubNetW4CleanAuxExDnRcK5AcQdEma,minbias,0,test,60.7674,58.87688064575195,-0.03111073083173821,2,40mm,3.983266
SubNetW4CleanAuxExDnRcK5AcQdEma,minbias,0,test,21.98302,22.63998031616211,0.029884861602608614,0,15mm,0.7056544
SubNetW4CleanAuxExDnRcK5AcQdEma,minbias,0,test,44.31789,44.86484146118164,0.012341546311914975,0,15mm,1.5876285
SubNetW4CleanAuxExDnRcK5AcQdEma,minbias,0,test,20.092625,17.583600997924805,-0.12487286794536945,3,60mm,2.0919871
SubNetW4CleanAuxExDnRcK5AcQdEma,minbias,0,test,25.44505,26.59109878540039,0.045040176052922654,3,60mm,3.638824
SubNetW4CleanAuxExDnRcK5AcQdEma,minbias,0,test,6.2848268,6.2925238609313965,0.0012247124236082207,3,60mm,1.0418757
SubNetW4CleanAuxExDnRcK5AcQdEma,minbias,0,test,69.53916,71.95123291015625,0.03468651576579518,1,30mm,3.6969426
SubNetW4CleanAuxExDnRcK5AcQdEma,minbias,0,test,5.133785,4.94792366027832,-0.0362035260493202,4,120mm,1.1582428
SubNetW4CleanAuxExDnRcK5AcQdEma,minbias,0,test,31.172922,30.977588653564453,-0.006266126736300115,2,40mm,3.0827646
SubNetW4CleanAuxExDnRcK5AcQdEma,minbias,0,test,53.202347,46.5616455078125,-0.12481970614360005,0,15mm,2.1287308
SubNetW4CleanAuxExDnRcK5AcQdEma,minbias,0,test,18.843456,19.293237686157227,0.023869369368457516,1,30mm,0.95043623
SubNetW4CleanAuxExDnRcK5AcQdEma,minbias,0,test,10.074584,12.274397850036621,0.21835282143535673,1,30mm,0.5193339
SubNetW4CleanAuxExDnRcK5AcQdEma,minbias,0,test,73.421585,74.5802230834961,0.015780618181674644,1,30mm,4.371792
SubNetW4CleanAuxExDnRcK5AcQdEma,minbias,0,test,32.360973,27.974178314208984,-0.13555819212835674,1,30mm,1.4222119
SubNetW4CleanAuxExDnRcK5AcQdEma,minbias,0,test,87.06403,83.32479095458984,-0.04294818885635976,0,15mm,4.1503463
SubNetW4CleanAuxExDnRcK5AcQdEma,minbias,0,test,90.51033,87.0205307006836,-0.03855691932393579,0,15mm,2.4149814
SubNetW4CleanAuxExDnRcK5AcQdEma,minbias,0,test,9.495594,8.7186918258667,-0.08181712452891732,3,60mm,1.4387646
SubNetW4CleanAuxExDnRcK5AcQdEma,minbias,0,test,20.76052,20.244121551513672,-0.02487410528667755,4,120mm,4.7285895
SubNetW4CleanAuxExDnRcK5AcQdEma,minbias,0,test,38.4552,38.187557220458984,-0.00695986429648443,1,30mm,2.041924
SubNetW4CleanAuxExDnRcK5AcQdEma,minbias,0,test,8.239067,8.134236335754395,-0.012723617964813805,3,60mm,1.9306943
SubNetW4CleanAuxExDnRcK5AcQdEma,minbias,0,test,22.947454,30.48116111755371,0.3283024999844153,2,40mm,2.6190636
SubNetW4CleanAuxExDnRcK5AcQdEma,minbias,0,test,29.29777,28.27798843383789,-0.034807465839747476,3,60mm,3.6705773
SubNetW4CleanAuxExDnRcK5AcQdEma,minbias,0,test,31.785025,30.167198181152344,-0.05089901549442777,1,30mm,2.2280846
SubNetW4CleanAuxExDnRcK5AcQdEma,minbias,0,test,8.946985,8.931928634643555,-0.0016828696701222112,2,40mm,0.6209996
SubNetW4CleanAuxExDnRcK5AcQdEma,minbias,0,test,40.35241,38.15733337402344,-0.05439764374499789,0,15mm,1.4221239
SubNetW4CleanAuxExDnRcK5AcQdEma,minbias,0,test,31.07694,30.277502059936523,-0.025724490981458792,2,40mm,2.911793
SubNetW4CleanAuxExDnRcK5AcQdEma,minbias,0,test,30.9351,31.080352783203125,0.0046953856679077255,2,40mm,3.3986506
SubNetW4CleanAuxExDnRcK5AcQdEma,minbias,0,test,32.819992,32.90428924560547,0.0025684704617761067,2,40mm,4.847007
SubNetW4CleanAuxExDnRcK5AcQdEma,minbias,0,test,89.39683,88.94120788574219,-0.005096599328469953,1,30mm,3.8442397
SubNetW4CleanAuxExDnRcK5AcQdEma,minbias,0,test,42.500626,43.17046356201172,0.015760660979470487,1,30mm,3.0698147
SubNetW4CleanAuxExDnRcK5AcQdEma,minbias,0,test,47.151707,47.232845306396484,0.0017207990235375004,2,40mm,3.9020774
SubNetW4CleanAuxExDnRcK5AcQdEma,minbias,0,test,9.016085,9.777127265930176,0.08440943299432524,4,120mm,2.0919576
SubNetW4CleanAuxExDnRcK5AcQdEma,minbias,0,test,7.337173,8.006999015808105,0.09129211374647461,3,60mm,1.0332146
SubNetW4CleanAuxExDnRcK5AcQdEma,minbias,0,test,13.773946,13.221802711486816,-0.04008605120158659,3,60mm,2.3716452
SubNetW4CleanAuxExDnRcK5AcQdEma,minbias,0,test,6.9272847,6.503356456756592,-0.06119688710478677,3,60mm,1.0303495
SubNetW4CleanAuxExDnRcK5AcQdEma,minbias,0,test,50.345413,52.12977600097656,0.035442410326367746,0,15mm,2.48054
SubNetW4CleanAuxExDnRcK5AcQdEma,minbias,0,test,21.159372,21.53941535949707,0.017960978419548912,3,60mm,3.155237
SubNetW4CleanAuxExDnRcK5AcQdEma,minbias,0,test,85.0721,82.60511016845703,-0.028998786609115035,0,15mm,3.4386775
SubNetW4CleanAuxExDnRcK5AcQdEma,minbias,0,test,87.573044,85.44334411621094,-0.024319123945604093,1,30mm,4.0111275
SubNetW4CleanAuxExDnRcK5AcQdEma,minbias,0,test,47.218872,47.00560760498047,-0.0045165090986176715,2,40mm,4.29799
SubNetW4CleanAuxExDnRcK5AcQdEma,minbias,0,test,31.900743,30.986976623535156,-0.028644061584520153,3,60mm,4.632476
SubNetW4CleanAuxExDnRcK5AcQdEma,minbias,0,test,20.588781,20.315898895263672,-0.013253939454632713,1,30mm,1.6030301
SubNetW4CleanAuxExDnRcK5AcQdEma,minbias,0,test,8.040816,7.576229095458984,-0.05777861275111018,3,60mm,1.5861176
SubNetW4CleanAuxExDnRcK5AcQdEma,minbias,0,test,26.225298,27.354211807250977,0.04304675136580238,2,40mm,3.5834377
SubNetW4CleanAuxExDnRcK5AcQdEma,minbias,0,test,5.3068347,4.789609909057617,-0.09746389667793098,2,40mm,1.1146387
SubNetW4CleanAuxExDnRcK5AcQdEma,minbias,0,test,20.891565,20.741111755371094,-0.007201641675941728,3,60mm,3.8067276
SubNetW4CleanAuxExDnRcK5AcQdEma,minbias,0,test,61.829964,66.13897705078125,0.06969134558635637,0,15mm,1.379175
SubNetW4CleanAuxExDnRcK5AcQdEma,minbias,0,test,27.503853,27.671432495117188,0.006092951843072791,2,40mm,2.7528164
SubNetW4CleanAuxExDnRcK5AcQdEma,minbias,0,test,50.265408,52.37890625,0.04204678307097143,1,30mm,2.5536604
SubNetW4CleanAuxExDnRcK5AcQdEma,minbias,0,test,6.212962,6.238254070281982,0.004070831126166796,2,40mm,0.5966309
SubNetW4CleanAuxExDnRcK5AcQdEma,minbias,0,test,40.27011,39.449275970458984,-0.020383234399664718,1,30mm,3.4585874
SubNetW4CleanAuxExDnRcK5AcQdEma,minbias,0,test,55.319054,54.32476806640625,-0.017973654968659214,2,40mm,4.612511
SubNetW4CleanAuxExDnRcK5AcQdEma,minbias,0,test,5.3634367,5.103579521179199,-0.04844975196351475,3,60mm,1.1881394
SubNetW4CleanAuxExDnRcK5AcQdEma,minbias,0,test,53.24832,53.30442810058594,0.001053677670343589,2,40mm,3.36142
SubNetW4CleanAuxExDnRcK5AcQdEma,minbias,0,test,11.281382,11.342485427856445,0.005416341980893913,4,120mm,2.4103124
SubNetW4CleanAuxExDnRcK5AcQdEma,minbias,0,test,27.129713,26.81631851196289,-0.011551708852701181,3,60mm,4.222902
SubNetW4CleanAuxExDnRcK5AcQdEma,minbias,0,test,28.823101,25.4956111907959,-0.11544524122717337,1,30mm,1.3668597
SubNetW4CleanAuxExDnRcK5AcQdEma,minbias,0,test,34.65778,34.61651611328125,-0.001190600802678743,3,60mm,4.5179143
SubNetW4CleanAuxExDnRcK5AcQdEma,minbias,0,test,4.6985316,4.352299690246582,-0.07368939167517041,2,40mm,0.7401937
SubNetW4CleanAuxExDnRcK5AcQdEma,minbias,0,test,8.500703,10.366327285766602,0.21946707924815834,4,120mm,1.9377756
SubNetW4CleanAuxExDnRcK5AcQdEma,minbias,0,test,18.076616,19.393516540527344,0.07285103762622325,2,40mm,2.0980027
SubNetW4CleanAuxExDnRcK5AcQdEma,minbias,0,test,10.154884,9.246688842773438,-0.0894343515241307,3,60mm,2.0026617
SubNetW4CleanAuxExDnRcK5AcQdEma,minbias,0,test,6.788942,6.948328971862793,0.023477460102913073,3,60mm,1.2296392
SubNetW4CleanAuxExDnRcK5AcQdEma,minbias,0,test,17.650045,16.703365325927734,-0.053636126581487864,2,40mm,2.125032
SubNetW4CleanAuxExDnRcK5AcQdEma,minbias,0,test,14.584412,14.186691284179688,-0.02727023532021211,1,30mm,0.8493269
SubNetW4CleanAuxExDnRcK5AcQdEma,minbias,0,test,10.819495,10.18204402923584,-0.05891690508902414,2,40mm,1.171409
SubNetW4CleanAuxExDnRcK5AcQdEma,minbias,0,test,35.326717,35.234317779541016,-0.002615572689153578,0,15mm,1.195942
SubNetW4CleanAuxExDnRcK5AcQdEma,minbias,0,test,20.041862,19.33509635925293,-0.035264493455661294,3,60mm,2.9735389
SubNetW4CleanAuxExDnRcK5AcQdEma,minbias,0,test,22.104889,21.776975631713867,-0.014834423531718155,3,60mm,2.907834
SubNetW4CleanAuxExDnRcK5AcQdEma,minbias,0,test,5.998502,5.376623630523682,-0.10367224520003149,3,60mm,0.96769303
SubNetW4CleanAuxExDnRcK5AcQdEma,minbias,0,test,32.72193,31.410301208496094,-0.04008413289191781,2,40mm,2.4759967
SubNetW4CleanAuxExDnRcK5AcQdEma,minbias,0,test,21.112461,20.910751342773438,-0.009554061293647775,2,40mm,1.9147582
SubNetW4CleanAuxExDnRcK5AcQdEma,minbias,0,test,28.611856,28.74009132385254,0.004481878463844735,2,40mm,2.3482947
SubNetW4CleanAuxExDnRcK5AcQdEma,minbias,0,test,19.412048,18.848188400268555,-0.029046905803230327,3,60mm,3.8110795
SubNetW4CleanAuxExDnRcK5AcQdEma,minbias,0,test,68.10805,64.68583679199219,-0.05024678903172808,0,15mm,3.2852585
SubNetW4CleanAuxExDnRcK5AcQdEma,minbias,0,test,33.613476,32.33111572265625,-0.03815017776058327,2,40mm,2.513371
SubNetW4CleanAuxExDnRcK5AcQdEma,minbias,0,test,15.073469,15.738293647766113,0.04410560559312926,2,40mm,1.8728949
SubNetW4CleanAuxExDnRcK5AcQdEma,minbias,0,test,57.922985,57.9936637878418,0.0012202187239427342,1,30mm,2.1778817
SubNetW4CleanAuxExDnRcK5AcQdEma,minbias,0,test,96.6302,94.75690460205078,-0.019386264150037635,1,30mm,4.3929358
SubNetW4CleanAuxExDnRcK5AcQdEma,minbias,0,test,11.769473,10.38902759552002,-0.11729033844151293,2,40mm,2.614369
SubNetW4CleanAuxExDnRcK5AcQdEma,minbias,0,test,10.523441,10.531096458435059,0.0007274373001064927,3,60mm,1.1117342
SubNetW4CleanAuxExDnRcK5AcQdEma,minbias,0,test,33.218754,31.679149627685547,-0.04634743963003629,2,40mm,3.676357
SubNetW4CleanAuxExDnRcK5AcQdEma,minbias,0,test,6.9138107,7.0858659744262695,0.02488573250923909,3,60mm,1.0563337
SubNetW4CleanAuxExDnRcK5AcQdEma,minbias,0,test,31.790691,31.713178634643555,-0.002438221307386801,1,30mm,1.8591719
SubNetW4CleanAuxExDnRcK5AcQdEma,minbias,0,test,31.801308,34.23311233520508,0.07646870001662553,1,30mm,1.846161
SubNetW4CleanAuxExDnRcK5AcQdEma,minbias,0,test,32.319347,32.337059020996094,0.0005480197107687879,2,40mm,3.6799688
SubNetW4CleanAuxExDnRcK5AcQdEma,minbias,0,test,67.81592,67.50984954833984,-0.004513223879844763,1,30mm,4.222407
SubNetW4CleanAuxExDnRcK5AcQdEma,minbias,0,test,7.8592606,7.034254550933838,-0.1049724718942967,3,60mm,1.8046895
SubNetW4CleanAuxExDnRcK5AcQdEma,minbias,0,test,17.055956,17.446590423583984,0.022903116033769155,1,30mm,0.9725932
SubNetW4CleanAuxExDnRcK5AcQdEma,minbias,0,test,40.19377,39.379974365234375,-0.020246843465739683,2,40mm,4.3810573
SubNetW4CleanAuxExDnRcK5AcQdEma,minbias,0,test,24.847248,24.812772750854492,-0.0013874907366282496,2,40mm,1.7803911
SubNetW4CleanAuxExDnRcK5AcQdEma,minbias,0,test,67.203,66.61703491210938,-0.008719372528504521,1,30mm,3.3374486
SubNetW4CleanAuxExDnRcK5AcQdEma,minbias,0,test,28.34524,28.43708038330078,0.0032400764709457075,2,40mm,2.5923645
SubNetW4CleanAuxExDnRcK5AcQdEma,minbias,0,test,6.353032,5.971684455871582,-0.06002608668109655,3,60mm,1.2316707
SubNetW4CleanAuxExDnRcK5AcQdEma,minbias,0,test,84.59192,78.24613189697266,-0.0750164688005518,0,15mm,3.8079093
SubNetW4CleanAuxExDnRcK5AcQdEma,minbias,0,test,39.284794,39.21176528930664,-0.0018589524670786783,2,40mm,3.747617
SubNetW4CleanAuxExDnRcK5AcQdEma,minbias,0,test,35.655567,34.32916259765625,-0.037200490045194656,1,30mm,3.0823452
SubNetW4CleanAuxExDnRcK5AcQdEma,minbias,0,test,21.286995,21.653873443603516,0.01723486620152692,0,15mm,0.7137074
SubNetW4CleanAuxExDnRcK5AcQdEma,minbias,0,test,17.809397,19.20817756652832,0.07854172956435912,2,40mm,1.2772363
SubNetW4CleanAuxExDnRcK5AcQdEma,minbias,0,test,22.088335,23.23086929321289,0.051725684804020844,2,40mm,2.498585
SubNetW4CleanAuxExDnRcK5AcQdEma,minbias,0,test,54.07632,52.13232421875,-0.035949125349901356,2,40mm,3.4968202
SubNetW4CleanAuxExDnRcK5AcQdEma,minbias,0,test,16.490435,18.992183685302734,0.1517091024166013,3,60mm,2.5496812
SubNetW4CleanAuxExDnRcK5AcQdEma,minbias,0,test,30.7396,30.161928176879883,-0.018792406717553556,3,60mm,4.2339525
SubNetW4CleanAuxExDnRcK5AcQdEma,minbias,0,test,26.054745,24.925518035888672,-0.043340539187229465,2,40mm,3.6049554
SubNetW4CleanAuxExDnRcK5AcQdEma,minbias,0,test,30.709547,32.182674407958984,0.047969687180894116,3,60mm,3.0341427
SubNetW4CleanAuxExDnRcK5AcQdEma,minbias,0,test,10.862419,10.902679443359375,0.0037063857015127155,3,60mm,2.4737306
SubNetW4CleanAuxExDnRcK5AcQdEma,minbias,0,test,32.57911,32.3381233215332,-0.00739694473970709,2,40mm,4.6265264
SubNetW4CleanAuxExDnRcK5AcQdEma,minbias,0,test,19.871927,21.0482177734375,0.05919357979800188,1,30mm,0.90046537
SubNetW4CleanAuxExDnRcK5AcQdEma,minbias,0,test,19.140587,19.42570686340332,0.014896095535904763,3,60mm,2.9272535
SubNetW4CleanAuxExDnRcK5AcQdEma,minbias,0,test,25.63101,25.58444595336914,-0.0018167096057450927,3,60mm,4.479882
SubNetW4CleanAuxExDnRcK5AcQdEma,minbias,0,test,41.917892,41.247398376464844,-0.015995414852804646,1,30mm,4.1329794
SubNetW4CleanAuxExDnRcK5AcQdEma,minbias,0,test,2.683302,2.849853038787842,0.062069464317828116,3,60mm,0.5722654
SubNetW4CleanAuxExDnRcK5AcQdEma,minbias,0,test,63.860615,63.03767776489258,-0.012886456145112857,1,30mm,3.6196651
SubNetW4CleanAuxExDnRcK5AcQdEma,minbias,0,test,37.057713,36.42475891113281,-0.017080213541528888,2,40mm,2.6748557
SubNetW4CleanAuxExDnRcK5AcQdEma,minbias,0,test,3.9228249,3.8906874656677246,-0.008192411107167397,3,60mm,0.8230919
SubNetW4CleanAuxExDnRcK5AcQdEma,minbias,0,test,27.309696,27.631072998046875,0.011767864358974922,3,60mm,4.098594
SubNetW4CleanAuxExDnRcK5AcQdEma,minbias,0,test,14.123916,13.188138961791992,-0.0662547647707471,2,40mm,1.4327701
SubNetW4CleanAuxExDnRcK5AcQdEma,minbias,0,test,17.369942,17.667203903198242,0.01711359754171915,2,40mm,1.4318823
SubNetW4CleanAuxExDnRcK5AcQdEma,minbias,0,test,80.017,75.93034362792969,-0.05107233150915125,1,30mm,2.9536383
SubNetW4CleanAuxExDnRcK5AcQdEma,minbias,0,test,23.54282,21.888059616088867,-0.07028726220342219,4,120mm,4.8002176
SubNetW4CleanAuxExDnRcK5AcQdEma,minbias,0,test,26.563282,24.367311477661133,-0.08266939808900964,1,30mm,2.4987004
SubNetW4CleanAuxExDnRcK5AcQdEma,minbias,0,test,31.231754,33.13521957397461,0.060946473020075054,2,40mm,3.5127108
SubNetW4CleanAuxExDnRcK5AcQdEma,minbias,0,test,16.648792,16.6264591217041,-0.0013414273410135014,3,60mm,3.3036208
SubNetW4CleanAuxExDnRcK5AcQdEma,minbias,0,test,24.097755,22.563364028930664,-0.0636736233596461,4,120mm,4.878924
SubNetW4CleanAuxExDnRcK5AcQdEma,minbias,0,test,6.2203484,5.814276695251465,-0.06528117711775905,3,60mm,0.7915132
SubNetW4CleanAuxExDnRcK5AcQdEma,minbias,0,test,19.753687,18.827611923217773,-0.04688112078254092,3,60mm,3.6635838
SubNetW4CleanAuxExDnRcK5AcQdEma,minbias,0,test,60.053596,58.66633605957031,-0.02310037229977846,1,30mm,2.891327
SubNetW4CleanAuxExDnRcK5AcQdEma,minbias,0,test,6.762562,7.573094367980957,0.1198558466576225,3,60mm,0.92259514
SubNetW4CleanAuxExDnRcK5AcQdEma,minbias,0,test,18.049112,22.576196670532227,0.25082033234304846,1,30mm,1.1232679
SubNetW4CleanAuxExDnRcK5AcQdEma,minbias,0,test,38.948315,39.671424865722656,0.0185658918790641,1,30mm,1.997818
SubNetW4CleanAuxExDnRcK5AcQdEma,minbias,0,test,39.48876,37.1591796875,-0.05899354910506849,2,40mm,3.0128324
SubNetW4CleanAuxExDnRcK5AcQdEma,minbias,0,test,94.75384,92.61763763427734,-0.02254473281090541,0,15mm,2.639508
SubNetW4CleanAuxExDnRcK5AcQdEma,minbias,0,test,23.900787,23.912109375,0.000473709142586376,0,15mm,0.70495856
SubNetW4CleanAuxExDnRcK5AcQdEma,minbias,0,test,26.764397,27.664487838745117,0.03363016855740608,0,15mm,1.1545676
SubNetW4CleanAuxExDnRcK5AcQdEma,minbias,0,test,30.73924,27.49736785888672,-0.10546365880574315,1,30mm,2.729577
SubNetW4CleanAuxExDnRcK5AcQdEma,minbias,0,test,7.048054,7.536818504333496,0.069347407228046,3,60mm,1.0778382
SubNetW4CleanAuxExDnRcK5AcQdEma,minbias,0,test,26.616932,26.21818733215332,-0.014980861971583104,3,60mm,4.1420245
SubNetW4CleanAuxExDnRcK5AcQdEma,minbias,0,test,14.396003,17.17256736755371,0.19287052402989202,3,60mm,2.144094
SubNetW4CleanAuxExDnRcK5AcQdEma,minbias,0,test,4.81538,4.198091983795166,-0.12819094241331264,3,60mm,0.6351112
SubNetW4CleanAuxExDnRcK5AcQdEma,minbias,0,test,8.59573,8.956892013549805,0.04201646548935156,4,120mm,1.9727265
SubNetW4CleanAuxExDnRcK5AcQdEma,minbias,0,test,62.231167,60.902015686035156,-0.021358287511952456,0,15mm,1.6367736
SubNetW4CleanAuxExDnRcK5AcQdEma,minbias,0,test,7.6762147,6.840929985046387,-0.10881466232009074,1,30mm,0.5912217
SubNetW4CleanAuxExDnRcK5AcQdEma,minbias,0,test,17.78849,17.95547866821289,0.00938743929527397,4,120mm,3.655718
SubNetW4CleanAuxExDnRcK5AcQdEma,minbias,0,test,40.593414,60.367679595947266,0.48712988614194486,0,15mm,1.4031837
SubNetW4CleanAuxExDnRcK5AcQdEma,minbias,0,test,6.45376,7.58791971206665,0.17573624354206685,3,60mm,1.0236313
SubNetW4CleanAuxExDnRcK5AcQdEma,minbias,0,test,15.362373,15.539676666259766,0.011541401197967538,3,60mm,1.945575
SubNetW4CleanAuxExDnRcK5AcQdEma,minbias,0,test,13.2666,13.077277183532715,-0.014270610144261009,3,60mm,3.199474
SubNetW4CleanAuxExDnRcK5AcQdEma,minbias,0,test,7.308773,6.958878517150879,-0.04787322327136756,3,60mm,1.4074402
SubNetW4CleanAuxExDnRcK5AcQdEma,minbias,0,test,3.5637841,3.496154546737671,-0.01897690022889298,3,60mm,0.70059466
SubNetW4CleanAuxExDnRcK5AcQdEma,minbias,0,test,17.486769,16.831268310546875,-0.03748550817982743,1,30mm,1.31131
SubNetW4CleanAuxExDnRcK5AcQdEma,minbias,0,test,7.6167307,7.589957237243652,-0.0035150846010522097,4,120mm,1.6729853
SubNetW4CleanAuxExDnRcK5AcQdEma,minbias,0,test,53.90318,52.31285095214844,-0.029503421525017504,0,15mm,1.3012054
SubNetW4CleanAuxExDnRcK5AcQdEma,minbias,0,test,41.649796,40.211090087890625,-0.03454291734092041,2,40mm,3.8577354
SubNetW4CleanAuxExDnRcK5AcQdEma,minbias,0,test,12.972777,11.27191162109375,-0.13111037809979798,2,40mm,2.3312385
SubNetW4CleanAuxExDnRcK5AcQdEma,minbias,0,test,18.783396,18.284194946289062,-0.02657670780670296,3,60mm,2.9953978
SubNetW4CleanAuxExDnRcK5AcQdEma,minbias,0,test,99.77051,97.97669219970703,-0.01797941748641907,1,30mm,3.9896288
SubNetW4CleanAuxExDnRcK5AcQdEma,minbias,0,test,7.166994,6.83575963973999,-0.04621664964768446,1,30mm,0.6953091
SubNetW4CleanAuxExDnRcK5AcQdEma,minbias,0,test,19.211023,19.578989028930664,0.019153883263177462,3,60mm,3.1030931
SubNetW4CleanAuxExDnRcK5AcQdEma,minbias,0,test,28.38676,28.897504806518555,0.017992334526519826,2,40mm,2.1015124
SubNetW4CleanAuxExDnRcK5AcQdEma,minbias,0,test,13.884912,14.074624061584473,0.013663214483303987,3,60mm,2.3113055
SubNetW4CleanAuxExDnRcK5AcQdEma,minbias,0,test,54.874165,56.4868049621582,0.029387971428160187,0,15mm,2.4348576
SubNetW4CleanAuxExDnRcK5AcQdEma,minbias,0,test,9.65475,9.790584564208984,0.014069209014574646,4,120mm,1.9137232
SubNetW4CleanAuxExDnRcK5AcQdEma,minbias,0,test,29.239626,28.28949737548828,-0.032494552343006244,3,60mm,3.266445
SubNetW4CleanAuxExDnRcK5AcQdEma,minbias,0,test,5.4033017,5.02155065536499,-0.07065144249967681,2,40mm,1.002281
SubNetW4CleanAuxExDnRcK5AcQdEma,minbias,0,test,11.54341,15.455034255981445,0.33886207391964884,3,60mm,1.9570111
SubNetW4CleanAuxExDnRcK5AcQdEma,minbias,0,test,16.112541,15.71000862121582,-0.024982563119613,0,15mm,0.60474294
SubNetW4CleanAuxExDnRcK5AcQdEma,minbias,0,test,89.596664,87.81812286376953,-0.019850533234488155,0,15mm,2.3520787
SubNetW4CleanAuxExDnRcK5AcQdEma,minbias,0,test,44.965015,44.313804626464844,-0.014482610068167423,1,30mm,1.7555418
SubNetW4CleanAuxExDnRcK5AcQdEma,minbias,0,test,11.450899,10.811241149902344,-0.05586093871828579,3,60mm,2.4755406
SubNetW4CleanAuxExDnRcK5AcQdEma,minbias,0,test,29.519833,29.254133224487305,-0.00900070776474915,3,60mm,4.2424126
SubNetW4CleanAuxExDnRcK5AcQdEma,minbias,0,test,22.048214,22.147247314453125,0.004491672472800579,3,60mm,4.037245
SubNetW4CleanAuxExDnRcK5AcQdEma,minbias,0,test,5.234684,5.854526996612549,0.11841077842740444,3,60mm,1.0831517
SubNetW4CleanAuxExDnRcK5AcQdEma,minbias,0,test,13.924268,13.947790145874023,0.001689308005607737,3,60mm,2.5131774
SubNetW4CleanAuxExDnRcK5AcQdEma,minbias,0,test,16.10558,18.4293155670166,0.14428144039492352,0,15mm,0.6108941
SubNetW4CleanAuxExDnRcK5AcQdEma,minbias,0,test,11.914823,13.284066200256348,0.11491934628594147,2,40mm,1.4084264
SubNetW4CleanAuxExDnRcK5AcQdEma,minbias,0,test,26.103624,27.770647048950195,0.06386173364732262,0,15mm,1.2733852
SubNetW4CleanAuxExDnRcK5AcQdEma,minbias,0,test,8.68087,9.137499809265137,0.052601841769209345,3,60mm,0.9836345
SubNetW4CleanAuxExDnRcK5AcQdEma,minbias,0,test,6.5418205,6.920080184936523,0.05782177259418786,3,60mm,1.2332159
SubNetW4CleanAuxExDnRcK5AcQdEma,minbias,0,test,9.409242,8.835884094238281,-0.06093557821291762,4,120mm,2.0722122
SubNetW4CleanAuxExDnRcK5AcQdEma,minbias,0,test,33.62547,32.07866287231445,-0.04600103349909779,2,40mm,3.9042795
SubNetW4CleanAuxExDnRcK5AcQdEma,minbias,0,test,27.84703,27.990163803100586,0.005139979386109328,3,60mm,4.096888
SubNetW4CleanAuxExDnRcK5AcQdEma,minbias,0,test,78.33123,77.47760772705078,-0.01089760028970399,0,15mm,3.1537523
SubNetW4CleanAuxExDnRcK5AcQdEma,minbias,0,test,14.9811125,15.654899597167969,0.044975773187508894,2,40mm,1.7362739
SubNetW4CleanAuxExDnRcK5AcQdEma,minbias,0,test,7.327535,6.706521511077881,-0.0847506874328714,1,30mm,0.55202174
SubNetW4CleanAuxExDnRcK5AcQdEma,minbias,0,test,53.03254,51.98221969604492,-0.01980519289014182,1,30mm,2.806103
SubNetW4CleanAuxExDnRcK5AcQdEma,minbias,0,test,14.3471775,13.542540550231934,-0.056083292686185504,3,60mm,1.6013238
SubNetW4CleanAuxExDnRcK5AcQdEma,minbias,0,test,46.123272,45.77912521362305,-0.007461455226926539,0,15mm,1.2144735
SubNetW4CleanAuxExDnRcK5AcQdEma,minbias,0,test,39.32232,38.549556732177734,-0.019652002161404947,3,60mm,4.737063
SubNetW4CleanAuxExDnRcK5AcQdEma,minbias,0,test,72.704544,80.5477523803711,0.10787782818250213,0,15mm,1.9788029
SubNetW4CleanAuxExDnRcK5AcQdEma,minbias,0,test,24.51471,25.634069442749023,0.04566074794161068,3,60mm,4.025935
SubNetW4CleanAuxExDnRcK5AcQdEma,minbias,0,test,48.4017,47.56311798095703,-0.01732544727528651,1,30mm,3.492138
SubNetW4CleanAuxExDnRcK5AcQdEma,minbias,0,test,43.33945,42.13376998901367,-0.02781947680244745,1,30mm,2.5721366
SubNetW4CleanAuxExDnRcK5AcQdEma,minbias,0,test,84.35453,79.94783782958984,-0.052240140362466825,1,30mm,3.258534
SubNetW4CleanAuxExDnRcK5AcQdEma,minbias,0,test,52.658978,52.99445343017578,0.006370726085147105,0,15mm,1.4950258
SubNetW4CleanAuxExDnRcK5AcQdEma,minbias,0,test,6.6802807,7.103548526763916,0.06336078695953717,4,120mm,1.3365387
SubNetW4CleanAuxExDnRcK5AcQdEma,minbias,0,test,86.04989,83.85275268554688,-0.025533280295451655,1,30mm,4.219011
SubNetW4CleanAuxExDnRcK5AcQdEma,minbias,0,test,67.7222,66.99154663085938,-0.010788956528283045,2,40mm,4.6200504
SubNetW4CleanAuxExDnRcK5AcQdEma,minbias,0,test,55.218105,55.66960906982422,0.008176733900537414,1,30mm,2.7328527
SubNetW4CleanAuxExDnRcK5AcQdEma,minbias,0,test,36.527428,36.37773895263672,-0.004097981441282261,3,60mm,3.7479181
SubNetW4CleanAuxExDnRcK5AcQdEma,minbias,0,test,56.941513,57.11350631713867,0.003020524857310969,1,30mm,2.7307515
SubNetW4CleanAuxExDnRcK5AcQdEma,minbias,0,test,8.484232,8.95792007446289,0.05583158598986859,2,40mm,1.5964347
SubNetW4CleanAuxExDnRcK5AcQdEma,minbias,0,test,9.379513,9.123222351074219,-0.02732449345875576,3,60mm,2.0932975
SubNetW4CleanAuxExDnRcK5AcQdEma,minbias,0,test,5.0561023,4.724976539611816,-0.06549031609156108,3,60mm,0.67370576
SubNetW4CleanAuxExDnRcK5AcQdEma,minbias,0,test,5.070241,4.895242214202881,-0.03451488028006222,3,60mm,0.9606284
SubNetW4CleanAuxExDnRcK5AcQdEma,minbias,0,test,17.51226,16.692384719848633,-0.046817240990220776,2,40mm,1.8260493
SubNetW4CleanAuxExDnRcK5AcQdEma,minbias,0,test,5.2849603,5.915780544281006,0.11936140332832124,3,60mm,1.1713336
SubNetW4CleanAuxExDnRcK5AcQdEma,minbias,0,test,29.50234,28.972362518310547,-0.017963923972520113,3,60mm,3.8616812
SubNetW4CleanAuxExDnRcK5AcQdEma,minbias,0,test,33.811157,32.40098571777344,-0.04170728317104788,3,60mm,4.449013
SubNetW4CleanAuxExDnRcK5AcQdEma,minbias,0,test,29.663208,28.843685150146484,-0.02762758692351064,1,30mm,2.0862255
SubNetW4CleanAuxExDnRcK5AcQdEma,minbias,0,test,14.274013,13.583712577819824,-0.04836061230995092,3,60mm,2.20862
SubNetW4CleanAuxExDnRcK5AcQdEma,minbias,0,test,16.201178,16.08423614501953,-0.007218083458803037,3,60mm,2.3689048
SubNetW4CleanAuxExDnRcK5AcQdEma,minbias,0,test,20.013502,21.035831451416016,0.051081980768026725,2,40mm,1.7778677
SubNetW4CleanAuxExDnRcK5AcQdEma,minbias,0,test,45.955338,49.68803024291992,0.08122435650750792,1,30mm,1.8587292
SubNetW4CleanAuxExDnRcK5AcQdEma,minbias,0,test,37.6688,37.203697204589844,-0.012347171798494094,2,40mm,3.2030938
SubNetW4CleanAuxExDnRcK5AcQdEma,minbias,0,test,13.191155,13.228632926940918,0.0028411077008854146,3,60mm,1.7429123
SubNetW4CleanAuxExDnRcK5AcQdEma,minbias,0,test,13.546438,13.44482421875,-0.007501159846161065,2,40mm,1.369235
SubNetW4CleanAuxExDnRcK5AcQdEma,minbias,0,test,58.548683,59.27680587768555,0.012436192785258093,0,15mm,2.843796
SubNetW4CleanAuxExDnRcK5AcQdEma,minbias,0,test,22.668337,22.598875045776367,-0.003064266377960201,3,60mm,4.9479165
SubNetW4CleanAuxExDnRcK5AcQdEma,minbias,0,test,20.06268,18.74395751953125,-0.06573009278211539,3,60mm,4.3310966
SubNetW4CleanAuxExDnRcK5AcQdEma,minbias,0,test,23.11092,23.25481605529785,0.006226325183146919,3,60mm,3.3368378
SubNetW4CleanAuxExDnRcK5AcQdEma,minbias,0,test,73.59602,72.08560943603516,-0.020523039839409174,1,30mm,4.1470876
SubNetW4CleanAuxExDnRcK5AcQdEma,minbias,0,test,86.625175,86.44154357910156,-0.0021198444443367714,0,15mm,4.427718
SubNetW4CleanAuxExDnRcK5AcQdEma,minbias,0,test,37.549946,36.97197341918945,-0.015392097093988921,2,40mm,2.6384118
SubNetW4CleanAuxExDnRcK5AcQdEma,minbias,0,test,71.50237,77.8023910522461,0.08810922028148016,0,15mm,1.574344
SubNetW4CleanAuxExDnRcK5AcQdEma,minbias,0,test,5.2219663,4.991216659545898,-0.04418826076312521,2,40mm,0.70208514
SubNetW4CleanAuxExDnRcK5AcQdEma,minbias,0,test,98.15487,93.92088317871094,-0.04313577044706496,0,15mm,2.801977
SubNetW4CleanAuxExDnRcK5AcQdEma,minbias,0,test,67.30282,67.88543701171875,0.008656676319203749,0,15mm,2.0178454
SubNetW4CleanAuxExDnRcK5AcQdEma,minbias,0,test,20.610935,22.35762596130371,0.08474582701974986,2,40mm,2.9324436
SubNetW4CleanAuxExDnRcK5AcQdEma,minbias,0,test,20.906538,19.966798782348633,-0.04494953812350222,2,40mm,3.6764736
SubNetW4CleanAuxExDnRcK5AcQdEma,minbias,0,test,29.401329,29.802927017211914,0.013659177655914734,3,60mm,4.5306196
SubNetW4CleanAuxExDnRcK5AcQdEma,minbias,0,test,39.10153,40.28493118286133,0.03026487890858265,3,60mm,4.042046
SubNetW4CleanAuxExDnRcK5AcQdEma,minbias,0,test,53.968445,53.285430908203125,-0.012655801334284789,2,40mm,4.7906895
SubNetW4CleanAuxExDnRcK5AcQdEma,minbias,0,test,14.565933,14.917359352111816,0.02412657802854201,3,60mm,2.2609153
SubNetW4CleanAuxExDnRcK5AcQdEma,minbias,0,test,12.584873,9.730494499206543,-0.2268102868432691,2,40mm,0.85672307
SubNetW4CleanAuxExDnRcK5AcQdEma,minbias,0,test,33.050186,32.624969482421875,-0.012865787586848754,1,30mm,2.0764022
SubNetW4CleanAuxExDnRcK5AcQdEma,minbias,0,test,41.11462,40.14542007446289,-0.023573126283465196,2,40mm,4.4836564
SubNetW4CleanAuxExDnRcK5AcQdEma,minbias,0,test,28.408037,29.724092483520508,0.04632686479710313,3,60mm,4.3740926
SubNetW4CleanAuxExDnRcK5AcQdEma,minbias,0,test,13.262829,13.115076065063477,-0.011140365586344347,4,120mm,2.9072232
SubNetW4CleanAuxExDnRcK5AcQdEma,minbias,0,test,70.174706,69.1808090209961,-0.014163172858615347,0,15mm,3.4882696
SubNetW4CleanAuxExDnRcK5AcQdEma,minbias,0,test,14.515791,15.062956809997559,0.03769452680555885,2,40mm,3.1828017
SubNetW4CleanAuxExDnRcK5AcQdEma,minbias,0,test,20.814575,20.950172424316406,0.006514532616281432,2,40mm,3.0019655
SubNetW4CleanAuxExDnRcK5AcQdEma,minbias,0,test,18.638628,18.487497329711914,-0.008108465720815472,3,60mm,4.1446576
SubNetW4CleanAuxExDnRcK5AcQdEma,minbias,0,test,45.78751,46.360801696777344,0.012520702252393434,2,40mm,4.997214
SubNetW4CleanAuxExDnRcK5AcQdEma,minbias,0,test,47.4955,47.29737854003906,-0.0041713451335110285,1,30mm,3.0129223
SubNetW4CleanAuxExDnRcK5AcQdEma,minbias,0,test,8.732733,8.839458465576172,0.012221339588119884,4,120mm,2.0444014
SubNetW4CleanAuxExDnRcK5AcQdEma,minbias,0,test,18.683239,18.48209571838379,-0.010765973980842891,3,60mm,2.6200018
SubNetW4CleanAuxExDnRcK5AcQdEma,minbias,0,test,22.741508,22.22112464904785,-0.022882555711182473,3,60mm,3.6953642
SubNetW4CleanAuxExDnRcK5AcQdEma,minbias,0,test,17.26883,15.158607482910156,-0.122198315852721,1,30mm,1.2232754
SubNetW4CleanAuxExDnRcK5AcQdEma,minbias,0,test,51.816,51.417381286621094,-0.0076930019861219945,1,30mm,3.3317385
SubNetW4CleanAuxExDnRcK5AcQdEma,minbias,0,test,20.117653,19.252748489379883,-0.042992311691818386,4,120mm,4.27333
SubNetW4CleanAuxExDnRcK5AcQdEma,minbias,0,test,50.646294,49.526092529296875,-0.022118126131782656,0,15mm,1.5616376
SubNetW4CleanAuxExDnRcK5AcQdEma,minbias,0,test,13.190786,11.965351104736328,-0.09290084937745913,2,40mm,1.1016916
SubNetW4CleanAuxExDnRcK5AcQdEma,minbias,0,test,66.44399,65.28463745117188,-0.017448607736388788,2,40mm,3.9307547
SubNetW4CleanAuxExDnRcK5AcQdEma,minbias,0,test,10.311845,10.175004005432129,-0.01327025596534015,3,60mm,1.7203476
SubNetW4CleanAuxExDnRcK5AcQdEma,minbias,0,test,84.047226,82.09988403320312,-0.023169615616510875,1,30mm,4.820631
SubNetW4CleanAuxExDnRcK5AcQdEma,minbias,0,test,12.061889,12.60345458984375,0.04489892990935118,2,40mm,1.0891794
SubNetW4CleanAuxExDnRcK5AcQdEma,minbias,0,test,39.368652,39.45515441894531,0.0021972323167176455,0,15mm,1.4178329
SubNetW4CleanAuxExDnRcK5AcQdEma,minbias,0,test,17.398836,17.268465042114258,-0.007493092798389278,4,120mm,3.8300805
SubNetW4CleanAuxExDnRcK5AcQdEma,minbias,0,test,12.257996,17.418798446655273,0.42101523016406506,1,30mm,1.0674484
SubNetW4CleanAuxExDnRcK5AcQdEma,minbias,0,test,37.588898,37.04530715942383,-0.014461465455020805,3,60mm,4.5310693
SubNetW4CleanAuxExDnRcK5AcQdEma,minbias,0,test,8.2656765,8.742825508117676,0.057726552665858355,2,40mm,1.326863
SubNetW4CleanAuxExDnRcK5AcQdEma,minbias,0,test,8.4691725,7.974649429321289,-0.05839095256374849,3,60mm,1.6000503
SubNetW4CleanAuxExDnRcK5AcQdEma,minbias,0,test,39.154903,38.72793197631836,-0.010904673446786917,1,30mm,2.4327986
SubNetW4CleanAuxExDnRcK5AcQdEma,minbias,0,test,39.834766,39.139366149902344,-0.017457118519657033,1,30mm,3.0823517
SubNetW4CleanAuxExDnRcK5AcQdEma,minbias,0,test,82.409904,83.3348159790039,0.011223305073094991,0,15mm,1.9178592
SubNetW4CleanAuxExDnRcK5AcQdEma,minbias,0,test,13.464417,14.051240921020508,0.04358327906043602,3,60mm,2.670656
SubNetW4CleanAuxExDnRcK5AcQdEma,minbias,0,test,25.194763,27.184654235839844,0.07898034356369199,1,30mm,2.111564
SubNetW4CleanAuxExDnRcK5AcQdEma,minbias,0,test,17.072468,16.721649169921875,-0.020548794589141384,3,60mm,3.4281712
SubNetW4CleanAuxExDnRcK5AcQdEma,minbias,0,test,8.874232,8.789015769958496,-0.009602692313106953,2,40mm,0.6831557
SubNetW4CleanAuxExDnRcK5AcQdEma,minbias,0,test,55.378178,54.6685905456543,-0.012813478654798982,2,40mm,4.3717856
SubNetW4CleanAuxExDnRcK5AcQdEma,minbias,0,test,26.863708,26.9630069732666,0.0036963800879274977,2,40mm,3.020304
SubNetW4CleanAuxExDnRcK5AcQdEma,minbias,0,test,17.159878,16.635900497436523,-0.03053502399430552,3,60mm,2.7172863
SubNetW4CleanAuxExDnRcK5AcQdEma,minbias,0,test,54.584835,54.966102600097656,0.006984862136906411,0,15mm,2.460424
SubNetW4CleanAuxExDnRcK5AcQdEma,minbias,0,test,30.318789,30.586410522460938,0.008826935606859543,2,40mm,2.6964865
SubNetW4CleanAuxExDnRcK5AcQdEma,minbias,0,test,27.855526,28.038005828857422,0.006550939249611032,2,40mm,3.1004977
SubNetW4CleanAuxExDnRcK5AcQdEma,minbias,0,test,43.904476,43.726295471191406,-0.004058371950671158,2,40mm,4.010034
SubNetW4CleanAuxExDnRcK5AcQdEma,minbias,0,test,73.182175,74.63038635253906,0.0197891313861962,0,15mm,1.6419151
SubNetW4CleanAuxExDnRcK5AcQdEma,minbias,0,test,6.7702575,6.741856575012207,-0.004194950944337639,3,60mm,1.3938854
SubNetW4CleanAuxExDnRcK5AcQdEma,minbias,0,test,20.647753,20.673126220703125,0.0012288726601374922,3,60mm,2.4639728
SubNetW4CleanAuxExDnRcK5AcQdEma,minbias,0,test,16.407978,14.643868446350098,-0.1075153565716781,2,40mm,2.1114845
SubNetW4CleanAuxExDnRcK5AcQdEma,minbias,0,test,23.406742,23.287721633911133,-0.005084879456878411,2,40mm,3.047755
SubNetW4CleanAuxExDnRcK5AcQdEma,minbias,0,test,26.776781,26.797285079956055,0.000765737963044355,3,60mm,3.2658384
SubNetW4CleanAuxExDnRcK5AcQdEma,minbias,0,test,39.921646,41.578392028808594,0.04149993980059663,1,30mm,2.6427972
SubNetW4CleanAuxExDnRcK5AcQdEma,minbias,0,test,6.4226046,6.711085319519043,0.04491647522959452,4,120mm,1.4334028
SubNetW4CleanAuxExDnRcK5AcQdEma,minbias,0,test,25.94529,25.893075942993164,-0.002012452726658398,3,60mm,4.944471
SubNetW4CleanAuxExDnRcK5AcQdEma,minbias,0,test,23.907238,23.484832763671875,-0.017668508708678754,3,60mm,3.5995154
SubNetW4CleanAuxExDnRcK5AcQdEma,minbias,0,test,18.156359,18.343399047851562,0.010301643180528286,3,60mm,3.5289423
SubNetW4CleanAuxExDnRcK5AcQdEma,minbias,0,test,8.191929,8.010782241821289,-0.022112816739737307,2,40mm,0.6751375
SubNetW4CleanAuxExDnRcK5AcQdEma,minbias,0,test,61.39801,61.464962005615234,0.0010904547465317993,2,40mm,4.773598
SubNetW4CleanAuxExDnRcK5AcQdEma,minbias,0,test,83.108154,81.89883422851562,-0.014551160215151682,0,15mm,4.209984
SubNetW4CleanAuxExDnRcK5AcQdEma,minbias,0,test,86.75534,84.66716003417969,-0.024069763637879382,1,30mm,4.3153863
SubNetW4CleanAuxExDnRcK5AcQdEma,minbias,0,test,43.9411,42.577537536621094,-0.031031619696887613,2,40mm,3.9228277
SubNetW4CleanAuxExDnRcK5AcQdEma,minbias,0,test,11.894617,10.933515548706055,-0.08080138481656718,4,120mm,2.5125215
SubNetW4CleanAuxExDnRcK5AcQdEma,minbias,0,test,21.82426,21.514219284057617,-0.014206274004347819,3,60mm,3.6406865
SubNetW4CleanAuxExDnRcK5AcQdEma,minbias,0,test,24.922613,24.585569381713867,-0.013523612482395087,3,60mm,4.7344337
SubNetW4CleanAuxExDnRcK5AcQdEma,minbias,0,test,24.522863,22.678255081176758,-0.0752199397637544,2,40mm,2.6347666
SubNetW4CleanAuxExDnRcK5AcQdEma,minbias,0,test,18.727478,17.960275650024414,-0.0409666681332721,3,60mm,3.0932364
SubNetW4CleanAuxExDnRcK5AcQdEma,minbias,0,test,5.279259,5.210935115814209,-0.012941984168410747,3,60mm,0.9692254
SubNetW4CleanAuxExDnRcK5AcQdEma,minbias,0,test,8.022074,7.8987345695495605,-0.015374974113603446,3,60mm,1.7902429
SubNetW4CleanAuxExDnRcK5AcQdEma,minbias,0,test,4.9726834,4.791913032531738,-0.03635268557534743,2,40mm,0.94357973
SubNetW4CleanAuxExDnRcK5AcQdEma,minbias,0,test,34.51274,35.47506332397461,0.027883100696914465,2,40mm,3.4604745
SubNetW4CleanAuxExDnRcK5AcQdEma,minbias,0,test,18.07837,17.511245727539062,-0.031370275088117294,3,60mm,3.3835373
SubNetW4CleanAuxExDnRcK5AcQdEma,minbias,0,test,13.555932,13.873013496398926,0.023390604966433637,4,120mm,3.037712
SubNetW4CleanAuxExDnRcK5AcQdEma,minbias,0,test,5.505195,5.535983085632324,0.005592525606460397,3,60mm,0.5694027
SubNetW4CleanAuxExDnRcK5AcQdEma,minbias,0,test,15.498374,14.830854415893555,-0.043070296924729856,3,60mm,2.2703815
SubNetW4CleanAuxExDnRcK5AcQdEma,minbias,0,test,18.358517,19.628210067749023,0.06916100008831028,2,40mm,2.2472315
SubNetW4CleanAuxExDnRcK5AcQdEma,minbias,0,test,5.8599653,6.028379440307617,0.028739780285807814,2,40mm,0.5941957
SubNetW4CleanAuxExDnRcK5AcQdEma,minbias,0,test,27.56726,27.997390747070312,0.015602928738747135,2,40mm,3.153551
SubNetW4CleanAuxExDnRcK5AcQdEma,minbias,0,test,7.9664183,7.501575946807861,-0.05835022766192666,3,60mm,1.8441491
SubNetW4CleanAuxExDnRcK5AcQdEma,minbias,0,test,26.608286,24.904958724975586,-0.06401491569599593,1,30mm,1.0674661
SubNetW4CleanAuxExDnRcK5AcQdEma,minbias,0,test,73.03474,64.83158111572266,-0.11231854725190904,2,40mm,4.674985
SubNetW4CleanAuxExDnRcK5AcQdEma,minbias,0,test,53.778458,54.06000900268555,0.005235393007370082,1,30mm,2.8067656
SubNetW4CleanAuxExDnRcK5AcQdEma,minbias,0,test,33.777344,33.646793365478516,-0.003865028152827521,1,30mm,3.0993252
SubNetW4CleanAuxExDnRcK5AcQdEma,minbias,0,test,43.071575,41.2370719909668,-0.042591968527020074,2,40mm,4.222538
SubNetW4CleanAuxExDnRcK5AcQdEma,minbias,0,test,23.00442,24.02402114868164,0.044321997761202825,3,60mm,2.6570306
SubNetW4CleanAuxExDnRcK5AcQdEma,minbias,0,test,14.896312,14.783406257629395,-0.007579426648608556,4,120mm,3.0935245
SubNetW4CleanAuxExDnRcK5AcQdEma,minbias,0,test,16.051727,15.04628849029541,-0.06263742126646676,3,60mm,3.312974
SubNetW4CleanAuxExDnRcK5AcQdEma,minbias,0,test,58.330856,60.83470916748047,0.042925014341690826,0,15mm,2.5724528
SubNetW4CleanAuxExDnRcK5AcQdEma,minbias,0,test,76.43404,77.14579010009766,0.009312001303207085,0,15mm,3.3491948
SubNetW4CleanAuxExDnRcK5AcQdEma,minbias,0,test,36.976463,35.865779876708984,-0.030037579084133403,2,40mm,4.2005525
SubNetW4CleanAuxExDnRcK5AcQdEma,minbias,0,test,5.1015916,4.866726398468018,-0.04603763052966714,3,60mm,0.5869559
SubNetW4CleanAuxExDnRcK5AcQdEma,minbias,0,test,41.903023,41.57065200805664,-0.007931904099420461,2,40mm,3.777799
SubNetW4CleanAuxExDnRcK5AcQdEma,minbias,0,test,29.15627,28.648534774780273,-0.0174142410822985,3,60mm,4.4534206
SubNetW4CleanAuxExDnRcK5AcQdEma,minbias,0,test,21.28595,20.976642608642578,-0.014531045250309016,3,60mm,4.5469327
SubNetW4CleanAuxExDnRcK5AcQdEma,minbias,0,test,83.939384,97.78948974609375,0.16500127293845557,0,15mm,2.2914445
SubNetW4CleanAuxExDnRcK5AcQdEma,minbias,0,test,12.664048,12.311907768249512,-0.02780630815807894,3,60mm,2.5273092
SubNetW4CleanAuxExDnRcK5AcQdEma,minbias,0,test,16.61702,16.667081832885742,0.003012705082492184,3,60mm,2.9853842
SubNetW4CleanAuxExDnRcK5AcQdEma,minbias,0,test,20.921347,21.63741683959961,0.03422677261920182,3,60mm,2.8866549
SubNetW4CleanAuxExDnRcK5AcQdEma,minbias,0,test,30.903065,30.088043212890625,-0.02637348502719339,3,60mm,4.9215407
SubNetW4CleanAuxExDnRcK5AcQdEma,minbias,0,test,34.874798,36.516075134277344,0.047061987904686964,1,30mm,1.8135067
SubNetW4CleanAuxExDnRcK5AcQdEma,minbias,0,test,5.42059,6.252745628356934,0.15351755365879471,4,120mm,1.0906377
SubNetW4CleanAuxExDnRcK5AcQdEma,minbias,0,test,36.942253,35.9100341796875,-0.027941417919309708,2,40mm,4.7165217
SubNetW4CleanAuxExDnRcK5AcQdEma,minbias,0,test,27.282831,27.540428161621094,0.009441724276763042,2,40mm,2.10914
SubNetW4CleanAuxExDnRcK5AcQdEma,minbias,0,test,18.61347,18.37445640563965,-0.012840898063587458,2,40mm,2.0238917
SubNetW4CleanAuxExDnRcK5AcQdEma,minbias,0,test,28.62856,29.62541389465332,0.03482029179972024,1,30mm,1.6536001
SubNetW4CleanAuxExDnRcK5AcQdEma,minbias,0,test,31.248466,28.0271053314209,-0.10308861592084961,1,30mm,2.8809059
SubNetW4CleanAuxExDnRcK5AcQdEma,minbias,0,test,52.645977,55.33245086669922,0.05102904340442782,1,30mm,2.1788056
SubNetW4CleanAuxExDnRcK5AcQdEma,minbias,0,test,37.988346,38.52668762207031,0.014171228218300191,3,60mm,4.738076
SubNetW4CleanAuxExDnRcK5AcQdEma,minbias,0,test,14.446593,14.091644287109375,-0.024569736996455926,4,120mm,3.2855036
SubNetW4CleanAuxExDnRcK5AcQdEma,minbias,0,test,11.326169,11.597805976867676,0.023983128148221233,2,40mm,1.4034605
SubNetW4CleanAuxExDnRcK5AcQdEma,minbias,0,test,50.379364,49.172019958496094,-0.023965051540708937,1,30mm,3.0545743
SubNetW4CleanAuxExDnRcK5AcQdEma,minbias,0,test,6.739216,6.501132488250732,-0.03532805119308069,2,40mm,0.8318799
SubNetW4CleanAuxExDnRcK5AcQdEma,minbias,0,test,66.54503,65.30250549316406,-0.01867191611281116,0,15mm,1.5247575
SubNetW4CleanAuxExDnRcK5AcQdEma,minbias,0,test,36.11818,36.23173904418945,0.003144115374427381,2,40mm,4.259782
SubNetW4CleanAuxExDnRcK5AcQdEma,minbias,0,test,27.68915,26.909624099731445,-0.028152751560591827,3,60mm,4.4520917
SubNetW4CleanAuxExDnRcK5AcQdEma,minbias,0,test,16.084808,15.586999893188477,-0.030948982766896838,2,40mm,1.7654002
SubNetW4CleanAuxExDnRcK5AcQdEma,minbias,0,test,2.2884665,2.4093427658081055,0.052819787709026844,3,60mm,0.5328619
SubNetW4CleanAuxExDnRcK5AcQdEma,minbias,0,test,38.91113,38.456398010253906,-0.01168639921947534,0,15mm,0.8736623
SubNetW4CleanAuxExDnRcK5AcQdEma,minbias,0,test,5.244267,5.069011211395264,-0.0334185456025059,3,60mm,0.73694366
SubNetW4CleanAuxExDnRcK5AcQdEma,minbias,0,test,53.21832,52.01228332519531,-0.022662038900389203,2,40mm,4.405179
SubNetW4CleanAuxExDnRcK5AcQdEma,minbias,0,test,29.80821,28.833574295043945,-0.03269690013883342,3,60mm,4.5311146
SubNetW4CleanAuxExDnRcK5AcQdEma,minbias,0,test,11.37277,10.566878318786621,-0.07086153757911595,3,60mm,1.8242894
SubNetW4CleanAuxExDnRcK5AcQdEma,minbias,0,test,7.7248125,8.65949535369873,0.12099747989303289,2,40mm,0.7869942
SubNetW4CleanAuxExDnRcK5AcQdEma,minbias,0,test,20.579449,20.41738510131836,-0.007875021386418268,4,120mm,4.253125
SubNetW4CleanAuxExDnRcK5AcQdEma,minbias,0,test,10.118935,9.909531593322754,-0.02069417835511933,3,60mm,1.4812441
SubNetW4CleanAuxExDnRcK5AcQdEma,minbias,0,test,8.683347,9.37658405303955,0.0798352668363802,3,60mm,1.5581475
SubNetW4CleanAuxExDnRcK5AcQdEma,minbias,0,test,19.228441,20.68662452697754,0.0758347112225568,2,40mm,2.437597
SubNetW4CleanAuxExDnRcK5AcQdEma,minbias,0,test,22.536983,22.255685806274414,-0.012481603132058816,3,60mm,3.8758976
SubNetW4CleanAuxExDnRcK5AcQdEma,minbias,0,test,20.562904,20.9904727935791,0.02079319284021608,3,60mm,3.6314378
SubNetW4CleanAuxExDnRcK5AcQdEma,minbias,0,test,46.47157,45.776634216308594,-0.014953978507898702,2,40mm,4.2035003
SubNetW4CleanAuxExDnRcK5AcQdEma,minbias,0,test,26.47731,25.805200576782227,-0.025384361149066614,2,40mm,2.1970816
SubNetW4CleanAuxExDnRcK5AcQdEma,minbias,0,test,37.580463,36.71128845214844,-0.02312837252180966,2,40mm,3.5034537
SubNetW4CleanAuxExDnRcK5AcQdEma,minbias,0,test,31.47396,31.661645889282227,0.005963183774487346,2,40mm,4.2045403
SubNetW4CleanAuxExDnRcK5AcQdEma,minbias,0,test,72.23088,72.12828063964844,-0.0014204464435286779,0,15mm,2.8021133
SubNetW4CleanAuxExDnRcK5AcQdEma,minbias,0,test,23.261087,23.016483306884766,-0.010515592256132966,3,60mm,4.909134
SubNetW4CleanAuxExDnRcK5AcQdEma,minbias,0,test,15.304833,16.38566780090332,0.07062046084561957,0,15mm,0.5547208
SubNetW4CleanAuxExDnRcK5AcQdEma,minbias,0,test,78.52051,79.39295196533203,0.011111035538834635,1,30mm,3.7009895
SubNetW4CleanAuxExDnRcK5AcQdEma,minbias,0,test,62.739666,60.15871047973633,-0.04113753978198953,0,15mm,2.416076
SubNetW4CleanAuxExDnRcK5AcQdEma,minbias,0,test,42.6565,44.0659294128418,0.033041332137856205,2,40mm,2.9532342
SubNetW4CleanAuxExDnRcK5AcQdEma,minbias,0,test,20.300505,22.777786254882812,0.12203054106001421,3,60mm,3.8486655
SubNetW4CleanAuxExDnRcK5AcQdEma,minbias,0,test,22.557964,22.858156204223633,0.013307578421002386,3,60mm,3.2796438
SubNetW4CleanAuxExDnRcK5AcQdEma,minbias,0,test,20.72712,20.69417381286621,-0.0015894940452637618,2,40mm,3.0380092
SubNetW4CleanAuxExDnRcK5AcQdEma,minbias,0,test,26.883223,26.75292205810547,-0.004846908567715302,3,60mm,3.049066
SubNetW4CleanAuxExDnRcK5AcQdEma,minbias,0,test,35.576466,40.29791259765625,0.1327126489506878,1,30mm,1.40023
SubNetW4CleanAuxExDnRcK5AcQdEma,minbias,0,test,15.283729,14.726268768310547,-0.036474072907462296,3,60mm,2.1706429
SubNetW4CleanAuxExDnRcK5AcQdEma,minbias,0,test,55.189293,52.05413055419922,-0.056807438333339566,1,30mm,4.8988075
SubNetW4CleanAuxExDnRcK5AcQdEma,minbias,0,test,7.2902083,6.920984745025635,-0.050646507954417275,3,60mm,1.3861372
SubNetW4CleanAuxExDnRcK5AcQdEma,minbias,0,test,4.4975195,4.408479690551758,-0.01979753566111553,2,40mm,0.5986074
SubNetW4CleanAuxExDnRcK5AcQdEma,minbias,0,test,15.922839,16.765378952026367,0.05291391683202762,2,40mm,2.7630036
SubNetW4CleanAuxExDnRcK5AcQdEma,minbias,0,test,33.559196,33.33159637451172,-0.006782048486917991,2,40mm,3.3442366
SubNetW4CleanAuxExDnRcK5AcQdEma,minbias,0,test,12.212885,12.513266563415527,0.02459547132788975,3,60mm,2.0039973
SubNetW4CleanAuxExDnRcK5AcQdEma,minbias,0,test,27.888908,27.000747680664062,-0.03184637753713282,3,60mm,3.766694
SubNetW4CleanAuxExDnRcK5AcQdEma,minbias,0,test,17.924974,17.012086868286133,-0.050928249645211365,3,60mm,3.5431654
SubNetW4CleanAuxExDnRcK5AcQdEma,minbias,0,test,15.274689,14.672284126281738,-0.03943809300708656,2,40mm,1.2752652
SubNetW4CleanAuxExDnRcK5AcQdEma,minbias,0,test,49.042572,47.35835647583008,-0.03434190900339573,0,15mm,1.3883729
SubNetW4CleanAuxExDnRcK5AcQdEma,minbias,0,test,30.964624,32.11890411376953,0.037277368320972615,2,40mm,2.9058194
SubNetW4CleanAuxExDnRcK5AcQdEma,minbias,0,test,77.5032,81.58451843261719,0.05266004357533527,0,15mm,2.8665926
SubNetW4CleanAuxExDnRcK5AcQdEma,minbias,0,test,6.1816936,5.820370197296143,-0.05845054489946777,4,120mm,1.3304859
SubNetW4CleanAuxExDnRcK5AcQdEma,minbias,0,test,29.463238,28.630741119384766,-0.02825543647912876,2,40mm,2.3453815
SubNetW4CleanAuxExDnRcK5AcQdEma,minbias,0,test,25.258268,25.25383758544922,-0.00017541863169390215,3,60mm,4.774743
SubNetW4CleanAuxExDnRcK5AcQdEma,minbias,0,test,28.478807,29.238115310668945,0.026662207070250687,3,60mm,3.8138423
SubNetW4CleanAuxExDnRcK5AcQdEma,minbias,0,test,59.810547,54.8212776184082,-0.08341788392303173,2,40mm,3.5653677
SubNetW4CleanAuxExDnRcK5AcQdEma,minbias,0,test,31.555618,31.206045150756836,-0.011077999873309374,2,40mm,3.0256884
SubNetW4CleanAuxExDnRcK5AcQdEma,minbias,0,test,17.187304,17.583755493164062,0.023066558932835823,2,40mm,2.7134275
SubNetW4CleanAuxExDnRcK5AcQdEma,minbias,0,test,29.082012,28.783544540405273,-0.010262963728123298,3,60mm,4.877073
SubNetW4CleanAuxExDnRcK5AcQdEma,minbias,0,test,20.427364,20.201099395751953,-0.01107656130979584,3,60mm,3.3698673
SubNetW4CleanAuxExDnRcK5AcQdEma,minbias,0,test,86.671745,86.6543197631836,-0.00020105210814669316,1,30mm,3.359623
SubNetW4CleanAuxExDnRcK5AcQdEma,minbias,0,test,12.568417,12.395529747009277,-0.013755658649329927,3,60mm,2.1790497
SubNetW4CleanAuxExDnRcK5AcQdEma,minbias,0,test,38.624924,38.68916320800781,0.0016631619117750684,2,40mm,3.6393013
SubNetW4CleanAuxExDnRcK5AcQdEma,minbias,0,test,18.888262,18.32415771484375,-0.029865325159153078,2,40mm,2.7820358
SubNetW4CleanAuxExDnRcK5AcQdEma,minbias,0,test,41.33414,42.539833068847656,0.02916940496591902,0,15mm,1.0936892
SubNetW4CleanAuxExDnRcK5AcQdEma,minbias,0,test,48.79276,54.05451583862305,0.10783888862003099,1,30mm,4.3065567
SubNetW4CleanAuxExDnRcK5AcQdEma,minbias,0,test,16.07908,17.232666015625,0.0717444898730959,2,40mm,1.0257473
SubNetW4CleanAuxExDnRcK5AcQdEma,minbias,0,test,10.085329,10.72639274597168,0.06356398354873272,2,40mm,1.1370289
SubNetW4CleanAuxExDnRcK5AcQdEma,minbias,0,test,4.6447134,4.6667704582214355,0.004748851978354729,3,60mm,0.812512
SubNetW4CleanAuxExDnRcK5AcQdEma,minbias,0,test,19.852964,18.940073013305664,-0.04598262352609661,3,60mm,4.366058
SubNetW4CleanAuxExDnRcK5AcQdEma,minbias,0,test,46.661674,46.77529525756836,0.0024349910129741748,1,30mm,1.9653128
SubNetW4CleanAuxExDnRcK5AcQdEma,minbias,0,test,10.869915,10.122152328491211,-0.06879195278582118,2,40mm,0.8392429
SubNetW4CleanAuxExDnRcK5AcQdEma,minbias,0,test,57.959595,58.392906188964844,0.00747609544971084,1,30mm,3.5095074
SubNetW4CleanAuxExDnRcK5AcQdEma,minbias,0,test,29.853355,30.592683792114258,0.02476533623447752,2,40mm,2.3454237
SubNetW4CleanAuxExDnRcK5AcQdEma,minbias,0,test,60.177174,60.85626220703125,0.011284820335357937,0,15mm,2.021723
SubNetW4CleanAuxExDnRcK5AcQdEma,minbias,0,test,27.386232,26.805355072021484,-0.02121055923647641,3,60mm,3.41769
SubNetW4CleanAuxExDnRcK5AcQdEma,minbias,0,test,65.61436,66.60337829589844,0.015073245347058561,2,40mm,4.9338837
SubNetW4CleanAuxExDnRcK5AcQdEma,minbias,0,test,84.52707,83.90339660644531,-0.007378375851104568,1,30mm,4.972187
SubNetW4CleanAuxExDnRcK5AcQdEma,minbias,0,test,14.522621,14.37720775604248,-0.010012889353294363,3,60mm,1.7294128
SubNetW4CleanAuxExDnRcK5AcQdEma,minbias,0,test,30.223948,16.848899841308594,-0.44253146193566306,0,15mm,1.1228235
SubNetW4CleanAuxExDnRcK5AcQdEma,minbias,0,test,98.24705,94.00068664550781,-0.04322125590674608,0,15mm,3.3174343
SubNetW4CleanAuxExDnRcK5AcQdEma,minbias,0,test,35.11565,36.24486541748047,0.032157036386530224,2,40mm,2.543857
SubNetW4CleanAuxExDnRcK5AcQdEma,minbias,0,test,23.583282,23.48848533630371,-0.00401967514561119,2,40mm,2.3676074
SubNetW4CleanAuxExDnRcK5AcQdEma,minbias,0,test,4.2847033,4.130038738250732,-0.03609690269199617,3,60mm,0.7045182
SubNetW4CleanAuxExDnRcK5AcQdEma,minbias,0,test,14.422517,14.377251625061035,-0.003138508923927974,3,60mm,1.8615103
SubNetW4CleanAuxExDnRcK5AcQdEma,minbias,0,test,10.703563,10.66779613494873,-0.003341560417121303,3,60mm,2.2861776
SubNetW4CleanAuxExDnRcK5AcQdEma,minbias,0,test,11.570179,11.373992919921875,-0.016956182434002987,2,40mm,1.0115753
SubNetW4CleanAuxExDnRcK5AcQdEma,minbias,0,test,52.642548,53.26166534423828,0.011760785998303769,0,15mm,1.142851
SubNetW4CleanAuxExDnRcK5AcQdEma,minbias,0,test,41.665924,42.205291748046875,0.012945054928957367,1,30mm,3.1757607
SubNetW4CleanAuxExDnRcK5AcQdEma,minbias,0,test,21.18656,21.528152465820312,0.016123089066939045,2,40mm,1.9205118
SubNetW4CleanAuxExDnRcK5AcQdEma,minbias,0,test,40.592236,41.772621154785156,0.02907909784136109,1,30mm,2.4464743
SubNetW4CleanAuxExDnRcK5AcQdEma,minbias,0,test,10.5876665,10.903196334838867,0.029801639762589982,3,60mm,1.339896
SubNetW4CleanAuxExDnRcK5AcQdEma,minbias,0,test,30.382967,30.47661018371582,0.003082094928096968,3,60mm,4.5389986
SubNetW4CleanAuxExDnRcK5AcQdEma,minbias,0,test,8.930178,9.177502632141113,0.027695411241172252,3,60mm,1.4054421
SubNetW4CleanAuxExDnRcK5AcQdEma,minbias,0,test,11.87353,11.92880630493164,0.004655390203881948,3,60mm,2.104547
SubNetW4CleanAuxExDnRcK5AcQdEma,minbias,0,test,29.670841,28.8082332611084,-0.029072581718282753,2,40mm,2.5960324
SubNetW4CleanAuxExDnRcK5AcQdEma,minbias,0,test,29.669058,29.457015991210938,-0.007146902202238015,3,60mm,4.4112735
SubNetW4CleanAuxExDnRcK5AcQdEma,minbias,0,test,32.917427,29.753862380981445,-0.09610607402435434,2,40mm,4.3596396
SubNetW4CleanAuxExDnRcK5AcQdEma,minbias,0,test,27.309061,27.148542404174805,-0.005877852993330768,3,60mm,3.9478376
SubNetW4CleanAuxExDnRcK5AcQdEma,minbias,0,test,15.890176,18.44229507446289,0.16060988148101996,1,30mm,0.6294067
SubNetW4CleanAuxExDnRcK5AcQdEma,minbias,0,test,16.638535,22.10898780822754,0.32878215609905515,1,30mm,1.6399493
SubNetW4CleanAuxExDnRcK5AcQdEma,minbias,0,test,16.157927,15.817112922668457,-0.02109265910609659,2,40mm,1.6002346
SubNetW4CleanAuxExDnRcK5AcQdEma,minbias,0,test,11.538294,11.506121635437012,-0.0027882981239923943,3,60mm,2.0851254
SubNetW4CleanAuxExDnRcK5AcQdEma,minbias,0,test,12.006687,13.518352508544922,0.1259019514335431,2,40mm,1.7525839
SubNetW4CleanAuxExDnRcK5AcQdEma,minbias,0,test,67.07526,66.00019836425781,-0.016027638833407187,1,30mm,4.724941
SubNetW4CleanAuxExDnRcK5AcQdEma,minbias,0,test,10.224643,9.727614402770996,-0.04861082805607331,2,40mm,1.1728072
SubNetW4CleanAuxExDnRcK5AcQdEma,minbias,0,test,59.29543,59.15206527709961,-0.0024177909579043977,2,40mm,4.8384075
SubNetW4CleanAuxExDnRcK5AcQdEma,minbias,0,test,31.734146,33.01382064819336,0.0403248452081979,1,30mm,2.6767385
SubNetW4CleanAuxExDnRcK5AcQdEma,minbias,0,test,34.92537,35.57950210571289,0.018729446726745813,3,60mm,4.5015235
SubNetW4CleanAuxExDnRcK5AcQdEma,minbias,0,test,75.7076,70.1259765625,-0.0737261072520643,1,30mm,4.8081193
SubNetW4CleanAuxExDnRcK5AcQdEma,minbias,0,test,51.41239,57.184791564941406,0.11227643211438365,1,30mm,3.2287533
SubNetW4CleanAuxExDnRcK5AcQdEma,minbias,0,test,30.789595,30.390047073364258,-0.0129767079249552,2,40mm,3.3824418
SubNetW4CleanAuxExDnRcK5AcQdEma,minbias,0,test,48.90137,47.89928436279297,-0.02049199478189012,0,15mm,1.1700542
SubNetW4CleanAuxExDnRcK5AcQdEma,minbias,0,test,34.651173,33.582847595214844,-0.03083084817611348,2,40mm,2.8175514
SubNetW4CleanAuxExDnRcK5AcQdEma,minbias,0,test,30.313196,31.431623458862305,0.03689572257201279,3,60mm,4.1793547
SubNetW4CleanAuxExDnRcK5AcQdEma,minbias,0,test,15.633234,15.556957244873047,-0.004879142668591241,3,60mm,2.6815412
SubNetW4CleanAuxExDnRcK5AcQdEma,minbias,0,test,25.036434,28.293376922607422,0.1300881238295446,3,60mm,4.74146
SubNetW4CleanAuxExDnRcK5AcQdEma,minbias,0,test,38.500206,41.43268585205078,0.07616790047517985,1,30mm,1.7440109
SubNetW4CleanAuxExDnRcK5AcQdEma,minbias,0,test,8.591273,8.938799858093262,0.04045111101021992,3,60mm,1.2511089
SubNetW4CleanAuxExDnRcK5AcQdEma,minbias,0,test,8.628947,9.09459400177002,0.053963331777575174,2,40mm,1.2243123
SubNetW4CleanAuxExDnRcK5AcQdEma,minbias,0,test,12.9378395,12.743073463439941,-0.015053985211009535,3,60mm,3.0996401
SubNetW4CleanAuxExDnRcK5AcQdEma,minbias,0,test,83.672356,90.19879913330078,0.07799999689981929,0,15mm,2.7552526
SubNetW4CleanAuxExDnRcK5AcQdEma,minbias,0,test,19.576668,20.631153106689453,0.05386439268373189,3,60mm,1.9006085
SubNetW4CleanAuxExDnRcK5AcQdEma,minbias,0,test,13.353516,12.760937690734863,-0.04437617410322514,3,60mm,2.210679
SubNetW4CleanAuxExDnRcK5AcQdEma,minbias,0,test,45.992725,46.40708541870117,0.009009251855210731,1,30mm,4.775693
SubNetW4CleanAuxExDnRcK5AcQdEma,minbias,0,test,88.88856,88.83528900146484,-0.0005992721015490865,0,15mm,2.3582525
SubNetW4CleanAuxExDnRcK5AcQdEma,minbias,0,test,43.28902,43.698936462402344,0.009469281563192489,2,40mm,4.8056607
SubNetW4CleanAuxExDnRcK5AcQdEma,minbias,0,test,42.954903,42.938228607177734,-0.0003881755217635119,2,40mm,3.2399607
SubNetW4CleanAuxExDnRcK5AcQdEma,minbias,0,test,8.024805,8.073403358459473,0.006056008721964545,3,60mm,1.4766185
SubNetW4CleanAuxExDnRcK5AcQdEma,minbias,0,test,10.784471,10.147454261779785,-0.05906792484164558,2,40mm,1.2853669
SubNetW4CleanAuxExDnRcK5AcQdEma,minbias,0,test,13.564496,13.921140670776367,0.026292508720661578,2,40mm,1.3984172
SubNetW4CleanAuxExDnRcK5AcQdEma,minbias,0,test,62.40603,64.64485931396484,0.035875228905570156,1,30mm,3.4810166
SubNetW4CleanAuxExDnRcK5AcQdEma,minbias,0,test,81.08969,76.27326202392578,-0.05939631868315909,2,40mm,4.8706684
SubNetW4CleanAuxExDnRcK5AcQdEma,minbias,0,test,30.441074,30.45223045349121,0.0003664812226149561,3,60mm,4.9006186
SubNetW4CleanAuxExDnRcK5AcQdEma,minbias,0,test,21.813314,21.507169723510742,-0.014034763732375555,2,40mm,2.3704667
SubNetW4CleanAuxExDnRcK5AcQdEma,minbias,0,test,8.342983,8.36392593383789,0.0025102157551017967,4,120mm,1.9878407
SubNetW4CleanAuxExDnRcK5AcQdEma,minbias,0,test,13.74843,12.980879783630371,-0.055828225795375386,2,40mm,1.4983416
SubNetW4CleanAuxExDnRcK5AcQdEma,minbias,0,test,61.501682,59.84769821166992,-0.02689331427153341,0,15mm,2.007487
SubNetW4CleanAuxExDnRcK5AcQdEma,minbias,0,test,25.369387,24.606847763061523,-0.030057443632425462,4,120mm,4.954709
SubNetW4CleanAuxExDnRcK5AcQdEma,minbias,0,test,47.887486,46.332889556884766,-0.03246351172752404,2,40mm,3.8355505
SubNetW4CleanAuxExDnRcK5AcQdEma,minbias,0,test,18.04354,18.003751754760742,-0.002205071431735095,2,40mm,1.7241935
SubNetW4CleanAuxExDnRcK5AcQdEma,minbias,0,test,15.063181,15.204645156860352,0.00939139177290893,1,30mm,1.491714
SubNetW4CleanAuxExDnRcK5AcQdEma,minbias,0,test,86.95996,84.24141693115234,-0.03126201963569797,1,30mm,4.5622754
SubNetW4CleanAuxExDnRcK5AcQdEma,minbias,0,test,76.92575,78.2015609741211,0.016584956656932714,0,15mm,1.8625461
SubNetW4CleanAuxExDnRcK5AcQdEma,minbias,0,test,89.53139,88.78883361816406,-0.008293780908454007,1,30mm,4.2005258
SubNetW4CleanAuxExDnRcK5AcQdEma,minbias,0,test,76.94892,75.81254577636719,-0.0147679188930947,0,15mm,2.1557474
SubNetW4CleanAuxExDnRcK5AcQdEma,minbias,0,test,26.62984,25.866130828857422,-0.02867873023540246,3,60mm,3.7002883
SubNetW4CleanAuxExDnRcK5AcQdEma,minbias,0,test,25.778719,26.148094177246094,0.01432868831153744,3,60mm,3.9147432
SubNetW4CleanAuxExDnRcK5AcQdEma,minbias,0,test,56.80819,56.11729049682617,-0.012161959440303405,1,30mm,3.4538014
SubNetW4CleanAuxExDnRcK5AcQdEma,minbias,0,test,74.79747,73.89165496826172,-0.012110237463756612,1,30mm,3.1355836
SubNetW4CleanAuxExDnRcK5AcQdEma,minbias,0,test,26.408464,25.9001407623291,-0.019248512943532137,3,60mm,3.389076
SubNetW4CleanAuxExDnRcK5AcQdEma,minbias,0,test,30.36455,29.287309646606445,-0.03547689668110132,3,60mm,3.3338408
SubNetW4CleanAuxExDnRcK5AcQdEma,minbias,0,test,85.80451,88.08468627929688,0.026574060053337067,0,15mm,2.6483138
SubNetW4CleanAuxExDnRcK5AcQdEma,minbias,0,test,56.46089,56.97880172729492,0.009172898051224454,0,15mm,1.7574322
SubNetW4CleanAuxExDnRcK5AcQdEma,minbias,0,test,4.9548554,4.9270195960998535,-0.005617892645474409,3,60mm,0.6979068
SubNetW4CleanAuxExDnRcK5AcQdEma,minbias,0,test,22.016916,21.542226791381836,-0.02156021659495777,2,40mm,2.0312264
SubNetW4CleanAuxExDnRcK5AcQdEma,minbias,0,test,31.658714,30.38656234741211,-0.040183310515713555,2,40mm,2.0650675
SubNetW4CleanAuxExDnRcK5AcQdEma,minbias,0,test,73.89184,71.89012145996094,-0.027089820282616195,1,30mm,3.340436
SubNetW4CleanAuxExDnRcK5AcQdEma,minbias,0,test,55.740417,55.457496643066406,-0.0050756856548747065,0,15mm,3.0178714
SubNetW4CleanAuxExDnRcK5AcQdEma,minbias,0,test,24.959545,25.204605102539062,0.009818286579769575,3,60mm,3.5590527
SubNetW4CleanAuxExDnRcK5AcQdEma,minbias,0,test,14.78052,13.723917961120605,-0.07148614843282564,2,40mm,0.9255432
SubNetW4CleanAuxExDnRcK5AcQdEma,minbias,0,test,62.111652,65.04490661621094,0.04722550648416801,1,30mm,2.7822628
SubNetW4CleanAuxExDnRcK5AcQdEma,minbias,0,test,29.247458,29.118839263916016,-0.004397587049665974,3,60mm,3.3909175
SubNetW4CleanAuxExDnRcK5AcQdEma,minbias,0,test,14.253249,13.756970405578613,-0.03481864078527386,2,40mm,1.6160275
SubNetW4CleanAuxExDnRcK5AcQdEma,minbias,0,test,32.320393,31.666301727294922,-0.020237714599195544,3,60mm,4.7120275
SubNetW4CleanAuxExDnRcK5AcQdEma,minbias,0,test,10.022465,9.942434310913086,-0.007985105786142532,3,60mm,1.4281883
SubNetW4CleanAuxExDnRcK5AcQdEma,minbias,0,test,31.697208,31.36182403564453,-0.010580880329147058,2,40mm,3.963255
SubNetW4CleanAuxExDnRcK5AcQdEma,minbias,0,test,60.55975,59.09551239013672,-0.02417838948686246,1,30mm,2.8099425
SubNetW4CleanAuxExDnRcK5AcQdEma,minbias,0,test,43.88976,43.48665237426758,-0.00918452728045005,2,40mm,4.337888
SubNetW4CleanAuxExDnRcK5AcQdEma,minbias,0,test,27.132658,27.41413688659668,0.010374172769455514,3,60mm,3.0292282
SubNetW4CleanAuxExDnRcK5AcQdEma,minbias,0,test,10.54884,10.762836456298828,0.020286296497867395,3,60mm,1.549723
SubNetW4CleanAuxExDnRcK5AcQdEma,minbias,0,test,26.964159,25.978242874145508,-0.03656394910230154,3,60mm,4.8409357
SubNetW4CleanAuxExDnRcK5AcQdEma,minbias,0,test,6.7671003,6.5250020027160645,-0.03577578571268514,3,60mm,1.22051
SubNetW4CleanAuxExDnRcK5AcQdEma,minbias,0,test,42.620438,42.625423431396484,0.00011698165491358381,2,40mm,4.646155
SubNetW4CleanAuxExDnRcK5AcQdEma,minbias,0,test,94.22551,92.3914794921875,-0.0194642635344201,0,15mm,3.3682737
SubNetW4CleanAuxExDnRcK5AcQdEma,minbias,0,test,6.3082037,6.0892534255981445,-0.034708814444826985,3,60mm,0.8445665
SubNetW4CleanAuxExDnRcK5AcQdEma,minbias,0,test,3.9855227,3.732872486114502,-0.06339200073891094,3,60mm,0.5469732
SubNetW4CleanAuxExDnRcK5AcQdEma,minbias,0,test,6.692347,6.559630870819092,-0.01983103654191576,3,60mm,1.3331379
SubNetW4CleanAuxExDnRcK5AcQdEma,minbias,0,test,46.701176,46.905879974365234,0.004383279042654342,3,60mm,4.9105077
SubNetW4CleanAuxExDnRcK5AcQdEma,minbias,0,test,32.746853,33.90895080566406,0.03548731645611203,2,40mm,3.6901932
SubNetW4CleanAuxExDnRcK5AcQdEma,minbias,0,test,97.37256,94.89486694335938,-0.025445481624118083,0,15mm,2.6681116
SubNetW4CleanAuxExDnRcK5AcQdEma,minbias,0,test,8.542948,7.805395603179932,-0.0863346219494906,4,120mm,1.8088592
SubNetW4CleanAuxExDnRcK5AcQdEma,minbias,0,test,23.09727,24.13153076171875,0.044778527750785946,3,60mm,4.055686
SubNetW4CleanAuxExDnRcK5AcQdEma,minbias,0,test,24.252258,23.826906204223633,-0.017538659339774387,2,40mm,2.7419631
SubNetW4CleanAuxExDnRcK5AcQdEma,minbias,0,test,62.83988,63.14371871948242,0.004835095377930809,1,30mm,3.54608
SubNetW4CleanAuxExDnRcK5AcQdEma,minbias,0,test,43.142838,43.05152130126953,-0.002116602161201353,2,40mm,4.9530144
SubNetW4CleanAuxExDnRcK5AcQdEma,minbias,0,test,2.9134514,3.2053062915802,0.10017495231753504,3,60mm,0.6338401
SubNetW4CleanAuxExDnRcK5AcQdEma,minbias,0,test,28.725897,32.974853515625,0.14791380421141387,1,30mm,1.8797159
SubNetW4CleanAuxExDnRcK5AcQdEma,minbias,0,test,5.1572437,4.9498748779296875,-0.040209239977646916,2,40mm,0.54422724
SubNetW4CleanAuxExDnRcK5AcQdEma,minbias,0,test,2.9800262,2.7293453216552734,-0.08412037440027853,3,60mm,0.5926566
SubNetW4CleanAuxExDnRcK5AcQdEma,minbias,0,test,30.465546,30.698116302490234,0.00763389078378629,2,40mm,3.4549146
SubNetW4CleanAuxExDnRcK5AcQdEma,minbias,0,test,19.742977,20.47121810913086,0.036886076580382676,2,40mm,1.3924484
SubNetW4CleanAuxExDnRcK5AcQdEma,minbias,0,test,7.6952887,7.358047008514404,-0.043824431364359984,2,40mm,1.0976075
SubNetW4CleanAuxExDnRcK5AcQdEma,minbias,0,test,58.7712,57.177677154541016,-0.027113980401929916,1,30mm,2.4464667
SubNetW4CleanAuxExDnRcK5AcQdEma,minbias,0,test,27.161755,27.498056411743164,0.012381446207746283,3,60mm,3.0579925
SubNetW4CleanAuxExDnRcK5AcQdEma,minbias,0,test,7.9182396,7.716748237609863,-0.025446483844874912,2,40mm,0.76976156
SubNetW4CleanAuxExDnRcK5AcQdEma,minbias,0,test,15.059331,14.109454154968262,-0.06307562992322202,4,120mm,3.4640317
SubNetW4CleanAuxExDnRcK5AcQdEma,minbias,0,test,11.126744,11.09799575805664,-0.0025837308353297006,3,60mm,1.9037493
SubNetW4CleanAuxExDnRcK5AcQdEma,minbias,0,test,40.77409,41.202392578125,0.010504287572191906,1,30mm,2.7157323
SubNetW4CleanAuxExDnRcK5AcQdEma,minbias,0,test,21.856949,21.71805191040039,-0.006354818464176293,3,60mm,4.2239947
SubNetW4CleanAuxExDnRcK5AcQdEma,minbias,0,test,39.80105,39.74551773071289,-0.0013952031541156762,2,40mm,2.7717662
SubNetW4CleanAuxExDnRcK5AcQdEma,minbias,0,test,21.570929,21.208173751831055,-0.016816838484235097,3,60mm,4.878288
SubNetW4CleanAuxExDnRcK5AcQdEma,minbias,0,test,32.17534,32.36479568481445,0.005888265581229346,2,40mm,3.0380535
SubNetW4CleanAuxExDnRcK5AcQdEma,minbias,0,test,8.199037,15.12819766998291,0.8451189342530625,4,120mm,1.9726977
SubNetW4CleanAuxExDnRcK5AcQdEma,minbias,0,test,18.385366,19.347108840942383,0.052310211181871846,1,30mm,0.7715788
SubNetW4CleanAuxExDnRcK5AcQdEma,minbias,0,test,15.589774,14.63420295715332,-0.06129474144682745,2,40mm,1.1741524
SubNetW4CleanAuxExDnRcK5AcQdEma,minbias,0,test,18.022469,17.204381942749023,-0.045392595421043014,3,60mm,4.0093975
SubNetW4CleanAuxExDnRcK5AcQdEma,minbias,0,test,18.727726,18.295364379882812,-0.023086711284829087,3,60mm,1.8935125
SubNetW4CleanAuxExDnRcK5AcQdEma,minbias,0,test,92.96552,96.23379516601562,0.03515574701951385,1,30mm,4.8664107
SubNetW4CleanAuxExDnRcK5AcQdEma,minbias,0,test,9.642096,9.83166217803955,0.01966031252750855,3,60mm,1.3454885
SubNetW4CleanAuxExDnRcK5AcQdEma,minbias,0,test,75.18075,77.52076721191406,0.03112524534226435,1,30mm,3.3858035
SubNetW4CleanAuxExDnRcK5AcQdEma,minbias,0,test,29.64782,29.090917587280273,-0.018783908590815357,2,40mm,2.6930058
SubNetW4CleanAuxExDnRcK5AcQdEma,minbias,0,test,20.242144,20.109045028686523,-0.006575321503558995,3,60mm,3.818555
SubNetW4CleanAuxExDnRcK5AcQdEma,minbias,0,test,19.733122,19.214942932128906,-0.026259349290086553,3,60mm,2.4747279
SubNetW4CleanAuxExDnRcK5AcQdEma,minbias,0,test,28.820578,28.77559471130371,-0.001560791416017837,1,30mm,1.7201042
SubNetW4CleanAuxExDnRcK5AcQdEma,minbias,0,test,29.427929,29.278430938720703,-0.005080139558005792,3,60mm,3.6482172
SubNetW4CleanAuxExDnRcK5AcQdEma,minbias,0,test,7.698411,7.900168418884277,0.02620767212202524,3,60mm,1.0518336
SubNetW4CleanAuxExDnRcK5AcQdEma,minbias,0,test,25.345076,24.17905616760254,-0.046005758979130174,3,60mm,4.1270595
SubNetW4CleanAuxExDnRcK5AcQdEma,minbias,0,test,62.43863,62.03583526611328,-0.00645103663802693,1,30mm,2.7750285
SubNetW4CleanAuxExDnRcK5AcQdEma,minbias,0,test,20.483656,19.88143539428711,-0.02940005130671497,3,60mm,4.290609
SubNetW4CleanAuxExDnRcK5AcQdEma,minbias,0,test,11.088993,10.85750675201416,-0.020875323754099284,2,40mm,1.0818291
SubNetW4CleanAuxExDnRcK5AcQdEma,minbias,0,test,50.67721,51.5870246887207,0.017953097568357945,1,30mm,4.9733367
SubNetW4CleanAuxExDnRcK5AcQdEma,minbias,0,test,32.930428,33.4710578918457,0.016417349569314288,3,60mm,4.399074
SubNetW4CleanAuxExDnRcK5AcQdEma,minbias,0,test,34.886982,34.48971176147461,-0.011387347952465321,2,40mm,3.1025476
SubNetW4CleanAuxExDnRcK5AcQdEma,minbias,0,test,13.223386,12.977229118347168,-0.01861525452149093,4,120mm,3.179217
SubNetW4CleanAuxExDnRcK5AcQdEma,minbias,0,test,7.3064227,7.2241692543029785,-0.011257691947994197,2,40mm,0.5696516
SubNetW4CleanAuxExDnRcK5AcQdEma,minbias,0,test,5.865468,5.777705192565918,-0.014962630818961209,3,60mm,1.3412287
SubNetW4CleanAuxExDnRcK5AcQdEma,minbias,0,test,33.690662,32.93790817260742,-0.022343111062800847,2,40mm,4.1927037
SubNetW4CleanAuxExDnRcK5AcQdEma,minbias,0,test,18.963354,18.93718147277832,-0.001380169235180806,3,60mm,3.493588
SubNetW4CleanAuxExDnRcK5AcQdEma,minbias,0,test,6.5117397,6.723383903503418,0.03250193979133731,2,40mm,0.5747363
SubNetW4CleanAuxExDnRcK5AcQdEma,minbias,0,test,17.187056,17.398122787475586,0.012280590973199557,3,60mm,2.606487
SubNetW4CleanAuxExDnRcK5AcQdEma,minbias,0,test,10.21789,10.48924446105957,0.026556821514258422,4,120mm,2.1026237
SubNetW4CleanAuxExDnRcK5AcQdEma,minbias,0,test,32.914215,32.66999435424805,-0.00741991668312425,3,60mm,4.8480897
SubNetW4CleanAuxExDnRcK5AcQdEma,minbias,0,test,65.9033,64.76033782958984,-0.01734298038788029,0,15mm,1.6101886
SubNetW4CleanAuxExDnRcK5AcQdEma,minbias,0,test,28.096685,27.953323364257812,-0.005102454015425528,3,60mm,4.090714
SubNetW4CleanAuxExDnRcK5AcQdEma,minbias,0,test,12.42684,11.323363304138184,-0.08879783915964456,0,15mm,0.50184697
SubNetW4CleanAuxExDnRcK5AcQdEma,minbias,0,test,29.588676,28.45062255859375,-0.0384624806001268,2,40mm,2.7200875
SubNetW4CleanAuxExDnRcK5AcQdEma,minbias,0,test,26.431246,16.237316131591797,-0.3856772301955932,1,30mm,1.604487
SubNetW4CleanAuxExDnRcK5AcQdEma,minbias,0,test,27.795727,27.42246437072754,-0.013428769407682672,3,60mm,4.8337283
SubNetW4CleanAuxExDnRcK5AcQdEma,minbias,0,test,54.59271,53.7990608215332,-0.014537614759288053,2,40mm,4.062396
SubNetW4CleanAuxExDnRcK5AcQdEma,minbias,0,test,23.348604,23.86916732788086,0.022295256757135506,2,40mm,2.1512573
SubNetW4CleanAuxExDnRcK5AcQdEma,minbias,0,test,14.907984,14.542170524597168,-0.024538077094173993,3,60mm,1.9610939
SubNetW4CleanAuxExDnRcK5AcQdEma,minbias,0,test,15.523625,14.272875785827637,-0.08057071450077624,1,30mm,1.1767106
SubNetW4CleanAuxExDnRcK5AcQdEma,minbias,0,test,94.628876,92.04181671142578,-0.027339001979812316,1,30mm,4.1195927
SubNetW4CleanAuxExDnRcK5AcQdEma,minbias,0,test,58.318825,55.7090950012207,-0.04474935455617601,2,40mm,3.723979
SubNetW4CleanAuxExDnRcK5AcQdEma,minbias,0,test,10.6798115,10.655180931091309,-0.0023062716623175605,3,60mm,2.0125186
SubNetW4CleanAuxExDnRcK5AcQdEma,minbias,0,test,15.312477,15.041348457336426,-0.017706387575316285,4,120mm,3.3180034
SubNetW4CleanAuxExDnRcK5AcQdEma,minbias,0,test,80.293205,75.94525909423828,-0.05415086062197083,1,30mm,3.0540478
SubNetW4CleanAuxExDnRcK5AcQdEma,minbias,0,test,83.95455,83.0148696899414,-0.01119274640676815,1,30mm,4.479481
SubNetW4CleanAuxExDnRcK5AcQdEma,minbias,0,test,30.34294,31.689340591430664,0.04437280112775355,1,30mm,1.5842527
SubNetW4CleanAuxExDnRcK5AcQdEma,minbias,0,test,8.10901,7.5180768966674805,-0.07287361401910142,3,60mm,1.4887282
SubNetW4CleanAuxExDnRcK5AcQdEma,minbias,0,test,35.91728,34.0536003112793,-0.05188806243832644,0,15mm,1.1424682
SubNetW4CleanAuxExDnRcK5AcQdEma,minbias,0,test,23.035631,21.423166275024414,-0.06999872902108539,3,60mm,4.7221394
SubNetW4CleanAuxExDnRcK5AcQdEma,minbias,0,test,8.004905,7.28367805480957,-0.09009809797788859,2,40mm,1.1217479
SubNetW4CleanAuxExDnRcK5AcQdEma,minbias,0,test,20.045158,20.658063888549805,0.03057623644123253,3,60mm,3.0014908
SubNetW4CleanAuxExDnRcK5AcQdEma,minbias,0,test,34.30454,32.77665328979492,-0.04453887134817469,3,60mm,4.52876
SubNetW4CleanAuxExDnRcK5AcQdEma,minbias,0,test,24.51255,24.23423957824707,-0.01135380740630998,3,60mm,4.7625303
SubNetW4CleanAuxExDnRcK5AcQdEma,minbias,0,test,23.360895,22.911996841430664,-0.019215801124720988,3,60mm,3.7787619
SubNetW4CleanAuxExDnRcK5AcQdEma,minbias,0,test,8.473489,8.36683177947998,-0.012587144518512283,3,60mm,1.1752753
SubNetW4CleanAuxExDnRcK5AcQdEma,minbias,0,test,77.97059,77.6596908569336,-0.003987373090231783,0,15mm,2.5432494
SubNetW4CleanAuxExDnRcK5AcQdEma,minbias,0,test,36.70142,36.200958251953125,-0.01363602772543604,2,40mm,2.699337
SubNetW4CleanAuxExDnRcK5AcQdEma,minbias,0,test,15.394037,15.118711471557617,-0.01788522209827914,2,40mm,1.2256625
SubNetW4CleanAuxExDnRcK5AcQdEma,minbias,0,test,71.98448,70.4173583984375,-0.021770295119844407,0,15mm,3.2827818
SubNetW4CleanAuxExDnRcK5AcQdEma,minbias,0,test,14.231888,13.216501235961914,-0.07134588147755816,3,60mm,2.7338254
SubNetW4CleanAuxExDnRcK5AcQdEma,minbias,0,test,15.04922,14.780476570129395,-0.017857637372181268,2,40mm,1.5289958
SubNetW4CleanAuxExDnRcK5AcQdEma,minbias,0,test,10.210257,9.719178199768066,-0.048096575545266584,3,60mm,1.7729558
SubNetW4CleanAuxExDnRcK5AcQdEma,minbias,0,test,13.806714,13.490426063537598,-0.022908274413293683,2,40mm,1.085334
SubNetW4CleanAuxExDnRcK5AcQdEma,minbias,0,test,15.284522,15.174276351928711,-0.007212898397658485,4,120mm,3.1419182
SubNetW4CleanAuxExDnRcK5AcQdEma,minbias,0,test,96.59757,93.86841583251953,-0.028252847648298496,0,15mm,2.6003206
SubNetW4CleanAuxExDnRcK5AcQdEma,minbias,0,test,6.1773705,6.442162990570068,0.04286491157582639,4,120mm,1.4612683
SubNetW4CleanAuxExDnRcK5AcQdEma,minbias,0,test,24.556509,23.2819766998291,-0.051902015762252174,2,40mm,2.178423
SubNetW4CleanAuxExDnRcK5AcQdEma,minbias,0,test,40.356033,39.64760971069336,-0.01755434209287532,0,15mm,0.9686833
SubNetW4CleanAuxExDnRcK5AcQdEma,minbias,0,test,9.105536,9.17870044708252,0.00803510990488232,4,120mm,2.059812
SubNetW4CleanAuxExDnRcK5AcQdEma,minbias,0,test,24.414923,24.17267417907715,-0.009922150399232055,3,60mm,4.376795
SubNetW4CleanAuxExDnRcK5AcQdEma,minbias,0,test,13.1385765,13.20918083190918,0.005373818411769982,3,60mm,2.295042
SubNetW4CleanAuxExDnRcK5AcQdEma,minbias,0,test,84.06029,86.32254028320312,0.026912265893383136,0,15mm,2.7011142
SubNetW4CleanAuxExDnRcK5AcQdEma,minbias,0,test,4.3954825,4.228442192077637,-0.038002732698379615,3,60mm,1.0585374
SubNetW4CleanAuxExDnRcK5AcQdEma,minbias,0,test,14.301663,13.50477123260498,-0.05572024343740001,3,60mm,1.5834193
SubNetW4CleanAuxExDnRcK5AcQdEma,minbias,0,test,43.193184,43.0521125793457,-0.003266055123655409,0,15mm,1.3544711
SubNetW4CleanAuxExDnRcK5AcQdEma,minbias,0,test,69.655685,68.23123168945312,-0.020449927764895848,1,30mm,3.9350724
SubNetW4CleanAuxExDnRcK5AcQdEma,minbias,0,test,5.6909266,6.6373820304870605,0.16630955786377544,2,40mm,0.73581743
SubNetW4CleanAuxExDnRcK5AcQdEma,minbias,0,test,5.5864596,5.445635795593262,-0.02520806561818356,2,40mm,0.6009106
SubNetW4CleanAuxExDnRcK5AcQdEma,minbias,0,test,6.2505198,5.527589797973633,-0.11565917446135232,2,40mm,0.6521397
SubNetW4CleanAuxExDnRcK5AcQdEma,minbias,0,test,79.9732,83.67765045166016,0.04632117522130508,0,15mm,1.7374771
SubNetW4CleanAuxExDnRcK5AcQdEma,minbias,0,test,4.3354974,4.3809123039245605,0.010475135987484618,3,60mm,0.620299
SubNetW4CleanAuxExDnRcK5AcQdEma,minbias,0,test,30.409876,30.76146125793457,0.011561552887932702,3,60mm,3.2389953
SubNetW4CleanAuxExDnRcK5AcQdEma,minbias,0,test,27.69933,27.578886032104492,-0.0043482404386153695,2,40mm,3.2217977
SubNetW4CleanAuxExDnRcK5AcQdEma,minbias,0,test,77.94988,74.38285827636719,-0.04576048245642794,1,30mm,4.1603827
SubNetW4CleanAuxExDnRcK5AcQdEma,minbias,0,test,5.5103674,5.292405605316162,-0.039554855894880614,2,40mm,1.1617728
SubNetW4CleanAuxExDnRcK5AcQdEma,minbias,0,test,8.120555,9.006403923034668,0.10908724924747681,3,60mm,1.1302902
SubNetW4CleanAuxExDnRcK5AcQdEma,minbias,0,test,69.48313,68.15110778808594,-0.019170460421115254,2,40mm,4.842926
SubNetW4CleanAuxExDnRcK5AcQdEma,minbias,0,test,56.992527,56.5025634765625,-0.008596978537640187,2,40mm,4.896759
SubNetW4CleanAuxExDnRcK5AcQdEma,minbias,0,test,6.61128,7.1096954345703125,0.07538864982326898,2,40mm,0.67350703
SubNetW4CleanAuxExDnRcK5AcQdEma,minbias,0,test,28.20247,28.088895797729492,-0.004027128778104627,2,40mm,3.1005125
SubNetW4CleanAuxExDnRcK5AcQdEma,minbias,0,test,19.891802,20.82532501220703,0.04693004615097096,3,60mm,2.012488
SubNetW4CleanAuxExDnRcK5AcQdEma,minbias,0,test,23.03489,22.2014217376709,-0.036182830119875,2,40mm,4.308747
SubNetW4CleanAuxExDnRcK5AcQdEma,minbias,0,test,20.276402,19.874052047729492,-0.01984323853783876,4,120mm,4.7636776
SubNetW4CleanAuxExDnRcK5AcQdEma,minbias,0,test,49.733047,47.784934997558594,-0.03917138776518303,2,40mm,4.372887
SubNetW4CleanAuxExDnRcK5AcQdEma,minbias,0,test,5.709365,5.744988441467285,0.0062394944262309515,3,60mm,0.98938704
SubNetW4CleanAuxExDnRcK5AcQdEma,minbias,0,test,17.63613,17.18611717224121,-0.025516494994652472,2,40mm,3.724552
SubNetW4CleanAuxExDnRcK5AcQdEma,minbias,0,test,55.593887,51.134830474853516,-0.08020768232758346,0,15mm,1.9975486
SubNetW4CleanAuxExDnRcK5AcQdEma,minbias,0,test,38.556206,40.42616653442383,0.048499605927530665,2,40mm,4.9174066
SubNetW4CleanAuxExDnRcK5AcQdEma,minbias,0,test,15.216222,15.083735466003418,-0.008706914570741575,3,60mm,1.9996729
SubNetW4CleanAuxExDnRcK5AcQdEma,minbias,0,test,38.25492,38.76958084106445,0.01345342948524264,2,40mm,2.9349434
SubNetW4CleanAuxExDnRcK5AcQdEma,minbias,0,test,30.291769,44.59023666381836,0.4720248468496049,1,30mm,1.4208171
SubNetW4CleanAuxExDnRcK5AcQdEma,minbias,0,test,44.96895,46.960697174072266,0.044291647509318466,1,30mm,2.729742
SubNetW4CleanAuxExDnRcK5AcQdEma,minbias,0,test,10.817828,10.207191467285156,-0.056447255498062066,3,60mm,1.6645932
SubNetW4CleanAuxExDnRcK5AcQdEma,minbias,0,test,12.380576,12.863080978393555,0.038972729496089764,1,30mm,0.71364415
SubNetW4CleanAuxExDnRcK5AcQdEma,minbias,0,test,8.985621,9.099270820617676,0.012647914102440039,3,60mm,1.7578061
SubNetW4CleanAuxExDnRcK5AcQdEma,minbias,0,test,27.346025,27.804534912109375,0.01676695012754581,1,30mm,1.456855
SubNetW4CleanAuxExDnRcK5AcQdEma,minbias,0,test,24.232517,22.846036911010742,-0.057215695651838594,2,40mm,3.8997154
SubNetW4CleanAuxExDnRcK5AcQdEma,minbias,0,test,19.81575,20.181079864501953,0.018436331714979826,2,40mm,1.2599406
SubNetW4CleanAuxExDnRcK5AcQdEma,minbias,0,test,33.569885,39.5167236328125,0.17714801030528582,1,30mm,1.7177813
SubNetW4CleanAuxExDnRcK5AcQdEma,minbias,0,test,20.483759,19.79450798034668,-0.033648655430956076,3,60mm,3.8184006
SubNetW4CleanAuxExDnRcK5AcQdEma,minbias,0,test,27.659822,27.180530548095703,-0.017328090826235543,3,60mm,4.407526
SubNetW4CleanAuxExDnRcK5AcQdEma,minbias,0,test,67.61531,66.35193634033203,-0.018684737467212886,2,40mm,4.62923
SubNetW4CleanAuxExDnRcK5AcQdEma,minbias,0,test,9.09555,9.05500316619873,-0.004457830377855521,3,60mm,1.523891
SubNetW4CleanAuxExDnRcK5AcQdEma,minbias,0,test,70.98993,71.22096252441406,0.0032544521145663197,2,40mm,4.876629
SubNetW4CleanAuxExDnRcK5AcQdEma,minbias,0,test,11.387578,11.957047462463379,0.05000795176781736,3,60mm,1.8813956
SubNetW4CleanAuxExDnRcK5AcQdEma,minbias,0,test,16.898853,18.01963233947754,0.06632278637171263,3,60mm,1.7396733
SubNetW4CleanAuxExDnRcK5AcQdEma,minbias,0,test,31.356565,30.18741798400879,-0.03728557237462504,2,40mm,2.9998643
SubNetW4CleanAuxExDnRcK5AcQdEma,minbias,0,test,4.517891,4.969621658325195,0.09998708139061652,4,120mm,1.0670989
SubNetW4CleanAuxExDnRcK5AcQdEma,minbias,0,test,99.123,101.88809204101562,0.02789555311820502,0,15mm,3.097238
SubNetW4CleanAuxExDnRcK5AcQdEma,minbias,0,test,15.622698,15.713672637939453,0.005823245685735223,2,40mm,1.1905864
SubNetW4CleanAuxExDnRcK5AcQdEma,minbias,0,test,43.414783,42.58980178833008,-0.01900232186751072,2,40mm,4.67837
SubNetW4CleanAuxExDnRcK5AcQdEma,minbias,0,test,12.545922,12.376195907592773,-0.013528409309883194,4,120mm,2.83873
SubNetW4CleanAuxExDnRcK5AcQdEma,minbias,0,test,49.42289,47.42060852050781,-0.04051323588594369,1,30mm,4.4195533
SubNetW4CleanAuxExDnRcK5AcQdEma,minbias,0,test,10.929677,11.030158996582031,0.009193500129181853,3,60mm,2.5537179
SubNetW4CleanAuxExDnRcK5AcQdEma,minbias,0,test,36.304764,37.02037048339844,0.01971109613919242,1,30mm,2.5007093
SubNetW4CleanAuxExDnRcK5AcQdEma,minbias,0,test,46.922966,36.42819595336914,-0.22365956255374753,0,15mm,1.9895937
SubNetW4CleanAuxExDnRcK5AcQdEma,minbias,0,test,22.595444,22.28778076171875,-0.01361615056573573,2,40mm,3.4766014
SubNetW4CleanAuxExDnRcK5AcQdEma,minbias,0,test,64.22852,65.12388610839844,0.013940268414043722,0,15mm,1.9564465
SubNetW4CleanAuxExDnRcK5AcQdEma,minbias,0,test,57.33484,56.2121696472168,-0.019580925701584206,1,30mm,2.5384943
SubNetW4CleanAuxExDnRcK5AcQdEma,minbias,0,test,33.601334,32.881591796875,-0.021420037355302735,3,60mm,4.1818414
SubNetW4CleanAuxExDnRcK5AcQdEma,minbias,0,test,52.54892,53.28085708618164,0.013928686125918466,1,30mm,3.4040256
SubNetW4CleanAuxExDnRcK5AcQdEma,minbias,0,test,25.882511,26.475313186645508,0.022903575489558126,2,40mm,3.0767334
SubNetW4CleanAuxExDnRcK5AcQdEma,minbias,0,test,17.518858,16.462718963623047,-0.06028583569580903,1,30mm,1.636795
SubNetW4CleanAuxExDnRcK5AcQdEma,minbias,0,test,25.382822,25.10943031311035,-0.010770737912319639,4,120mm,4.930375
SubNetW4CleanAuxExDnRcK5AcQdEma,minbias,0,test,24.571527,24.86297607421875,0.011861232207239558,3,60mm,4.3497634
SubNetW4CleanAuxExDnRcK5AcQdEma,minbias,0,test,52.404617,53.25560760498047,0.016238841901718093,2,40mm,3.5566623
SubNetW4CleanAuxExDnRcK5AcQdEma,minbias,0,test,45.444164,45.058780670166016,-0.00848037612960384,2,40mm,2.8035297
SubNetW4CleanAuxExDnRcK5AcQdEma,minbias,0,test,12.97873,12.802536010742188,-0.013575610883384992,3,60mm,2.536731
SubNetW4CleanAuxExDnRcK5AcQdEma,minbias,0,test,10.282701,9.980756759643555,-0.02936424899832535,3,60mm,2.257564
SubNetW4CleanAuxExDnRcK5AcQdEma,minbias,0,test,85.01686,86.32344818115234,0.01536856576983725,0,15mm,2.0800354
SubNetW4CleanAuxExDnRcK5AcQdEma,minbias,0,test,39.268936,39.58473205566406,0.008041875572414314,1,30mm,3.985122
SubNetW4CleanAuxExDnRcK5AcQdEma,minbias,0,test,7.3983116,7.707843780517578,0.04183821683046962,4,120mm,1.6032505
SubNetW4CleanAuxExDnRcK5AcQdEma,minbias,0,test,23.898378,24.714969635009766,0.034169316850701126,1,30mm,2.0300474
SubNetW4CleanAuxExDnRcK5AcQdEma,minbias,0,test,18.43882,18.068580627441406,-0.02007933588573052,3,60mm,2.2623596
SubNetW4CleanAuxExDnRcK5AcQdEma,minbias,0,test,49.313473,52.98029327392578,0.0743573778483575,2,40mm,3.255338
SubNetW4CleanAuxExDnRcK5AcQdEma,minbias,0,test,32.100346,31.1918888092041,-0.02830053026097834,2,40mm,2.7511213
SubNetW4CleanAuxExDnRcK5AcQdEma,minbias,0,test,43.702766,43.710235595703125,0.00017090856845491942,1,30mm,2.496723
SubNetW4CleanAuxExDnRcK5AcQdEma,minbias,0,test,28.449152,28.10835838317871,-0.011979042809621032,3,60mm,4.173907
SubNetW4CleanAuxExDnRcK5AcQdEma,minbias,0,test,40.072426,39.84492492675781,-0.005677243409788257,2,40mm,3.1511729
SubNetW4CleanAuxExDnRcK5AcQdEma,minbias,0,test,26.502361,25.458158493041992,-0.0394003686252552,3,60mm,4.611693
SubNetW4CleanAuxExDnRcK5AcQdEma,minbias,0,test,32.658127,31.567590713500977,-0.03339248828309149,3,60mm,4.5137696
SubNetW4CleanAuxExDnRcK5AcQdEma,minbias,0,test,30.445293,30.485340118408203,0.0013153656078628284,3,60mm,4.1277447
SubNetW4CleanAuxExDnRcK5AcQdEma,minbias,0,test,20.130936,22.532817840576172,0.11931299225877945,2,40mm,2.829474
SubNetW4CleanAuxExDnRcK5AcQdEma,minbias,0,test,21.122086,20.716100692749023,-0.01922087083540125,2,40mm,2.8058724
SubNetW4CleanAuxExDnRcK5AcQdEma,minbias,0,test,32.73541,32.59574890136719,-0.004266324655291864,2,40mm,4.900107
SubNetW4CleanAuxExDnRcK5AcQdEma,minbias,0,test,54.90964,55.228824615478516,0.005812883534676683,2,40mm,4.196926
SubNetW4CleanAuxExDnRcK5AcQdEma,minbias,0,test,17.840277,17.618553161621094,-0.012428257701468826,3,60mm,3.1878352
SubNetW4CleanAuxExDnRcK5AcQdEma,minbias,0,test,10.79884,10.00913143157959,-0.07312898135578316,3,60mm,2.2397437
SubNetW4CleanAuxExDnRcK5AcQdEma,minbias,0,test,2.942186,2.702747344970703,-0.0813812460075315,3,60mm,0.6587664
SubNetW4CleanAuxExDnRcK5AcQdEma,minbias,0,test,43.879894,46.70425796508789,0.06436578201351995,1,30mm,2.4800687
SubNetW4CleanAuxExDnRcK5AcQdEma,minbias,0,test,39.724712,39.60082244873047,-0.0031187116456901087,2,40mm,3.3189514
SubNetW4CleanAuxExDnRcK5AcQdEma,minbias,0,test,8.039683,7.909635066986084,-0.01617579567031413,1,30mm,0.5477224
SubNetW4CleanAuxExDnRcK5AcQdEma,minbias,0,test,19.33667,19.660049438476562,0.01672364051866726,1,30mm,1.2560549
SubNetW4CleanAuxExDnRcK5AcQdEma,minbias,0,test,13.913414,14.908086776733398,0.07149020184146271,1,30mm,1.2930058
SubNetW4CleanAuxExDnRcK5AcQdEma,minbias,0,test,45.07834,46.310020446777344,0.027323141476663926,1,30mm,2.0238426
SubNetW4CleanAuxExDnRcK5AcQdEma,minbias,0,test,90.163704,94.15351867675781,0.04425078590281872,1,30mm,4.8143334
SubNetW4CleanAuxExDnRcK5AcQdEma,minbias,0,test,11.965296,12.350913047790527,0.032227975210978865,3,60mm,2.769144
SubNetW4CleanAuxExDnRcK5AcQdEma,minbias,0,test,52.18826,49.39596176147461,-0.0535043208972783,2,40mm,4.688075
SubNetW4CleanAuxExDnRcK5AcQdEma,minbias,0,test,12.009262,11.726875305175781,-0.023514082529582425,2,40mm,1.0955461
SubNetW4CleanAuxExDnRcK5AcQdEma,minbias,0,test,13.097201,14.665671348571777,0.11975611885495896,3,60mm,1.4526683
SubNetW4CleanAuxExDnRcK5AcQdEma,minbias,0,test,19.43508,19.38060188293457,-0.0028030598712665,3,60mm,3.2073462
SubNetW4CleanAuxExDnRcK5AcQdEma,minbias,0,test,49.023117,49.30150604248047,0.005678728602247496,0,15mm,1.6182674
SubNetW4CleanAuxExDnRcK5AcQdEma,minbias,0,test,49.042553,49.421112060546875,0.007718992788777301,2,40mm,4.7670393
SubNetW4CleanAuxExDnRcK5AcQdEma,minbias,0,test,11.811418,13.564815521240234,0.1484494075131313,1,30mm,0.93563366
SubNetW4CleanAuxExDnRcK5AcQdEma,minbias,0,test,49.78708,49.616363525390625,-0.0034289083824367017,2,40mm,3.9189653
SubNetW4CleanAuxExDnRcK5AcQdEma,minbias,0,test,83.519226,83.66923522949219,0.0017961032725581916,1,30mm,4.4230003
SubNetW4CleanAuxExDnRcK5AcQdEma,minbias,0,test,35.400368,42.49714279174805,0.20047178909813956,1,30mm,2.975747
SubNetW4CleanAuxExDnRcK5AcQdEma,minbias,0,test,17.425798,17.363842010498047,-0.0035554414300048576,3,60mm,3.7194588
SubNetW4CleanAuxExDnRcK5AcQdEma,minbias,0,test,64.291695,63.28485107421875,-0.01566055417445278,0,15mm,2.041042
SubNetW4CleanAuxExDnRcK5AcQdEma,minbias,0,test,12.5913925,12.603001594543457,0.0009219851924922029,3,60mm,2.5897572
SubNetW4CleanAuxExDnRcK5AcQdEma,minbias,0,test,34.932083,34.979270935058594,0.0013508442940641796,3,60mm,4.966487
SubNetW4CleanAuxExDnRcK5AcQdEma,minbias,0,test,11.138979,11.316095352172852,0.01590059508225372,3,60mm,2.2920241
SubNetW4CleanAuxExDnRcK5AcQdEma,minbias,0,test,20.425983,20.026248931884766,-0.019569902152356766,2,40mm,3.8608258
SubNetW4CleanAuxExDnRcK5AcQdEma,minbias,0,test,79.31804,76.63549041748047,-0.03382015691240037,1,30mm,2.7911668
SubNetW4CleanAuxExDnRcK5AcQdEma,minbias,0,test,30.44801,29.87612533569336,-0.01878231663856722,3,60mm,4.029898
SubNetW4CleanAuxExDnRcK5AcQdEma,minbias,0,test,41.584354,41.62119674682617,0.0008859665304998821,2,40mm,2.6999831
SubNetW4CleanAuxExDnRcK5AcQdEma,minbias,0,test,11.9023905,12.402442932128906,0.04201277490651267,2,40mm,1.4244304
SubNetW4CleanAuxExDnRcK5AcQdEma,minbias,0,test,18.479994,18.95042610168457,0.025456300801365295,3,60mm,4.3075075
SubNetW4CleanAuxExDnRcK5AcQdEma,minbias,0,test,37.985184,36.45805358886719,-0.0402033102795577,3,60mm,4.7429676
SubNetW4CleanAuxExDnRcK5AcQdEma,minbias,0,test,51.189507,49.17119598388672,-0.03942820870254182,1,30mm,3.0799475
SubNetW4CleanAuxExDnRcK5AcQdEma,minbias,0,test,41.133636,40.11902618408203,-0.02466619481002208,2,40mm,3.5771708
SubNetW4CleanAuxExDnRcK5AcQdEma,minbias,0,test,7.1270947,7.443222522735596,0.044355770251711446,3,60mm,0.91285956
SubNetW4CleanAuxExDnRcK5AcQdEma,minbias,0,test,2.8641376,2.5743908882141113,-0.10116369978550022,4,120mm,0.6804475
SubNetW4CleanAuxExDnRcK5AcQdEma,minbias,0,test,7.3914876,6.988062858581543,-0.05457964103517221,3,60mm,1.6882339
SubNetW4CleanAuxExDnRcK5AcQdEma,minbias,0,test,29.013992,29.178264617919922,0.005661830560816039,2,40mm,3.4642353
SubNetW4CleanAuxExDnRcK5AcQdEma,minbias,0,test,24.791727,25.108686447143555,0.012784885065054263,3,60mm,2.9894598
SubNetW4CleanAuxExDnRcK5AcQdEma,minbias,0,test,84.156235,83.95354461669922,-0.0024084980172296433,0,15mm,2.6784885
SubNetW4CleanAuxExDnRcK5AcQdEma,minbias,0,test,15.512486,14.925239562988281,-0.037856400160801496,2,40mm,0.99207944
SubNetW4CleanAuxExDnRcK5AcQdEma,minbias,0,test,50.70993,41.122589111328125,-0.18906240314672706,0,15mm,1.5160162
SubNetW4CleanAuxExDnRcK5AcQdEma,minbias,0,test,5.3754034,5.110880374908447,-0.04920989355309546,3,60mm,1.0461018
SubNetW4CleanAuxExDnRcK5AcQdEma,minbias,0,test,31.745749,31.7823543548584,0.001153094088740536,3,60mm,4.6751137
SubNetW4CleanAuxExDnRcK5AcQdEma,minbias,0,test,12.39705,12.400472640991211,0.0002760928727498779,3,60mm,1.6611781
SubNetW4CleanAuxExDnRcK5AcQdEma,minbias,0,test,32.642666,32.50180435180664,-0.004315257577965581,3,60mm,4.70137
SubNetW4CleanAuxExDnRcK5AcQdEma,minbias,0,test,11.794294,11.219754219055176,-0.048713396566114286,1,30mm,1.1321782
SubNetW4CleanAuxExDnRcK5AcQdEma,minbias,0,test,80.03172,73.36650085449219,-0.08328225254001032,0,15mm,1.8416952
SubNetW4CleanAuxExDnRcK5AcQdEma,minbias,0,test,8.713821,8.322525024414062,-0.044905256632736146,2,40mm,0.8927317
SubNetW4CleanAuxExDnRcK5AcQdEma,minbias,0,test,58.519547,60.9969367980957,0.04233440682823075,0,15mm,1.6967518
SubNetW4CleanAuxExDnRcK5AcQdEma,minbias,0,test,12.287495,15.233677864074707,0.23977086349260945,2,40mm,1.2044206
SubNetW4CleanAuxExDnRcK5AcQdEma,minbias,0,test,8.739019,8.72838306427002,-0.0012171079123909356,3,60mm,1.4558972
SubNetW4CleanAuxExDnRcK5AcQdEma,minbias,0,test,42.595745,41.571441650390625,-0.024047083439792782,2,40mm,4.6061006
SubNetW4CleanAuxExDnRcK5AcQdEma,minbias,0,test,49.919403,49.308197021484375,-0.012243857438656969,0,15mm,1.5567093
SubNetW4CleanAuxExDnRcK5AcQdEma,minbias,0,test,80.23526,75.53783416748047,-0.058545654886809406,1,30mm,3.5597103
SubNetW4CleanAuxExDnRcK5AcQdEma,minbias,0,test,36.890198,41.503395080566406,0.12505211702671537,3,60mm,4.509039
SubNetW4CleanAuxExDnRcK5AcQdEma,minbias,0,test,17.970499,15.46126937866211,-0.1396304941020835,3,60mm,3.7367525
SubNetW4CleanAuxExDnRcK5AcQdEma,minbias,0,test,73.101555,82.11922454833984,0.1233581104218131,0,15mm,2.657623
SubNetW4CleanAuxExDnRcK5AcQdEma,minbias,0,test,84.157486,83.03343200683594,-0.013356553397838256,1,30mm,4.50485
SubNetW4CleanAuxExDnRcK5AcQdEma,minbias,0,test,31.065996,41.767364501953125,0.34447208044878996,2,40mm,2.7010198
SubNetW4CleanAuxExDnRcK5AcQdEma,minbias,0,test,27.653152,27.641315460205078,-0.00042805266523826546,0,15mm,0.7930842
SubNetW4CleanAuxExDnRcK5AcQdEma,minbias,0,test,21.767847,21.375717163085938,-0.018014179214397852,1,30mm,1.3025022
SubNetW4CleanAuxExDnRcK5AcQdEma,minbias,0,test,23.880653,22.85480308532715,-0.042957379751668134,3,60mm,3.2451875
SubNetW4CleanAuxExDnRcK5AcQdEma,minbias,0,test,81.57433,84.36051940917969,0.03415518226475567,1,30mm,4.5615287
SubNetW4CleanAuxExDnRcK5AcQdEma,minbias,0,test,14.115372,14.017104148864746,-0.006961740526341353,3,60mm,1.7670697
SubNetW4CleanAuxExDnRcK5AcQdEma,minbias,0,test,19.810593,20.06426239013672,0.012804752650952267,3,60mm,3.4964433
SubNetW4CleanAuxExDnRcK5AcQdEma,minbias,0,test,42.29344,41.14914321899414,-0.027056170070601793,2,40mm,4.122294
SubNetW4CleanAuxExDnRcK5AcQdEma,minbias,0,test,25.691673,22.760404586791992,-0.11409411369225286,1,30mm,1.4770333
SubNetW4CleanAuxExDnRcK5AcQdEma,minbias,0,test,16.238857,19.73928451538086,0.21555871746678767,2,40mm,3.1419897
SubNetW4CleanAuxExDnRcK5AcQdEma,minbias,0,test,32.704365,33.36748123168945,0.02027608423547056,2,40mm,2.0011916
SubNetW4CleanAuxExDnRcK5AcQdEma,minbias,0,test,71.198494,70.03104400634766,-0.01639711581355119,2,40mm,4.7934966
SubNetW4CleanAuxExDnRcK5AcQdEma,minbias,0,test,13.682511,16.809242248535156,0.2285202506727293,2,40mm,1.3277273
SubNetW4CleanAuxExDnRcK5AcQdEma,minbias,0,test,3.5968702,3.6876096725463867,0.025227345987274497,2,40mm,0.5308733
SubNetW4CleanAuxExDnRcK5AcQdEma,minbias,0,test,28.014172,27.298690795898438,-0.025539959369515364,2,40mm,2.6345072
SubNetW4CleanAuxExDnRcK5AcQdEma,minbias,0,test,70.91283,70.44759368896484,-0.006560630450560656,1,30mm,3.5743802
SubNetW4CleanAuxExDnRcK5AcQdEma,minbias,0,test,5.5786586,4.900921821594238,-0.12148740586505424,2,40mm,0.9271614
SubNetW4CleanAuxExDnRcK5AcQdEma,minbias,0,test,24.38206,23.84585189819336,-0.021991875130688898,3,60mm,3.6027236
SubNetW4CleanAuxExDnRcK5AcQdEma,minbias,0,test,61.736824,60.4015998840332,-0.021627678010135765,2,40mm,4.825408
SubNetW4CleanAuxExDnRcK5AcQdEma,minbias,0,test,23.99034,24.076141357421875,0.003576526252863532,3,60mm,4.266769
SubNetW4CleanAuxExDnRcK5AcQdEma,minbias,0,test,11.382417,11.749992370605469,0.03229328659478092,3,60mm,1.8247194
SubNetW4CleanAuxExDnRcK5AcQdEma,minbias,0,test,24.716259,25.924739837646484,0.04889416455903106,1,30mm,1.1214455
SubNetW4CleanAuxExDnRcK5AcQdEma,minbias,0,test,34.68442,33.1731071472168,-0.043573290976674506,1,30mm,2.3149366
SubNetW4CleanAuxExDnRcK5AcQdEma,minbias,0,test,3.9728742,3.8681371212005615,-0.026363040721118725,3,60mm,0.7643995
SubNetW4CleanAuxExDnRcK5AcQdEma,minbias,0,test,44.54761,45.12807083129883,0.013030094737156661,2,40mm,3.78729
SubNetW4CleanAuxExDnRcK5AcQdEma,minbias,0,test,34.64837,33.72716522216797,-0.02658721447050505,2,40mm,3.0763166
SubNetW4CleanAuxExDnRcK5AcQdEma,minbias,0,test,24.918995,27.249500274658203,0.09352324923668531,1,30mm,2.3513277
SubNetW4CleanAuxExDnRcK5AcQdEma,minbias,0,test,11.638193,11.5078763961792,-0.011197333886178829,3,60mm,2.2543514
SubNetW4CleanAuxExDnRcK5AcQdEma,minbias,0,test,18.709236,22.48047637939453,0.20157104251308078,0,15mm,0.5290537
SubNetW4CleanAuxExDnRcK5AcQdEma,minbias,0,test,63.425987,63.37797927856445,-0.0007569131703613063,2,40mm,4.0442724
SubNetW4CleanAuxExDnRcK5AcQdEma,minbias,0,test,14.473187,14.510065078735352,0.0025479965817614136,2,40mm,1.2494293
SubNetW4CleanAuxExDnRcK5AcQdEma,minbias,0,test,6.89463,7.275280952453613,0.05520977915133929,2,40mm,1.187091
SubNetW4CleanAuxExDnRcK5AcQdEma,minbias,0,test,10.321066,9.706656455993652,-0.059529650571748194,2,40mm,1.2309843
SubNetW4CleanAuxExDnRcK5AcQdEma,minbias,0,test,45.501637,45.04487228393555,-0.01003841303905495,2,40mm,3.8444335
SubNetW4CleanAuxExDnRcK5AcQdEma,minbias,0,test,13.467143,12.852062225341797,-0.04567270361282716,4,120mm,2.9554176
SubNetW4CleanAuxExDnRcK5AcQdEma,minbias,0,test,4.1035266,4.155897617340088,0.012762443207824825,3,60mm,0.676554
SubNetW4CleanAuxExDnRcK5AcQdEma,minbias,0,test,43.34877,42.72064208984375,-0.014490100865745204,3,60mm,4.4408803
SubNetW4CleanAuxExDnRcK5AcQdEma,minbias,0,test,46.734535,46.54869079589844,-0.00397659718926624,2,40mm,4.9256363
SubNetW4CleanAuxExDnRcK5AcQdEma,minbias,0,test,19.8648,19.9899845123291,0.006301851313448292,4,120mm,4.725704
SubNetW4CleanAuxExDnRcK5AcQdEma,minbias,0,test,18.462076,18.490962982177734,0.0015646558247917053,2,40mm,2.4816759
SubNetW4CleanAuxExDnRcK5AcQdEma,minbias,0,test,11.717423,10.882445335388184,-0.07125953141342745,3,60mm,1.3700496
SubNetW4CleanAuxExDnRcK5AcQdEma,minbias,0,test,22.982872,23.432863235473633,0.019579416620109313,3,60mm,4.117071
SubNetW4CleanAuxExDnRcK5AcQdEma,minbias,0,test,15.910778,15.381258010864258,-0.03328058711337922,4,120mm,3.7263288
SubNetW4CleanAuxExDnRcK5AcQdEma,minbias,0,test,33.64878,33.70717239379883,0.0017353250137799314,2,40mm,2.6293013
SubNetW4CleanAuxExDnRcK5AcQdEma,minbias,0,test,19.667953,16.562707901000977,-0.1578835129744236,1,30mm,1.2335091
SubNetW4CleanAuxExDnRcK5AcQdEma,minbias,0,test,18.646898,17.82694435119629,-0.043972670768063105,3,60mm,3.4484103
SubNetW4CleanAuxExDnRcK5AcQdEma,minbias,0,test,11.8355255,11.973539352416992,0.011660981134605342,2,40mm,0.77574795
SubNetW4CleanAuxExDnRcK5AcQdEma,minbias,0,test,9.097053,9.70960807800293,0.06733560115782122,2,40mm,1.4491125
SubNetW4CleanAuxExDnRcK5AcQdEma,minbias,0,test,15.507852,16.206844329833984,0.04507347292115238,3,60mm,2.1314027
SubNetW4CleanAuxExDnRcK5AcQdEma,minbias,0,test,20.174232,20.45714569091797,0.01402349300016592,3,60mm,4.205974
SubNetW4CleanAuxExDnRcK5AcQdEma,minbias,0,test,9.953225,9.93001937866211,-0.00233148118569515,3,60mm,2.0575857
SubNetW4CleanAuxExDnRcK5AcQdEma,minbias,0,test,95.33496,92.59657287597656,-0.028723859899818738,0,15mm,3.7192113
SubNetW4CleanAuxExDnRcK5AcQdEma,minbias,0,test,14.636683,14.346545219421387,-0.019822676724650434,2,40mm,1.2771363
SubNetW4CleanAuxExDnRcK5AcQdEma,minbias,0,test,35.980698,34.39091491699219,-0.04418432158016583,2,40mm,2.7428179
SubNetW4CleanAuxExDnRcK5AcQdEma,minbias,0,test,99.83953,89.31401062011719,-0.10542437674836336,0,15mm,2.3919168
SubNetW4CleanAuxExDnRcK5AcQdEma,minbias,0,test,31.918417,34.72006607055664,0.08777531466090616,0,15mm,0.73691016
SubNetW4CleanAuxExDnRcK5AcQdEma,minbias,0,test,56.888073,57.553466796875,0.01169654366259687,2,40mm,4.3238235
SubNetW4CleanAuxExDnRcK5AcQdEma,minbias,0,test,50.30872,50.390533447265625,0.0016262352301832372,1,30mm,4.4464674
SubNetW4CleanAuxExDnRcK5AcQdEma,minbias,0,test,23.85484,23.941184997558594,0.003619629184301809,4,120mm,4.78122
SubNetW4CleanAuxExDnRcK5AcQdEma,minbias,0,test,66.78565,64.82575225830078,-0.029346122092653304,1,30mm,4.762882
SubNetW4CleanAuxExDnRcK5AcQdEma,minbias,0,test,49.039898,50.716087341308594,0.03418011647141328,1,30mm,2.0231464
SubNetW4CleanAuxExDnRcK5AcQdEma,minbias,0,test,30.167301,31.00337028503418,0.027714415092125577,1,30mm,2.3997643
SubNetW4CleanAuxExDnRcK5AcQdEma,minbias,0,test,5.860706,5.6602606773376465,-0.034201541625758614,3,60mm,1.260542
SubNetW4CleanAuxExDnRcK5AcQdEma,minbias,0,test,10.003342,10.47313404083252,0.046963542913973644,3,60mm,1.8479366
SubNetW4CleanAuxExDnRcK5AcQdEma,minbias,0,test,18.378942,18.319942474365234,-0.003210196413210298,2,40mm,2.5445335
SubNetW4CleanAuxExDnRcK5AcQdEma,minbias,0,test,37.900723,37.01456069946289,-0.023381132222838108,2,40mm,3.2246466
SubNetW4CleanAuxExDnRcK5AcQdEma,minbias,0,test,80.88956,81.0491943359375,0.0019735236205991047,1,30mm,4.850166
SubNetW4CleanAuxExDnRcK5AcQdEma,minbias,0,test,40.14778,40.25041580200195,0.002556415981756821,2,40mm,3.2901464
SubNetW4CleanAuxExDnRcK5AcQdEma,minbias,0,test,73.3295,73.23388671875,-0.0013038623540854166,1,30mm,3.7758906
SubNetW4CleanAuxExDnRcK5AcQdEma,minbias,0,test,11.950843,14.173562049865723,0.1859884879279332,3,60mm,2.2009184
SubNetW4CleanAuxExDnRcK5AcQdEma,minbias,0,test,18.23911,17.785430908203125,-0.024874021534220914,2,40mm,3.391864
SubNetW4CleanAuxExDnRcK5AcQdEma,minbias,0,test,47.39382,47.6290397644043,0.004963052979852112,1,30mm,4.6789746
SubNetW4CleanAuxExDnRcK5AcQdEma,minbias,0,test,48.594273,47.77663040161133,-0.016825896714554034,2,40mm,3.3019917
SubNetW4CleanAuxExDnRcK5AcQdEma,minbias,0,test,26.595015,27.80733299255371,0.04558442399501361,2,40mm,2.3072808
SubNetW4CleanAuxExDnRcK5AcQdEma,minbias,0,test,9.209128,9.346661567687988,0.014934441370972884,2,40mm,1.0582879
SubNetW4CleanAuxExDnRcK5AcQdEma,minbias,0,test,11.036493,10.68304443359375,-0.032025468429658255,4,120mm,2.3744838
SubNetW4CleanAuxExDnRcK5AcQdEma,minbias,0,test,34.083385,33.135623931884766,-0.027807141885815567,1,30mm,1.6074343
SubNetW4CleanAuxExDnRcK5AcQdEma,minbias,0,test,48.883694,47.63413619995117,-0.025561846919993525,2,40mm,4.434905
SubNetW4CleanAuxExDnRcK5AcQdEma,minbias,0,test,12.919404,12.10424518585205,-0.06309570024367794,3,60mm,2.27518
SubNetW4CleanAuxExDnRcK5AcQdEma,minbias,0,test,49.249958,48.7867546081543,-0.009405153803690114,2,40mm,4.5316854
SubNetW4CleanAuxExDnRcK5AcQdEma,minbias,0,test,36.35652,35.89424514770508,-0.012715090396829387,2,40mm,3.184715
SubNetW4CleanAuxExDnRcK5AcQdEma,minbias,0,test,47.02976,47.529300689697266,0.010621832915077123,2,40mm,4.3064923
SubNetW4CleanAuxExDnRcK5AcQdEma,minbias,0,test,21.626064,20.654335021972656,-0.044933246524210047,0,15mm,0.814165
SubNetW4CleanAuxExDnRcK5AcQdEma,minbias,0,test,25.786976,26.629600524902344,0.03267636611837954,1,30mm,1.7030561
SubNetW4CleanAuxExDnRcK5AcQdEma,minbias,0,test,29.042707,31.623924255371094,0.08887659035159401,3,60mm,4.3777885
SubNetW4CleanAuxExDnRcK5AcQdEma,minbias,0,test,13.183487,11.467904090881348,-0.13013119029899545,1,30mm,0.7139786
SubNetW4CleanAuxExDnRcK5AcQdEma,minbias,0,test,13.629497,13.17167854309082,-0.03359023782073378,3,60mm,2.4085193
SubNetW4CleanAuxExDnRcK5AcQdEma,minbias,0,test,11.080768,10.86141586303711,-0.01979571955551873,3,60mm,1.135867
SubNetW4CleanAuxExDnRcK5AcQdEma,minbias,0,test,41.708035,40.97449493408203,-0.0175874885935543,2,40mm,3.6794646
SubNetW4CleanAuxExDnRcK5AcQdEma,minbias,0,test,79.61876,52.56913375854492,-0.3397393489136903,1,30mm,3.2119963
SubNetW4CleanAuxExDnRcK5AcQdEma,minbias,0,test,45.09789,44.20566177368164,-0.01978423366799631,2,40mm,3.349414
SubNetW4CleanAuxExDnRcK5AcQdEma,minbias,0,test,23.217043,21.967750549316406,-0.05380928044118105,2,40mm,1.7651457
SubNetW4CleanAuxExDnRcK5AcQdEma,minbias,0,test,64.222824,61.41395950317383,-0.043736236034676024,1,30mm,3.4007294
SubNetW4CleanAuxExDnRcK5AcQdEma,minbias,0,test,17.681293,16.533870697021484,-0.06489473133486301,0,15mm,0.73700804
SubNetW4CleanAuxExDnRcK5AcQdEma,minbias,0,test,79.06412,87.53416442871094,0.10712883760947012,1,30mm,4.9199033
SubNetW4CleanAuxExDnRcK5AcQdEma,minbias,0,test,11.089578,12.012608528137207,0.08323408522251596,2,40mm,1.2624235
SubNetW4CleanAuxExDnRcK5AcQdEma,minbias,0,test,53.8125,61.99845886230469,0.15212002531576663,1,30mm,2.8962848
SubNetW4CleanAuxExDnRcK5AcQdEma,minbias,0,test,23.308668,22.649391174316406,-0.028284626063432183,1,30mm,2.0700624
SubNetW4CleanAuxExDnRcK5AcQdEma,minbias,0,test,6.5678234,6.06536340713501,-0.07650327536692325,3,60mm,1.3026431
SubNetW4CleanAuxExDnRcK5AcQdEma,minbias,0,test,16.192257,16.26280403137207,0.004356841927456445,3,60mm,2.0001974
SubNetW4CleanAuxExDnRcK5AcQdEma,minbias,0,test,39.53352,38.52914810180664,-0.02540557100779417,2,40mm,3.4080403
SubNetW4CleanAuxExDnRcK5AcQdEma,minbias,0,test,17.998512,18.907636642456055,0.05051108451906039,4,120mm,3.8484821
SubNetW4CleanAuxExDnRcK5AcQdEma,minbias,0,test,22.2328,23.506629943847656,0.05729509736719507,3,60mm,4.470924
SubNetW4CleanAuxExDnRcK5AcQdEma,minbias,0,test,23.361528,23.412267684936523,0.0021719164717599604,1,30mm,1.7672858
SubNetW4CleanAuxExDnRcK5AcQdEma,minbias,0,test,62.68299,61.64092254638672,-0.016624421782658994,2,40mm,4.99026
SubNetW4CleanAuxExDnRcK5AcQdEma,minbias,0,test,31.69017,31.26750946044922,-0.013337284836100083,2,40mm,4.788093
SubNetW4CleanAuxExDnRcK5AcQdEma,minbias,0,test,29.13452,28.740468978881836,-0.013525213522149637,3,60mm,4.6302137
SubNetW4CleanAuxExDnRcK5AcQdEma,minbias,0,test,18.522264,18.570058822631836,0.0025803725074273753,3,60mm,3.3072686
SubNetW4CleanAuxExDnRcK5AcQdEma,minbias,0,test,37.814865,36.77180099487305,-0.027583441441186962,2,40mm,4.0434465
SubNetW4CleanAuxExDnRcK5AcQdEma,minbias,0,test,18.806995,19.098007202148438,0.015473593960091625,3,60mm,3.7451715
SubNetW4CleanAuxExDnRcK5AcQdEma,minbias,0,test,24.041042,22.979839324951172,-0.044141305874204506,3,60mm,4.2574267
SubNetW4CleanAuxExDnRcK5AcQdEma,minbias,0,test,23.718988,25.143972396850586,0.06007777199955511,0,15mm,1.0127764
SubNetW4CleanAuxExDnRcK5AcQdEma,minbias,0,test,18.401114,18.42701530456543,0.0014076210344189377,3,60mm,3.582435
SubNetW4CleanAuxExDnRcK5AcQdEma,minbias,0,test,19.51156,18.64640998840332,-0.044340402927677935,4,120mm,4.3881907
SubNetW4CleanAuxExDnRcK5AcQdEma,minbias,0,test,12.974256,13.35805606842041,0.029581697752352865,2,40mm,0.9530045
SubNetW4CleanAuxExDnRcK5AcQdEma,minbias,0,test,42.765984,42.115562438964844,-0.015208843293360697,2,40mm,3.9170194
SubNetW4CleanAuxExDnRcK5AcQdEma,minbias,0,test,19.130213,18.782995223999023,-0.01815021943238615,1,30mm,0.867615
SubNetW4CleanAuxExDnRcK5AcQdEma,minbias,0,test,31.13925,30.397789001464844,-0.023811132409874203,3,60mm,3.41532
SubNetW4CleanAuxExDnRcK5AcQdEma,minbias,0,test,8.506414,9.936023712158203,0.16806250309710435,2,40mm,0.9699842
SubNetW4CleanAuxExDnRcK5AcQdEma,minbias,0,test,42.780216,45.82664489746094,0.07121115669364975,1,30mm,1.7467152
SubNetW4CleanAuxExDnRcK5AcQdEma,minbias,0,test,13.92277,13.424158096313477,-0.03581266274139705,2,40mm,1.0457515
SubNetW4CleanAuxExDnRcK5AcQdEma,minbias,0,test,20.531609,20.58040428161621,0.002376613594567978,3,60mm,3.9207628
SubNetW4CleanAuxExDnRcK5AcQdEma,minbias,0,test,24.329727,24.54657745361328,0.008912976262376304,3,60mm,4.804088
SubNetW4CleanAuxExDnRcK5AcQdEma,minbias,0,test,63.022285,57.82720947265625,-0.08243236421423172,1,30mm,3.949005
SubNetW4CleanAuxExDnRcK5AcQdEma,minbias,0,test,36.09239,35.758216857910156,-0.0092587748349795,2,40mm,4.8211546
SubNetW4CleanAuxExDnRcK5AcQdEma,minbias,0,test,46.802517,46.66485595703125,-0.002941315750372153,3,60mm,4.6642156
SubNetW4CleanAuxExDnRcK5AcQdEma,minbias,0,test,42.80256,37.47054672241211,-0.12457227590305331,1,30mm,3.205415
SubNetW4CleanAuxExDnRcK5AcQdEma,minbias,0,test,56.045883,58.89780044555664,0.050885401479925374,0,15mm,1.763771
SubNetW4CleanAuxExDnRcK5AcQdEma,minbias,0,test,4.1444597,6.484832286834717,0.5646990725027332,2,40mm,0.67931724
SubNetW4CleanAuxExDnRcK5AcQdEma,minbias,0,test,45.02635,44.86728286743164,-0.003532714804657333,2,40mm,4.264423
SubNetW4CleanAuxExDnRcK5AcQdEma,minbias,0,test,55.0046,54.694278717041016,-0.005641742779694092,1,30mm,2.4770427
SubNetW4CleanAuxExDnRcK5AcQdEma,minbias,0,test,11.324715,11.134071350097656,-0.01683427055424147,3,60mm,2.239393
SubNetW4CleanAuxExDnRcK5AcQdEma,minbias,0,test,7.4864807,7.500210285186768,0.0018339154033353289,3,60mm,0.7539462
SubNetW4CleanAuxExDnRcK5AcQdEma,minbias,0,test,19.95294,19.88970375061035,-0.003169269120885776,3,60mm,3.827098
SubNetW4CleanAuxExDnRcK5AcQdEma,minbias,0,test,6.6307597,6.493949890136719,-0.020632601957569774,3,60mm,1.0737232
SubNetW4CleanAuxExDnRcK5AcQdEma,minbias,0,test,27.001163,27.016456604003906,0.0005663874946613134,3,60mm,3.2117279
SubNetW4CleanAuxExDnRcK5AcQdEma,minbias,0,test,34.19748,33.12956619262695,-0.03122782962083126,3,60mm,4.918276
SubNetW4CleanAuxExDnRcK5AcQdEma,minbias,0,test,66.116516,69.54376220703125,0.05183645925744029,1,30mm,3.9533274
SubNetW4CleanAuxExDnRcK5AcQdEma,minbias,0,test,7.735862,7.644542694091797,-0.011804642686884859,2,40mm,0.8433885
SubNetW4CleanAuxExDnRcK5AcQdEma,minbias,0,test,9.960916,10.0062255859375,0.0045487806968018685,3,60mm,2.040116
SubNetW4CleanAuxExDnRcK5AcQdEma,minbias,0,test,72.734604,71.70442962646484,-0.01416346828594417,1,30mm,4.629119
SubNetW4CleanAuxExDnRcK5AcQdEma,minbias,0,test,14.361284,14.824859619140625,0.03227952005518597,3,60mm,1.7773473
SubNetW4CleanAuxExDnRcK5AcQdEma,minbias,0,test,44.874943,43.819488525390625,-0.023519901949191624,3,60mm,4.8745995
SubNetW4CleanAuxExDnRcK5AcQdEma,minbias,0,test,95.568565,93.72716522216797,-0.01926784334766607,0,15mm,4.124034
SubNetW4CleanAuxExDnRcK5AcQdEma,minbias,0,test,38.06537,38.376834869384766,0.008182403798205229,1,30mm,2.213236
SubNetW4CleanAuxExDnRcK5AcQdEma,minbias,0,test,72.05238,71.19515228271484,-0.011897332182697062,2,40mm,4.5954537
SubNetW4CleanAuxExDnRcK5AcQdEma,minbias,0,test,6.9149756,6.290712833404541,-0.09027693544677873,3,60mm,1.5626566
SubNetW4CleanAuxExDnRcK5AcQdEma,minbias,0,test,29.057846,28.752822875976562,-0.010497102663134417,3,60mm,3.633486
SubNetW4CleanAuxExDnRcK5AcQdEma,minbias,0,test,15.597602,15.567754745483398,-0.0019135726946988285,3,60mm,2.1600044
SubNetW4CleanAuxExDnRcK5AcQdEma,minbias,0,test,35.83802,36.315250396728516,0.013316306751812279,2,40mm,4.4923706
SubNetW4CleanAuxExDnRcK5AcQdEma,minbias,0,test,97.10328,92.68018341064453,-0.04555042572705248,0,15mm,2.6717277
SubNetW4CleanAuxExDnRcK5AcQdEma,minbias,0,test,7.7598124,7.681268692016602,-0.010121850816904532,3,60mm,1.469107
SubNetW4CleanAuxExDnRcK5AcQdEma,minbias,0,test,8.782208,8.549537658691406,-0.02649342537414978,2,40mm,1.206458
SubNetW4CleanAuxExDnRcK5AcQdEma,minbias,0,test,7.4059997,7.194760322570801,-0.028522731245590016,2,40mm,0.83818525
SubNetW4CleanAuxExDnRcK5AcQdEma,minbias,0,test,43.93595,42.98520278930664,-0.0216394186747767,1,30mm,3.2436566
SubNetW4CleanAuxExDnRcK5AcQdEma,minbias,0,test,51.224308,47.92210388183594,-0.06446556840129447,0,15mm,1.3575672
SubNetW4CleanAuxExDnRcK5AcQdEma,minbias,0,test,14.608158,17.802759170532227,0.21868609543795037,1,30mm,1.0952433
SubNetW4CleanAuxExDnRcK5AcQdEma,minbias,0,test,13.612486,13.411092758178711,-0.014794735446091667,3,60mm,1.7930294
SubNetW4CleanAuxExDnRcK5AcQdEma,minbias,0,test,28.486368,28.48417854309082,-7.68661072090282e-05,3,60mm,3.5629194
SubNetW4CleanAuxExDnRcK5AcQdEma,minbias,0,test,41.82343,41.849796295166016,0.0006304405942449964,2,40mm,2.6464927
SubNetW4CleanAuxExDnRcK5AcQdEma,minbias,0,test,82.518776,80.72369384765625,-0.021753619971188742,1,30mm,3.9970155
SubNetW4CleanAuxExDnRcK5AcQdEma,minbias,0,test,20.810848,20.614137649536133,-0.009452309887435284,2,40mm,2.0913813
SubNetW4CleanAuxExDnRcK5AcQdEma,minbias,0,test,20.45259,20.361539840698242,-0.004451812581646508,4,120mm,4.890979
SubNetW4CleanAuxExDnRcK5AcQdEma,minbias,0,test,14.580117,15.62626838684082,0.07175190329427727,2,40mm,1.5943193
SubNetW4CleanAuxExDnRcK5AcQdEma,minbias,0,test,73.33207,75.51394653320312,0.02975338285381235,0,15mm,3.1897068
SubNetW4CleanAuxExDnRcK5AcQdEma,minbias,0,test,38.199245,38.167030334472656,-0.0008433443652163808,3,60mm,4.6858487
SubNetW4CleanAuxExDnRcK5AcQdEma,minbias,0,test,43.880646,42.99016189575195,-0.02029331704083992,1,30mm,2.71114
SubNetW4CleanAuxExDnRcK5AcQdEma,minbias,0,test,34.083324,32.822509765625,-0.036992127022400956,3,60mm,4.2705774
SubNetW4CleanAuxExDnRcK5AcQdEma,minbias,0,test,45.122597,44.666996002197266,-0.010096952999919306,1,30mm,2.15831
SubNetW4CleanAuxExDnRcK5AcQdEma,minbias,0,test,11.330625,11.4373140335083,0.009416025777582604,3,60mm,1.4741834
SubNetW4CleanAuxExDnRcK5AcQdEma,minbias,0,test,91.76757,87.51559448242188,-0.04633418962951852,0,15mm,4.441038
SubNetW4CleanAuxExDnRcK5AcQdEma,minbias,0,test,12.905167,12.1821928024292,-0.05602204485233864,3,60mm,1.5308805
SubNetW4CleanAuxExDnRcK5AcQdEma,minbias,0,test,73.054474,70.54534149169922,-0.034346046889340176,1,30mm,4.468153
SubNetW4CleanAuxExDnRcK5AcQdEma,minbias,0,test,55.101402,56.77434158325195,0.030361102099608628,1,30mm,3.117403
SubNetW4CleanAuxExDnRcK5AcQdEma,minbias,0,test,34.128532,35.091697692871094,0.02822170234692778,1,30mm,2.1327102
SubNetW4CleanAuxExDnRcK5AcQdEma,minbias,0,test,42.054085,41.85349655151367,-0.0047697679637555,2,40mm,3.5622342
SubNetW4CleanAuxExDnRcK5AcQdEma,minbias,0,test,45.38099,43.32783126831055,-0.045242685279876516,2,40mm,3.6832798
SubNetW4CleanAuxExDnRcK5AcQdEma,minbias,0,test,18.369307,18.258081436157227,-0.0060549443052903,3,60mm,2.5901697
SubNetW4CleanAuxExDnRcK5AcQdEma,minbias,0,test,8.525666,8.125234603881836,-0.04696778197386542,3,60mm,1.3412014
SubNetW4CleanAuxExDnRcK5AcQdEma,minbias,0,test,6.278169,6.381770610809326,0.016501857966660927,3,60mm,1.0874298
SubNetW4CleanAuxExDnRcK5AcQdEma,minbias,0,test,14.046941,9.14674186706543,-0.3488445637381584,1,30mm,0.90673393
SubNetW4CleanAuxExDnRcK5AcQdEma,minbias,0,test,47.503723,47.5380973815918,0.0007236114305391173,2,40mm,4.927379
SubNetW4CleanAuxExDnRcK5AcQdEma,minbias,0,test,48.97295,48.625999450683594,-0.007084534036352341,1,30mm,4.509318
SubNetW4CleanAuxExDnRcK5AcQdEma,minbias,0,test,14.858912,16.637189865112305,0.11967749328833066,1,30mm,0.7844327
SubNetW4CleanAuxExDnRcK5AcQdEma,minbias,0,test,3.8362243,4.3907599449157715,0.14455245091589708,3,60mm,0.78538007
SubNetW4CleanAuxExDnRcK5AcQdEma,minbias,0,test,18.773342,17.073198318481445,-0.09056159537717434,3,60mm,3.5425923
SubNetW4CleanAuxExDnRcK5AcQdEma,minbias,0,test,58.03488,57.267478942871094,-0.013223127675584867,2,40mm,3.9648774
SubNetW4CleanAuxExDnRcK5AcQdEma,minbias,0,test,25.093636,24.067378997802734,-0.04089708559220184,2,40mm,4.0941567
SubNetW4CleanAuxExDnRcK5AcQdEma,minbias,0,test,51.83966,50.62437438964844,-0.023443175355952417,1,30mm,3.4611523
SubNetW4CleanAuxExDnRcK5AcQdEma,minbias,0,test,12.77551,12.279719352722168,-0.03880788226835985,2,40mm,1.0417993
SubNetW4CleanAuxExDnRcK5AcQdEma,minbias,0,test,8.719802,8.921463966369629,0.023126908827429737,4,120mm,2.0616763
SubNetW4CleanAuxExDnRcK5AcQdEma,minbias,0,test,23.543571,23.353309631347656,-0.008081265030041473,3,60mm,4.219837
SubNetW4CleanAuxExDnRcK5AcQdEma,minbias,0,test,7.891532,8.033960342407227,0.018048257187332606,2,40mm,0.8994225
SubNetW4CleanAuxExDnRcK5AcQdEma,minbias,0,test,20.66832,19.912992477416992,-0.03654516843248412,4,120mm,4.7959685
SubNetW4CleanAuxExDnRcK5AcQdEma,minbias,0,test,94.16158,93.45061492919922,-0.007550510466460492,0,15mm,2.2882452
SubNetW4CleanAuxExDnRcK5AcQdEma,minbias,0,test,13.473229,13.020417213439941,-0.03360828952756301,2,40mm,2.1154258
SubNetW4CleanAuxExDnRcK5AcQdEma,minbias,0,test,9.435734,11.478649139404297,0.21650837005224544,3,60mm,1.3952988
SubNetW4CleanAuxExDnRcK5AcQdEma,minbias,0,test,7.8757734,7.247864246368408,-0.0797266692717078,2,40mm,1.1517409
SubNetW4CleanAuxExDnRcK5AcQdEma,minbias,0,test,8.936529,8.738967895507812,-0.02210715821668341,3,60mm,1.0529095
SubNetW4CleanAuxExDnRcK5AcQdEma,minbias,0,test,15.738396,15.649443626403809,-0.005651914353982823,2,40mm,1.1341345
SubNetW4CleanAuxExDnRcK5AcQdEma,minbias,0,test,69.06251,68.96819305419922,-0.0013656407569418993,0,15mm,2.1029263
SubNetW4CleanAuxExDnRcK5AcQdEma,minbias,0,test,13.956437,13.79944133758545,-0.011248986547777728,4,120mm,3.2383657
SubNetW4CleanAuxExDnRcK5AcQdEma,minbias,0,test,19.006413,21.574745178222656,0.13512979744569753,0,15mm,0.82994306
SubNetW4CleanAuxExDnRcK5AcQdEma,minbias,0,test,9.057333,8.621784210205078,-0.04808797277374144,3,60mm,2.0225158
SubNetW4CleanAuxExDnRcK5AcQdEma,minbias,0,test,37.21394,36.17427062988281,-0.027937623540412626,3,60mm,4.3696556
SubNetW4CleanAuxExDnRcK5AcQdEma,minbias,0,test,9.400506,9.172513008117676,-0.024253270089868773,4,120mm,1.9436932
SubNetW4CleanAuxExDnRcK5AcQdEma,minbias,0,test,24.962301,25.894676208496094,0.03735132208870562,3,60mm,2.5077355
SubNetW4CleanAuxExDnRcK5AcQdEma,minbias,0,test,44.457935,44.05517578125,-0.009059340002699368,3,60mm,4.8014493
SubNetW4CleanAuxExDnRcK5AcQdEma,minbias,0,test,11.469831,11.978130340576172,0.04431615890592733,3,60mm,1.8016737
SubNetW4CleanAuxExDnRcK5AcQdEma,minbias,0,test,20.140284,20.321168899536133,0.008981269512995604,3,60mm,4.735984
SubNetW4CleanAuxExDnRcK5AcQdEma,minbias,0,test,17.380924,17.697580337524414,0.01821860037903522,2,40mm,1.130865
SubNetW4CleanAuxExDnRcK5AcQdEma,minbias,0,test,22.283743,21.948387145996094,-0.015049346068196412,3,60mm,3.5814798
SubNetW4CleanAuxExDnRcK5AcQdEma,minbias,0,test,14.129214,14.21096134185791,0.005785675933166257,3,60mm,2.4773881
SubNetW4CleanAuxExDnRcK5AcQdEma,minbias,0,test,41.489285,39.71944808959961,-0.042657675263721107,2,40mm,4.060859
SubNetW4CleanAuxExDnRcK5AcQdEma,minbias,0,test,18.364819,18.35537338256836,-0.000514308943055708,1,30mm,0.781964
SubNetW4CleanAuxExDnRcK5AcQdEma,minbias,0,test,11.172684,10.901917457580566,-0.024234666005656824,3,60mm,1.3742636
SubNetW4CleanAuxExDnRcK5AcQdEma,minbias,0,test,18.6887,19.201351165771484,0.027431092109099664,3,60mm,3.5835576
SubNetW4CleanAuxExDnRcK5AcQdEma,minbias,0,test,36.833,38.45284652709961,0.04397812656969302,1,30mm,1.7850517
SubNetW4CleanAuxExDnRcK5AcQdEma,minbias,0,test,87.300476,88.37156677246094,0.012269013256372086,0,15mm,2.7947285
SubNetW4CleanAuxExDnRcK5AcQdEma,minbias,0,test,97.4501,90.6463394165039,-0.06981792815772048,1,30mm,4.5291786
SubNetW4CleanAuxExDnRcK5AcQdEma,minbias,0,test,86.00628,84.4647445678711,-0.017923510258790576,1,30mm,3.3329568
SubNetW4CleanAuxExDnRcK5AcQdEma,minbias,0,test,37.043736,37.022735595703125,-0.000566895000233214,2,40mm,3.0122528
SubNetW4CleanAuxExDnRcK5AcQdEma,minbias,0,test,17.176788,16.814756393432617,-0.021076811898040115,3,60mm,2.2500525
SubNetW4CleanAuxExDnRcK5AcQdEma,minbias,0,test,83.03396,83.30119323730469,0.0032183796519240637,1,30mm,3.9658554
SubNetW4CleanAuxExDnRcK5AcQdEma,minbias,0,test,90.24893,88.20652770996094,-0.0226307850093177,0,15mm,2.5102468
SubNetW4CleanAuxExDnRcK5AcQdEma,minbias,0,test,10.022034,2.4564011096954346,-0.7548999349501526,4,120mm,2.4152577
SubNetW4CleanAuxExDnRcK5AcQdEma,minbias,0,test,47.92296,48.050025939941406,0.0026514966986437294,2,40mm,4.1227527
SubNetW4CleanAuxExDnRcK5AcQdEma,minbias,0,test,20.643518,20.373592376708984,-0.013075584564159692,4,120mm,4.5296116
SubNetW4CleanAuxExDnRcK5AcQdEma,minbias,0,test,42.22697,40.854366302490234,-0.03250539520722939,1,30mm,2.575968
SubNetW4CleanAuxExDnRcK5AcQdEma,minbias,0,test,44.24366,43.25325012207031,-0.022385350842931806,3,60mm,4.7053165
SubNetW4CleanAuxExDnRcK5AcQdEma,minbias,0,test,16.419695,16.943384170532227,0.03189397081934686,3,60mm,1.8293307
SubNetW4CleanAuxExDnRcK5AcQdEma,minbias,0,test,30.174818,29.204153060913086,-0.03216804743527224,2,40mm,4.8571253
SubNetW4CleanAuxExDnRcK5AcQdEma,minbias,0,test,32.270863,31.327049255371094,-0.029246609744441043,2,40mm,2.507522
SubNetW4CleanAuxExDnRcK5AcQdEma,minbias,0,test,6.7495937,7.03969669342041,0.042980803005371104,3,60mm,0.8857612
SubNetW4CleanAuxExDnRcK5AcQdEma,minbias,0,test,16.481949,16.323055267333984,-0.009640461005350098,3,60mm,3.4808197
SubNetW4CleanAuxExDnRcK5AcQdEma,minbias,0,test,26.378931,26.834192276000977,0.017258517021896402,2,40mm,2.2546158
SubNetW4CleanAuxExDnRcK5AcQdEma,minbias,0,test,81.79471,85.90428924560547,0.050242626711175076,1,30mm,3.1894205
SubNetW4CleanAuxExDnRcK5AcQdEma,minbias,0,test,91.97247,89.88751220703125,-0.022669401683083623,0,15mm,2.284167
SubNetW4CleanAuxExDnRcK5AcQdEma,minbias,0,test,41.36438,39.284610748291016,-0.050279229143857185,0,15mm,1.199353
SubNetW4CleanAuxExDnRcK5AcQdEma,minbias,0,test,18.812681,18.721792221069336,-0.004831261216496019,3,60mm,4.4518867
SubNetW4CleanAuxExDnRcK5AcQdEma,minbias,0,test,9.059211,9.839496612548828,0.08613176737457007,1,30mm,0.5291451
SubNetW4CleanAuxExDnRcK5AcQdEma,minbias,0,test,53.94237,52.76129150390625,-0.02189521584869858,1,30mm,2.378324
SubNetW4CleanAuxExDnRcK5AcQdEma,minbias,0,test,23.37461,25.974599838256836,0.11123132480807052,2,40mm,2.6817584
SubNetW4CleanAuxExDnRcK5AcQdEma,minbias,0,test,80.46486,76.44041442871094,-0.05001493359527964,1,30mm,3.5179052
SubNetW4CleanAuxExDnRcK5AcQdEma,minbias,0,test,32.539818,32.3147087097168,-0.0069179582275414875,2,40mm,3.0237546
SubNetW4CleanAuxExDnRcK5AcQdEma,minbias,0,test,27.268658,26.678234100341797,-0.021652095633726276,3,60mm,3.182541
SubNetW4CleanAuxExDnRcK5AcQdEma,minbias,0,test,16.711329,16.180965423583984,-0.0317367397020778,3,60mm,2.7162042
SubNetW4CleanAuxExDnRcK5AcQdEma,minbias,0,test,77.12457,76.79377746582031,-0.004289103670518379,1,30mm,4.0337577
SubNetW4CleanAuxExDnRcK5AcQdEma,minbias,0,test,10.009293,9.718804359436035,-0.029021855453535195,2,40mm,1.2850405
SubNetW4CleanAuxExDnRcK5AcQdEma,minbias,0,test,8.116283,8.774942398071289,0.08115278231463563,4,120mm,1.6999182
SubNetW4CleanAuxExDnRcK5AcQdEma,minbias,0,test,22.69426,22.117008209228516,-0.025436010841187073,2,40mm,2.344292
SubNetW4CleanAuxExDnRcK5AcQdEma,minbias,0,test,6.477052,7.660112380981445,0.1826541041419567,3,60mm,1.5235202
SubNetW4CleanAuxExDnRcK5AcQdEma,minbias,0,test,60.55146,60.11862564086914,-0.007148211180075692,0,15mm,2.1848133
SubNetW4CleanAuxExDnRcK5AcQdEma,minbias,0,test,26.674564,28.017658233642578,0.05035110803928222,0,15mm,1.3452327
SubNetW4CleanAuxExDnRcK5AcQdEma,minbias,0,test,41.410854,43.3221549987793,0.0461545816829958,2,40mm,4.748243
SubNetW4CleanAuxExDnRcK5AcQdEma,minbias,0,test,9.219725,8.805830955505371,-0.04489219744916573,3,60mm,1.5371062
SubNetW4CleanAuxExDnRcK5AcQdEma,minbias,0,test,89.363144,87.92023468017578,-0.01614658098868893,1,30mm,4.484684
SubNetW4CleanAuxExDnRcK5AcQdEma,minbias,0,test,26.543886,27.920181274414062,0.05184979622597141,1,30mm,1.364365
SubNetW4CleanAuxExDnRcK5AcQdEma,minbias,0,test,30.03285,31.32318687438965,0.04296417414529774,3,60mm,3.3536253
SubNetW4CleanAuxExDnRcK5AcQdEma,minbias,0,test,49.614643,66.98497009277344,0.3501048463034615,0,15mm,1.2341517
SubNetW4CleanAuxExDnRcK5AcQdEma,minbias,0,test,11.774067,12.017441749572754,0.020670412872051624,2,40mm,0.9458314
SubNetW4CleanAuxExDnRcK5AcQdEma,minbias,0,test,85.326866,103.44647216796875,0.2123552268547384,0,15mm,2.112276
SubNetW4CleanAuxExDnRcK5AcQdEma,minbias,0,test,60.046642,58.30390548706055,-0.029023051906861275,0,15mm,2.0343013
SubNetW4CleanAuxExDnRcK5AcQdEma,minbias,0,test,27.079124,27.593395233154297,0.018991411018745907,2,40mm,1.8457158
SubNetW4CleanAuxExDnRcK5AcQdEma,minbias,0,test,13.91203,13.738983154296875,-0.012438663731889732,2,40mm,1.8704305
SubNetW4CleanAuxExDnRcK5AcQdEma,minbias,0,test,37.618774,36.68408966064453,-0.024846230850853246,1,30mm,2.0744624
SubNetW4CleanAuxExDnRcK5AcQdEma,minbias,0,test,18.10339,17.8845272064209,-0.012089588563951148,4,120mm,3.701141
SubNetW4CleanAuxExDnRcK5AcQdEma,minbias,0,test,23.81033,23.24108123779297,-0.023907615430645457,3,60mm,4.7405405
SubNetW4CleanAuxExDnRcK5AcQdEma,minbias,0,test,68.695045,70.0427017211914,0.01961795411526679,1,30mm,3.169733
SubNetW4CleanAuxExDnRcK5AcQdEma,minbias,0,test,43.61276,42.9081916809082,-0.01615506511383935,2,40mm,2.816208
SubNetW4CleanAuxExDnRcK5AcQdEma,minbias,0,test,93.78168,91.89971923828125,-0.020067438150781047,0,15mm,2.6126037
SubNetW4CleanAuxExDnRcK5AcQdEma,minbias,0,test,31.783009,27.479595184326172,-0.13539981216374763,1,30mm,2.6771963
SubNetW4CleanAuxExDnRcK5AcQdEma,minbias,0,test,16.576794,16.52000617980957,-0.003425722245988805,3,60mm,2.386239
SubNetW4CleanAuxExDnRcK5AcQdEma,minbias,0,test,26.197128,26.989234924316406,0.030236391541510477,3,60mm,2.8461196
SubNetW4CleanAuxExDnRcK5AcQdEma,minbias,0,test,19.475464,20.07905387878418,0.030992330437562332,3,60mm,2.8869836
SubNetW4CleanAuxExDnRcK5AcQdEma,minbias,0,test,22.675909,22.705488204956055,0.0013044311715311174,4,120mm,4.720611
SubNetW4CleanAuxExDnRcK5AcQdEma,minbias,0,test,4.9856076,5.105874061584473,0.024122724169120424,3,60mm,0.9852749
SubNetW4CleanAuxExDnRcK5AcQdEma,minbias,0,test,21.502235,21.225032806396484,-0.012891804079066427,3,60mm,4.315212
SubNetW4CleanAuxExDnRcK5AcQdEma,minbias,0,test,40.40748,38.70130920410156,-0.04222409313389053,0,15mm,1.9449918
SubNetW4CleanAuxExDnRcK5AcQdEma,minbias,0,test,20.40358,20.463321685791016,0.00292801433476253,3,60mm,2.551534
SubNetW4CleanAuxExDnRcK5AcQdEma,minbias,0,test,8.681743,8.256074905395508,-0.04903022112344668,4,120mm,2.0424738
SubNetW4CleanAuxExDnRcK5AcQdEma,minbias,0,test,10.904001,12.035015106201172,0.10372466453040374,3,60mm,1.7489712
SubNetW4CleanAuxExDnRcK5AcQdEma,minbias,0,test,44.726574,44.6696662902832,-0.0012723454713908788,2,40mm,4.066125
SubNetW4CleanAuxExDnRcK5AcQdEma,minbias,0,test,38.474617,37.130043029785156,-0.03494703987451775,2,40mm,3.618396
SubNetW4CleanAuxExDnRcK5AcQdEma,minbias,0,test,64.89707,67.84732055664062,0.04546042887126078,0,15mm,2.1921763
SubNetW4CleanAuxExDnRcK5AcQdEma,minbias,0,test,4.5735116,4.455700397491455,-0.02575946303278087,3,60mm,0.676318
SubNetW4CleanAuxExDnRcK5AcQdEma,minbias,0,test,29.099676,28.966716766357422,-0.0045691012243807005,2,40mm,2.510304
SubNetW4CleanAuxExDnRcK5AcQdEma,minbias,0,test,24.996998,24.715187072753906,-0.011273784251130015,3,60mm,3.5592978
SubNetW4CleanAuxExDnRcK5AcQdEma,minbias,0,test,37.205807,36.205326080322266,-0.0268904437164158,3,60mm,4.8431745
SubNetW4CleanAuxExDnRcK5AcQdEma,minbias,0,test,4.788016,4.986085414886475,0.041367777168399344,3,60mm,0.7862129
SubNetW4CleanAuxExDnRcK5AcQdEma,minbias,0,test,21.572033,21.798704147338867,0.010507642910787096,2,40mm,2.3250883
SubNetW4CleanAuxExDnRcK5AcQdEma,minbias,0,test,33.682507,34.144962310791016,0.013729849608144828,2,40mm,3.4318504
SubNetW4CleanAuxExDnRcK5AcQdEma,minbias,0,test,15.19921,15.135308265686035,-0.004204290916652198,4,120mm,3.5878687
SubNetW4CleanAuxExDnRcK5AcQdEma,minbias,0,test,87.719696,81.9620361328125,-0.06563702533990579,0,15mm,4.70408
SubNetW4CleanAuxExDnRcK5AcQdEma,minbias,0,test,58.41405,57.932525634765625,-0.008243314963410242,1,30mm,3.397385
SubNetW4CleanAuxExDnRcK5AcQdEma,minbias,0,test,21.836823,21.20295524597168,-0.029027449552721074,3,60mm,3.6601038
SubNetW4CleanAuxExDnRcK5AcQdEma,minbias,0,test,38.107567,37.413414001464844,-0.018215616732084272,2,40mm,2.990114
SubNetW4CleanAuxExDnRcK5AcQdEma,minbias,0,test,79.788826,80.46107482910156,0.008425350692923494,1,30mm,3.418518
SubNetW4CleanAuxExDnRcK5AcQdEma,minbias,0,test,49.576515,50.26301193237305,0.013847216406413398,0,15mm,1.3674924
SubNetW4CleanAuxExDnRcK5AcQdEma,minbias,0,test,25.760853,27.405588150024414,0.06384630773666378,3,60mm,4.373931
SubNetW4CleanAuxExDnRcK5AcQdEma,minbias,0,test,31.019272,24.891008377075195,-0.19756309893505708,0,15mm,1.2255236
SubNetW4CleanAuxExDnRcK5AcQdEma,minbias,0,test,10.474536,10.233038902282715,-0.0230556314027045,3,60mm,2.054074
SubNetW4CleanAuxExDnRcK5AcQdEma,minbias,0,test,22.642975,22.33696174621582,-0.01351470419763734,3,60mm,4.072463
SubNetW4CleanAuxExDnRcK5AcQdEma,minbias,0,test,9.395622,10.090483665466309,0.07395586937262832,2,40mm,1.3047059
SubNetW4CleanAuxExDnRcK5AcQdEma,minbias,0,test,17.900373,17.76009750366211,-0.007836482044498716,3,60mm,3.5376523
SubNetW4CleanAuxExDnRcK5AcQdEma,minbias,0,test,19.797209,21.605892181396484,0.09136052536172712,1,30mm,1.4473844
SubNetW4CleanAuxExDnRcK5AcQdEma,minbias,0,test,18.504293,17.91438102722168,-0.031879758954702075,2,40mm,2.8299527
SubNetW4CleanAuxExDnRcK5AcQdEma,minbias,0,test,19.779018,19.027666091918945,-0.03798734067110765,3,60mm,4.0276737
SubNetW4CleanAuxExDnRcK5AcQdEma,minbias,0,test,66.111015,65.64041900634766,-0.0071182738791707445,1,30mm,3.240068
SubNetW4CleanAuxExDnRcK5AcQdEma,minbias,0,test,33.327457,31.386520385742188,-0.05823837736289195,3,60mm,3.3700461
SubNetW4CleanAuxExDnRcK5AcQdEma,minbias,0,test,11.774947,10.682939529418945,-0.09273991819988892,3,60mm,2.518233
SubNetW4CleanAuxExDnRcK5AcQdEma,minbias,0,test,75.034996,73.82178497314453,-0.016168602968158474,1,30mm,2.9245372
SubNetW4CleanAuxExDnRcK5AcQdEma,minbias,0,test,58.995262,58.29561996459961,-0.011859294389862551,2,40mm,4.515352
SubNetW4CleanAuxExDnRcK5AcQdEma,minbias,0,test,6.943567,7.055998802185059,0.01619225482712716,3,60mm,1.6276146
SubNetW4CleanAuxExDnRcK5AcQdEma,minbias,0,test,8.112235,11.74594783782959,0.4479299154332175,4,120mm,1.8723284
SubNetW4CleanAuxExDnRcK5AcQdEma,minbias,0,test,3.3872762,3.2331576347351074,-0.045499253691737684,3,60mm,0.53415203
SubNetW4CleanAuxExDnRcK5AcQdEma,minbias,0,test,5.2916746,5.422832012176514,0.024785612833799764,3,60mm,1.033534
SubNetW4CleanAuxExDnRcK5AcQdEma,minbias,0,test,44.516003,46.21444320678711,0.03815348302765731,1,30mm,3.6857705
SubNetW4CleanAuxExDnRcK5AcQdEma,minbias,0,test,6.981901,6.565290451049805,-0.0596700966828001,4,120mm,1.5076778
SubNetW4CleanAuxExDnRcK5AcQdEma,minbias,0,test,20.106606,19.62700843811035,-0.023852713028280625,4,120mm,4.073142
SubNetW4CleanAuxExDnRcK5AcQdEma,minbias,0,test,6.3642797,6.061319828033447,-0.047603174439055373,3,60mm,1.1420088
SubNetW4CleanAuxExDnRcK5AcQdEma,minbias,0,test,68.41614,69.16583251953125,0.010957865343955486,0,15mm,2.3248158
SubNetW4CleanAuxExDnRcK5AcQdEma,minbias,0,test,27.637049,27.458118438720703,-0.00647429052201165,2,40mm,1.9981253
SubNetW4CleanAuxExDnRcK5AcQdEma,minbias,0,test,17.68357,17.12628746032715,-0.031514189404617476,3,60mm,3.6964402
SubNetW4CleanAuxExDnRcK5AcQdEma,minbias,0,test,22.50768,22.348997116088867,-0.007050205554727462,2,40mm,1.4865847
SubNetW4CleanAuxExDnRcK5AcQdEma,minbias,0,test,36.58287,35.85332489013672,-0.019942273080861495,2,40mm,2.5222142
SubNetW4CleanAuxExDnRcK5AcQdEma,minbias,0,test,11.7774,13.05183219909668,0.10820997677719557,2,40mm,0.8479117
SubNetW4CleanAuxExDnRcK5AcQdEma,minbias,0,test,8.677137,10.344279289245605,0.1921304045726404,2,40mm,0.8026892
SubNetW4CleanAuxExDnRcK5AcQdEma,minbias,0,test,12.347523,12.363066673278809,0.0012588709505507722,3,60mm,2.029846
SubNetW4CleanAuxExDnRcK5AcQdEma,minbias,0,test,21.55137,22.005325317382812,0.02106384343920431,3,60mm,3.2382174
SubNetW4CleanAuxExDnRcK5AcQdEma,minbias,0,test,12.571858,12.778164863586426,0.01641017985216675,3,60mm,1.8909016
SubNetW4CleanAuxExDnRcK5AcQdEma,minbias,0,test,36.577858,35.25265121459961,-0.03622975291870634,2,40mm,3.2727613
SubNetW4CleanAuxExDnRcK5AcQdEma,minbias,0,test,25.741138,25.7187557220459,-0.0008695317125292368,3,60mm,3.7108936
SubNetW4CleanAuxExDnRcK5AcQdEma,minbias,0,test,79.83989,73.14894104003906,-0.08380458096849486,0,15mm,1.9463158
SubNetW4CleanAuxExDnRcK5AcQdEma,minbias,0,test,4.3280616,3.4243600368499756,-0.20880052812709782,3,60mm,0.534549
SubNetW4CleanAuxExDnRcK5AcQdEma,minbias,0,test,61.69399,62.064300537109375,0.006002395764370672,1,30mm,3.6402378
SubNetW4CleanAuxExDnRcK5AcQdEma,minbias,0,test,69.819824,81.9262466430664,0.17339520057206403,0,15mm,2.5387871
SubNetW4CleanAuxExDnRcK5AcQdEma,minbias,0,test,22.337027,22.48198890686035,0.006489776522741186,3,60mm,4.4483232
SubNetW4CleanAuxExDnRcK5AcQdEma,minbias,0,test,38.497547,38.83339309692383,0.008723827156053243,1,30mm,2.0336072
SubNetW4CleanAuxExDnRcK5AcQdEma,minbias,0,test,13.420916,13.480284690856934,0.004423624212579469,4,120mm,3.086064
SubNetW4CleanAuxExDnRcK5AcQdEma,minbias,0,test,17.279747,17.66014289855957,0.022013973299377376,1,30mm,1.0254188
SubNetW4CleanAuxExDnRcK5AcQdEma,minbias,0,test,29.508268,29.07578468322754,-0.014656355563576362,1,30mm,2.6169047
SubNetW4CleanAuxExDnRcK5AcQdEma,minbias,0,test,17.811548,15.368773460388184,-0.1371455608846972,2,40mm,2.1235611
SubNetW4CleanAuxExDnRcK5AcQdEma,minbias,0,test,34.841324,35.08719253540039,0.007056812304317983,2,40mm,2.7028737
SubNetW4CleanAuxExDnRcK5AcQdEma,minbias,0,test,49.855354,48.866294860839844,-0.019838580267837247,0,15mm,1.4101484
SubNetW4CleanAuxExDnRcK5AcQdEma,minbias,0,test,59.414764,63.04534149169922,0.061105638031273335,1,30mm,3.4713728
SubNetW4CleanAuxExDnRcK5AcQdEma,minbias,0,test,16.566946,17.389368057250977,0.04964234362297959,1,30mm,1.15829
SubNetW4CleanAuxExDnRcK5AcQdEma,minbias,0,test,61.555218,63.932193756103516,0.038615345706530135,0,15mm,2.4916923
SubNetW4CleanAuxExDnRcK5AcQdEma,minbias,0,test,10.510901,10.356788635253906,-0.01466218825985155,3,60mm,1.8486362
SubNetW4CleanAuxExDnRcK5AcQdEma,minbias,0,test,46.976677,54.000221252441406,0.14951130579876626,1,30mm,2.3678885
SubNetW4CleanAuxExDnRcK5AcQdEma,minbias,0,test,25.83322,25.712358474731445,-0.004678513002797424,1,30mm,1.7593503
SubNetW4CleanAuxExDnRcK5AcQdEma,minbias,0,test,10.6965685,10.903642654418945,0.019358934181157306,3,60mm,2.2452679
SubNetW4CleanAuxExDnRcK5AcQdEma,minbias,0,test,13.735275,13.571825981140137,-0.011899964450566847,2,40mm,2.4801395
SubNetW4CleanAuxExDnRcK5AcQdEma,minbias,0,test,7.709399,7.716854095458984,0.0009669848344071585,2,40mm,0.99945307
SubNetW4CleanAuxExDnRcK5AcQdEma,minbias,0,test,4.961679,4.651451110839844,-0.06252477681049107,3,60mm,0.8277726
SubNetW4CleanAuxExDnRcK5AcQdEma,minbias,0,test,6.1249733,5.929886341094971,-0.03185107045543012,3,60mm,0.78019506
SubNetW4CleanAuxExDnRcK5AcQdEma,minbias,0,test,26.43632,25.973133087158203,-0.017520830259494025,2,40mm,2.8030338
SubNetW4CleanAuxExDnRcK5AcQdEma,minbias,0,test,3.8714535,3.7214574813842773,-0.03874411544290435,3,60mm,0.7134719
SubNetW4CleanAuxExDnRcK5AcQdEma,minbias,0,test,31.988543,31.80815887451172,-0.005639009089923097,3,60mm,4.6437654
SubNetW4CleanAuxExDnRcK5AcQdEma,minbias,0,test,14.473727,13.520203590393066,-0.0658796190475689,3,60mm,2.6012805
SubNetW4CleanAuxExDnRcK5AcQdEma,minbias,0,test,38.216232,41.4964485168457,0.0858330614935523,1,30mm,2.3508992
SubNetW4CleanAuxExDnRcK5AcQdEma,minbias,0,test,66.377266,62.638858795166016,-0.05632059535176259,1,30mm,3.5531883
SubNetW4CleanAuxExDnRcK5AcQdEma,minbias,0,test,7.9960947,7.931143760681152,-0.00812283313294404,4,120mm,1.9195671
SubNetW4CleanAuxExDnRcK5AcQdEma,minbias,0,test,32.192387,35.84342575073242,0.11341312360018163,2,40mm,4.4836645
SubNetW4CleanAuxExDnRcK5AcQdEma,minbias,0,test,99.6341,99.55046081542969,-0.0008394821720496548,0,15mm,3.2466667
SubNetW4CleanAuxExDnRcK5AcQdEma,minbias,0,test,27.675365,25.654287338256836,-0.07302805498770426,1,30mm,1.4068224
SubNetW4CleanAuxExDnRcK5AcQdEma,minbias,0,test,58.612503,57.008209228515625,-0.02737118771101643,2,40mm,3.67772
SubNetW4CleanAuxExDnRcK5AcQdEma,minbias,0,test,48.13005,46.36079406738281,-0.036759915428417056,1,30mm,3.6776154
SubNetW4CleanAuxExDnRcK5AcQdEma,minbias,0,test,68.06599,68.038330078125,-0.00040631975739624515,1,30mm,3.8770864
SubNetW4CleanAuxExDnRcK5AcQdEma,minbias,0,test,56.76643,53.856834411621094,-0.05125556591404368,0,15mm,2.5672414
SubNetW4CleanAuxExDnRcK5AcQdEma,minbias,0,test,28.175634,28.319250106811523,0.005097160216453345,2,40mm,4.9085865
SubNetW4CleanAuxExDnRcK5AcQdEma,minbias,0,test,50.482418,50.38359451293945,-0.0019575834748096765,1,30mm,3.154981
SubNetW4CleanAuxExDnRcK5AcQdEma,minbias,0,test,5.3936224,4.38181734085083,-0.18759286112246165,1,30mm,0.56743985
SubNetW4CleanAuxExDnRcK5AcQdEma,minbias,0,test,12.436921,11.912853240966797,-0.042138072090322165,3,60mm,1.8697969
SubNetW4CleanAuxExDnRcK5AcQdEma,minbias,0,test,20.535473,19.930803298950195,-0.029445125259810467,3,60mm,3.6259239
SubNetW4CleanAuxExDnRcK5AcQdEma,minbias,0,test,46.09831,46.817413330078125,0.015599374234291474,1,30mm,2.6046333
SubNetW4CleanAuxExDnRcK5AcQdEma,minbias,0,test,30.87907,30.933757781982422,0.0017710215851902689,2,40mm,3.455172
SubNetW4CleanAuxExDnRcK5AcQdEma,minbias,0,test,16.972773,16.888288497924805,-0.004977625184846013,3,60mm,2.3313105
SubNetW4CleanAuxExDnRcK5AcQdEma,minbias,0,test,14.540165,14.4193115234375,-0.008311695534992114,3,60mm,2.4744494
SubNetW4CleanAuxExDnRcK5AcQdEma,minbias,0,test,57.013073,57.107486724853516,0.001656001902896831,0,15mm,1.6964796
SubNetW4CleanAuxExDnRcK5AcQdEma,minbias,0,test,5.4066353,5.563289165496826,0.028974375527845986,3,60mm,0.9618029
SubNetW4CleanAuxExDnRcK5AcQdEma,minbias,0,test,35.340378,33.311378479003906,-0.057413062748184696,2,40mm,2.518531
SubNetW4CleanAuxExDnRcK5AcQdEma,minbias,0,test,25.995394,29.23886489868164,0.12477099506327383,2,40mm,2.7968051
SubNetW4CleanAuxExDnRcK5AcQdEma,minbias,0,test,21.270779,21.113853454589844,-0.007377501498832428,2,40mm,4.5514393
SubNetW4CleanAuxExDnRcK5AcQdEma,minbias,0,test,94.03331,91.89441680908203,-0.022746121867721736,1,30mm,3.9419549
SubNetW4CleanAuxExDnRcK5AcQdEma,minbias,0,test,28.127327,26.778587341308594,-0.04795121931372326,2,40mm,3.2183862
SubNetW4CleanAuxExDnRcK5AcQdEma,minbias,0,test,23.63704,23.37303924560547,-0.011168908969663827,2,40mm,4.663345
SubNetW4CleanAuxExDnRcK5AcQdEma,minbias,0,test,8.847037,8.823549270629883,-0.002654905128292695,3,60mm,1.6067393
SubNetW4CleanAuxExDnRcK5AcQdEma,minbias,0,test,30.47545,18.37622833251953,-0.397015367401237,0,15mm,1.3122005
SubNetW4CleanAuxExDnRcK5AcQdEma,minbias,0,test,31.251495,31.388134002685547,0.00437222730552933,2,40mm,4.045292
SubNetW4CleanAuxExDnRcK5AcQdEma,minbias,0,test,20.54204,20.740713119506836,0.009671544283652356,2,40mm,2.16686
SubNetW4CleanAuxExDnRcK5AcQdEma,minbias,0,test,7.199652,7.311881065368652,0.015588096112496563,4,120mm,1.5516558
SubNetW4CleanAuxExDnRcK5AcQdEma,minbias,0,test,65.844574,66.41031646728516,0.008592089803693526,2,40mm,4.510202
SubNetW4CleanAuxExDnRcK5AcQdEma,minbias,0,test,68.63261,68.69112396240234,0.0008526188794719669,1,30mm,3.70611
SubNetW4CleanAuxExDnRcK5AcQdEma,minbias,0,test,20.241508,21.145055770874023,0.04463833748885726,2,40mm,2.4108396
SubNetW4CleanAuxExDnRcK5AcQdEma,minbias,0,test,23.630194,23.93846321105957,0.013045576541240944,3,60mm,2.8678586
SubNetW4CleanAuxExDnRcK5AcQdEma,minbias,0,test,7.602202,7.781346797943115,0.023564864595831736,2,40mm,1.1597983
SubNetW4CleanAuxExDnRcK5AcQdEma,minbias,0,test,21.376652,22.536340713500977,0.054250261565402136,1,30mm,1.0149331
SubNetW4CleanAuxExDnRcK5AcQdEma,minbias,0,test,7.4511676,6.128569602966309,-0.17750211167363394,2,40mm,0.71884227
SubNetW4CleanAuxExDnRcK5AcQdEma,minbias,0,test,52.046616,49.74435806274414,-0.044234529205696815,0,15mm,2.846128
SubNetW4CleanAuxExDnRcK5AcQdEma,minbias,0,test,51.64945,51.53593444824219,-0.002197776550594943,0,15mm,1.2272022
SubNetW4CleanAuxExDnRcK5AcQdEma,minbias,0,test,26.045534,27.726818084716797,0.06455171708752339,3,60mm,4.658802
SubNetW4CleanAuxExDnRcK5AcQdEma,minbias,0,test,92.34289,94.15531158447266,0.01962710662071765,1,30mm,3.5861144
SubNetW4CleanAuxExDnRcK5AcQdEma,minbias,0,test,18.785656,18.940475463867188,0.008241367175498615,3,60mm,2.237861
SubNetW4CleanAuxExDnRcK5AcQdEma,minbias,0,test,50.56888,51.259681701660156,0.013660645693136075,2,40mm,3.7742753
SubNetW4CleanAuxExDnRcK5AcQdEma,minbias,0,test,34.25536,33.554203033447266,-0.020468522980985115,3,60mm,4.572673
SubNetW4CleanAuxExDnRcK5AcQdEma,minbias,0,test,91.09803,92.0373764038086,0.010311378989700692,0,15mm,3.5999553
SubNetW4CleanAuxExDnRcK5AcQdEma,minbias,0,test,34.35606,34.96946716308594,0.017854408640236352,1,30mm,2.0636735
SubNetW4CleanAuxExDnRcK5AcQdEma,minbias,0,test,26.717749,26.933412551879883,0.008071934233760514,2,40mm,3.0420115
SubNetW4CleanAuxExDnRcK5AcQdEma,minbias,0,test,8.142126,8.798567771911621,0.0806228842216079,2,40mm,1.0352732
SubNetW4CleanAuxExDnRcK5AcQdEma,minbias,0,test,15.313037,15.518964767456055,0.013447877773039796,3,60mm,1.8303094
SubNetW4CleanAuxExDnRcK5AcQdEma,minbias,0,test,9.15245,8.705568313598633,-0.04882641406375443,3,60mm,1.0872123
SubNetW4CleanAuxExDnRcK5AcQdEma,minbias,0,test,33.054047,30.13755989074707,-0.08823387867400967,1,30mm,1.8424172
SubNetW4CleanAuxExDnRcK5AcQdEma,minbias,0,test,12.290202,11.403459548950195,-0.07215036674731246,4,120mm,2.6217055
SubNetW4CleanAuxExDnRcK5AcQdEma,minbias,0,test,7.352565,7.013793468475342,-0.04607526106969084,3,60mm,1.0374831
SubNetW4CleanAuxExDnRcK5AcQdEma,minbias,0,test,10.418442,10.412007331848145,-0.000617601053336081,4,120mm,2.1859713
SubNetW4CleanAuxExDnRcK5AcQdEma,minbias,0,test,72.941635,68.48605346679688,-0.06108420323983643,1,30mm,3.5900185
SubNetW4CleanAuxExDnRcK5AcQdEma,minbias,0,test,7.2281537,5.1796555519104,-0.2834054500114358,3,60mm,1.5324407
SubNetW4CleanAuxExDnRcK5AcQdEma,minbias,0,test,25.727673,24.76837921142578,-0.03728644177241558,2,40mm,1.6805084
SubNetW4CleanAuxExDnRcK5AcQdEma,minbias,0,test,49.483612,47.344703674316406,-0.043224580768545295,1,30mm,4.218745
SubNetW4CleanAuxExDnRcK5AcQdEma,minbias,0,test,41.05296,39.942386627197266,-0.02705219867295272,2,40mm,4.858269
SubNetW4CleanAuxExDnRcK5AcQdEma,minbias,0,test,54.392483,45.905433654785156,-0.15603349346288642,1,30mm,3.107966
SubNetW4CleanAuxExDnRcK5AcQdEma,minbias,0,test,10.303185,10.027527809143066,-0.026754604660840786,3,60mm,1.2386436
SubNetW4CleanAuxExDnRcK5AcQdEma,minbias,0,test,36.216843,34.977806091308594,-0.03421161176267862,1,30mm,2.11406
SubNetW4CleanAuxExDnRcK5AcQdEma,minbias,0,test,28.071947,27.771554946899414,-0.010700794990550544,0,15mm,1.354437
SubNetW4CleanAuxExDnRcK5AcQdEma,minbias,0,test,23.312792,23.39690589904785,0.0036080652776733224,3,60mm,3.5606792
SubNetW4CleanAuxExDnRcK5AcQdEma,minbias,0,test,19.457949,20.9385986328125,0.07609486344698535,1,30mm,1.1785431
SubNetW4CleanAuxExDnRcK5AcQdEma,minbias,0,test,28.490637,29.311304092407227,0.02880480600943991,2,40mm,2.5252132
SubNetW4CleanAuxExDnRcK5AcQdEma,minbias,0,test,3.2280004,4.721031188964844,0.46252496913595054,2,40mm,0.5521373
SubNetW4CleanAuxExDnRcK5AcQdEma,minbias,0,test,77.57153,76.83000183105469,-0.009559323394170538,0,15mm,1.9581918
SubNetW4CleanAuxExDnRcK5AcQdEma,minbias,0,test,35.4317,34.21037292480469,-0.03446994296424022,0,15mm,0.85351384
SubNetW4CleanAuxExDnRcK5AcQdEma,minbias,0,test,23.933321,22.62088966369629,-0.054836992137283214,3,60mm,3.715701
SubNetW4CleanAuxExDnRcK5AcQdEma,minbias,0,test,22.538988,23.797163009643555,0.055822155365174986,2,40mm,2.4144368
SubNetW4CleanAuxExDnRcK5AcQdEma,minbias,0,test,14.43567,13.855052947998047,-0.040220991131802,4,120mm,3.433012
SubNetW4CleanAuxExDnRcK5AcQdEma,minbias,0,test,35.245777,35.06806945800781,-0.00504195641546068,3,60mm,4.5889363
SubNetW4CleanAuxExDnRcK5AcQdEma,minbias,0,test,17.96773,17.744625091552734,-0.01241695430011791,3,60mm,3.314638
SubNetW4CleanAuxExDnRcK5AcQdEma,minbias,0,test,63.11744,62.04651641845703,-0.016967146702213887,1,30mm,4.017851
SubNetW4CleanAuxExDnRcK5AcQdEma,minbias,0,test,45.80383,45.414283752441406,-0.008504647919968633,2,40mm,3.9977355
SubNetW4CleanAuxExDnRcK5AcQdEma,minbias,0,test,5.626511,5.397200107574463,-0.04075544959006827,3,60mm,0.61518455
SubNetW4CleanAuxExDnRcK5AcQdEma,minbias,0,test,77.834915,77.30453491210938,-0.006814168781779428,1,30mm,3.5046399
SubNetW4CleanAuxExDnRcK5AcQdEma,minbias,0,test,62.55918,63.54768753051758,0.015801138984972374,1,30mm,4.028726
SubNetW4CleanAuxExDnRcK5AcQdEma,minbias,0,test,48.951534,47.78300857543945,-0.023871073975454737,1,30mm,2.278446
SubNetW4CleanAuxExDnRcK5AcQdEma,minbias,0,test,13.540304,12.817338943481445,-0.053393574520648523,3,60mm,2.9010892
SubNetW4CleanAuxExDnRcK5AcQdEma,minbias,0,test,9.860206,9.260184288024902,-0.060852824330761446,4,120mm,2.0049782
SubNetW4CleanAuxExDnRcK5AcQdEma,minbias,0,test,17.170715,16.986562728881836,-0.010724806718208524,4,120mm,3.9119253
SubNetW4CleanAuxExDnRcK5AcQdEma,minbias,0,test,36.98085,35.44969177246094,-0.04140408990512778,1,30mm,3.3582487
SubNetW4CleanAuxExDnRcK5AcQdEma,minbias,0,test,60.662712,60.730194091796875,0.0011124130836883683,0,15mm,2.1225777
SubNetW4CleanAuxExDnRcK5AcQdEma,minbias,0,test,16.615574,17.350229263305664,0.04421486645117767,3,60mm,3.5560699
SubNetW4CleanAuxExDnRcK5AcQdEma,minbias,0,test,5.420067,5.760204315185547,0.06275521910309267,3,60mm,1.2309599
SubNetW4CleanAuxExDnRcK5AcQdEma,minbias,0,test,13.190684,13.566587448120117,0.0284976215410766,4,120mm,2.9003868
SubNetW4CleanAuxExDnRcK5AcQdEma,minbias,0,test,60.27732,60.29656219482422,0.0003192134742007191,0,15mm,2.719363
SubNetW4CleanAuxExDnRcK5AcQdEma,minbias,0,test,3.995661,3.931004047393799,-0.01618179634282846,4,120mm,0.87064695
SubNetW4CleanAuxExDnRcK5AcQdEma,minbias,0,test,47.258183,47.61796569824219,0.007613140272846097,1,30mm,2.06782
SubNetW4CleanAuxExDnRcK5AcQdEma,minbias,0,test,9.9687195,9.62316608428955,-0.034663769879536566,4,120mm,2.2956336
SubNetW4CleanAuxExDnRcK5AcQdEma,minbias,0,test,13.599562,13.594405174255371,-0.0003791678839262236,2,40mm,1.2891754
SubNetW4CleanAuxExDnRcK5AcQdEma,minbias,0,test,23.85643,24.50170135498047,0.02704810819627035,3,60mm,3.5265954
SubNetW4CleanAuxExDnRcK5AcQdEma,minbias,0,test,19.734682,21.289756774902344,0.07879907490892957,3,60mm,3.4518776
SubNetW4CleanAuxExDnRcK5AcQdEma,minbias,0,test,43.047,43.83653259277344,0.01834115481988463,1,30mm,2.1369007
SubNetW4CleanAuxExDnRcK5AcQdEma,minbias,0,test,38.137337,39.19390106201172,0.027704198080435116,0,15mm,1.3334402
SubNetW4CleanAuxExDnRcK5AcQdEma,minbias,0,test,19.52609,19.958986282348633,0.022170114273350583,2,40mm,1.9922433
SubNetW4CleanAuxExDnRcK5AcQdEma,minbias,0,test,5.8610125,5.668819427490234,-0.03279178003152439,2,40mm,0.5516446
SubNetW4CleanAuxExDnRcK5AcQdEma,minbias,0,test,72.94624,71.59625244140625,-0.018506653446582644,0,15mm,2.6384206
SubNetW4CleanAuxExDnRcK5AcQdEma,minbias,0,test,66.04077,66.30013275146484,0.003927290085507407,0,15mm,1.41396
SubNetW4CleanAuxExDnRcK5AcQdEma,minbias,0,test,21.067055,21.28647804260254,0.010415470823354589,4,120mm,4.3704205
SubNetW4CleanAuxExDnRcK5AcQdEma,minbias,0,test,56.667007,55.22727584838867,-0.02540687540744091,1,30mm,4.860048
SubNetW4CleanAuxExDnRcK5AcQdEma,minbias,0,test,21.268814,22.13399314880371,0.04067829350306673,3,60mm,4.2228823
SubNetW4CleanAuxExDnRcK5AcQdEma,minbias,0,test,5.413097,5.8711652755737305,0.08462223730314955,3,60mm,0.71191704
SubNetW4CleanAuxExDnRcK5AcQdEma,minbias,0,test,44.727905,45.28224563598633,0.012393613319469088,2,40mm,4.3306937
SubNetW4CleanAuxExDnRcK5AcQdEma,minbias,0,test,22.48449,21.178552627563477,-0.058081675227097174,3,60mm,3.3836641
SubNetW4CleanAuxExDnRcK5AcQdEma,minbias,0,test,11.96948,11.842655181884766,-0.01059564689696979,3,60mm,2.579443
SubNetW4CleanAuxExDnRcK5AcQdEma,minbias,0,test,34.440018,32.34115982055664,-0.06094241582305482,0,15mm,1.0216738
SubNetW4CleanAuxExDnRcK5AcQdEma,minbias,0,test,5.030834,4.722249507904053,-0.06133867226568335,3,60mm,0.5441747
SubNetW4CleanAuxExDnRcK5AcQdEma,minbias,0,test,36.930412,36.53963088989258,-0.010581560787705002,3,60mm,4.1263866
SubNetW4CleanAuxExDnRcK5AcQdEma,minbias,0,test,17.469421,18.856149673461914,0.0793803215370048,3,60mm,3.2369921
SubNetW4CleanAuxExDnRcK5AcQdEma,minbias,0,test,59.025894,55.07117462158203,-0.0669997396803419,2,40mm,3.4592125
SubNetW4CleanAuxExDnRcK5AcQdEma,minbias,0,test,20.961166,20.8519344329834,-0.005211157950980927,3,60mm,2.129378
SubNetW4CleanAuxExDnRcK5AcQdEma,minbias,0,test,16.677567,17.35944175720215,0.040885774775590855,3,60mm,2.2165623
SubNetW4CleanAuxExDnRcK5AcQdEma,minbias,0,test,14.271487,14.593791007995605,0.022583755052460353,3,60mm,3.2046895
SubNetW4CleanAuxExDnRcK5AcQdEma,minbias,0,test,14.878535,14.145224571228027,-0.04928648459821394,4,120mm,3.4021487
SubNetW4CleanAuxExDnRcK5AcQdEma,minbias,0,test,8.036956,8.994658470153809,0.11916236154173565,3,60mm,1.6027471
SubNetW4CleanAuxExDnRcK5AcQdEma,minbias,0,test,22.96803,24.10194206237793,0.049369105096113364,2,40mm,2.078122
SubNetW4CleanAuxExDnRcK5AcQdEma,minbias,0,test,2.8481834,3.096651554107666,0.08723741638203508,3,60mm,0.509863
SubNetW4CleanAuxExDnRcK5AcQdEma,minbias,0,test,79.44597,78.81066131591797,-0.007996721834773735,1,30mm,4.3295007
SubNetW4CleanAuxExDnRcK5AcQdEma,minbias,0,test,94.548515,92.31407165527344,-0.02363277368229899,0,15mm,2.7780664
SubNetW4CleanAuxExDnRcK5AcQdEma,minbias,0,test,12.793583,11.682472229003906,-0.08684906288790406,3,60mm,2.5820823
SubNetW4CleanAuxExDnRcK5AcQdEma,minbias,0,test,24.330229,23.51506233215332,-0.03350426664310657,2,40mm,3.3569596
SubNetW4CleanAuxExDnRcK5AcQdEma,minbias,0,test,14.120604,13.448508262634277,-0.04759678266191547,1,30mm,0.7394341
SubNetW4CleanAuxExDnRcK5AcQdEma,minbias,0,test,52.7708,17.674299240112305,-0.6650742698059623,1,30mm,2.3838358
SubNetW4CleanAuxExDnRcK5AcQdEma,minbias,0,test,52.75326,55.40867233276367,0.05033642826560025,0,15mm,2.3150318
SubNetW4CleanAuxExDnRcK5AcQdEma,minbias,0,test,66.9985,67.0451431274414,0.0006962263371013133,1,30mm,3.9000568
SubNetW4CleanAuxExDnRcK5AcQdEma,minbias,0,test,5.9634733,6.119012832641602,0.02608203378934304,3,60mm,1.338898
SubNetW4CleanAuxExDnRcK5AcQdEma,minbias,0,test,9.598437,9.199433326721191,-0.0415696815729365,3,60mm,1.3642206
SubNetW4CleanAuxExDnRcK5AcQdEma,minbias,0,test,50.75563,49.75395584106445,-0.01973524202865573,2,40mm,3.7275586
SubNetW4CleanAuxExDnRcK5AcQdEma,minbias,0,test,10.673602,11.368760108947754,0.06512871643285711,3,60mm,1.6387466
SubNetW4CleanAuxExDnRcK5AcQdEma,minbias,0,test,21.597683,21.616641998291016,0.0008778277490006925,3,60mm,3.7908034
SubNetW4CleanAuxExDnRcK5AcQdEma,minbias,0,test,73.75301,75.43848419189453,0.022852904559915732,0,15mm,4.089319
SubNetW4CleanAuxExDnRcK5AcQdEma,minbias,0,test,7.7330265,7.872289657592773,0.018008880868936927,3,60mm,1.7083684
SubNetW4CleanAuxExDnRcK5AcQdEma,minbias,0,test,21.727573,21.330154418945312,-0.018290996818155603,4,120mm,4.9454684
SubNetW4CleanAuxExDnRcK5AcQdEma,minbias,0,test,15.999084,16.998897552490234,0.062491893304441604,3,60mm,3.0697327
SubNetW4CleanAuxExDnRcK5AcQdEma,minbias,0,test,32.216988,32.32133483886719,0.0032388884481540092,3,60mm,4.0625834
SubNetW4CleanAuxExDnRcK5AcQdEma,minbias,0,test,9.025082,9.252756118774414,0.025226861481458585,4,120mm,2.1635675
SubNetW4CleanAuxExDnRcK5AcQdEma,minbias,0,test,3.396335,5.201208591461182,0.5314180624700382,3,60mm,0.5645702
SubNetW4CleanAuxExDnRcK5AcQdEma,minbias,0,test,45.010963,46.399131774902344,0.03084067144692826,1,30mm,2.7859979
SubNetW4CleanAuxExDnRcK5AcQdEma,minbias,0,test,11.433747,11.321255683898926,-0.009838559904940758,2,40mm,1.2807575
SubNetW4CleanAuxExDnRcK5AcQdEma,minbias,0,test,2.6463232,2.712939977645874,0.025173332381937863,3,60mm,0.60541886
SubNetW4CleanAuxExDnRcK5AcQdEma,minbias,0,test,48.582493,47.2287712097168,-0.02786439187949319,2,40mm,4.319332
SubNetW4CleanAuxExDnRcK5AcQdEma,minbias,0,test,5.733545,6.126266956329346,0.06849551921284847,3,60mm,0.6296601
SubNetW4CleanAuxExDnRcK5AcQdEma,minbias,0,test,11.278643,11.261110305786133,-0.0015544732792773797,3,60mm,2.5294235
SubNetW4CleanAuxExDnRcK5AcQdEma,minbias,0,test,40.639633,38.275203704833984,-0.058180384244106764,0,15mm,1.8500116
SubNetW4CleanAuxExDnRcK5AcQdEma,minbias,0,test,55.426334,56.12175750732422,0.012546799891890226,0,15mm,2.0495512
SubNetW4CleanAuxExDnRcK5AcQdEma,minbias,0,test,21.271,19.435623168945312,-0.08628540018812547,3,60mm,4.3697805
SubNetW4CleanAuxExDnRcK5AcQdEma,minbias,0,test,95.1075,90.3862533569336,-0.049641141896352714,0,15mm,2.6548517
SubNetW4CleanAuxExDnRcK5AcQdEma,minbias,0,test,18.942934,20.020395278930664,0.05687932189457179,2,40mm,3.0035071
SubNetW4CleanAuxExDnRcK5AcQdEma,minbias,0,test,19.315025,19.539127349853516,0.011602470948891552,2,40mm,1.9355067
SubNetW4CleanAuxExDnRcK5AcQdEma,minbias,0,test,7.6833754,7.6137590408325195,-0.009060642556174114,1,30mm,0.6388486
SubNetW4CleanAuxExDnRcK5AcQdEma,minbias,0,test,23.207653,22.014345169067383,-0.0514187227049383,3,60mm,3.5062833
SubNetW4CleanAuxExDnRcK5AcQdEma,minbias,0,test,35.961117,34.3758544921875,-0.04408267707055202,2,40mm,3.1190243
SubNetW4CleanAuxExDnRcK5AcQdEma,minbias,0,test,88.60165,84.55540466308594,-0.04566779426333578,1,30mm,4.118196
SubNetW4CleanAuxExDnRcK5AcQdEma,minbias,0,test,17.238094,16.785961151123047,-0.026228721693930535,3,60mm,2.3511198
SubNetW4CleanAuxExDnRcK5AcQdEma,minbias,0,test,19.892248,19.905790328979492,0.0006807765109475561,2,40mm,2.2454274
SubNetW4CleanAuxExDnRcK5AcQdEma,minbias,0,test,5.1176605,4.781015396118164,-0.06578105852572069,4,120mm,1.1883031
SubNetW4CleanAuxExDnRcK5AcQdEma,minbias,0,test,59.590736,61.7642936706543,0.03647475116433574,0,15mm,2.0669348
SubNetW4CleanAuxExDnRcK5AcQdEma,minbias,0,test,30.886002,30.961484909057617,0.002443933117439734,1,30mm,1.8531731
SubNetW4CleanAuxExDnRcK5AcQdEma,minbias,0,test,42.605957,42.73411560058594,0.0030079964931180037,0,15mm,2.052723
SubNetW4CleanAuxExDnRcK5AcQdEma,minbias,0,test,19.95981,18.915706634521484,-0.05231029799356679,1,30mm,0.9641289
SubNetW4CleanAuxExDnRcK5AcQdEma,minbias,0,test,29.128479,28.559223175048828,-0.019542930091924204,1,30mm,1.1423738
SubNetW4CleanAuxExDnRcK5AcQdEma,minbias,0,test,13.897924,13.712728500366211,-0.013325437469078105,2,40mm,1.0759741
SubNetW4CleanAuxExDnRcK5AcQdEma,minbias,0,test,28.152412,27.953275680541992,-0.007073522903702001,3,60mm,4.9132595
SubNetW4CleanAuxExDnRcK5AcQdEma,minbias,0,test,38.669292,38.2358512878418,-0.011208924049240565,1,30mm,2.4144723
SubNetW4CleanAuxExDnRcK5AcQdEma,minbias,0,test,47.757217,48.93316650390625,0.024623484376243177,1,30mm,1.8025327
SubNetW4CleanAuxExDnRcK5AcQdEma,minbias,0,test,36.919136,34.577911376953125,-0.06341493656315833,2,40mm,2.4796112
SubNetW4CleanAuxExDnRcK5AcQdEma,minbias,0,test,7.375514,7.198850154876709,-0.02395275432333477,3,60mm,1.5727683
SubNetW4CleanAuxExDnRcK5AcQdEma,minbias,0,test,28.256632,28.947139739990234,0.024437020393310416,2,40mm,2.5637648
SubNetW4CleanAuxExDnRcK5AcQdEma,minbias,0,test,21.61928,21.371013641357422,-0.011483556422037133,3,60mm,3.5356164
SubNetW4CleanAuxExDnRcK5AcQdEma,minbias,0,test,13.990147,14.230606079101562,0.01718777139214267,1,30mm,1.327104
SubNetW4CleanAuxExDnRcK5AcQdEma,minbias,0,test,23.730867,24.37903594970703,0.02731331111094848,3,60mm,4.0957975
SubNetW4CleanAuxExDnRcK5AcQdEma,minbias,0,test,6.3403115,6.43667459487915,0.015198475218884955,3,60mm,0.8964844
SubNetW4CleanAuxExDnRcK5AcQdEma,minbias,0,test,60.08165,53.34897994995117,-0.11205867107418876,0,15mm,1.477512
SubNetW4CleanAuxExDnRcK5AcQdEma,minbias,0,test,14.526628,14.872401237487793,0.023802750909204473,3,60mm,2.0624814
SubNetW4CleanAuxExDnRcK5AcQdEma,minbias,0,test,7.841166,7.410574436187744,-0.05491422859615991,2,40mm,1.3172219
SubNetW4CleanAuxExDnRcK5AcQdEma,minbias,0,test,31.266703,30.322404861450195,-0.03020138711261322,2,40mm,2.2446735
SubNetW4CleanAuxExDnRcK5AcQdEma,minbias,0,test,75.20755,46.04740905761719,-0.3877289045086413,2,40mm,4.9741693
SubNetW4CleanAuxExDnRcK5AcQdEma,minbias,0,test,29.107796,29.308155059814453,0.006883356831341336,3,60mm,3.2602284
SubNetW4CleanAuxExDnRcK5AcQdEma,minbias,0,test,54.214188,53.55289840698242,-0.01219771510176948,2,40mm,4.555123
SubNetW4CleanAuxExDnRcK5AcQdEma,minbias,0,test,3.7091444,3.7590417861938477,0.013452545268359595,3,60mm,0.7217044
SubNetW4CleanAuxExDnRcK5AcQdEma,minbias,0,test,28.59161,29.72896957397461,0.039779488491110016,3,60mm,3.7087624
SubNetW4CleanAuxExDnRcK5AcQdEma,minbias,0,test,29.493591,29.505271911621094,0.0003960386819334971,3,60mm,3.7889533
SubNetW4CleanAuxExDnRcK5AcQdEma,minbias,0,test,17.298069,16.755706787109375,-0.031353916620815325,4,120mm,3.8181124
SubNetW4CleanAuxExDnRcK5AcQdEma,minbias,0,test,27.131487,27.68398094177246,0.020363574294961273,3,60mm,4.798753
SubNetW4CleanAuxExDnRcK5AcQdEma,minbias,0,test,10.7356,11.4573974609375,0.06723396528748582,2,40mm,0.98866576
SubNetW4CleanAuxExDnRcK5AcQdEma,minbias,0,test,19.006634,21.735492706298828,0.14357402696451071,3,60mm,3.7498295
SubNetW4CleanAuxExDnRcK5AcQdEma,minbias,0,test,30.628391,29.165830612182617,-0.047751794764236744,1,30mm,3.0330856
SubNetW4CleanAuxExDnRcK5AcQdEma,minbias,0,test,30.352825,30.170400619506836,-0.006010133959446828,3,60mm,4.1409755
SubNetW4CleanAuxExDnRcK5AcQdEma,minbias,0,test,33.274067,39.69783401489258,0.19305626523843755,0,15mm,1.1613042
SubNetW4CleanAuxExDnRcK5AcQdEma,minbias,0,test,6.540263,6.44634485244751,-0.014360022064860978,3,60mm,0.90909696
SubNetW4CleanAuxExDnRcK5AcQdEma,minbias,0,test,96.56085,93.11647033691406,-0.03567058120050337,1,30mm,4.3829136
SubNetW4CleanAuxExDnRcK5AcQdEma,minbias,0,test,21.169294,20.83522605895996,-0.015780795179157536,3,60mm,4.455931
SubNetW4CleanAuxExDnRcK5AcQdEma,minbias,0,test,15.032612,17.07221794128418,0.13567875729976508,3,60mm,2.6341834
SubNetW4CleanAuxExDnRcK5AcQdEma,minbias,0,test,4.692864,4.58368444442749,-0.023265003659447725,3,60mm,0.75338453
SubNetW4CleanAuxExDnRcK5AcQdEma,minbias,0,test,4.9698477,4.580389022827148,-0.07836430439223663,3,60mm,1.1984481
SubNetW4CleanAuxExDnRcK5AcQdEma,minbias,0,test,21.31551,19.787038803100586,-0.07170698743121762,4,120mm,4.5574083
SubNetW4CleanAuxExDnRcK5AcQdEma,minbias,0,test,17.742067,21.700233459472656,0.22309497801160671,2,40mm,2.5634513
SubNetW4CleanAuxExDnRcK5AcQdEma,minbias,0,test,33.43719,30.649948120117188,-0.08335756698613261,2,40mm,3.062424
SubNetW4CleanAuxExDnRcK5AcQdEma,minbias,0,test,66.82337,64.66363525390625,-0.03232007862378239,0,15mm,1.7736512
SubNetW4CleanAuxExDnRcK5AcQdEma,minbias,0,test,13.977026,13.43845272064209,-0.03853275121803568,3,60mm,2.173657
SubNetW4CleanAuxExDnRcK5AcQdEma,minbias,0,test,89.31505,87.31747436523438,-0.02236547919302978,0,15mm,4.756284
SubNetW4CleanAuxExDnRcK5AcQdEma,minbias,0,test,16.616753,15.847528457641602,-0.046292087524695935,3,60mm,2.2376728
SubNetW4CleanAuxExDnRcK5AcQdEma,minbias,0,test,97.36074,92.04496765136719,-0.054598732241869063,1,30mm,4.4402647
SubNetW4CleanAuxExDnRcK5AcQdEma,minbias,0,test,25.082836,25.062204360961914,-0.0008225461441770943,3,60mm,3.555897
SubNetW4CleanAuxExDnRcK5AcQdEma,minbias,0,test,39.598503,39.19450378417969,-0.010202388899967385,2,40mm,3.0049205
SubNetW4CleanAuxExDnRcK5AcQdEma,minbias,0,test,20.167557,19.959115982055664,-0.010335450302299876,2,40mm,2.4321675
SubNetW4CleanAuxExDnRcK5AcQdEma,minbias,0,test,24.715229,24.37326431274414,-0.013836194728496842,4,120mm,4.884702
SubNetW4CleanAuxExDnRcK5AcQdEma,minbias,0,test,5.8647165,6.0013427734375,0.023296308166985247,3,60mm,0.9202037
SubNetW4CleanAuxExDnRcK5AcQdEma,minbias,0,test,24.468704,26.2260684967041,0.07182089648106338,3,60mm,2.7594442
SubNetW4CleanAuxExDnRcK5AcQdEma,minbias,0,test,11.876431,11.932302474975586,0.004704360058878976,3,60mm,2.0246477
SubNetW4CleanAuxExDnRcK5AcQdEma,minbias,0,test,18.025131,17.794578552246094,-0.012790623849250227,4,120mm,4.2676177
SubNetW4CleanAuxExDnRcK5AcQdEma,minbias,0,test,26.684793,29.738121032714844,0.11442200456209006,2,40mm,2.4500756
SubNetW4CleanAuxExDnRcK5AcQdEma,minbias,0,test,25.454441,26.0769100189209,0.024454237539093926,1,30mm,1.5662502
SubNetW4CleanAuxExDnRcK5AcQdEma,minbias,0,test,11.647536,11.977795600891113,0.028354436100826552,3,60mm,1.8460267
SubNetW4CleanAuxExDnRcK5AcQdEma,minbias,0,test,3.9095569,3.742344617843628,-0.042770128071511704,3,60mm,0.5847809
SubNetW4CleanAuxExDnRcK5AcQdEma,minbias,0,test,66.70061,65.20657348632812,-0.022399103605776904,1,30mm,4.485908
SubNetW4CleanAuxExDnRcK5AcQdEma,minbias,0,test,16.761734,16.21029281616211,-0.032898815381380175,2,40mm,1.5577012
SubNetW4CleanAuxExDnRcK5AcQdEma,minbias,0,test,92.342636,89.74758911132812,-0.028102370762126183,0,15mm,4.2960887
SubNetW4CleanAuxExDnRcK5AcQdEma,minbias,0,test,10.667912,9.495097160339355,-0.10993851663973442,3,60mm,1.8626969
SubNetW4CleanAuxExDnRcK5AcQdEma,minbias,0,test,51.88036,50.6176643371582,-0.024338599829045737,2,40mm,4.20818
SubNetW4CleanAuxExDnRcK5AcQdEma,minbias,0,test,37.21142,37.1546516418457,-0.001525513211512286,3,60mm,4.714801
SubNetW4CleanAuxExDnRcK5AcQdEma,minbias,0,test,54.02653,54.35877227783203,0.006149590781608483,2,40mm,4.9893994
SubNetW4CleanAuxExDnRcK5AcQdEma,minbias,0,test,70.811554,71.64010620117188,0.01170080586876221,1,30mm,3.844313
SubNetW4CleanAuxExDnRcK5AcQdEma,minbias,0,test,80.687775,61.65873336791992,-0.23583549516504876,0,15mm,3.0369887
SubNetW4CleanAuxExDnRcK5AcQdEma,minbias,0,test,17.16831,25.092187881469727,0.46154092276544123,0,15mm,0.7220845
SubNetW4CleanAuxExDnRcK5AcQdEma,minbias,0,test,20.14011,19.636898040771484,-0.024985562377820014,3,60mm,3.2449245
SubNetW4CleanAuxExDnRcK5AcQdEma,minbias,0,test,23.864128,24.619171142578125,0.031639246412710875,2,40mm,1.4481244
SubNetW4CleanAuxExDnRcK5AcQdEma,minbias,0,test,52.40997,56.39923095703125,0.07611646559248042,0,15mm,1.5144033
SubNetW4CleanAuxExDnRcK5AcQdEma,minbias,0,test,19.731825,19.292295455932617,-0.022275153045013596,3,60mm,2.8171067
SubNetW4CleanAuxExDnRcK5AcQdEma,minbias,0,test,5.325447,5.112044334411621,-0.04007226901350536,2,40mm,0.8449238
SubNetW4CleanAuxExDnRcK5AcQdEma,minbias,0,test,47.79131,55.38426208496094,0.15887726932948487,1,30mm,2.9922144
SubNetW4CleanAuxExDnRcK5AcQdEma,minbias,0,test,9.569958,9.548295974731445,-0.0022635166243009097,3,60mm,1.6814165
SubNetW4CleanAuxExDnRcK5AcQdEma,minbias,0,test,20.833271,21.419845581054688,0.028155662819060012,3,60mm,2.7726123
SubNetW4CleanAuxExDnRcK5AcQdEma,minbias,0,test,14.331763,13.712594985961914,-0.04320251946656972,3,60mm,2.984514
SubNetW4CleanAuxExDnRcK5AcQdEma,minbias,0,test,23.085503,23.41990089416504,0.014485206369224235,2,40mm,2.3460371
SubNetW4CleanAuxExDnRcK5AcQdEma,minbias,0,test,22.890453,22.438053131103516,-0.01976370676574568,3,60mm,3.4817452
SubNetW4CleanAuxExDnRcK5AcQdEma,minbias,0,test,68.36621,61.326663970947266,-0.10296821880311968,0,15mm,2.832919
SubNetW4CleanAuxExDnRcK5AcQdEma,minbias,0,test,3.6018388,3.678253650665283,0.021215503302496552,3,60mm,0.53128076
SubNetW4CleanAuxExDnRcK5AcQdEma,minbias,0,test,25.296473,21.531702041625977,-0.14882590845244426,2,40mm,2.1761272
SubNetW4CleanAuxExDnRcK5AcQdEma,minbias,0,test,45.601086,45.60358428955078,5.479314083567388e-05,2,40mm,4.426509
SubNetW4CleanAuxExDnRcK5AcQdEma,minbias,0,test,82.73583,79.85460662841797,-0.03482439843564633,1,30mm,4.247493
SubNetW4CleanAuxExDnRcK5AcQdEma,minbias,0,test,3.7860355,3.710087776184082,-0.020059970589020648,3,60mm,0.59515435
SubNetW4CleanAuxExDnRcK5AcQdEma,minbias,0,test,4.250876,4.144306659698486,-0.02506996003133244,3,60mm,0.62809855
SubNetW4CleanAuxExDnRcK5AcQdEma,minbias,0,test,55.020016,53.08853530883789,-0.03510505009059384,2,40mm,4.2173986
SubNetW4CleanAuxExDnRcK5AcQdEma,minbias,0,test,17.00289,16.86860466003418,-0.007897773616226567,3,60mm,2.0265207
SubNetW4CleanAuxExDnRcK5AcQdEma,minbias,0,test,29.372427,28.205894470214844,-0.03971522397546279,2,40mm,2.486038
SubNetW4CleanAuxExDnRcK5AcQdEma,minbias,0,test,21.102905,20.66916275024414,-0.020553687635574858,3,60mm,3.3014724
SubNetW4CleanAuxExDnRcK5AcQdEma,minbias,0,test,4.562137,4.792544364929199,0.0505042333442558,3,60mm,0.9357686
SubNetW4CleanAuxExDnRcK5AcQdEma,minbias,0,test,9.467609,11.934175491333008,0.2605268109579968,2,40mm,1.1443565
SubNetW4CleanAuxExDnRcK5AcQdEma,minbias,0,test,18.369825,23.34244155883789,0.2706947996169484,4,120mm,4.0951385
SubNetW4CleanAuxExDnRcK5AcQdEma,minbias,0,test,8.648825,8.819218635559082,0.01970139872862897,1,30mm,0.7464945
SubNetW4CleanAuxExDnRcK5AcQdEma,minbias,0,test,11.345666,10.525150299072266,-0.07231974196743607,3,60mm,2.6279626
SubNetW4CleanAuxExDnRcK5AcQdEma,minbias,0,test,14.886781,14.924948692321777,0.0025638822899871627,3,60mm,2.2106097
SubNetW4CleanAuxExDnRcK5AcQdEma,minbias,0,test,36.104607,35.74391555786133,-0.009990167578027065,2,40mm,2.416456
SubNetW4CleanAuxExDnRcK5AcQdEma,minbias,0,test,20.217068,20.945877075195312,0.03604921182622012,0,15mm,0.5779128
SubNetW4CleanAuxExDnRcK5AcQdEma,minbias,0,test,23.75172,25.163084030151367,0.05942153141854223,1,30mm,1.4466093
SubNetW4CleanAuxExDnRcK5AcQdEma,minbias,0,test,3.9845922,4.443299293518066,0.11512021086377322,3,60mm,0.51445764
SubNetW4CleanAuxExDnRcK5AcQdEma,minbias,0,test,17.215385,16.065065383911133,-0.0668193028445061,4,120mm,4.141713
SubNetW4CleanAuxExDnRcK5AcQdEma,minbias,0,test,90.53855,89.68753051757812,-0.009399540863881395,0,15mm,3.228606
SubNetW4CleanAuxExDnRcK5AcQdEma,minbias,0,test,26.119112,25.992958068847656,-0.0048299477352641285,3,60mm,3.9882982
SubNetW4CleanAuxExDnRcK5AcQdEma,minbias,0,test,60.41964,60.4679069519043,0.0007988687921933746,1,30mm,3.535348
SubNetW4CleanAuxExDnRcK5AcQdEma,minbias,0,test,18.870998,19.564836502075195,0.03676743039455466,2,40mm,1.5562067
SubNetW4CleanAuxExDnRcK5AcQdEma,minbias,0,test,18.75205,21.234577178955078,0.1323869510932998,1,30mm,0.87250197
SubNetW4CleanAuxExDnRcK5AcQdEma,minbias,0,test,10.6270275,9.638609886169434,-0.09300979265826137,3,60mm,2.0193453
SubNetW4CleanAuxExDnRcK5AcQdEma,minbias,0,test,22.51215,22.82563591003418,0.013925196033161447,3,60mm,3.686602
SubNetW4CleanAuxExDnRcK5AcQdEma,minbias,0,test,15.658946,16.351106643676758,0.04420224737577261,2,40mm,1.1956397
SubNetW4CleanAuxExDnRcK5AcQdEma,minbias,0,test,43.155445,42.26351547241211,-0.0206678351809666,0,15mm,1.8364673
SubNetW4CleanAuxExDnRcK5AcQdEma,minbias,0,test,61.614475,61.8237190246582,0.0033960164971660323,0,15mm,3.0896273
SubNetW4CleanAuxExDnRcK5AcQdEma,minbias,0,test,32.30952,33.456783294677734,0.03550849865999539,1,30mm,3.0728116
SubNetW4CleanAuxExDnRcK5AcQdEma,minbias,0,test,40.60363,45.0430793762207,0.10933626631647253,2,40mm,2.5937774
SubNetW4CleanAuxExDnRcK5AcQdEma,minbias,0,test,33.986748,34.2135124206543,0.006672150000303079,0,15mm,1.922369
SubNetW4CleanAuxExDnRcK5AcQdEma,minbias,0,test,3.1681666,3.1681783199310303,3.6874671420772387e-06,3,60mm,0.6429641
SubNetW4CleanAuxExDnRcK5AcQdEma,minbias,0,test,22.917156,24.735809326171875,0.07935771302825834,3,60mm,2.5076165
SubNetW4CleanAuxExDnRcK5AcQdEma,minbias,0,test,19.675493,21.09151840209961,0.07196897909724331,0,15mm,0.56510234
SubNetW4CleanAuxExDnRcK5AcQdEma,minbias,0,test,92.39534,91.03813934326172,-0.014689059243254698,0,15mm,2.6950612
SubNetW4CleanAuxExDnRcK5AcQdEma,minbias,0,test,42.27224,43.39811706542969,0.026633965665392445,2,40mm,4.7120214
SubNetW4CleanAuxExDnRcK5AcQdEma,minbias,0,test,27.696026,26.99571990966797,-0.025285430572395518,3,60mm,4.85185
SubNetW4CleanAuxExDnRcK5AcQdEma,minbias,0,test,24.95519,24.348968505859375,-0.024292427215008683,3,60mm,3.6407201
SubNetW4CleanAuxExDnRcK5AcQdEma,minbias,0,test,42.266224,43.047611236572266,0.018487275579956552,1,30mm,3.0960312
SubNetW4CleanAuxExDnRcK5AcQdEma,minbias,0,test,41.2183,40.386741638183594,-0.020174491190758426,2,40mm,3.611904
SubNetW4CleanAuxExDnRcK5AcQdEma,minbias,0,test,26.836859,25.564197540283203,-0.047422137627615935,3,60mm,3.7032938
SubNetW4CleanAuxExDnRcK5AcQdEma,minbias,0,test,75.64527,75.90109252929688,0.0033818535332961197,0,15mm,2.0022802
SubNetW4CleanAuxExDnRcK5AcQdEma,minbias,0,test,32.382946,31.520341873168945,-0.026637605511606544,2,40mm,4.3382874
SubNetW4CleanAuxExDnRcK5AcQdEma,minbias,0,test,26.284845,25.018329620361328,-0.048184256549442694,3,60mm,3.22061
SubNetW4CleanAuxExDnRcK5AcQdEma,minbias,0,test,7.099432,7.338136672973633,0.03362306754676814,2,40mm,0.98163676
SubNetW4CleanAuxExDnRcK5AcQdEma,minbias,0,test,5.430313,5.593929767608643,0.03013024367695949,3,60mm,0.5330156
SubNetW4CleanAuxExDnRcK5AcQdEma,minbias,0,test,72.07058,70.46929168701172,-0.022218328925144748,1,30mm,4.4775105
SubNetW4CleanAuxExDnRcK5AcQdEma,minbias,0,test,11.000607,11.582684516906738,0.05291326238156446,3,60mm,1.5180469
SubNetW4CleanAuxExDnRcK5AcQdEma,minbias,0,test,14.14635,8.270474433898926,-0.41536336310666055,2,40mm,0.9678344
SubNetW4CleanAuxExDnRcK5AcQdEma,minbias,0,test,11.373996,10.615401268005371,-0.06669551559095421,4,120mm,2.4955955
SubNetW4CleanAuxExDnRcK5AcQdEma,minbias,0,test,26.33081,25.279863357543945,-0.039913210702728796,3,60mm,4.500814
SubNetW4CleanAuxExDnRcK5AcQdEma,minbias,0,test,29.738781,29.19870376586914,-0.01816070436513406,3,60mm,4.599121
SubNetW4CleanAuxExDnRcK5AcQdEma,minbias,0,test,72.746284,76.77082061767578,0.05532290977211218,0,15mm,2.2023723
SubNetW4CleanAuxExDnRcK5AcQdEma,minbias,0,test,8.78475,8.180181503295898,-0.06882022624382322,3,60mm,1.9981551
SubNetW4CleanAuxExDnRcK5AcQdEma,minbias,0,test,39.72205,38.37455368041992,-0.033923124371632585,1,30mm,1.8900518
SubNetW4CleanAuxExDnRcK5AcQdEma,minbias,0,test,54.52286,49.591796875,-0.0904403120415318,0,15mm,2.6492372
SubNetW4CleanAuxExDnRcK5AcQdEma,minbias,0,test,44.3808,44.36939239501953,-0.00025700179471488394,2,40mm,3.1148775
SubNetW4CleanAuxExDnRcK5AcQdEma,minbias,0,test,8.957137,10.102967262268066,0.1279237038154586,3,60mm,1.0495157
SubNetW4CleanAuxExDnRcK5AcQdEma,minbias,0,test,32.858517,32.638954162597656,-0.0066820584924206505,1,30mm,2.0299027
SubNetW4CleanAuxExDnRcK5AcQdEma,minbias,0,test,3.2561147,3.0406556129455566,-0.06617061338267505,2,40mm,0.5217369
SubNetW4CleanAuxExDnRcK5AcQdEma,minbias,0,test,26.477255,27.03562355041504,0.0210886168394131,3,60mm,4.3899517
SubNetW4CleanAuxExDnRcK5AcQdEma,minbias,0,test,5.4684606,5.439112663269043,-0.0053667565587708355,3,60mm,0.94327796
SubNetW4CleanAuxExDnRcK5AcQdEma,minbias,0,test,64.2115,64.30180358886719,0.0014063136782898056,2,40mm,4.308261
SubNetW4CleanAuxExDnRcK5AcQdEma,minbias,0,test,56.136093,59.63581466674805,0.06234351789308601,1,30mm,3.7575874
SubNetW4CleanAuxExDnRcK5AcQdEma,minbias,0,test,24.45505,20.68977165222168,-0.15396729662210062,2,40mm,2.0697088
SubNetW4CleanAuxExDnRcK5AcQdEma,minbias,0,test,30.406471,28.914663314819336,-0.04906218565241405,3,60mm,4.5833745
SubNetW4CleanAuxExDnRcK5AcQdEma,minbias,0,test,47.83456,47.74593734741211,-0.0018526990975668012,2,40mm,4.578785
SubNetW4CleanAuxExDnRcK5AcQdEma,minbias,0,test,25.731333,25.446008682250977,-0.011088586010333579,2,40mm,3.802771
SubNetW4CleanAuxExDnRcK5AcQdEma,minbias,0,test,93.21852,91.34291076660156,-0.020120576137278245,1,30mm,3.8264325
SubNetW4CleanAuxExDnRcK5AcQdEma,minbias,0,test,39.03775,39.55311965942383,0.01320182162291883,1,30mm,2.381434
SubNetW4CleanAuxExDnRcK5AcQdEma,minbias,0,test,9.047536,9.08605670928955,0.004257602669919036,3,60mm,1.9253168
SubNetW4CleanAuxExDnRcK5AcQdEma,minbias,0,test,7.412364,7.660952568054199,0.03353701488608385,2,40mm,0.89927554
SubNetW4CleanAuxExDnRcK5AcQdEma,minbias,0,test,40.8508,42.250022888183594,0.03425204262068027,1,30mm,1.9838315
SubNetW4CleanAuxExDnRcK5AcQdEma,minbias,0,test,22.225082,25.745952606201172,0.15841876964840718,2,40mm,2.317886
SubNetW4CleanAuxExDnRcK5AcQdEma,minbias,0,test,10.767997,10.265923500061035,-0.04662643366705155,3,60mm,1.3580003
SubNetW4CleanAuxExDnRcK5AcQdEma,minbias,0,test,14.144859,14.430477142333984,0.020192341403294067,3,60mm,2.9136963
SubNetW4CleanAuxExDnRcK5AcQdEma,minbias,0,test,14.957716,12.932304382324219,-0.1354091498620723,1,30mm,0.6948271
SubNetW4CleanAuxExDnRcK5AcQdEma,minbias,0,test,7.121217,7.110013961791992,-0.001573159833547999,3,60mm,1.0127021
SubNetW4CleanAuxExDnRcK5AcQdEma,minbias,0,test,11.955624,11.988492965698242,0.0027492784998539577,2,40mm,1.4757552
SubNetW4CleanAuxExDnRcK5AcQdEma,minbias,0,test,16.174772,16.008739471435547,-0.010264922957949674,3,60mm,2.5098293
SubNetW4CleanAuxExDnRcK5AcQdEma,minbias,0,test,9.639034,8.621100425720215,-0.10560537672920256,1,30mm,0.95190555
SubNetW4CleanAuxExDnRcK5AcQdEma,minbias,0,test,24.6554,24.08905601501465,-0.022970356313720686,2,40mm,2.6367147
SubNetW4CleanAuxExDnRcK5AcQdEma,minbias,0,test,25.16731,24.824445724487305,-0.013623425805039058,2,40mm,4.007623
SubNetW4CleanAuxExDnRcK5AcQdEma,minbias,0,test,18.785059,19.618240356445312,0.04435340779737107,3,60mm,3.137339
SubNetW4CleanAuxExDnRcK5AcQdEma,minbias,0,test,15.886174,15.906580924987793,0.0012845586837348932,1,30mm,1.114092
SubNetW4CleanAuxExDnRcK5AcQdEma,minbias,0,test,12.419634,12.40967845916748,-0.0008015861253957146,3,60mm,2.1883795
SubNetW4CleanAuxExDnRcK5AcQdEma,minbias,0,test,6.320991,7.16021203994751,0.13276731377355255,1,30mm,0.63915384
SubNetW4CleanAuxExDnRcK5AcQdEma,minbias,0,test,37.687496,38.13686752319336,0.011923618796036317,2,40mm,3.5624702
SubNetW4CleanAuxExDnRcK5AcQdEma,minbias,0,test,7.3406277,8.682358741760254,0.182781518384723,1,30mm,0.51692235
SubNetW4CleanAuxExDnRcK5AcQdEma,minbias,0,test,17.743282,17.04235076904297,-0.03950405209731911,3,60mm,3.0722494
SubNetW4CleanAuxExDnRcK5AcQdEma,minbias,0,test,90.709984,91.27468872070312,0.006225388553753097,1,30mm,4.3235373
SubNetW4CleanAuxExDnRcK5AcQdEma,minbias,0,test,34.56548,35.48698425292969,0.026659690349981613,2,40mm,4.212606
SubNetW4CleanAuxExDnRcK5AcQdEma,minbias,0,test,33.58507,33.51652145385742,-0.002041088694220039,3,60mm,4.594178
SubNetW4CleanAuxExDnRcK5AcQdEma,minbias,0,test,99.68389,84.68428802490234,-0.15047168681333445,0,15mm,2.746823
SubNetW4CleanAuxExDnRcK5AcQdEma,minbias,0,test,10.24821,9.936797142028809,-0.030387044439772914,3,60mm,1.00435
SubNetW4CleanAuxExDnRcK5AcQdEma,minbias,0,test,22.121443,20.383590698242188,-0.078559618044721,2,40mm,3.4490829
SubNetW4CleanAuxExDnRcK5AcQdEma,minbias,0,test,20.004293,18.914581298828125,-0.05447391311851213,0,15mm,0.71682173
SubNetW4CleanAuxExDnRcK5AcQdEma,minbias,0,test,14.577794,15.161351203918457,0.04003055098072239,3,60mm,2.3612592
SubNetW4CleanAuxExDnRcK5AcQdEma,minbias,0,test,4.1136675,3.5455405712127686,-0.13810715584794042,3,60mm,0.6707872
SubNetW4CleanAuxExDnRcK5AcQdEma,minbias,0,test,3.7425792,3.533954381942749,-0.05574360018130253,3,60mm,0.61385894
SubNetW4CleanAuxExDnRcK5AcQdEma,minbias,0,test,56.797604,57.0123405456543,0.0037807394122069127,2,40mm,4.1221757
SubNetW4CleanAuxExDnRcK5AcQdEma,minbias,0,test,61.304302,60.335105895996094,-0.015809597117212193,0,15mm,2.7771442
SubNetW4CleanAuxExDnRcK5AcQdEma,minbias,0,test,17.827093,17.54088592529297,-0.01605461962304522,2,40mm,2.2591069
SubNetW4CleanAuxExDnRcK5AcQdEma,minbias,0,test,10.705242,10.340600967407227,-0.034061928186964074,4,120mm,2.5136209
SubNetW4CleanAuxExDnRcK5AcQdEma,minbias,0,test,12.672081,12.991458892822266,0.025203271611813793,2,40mm,1.3348274
SubNetW4CleanAuxExDnRcK5AcQdEma,minbias,0,test,7.747402,8.92772388458252,0.15235064145332067,3,60mm,1.0049415
SubNetW4CleanAuxExDnRcK5AcQdEma,minbias,0,test,25.12065,25.686086654663086,0.022508865487183227,1,30mm,1.4281765
SubNetW4CleanAuxExDnRcK5AcQdEma,minbias,0,test,4.9523716,4.748322010040283,-0.041202398334045154,3,60mm,0.986778
SubNetW4CleanAuxExDnRcK5AcQdEma,minbias,0,test,13.00434,12.752616882324219,-0.019356867489158658,3,60mm,2.5420551
SubNetW4CleanAuxExDnRcK5AcQdEma,minbias,0,test,48.24864,55.997032165527344,0.16059300964864964,1,30mm,3.5676188
SubNetW4CleanAuxExDnRcK5AcQdEma,minbias,0,test,28.66532,28.59593391418457,-0.002420539171141378,2,40mm,2.9088986
SubNetW4CleanAuxExDnRcK5AcQdEma,minbias,0,test,25.191645,25.747879028320312,0.022080112952489683,3,60mm,2.9864788
SubNetW4CleanAuxExDnRcK5AcQdEma,minbias,0,test,58.939346,58.107234954833984,-0.014118096156290671,1,30mm,2.3791208
SubNetW4CleanAuxExDnRcK5AcQdEma,minbias,0,test,14.373658,13.768722534179688,-0.04208640823871057,1,30mm,0.8665287
SubNetW4CleanAuxExDnRcK5AcQdEma,minbias,0,test,90.023186,82.98684692382812,-0.07816140640987146,1,30mm,4.566579
SubNetW4CleanAuxExDnRcK5AcQdEma,minbias,0,test,62.83227,61.84353256225586,-0.015736165331489915,1,30mm,2.8240526
SubNetW4CleanAuxExDnRcK5AcQdEma,minbias,0,test,35.893246,31.85548973083496,-0.11249347579958724,1,30mm,1.9509925
SubNetW4CleanAuxExDnRcK5AcQdEma,minbias,0,test,17.898819,17.69381332397461,-0.011453585071657058,3,60mm,4.152855
SubNetW4CleanAuxExDnRcK5AcQdEma,minbias,0,test,58.079178,62.69850540161133,0.07953500231328414,2,40mm,4.0580044
SubNetW4CleanAuxExDnRcK5AcQdEma,minbias,0,test,33.05075,32.219444274902344,-0.0251524228375255,1,30mm,2.762061
SubNetW4CleanAuxExDnRcK5AcQdEma,minbias,0,test,29.743492,29.614938735961914,-0.004322067831051601,3,60mm,4.579679
SubNetW4CleanAuxExDnRcK5AcQdEma,minbias,0,test,15.67755,15.540135383605957,-0.008765076780649195,4,120mm,3.5088542
SubNetW4CleanAuxExDnRcK5AcQdEma,minbias,0,test,7.1941657,6.126529216766357,-0.14840309959549314,2,40mm,0.8473029
SubNetW4CleanAuxExDnRcK5AcQdEma,minbias,0,test,47.661964,52.391517639160156,0.0992311852974852,1,30mm,2.478725
SubNetW4CleanAuxExDnRcK5AcQdEma,minbias,0,test,25.45369,25.278871536254883,-0.006868082461050751,3,60mm,4.995636
SubNetW4CleanAuxExDnRcK5AcQdEma,minbias,0,test,7.9120355,8.172541618347168,0.03292530149177875,4,120mm,1.7767825
SubNetW4CleanAuxExDnRcK5AcQdEma,minbias,0,test,35.17351,35.77579116821289,0.01712310307710241,2,40mm,3.2338843
SubNetW4CleanAuxExDnRcK5AcQdEma,minbias,0,test,9.780675,9.723509788513184,-0.005844703587176814,4,120mm,2.189088
SubNetW4CleanAuxExDnRcK5AcQdEma,minbias,0,test,26.158438,26.26935386657715,0.004240166742559337,0,15mm,0.8438828
SubNetW4CleanAuxExDnRcK5AcQdEma,minbias,0,test,18.859678,18.49915313720703,-0.019116186718255657,3,60mm,2.86089
SubNetW4CleanAuxExDnRcK5AcQdEma,minbias,0,test,4.9024315,4.344336986541748,-0.1138403469497169,3,60mm,1.1198663
SubNetW4CleanAuxExDnRcK5AcQdEma,minbias,0,test,23.972296,24.023447036743164,0.002133766250195901,3,60mm,3.939325
SubNetW4CleanAuxExDnRcK5AcQdEma,minbias,0,test,49.93594,46.9484977722168,-0.05982548900122053,1,30mm,2.5604594
SubNetW4CleanAuxExDnRcK5AcQdEma,minbias,0,test,23.459784,22.441038131713867,-0.04342518421003205,2,40mm,3.1006098
SubNetW4CleanAuxExDnRcK5AcQdEma,minbias,0,test,84.405914,82.15803527832031,-0.02663177156228569,0,15mm,4.5455794
SubNetW4CleanAuxExDnRcK5AcQdEma,minbias,0,test,21.923151,21.188249588012695,-0.03352170624005735,2,40mm,3.1120162
SubNetW4CleanAuxExDnRcK5AcQdEma,minbias,0,test,28.40849,27.505142211914062,-0.031798488407927095,2,40mm,2.8724573
SubNetW4CleanAuxExDnRcK5AcQdEma,minbias,0,test,10.769724,10.761757850646973,-0.0007396699901194292,3,60mm,1.4732664
SubNetW4CleanAuxExDnRcK5AcQdEma,minbias,0,test,21.486998,25.12232208251953,0.16918717752405055,1,30mm,1.3961856
SubNetW4CleanAuxExDnRcK5AcQdEma,minbias,0,test,16.695345,16.731794357299805,0.002183209303967537,3,60mm,2.4028528
SubNetW4CleanAuxExDnRcK5AcQdEma,minbias,0,test,15.284932,15.586161613464355,0.01970760970594565,3,60mm,2.4334316
SubNetW4CleanAuxExDnRcK5AcQdEma,minbias,0,test,46.430805,45.368900299072266,-0.022870697643695093,2,40mm,3.8864536
SubNetW4CleanAuxExDnRcK5AcQdEma,minbias,0,test,21.292421,21.2939510345459,7.18421629470889e-05,2,40mm,2.9544587
SubNetW4CleanAuxExDnRcK5AcQdEma,minbias,0,test,27.204561,27.264177322387695,0.002191400491831086,3,60mm,4.248673
SubNetW4CleanAuxExDnRcK5AcQdEma,minbias,0,test,39.923035,39.7762451171875,-0.003676813448728722,2,40mm,3.4596598
SubNetW4CleanAuxExDnRcK5AcQdEma,minbias,0,test,31.346617,34.21476745605469,0.09149793530804273,1,30mm,1.9243603
SubNetW4CleanAuxExDnRcK5AcQdEma,minbias,0,test,19.29618,19.00397300720215,-0.015143292968615607,3,60mm,3.6251824
SubNetW4CleanAuxExDnRcK5AcQdEma,minbias,0,test,19.334465,18.525617599487305,-0.04183448708017934,1,30mm,1.2760594
SubNetW4CleanAuxExDnRcK5AcQdEma,minbias,0,test,8.485502,8.546064376831055,0.007137130137314207,2,40mm,1.512479
SubNetW4CleanAuxExDnRcK5AcQdEma,minbias,0,test,13.21622,13.322280883789062,0.008025061820750246,3,60mm,2.8357935
SubNetW4CleanAuxExDnRcK5AcQdEma,minbias,0,test,18.172142,18.83115577697754,0.03626505599197927,3,60mm,2.5862737
SubNetW4CleanAuxExDnRcK5AcQdEma,minbias,0,test,18.477226,18.399824142456055,-0.004189054882492549,2,40mm,1.8623927
SubNetW4CleanAuxExDnRcK5AcQdEma,minbias,0,test,6.700192,6.559909343719482,-0.020937106198057776,3,60mm,1.0922753
SubNetW4CleanAuxExDnRcK5AcQdEma,minbias,0,test,40.246086,39.399147033691406,-0.02104401119592203,2,40mm,4.94457
SubNetW4CleanAuxExDnRcK5AcQdEma,minbias,0,test,19.964197,19.13575553894043,-0.041496365382633016,2,40mm,1.7640146
SubNetW4CleanAuxExDnRcK5AcQdEma,minbias,0,test,12.958269,12.990777969360352,0.002508733982791833,3,60mm,2.563788
SubNetW4CleanAuxExDnRcK5AcQdEma,minbias,0,test,8.420549,8.065540313720703,-0.0421598475851529,3,60mm,1.1693043
SubNetW4CleanAuxExDnRcK5AcQdEma,minbias,0,test,27.288118,26.111209869384766,-0.04312897200938881,3,60mm,4.2305284
SubNetW4CleanAuxExDnRcK5AcQdEma,minbias,0,test,24.49636,24.082836151123047,-0.01688106373920162,0,15mm,0.6267129
SubNetW4CleanAuxExDnRcK5AcQdEma,minbias,0,test,42.529915,42.652976989746094,0.0028935429145779956,1,30mm,2.7411375
SubNetW4CleanAuxExDnRcK5AcQdEma,minbias,0,test,5.5592737,5.241102695465088,-0.05723248042096152,3,60mm,0.9775963
SubNetW4CleanAuxExDnRcK5AcQdEma,minbias,0,test,6.946834,10.93269157409668,0.5737660402701241,3,60mm,1.0201217
SubNetW4CleanAuxExDnRcK5AcQdEma,minbias,0,test,40.505276,40.78834915161133,0.006988556927882916,2,40mm,2.8956058
SubNetW4CleanAuxExDnRcK5AcQdEma,minbias,0,test,41.39315,44.4730110168457,0.07440508061678575,1,30mm,1.8741145
SubNetW4CleanAuxExDnRcK5AcQdEma,minbias,0,test,15.907641,15.660078048706055,-0.015562543542946394,3,60mm,2.771753
SubNetW4CleanAuxExDnRcK5AcQdEma,minbias,0,test,13.270153,13.195319175720215,-0.005639262009761725,2,40mm,1.0082129
SubNetW4CleanAuxExDnRcK5AcQdEma,minbias,0,test,68.69908,66.81520080566406,-0.027422209675445397,0,15mm,1.9145606
SubNetW4CleanAuxExDnRcK5AcQdEma,minbias,0,test,35.73082,35.829833984375,0.0027711170091238024,2,40mm,3.3351765
SubNetW4CleanAuxExDnRcK5AcQdEma,minbias,0,test,34.225437,35.97881317138672,0.05123020046939408,1,30mm,1.819694
SubNetW4CleanAuxExDnRcK5AcQdEma,minbias,0,test,19.386683,19.37827491760254,-0.0004336787776318962,3,60mm,4.3320847
SubNetW4CleanAuxExDnRcK5AcQdEma,minbias,0,test,47.29657,46.778682708740234,-0.010949781715741347,1,30mm,2.3977356
SubNetW4CleanAuxExDnRcK5AcQdEma,minbias,0,test,60.675545,63.679908752441406,0.04951523759047838,1,30mm,3.0554996
SubNetW4CleanAuxExDnRcK5AcQdEma,minbias,0,test,21.291616,20.796417236328125,-0.02325794309186857,2,40mm,2.9638534
SubNetW4CleanAuxExDnRcK5AcQdEma,minbias,0,test,81.96308,83.77593994140625,0.022117989605387356,1,30mm,4.519081
SubNetW4CleanAuxExDnRcK5AcQdEma,minbias,0,test,25.303026,25.216840744018555,-0.0034061323196397097,2,40mm,3.2342062
SubNetW4CleanAuxExDnRcK5AcQdEma,minbias,0,test,46.16212,47.79518508911133,0.035376716689847765,1,30mm,2.4712365
SubNetW4CleanAuxExDnRcK5AcQdEma,minbias,0,test,21.673128,22.085411071777344,0.019022770561299973,3,60mm,3.8067944
SubNetW4CleanAuxExDnRcK5AcQdEma,minbias,0,test,15.591054,18.3610897064209,0.17766828017779113,1,30mm,1.3750498
SubNetW4CleanAuxExDnRcK5AcQdEma,minbias,0,test,11.511222,12.241125106811523,0.06340797079398675,3,60mm,1.2469145
SubNetW4CleanAuxExDnRcK5AcQdEma,minbias,0,test,4.1622286,3.9990389347076416,-0.039207277129822526,3,60mm,0.784492
SubNetW4CleanAuxExDnRcK5AcQdEma,minbias,0,test,60.83754,59.10021209716797,-0.02855683489217209,1,30mm,2.9150226
SubNetW4CleanAuxExDnRcK5AcQdEma,minbias,0,test,71.06351,78.53006744384766,0.10506884152728091,0,15mm,2.0550542
SubNetW4CleanAuxExDnRcK5AcQdEma,minbias,0,test,38.046097,41.02335739135742,0.07825403497007488,2,40mm,3.851183
SubNetW4CleanAuxExDnRcK5AcQdEma,minbias,0,test,62.574986,64.21275329589844,0.026172883278405612,0,15mm,1.554088
SubNetW4CleanAuxExDnRcK5AcQdEma,minbias,0,test,7.5743146,7.262548446655273,-0.04116097156162846,3,60mm,1.6413971
SubNetW4CleanAuxExDnRcK5AcQdEma,minbias,0,test,21.490993,21.504810333251953,0.0006429127390621403,3,60mm,2.4563453
SubNetW4CleanAuxExDnRcK5AcQdEma,minbias,0,test,8.810755,8.498895645141602,-0.03539527983559676,3,60mm,1.1095691
SubNetW4CleanAuxExDnRcK5AcQdEma,minbias,0,test,68.52384,66.96171569824219,-0.022796826875340237,0,15mm,1.4969256
SubNetW4CleanAuxExDnRcK5AcQdEma,minbias,0,test,53.48153,54.2593879699707,0.014544437027982138,1,30mm,3.0684915
SubNetW4CleanAuxExDnRcK5AcQdEma,minbias,0,test,46.739906,45.552398681640625,-0.025406718222585778,3,60mm,4.82651
SubNetW4CleanAuxExDnRcK5AcQdEma,minbias,0,test,14.146762,14.895666122436523,0.052938208320033375,2,40mm,1.0317104
SubNetW4CleanAuxExDnRcK5AcQdEma,minbias,0,test,94.38913,95.62139892578125,0.013055203409826799,0,15mm,4.753448
SubNetW4CleanAuxExDnRcK5AcQdEma,minbias,0,test,9.859654,9.969500541687012,0.011140970094878355,3,60mm,2.040729
SubNetW4CleanAuxExDnRcK5AcQdEma,minbias,0,test,71.25691,74.87677001953125,0.05080009327836854,1,30mm,4.2466073
SubNetW4CleanAuxExDnRcK5AcQdEma,minbias,0,test,66.35239,66.0347900390625,-0.004786511117703451,1,30mm,3.2133663
SubNetW4CleanAuxExDnRcK5AcQdEma,minbias,0,test,20.534561,21.252225875854492,0.034949113990457414,4,120mm,4.6848264
SubNetW4CleanAuxExDnRcK5AcQdEma,minbias,0,test,54.557106,53.40410614013672,-0.021133816693793772,2,40mm,4.9237742
SubNetW4CleanAuxExDnRcK5AcQdEma,minbias,0,test,55.10282,65.57009887695312,0.18995901244967595,2,40mm,3.9053237
SubNetW4CleanAuxExDnRcK5AcQdEma,minbias,0,test,6.250237,6.972957611083984,0.11563091517907376,1,30mm,0.5736371
SubNetW4CleanAuxExDnRcK5AcQdEma,minbias,0,test,5.686596,6.051382541656494,0.06414850470280209,3,60mm,0.7390009
SubNetW4CleanAuxExDnRcK5AcQdEma,minbias,0,test,31.875916,33.523719787597656,0.05169433514279431,2,40mm,2.5767488
SubNetW4CleanAuxExDnRcK5AcQdEma,minbias,0,test,14.521298,14.11182689666748,-0.028197995821152122,4,120mm,3.0132678
SubNetW4CleanAuxExDnRcK5AcQdEma,minbias,0,test,33.7481,35.05385971069336,0.03869134615188985,2,40mm,3.959083
SubNetW4CleanAuxExDnRcK5AcQdEma,minbias,0,test,63.517918,63.971046447753906,0.007133873898621745,1,30mm,2.7580094
SubNetW4CleanAuxExDnRcK5AcQdEma,minbias,0,test,35.9397,34.130775451660156,-0.0503322391196106,2,40mm,3.6641235
SubNetW4CleanAuxExDnRcK5AcQdEma,minbias,0,test,9.499334,19.157859802246094,1.016758135462164,0,15mm,0.5375496
SubNetW4CleanAuxExDnRcK5AcQdEma,minbias,0,test,96.99106,97.67265319824219,0.007027398816249253,1,30mm,4.477804
SubNetW4CleanAuxExDnRcK5AcQdEma,minbias,0,test,65.63451,66.15758514404297,0.007969571930033448,1,30mm,4.24368
SubNetW4CleanAuxExDnRcK5AcQdEma,minbias,0,test,13.062452,12.770979881286621,-0.022313760689039785,3,60mm,2.4889696
SubNetW4CleanAuxExDnRcK5AcQdEma,minbias,0,test,12.446215,13.053434371948242,0.048787499802694034,4,120mm,2.7099435
SubNetW4CleanAuxExDnRcK5AcQdEma,minbias,0,test,70.466415,72.42974853515625,0.02786196968571608,1,30mm,3.155337
SubNetW4CleanAuxExDnRcK5AcQdEma,minbias,0,test,52.336517,54.36272048950195,0.03871490230401475,2,40mm,3.9047585
SubNetW4CleanAuxExDnRcK5AcQdEma,minbias,0,test,2.4864502,2.705791473388672,0.08821462762040366,3,60mm,0.509392
SubNetW4CleanAuxExDnRcK5AcQdEma,minbias,0,test,17.064823,15.356060028076172,-0.10013365550143616,2,40mm,1.1834762
SubNetW4CleanAuxExDnRcK5AcQdEma,minbias,0,test,19.224648,18.8258113861084,-0.020746083141883975,3,60mm,3.1985588
SubNetW4CleanAuxExDnRcK5AcQdEma,minbias,0,test,8.418664,8.791478157043457,0.04428424503169537,3,60mm,0.90437734
SubNetW4CleanAuxExDnRcK5AcQdEma,minbias,0,test,32.860943,32.70071029663086,-0.004876078715168819,3,60mm,4.906704
SubNetW4CleanAuxExDnRcK5AcQdEma,minbias,0,test,14.654805,15.703442573547363,0.0715558737910611,2,40mm,1.7760513
SubNetW4CleanAuxExDnRcK5AcQdEma,minbias,0,test,3.1474793,3.1349191665649414,-0.003990535913194648,4,120mm,0.70614785
SubNetW4CleanAuxExDnRcK5AcQdEma,minbias,0,test,13.706269,14.499320983886719,0.05786050925876007,2,40mm,1.860993
SubNetW4CleanAuxExDnRcK5AcQdEma,minbias,0,test,14.177484,13.707335472106934,-0.03316160336936835,2,40mm,1.8030933
SubNetW4CleanAuxExDnRcK5AcQdEma,minbias,0,test,18.509035,18.27817153930664,-0.012473020327048556,3,60mm,2.7926583
SubNetW4CleanAuxExDnRcK5AcQdEma,minbias,0,test,21.046875,20.816404342651367,-0.010950350460514069,3,60mm,3.2098355
SubNetW4CleanAuxExDnRcK5AcQdEma,minbias,0,test,23.621534,22.2816219329834,-0.05672419051350286,2,40mm,1.9375299
SubNetW4CleanAuxExDnRcK5AcQdEma,minbias,0,test,3.3306653,3.4675774574279785,0.04110653370482931,3,60mm,0.64366364
SubNetW4CleanAuxExDnRcK5AcQdEma,minbias,0,test,41.70818,41.16999435424805,-0.01290358693229432,2,40mm,4.3171687
SubNetW4CleanAuxExDnRcK5AcQdEma,minbias,0,test,3.7722206,4.195249080657959,0.11214308828808783,3,60mm,0.6474979
SubNetW4CleanAuxExDnRcK5AcQdEma,minbias,0,test,8.987772,12.709213256835938,0.4140560390188748,3,60mm,1.2616562
SubNetW4CleanAuxExDnRcK5AcQdEma,minbias,0,test,17.577677,16.831134796142578,-0.042471026550698676,4,120mm,3.468118
SubNetW4CleanAuxExDnRcK5AcQdEma,minbias,0,test,19.507505,19.852622985839844,0.017691527522082362,2,40mm,4.2073927
SubNetW4CleanAuxExDnRcK5AcQdEma,minbias,0,test,91.55257,91.36190795898438,-0.002082503817923631,1,30mm,4.781075
SubNetW4CleanAuxExDnRcK5AcQdEma,minbias,0,test,54.114323,52.42920684814453,-0.031139922506713602,2,40mm,4.0587907
SubNetW4CleanAuxExDnRcK5AcQdEma,minbias,0,test,11.418416,11.547159194946289,0.011275046506424413,3,60mm,1.9617205
SubNetW4CleanAuxExDnRcK5AcQdEma,minbias,0,test,83.28598,82.3938217163086,-0.01071198905139581,1,30mm,4.8668594
SubNetW4CleanAuxExDnRcK5AcQdEma,minbias,0,test,31.027933,29.199378967285156,-0.0589325156247954,1,30mm,1.5286885
SubNetW4CleanAuxExDnRcK5AcQdEma,minbias,0,test,92.25758,85.80050659179688,-0.06998966126288064,0,15mm,3.0320783
SubNetW4CleanAuxExDnRcK5AcQdEma,minbias,0,test,16.129347,15.382519721984863,-0.04630237867713094,3,60mm,3.0538042
SubNetW4CleanAuxExDnRcK5AcQdEma,minbias,0,test,13.63507,13.35180950164795,-0.02077439636431977,3,60mm,3.2530067
SubNetW4CleanAuxExDnRcK5AcQdEma,minbias,0,test,6.7168827,6.392085552215576,-0.04835534096759386,4,120mm,1.5907216
SubNetW4CleanAuxExDnRcK5AcQdEma,minbias,0,test,14.079091,13.683927536010742,-0.028067403928890622,2,40mm,0.9516607
SubNetW4CleanAuxExDnRcK5AcQdEma,minbias,0,test,58.84812,55.672000885009766,-0.05397148913810501,1,30mm,2.9023774
SubNetW4CleanAuxExDnRcK5AcQdEma,minbias,0,test,23.843117,25.249900817871094,0.059001684711047275,3,60mm,4.4944963
SubNetW4CleanAuxExDnRcK5AcQdEma,minbias,0,test,21.590637,21.21605110168457,-0.017349469668486273,2,40mm,1.4931523
SubNetW4CleanAuxExDnRcK5AcQdEma,minbias,0,test,63.463737,64.07878112792969,0.009691260938658353,1,30mm,4.2935553
SubNetW4CleanAuxExDnRcK5AcQdEma,minbias,0,test,33.21918,32.73141098022461,-0.014683386675721777,1,30mm,1.6325632
SubNetW4CleanAuxExDnRcK5AcQdEma,minbias,0,test,15.558076,15.733870506286621,0.011299250788824766,1,30mm,0.7153189
SubNetW4CleanAuxExDnRcK5AcQdEma,minbias,0,test,11.7209015,11.892498016357422,0.014640215793714884,2,40mm,1.5021623
SubNetW4CleanAuxExDnRcK5AcQdEma,minbias,0,test,11.648387,11.457584381103516,-0.016380171339649308,3,60mm,1.5460508
SubNetW4CleanAuxExDnRcK5AcQdEma,minbias,0,test,6.3640165,6.534479141235352,0.026785381127817365,3,60mm,1.3974068
SubNetW4CleanAuxExDnRcK5AcQdEma,minbias,0,test,25.21735,25.51441192626953,0.011780060953832105,2,40mm,3.1046028
SubNetW4CleanAuxExDnRcK5AcQdEma,minbias,0,test,12.094873,12.45541000366211,0.029809040785201857,3,60mm,1.8247886
SubNetW4CleanAuxExDnRcK5AcQdEma,minbias,0,test,11.067746,10.974823951721191,-0.008395766340297706,3,60mm,1.591945
SubNetW4CleanAuxExDnRcK5AcQdEma,minbias,0,test,24.547613,24.118505477905273,-0.017480626873977445,2,40mm,3.2273152
SubNetW4CleanAuxExDnRcK5AcQdEma,minbias,0,test,7.0118947,6.7533745765686035,-0.036868797564149736,3,60mm,1.0493314
SubNetW4CleanAuxExDnRcK5AcQdEma,minbias,0,test,10.421168,9.81496810913086,-0.05817008219805886,3,60mm,1.9592209
SubNetW4CleanAuxExDnRcK5AcQdEma,minbias,0,test,11.946007,12.2345609664917,0.024154865891721,3,60mm,2.1606286
SubNetW4CleanAuxExDnRcK5AcQdEma,minbias,0,test,11.430425,10.570632934570312,-0.0752195809845908,3,60mm,1.6239974
SubNetW4CleanAuxExDnRcK5AcQdEma,minbias,0,test,20.870451,20.70709800720215,-0.007826997438432182,3,60mm,2.8996453
SubNetW4CleanAuxExDnRcK5AcQdEma,minbias,0,test,31.232979,31.70790672302246,0.015205975227229551,2,40mm,4.367875
SubNetW4CleanAuxExDnRcK5AcQdEma,minbias,0,test,12.738308,11.827866554260254,-0.07147271066050043,4,120mm,2.4928036
SubNetW4CleanAuxExDnRcK5AcQdEma,minbias,0,test,22.281559,21.687442779541016,-0.026664032404168037,2,40mm,3.5859656
SubNetW4CleanAuxExDnRcK5AcQdEma,minbias,0,test,24.097094,23.046817779541016,-0.04358516511676558,3,60mm,4.533508
SubNetW4CleanAuxExDnRcK5AcQdEma,minbias,0,test,20.722664,19.811552047729492,-0.043966926113731875,3,60mm,2.7519224
SubNetW4CleanAuxExDnRcK5AcQdEma,minbias,0,test,15.847311,17.245859146118164,0.08825144685206987,2,40mm,1.1055621
SubNetW4CleanAuxExDnRcK5AcQdEma,minbias,0,test,20.392063,17.836307525634766,-0.1253308994572604,1,30mm,1.2772471
SubNetW4CleanAuxExDnRcK5AcQdEma,minbias,0,test,35.43002,34.092567443847656,-0.037749116660656945,2,40mm,3.0045319
SubNetW4CleanAuxExDnRcK5AcQdEma,minbias,0,test,20.169285,18.8913516998291,-0.06336035868882484,3,60mm,2.3957133
SubNetW4CleanAuxExDnRcK5AcQdEma,minbias,0,test,80.96073,78.95423126220703,-0.024783622959030582,1,30mm,4.691952
SubNetW4CleanAuxExDnRcK5AcQdEma,minbias,0,test,13.85591,14.049036979675293,0.013938216563797567,2,40mm,1.7907007
SubNetW4CleanAuxExDnRcK5AcQdEma,minbias,0,test,40.01894,39.765106201171875,-0.006342840938066696,3,60mm,4.655218
SubNetW4CleanAuxExDnRcK5AcQdEma,minbias,0,test,13.748418,14.003229141235352,0.01853386255978573,3,60mm,2.3209307
SubNetW4CleanAuxExDnRcK5AcQdEma,minbias,0,test,4.86751,4.995323181152344,0.026258465495574645,3,60mm,1.0947053
SubNetW4CleanAuxExDnRcK5AcQdEma,minbias,0,test,7.9040914,8.3104887008667,0.05141607355803823,3,60mm,0.7901796
SubNetW4CleanAuxExDnRcK5AcQdEma,minbias,0,test,35.79546,35.68692398071289,-0.003032109864427812,3,60mm,4.798106
SubNetW4CleanAuxExDnRcK5AcQdEma,minbias,0,test,20.256407,18.420730590820312,-0.09062200482081728,3,60mm,3.0433033
SubNetW4CleanAuxExDnRcK5AcQdEma,minbias,0,test,26.627167,27.010637283325195,0.014401477217115044,2,40mm,2.1676817
SubNetW4CleanAuxExDnRcK5AcQdEma,minbias,0,test,12.436368,12.363677024841309,-0.005845031588951888,3,60mm,2.7700763
SubNetW4CleanAuxExDnRcK5AcQdEma,minbias,0,test,5.8476768,7.965224742889404,0.36211782524468816,3,60mm,1.3041372
SubNetW4CleanAuxExDnRcK5AcQdEma,minbias,0,test,15.955048,15.966446876525879,0.0007144616164418416,3,60mm,2.8618975
SubNetW4CleanAuxExDnRcK5AcQdEma,minbias,0,test,18.799562,18.020898818969727,-0.04141924245045214,1,30mm,1.1516542
SubNetW4CleanAuxExDnRcK5AcQdEma,minbias,0,test,86.47953,88.3940658569336,0.022138597597098242,1,30mm,4.4763527
SubNetW4CleanAuxExDnRcK5AcQdEma,minbias,0,test,24.444616,23.897890090942383,-0.02236591565602397,3,60mm,3.064251
SubNetW4CleanAuxExDnRcK5AcQdEma,minbias,0,test,12.111383,11.824335098266602,-0.023700706142331218,3,60mm,2.0760524
SubNetW4CleanAuxExDnRcK5AcQdEma,minbias,0,test,21.73314,22.11336326599121,0.017495046919875357,3,60mm,2.7937489
SubNetW4CleanAuxExDnRcK5AcQdEma,minbias,0,test,11.568297,13.099388122558594,0.1323522974279403,2,40mm,2.4335878
SubNetW4CleanAuxExDnRcK5AcQdEma,minbias,0,test,34.53886,31.12166976928711,-0.09893755960661155,0,15mm,1.5403323
SubNetW4CleanAuxExDnRcK5AcQdEma,minbias,0,test,6.6487646,6.402873992919922,-0.03698290310804986,3,60mm,1.1016049
