model,dataset,seed,split,true_energy,pred_energy,pred_bias,region,region_name,ET
SubNetW8CleanAuxExDnRcK9Rr01QdEma,minbias,0,test,18.76018,19.42047882080078,0.035196854084244,3,60mm,2.296073
SubNetW8CleanAuxExDnRcK9Rr01QdEma,minbias,0,test,92.80572,94.7354507446289,0.020793258529865133,0,15mm,3.9121232
SubNetW8CleanAuxExDnRcK9Rr01QdEma,minbias,0,test,32.25165,31.985769271850586,-0.008243996121863884,2,40mm,3.4531114
SubNetW8CleanAuxExDnRcK9Rr01QdEma,minbias,0,test,27.10333,26.03656578063965,-0.03935917864882155,3,60mm,3.2179165
SubNetW8CleanAuxExDnRcK9Rr01QdEma,minbias,0,test,10.72076,10.743072509765625,0.002081210995084959,3,60mm,1.7427723
SubNetW8CleanAuxExDnRcK9Rr01QdEma,minbias,0,test,30.846918,30.779638290405273,-0.0021810871167894375,2,40mm,2.435405
SubNetW8CleanAuxExDnRcK9Rr01QdEma,minbias,0,test,49.51478,48.55242156982422,-0.01943574430882211,2,40mm,4.721051
SubNetW8CleanAuxExDnRcK9Rr01QdEma,minbias,0,test,37.984768,37.96010208129883,-0.000649361148539751,2,40mm,2.7635622
SubNetW8CleanAuxExDnRcK9Rr01QdEma,minbias,0,test,23.732399,23.366737365722656,-0.015407697354864025,2,40mm,1.7643075
SubNetW8CleanAuxExDnRcK9Rr01QdEma,minbias,0,test,22.179998,30.85613441467285,0.3911693707649526,2,40mm,1.4855402
SubNetW8CleanAuxExDnRcK9Rr01QdEma,minbias,0,test,36.77291,37.24173355102539,0.012749126070898953,1,30mm,1.8146716
SubNetW8CleanAuxExDnRcK9Rr01QdEma,minbias,0,test,22.893057,33.67167282104492,0.47082467024729313,0,15mm,1.0397536
SubNetW8CleanAuxExDnRcK9Rr01QdEma,minbias,0,test,31.972862,32.6602783203125,0.02149998556343302,2,40mm,4.623726
SubNetW8CleanAuxExDnRcK9Rr01QdEma,minbias,0,test,25.753298,26.83185577392578,0.04188038270956218,2,40mm,2.4229546
SubNetW8CleanAuxExDnRcK9Rr01QdEma,minbias,0,test,25.744932,24.701950073242188,-0.0405121324213894,3,60mm,3.6337557
SubNetW8CleanAuxExDnRcK9Rr01QdEma,minbias,0,test,69.65795,68.74666595458984,-0.0130822882767061,1,30mm,4.3262815
SubNetW8CleanAuxExDnRcK9Rr01QdEma,minbias,0,test,93.15419,93.91532897949219,0.008170742674022291,0,15mm,1.9485276
SubNetW8CleanAuxExDnRcK9Rr01QdEma,minbias,0,test,78.76006,73.19164276123047,-0.0707010658185866,0,15mm,2.621058
SubNetW8CleanAuxExDnRcK9Rr01QdEma,minbias,0,test,18.816494,17.298641204833984,-0.0806660786099751,3,60mm,4.1583085
SubNetW8CleanAuxExDnRcK9Rr01QdEma,minbias,0,test,84.079285,84.4796371459961,0.004761606614617886,0,15mm,2.4197612
SubNetW8CleanAuxExDnRcK9Rr01QdEma,minbias,0,test,18.3253,18.593347549438477,0.014627172793587606,4,120mm,3.9531314
SubNetW8CleanAuxExDnRcK9Rr01QdEma,minbias,0,test,13.653901,13.692327499389648,0.0028143165055232178,3,60mm,2.7738256
SubNetW8CleanAuxExDnRcK9Rr01QdEma,minbias,0,test,52.69874,54.295650482177734,0.03030266836862694,1,30mm,4.376595
SubNetW8CleanAuxExDnRcK9Rr01QdEma,minbias,0,test,80.2292,77.69151306152344,-0.03163049285256603,1,30mm,4.79198
SubNetW8CleanAuxExDnRcK9Rr01QdEma,minbias,0,test,9.659905,9.980255126953125,0.033162818776905745,2,40mm,1.2936931
SubNetW8CleanAuxExDnRcK9Rr01QdEma,minbias,0,test,35.97363,31.013154983520508,-0.1378919545366194,0,15mm,0.9048489
SubNetW8CleanAuxExDnRcK9Rr01QdEma,minbias,0,test,23.895002,23.702842712402344,-0.008041834429383554,3,60mm,3.5899005
SubNetW8CleanAuxExDnRcK9Rr01QdEma,minbias,0,test,4.284827,4.12546968460083,-0.037191125596960806,2,40mm,0.5649296
SubNetW8CleanAuxExDnRcK9Rr01QdEma,minbias,0,test,30.217354,26.489681243896484,-0.12336197931197634,0,15mm,0.6142873
SubNetW8CleanAuxExDnRcK9Rr01QdEma,minbias,0,test,20.541634,19.706811904907227,-0.04064047276199634,3,60mm,4.0526714
SubNetW8CleanAuxExDnRcK9Rr01QdEma,minbias,0,test,82.6949,77.89486694335938,-0.058045097576470694,1,30mm,3.3893862
SubNetW8CleanAuxExDnRcK9Rr01QdEma,minbias,0,test,38.38119,37.26216125488281,-0.029155686997404673,0,15mm,1.17155
SubNetW8CleanAuxExDnRcK9Rr01QdEma,minbias,0,test,15.272215,14.113676071166992,-0.07585925333946797,2,40mm,1.5217483
SubNetW8CleanAuxExDnRcK9Rr01QdEma,minbias,0,test,75.33664,74.59683227539062,-0.00982001765350915,1,30mm,3.564262
SubNetW8CleanAuxExDnRcK9Rr01QdEma,minbias,0,test,62.023987,60.797821044921875,-0.019769218884846618,2,40mm,4.7380123
SubNetW8CleanAuxExDnRcK9Rr01QdEma,minbias,0,test,44.76784,45.37384796142578,0.013536650510441728,1,30mm,2.14639
SubNetW8CleanAuxExDnRcK9Rr01QdEma,minbias,0,test,23.733454,24.502349853515625,0.03239714333129884,3,60mm,3.385669
SubNetW8CleanAuxExDnRcK9Rr01QdEma,minbias,0,test,25.000595,24.537656784057617,-0.018517091573137634,3,60mm,3.3680363
SubNetW8CleanAuxExDnRcK9Rr01QdEma,minbias,0,test,47.143932,47.33572006225586,0.004068131574878064,2,40mm,4.0774965
SubNetW8CleanAuxExDnRcK9Rr01QdEma,minbias,0,test,14.887683,12.738283157348633,-0.14437436434504247,2,40mm,0.9463832
SubNetW8CleanAuxExDnRcK9Rr01QdEma,minbias,0,test,34.14884,34.171485900878906,0.0006630984167184106,2,40mm,3.6052196
SubNetW8CleanAuxExDnRcK9Rr01QdEma,minbias,0,test,5.7724977,5.192113399505615,-0.10054300395554039,3,60mm,0.98554045
SubNetW8CleanAuxExDnRcK9Rr01QdEma,minbias,0,test,67.630844,74.04342651367188,0.09481742363650114,0,15mm,2.997694
SubNetW8CleanAuxExDnRcK9Rr01QdEma,minbias,0,test,30.873398,30.309968948364258,-0.018249655640064644,2,40mm,4.7925196
SubNetW8CleanAuxExDnRcK9Rr01QdEma,minbias,0,test,37.020702,36.730899810791016,-0.007828121369369945,3,60mm,4.1764636
SubNetW8CleanAuxExDnRcK9Rr01QdEma,minbias,0,test,41.423912,38.16936111450195,-0.07856696224248394,1,30mm,2.1048882
SubNetW8CleanAuxExDnRcK9Rr01QdEma,minbias,0,test,28.409086,29.508943557739258,0.03871498440737664,1,30mm,2.9289262
SubNetW8CleanAuxExDnRcK9Rr01QdEma,minbias,0,test,16.618286,16.13943099975586,-0.028814952951805917,2,40mm,2.14306
SubNetW8CleanAuxExDnRcK9Rr01QdEma,minbias,0,test,28.412725,27.862905502319336,-0.019351186400035858,2,40mm,4.109926
SubNetW8CleanAuxExDnRcK9Rr01QdEma,minbias,0,test,61.514576,64.10366821289062,0.042089085624126055,2,40mm,3.944446
SubNetW8CleanAuxExDnRcK9Rr01QdEma,minbias,0,test,14.486421,15.145791053771973,0.04551644875847871,1,30mm,1.2377164
SubNetW8CleanAuxExDnRcK9Rr01QdEma,minbias,0,test,15.285757,15.164970397949219,-0.007901909362939663,3,60mm,1.6061417
SubNetW8CleanAuxExDnRcK9Rr01QdEma,minbias,0,test,68.89858,68.43135070800781,-0.006781442140260885,1,30mm,3.9353025
SubNetW8CleanAuxExDnRcK9Rr01QdEma,minbias,0,test,57.231457,64.88072967529297,0.13365504483371637,0,15mm,2.0035496
SubNetW8CleanAuxExDnRcK9Rr01QdEma,minbias,0,test,62.603493,63.2918815612793,0.010996013071616684,0,15mm,2.599183
SubNetW8CleanAuxExDnRcK9Rr01QdEma,minbias,0,test,22.214502,22.80610466003418,0.026631356243265847,2,40mm,2.0389054
SubNetW8CleanAuxExDnRcK9Rr01QdEma,minbias,0,test,51.12787,48.17481994628906,-0.05775810304424489,0,15mm,1.5439404
SubNetW8CleanAuxExDnRcK9Rr01QdEma,minbias,0,test,9.438593,9.267449378967285,-0.018132314150776985,3,60mm,1.1158521
SubNetW8CleanAuxExDnRcK9Rr01QdEma,minbias,0,test,31.428518,35.15892028808594,0.11869480952772538,1,30mm,2.1922684
SubNetW8CleanAuxExDnRcK9Rr01QdEma,minbias,0,test,19.332447,24.01117706298828,0.24201437088647437,4,120mm,4.3357263
SubNetW8CleanAuxExDnRcK9Rr01QdEma,minbias,0,test,8.389439,8.156953811645508,-0.027711605958601226,3,60mm,1.5210191
SubNetW8CleanAuxExDnRcK9Rr01QdEma,minbias,0,test,29.69351,30.876407623291016,0.03983690596148448,2,40mm,4.04456
SubNetW8CleanAuxExDnRcK9Rr01QdEma,minbias,0,test,16.242897,14.971935272216797,-0.07824723378091669,3,60mm,2.0320053
SubNetW8CleanAuxExDnRcK9Rr01QdEma,minbias,0,test,31.80093,36.20027542114258,0.1383401490063545,2,40mm,4.0280504
SubNetW8CleanAuxExDnRcK9Rr01QdEma,minbias,0,test,29.30175,28.456674575805664,-0.02884044816500586,2,40mm,3.7235057
SubNetW8CleanAuxExDnRcK9Rr01QdEma,minbias,0,test,18.214108,19.015493392944336,0.043998086588969976,3,60mm,2.8054118
SubNetW8CleanAuxExDnRcK9Rr01QdEma,minbias,0,test,27.340984,26.6793155670166,-0.024200620179914978,2,40mm,4.4520516
SubNetW8CleanAuxExDnRcK9Rr01QdEma,minbias,0,test,8.166522,7.992516994476318,-0.021307115933856147,1,30mm,0.8343253
SubNetW8CleanAuxExDnRcK9Rr01QdEma,minbias,0,test,6.49626,5.995645523071289,-0.07706197570473983,2,40mm,0.70159245
SubNetW8CleanAuxExDnRcK9Rr01QdEma,minbias,0,test,14.998621,14.919622421264648,-0.005267055267455856,3,60mm,2.6243277
SubNetW8CleanAuxExDnRcK9Rr01QdEma,minbias,0,test,18.574884,21.43229103088379,0.15383173065420452,1,30mm,0.84478456
SubNetW8CleanAuxExDnRcK9Rr01QdEma,minbias,0,test,19.39733,18.986711502075195,-0.02116878160771707,3,60mm,3.49299
SubNetW8CleanAuxExDnRcK9Rr01QdEma,minbias,0,test,49.330875,50.73046112060547,0.028371394438497344,1,30mm,3.117422
SubNetW8CleanAuxExDnRcK9Rr01QdEma,minbias,0,test,4.5930533,4.817809104919434,0.04893384581572202,3,60mm,0.6642145
SubNetW8CleanAuxExDnRcK9Rr01QdEma,minbias,0,test,21.500755,19.994089126586914,-0.07007503512059521,2,40mm,2.045025
SubNetW8CleanAuxExDnRcK9Rr01QdEma,minbias,0,test,29.862392,30.49382209777832,0.021144644516198907,1,30mm,1.2292873
SubNetW8CleanAuxExDnRcK9Rr01QdEma,minbias,0,test,20.749525,20.673904418945312,-0.0036444521495943016,4,120mm,4.674599
SubNetW8CleanAuxExDnRcK9Rr01QdEma,minbias,0,test,31.651863,31.458444595336914,-0.00611080940821318,2,40mm,3.5705676
SubNetW8CleanAuxExDnRcK9Rr01QdEma,minbias,0,test,14.6732855,14.102741241455078,-0.03888319650488703,1,30mm,0.8871908
SubNetW8CleanAuxExDnRcK9Rr01QdEma,minbias,0,test,33.800907,33.52516555786133,-0.008157815884853425,3,60mm,4.3801417
SubNetW8CleanAuxExDnRcK9Rr01QdEma,minbias,0,test,39.89566,40.27450942993164,0.009495995948905378,2,40mm,3.7053988
SubNetW8CleanAuxExDnRcK9Rr01QdEma,minbias,0,test,22.460953,22.345170974731445,-0.005154802883965415,3,60mm,2.7876499
SubNetW8CleanAuxExDnRcK9Rr01QdEma,minbias,0,test,50.125183,48.766178131103516,-0.027112219650265224,0,15mm,1.7763933
SubNetW8CleanAuxExDnRcK9Rr01QdEma,minbias,0,test,78.520966,77.00663757324219,-0.01928565182327846,1,30mm,4.1580696
SubNetW8CleanAuxExDnRcK9Rr01QdEma,minbias,0,test,9.055914,8.916505813598633,-0.01539415157036561,3,60mm,1.3694224
SubNetW8CleanAuxExDnRcK9Rr01QdEma,minbias,0,test,11.987913,11.760344505310059,-0.018983172792750636,3,60mm,2.206649
SubNetW8CleanAuxExDnRcK9Rr01QdEma,minbias,0,test,25.925257,26.279638290405273,0.013669355909643244,2,40mm,2.23008
SubNetW8CleanAuxExDnRcK9Rr01QdEma,minbias,0,test,33.030437,33.128353118896484,0.002964406678068743,2,40mm,4.0965586
SubNetW8CleanAuxExDnRcK9Rr01QdEma,minbias,0,test,70.523926,73.25243377685547,0.03868911104110562,2,40mm,4.586872
SubNetW8CleanAuxExDnRcK9Rr01QdEma,minbias,0,test,35.651386,32.95903015136719,-0.07551897393020623,2,40mm,3.9029112
SubNetW8CleanAuxExDnRcK9Rr01QdEma,minbias,0,test,14.299075,14.27323055267334,-0.00180742976351278,3,60mm,2.5002184
SubNetW8CleanAuxExDnRcK9Rr01QdEma,minbias,0,test,20.20816,20.285310745239258,0.003817781694128941,4,120mm,4.4470773
SubNetW8CleanAuxExDnRcK9Rr01QdEma,minbias,0,test,7.6854634,7.688643932342529,0.0004138337101990963,3,60mm,1.0400928
SubNetW8CleanAuxExDnRcK9Rr01QdEma,minbias,0,test,10.440115,10.735028266906738,0.028248088516078962,2,40mm,1.8284091
SubNetW8CleanAuxExDnRcK9Rr01QdEma,minbias,0,test,66.17382,64.9040298461914,-0.019188716019477692,1,30mm,4.0266805
SubNetW8CleanAuxExDnRcK9Rr01QdEma,minbias,0,test,29.63383,29.876096725463867,0.008175373074047254,0,15mm,1.0095055
SubNetW8CleanAuxExDnRcK9Rr01QdEma,minbias,0,test,20.666483,21.134105682373047,0.022627108765707726,2,40mm,2.5609434
SubNetW8CleanAuxExDnRcK9Rr01QdEma,minbias,0,test,23.688557,23.878376007080078,0.008013123744628148,3,60mm,2.396589
SubNetW8CleanAuxExDnRcK9Rr01QdEma,minbias,0,test,12.13486,14.280189514160156,0.1767906237526351,4,120mm,2.7372134
SubNetW8CleanAuxExDnRcK9Rr01QdEma,minbias,0,test,39.327705,39.631065368652344,0.007713645695697657,2,40mm,3.153476
SubNetW8CleanAuxExDnRcK9Rr01QdEma,minbias,0,test,79.25919,87.98053741455078,0.11003573992837001,0,15mm,2.2792299
SubNetW8CleanAuxExDnRcK9Rr01QdEma,minbias,0,test,6.439756,6.635281562805176,0.030362275953012663,3,60mm,1.3079646
SubNetW8CleanAuxExDnRcK9Rr01QdEma,minbias,0,test,86.6013,84.58665466308594,-0.02326348871633055,0,15mm,3.0499158
SubNetW8CleanAuxExDnRcK9Rr01QdEma,minbias,0,test,42.855442,43.039093017578125,0.004285359377627307,2,40mm,3.4878533
SubNetW8CleanAuxExDnRcK9Rr01QdEma,minbias,0,test,7.486302,8.515142440795898,0.13742974244506967,2,40mm,0.79182327
SubNetW8CleanAuxExDnRcK9Rr01QdEma,minbias,0,test,17.043505,16.113414764404297,-0.05457151953874928,4,120mm,3.734963
SubNetW8CleanAuxExDnRcK9Rr01QdEma,minbias,0,test,42.145226,45.13885498046875,0.07103128333712583,2,40mm,3.8283381
SubNetW8CleanAuxExDnRcK9Rr01QdEma,minbias,0,test,33.698044,32.51484680175781,-0.03511174202546152,3,60mm,4.7733016
SubNetW8CleanAuxExDnRcK9Rr01QdEma,minbias,0,test,13.264841,14.601391792297363,0.10075889372166347,2,40mm,1.4693348
SubNetW8CleanAuxExDnRcK9Rr01QdEma,minbias,0,test,7.6492257,7.466898441314697,-0.02383604267632089,3,60mm,1.7991236
SubNetW8CleanAuxExDnRcK9Rr01QdEma,minbias,0,test,40.861237,39.85017776489258,-0.024743715369086483,1,30mm,1.8348451
SubNetW8CleanAuxExDnRcK9Rr01QdEma,minbias,0,test,27.487562,28.560178756713867,0.0390218881595048,0,15mm,0.8160374
SubNetW8CleanAuxExDnRcK9Rr01QdEma,minbias,0,test,17.610252,17.00949478149414,-0.034114082291436976,3,60mm,3.9222128
SubNetW8CleanAuxExDnRcK9Rr01QdEma,minbias,0,test,2.9091299,2.799125909805298,-0.037813350926402145,3,60mm,0.68470335
SubNetW8CleanAuxExDnRcK9Rr01QdEma,minbias,0,test,29.802164,29.9740047454834,0.0057660466292397405,3,60mm,3.3216908
SubNetW8CleanAuxExDnRcK9Rr01QdEma,minbias,0,test,11.470357,10.899520874023438,-0.049766199092565966,3,60mm,1.8709556
SubNetW8CleanAuxExDnRcK9Rr01QdEma,minbias,0,test,3.526341,3.442330837249756,-0.02382359650549748,2,40mm,0.58315736
SubNetW8CleanAuxExDnRcK9Rr01QdEma,minbias,0,test,21.632998,21.566627502441406,-0.003067998798439886,2,40mm,2.1411304
SubNetW8CleanAuxExDnRcK9Rr01QdEma,minbias,0,test,92.19921,91.92882537841797,-0.0029326253327027763,1,30mm,3.5277207
SubNetW8CleanAuxExDnRcK9Rr01QdEma,minbias,0,test,42.370815,40.17516326904297,-0.0518199141011888,2,40mm,2.6191828
SubNetW8CleanAuxExDnRcK9Rr01QdEma,minbias,0,test,4.1007495,4.505077838897705,0.09859864568113919,3,60mm,0.9730521
SubNetW8CleanAuxExDnRcK9Rr01QdEma,minbias,0,test,13.160361,13.859082221984863,0.05309283815322985,2,40mm,2.0265167
SubNetW8CleanAuxExDnRcK9Rr01QdEma,minbias,0,test,6.294854,6.1261305809021,-0.02680341415739973,3,60mm,0.8476993
SubNetW8CleanAuxExDnRcK9Rr01QdEma,minbias,0,test,25.373594,25.668027877807617,0.01160393716608743,3,60mm,3.287899
SubNetW8CleanAuxExDnRcK9Rr01QdEma,minbias,0,test,57.997845,56.25524139404297,-0.03004600103908317,0,15mm,2.2595346
SubNetW8CleanAuxExDnRcK9Rr01QdEma,minbias,0,test,26.46194,28.51068115234375,0.07742215150157006,1,30mm,1.4331722
SubNetW8CleanAuxExDnRcK9Rr01QdEma,minbias,0,test,50.869164,49.63751983642578,-0.02421198996988838,1,30mm,2.6324992
SubNetW8CleanAuxExDnRcK9Rr01QdEma,minbias,0,test,9.564513,9.125591278076172,-0.04589067095524546,2,40mm,1.6769353
SubNetW8CleanAuxExDnRcK9Rr01QdEma,minbias,0,test,86.218376,85.4681167602539,-0.008701850264781763,1,30mm,4.4901786
SubNetW8CleanAuxExDnRcK9Rr01QdEma,minbias,0,test,33.45014,32.35619354248047,-0.03270384823202932,2,40mm,4.1165857
SubNetW8CleanAuxExDnRcK9Rr01QdEma,minbias,0,test,85.30201,87.84119415283203,0.02976699590947085,0,15mm,1.9788381
SubNetW8CleanAuxExDnRcK9Rr01QdEma,minbias,0,test,52.90069,50.07087326049805,-0.05349296972698514,1,30mm,2.0773911
SubNetW8CleanAuxExDnRcK9Rr01QdEma,minbias,0,test,11.25333,11.032758712768555,-0.019600554984367746,2,40mm,1.3156943
SubNetW8CleanAuxExDnRcK9Rr01QdEma,minbias,0,test,7.2650876,7.86669921875,0.08280858359543752,4,120mm,1.5005128
SubNetW8CleanAuxExDnRcK9Rr01QdEma,minbias,0,test,52.32606,53.4275016784668,0.021049557398383323,2,40mm,3.8026443
SubNetW8CleanAuxExDnRcK9Rr01QdEma,minbias,0,test,27.965485,27.71217155456543,-0.009058060964257986,3,60mm,4.7027993
SubNetW8CleanAuxExDnRcK9Rr01QdEma,minbias,0,test,21.387308,20.123220443725586,-0.05910457126564983,3,60mm,3.401947
SubNetW8CleanAuxExDnRcK9Rr01QdEma,minbias,0,test,48.223396,46.62125015258789,-0.033223419990422,2,40mm,3.5579808
SubNetW8CleanAuxExDnRcK9Rr01QdEma,minbias,0,test,18.336124,18.128828048706055,-0.01130535366742913,2,40mm,3.0098214
SubNetW8CleanAuxExDnRcK9Rr01QdEma,minbias,0,test,55.420258,49.32879638671875,-0.10991398179856837,1,30mm,4.9205523
SubNetW8CleanAuxExDnRcK9Rr01QdEma,minbias,0,test,3.08311,3.1843008995056152,0.03282101590526887,3,60mm,0.56163555
SubNetW8CleanAuxExDnRcK9Rr01QdEma,minbias,0,test,18.546524,18.38947296142578,-0.008467952594274575,2,40mm,3.1512032
SubNetW8CleanAuxExDnRcK9Rr01QdEma,minbias,0,test,7.449325,7.305025577545166,-0.019370816214982045,3,60mm,0.9518964
SubNetW8CleanAuxExDnRcK9Rr01QdEma,minbias,0,test,17.759424,17.26239585876465,-0.027986737912457427,2,40mm,2.38502
SubNetW8CleanAuxExDnRcK9Rr01QdEma,minbias,0,test,54.67858,54.47969055175781,-0.0036374514761127186,1,30mm,4.5342026
SubNetW8CleanAuxExDnRcK9Rr01QdEma,minbias,0,test,20.838478,20.84075164794922,0.00010910391635454708,4,120mm,4.769752
SubNetW8CleanAuxExDnRcK9Rr01QdEma,minbias,0,test,20.281677,20.388505935668945,0.005267251237605075,4,120mm,4.635547
SubNetW8CleanAuxExDnRcK9Rr01QdEma,minbias,0,test,13.684361,12.944884300231934,-0.054038119343152946,1,30mm,0.97651213
SubNetW8CleanAuxExDnRcK9Rr01QdEma,minbias,0,test,30.940487,31.011457443237305,0.0022937756438494716,2,40mm,2.8864322
SubNetW8CleanAuxExDnRcK9Rr01QdEma,minbias,0,test,29.426472,29.821937561035156,0.013439118856132914,2,40mm,3.2836814
SubNetW8CleanAuxExDnRcK9Rr01QdEma,minbias,0,test,19.589144,28.87019157409668,0.4737852730086298,1,30mm,0.98091847
SubNetW8CleanAuxExDnRcK9Rr01QdEma,minbias,0,test,47.864666,47.1074104309082,-0.015820763367174195,2,40mm,3.932559
SubNetW8CleanAuxExDnRcK9Rr01QdEma,minbias,0,test,8.431949,8.672370910644531,0.02851324865501348,1,30mm,0.58711416
SubNetW8CleanAuxExDnRcK9Rr01QdEma,minbias,0,test,9.262041,12.409876823425293,0.33986415092163735,2,40mm,0.980978
SubNetW8CleanAuxExDnRcK9Rr01QdEma,minbias,0,test,14.770685,14.342341423034668,-0.028999587169214025,2,40mm,1.5227894
SubNetW8CleanAuxExDnRcK9Rr01QdEma,minbias,0,test,8.79995,8.186020851135254,-0.06976503497837316,3,60mm,1.9725612
SubNetW8CleanAuxExDnRcK9Rr01QdEma,minbias,0,test,97.30022,94.51688385009766,-0.028605617950568818,1,30mm,4.1260214
SubNetW8CleanAuxExDnRcK9Rr01QdEma,minbias,0,test,19.665142,19.154064178466797,-0.025989025622980222,2,40mm,2.240959
SubNetW8CleanAuxExDnRcK9Rr01QdEma,minbias,0,test,44.66639,50.39408874511719,0.12823286924121624,2,40mm,2.6947408
SubNetW8CleanAuxExDnRcK9Rr01QdEma,minbias,0,test,19.742956,20.098356246948242,0.01800136122179552,2,40mm,1.725235
SubNetW8CleanAuxExDnRcK9Rr01QdEma,minbias,0,test,31.157877,31.376853942871094,0.007027981229578151,3,60mm,4.667399
SubNetW8CleanAuxExDnRcK9Rr01QdEma,minbias,0,test,78.49835,76.71369934082031,-0.02273490669977929,0,15mm,3.254569
SubNetW8CleanAuxExDnRcK9Rr01QdEma,minbias,0,test,7.895717,7.934874534606934,0.004959320335351292,3,60mm,1.3072417
SubNetW8CleanAuxExDnRcK9Rr01QdEma,minbias,0,test,16.339119,16.34181022644043,0.00016471322155720003,3,60mm,2.7357566
SubNetW8CleanAuxExDnRcK9Rr01QdEma,minbias,0,test,23.268414,23.605222702026367,0.014474951534303004,2,40mm,2.7265246
SubNetW8CleanAuxExDnRcK9Rr01QdEma,minbias,0,test,39.038513,38.21870040893555,-0.02100010240663408,3,60mm,4.778433
SubNetW8CleanAuxExDnRcK9Rr01QdEma,minbias,0,test,56.20013,56.52128982543945,0.0057145661433370964,2,40mm,4.856445
SubNetW8CleanAuxExDnRcK9Rr01QdEma,minbias,0,test,53.677322,51.70520782470703,-0.03674018142604585,1,30mm,3.2022014
SubNetW8CleanAuxExDnRcK9Rr01QdEma,minbias,0,test,50.679882,50.131893157958984,-0.010812749940216415,1,30mm,2.3411584
SubNetW8CleanAuxExDnRcK9Rr01QdEma,minbias,0,test,66.84265,62.28992462158203,-0.06811110350180338,0,15mm,2.1446617
SubNetW8CleanAuxExDnRcK9Rr01QdEma,minbias,0,test,30.289898,29.86448097229004,-0.014044845827904773,3,60mm,3.6205926
SubNetW8CleanAuxExDnRcK9Rr01QdEma,minbias,0,test,28.75499,28.41407585144043,-0.011855812749039907,3,60mm,4.03132
SubNetW8CleanAuxExDnRcK9Rr01QdEma,minbias,0,test,14.355211,14.144159317016602,-0.01470211319957504,3,60mm,3.230726
SubNetW8CleanAuxExDnRcK9Rr01QdEma,minbias,0,test,76.17902,75.16864013671875,-0.01326327847636899,0,15mm,2.0581264
SubNetW8CleanAuxExDnRcK9Rr01QdEma,minbias,0,test,7.7861385,11.277822494506836,0.4484487328948583,1,30mm,0.55189836
SubNetW8CleanAuxExDnRcK9Rr01QdEma,minbias,0,test,56.074604,68.38346862792969,0.21950872066701588,0,15mm,1.6990277
SubNetW8CleanAuxExDnRcK9Rr01QdEma,minbias,0,test,64.05232,58.888450622558594,-0.08061958681030923,0,15mm,1.3708725
SubNetW8CleanAuxExDnRcK9Rr01QdEma,minbias,0,test,15.3830805,19.397708892822266,0.2609768839804818,2,40mm,1.7195095
SubNetW8CleanAuxExDnRcK9Rr01QdEma,minbias,0,test,19.890865,18.91472053527832,-0.049075028896656936,3,60mm,4.396525
SubNetW8CleanAuxExDnRcK9Rr01QdEma,minbias,0,test,17.922045,17.979923248291016,0.003229458192803847,2,40mm,2.5027087
SubNetW8CleanAuxExDnRcK9Rr01QdEma,minbias,0,test,40.75528,39.51985168457031,-0.030313320638666985,2,40mm,4.840735
SubNetW8CleanAuxExDnRcK9Rr01QdEma,minbias,0,test,54.03751,51.334999084472656,-0.05001175734837804,1,30mm,3.1906784
SubNetW8CleanAuxExDnRcK9Rr01QdEma,minbias,0,test,24.97947,25.132400512695312,0.006122276320061459,3,60mm,4.1459537
SubNetW8CleanAuxExDnRcK9Rr01QdEma,minbias,0,test,63.713787,68.3815689086914,0.07326172315038737,1,30mm,2.8479662
SubNetW8CleanAuxExDnRcK9Rr01QdEma,minbias,0,test,25.521683,25.979726791381836,0.017947251237452777,3,60mm,3.5292604
SubNetW8CleanAuxExDnRcK9Rr01QdEma,minbias,0,test,74.843124,69.18212127685547,-0.07563825213015751,0,15mm,1.9939535
SubNetW8CleanAuxExDnRcK9Rr01QdEma,minbias,0,test,26.868385,26.117950439453125,-0.027930032515611103,3,60mm,4.9240403
SubNetW8CleanAuxExDnRcK9Rr01QdEma,minbias,0,test,6.3514347,6.605096817016602,0.03993776541067362,3,60mm,1.405046
SubNetW8CleanAuxExDnRcK9Rr01QdEma,minbias,0,test,12.974157,12.8236083984375,-0.011603754376344644,2,40mm,1.197946
SubNetW8CleanAuxExDnRcK9Rr01QdEma,minbias,0,test,15.433971,15.0592622756958,-0.024278205492294314,3,60mm,1.9958798
SubNetW8CleanAuxExDnRcK9Rr01QdEma,minbias,0,test,19.493507,19.382793426513672,-0.0056795299353868955,3,60mm,4.4421215
SubNetW8CleanAuxExDnRcK9Rr01QdEma,minbias,0,test,28.474771,28.606367111206055,0.004621480863295391,3,60mm,4.7740917
SubNetW8CleanAuxExDnRcK9Rr01QdEma,minbias,0,test,17.28361,16.5880126953125,-0.04024603190455889,3,60mm,3.2421107
SubNetW8CleanAuxExDnRcK9Rr01QdEma,minbias,0,test,3.5325534,3.4320228099823,-0.028458345006611818,3,60mm,0.64631855
SubNetW8CleanAuxExDnRcK9Rr01QdEma,minbias,0,test,22.164097,28.41176986694336,0.28188259065761234,1,30mm,1.0301069
SubNetW8CleanAuxExDnRcK9Rr01QdEma,minbias,0,test,16.312103,16.95861053466797,0.03963359307035352,3,60mm,2.8514993
SubNetW8CleanAuxExDnRcK9Rr01QdEma,minbias,0,test,27.89878,27.777976989746094,-0.004330075703856129,3,60mm,3.574137
SubNetW8CleanAuxExDnRcK9Rr01QdEma,minbias,0,test,29.703453,29.49159812927246,-0.007132333545065039,3,60mm,4.8310494
SubNetW8CleanAuxExDnRcK9Rr01QdEma,minbias,0,test,3.2618468,3.9525930881500244,0.21176540585652837,3,60mm,0.57560396
SubNetW8CleanAuxExDnRcK9Rr01QdEma,minbias,0,test,27.13098,26.04840660095215,-0.03990172693532479,2,40mm,2.447122
SubNetW8CleanAuxExDnRcK9Rr01QdEma,minbias,0,test,11.363271,11.188451766967773,-0.015384566320161275,1,30mm,0.60353434
SubNetW8CleanAuxExDnRcK9Rr01QdEma,minbias,0,test,8.940791,8.733428955078125,-0.023192821750468995,3,60mm,1.3938912
SubNetW8CleanAuxExDnRcK9Rr01QdEma,minbias,0,test,65.94958,65.61507415771484,-0.005072104892295259,2,40mm,4.353476
SubNetW8CleanAuxExDnRcK9Rr01QdEma,minbias,0,test,14.670135,14.475221633911133,-0.013286375109367587,4,120mm,3.1017992
SubNetW8CleanAuxExDnRcK9Rr01QdEma,minbias,0,test,6.096968,5.5556511878967285,-0.08878461731096066,3,60mm,1.1395931
SubNetW8CleanAuxExDnRcK9Rr01QdEma,minbias,0,test,36.521103,40.16271209716797,0.09971246490939634,2,40mm,3.3057637
SubNetW8CleanAuxExDnRcK9Rr01QdEma,minbias,0,test,54.88879,53.74996566772461,-0.02074785143160629,2,40mm,4.5553274
SubNetW8CleanAuxExDnRcK9Rr01QdEma,minbias,0,test,18.939405,18.424692153930664,-0.02717684506777296,3,60mm,3.526641
SubNetW8CleanAuxExDnRcK9Rr01QdEma,minbias,0,test,51.405636,60.65749740600586,0.1799775729297204,1,30mm,2.4517775
SubNetW8CleanAuxExDnRcK9Rr01QdEma,minbias,0,test,5.173469,4.88675594329834,-0.05541989709988915,3,60mm,1.0680004
SubNetW8CleanAuxExDnRcK9Rr01QdEma,minbias,0,test,26.588915,26.152626037597656,-0.016408673905322635,3,60mm,4.677141
SubNetW8CleanAuxExDnRcK9Rr01QdEma,minbias,0,test,24.103771,23.930015563964844,-0.007208649810030887,1,30mm,1.405779
SubNetW8CleanAuxExDnRcK9Rr01QdEma,minbias,0,test,93.52966,93.43074035644531,-0.001057661561351897,1,30mm,4.6115937
SubNetW8CleanAuxExDnRcK9Rr01QdEma,minbias,0,test,14.732511,14.938974380493164,0.014014163631299148,1,30mm,0.8099467
SubNetW8CleanAuxExDnRcK9Rr01QdEma,minbias,0,test,20.140697,19.970090866088867,-0.008470740069203897,4,120mm,4.5487866
SubNetW8CleanAuxExDnRcK9Rr01QdEma,minbias,0,test,25.634785,25.109071731567383,-0.020507797241222314,2,40mm,3.0828543
SubNetW8CleanAuxExDnRcK9Rr01QdEma,minbias,0,test,3.873253,3.9648149013519287,0.02363950708871898,3,60mm,0.5458658
SubNetW8CleanAuxExDnRcK9Rr01QdEma,minbias,0,test,5.295826,6.041219234466553,0.14075109002650055,2,40mm,0.6633449
SubNetW8CleanAuxExDnRcK9Rr01QdEma,minbias,0,test,10.375913,10.46257209777832,0.008351981579298284,3,60mm,2.010571
SubNetW8CleanAuxExDnRcK9Rr01QdEma,minbias,0,test,57.814262,54.668460845947266,-0.054412205814566184,2,40mm,4.0268846
SubNetW8CleanAuxExDnRcK9Rr01QdEma,minbias,0,test,36.36202,38.42249298095703,0.056665566872305506,0,15mm,1.6768031
SubNetW8CleanAuxExDnRcK9Rr01QdEma,minbias,0,test,7.0418434,6.636563301086426,-0.057553127693356965,3,60mm,1.5273099
SubNetW8CleanAuxExDnRcK9Rr01QdEma,minbias,0,test,8.336022,8.516386032104492,0.021636656781016894,2,40mm,1.088544
SubNetW8CleanAuxExDnRcK9Rr01QdEma,minbias,0,test,46.707012,46.899391174316406,0.004118846161165202,2,40mm,3.6274335
SubNetW8CleanAuxExDnRcK9Rr01QdEma,minbias,0,test,71.32476,70.47789001464844,-0.011873442226436492,0,15mm,2.299504
SubNetW8CleanAuxExDnRcK9Rr01QdEma,minbias,0,test,63.424675,65.11724853515625,0.0266863574419427,1,30mm,2.739022
SubNetW8CleanAuxExDnRcK9Rr01QdEma,minbias,0,test,25.95158,25.335317611694336,-0.023746624859934173,3,60mm,4.7167606
SubNetW8CleanAuxExDnRcK9Rr01QdEma,minbias,0,test,67.82052,65.77232360839844,-0.030200224515322893,2,40mm,4.1537776
SubNetW8CleanAuxExDnRcK9Rr01QdEma,minbias,0,test,43.274822,45.100826263427734,0.04219552927103498,1,30mm,3.688952
SubNetW8CleanAuxExDnRcK9Rr01QdEma,minbias,0,test,37.713997,37.63411331176758,-0.002118141327697609,2,40mm,3.983567
SubNetW8CleanAuxExDnRcK9Rr01QdEma,minbias,0,test,27.545061,27.273183822631836,-0.00987027357529957,3,60mm,4.6122203
SubNetW8CleanAuxExDnRcK9Rr01QdEma,minbias,0,test,8.56718,8.70354175567627,0.015916798865099002,3,60mm,1.595607
SubNetW8CleanAuxExDnRcK9Rr01QdEma,minbias,0,test,26.438759,26.19200325012207,-0.009333100747075163,3,60mm,4.2910457
SubNetW8CleanAuxExDnRcK9Rr01QdEma,minbias,0,test,42.298626,42.30024719238281,3.83285816414336e-05,1,30mm,3.181342
SubNetW8CleanAuxExDnRcK9Rr01QdEma,minbias,0,test,7.191019,5.311298847198486,-0.2613983075011306,2,40mm,0.8328645
SubNetW8CleanAuxExDnRcK9Rr01QdEma,minbias,0,test,82.97419,50.42945098876953,-0.3922272560218095,0,15mm,2.5480423
SubNetW8CleanAuxExDnRcK9Rr01QdEma,minbias,0,test,96.37298,90.79744720458984,-0.057853675474095145,0,15mm,4.54472
SubNetW8CleanAuxExDnRcK9Rr01QdEma,minbias,0,test,75.82952,75.2188720703125,-0.008052920543222708,0,15mm,2.1325076
SubNetW8CleanAuxExDnRcK9Rr01QdEma,minbias,0,test,10.311001,9.976213455200195,-0.03246894986139304,3,60mm,2.331069
SubNetW8CleanAuxExDnRcK9Rr01QdEma,minbias,0,test,23.051115,23.074525833129883,0.0010156036739465968,3,60mm,4.377619
SubNetW8CleanAuxExDnRcK9Rr01QdEma,minbias,0,test,30.58411,30.64032745361328,0.001838117673706563,3,60mm,4.9914603
SubNetW8CleanAuxExDnRcK9Rr01QdEma,minbias,0,test,58.55508,57.242000579833984,-0.022424695256237803,1,30mm,3.065242
SubNetW8CleanAuxExDnRcK9Rr01QdEma,minbias,0,test,14.451664,14.095625877380371,-0.024636477452191774,3,60mm,2.5179203
SubNetW8CleanAuxExDnRcK9Rr01QdEma,minbias,0,test,38.70019,37.89529037475586,-0.020798375715855966,2,40mm,3.5680842
SubNetW8CleanAuxExDnRcK9Rr01QdEma,minbias,0,test,73.68124,74.2088851928711,0.007161238770052147,1,30mm,4.230868
SubNetW8CleanAuxExDnRcK9Rr01QdEma,minbias,0,test,81.9208,87.65487670898438,0.06999537975378489,1,30mm,3.1947439
SubNetW8CleanAuxExDnRcK9Rr01QdEma,minbias,0,test,8.703515,7.7880988121032715,-0.10517776267855405,2,40mm,0.8995786
SubNetW8CleanAuxExDnRcK9Rr01QdEma,minbias,0,test,16.170055,22.03518295288086,0.36271536628871326,1,30mm,1.2655818
SubNetW8CleanAuxExDnRcK9Rr01QdEma,minbias,0,test,18.173775,18.19628143310547,0.001238417126595115,3,60mm,3.1857219
SubNetW8CleanAuxExDnRcK9Rr01QdEma,minbias,0,test,24.44085,23.806310653686523,-0.025962217704262658,2,40mm,2.6012785
SubNetW8CleanAuxExDnRcK9Rr01QdEma,minbias,0,test,32.292114,30.53235626220703,-0.054494976128103056,0,15mm,1.0549903
SubNetW8CleanAuxExDnRcK9Rr01QdEma,minbias,0,test,14.0109,14.271202087402344,0.01857857468944779,3,60mm,2.2467523
SubNetW8CleanAuxExDnRcK9Rr01QdEma,minbias,0,test,6.4609566,7.773477077484131,0.20314646741071773,2,40mm,1.3535583
SubNetW8CleanAuxExDnRcK9Rr01QdEma,minbias,0,test,84.082405,82.53471374511719,-0.0184068396182544,1,30mm,3.5977037
SubNetW8CleanAuxExDnRcK9Rr01QdEma,minbias,0,test,20.545164,20.706579208374023,0.007856598236303691,3,60mm,4.179337
SubNetW8CleanAuxExDnRcK9Rr01QdEma,minbias,0,test,61.401,61.64286804199219,0.003939138802020681,2,40mm,3.7348928
SubNetW8CleanAuxExDnRcK9Rr01QdEma,minbias,0,test,41.89258,40.98418426513672,-0.021683885320993967,0,15mm,1.2630917
SubNetW8CleanAuxExDnRcK9Rr01QdEma,minbias,0,test,14.85511,15.385274887084961,0.035689046571574234,2,40mm,1.7071073
SubNetW8CleanAuxExDnRcK9Rr01QdEma,minbias,0,test,58.99091,58.3298454284668,-0.011206203679448024,1,30mm,3.4924605
SubNetW8CleanAuxExDnRcK9Rr01QdEma,minbias,0,test,68.80359,65.7806396484375,-0.043935923525519005,0,15mm,2.5652566
SubNetW8CleanAuxExDnRcK9Rr01QdEma,minbias,0,test,18.316622,18.269908905029297,-0.0025502997182705878,4,120mm,4.2158303
SubNetW8CleanAuxExDnRcK9Rr01QdEma,minbias,0,test,36.58118,36.23891830444336,-0.009356238992560328,2,40mm,4.343362
SubNetW8CleanAuxExDnRcK9Rr01QdEma,minbias,0,test,22.136791,22.79836654663086,0.02988578202376102,2,40mm,3.7236385
SubNetW8CleanAuxExDnRcK9Rr01QdEma,minbias,0,test,28.24203,28.51155662536621,0.009543486889304731,0,15mm,0.6286417
SubNetW8CleanAuxExDnRcK9Rr01QdEma,minbias,0,test,48.66239,48.51902770996094,-0.0029460934355782786,2,40mm,4.124253
SubNetW8CleanAuxExDnRcK9Rr01QdEma,minbias,0,test,91.35072,96.80221557617188,0.05967650955165915,1,30mm,4.745284
SubNetW8CleanAuxExDnRcK9Rr01QdEma,minbias,0,test,20.337446,20.447784423828125,0.005425371991410355,2,40mm,2.0649705
SubNetW8CleanAuxExDnRcK9Rr01QdEma,minbias,0,test,21.78748,21.847421646118164,0.0027512244248708573,3,60mm,3.1190553
SubNetW8CleanAuxExDnRcK9Rr01QdEma,minbias,0,test,5.804521,6.148045063018799,0.059182139960501035,3,60mm,1.3699914
SubNetW8CleanAuxExDnRcK9Rr01QdEma,minbias,0,test,66.41215,69.06356811523438,0.03992372920006071,0,15mm,1.5407617
SubNetW8CleanAuxExDnRcK9Rr01QdEma,minbias,0,test,64.114655,63.386085510253906,-0.011363533594268005,1,30mm,3.2047946
SubNetW8CleanAuxExDnRcK9Rr01QdEma,minbias,0,test,66.65619,67.27962493896484,0.009353009582499627,1,30mm,3.8740382
SubNetW8CleanAuxExDnRcK9Rr01QdEma,minbias,0,test,6.7008443,6.378214359283447,-0.048147653449101435,4,120mm,1.501877
SubNetW8CleanAuxExDnRcK9Rr01QdEma,minbias,0,test,21.409885,21.84376335144043,0.02026530907141999,1,30mm,1.6849021
SubNetW8CleanAuxExDnRcK9Rr01QdEma,minbias,0,test,72.8458,70.32538604736328,-0.03459933420925432,1,30mm,2.8287973
SubNetW8CleanAuxExDnRcK9Rr01QdEma,minbias,0,test,63.802986,65.70173645019531,0.02975958367936049,1,30mm,3.4414449
SubNetW8CleanAuxExDnRcK9Rr01QdEma,minbias,0,test,44.48232,43.980892181396484,-0.011272494542171385,2,40mm,4.1375246
SubNetW8CleanAuxExDnRcK9Rr01QdEma,minbias,0,test,38.62788,37.85260772705078,-0.020070280001109997,1,30mm,2.788533
SubNetW8CleanAuxExDnRcK9Rr01QdEma,minbias,0,test,65.44041,65.11494445800781,-0.004973415619292765,0,15mm,2.8162353
SubNetW8CleanAuxExDnRcK9Rr01QdEma,minbias,0,test,61.740303,60.913429260253906,-0.013392771635202028,2,40mm,4.479208
SubNetW8CleanAuxExDnRcK9Rr01QdEma,minbias,0,test,46.724182,46.231353759765625,-0.010547608255206509,2,40mm,4.9205303
SubNetW8CleanAuxExDnRcK9Rr01QdEma,minbias,0,test,20.127111,20.649559020996094,0.025957405152172486,3,60mm,2.2543793
SubNetW8CleanAuxExDnRcK9Rr01QdEma,minbias,0,test,13.8293915,14.060832977294922,0.016735479514477625,2,40mm,1.9119554
SubNetW8CleanAuxExDnRcK9Rr01QdEma,minbias,0,test,39.01285,41.0335693359375,0.051796203866535384,2,40mm,3.3837423
SubNetW8CleanAuxExDnRcK9Rr01QdEma,minbias,0,test,7.2379084,6.839375972747803,-0.055061817667231394,2,40mm,0.91014624
SubNetW8CleanAuxExDnRcK9Rr01QdEma,minbias,0,test,6.9458256,7.351534366607666,0.05841044888624913,2,40mm,0.7606088
SubNetW8CleanAuxExDnRcK9Rr01QdEma,minbias,0,test,26.95772,27.45281219482422,0.01836551442734824,0,15mm,0.5609095
SubNetW8CleanAuxExDnRcK9Rr01QdEma,minbias,0,test,15.015425,14.579710006713867,-0.029017808657504585,2,40mm,1.8451905
SubNetW8CleanAuxExDnRcK9Rr01QdEma,minbias,0,test,35.59758,36.096588134765625,0.014018036600436545,3,60mm,4.964374
SubNetW8CleanAuxExDnRcK9Rr01QdEma,minbias,0,test,11.873781,12.241225242614746,0.030945832003406837,3,60mm,1.9803141
SubNetW8CleanAuxExDnRcK9Rr01QdEma,minbias,0,test,17.112827,18.028446197509766,0.053504828885260425,4,120mm,3.7460678
SubNetW8CleanAuxExDnRcK9Rr01QdEma,minbias,0,test,17.56714,17.02630043029785,-0.030787033694340882,3,60mm,2.5826385
SubNetW8CleanAuxExDnRcK9Rr01QdEma,minbias,0,test,61.06103,58.71349334716797,-0.038445763898967034,2,40mm,4.5439887
SubNetW8CleanAuxExDnRcK9Rr01QdEma,minbias,0,test,38.2117,38.328006744384766,0.003043735389790525,2,40mm,3.0523894
SubNetW8CleanAuxExDnRcK9Rr01QdEma,minbias,0,test,25.009909,25.426008224487305,0.016637387754105948,3,60mm,4.494548
SubNetW8CleanAuxExDnRcK9Rr01QdEma,minbias,0,test,97.861534,101.94898986816406,0.041767746503502456,1,30mm,4.931723
SubNetW8CleanAuxExDnRcK9Rr01QdEma,minbias,0,test,78.08319,75.06269073486328,-0.0386831038485439,1,30mm,4.2832174
SubNetW8CleanAuxExDnRcK9Rr01QdEma,minbias,0,test,19.459162,18.990068435668945,-0.02410655343624246,2,40mm,1.7810217
SubNetW8CleanAuxExDnRcK9Rr01QdEma,minbias,0,test,22.225431,22.490076065063477,0.011907288436233676,3,60mm,3.1502404
SubNetW8CleanAuxExDnRcK9Rr01QdEma,minbias,0,test,28.49709,28.393543243408203,-0.0036335690700063372,2,40mm,2.6270952
SubNetW8CleanAuxExDnRcK9Rr01QdEma,minbias,0,test,6.0908017,5.847092628479004,-0.04001264509031588,3,60mm,1.1860402
SubNetW8CleanAuxExDnRcK9Rr01QdEma,minbias,0,test,41.444576,41.6309814453125,0.00449769785797649,1,30mm,4.226334
SubNetW8CleanAuxExDnRcK9Rr01QdEma,minbias,0,test,9.379243,9.52477741241455,0.0155166591779905,3,60mm,1.5765657
SubNetW8CleanAuxExDnRcK9Rr01QdEma,minbias,0,test,32.311726,32.52161407470703,0.006495736586258571,2,40mm,3.143976
SubNetW8CleanAuxExDnRcK9Rr01QdEma,minbias,0,test,31.432756,31.739492416381836,0.009758482148193748,3,60mm,3.3761132
SubNetW8CleanAuxExDnRcK9Rr01QdEma,minbias,0,test,40.670803,47.503700256347656,0.16800497335908182,2,40mm,4.780608
SubNetW8CleanAuxExDnRcK9Rr01QdEma,minbias,0,test,17.504192,16.40288543701172,-0.06291675120553697,3,60mm,3.528875
SubNetW8CleanAuxExDnRcK9Rr01QdEma,minbias,0,test,23.810987,23.761903762817383,-0.0020613890865892603,4,120mm,4.6812587
SubNetW8CleanAuxExDnRcK9Rr01QdEma,minbias,0,test,37.29273,37.023345947265625,-0.0072234585183301725,1,30mm,1.6900331
SubNetW8CleanAuxExDnRcK9Rr01QdEma,minbias,0,test,26.784943,22.07168960571289,-0.17596651547415998,3,60mm,4.453325
SubNetW8CleanAuxExDnRcK9Rr01QdEma,minbias,0,test,8.192185,7.982508182525635,-0.025594784432224515,4,120mm,1.7721481
SubNetW8CleanAuxExDnRcK9Rr01QdEma,minbias,0,test,71.484314,75.9279556274414,0.06216247196249314,0,15mm,2.4644942
SubNetW8CleanAuxExDnRcK9Rr01QdEma,minbias,0,test,29.037186,31.013898849487305,0.06807523301598906,2,40mm,3.68145
SubNetW8CleanAuxExDnRcK9Rr01QdEma,minbias,0,test,16.461851,15.828944206237793,-0.03844688602417101,3,60mm,2.04158
SubNetW8CleanAuxExDnRcK9Rr01QdEma,minbias,0,test,68.50924,67.533935546875,-0.014236089341190916,2,40mm,4.467001
SubNetW8CleanAuxExDnRcK9Rr01QdEma,minbias,0,test,26.74322,25.756256103515625,-0.036905178027849206,3,60mm,4.8921056
SubNetW8CleanAuxExDnRcK9Rr01QdEma,minbias,0,test,30.66503,30.34321403503418,-0.010494543644653964,2,40mm,4.301739
SubNetW8CleanAuxExDnRcK9Rr01QdEma,minbias,0,test,16.260925,15.744410514831543,-0.03176416894065359,2,40mm,2.2248776
SubNetW8CleanAuxExDnRcK9Rr01QdEma,minbias,0,test,73.1326,67.14064025878906,-0.08193280028576089,0,15mm,2.294885
SubNetW8CleanAuxExDnRcK9Rr01QdEma,minbias,0,test,12.862022,13.217292785644531,0.02762165814179318,4,120mm,2.8952284
SubNetW8CleanAuxExDnRcK9Rr01QdEma,minbias,0,test,9.601804,12.939242362976074,0.34758454348588486,1,30mm,0.5432782
SubNetW8CleanAuxExDnRcK9Rr01QdEma,minbias,0,test,22.726963,22.680885314941406,-0.0020274476701472866,2,40mm,2.6201293
SubNetW8CleanAuxExDnRcK9Rr01QdEma,minbias,0,test,23.9446,25.94285011291504,0.0834530972371379,0,15mm,0.7460165
SubNetW8CleanAuxExDnRcK9Rr01QdEma,minbias,0,test,78.786385,77.56243896484375,-0.015534988997925714,1,30mm,4.355312
SubNetW8CleanAuxExDnRcK9Rr01QdEma,minbias,0,test,7.3649406,7.633955955505371,0.036526473901614676,2,40mm,1.4430488
SubNetW8CleanAuxExDnRcK9Rr01QdEma,minbias,0,test,8.724746,8.132908821105957,-0.06783428953128023,1,30mm,0.87163347
SubNetW8CleanAuxExDnRcK9Rr01QdEma,minbias,0,test,26.189505,26.450618743896484,0.009970181728827576,0,15mm,0.64105093
SubNetW8CleanAuxExDnRcK9Rr01QdEma,minbias,0,test,36.661976,38.837913513183594,0.059351347043097746,2,40mm,2.736031
SubNetW8CleanAuxExDnRcK9Rr01QdEma,minbias,0,test,18.869518,18.27962875366211,-0.03126150427440966,3,60mm,4.0327277
SubNetW8CleanAuxExDnRcK9Rr01QdEma,minbias,0,test,31.359222,31.8941593170166,0.017058359989840177,1,30mm,1.7069921
SubNetW8CleanAuxExDnRcK9Rr01QdEma,minbias,0,test,32.405678,32.25570297241211,-0.004628041540895911,2,40mm,4.084356
SubNetW8CleanAuxExDnRcK9Rr01QdEma,minbias,0,test,37.77762,37.23957443237305,-0.014242400619760787,2,40mm,3.0619898
SubNetW8CleanAuxExDnRcK9Rr01QdEma,minbias,0,test,56.86325,56.5922737121582,-0.004765415567583253,2,40mm,4.5594683
SubNetW8CleanAuxExDnRcK9Rr01QdEma,minbias,0,test,27.564182,28.534475326538086,0.035201227271500546,3,60mm,3.4059517
SubNetW8CleanAuxExDnRcK9Rr01QdEma,minbias,0,test,18.011675,18.850257873535156,0.04655774646694133,3,60mm,2.6336231
SubNetW8CleanAuxExDnRcK9Rr01QdEma,minbias,0,test,74.27998,70.0790786743164,-0.05655500509139977,0,15mm,2.2507813
SubNetW8CleanAuxExDnRcK9Rr01QdEma,minbias,0,test,51.776913,49.9808349609375,-0.03468877603908993,1,30mm,2.9424791
SubNetW8CleanAuxExDnRcK9Rr01QdEma,minbias,0,test,21.651093,20.89971923828125,-0.03470371252623461,2,40mm,3.4692903
SubNetW8CleanAuxExDnRcK9Rr01QdEma,minbias,0,test,23.454084,22.76975440979004,-0.029177433448581147,3,60mm,3.1287744
SubNetW8CleanAuxExDnRcK9Rr01QdEma,minbias,0,test,64.33296,65.30042266845703,0.015038334963977551,0,15mm,1.3476866
SubNetW8CleanAuxExDnRcK9Rr01QdEma,minbias,0,test,10.530177,10.739466667175293,0.019875216576881183,2,40mm,1.2738119
SubNetW8CleanAuxExDnRcK9Rr01QdEma,minbias,0,test,39.510666,39.94310760498047,0.01094493604817548,2,40mm,3.4749866
SubNetW8CleanAuxExDnRcK9Rr01QdEma,minbias,0,test,38.085194,37.33739471435547,-0.01963489871847457,2,40mm,4.738944
SubNetW8CleanAuxExDnRcK9Rr01QdEma,minbias,0,test,17.05486,16.71316909790039,-0.020034763127822597,3,60mm,2.2605455
SubNetW8CleanAuxExDnRcK9Rr01QdEma,minbias,0,test,17.059994,15.551095008850098,-0.08844661713819335,1,30mm,0.898952
SubNetW8CleanAuxExDnRcK9Rr01QdEma,minbias,0,test,5.7536535,6.339351177215576,0.10179578040832116,3,60mm,1.0481714
SubNetW8CleanAuxExDnRcK9Rr01QdEma,minbias,0,test,21.839998,20.841392517089844,-0.04572370917507251,4,120mm,4.292239
SubNetW8CleanAuxExDnRcK9Rr01QdEma,minbias,0,test,15.102638,14.51772403717041,-0.03872927352057276,2,40mm,1.8428501
SubNetW8CleanAuxExDnRcK9Rr01QdEma,minbias,0,test,55.9429,63.72501754760742,0.1391081926773612,0,15mm,1.51558
SubNetW8CleanAuxExDnRcK9Rr01QdEma,minbias,0,test,33.204613,32.99136734008789,-0.00642216169082499,0,15mm,0.7139963
SubNetW8CleanAuxExDnRcK9Rr01QdEma,minbias,0,test,13.876886,14.602813720703125,0.05231197645242891,3,60mm,1.9487866
SubNetW8CleanAuxExDnRcK9Rr01QdEma,minbias,0,test,44.68996,44.36408996582031,-0.007291805819872543,2,40mm,4.2320046
SubNetW8CleanAuxExDnRcK9Rr01QdEma,minbias,0,test,46.4207,45.39432907104492,-0.022110200849575046,1,30mm,4.2030673
SubNetW8CleanAuxExDnRcK9Rr01QdEma,minbias,0,test,26.83907,22.303619384765625,-0.16898685717315165,1,30mm,2.757463
SubNetW8CleanAuxExDnRcK9Rr01QdEma,minbias,0,test,10.37025,9.823620796203613,-0.052711262052263175,4,120mm,2.478805
SubNetW8CleanAuxExDnRcK9Rr01QdEma,minbias,0,test,25.573772,24.977693557739258,-0.0233082105623037,2,40mm,3.1668673
SubNetW8CleanAuxExDnRcK9Rr01QdEma,minbias,0,test,16.54811,17.026487350463867,0.028908335950714514,3,60mm,2.2042398
SubNetW8CleanAuxExDnRcK9Rr01QdEma,minbias,0,test,53.69418,52.970211029052734,-0.013483184064459919,1,30mm,2.1722643
SubNetW8CleanAuxExDnRcK9Rr01QdEma,minbias,0,test,42.702248,42.255340576171875,-0.01046565622114004,0,15mm,1.3708953
SubNetW8CleanAuxExDnRcK9Rr01QdEma,minbias,0,test,17.968296,18.298080444335938,0.018353682083935174,4,120mm,4.168707
SubNetW8CleanAuxExDnRcK9Rr01QdEma,minbias,0,test,5.631184,5.957793235778809,0.058000081121481584,3,60mm,1.1959137
SubNetW8CleanAuxExDnRcK9Rr01QdEma,minbias,0,test,31.660206,29.77476692199707,-0.05955232661885912,2,40mm,3.1358774
SubNetW8CleanAuxExDnRcK9Rr01QdEma,minbias,0,test,17.038885,15.245216369628906,-0.10526913789700831,2,40mm,1.7341442
SubNetW8CleanAuxExDnRcK9Rr01QdEma,minbias,0,test,35.01081,33.98091506958008,-0.0294165075702717,3,60mm,4.3748574
SubNetW8CleanAuxExDnRcK9Rr01QdEma,minbias,0,test,14.191795,13.99788761138916,-0.013663369077820176,3,60mm,3.3211029
SubNetW8CleanAuxExDnRcK9Rr01QdEma,minbias,0,test,13.589298,14.314106941223145,0.05333672715758375,2,40mm,1.2931734
SubNetW8CleanAuxExDnRcK9Rr01QdEma,minbias,0,test,4.0216546,4.633221626281738,0.1520685091962659,2,40mm,0.5282984
SubNetW8CleanAuxExDnRcK9Rr01QdEma,minbias,0,test,30.905115,30.229019165039062,-0.02187650684146525,3,60mm,3.9823797
SubNetW8CleanAuxExDnRcK9Rr01QdEma,minbias,0,test,10.701407,10.100295066833496,-0.05617133722933809,1,30mm,1.0061502
SubNetW8CleanAuxExDnRcK9Rr01QdEma,minbias,0,test,39.93426,38.40328598022461,-0.03833738977795065,2,40mm,4.128416
SubNetW8CleanAuxExDnRcK9Rr01QdEma,minbias,0,test,5.558231,5.421813488006592,-0.024543310980911448,3,60mm,0.66622776
SubNetW8CleanAuxExDnRcK9Rr01QdEma,minbias,0,test,15.9275055,15.384753227233887,-0.034076413670873995,3,60mm,3.3764868
SubNetW8CleanAuxExDnRcK9Rr01QdEma,minbias,0,test,20.410566,19.522951126098633,-0.04348802426685694,4,120mm,4.2550054
SubNetW8CleanAuxExDnRcK9Rr01QdEma,minbias,0,test,70.98806,53.31638717651367,-0.24893866407467236,1,30mm,4.230611
SubNetW8CleanAuxExDnRcK9Rr01QdEma,minbias,0,test,4.8238244,6.792583465576172,0.40813240581307797,2,40mm,0.7677132
SubNetW8CleanAuxExDnRcK9Rr01QdEma,minbias,0,test,2.5609028,2.9589295387268066,0.15542436812257088,3,60mm,0.5307478
SubNetW8CleanAuxExDnRcK9Rr01QdEma,minbias,0,test,6.297443,6.201887607574463,-0.015173667598138652,3,60mm,0.8977751
SubNetW8CleanAuxExDnRcK9Rr01QdEma,minbias,0,test,8.556308,9.116692543029785,0.06549375781533961,3,60mm,1.3259002
SubNetW8CleanAuxExDnRcK9Rr01QdEma,minbias,0,test,20.14275,18.968505859375,-0.0582961084983602,3,60mm,3.3500051
SubNetW8CleanAuxExDnRcK9Rr01QdEma,minbias,0,test,6.497011,6.183448314666748,-0.04826263355747651,3,60mm,0.769437
SubNetW8CleanAuxExDnRcK9Rr01QdEma,minbias,0,test,91.88783,86.94624328613281,-0.05377849507826438,0,15mm,2.5217695
SubNetW8CleanAuxExDnRcK9Rr01QdEma,minbias,0,test,14.32089,13.43105411529541,-0.062135543589196485,4,120mm,2.91841
SubNetW8CleanAuxExDnRcK9Rr01QdEma,minbias,0,test,13.004682,12.523723602294922,-0.036983449513826816,2,40mm,1.7852877
SubNetW8CleanAuxExDnRcK9Rr01QdEma,minbias,0,test,77.670235,78.350341796875,0.00875634172472517,1,30mm,4.37936
SubNetW8CleanAuxExDnRcK9Rr01QdEma,minbias,0,test,77.58487,78.74112701416016,0.014903133027914572,0,15mm,2.2440493
SubNetW8CleanAuxExDnRcK9Rr01QdEma,minbias,0,test,44.49073,45.2030029296875,0.01600946173438733,0,15mm,1.2667762
SubNetW8CleanAuxExDnRcK9Rr01QdEma,minbias,0,test,3.233694,3.637481689453125,0.12486883525708281,2,40mm,0.54065424
SubNetW8CleanAuxExDnRcK9Rr01QdEma,minbias,0,test,87.518166,83.91887664794922,-0.04112619267362272,0,15mm,1.9348
SubNetW8CleanAuxExDnRcK9Rr01QdEma,minbias,0,test,61.59856,68.11540222167969,0.10579536036509984,1,30mm,3.630023
SubNetW8CleanAuxExDnRcK9Rr01QdEma,minbias,0,test,45.285675,45.151161193847656,-0.0029703400652729695,2,40mm,4.252272
SubNetW8CleanAuxExDnRcK9Rr01QdEma,minbias,0,test,21.847084,21.267101287841797,-0.026547376133255973,3,60mm,3.819985
SubNetW8CleanAuxExDnRcK9Rr01QdEma,minbias,0,test,25.74964,25.373485565185547,-0.014608124737458095,3,60mm,4.344112
SubNetW8CleanAuxExDnRcK9Rr01QdEma,minbias,0,test,34.784565,36.395973205566406,0.046325381241456354,2,40mm,4.509813
SubNetW8CleanAuxExDnRcK9Rr01QdEma,minbias,0,test,7.7047796,7.636673450469971,-0.008839470794018145,3,60mm,1.596681
SubNetW8CleanAuxExDnRcK9Rr01QdEma,minbias,0,test,3.2726161,3.413848400115967,0.04315576460364867,3,60mm,0.7845022
SubNetW8CleanAuxExDnRcK9Rr01QdEma,minbias,0,test,3.6259785,3.310969829559326,-0.08687548558512448,3,60mm,0.83851975
SubNetW8CleanAuxExDnRcK9Rr01QdEma,minbias,0,test,4.621125,4.84271764755249,0.04795204970446387,3,60mm,0.83209205
SubNetW8CleanAuxExDnRcK9Rr01QdEma,minbias,0,test,25.289999,24.332656860351562,-0.03785457435239703,3,60mm,3.9560206
SubNetW8CleanAuxExDnRcK9Rr01QdEma,minbias,0,test,12.760824,14.177523612976074,0.11101942843921253,3,60mm,1.9314392
SubNetW8CleanAuxExDnRcK9Rr01QdEma,minbias,0,test,26.162954,25.642545700073242,-0.019891049909662728,3,60mm,4.606167
SubNetW8CleanAuxExDnRcK9Rr01QdEma,minbias,0,test,38.419125,38.054622650146484,-0.009487513234332279,2,40mm,2.5314484
SubNetW8CleanAuxExDnRcK9Rr01QdEma,minbias,0,test,14.82071,13.352130889892578,-0.09908967075425013,1,30mm,0.91553295
SubNetW8CleanAuxExDnRcK9Rr01QdEma,minbias,0,test,12.832266,14.074925422668457,0.09683867081125896,2,40mm,1.2422018
SubNetW8CleanAuxExDnRcK9Rr01QdEma,minbias,0,test,20.455822,20.05559730529785,-0.01956531914707127,1,30mm,1.1083677
SubNetW8CleanAuxExDnRcK9Rr01QdEma,minbias,0,test,27.104109,26.927885055541992,-0.0065017358111783,3,60mm,4.6996017
SubNetW8CleanAuxExDnRcK9Rr01QdEma,minbias,0,test,50.87718,54.85613250732422,0.07820705582685705,0,15mm,1.5296773
SubNetW8CleanAuxExDnRcK9Rr01QdEma,minbias,0,test,30.61657,32.1353645324707,0.04960696241566409,1,30mm,1.7459521
SubNetW8CleanAuxExDnRcK9Rr01QdEma,minbias,0,test,10.494175,10.726506233215332,0.02213907018758743,2,40mm,0.78001565
SubNetW8CleanAuxExDnRcK9Rr01QdEma,minbias,0,test,21.085852,20.46051025390625,-0.029656919967591344,4,120mm,4.4395075
SubNetW8CleanAuxExDnRcK9Rr01QdEma,minbias,0,test,18.25935,18.343303680419922,0.004597855796383943,2,40mm,2.8949637
SubNetW8CleanAuxExDnRcK9Rr01QdEma,minbias,0,test,11.985641,11.72797679901123,-0.021497701875140995,3,60mm,2.2200928
SubNetW8CleanAuxExDnRcK9Rr01QdEma,minbias,0,test,27.422173,25.63787078857422,-0.06506784809971622,3,60mm,3.6058774
SubNetW8CleanAuxExDnRcK9Rr01QdEma,minbias,0,test,15.325349,15.326327323913574,6.384649758706118e-05,4,120mm,3.0245023
SubNetW8CleanAuxExDnRcK9Rr01QdEma,minbias,0,test,11.709316,12.267836570739746,0.04769879854453141,2,40mm,1.0264887
SubNetW8CleanAuxExDnRcK9Rr01QdEma,minbias,0,test,4.7818265,4.40260124206543,-0.07930552360404641,3,60mm,0.9136924
SubNetW8CleanAuxExDnRcK9Rr01QdEma,minbias,0,test,79.29726,25.48180389404297,-0.6786546593352671,1,30mm,3.2394326
SubNetW8CleanAuxExDnRcK9Rr01QdEma,minbias,0,test,12.109424,11.674798011779785,-0.035891520407987265,3,60mm,1.6526488
SubNetW8CleanAuxExDnRcK9Rr01QdEma,minbias,0,test,94.9122,94.12590789794922,-0.008284425206658508,0,15mm,2.7145283
SubNetW8CleanAuxExDnRcK9Rr01QdEma,minbias,0,test,25.691383,27.500179290771484,0.07040476970358034,3,60mm,2.773567
SubNetW8CleanAuxExDnRcK9Rr01QdEma,minbias,0,test,12.015073,13.465052604675293,0.12068006607339465,2,40mm,0.98910725
SubNetW8CleanAuxExDnRcK9Rr01QdEma,minbias,0,test,13.238937,12.990406036376953,-0.018772756034563187,4,120mm,2.7942612
SubNetW8CleanAuxExDnRcK9Rr01QdEma,minbias,0,test,75.409805,73.11688995361328,-0.030406063709908615,1,30mm,3.7915294
SubNetW8CleanAuxExDnRcK9Rr01QdEma,minbias,0,test,76.75994,75.2517318725586,-0.019648389601155114,1,30mm,3.2074478
SubNetW8CleanAuxExDnRcK9Rr01QdEma,minbias,0,test,8.178011,10.12143325805664,0.23763997524974734,1,30mm,0.61982316
SubNetW8CleanAuxExDnRcK9Rr01QdEma,minbias,0,test,27.445894,28.009456634521484,0.020533577380756673,3,60mm,3.2609792
SubNetW8CleanAuxExDnRcK9Rr01QdEma,minbias,0,test,5.2362456,4.657890319824219,-0.11045228833307241,3,60mm,0.52146304
SubNetW8CleanAuxExDnRcK9Rr01QdEma,minbias,0,test,47.697926,44.94574737548828,-0.05770016535072553,3,60mm,4.894326
SubNetW8CleanAuxExDnRcK9Rr01QdEma,minbias,0,test,45.732876,45.34326171875,-0.008519344086827862,2,40mm,4.432673
SubNetW8CleanAuxExDnRcK9Rr01QdEma,minbias,0,test,11.774489,12.235194206237793,0.03912737000369426,3,60mm,1.7113937
SubNetW8CleanAuxExDnRcK9Rr01QdEma,minbias,0,test,23.68964,23.435455322265625,-0.010729784091939254,2,40mm,4.566088
SubNetW8CleanAuxExDnRcK9Rr01QdEma,minbias,0,test,97.72365,94.14983367919922,-0.036570619933086856,0,15mm,2.917097
SubNetW8CleanAuxExDnRcK9Rr01QdEma,minbias,0,test,89.78752,85.9091567993164,-0.04319491733532277,0,15mm,2.0196102
SubNetW8CleanAuxExDnRcK9Rr01QdEma,minbias,0,test,17.463173,16.66835594177246,-0.04551389228081382,3,60mm,2.6638083
SubNetW8CleanAuxExDnRcK9Rr01QdEma,minbias,0,test,4.410603,3.520017147064209,-0.20191930445349338,2,40mm,0.8288573
SubNetW8CleanAuxExDnRcK9Rr01QdEma,minbias,0,test,29.090218,31.018035888671875,0.06627032927318299,3,60mm,4.2658186
SubNetW8CleanAuxExDnRcK9Rr01QdEma,minbias,0,test,8.481216,8.619335174560547,0.016285251652948363,3,60mm,1.5751345
SubNetW8CleanAuxExDnRcK9Rr01QdEma,minbias,0,test,10.15254,10.307527542114258,0.015265867659367105,3,60mm,1.2339301
SubNetW8CleanAuxExDnRcK9Rr01QdEma,minbias,0,test,26.824854,26.702993392944336,-0.0045428207966340395,1,30mm,1.6909776
SubNetW8CleanAuxExDnRcK9Rr01QdEma,minbias,0,test,14.254773,14.20435905456543,-0.003536645928575499,3,60mm,2.434575
SubNetW8CleanAuxExDnRcK9Rr01QdEma,minbias,0,test,23.521233,23.501060485839844,-0.0008576131820725585,3,60mm,4.4004636
SubNetW8CleanAuxExDnRcK9Rr01QdEma,minbias,0,test,45.507103,49.444000244140625,0.08651170962798349,0,15mm,1.0736532
SubNetW8CleanAuxExDnRcK9Rr01QdEma,minbias,0,test,33.84433,33.47172927856445,-0.011009246076008283,3,60mm,4.9436293
SubNetW8CleanAuxExDnRcK9Rr01QdEma,minbias,0,test,10.935793,10.5441312789917,-0.03581465438680176,3,60mm,1.334399
SubNetW8CleanAuxExDnRcK9Rr01QdEma,minbias,0,test,44.096905,44.73711395263672,0.01451823436498012,1,30mm,2.6295104
SubNetW8CleanAuxExDnRcK9Rr01QdEma,minbias,0,test,22.884462,25.497909545898438,0.1142018173121313,0,15mm,0.72659945
SubNetW8CleanAuxExDnRcK9Rr01QdEma,minbias,0,test,30.484713,34.08820343017578,0.1182064885002092,1,30mm,2.666219
SubNetW8CleanAuxExDnRcK9Rr01QdEma,minbias,0,test,27.543976,27.566566467285156,0.0008201661715938613,1,30mm,1.3480207
SubNetW8CleanAuxExDnRcK9Rr01QdEma,minbias,0,test,26.069304,21.519128799438477,-0.17454147599072656,1,30mm,2.2865715
SubNetW8CleanAuxExDnRcK9Rr01QdEma,minbias,0,test,55.471466,55.09379196166992,-0.006808439177439007,2,40mm,4.782184
SubNetW8CleanAuxExDnRcK9Rr01QdEma,minbias,0,test,52.756336,50.76628494262695,-0.03772155938820909,0,15mm,1.2061694
SubNetW8CleanAuxExDnRcK9Rr01QdEma,minbias,0,test,38.50495,36.965240478515625,-0.03998735070352799,2,40mm,4.4227905
SubNetW8CleanAuxExDnRcK9Rr01QdEma,minbias,0,test,26.01096,25.882509231567383,-0.0049383181369476725,2,40mm,2.5830634
SubNetW8CleanAuxExDnRcK9Rr01QdEma,minbias,0,test,12.056791,13.714935302734375,0.13752780115138963,3,60mm,1.4371907
SubNetW8CleanAuxExDnRcK9Rr01QdEma,minbias,0,test,13.117555,13.07250690460205,-0.003434158359659434,3,60mm,1.8537098
SubNetW8CleanAuxExDnRcK9Rr01QdEma,minbias,0,test,11.450852,11.422959327697754,-0.00243589432875857,4,120mm,2.7149265
SubNetW8CleanAuxExDnRcK9Rr01QdEma,minbias,0,test,40.53092,41.70037841796875,0.028853535790376972,2,40mm,4.38447
SubNetW8CleanAuxExDnRcK9Rr01QdEma,minbias,0,test,7.3978124,7.49107027053833,0.012606146173052668,2,40mm,0.5335346
SubNetW8CleanAuxExDnRcK9Rr01QdEma,minbias,0,test,21.633873,22.11749839782715,0.022355008384483677,3,60mm,2.740489
SubNetW8CleanAuxExDnRcK9Rr01QdEma,minbias,0,test,16.30095,15.932367324829102,-0.022611062071573595,3,60mm,2.6790478
SubNetW8CleanAuxExDnRcK9Rr01QdEma,minbias,0,test,9.514126,9.726547241210938,0.022326950596033512,3,60mm,1.1890621
SubNetW8CleanAuxExDnRcK9Rr01QdEma,minbias,0,test,16.952456,18.528982162475586,0.09299694902176192,3,60mm,2.4540653
SubNetW8CleanAuxExDnRcK9Rr01QdEma,minbias,0,test,12.794105,12.700211524963379,-0.007338774713689489,3,60mm,1.9058753
SubNetW8CleanAuxExDnRcK9Rr01QdEma,minbias,0,test,24.427141,36.56058120727539,0.49671960887827504,1,30mm,1.397889
SubNetW8CleanAuxExDnRcK9Rr01QdEma,minbias,0,test,33.628986,33.84501647949219,0.006423926030529659,2,40mm,2.7499533
SubNetW8CleanAuxExDnRcK9Rr01QdEma,minbias,0,test,40.166298,39.37149429321289,-0.01978782364046261,2,40mm,2.9537647
SubNetW8CleanAuxExDnRcK9Rr01QdEma,minbias,0,test,79.27298,81.68938446044922,0.030482072607316724,1,30mm,3.560078
SubNetW8CleanAuxExDnRcK9Rr01QdEma,minbias,0,test,16.914303,16.07630729675293,-0.04954360447480288,2,40mm,1.2364514
SubNetW8CleanAuxExDnRcK9Rr01QdEma,minbias,0,test,23.150167,22.159337997436523,-0.04280009936267004,2,40mm,4.1932116
SubNetW8CleanAuxExDnRcK9Rr01QdEma,minbias,0,test,12.430833,11.961321830749512,-0.037769877311076394,2,40mm,1.0033951
SubNetW8CleanAuxExDnRcK9Rr01QdEma,minbias,0,test,8.840266,8.895874977111816,0.006290393067039712,3,60mm,1.4724885
SubNetW8CleanAuxExDnRcK9Rr01QdEma,minbias,0,test,22.746794,22.01749038696289,-0.032061809154232845,2,40mm,3.5606265
SubNetW8CleanAuxExDnRcK9Rr01QdEma,minbias,0,test,27.334276,27.7587833404541,0.015530213348891264,2,40mm,2.227166
SubNetW8CleanAuxExDnRcK9Rr01QdEma,minbias,0,test,57.48586,58.81876754760742,0.023186722012627614,1,30mm,4.766693
SubNetW8CleanAuxExDnRcK9Rr01QdEma,minbias,0,test,26.847906,26.556922912597656,-0.010838208344892575,2,40mm,2.92136
SubNetW8CleanAuxExDnRcK9Rr01QdEma,minbias,0,test,40.36512,41.39324951171875,0.025470742544942304,1,30mm,2.8333786
SubNetW8CleanAuxExDnRcK9Rr01QdEma,minbias,0,test,39.070137,37.88764190673828,-0.030265957768803364,0,15mm,1.5573399
SubNetW8CleanAuxExDnRcK9Rr01QdEma,minbias,0,test,48.669483,56.14653778076172,0.1536292170507414,1,30mm,2.3809662
SubNetW8CleanAuxExDnRcK9Rr01QdEma,minbias,0,test,37.9029,39.20969009399414,0.03447729261360033,1,30mm,2.393335
SubNetW8CleanAuxExDnRcK9Rr01QdEma,minbias,0,test,41.5487,44.01224899291992,0.05929308645026654,1,30mm,4.154062
SubNetW8CleanAuxExDnRcK9Rr01QdEma,minbias,0,test,77.34564,81.55799102783203,0.05446136103046717,0,15mm,3.459206
SubNetW8CleanAuxExDnRcK9Rr01QdEma,minbias,0,test,21.052105,21.300647735595703,0.011806077645699187,3,60mm,3.7807286
SubNetW8CleanAuxExDnRcK9Rr01QdEma,minbias,0,test,7.12071,7.6232428550720215,0.07057343527791837,3,60mm,1.2214292
SubNetW8CleanAuxExDnRcK9Rr01QdEma,minbias,0,test,32.338764,34.25580978393555,0.059280112930678364,2,40mm,4.376881
SubNetW8CleanAuxExDnRcK9Rr01QdEma,minbias,0,test,65.51554,63.693397521972656,-0.027812386568789815,2,40mm,4.7153263
SubNetW8CleanAuxExDnRcK9Rr01QdEma,minbias,0,test,57.85389,57.29983901977539,-0.009576719053412064,2,40mm,4.3991394
SubNetW8CleanAuxExDnRcK9Rr01QdEma,minbias,0,test,32.958973,45.29466247558594,0.37427408828961406,1,30mm,1.6425712
SubNetW8CleanAuxExDnRcK9Rr01QdEma,minbias,0,test,2.8312635,2.678624153137207,-0.0539121091217144,4,120mm,0.6612603
SubNetW8CleanAuxExDnRcK9Rr01QdEma,minbias,0,test,20.610786,19.796791076660156,-0.03949365851600062,3,60mm,2.4360232
SubNetW8CleanAuxExDnRcK9Rr01QdEma,minbias,0,test,7.76736,7.6969099044799805,-0.009070044909752273,3,60mm,1.5909643
SubNetW8CleanAuxExDnRcK9Rr01QdEma,minbias,0,test,16.056303,14.03923511505127,-0.1256246787438583,1,30mm,1.5853235
SubNetW8CleanAuxExDnRcK9Rr01QdEma,minbias,0,test,30.69865,29.923873901367188,-0.025238127723916093,2,40mm,2.7713244
SubNetW8CleanAuxExDnRcK9Rr01QdEma,minbias,0,test,18.710106,18.792966842651367,0.0044286733124800914,3,60mm,3.197259
SubNetW8CleanAuxExDnRcK9Rr01QdEma,minbias,0,test,4.287351,4.483892440795898,0.04584213033438034,4,120mm,1.0014637
SubNetW8CleanAuxExDnRcK9Rr01QdEma,minbias,0,test,12.8085165,12.62709903717041,-0.014163815550086944,3,60mm,2.240419
SubNetW8CleanAuxExDnRcK9Rr01QdEma,minbias,0,test,16.526007,16.791893005371094,0.016088962785249628,3,60mm,2.9269876
SubNetW8CleanAuxExDnRcK9Rr01QdEma,minbias,0,test,26.63001,26.141767501831055,-0.01833431876058922,3,60mm,3.0784883
SubNetW8CleanAuxExDnRcK9Rr01QdEma,minbias,0,test,35.179237,35.551876068115234,0.010592574776952413,2,40mm,4.5045033
SubNetW8CleanAuxExDnRcK9Rr01QdEma,minbias,0,test,39.277126,38.62078857421875,-0.016710431736252307,3,60mm,4.8204637
SubNetW8CleanAuxExDnRcK9Rr01QdEma,minbias,0,test,14.403542,13.98923397064209,-0.028764286368829772,2,40mm,2.5258021
SubNetW8CleanAuxExDnRcK9Rr01QdEma,minbias,0,test,4.700153,4.64283561706543,-0.012194764396843416,2,40mm,0.6834143
SubNetW8CleanAuxExDnRcK9Rr01QdEma,minbias,0,test,56.770023,60.90846633911133,0.07289838455667108,0,15mm,1.9389539
SubNetW8CleanAuxExDnRcK9Rr01QdEma,minbias,0,test,53.086597,54.3225212097168,0.023281276755880986,1,30mm,3.2601202
SubNetW8CleanAuxExDnRcK9Rr01QdEma,minbias,0,test,23.067867,22.071027755737305,-0.043213337030971744,0,15mm,1.0537946
SubNetW8CleanAuxExDnRcK9Rr01QdEma,minbias,0,test,13.383998,12.580028533935547,-0.060069449219506854,3,60mm,3.1790187
SubNetW8CleanAuxExDnRcK9Rr01QdEma,minbias,0,test,58.155014,61.790863037109375,0.06251995737877913,1,30mm,3.0437098
SubNetW8CleanAuxExDnRcK9Rr01QdEma,minbias,0,test,32.080166,30.961824417114258,-0.03486083740020207,2,40mm,3.7112384
SubNetW8CleanAuxExDnRcK9Rr01QdEma,minbias,0,test,93.910866,88.6526107788086,-0.05599197665789135,0,15mm,3.23802
SubNetW8CleanAuxExDnRcK9Rr01QdEma,minbias,0,test,21.600286,21.553203582763672,-0.0021797350251056002,3,60mm,3.6895034
SubNetW8CleanAuxExDnRcK9Rr01QdEma,minbias,0,test,15.667818,15.819270133972168,0.009666442630540395,4,120mm,3.686827
SubNetW8CleanAuxExDnRcK9Rr01QdEma,minbias,0,test,53.08072,54.40364456176758,0.024922902189267404,2,40mm,4.4284325
SubNetW8CleanAuxExDnRcK9Rr01QdEma,minbias,0,test,7.944154,7.965795993804932,0.002724293698632474,2,40mm,0.68977916
SubNetW8CleanAuxExDnRcK9Rr01QdEma,minbias,0,test,69.01677,69.35735321044922,0.004934797791683154,1,30mm,3.0761926
SubNetW8CleanAuxExDnRcK9Rr01QdEma,minbias,0,test,12.797983,12.245107650756836,-0.04320020674148328,2,40mm,1.2734842
SubNetW8CleanAuxExDnRcK9Rr01QdEma,minbias,0,test,72.82242,68.82144927978516,-0.05494144566044146,2,40mm,4.5112257
SubNetW8CleanAuxExDnRcK9Rr01QdEma,minbias,0,test,14.390301,13.975912094116211,-0.028796386107157623,2,40mm,1.8825953
SubNetW8CleanAuxExDnRcK9Rr01QdEma,minbias,0,test,68.441154,70.30935668945312,0.0272964742291002,1,30mm,4.555265
SubNetW8CleanAuxExDnRcK9Rr01QdEma,minbias,0,test,18.096447,18.3133602142334,0.01198650891939601,3,60mm,2.7331169
SubNetW8CleanAuxExDnRcK9Rr01QdEma,minbias,0,test,22.73317,21.953630447387695,-0.03429082365165137,3,60mm,2.7313912
SubNetW8CleanAuxExDnRcK9Rr01QdEma,minbias,0,test,39.265587,39.411502838134766,0.003716128977101274,2,40mm,3.573473
SubNetW8CleanAuxExDnRcK9Rr01QdEma,minbias,0,test,69.880936,72.97053527832031,0.044212338884695335,1,30mm,2.9256783
SubNetW8CleanAuxExDnRcK9Rr01QdEma,minbias,0,test,7.3200293,7.398203372955322,0.010679481114653111,2,40mm,0.9356621
SubNetW8CleanAuxExDnRcK9Rr01QdEma,minbias,0,test,49.649323,48.157466888427734,-0.030047854551176534,1,30mm,2.4845734
SubNetW8CleanAuxExDnRcK9Rr01QdEma,minbias,0,test,19.329756,20.10772705078125,0.04024734075435843,3,60mm,2.8611324
SubNetW8CleanAuxExDnRcK9Rr01QdEma,minbias,0,test,25.693068,25.49576187133789,-0.007679335249956454,3,60mm,4.510377
SubNetW8CleanAuxExDnRcK9Rr01QdEma,minbias,0,test,28.177362,27.014142990112305,-0.041282055916268656,3,60mm,3.77116
SubNetW8CleanAuxExDnRcK9Rr01QdEma,minbias,0,test,19.789604,19.94080924987793,0.007640630981667007,3,60mm,3.4672232
SubNetW8CleanAuxExDnRcK9Rr01QdEma,minbias,0,test,4.516435,4.3534135818481445,-0.0360951855172873,3,60mm,0.95852983
SubNetW8CleanAuxExDnRcK9Rr01QdEma,minbias,0,test,26.19109,25.27853775024414,-0.034842073879703284,0,15mm,0.65081555
SubNetW8CleanAuxExDnRcK9Rr01QdEma,minbias,0,test,42.970203,42.278106689453125,-0.016106433189715386,1,30mm,2.6011286
SubNetW8CleanAuxExDnRcK9Rr01QdEma,minbias,0,test,23.824743,24.3951416015625,0.023941426113321285,3,60mm,4.190438
SubNetW8CleanAuxExDnRcK9Rr01QdEma,minbias,0,test,51.133865,50.057945251464844,-0.02104124336152602,1,30mm,2.6018288
SubNetW8CleanAuxExDnRcK9Rr01QdEma,minbias,0,test,5.795048,6.224610805511475,0.07412579690592458,2,40mm,0.56395566
SubNetW8CleanAuxExDnRcK9Rr01QdEma,minbias,0,test,56.41002,55.72695541381836,-0.012108904059009662,1,30mm,3.6868331
SubNetW8CleanAuxExDnRcK9Rr01QdEma,minbias,0,test,31.647163,31.546253204345703,-0.0031886013138199276,3,60mm,3.508267
SubNetW8CleanAuxExDnRcK9Rr01QdEma,minbias,0,test,25.979404,24.537689208984375,-0.055494545430517794,3,60mm,4.717194
SubNetW8CleanAuxExDnRcK9Rr01QdEma,minbias,0,test,36.073124,34.25852966308594,-0.05030321943353844,1,30mm,2.8747652
SubNetW8CleanAuxExDnRcK9Rr01QdEma,minbias,0,test,7.997987,8.1702241897583,0.021535093853846332,3,60mm,0.95842224
SubNetW8CleanAuxExDnRcK9Rr01QdEma,minbias,0,test,26.682451,26.48287010192871,-0.007479865488517645,1,30mm,1.8927896
SubNetW8CleanAuxExDnRcK9Rr01QdEma,minbias,0,test,15.742178,15.595704078674316,-0.009304550166082337,4,120mm,3.775121
SubNetW8CleanAuxExDnRcK9Rr01QdEma,minbias,0,test,60.04623,60.14291000366211,0.0016100875440632212,1,30mm,2.6946247
SubNetW8CleanAuxExDnRcK9Rr01QdEma,minbias,0,test,28.103052,28.65450668334961,0.019622585523248803,2,40mm,2.3097134
SubNetW8CleanAuxExDnRcK9Rr01QdEma,minbias,0,test,13.351125,12.974119186401367,-0.028237739049401855,3,60mm,1.6272163
SubNetW8CleanAuxExDnRcK9Rr01QdEma,minbias,0,test,8.250987,7.985443115234375,-0.03218329346295745,3,60mm,1.5529393
SubNetW8CleanAuxExDnRcK9Rr01QdEma,minbias,0,test,18.727959,22.649362564086914,0.20938768351956716,2,40mm,1.1252671
SubNetW8CleanAuxExDnRcK9Rr01QdEma,minbias,0,test,2.897197,6.01170015335083,1.0750056473463645,4,120mm,0.65130717
SubNetW8CleanAuxExDnRcK9Rr01QdEma,minbias,0,test,16.987183,17.482891082763672,0.029181323162713158,2,40mm,1.5707266
SubNetW8CleanAuxExDnRcK9Rr01QdEma,minbias,0,test,38.06256,37.32465744018555,-0.019386598665527055,2,40mm,3.8415952
SubNetW8CleanAuxExDnRcK9Rr01QdEma,minbias,0,test,70.58177,70.04750061035156,-0.007569535677927841,1,30mm,2.9199622
SubNetW8CleanAuxExDnRcK9Rr01QdEma,minbias,0,test,16.373896,15.904566764831543,-0.028663238760124665,3,60mm,2.218486
SubNetW8CleanAuxExDnRcK9Rr01QdEma,minbias,0,test,17.269665,17.57720947265625,0.01780837743219288,2,40mm,2.7013047
SubNetW8CleanAuxExDnRcK9Rr01QdEma,minbias,0,test,26.69521,26.673147201538086,-0.0008264517134851657,3,60mm,4.491459
SubNetW8CleanAuxExDnRcK9Rr01QdEma,minbias,0,test,62.112858,59.96482849121094,-0.03458268388915153,1,30mm,3.349705
SubNetW8CleanAuxExDnRcK9Rr01QdEma,minbias,0,test,8.846568,8.670638084411621,-0.01988681046180163,2,40mm,0.78018326
SubNetW8CleanAuxExDnRcK9Rr01QdEma,minbias,0,test,13.753878,14.210914611816406,0.03322968140448901,1,30mm,0.82196057
SubNetW8CleanAuxExDnRcK9Rr01QdEma,minbias,0,test,99.54885,97.71257781982422,-0.01844595065307375,0,15mm,2.8446345
SubNetW8CleanAuxExDnRcK9Rr01QdEma,minbias,0,test,22.064047,21.558637619018555,-0.02290646153606768,3,60mm,4.8083878
SubNetW8CleanAuxExDnRcK9Rr01QdEma,minbias,0,test,85.42179,82.91901397705078,-0.029299047328137928,0,15mm,2.6233602
SubNetW8CleanAuxExDnRcK9Rr01QdEma,minbias,0,test,23.836102,23.66480827331543,-0.007186295059079084,2,40mm,4.9988875
SubNetW8CleanAuxExDnRcK9Rr01QdEma,minbias,0,test,44.74987,45.01034927368164,0.0058207760523267815,2,40mm,2.7000873
SubNetW8CleanAuxExDnRcK9Rr01QdEma,minbias,0,test,24.678448,23.993581771850586,-0.027751581429046435,3,60mm,4.8693333
SubNetW8CleanAuxExDnRcK9Rr01QdEma,minbias,0,test,92.52286,95.3023452758789,0.030041091250083696,1,30mm,3.6106656
SubNetW8CleanAuxExDnRcK9Rr01QdEma,minbias,0,test,9.69118,9.11451244354248,-0.05950439182915779,3,60mm,2.1055079
SubNetW8CleanAuxExDnRcK9Rr01QdEma,minbias,0,test,21.141378,20.98182487487793,-0.007546978479491151,3,60mm,3.278462
SubNetW8CleanAuxExDnRcK9Rr01QdEma,minbias,0,test,17.522503,17.027786254882812,-0.028233218001667115,3,60mm,3.553161
SubNetW8CleanAuxExDnRcK9Rr01QdEma,minbias,0,test,21.264557,25.560213088989258,0.20201014427444441,2,40mm,3.5963385
SubNetW8CleanAuxExDnRcK9Rr01QdEma,minbias,0,test,8.726409,10.31523323059082,0.18207080137127707,3,60mm,0.91509736
SubNetW8CleanAuxExDnRcK9Rr01QdEma,minbias,0,test,45.02054,34.25936508178711,-0.23902808912219287,0,15mm,2.5911608
SubNetW8CleanAuxExDnRcK9Rr01QdEma,minbias,0,test,2.8260872,3.228497266769409,0.14239122741199228,3,60mm,0.56107926
SubNetW8CleanAuxExDnRcK9Rr01QdEma,minbias,0,test,20.384201,19.177419662475586,-0.05920179968695238,3,60mm,2.7271664
SubNetW8CleanAuxExDnRcK9Rr01QdEma,minbias,0,test,69.85537,66.78678894042969,-0.043927627130509794,0,15mm,1.8546953
SubNetW8CleanAuxExDnRcK9Rr01QdEma,minbias,0,test,11.606476,11.233960151672363,-0.03209550287783214,4,120mm,2.6597703
SubNetW8CleanAuxExDnRcK9Rr01QdEma,minbias,0,test,98.50432,103.06311798095703,0.04628020197723548,1,30mm,4.449677
SubNetW8CleanAuxExDnRcK9Rr01QdEma,minbias,0,test,38.651447,41.43901824951172,0.07212073928334739,1,30mm,3.77958
SubNetW8CleanAuxExDnRcK9Rr01QdEma,minbias,0,test,16.201832,15.769067764282227,-0.026710810124192075,3,60mm,3.6374424
SubNetW8CleanAuxExDnRcK9Rr01QdEma,minbias,0,test,17.295792,16.909934997558594,-0.02230927827775464,3,60mm,3.596217
SubNetW8CleanAuxExDnRcK9Rr01QdEma,minbias,0,test,11.306359,10.88652515411377,-0.03713256638626694,3,60mm,1.8924286
SubNetW8CleanAuxExDnRcK9Rr01QdEma,minbias,0,test,5.40188,4.968270301818848,-0.08027011016313368,3,60mm,1.1398077
SubNetW8CleanAuxExDnRcK9Rr01QdEma,minbias,0,test,22.77315,24.974653244018555,0.09667102719342191,2,40mm,3.2310672
SubNetW8CleanAuxExDnRcK9Rr01QdEma,minbias,0,test,57.67498,56.55002975463867,-0.019504998627568382,2,40mm,4.6543155
SubNetW8CleanAuxExDnRcK9Rr01QdEma,minbias,0,test,29.945799,30.115753173828125,0.005675397094678125,3,60mm,4.473971
SubNetW8CleanAuxExDnRcK9Rr01QdEma,minbias,0,test,34.552864,34.81562423706055,0.007604584146350346,3,60mm,4.768845
SubNetW8CleanAuxExDnRcK9Rr01QdEma,minbias,0,test,17.96197,16.318540573120117,-0.09149491172843016,1,30mm,0.863475
SubNetW8CleanAuxExDnRcK9Rr01QdEma,minbias,0,test,31.011395,28.584543228149414,-0.07825676051187225,3,60mm,3.8235512
SubNetW8CleanAuxExDnRcK9Rr01QdEma,minbias,0,test,11.366772,12.834546089172363,0.12912851864815988,3,60mm,1.8592004
SubNetW8CleanAuxExDnRcK9Rr01QdEma,minbias,0,test,19.581047,18.924579620361328,-0.0335256554869674,3,60mm,2.3031416
SubNetW8CleanAuxExDnRcK9Rr01QdEma,minbias,0,test,30.420843,32.829742431640625,0.07918581669157154,2,40mm,3.1488235
SubNetW8CleanAuxExDnRcK9Rr01QdEma,minbias,0,test,51.344845,47.73638916015625,-0.07027883073250363,0,15mm,1.342211
SubNetW8CleanAuxExDnRcK9Rr01QdEma,minbias,0,test,10.134095,10.372340202331543,0.02350925325480424,3,60mm,1.8526479
SubNetW8CleanAuxExDnRcK9Rr01QdEma,minbias,0,test,11.165702,10.05866527557373,-0.09914617136001813,1,30mm,1.0266775
SubNetW8CleanAuxExDnRcK9Rr01QdEma,minbias,0,test,15.673372,15.460927963256836,-0.013554473267025746,4,120mm,3.5282414
SubNetW8CleanAuxExDnRcK9Rr01QdEma,minbias,0,test,11.339057,11.126171112060547,-0.01877456451769044,3,60mm,1.4285942
SubNetW8CleanAuxExDnRcK9Rr01QdEma,minbias,0,test,47.762512,45.053951263427734,-0.05670892962796836,1,30mm,3.1480374
SubNetW8CleanAuxExDnRcK9Rr01QdEma,minbias,0,test,17.61609,17.166431427001953,-0.025525489922211153,3,60mm,2.956494
SubNetW8CleanAuxExDnRcK9Rr01QdEma,minbias,0,test,18.50621,18.412151336669922,-0.005082563572755494,2,40mm,3.0936263
SubNetW8CleanAuxExDnRcK9Rr01QdEma,minbias,0,test,54.953114,60.19759750366211,0.09543561062137584,1,30mm,3.5367246
SubNetW8CleanAuxExDnRcK9Rr01QdEma,minbias,0,test,31.197996,30.694198608398438,-0.01614839391846845,2,40mm,2.6748033
SubNetW8CleanAuxExDnRcK9Rr01QdEma,minbias,0,test,72.819435,70.52468872070312,-0.03151282889184648,0,15mm,2.0060747
SubNetW8CleanAuxExDnRcK9Rr01QdEma,minbias,0,test,49.829636,48.95282745361328,-0.017596118365953317,2,40mm,4.1236825
SubNetW8CleanAuxExDnRcK9Rr01QdEma,minbias,0,test,32.788452,31.574983596801758,-0.03700902214420543,2,40mm,2.024582
SubNetW8CleanAuxExDnRcK9Rr01QdEma,minbias,0,test,57.393814,55.31881332397461,-0.036153735310170965,0,15mm,2.260147
SubNetW8CleanAuxExDnRcK9Rr01QdEma,minbias,0,test,84.97437,84.81764221191406,-0.0018444461144390134,0,15mm,3.858229
SubNetW8CleanAuxExDnRcK9Rr01QdEma,minbias,0,test,22.299711,22.09699821472168,-0.009090387343046902,3,60mm,3.0856194
SubNetW8CleanAuxExDnRcK9Rr01QdEma,minbias,0,test,22.197746,21.34539031982422,-0.03839831063930854,3,60mm,4.5937014
SubNetW8CleanAuxExDnRcK9Rr01QdEma,minbias,0,test,19.806181,27.10896110534668,0.36871217971478254,0,15mm,0.9617962
SubNetW8CleanAuxExDnRcK9Rr01QdEma,minbias,0,test,27.840229,29.211610794067383,0.049258997041578656,3,60mm,3.994151
SubNetW8CleanAuxExDnRcK9Rr01QdEma,minbias,0,test,8.885806,9.154492378234863,0.030237695041440027,2,40mm,1.1394013
SubNetW8CleanAuxExDnRcK9Rr01QdEma,minbias,0,test,17.69305,13.203144073486328,-0.2537666605506921,2,40mm,1.3114867
SubNetW8CleanAuxExDnRcK9Rr01QdEma,minbias,0,test,10.53733,10.896276473999023,0.03406430389338011,2,40mm,0.9867279
SubNetW8CleanAuxExDnRcK9Rr01QdEma,minbias,0,test,25.767742,25.670862197875977,-0.003759737990089773,2,40mm,2.7933917
SubNetW8CleanAuxExDnRcK9Rr01QdEma,minbias,0,test,31.433538,33.814857482910156,0.07575726960557039,3,60mm,4.469111
SubNetW8CleanAuxExDnRcK9Rr01QdEma,minbias,0,test,19.536886,19.20305824279785,-0.017087061302134,3,60mm,3.366772
SubNetW8CleanAuxExDnRcK9Rr01QdEma,minbias,0,test,9.409327,8.938573837280273,-0.05003043665193185,3,60mm,1.8216033
SubNetW8CleanAuxExDnRcK9Rr01QdEma,minbias,0,test,49.484554,47.55349349975586,-0.03902350579271063,0,15mm,2.4698274
SubNetW8CleanAuxExDnRcK9Rr01QdEma,minbias,0,test,5.2485785,4.721750736236572,-0.1003753315937842,2,40mm,0.52785474
SubNetW8CleanAuxExDnRcK9Rr01QdEma,minbias,0,test,4.953052,4.618880748748779,-0.06746775366040636,2,40mm,0.7994429
SubNetW8CleanAuxExDnRcK9Rr01QdEma,minbias,0,test,4.933286,4.167827129364014,-0.15516210314646905,3,60mm,0.55750334
SubNetW8CleanAuxExDnRcK9Rr01QdEma,minbias,0,test,17.136814,18.5318546295166,0.08140605964010073,1,30mm,1.1106124
SubNetW8CleanAuxExDnRcK9Rr01QdEma,minbias,0,test,17.428587,17.74024772644043,0.01788215919739966,3,60mm,3.6326876
SubNetW8CleanAuxExDnRcK9Rr01QdEma,minbias,0,test,88.66654,91.08043670654297,0.027224414050920798,0,15mm,2.3435364
SubNetW8CleanAuxExDnRcK9Rr01QdEma,minbias,0,test,4.9116783,5.049765586853027,0.02811407095708418,3,60mm,0.9991264
SubNetW8CleanAuxExDnRcK9Rr01QdEma,minbias,0,test,34.919357,34.786109924316406,-0.003815859906706409,2,40mm,4.3294544
SubNetW8CleanAuxExDnRcK9Rr01QdEma,minbias,0,test,28.294437,26.619386672973633,-0.0592007082980045,2,40mm,3.5797133
SubNetW8CleanAuxExDnRcK9Rr01QdEma,minbias,0,test,13.617434,11.145878791809082,-0.1814993073002611,2,40mm,1.2216434
SubNetW8CleanAuxExDnRcK9Rr01QdEma,minbias,0,test,81.74806,79.708251953125,-0.024952397982544228,1,30mm,4.9135413
SubNetW8CleanAuxExDnRcK9Rr01QdEma,minbias,0,test,23.40374,23.234834671020508,-0.0072170199587622275,3,60mm,3.586283
SubNetW8CleanAuxExDnRcK9Rr01QdEma,minbias,0,test,41.220978,41.924129486083984,0.01705810343895786,1,30mm,2.5072486
SubNetW8CleanAuxExDnRcK9Rr01QdEma,minbias,0,test,9.576784,9.051996231079102,-0.054797925430288386,3,60mm,1.4539182
SubNetW8CleanAuxExDnRcK9Rr01QdEma,minbias,0,test,27.202108,25.499343872070312,-0.06259678430519588,1,30mm,1.4839495
SubNetW8CleanAuxExDnRcK9Rr01QdEma,minbias,0,test,16.661346,16.45245361328125,-0.012537571502622025,4,120mm,3.7308366
SubNetW8CleanAuxExDnRcK9Rr01QdEma,minbias,0,test,12.326882,12.128554344177246,-0.016089065536471492,2,40mm,1.0308821
SubNetW8CleanAuxExDnRcK9Rr01QdEma,minbias,0,test,78.65602,76.39833068847656,-0.02870333888737897,1,30mm,4.070696
SubNetW8CleanAuxExDnRcK9Rr01QdEma,minbias,0,test,26.40275,25.377347946166992,-0.038836941928367064,3,60mm,3.5666213
SubNetW8CleanAuxExDnRcK9Rr01QdEma,minbias,0,test,49.419025,49.91010284423828,0.00993701148314452,2,40mm,3.7944782
SubNetW8CleanAuxExDnRcK9Rr01QdEma,minbias,0,test,42.10428,42.27997970581055,0.004172999689056711,1,30mm,1.5489924
SubNetW8CleanAuxExDnRcK9Rr01QdEma,minbias,0,test,18.44566,17.71249008178711,-0.03974753790726304,4,120mm,4.023331
SubNetW8CleanAuxExDnRcK9Rr01QdEma,minbias,0,test,51.901352,53.78730010986328,0.03633716870694981,1,30mm,3.0565264
SubNetW8CleanAuxExDnRcK9Rr01QdEma,minbias,0,test,20.37991,19.74301528930664,-0.03125108213034755,3,60mm,2.6900625
SubNetW8CleanAuxExDnRcK9Rr01QdEma,minbias,0,test,16.22067,16.08823585510254,-0.008164572687497151,3,60mm,2.994942
SubNetW8CleanAuxExDnRcK9Rr01QdEma,minbias,0,test,19.599411,19.28426742553711,-0.016079237535880586,1,30mm,1.2084004
SubNetW8CleanAuxExDnRcK9Rr01QdEma,minbias,0,test,81.28582,75.70160675048828,-0.06869849201659983,0,15mm,2.3478713
SubNetW8CleanAuxExDnRcK9Rr01QdEma,minbias,0,test,33.726215,33.58429718017578,-0.004207948649068927,2,40mm,3.1223354
SubNetW8CleanAuxExDnRcK9Rr01QdEma,minbias,0,test,68.2688,66.05267333984375,-0.032461761834430614,2,40mm,4.7963977
SubNetW8CleanAuxExDnRcK9Rr01QdEma,minbias,0,test,14.71604,14.593689918518066,-0.008314039777106763,4,120mm,3.0514414
SubNetW8CleanAuxExDnRcK9Rr01QdEma,minbias,0,test,13.811756,14.642598152160645,0.06015469793013395,3,60mm,1.9820702
SubNetW8CleanAuxExDnRcK9Rr01QdEma,minbias,0,test,24.595486,23.154550552368164,-0.05858534989753483,3,60mm,3.242441
SubNetW8CleanAuxExDnRcK9Rr01QdEma,minbias,0,test,20.745943,20.820470809936523,0.00359240070354927,2,40mm,3.4333818
SubNetW8CleanAuxExDnRcK9Rr01QdEma,minbias,0,test,4.8683915,5.066677093505859,0.04072917700195999,2,40mm,0.5693815
SubNetW8CleanAuxExDnRcK9Rr01QdEma,minbias,0,test,12.200296,11.715174674987793,-0.039763109928305784,2,40mm,1.5243695
SubNetW8CleanAuxExDnRcK9Rr01QdEma,minbias,0,test,49.263283,49.22768783569336,-0.00072254503110325,1,30mm,3.6433392
SubNetW8CleanAuxExDnRcK9Rr01QdEma,minbias,0,test,11.811401,11.246289253234863,-0.04784462879422069,3,60mm,1.8207103
SubNetW8CleanAuxExDnRcK9Rr01QdEma,minbias,0,test,13.245508,12.405874252319336,-0.0633900888780281,1,30mm,0.56783575
SubNetW8CleanAuxExDnRcK9Rr01QdEma,minbias,0,test,49.249615,45.55202102661133,-0.0750786317886748,1,30mm,2.4131162
SubNetW8CleanAuxExDnRcK9Rr01QdEma,minbias,0,test,31.395107,31.369224548339844,-0.0008244189365324006,2,40mm,2.2689772
SubNetW8CleanAuxExDnRcK9Rr01QdEma,minbias,0,test,6.171585,6.003111839294434,-0.027298212930294885,3,60mm,1.0436044
SubNetW8CleanAuxExDnRcK9Rr01QdEma,minbias,0,test,25.472057,25.14995574951172,-0.01264529161057526,3,60mm,3.8228238
SubNetW8CleanAuxExDnRcK9Rr01QdEma,minbias,0,test,27.63058,26.650617599487305,-0.03546661961558106,3,60mm,4.658034
SubNetW8CleanAuxExDnRcK9Rr01QdEma,minbias,0,test,56.00422,56.49472427368164,0.008758361901674006,1,30mm,4.8950095
SubNetW8CleanAuxExDnRcK9Rr01QdEma,minbias,0,test,42.593647,42.124961853027344,-0.01100363981773056,2,40mm,4.833785
SubNetW8CleanAuxExDnRcK9Rr01QdEma,minbias,0,test,12.78525,12.087530136108398,-0.05457222891973379,4,120mm,3.06681
SubNetW8CleanAuxExDnRcK9Rr01QdEma,minbias,0,test,17.965387,16.74363136291504,-0.06800610295935772,3,60mm,3.4671128
SubNetW8CleanAuxExDnRcK9Rr01QdEma,minbias,0,test,7.2411075,6.652442932128906,-0.08129482052954673,3,60mm,1.1403162
SubNetW8CleanAuxExDnRcK9Rr01QdEma,minbias,0,test,21.139248,20.866437911987305,-0.012905377885914837,3,60mm,3.0646603
SubNetW8CleanAuxExDnRcK9Rr01QdEma,minbias,0,test,4.5685883,3.9752869606018066,-0.12986534633458802,3,60mm,1.097174
SubNetW8CleanAuxExDnRcK9Rr01QdEma,minbias,0,test,25.925545,26.906963348388672,0.03785527438316505,3,60mm,4.0437117
SubNetW8CleanAuxExDnRcK9Rr01QdEma,minbias,0,test,6.805981,7.131114959716797,0.04777177498744667,3,60mm,1.1749331
SubNetW8CleanAuxExDnRcK9Rr01QdEma,minbias,0,test,55.405773,57.64547348022461,0.04042359107236293,1,30mm,2.1121917
SubNetW8CleanAuxExDnRcK9Rr01QdEma,minbias,0,test,45.843163,44.9198112487793,-0.02014152682211212,2,40mm,4.4635477
SubNetW8CleanAuxExDnRcK9Rr01QdEma,minbias,0,test,8.580353,8.53935432434082,-0.004778178694769153,3,60mm,1.5710932
SubNetW8CleanAuxExDnRcK9Rr01QdEma,minbias,0,test,9.284224,9.370354652404785,0.009277145833671563,3,60mm,1.8124341
SubNetW8CleanAuxExDnRcK9Rr01QdEma,minbias,0,test,28.290184,28.716638565063477,0.015074293746229595,3,60mm,4.0884213
SubNetW8CleanAuxExDnRcK9Rr01QdEma,minbias,0,test,5.814992,5.093672752380371,-0.12404474583765279,4,120mm,1.3141701
SubNetW8CleanAuxExDnRcK9Rr01QdEma,minbias,0,test,27.107084,25.564983367919922,-0.05688922094194315,2,40mm,2.4422314
SubNetW8CleanAuxExDnRcK9Rr01QdEma,minbias,0,test,14.280535,14.48116683959961,0.014049340513492936,3,60mm,2.5411284
SubNetW8CleanAuxExDnRcK9Rr01QdEma,minbias,0,test,8.820562,9.29051399230957,0.05327910061920016,2,40mm,1.0335195
SubNetW8CleanAuxExDnRcK9Rr01QdEma,minbias,0,test,26.511005,26.987947463989258,0.017990342318324304,2,40mm,3.6260955
SubNetW8CleanAuxExDnRcK9Rr01QdEma,minbias,0,test,61.495865,64.76438903808594,0.05315030818623323,0,15mm,1.6586564
SubNetW8CleanAuxExDnRcK9Rr01QdEma,minbias,0,test,61.66613,61.21085739135742,-0.007382864370990783,2,40mm,4.4936833
SubNetW8CleanAuxExDnRcK9Rr01QdEma,minbias,0,test,77.36568,78.99520874023438,0.021062723497935032,0,15mm,2.7489316
SubNetW8CleanAuxExDnRcK9Rr01QdEma,minbias,0,test,27.131985,27.367612838745117,0.008684514994544035,3,60mm,3.7222886
SubNetW8CleanAuxExDnRcK9Rr01QdEma,minbias,0,test,22.689802,22.349136352539062,-0.015014049691194242,2,40mm,2.5133305
SubNetW8CleanAuxExDnRcK9Rr01QdEma,minbias,0,test,38.534916,37.81085205078125,-0.018789813236330444,1,30mm,2.335573
SubNetW8CleanAuxExDnRcK9Rr01QdEma,minbias,0,test,22.021729,23.087078094482422,0.04837720064079121,3,60mm,3.5430906
SubNetW8CleanAuxExDnRcK9Rr01QdEma,minbias,0,test,6.328039,6.244617462158203,-0.013182868329558173,1,30mm,0.5919842
SubNetW8CleanAuxExDnRcK9Rr01QdEma,minbias,0,test,19.229094,19.0052547454834,-0.011640632230077386,3,60mm,3.547318
SubNetW8CleanAuxExDnRcK9Rr01QdEma,minbias,0,test,45.472866,45.68474578857422,0.0046594760478200214,2,40mm,3.8585296
SubNetW8CleanAuxExDnRcK9Rr01QdEma,minbias,0,test,24.361557,24.43918800354004,0.003186618847158096,2,40mm,3.621303
SubNetW8CleanAuxExDnRcK9Rr01QdEma,minbias,0,test,23.980644,19.700428009033203,-0.17848628988820592,2,40mm,1.8548994
SubNetW8CleanAuxExDnRcK9Rr01QdEma,minbias,0,test,10.3478985,9.878347396850586,-0.04537646819638219,3,60mm,1.5015138
SubNetW8CleanAuxExDnRcK9Rr01QdEma,minbias,0,test,28.5467,28.58156394958496,0.0012213119639263859,2,40mm,3.305172
SubNetW8CleanAuxExDnRcK9Rr01QdEma,minbias,0,test,50.129204,47.43544006347656,-0.05373641568000176,1,30mm,2.067024
SubNetW8CleanAuxExDnRcK9Rr01QdEma,minbias,0,test,43.30019,45.52204132080078,0.05131273905074352,3,60mm,4.6869273
SubNetW8CleanAuxExDnRcK9Rr01QdEma,minbias,0,test,14.190079,13.207602500915527,-0.06923684165249944,4,120mm,3.04141
SubNetW8CleanAuxExDnRcK9Rr01QdEma,minbias,0,test,16.029171,15.018160820007324,-0.06307314150022214,1,30mm,1.1950696
SubNetW8CleanAuxExDnRcK9Rr01QdEma,minbias,0,test,18.59323,18.520183563232422,-0.003928619899023489,2,40mm,1.5979019
SubNetW8CleanAuxExDnRcK9Rr01QdEma,minbias,0,test,12.307046,11.786032676696777,-0.042334550677096905,3,60mm,1.9754928
SubNetW8CleanAuxExDnRcK9Rr01QdEma,minbias,0,test,25.940536,25.27781867980957,-0.025547575673263934,2,40mm,3.4973023
SubNetW8CleanAuxExDnRcK9Rr01QdEma,minbias,0,test,44.434635,42.84381103515625,-0.03580144455748935,2,40mm,3.5693674
SubNetW8CleanAuxExDnRcK9Rr01QdEma,minbias,0,test,7.6879086,7.214590072631836,-0.061566623433661594,4,120mm,1.7709486
SubNetW8CleanAuxExDnRcK9Rr01QdEma,minbias,0,test,14.235173,13.899251937866211,-0.023597976801375764,3,60mm,2.8832417
SubNetW8CleanAuxExDnRcK9Rr01QdEma,minbias,0,test,46.719227,46.86574935913086,0.0031362360187030536,2,40mm,4.9654756
SubNetW8CleanAuxExDnRcK9Rr01QdEma,minbias,0,test,22.293423,21.676410675048828,-0.027676863811233465,1,30mm,1.7122132
SubNetW8CleanAuxExDnRcK9Rr01QdEma,minbias,0,test,21.543232,20.87455177307129,-0.031038991371117763,4,120mm,4.463213
SubNetW8CleanAuxExDnRcK9Rr01QdEma,minbias,0,test,20.832438,20.55470085144043,-0.013331933126641049,4,120mm,4.297271
SubNetW8CleanAuxExDnRcK9Rr01QdEma,minbias,0,test,16.516699,26.428560256958008,0.6001115305986819,0,15mm,0.57354426
SubNetW8CleanAuxExDnRcK9Rr01QdEma,minbias,0,test,32.902927,36.262298583984375,0.10209946199003972,2,40mm,3.6339421
SubNetW8CleanAuxExDnRcK9Rr01QdEma,minbias,0,test,55.49152,55.37610626220703,-0.0020798432971610437,1,30mm,2.632648
SubNetW8CleanAuxExDnRcK9Rr01QdEma,minbias,0,test,92.17525,90.79415893554688,-0.014983287801262013,0,15mm,2.6987023
SubNetW8CleanAuxExDnRcK9Rr01QdEma,minbias,0,test,82.6081,91.8373031616211,0.11172272659642579,1,30mm,3.3363159
SubNetW8CleanAuxExDnRcK9Rr01QdEma,minbias,0,test,3.424077,3.1828951835632324,-0.07043703983255367,4,120mm,0.6962639
SubNetW8CleanAuxExDnRcK9Rr01QdEma,minbias,0,test,15.612591,15.571259498596191,-0.002647305098507191,3,60mm,3.0980346
SubNetW8CleanAuxExDnRcK9Rr01QdEma,minbias,0,test,20.125708,20.40847396850586,0.014050007453798585,2,40mm,2.3038714
SubNetW8CleanAuxExDnRcK9Rr01QdEma,minbias,0,test,63.400524,64.1861801147461,0.012391947637756306,0,15mm,2.080852
SubNetW8CleanAuxExDnRcK9Rr01QdEma,minbias,0,test,22.205166,21.532920837402344,-0.030274262745039415,4,120mm,4.8111506
SubNetW8CleanAuxExDnRcK9Rr01QdEma,minbias,0,test,18.663013,19.04339027404785,0.020381318196377007,2,40mm,2.0379875
SubNetW8CleanAuxExDnRcK9Rr01QdEma,minbias,0,test,33.33639,34.228355407714844,0.026756464031372218,2,40mm,3.446797
SubNetW8CleanAuxExDnRcK9Rr01QdEma,minbias,0,test,35.976948,36.709434509277344,0.02035989070675548,0,15mm,0.97870755
SubNetW8CleanAuxExDnRcK9Rr01QdEma,minbias,0,test,21.241014,22.008039474487305,0.036110563108808336,3,60mm,4.921348
SubNetW8CleanAuxExDnRcK9Rr01QdEma,minbias,0,test,34.288807,34.72633361816406,0.012760044523037806,1,30mm,3.5107796
SubNetW8CleanAuxExDnRcK9Rr01QdEma,minbias,0,test,20.64803,20.025981903076172,-0.030126236962050967,3,60mm,4.8351626
SubNetW8CleanAuxExDnRcK9Rr01QdEma,minbias,0,test,7.8652997,7.57951545715332,-0.036334819444441946,2,40mm,0.7001843
SubNetW8CleanAuxExDnRcK9Rr01QdEma,minbias,0,test,17.764044,18.071739196777344,0.017321246903008847,3,60mm,2.8473496
SubNetW8CleanAuxExDnRcK9Rr01QdEma,minbias,0,test,49.307163,48.35951614379883,-0.019219258064843037,2,40mm,3.954119
SubNetW8CleanAuxExDnRcK9Rr01QdEma,minbias,0,test,21.484903,21.614578247070312,0.006035629272966192,3,60mm,4.226543
SubNetW8CleanAuxExDnRcK9Rr01QdEma,minbias,0,test,7.4310255,7.230137348175049,-0.027033705745447723,3,60mm,1.487742
SubNetW8CleanAuxExDnRcK9Rr01QdEma,minbias,0,test,20.568773,20.076139450073242,-0.023950568812331596,2,40mm,3.3965058
SubNetW8CleanAuxExDnRcK9Rr01QdEma,minbias,0,test,10.737269,9.165996551513672,-0.14633821610266706,2,40mm,1.4722085
SubNetW8CleanAuxExDnRcK9Rr01QdEma,minbias,0,test,98.987,90.31999969482422,-0.08755695050508605,0,15mm,2.4528544
SubNetW8CleanAuxExDnRcK9Rr01QdEma,minbias,0,test,28.499691,27.80705451965332,-0.02430329822301447,2,40mm,4.463846
SubNetW8CleanAuxExDnRcK9Rr01QdEma,minbias,0,test,15.489185,18.00277328491211,0.16228019082863088,1,30mm,0.61640656
SubNetW8CleanAuxExDnRcK9Rr01QdEma,minbias,0,test,27.43458,27.63663673400879,0.00736504389263315,2,40mm,3.3324068
SubNetW8CleanAuxExDnRcK9Rr01QdEma,minbias,0,test,49.380306,46.61817932128906,-0.05593579976934282,2,40mm,3.6633842
SubNetW8CleanAuxExDnRcK9Rr01QdEma,minbias,0,test,21.561642,20.519237518310547,-0.04834530643079615,2,40mm,3.0819619
SubNetW8CleanAuxExDnRcK9Rr01QdEma,minbias,0,test,66.15712,66.90863800048828,0.011359597460417259,1,30mm,3.4798355
SubNetW8CleanAuxExDnRcK9Rr01QdEma,minbias,0,test,95.93718,96.7120132446289,0.00807646923444083,1,30mm,4.700585
SubNetW8CleanAuxExDnRcK9Rr01QdEma,minbias,0,test,36.833153,41.52973556518555,0.12750966020719612,2,40mm,3.9696567
SubNetW8CleanAuxExDnRcK9Rr01QdEma,minbias,0,test,7.1915913,7.240149974822998,0.0067521512598578415,2,40mm,0.90820056
SubNetW8CleanAuxExDnRcK9Rr01QdEma,minbias,0,test,39.489624,38.95561218261719,-0.01352283932871512,2,40mm,4.5364447
SubNetW8CleanAuxExDnRcK9Rr01QdEma,minbias,0,test,11.66657,11.145071029663086,-0.04470025835251934,2,40mm,1.4965956
SubNetW8CleanAuxExDnRcK9Rr01QdEma,minbias,0,test,76.67738,77.11022186279297,0.005644929712252056,0,15mm,1.6366735
SubNetW8CleanAuxExDnRcK9Rr01QdEma,minbias,0,test,59.85623,58.0751838684082,-0.029755428478781876,2,40mm,4.8871984
SubNetW8CleanAuxExDnRcK9Rr01QdEma,minbias,0,test,26.561632,26.153823852539062,-0.015353284821963631,3,60mm,3.9804084
SubNetW8CleanAuxExDnRcK9Rr01QdEma,minbias,0,test,28.18905,28.3330078125,0.005106845907090429,2,40mm,2.804398
SubNetW8CleanAuxExDnRcK9Rr01QdEma,minbias,0,test,92.35956,88.22533416748047,-0.0447622749912604,0,15mm,4.4730487
SubNetW8CleanAuxExDnRcK9Rr01QdEma,minbias,0,test,14.150524,14.614444732666016,0.03278469325174038,1,30mm,0.73323715
SubNetW8CleanAuxExDnRcK9Rr01QdEma,minbias,0,test,7.026974,6.704831600189209,-0.045843714775281486,2,40mm,0.72638756
SubNetW8CleanAuxExDnRcK9Rr01QdEma,minbias,0,test,13.084922,12.845048904418945,-0.018332011105980928,1,30mm,0.6303546
SubNetW8CleanAuxExDnRcK9Rr01QdEma,minbias,0,test,99.04123,95.47761535644531,-0.03598111532598769,0,15mm,3.1823037
SubNetW8CleanAuxExDnRcK9Rr01QdEma,minbias,0,test,21.62072,21.454683303833008,-0.007679513287654927,3,60mm,3.0875285
SubNetW8CleanAuxExDnRcK9Rr01QdEma,minbias,0,test,63.615734,62.47589874267578,-0.017917506946758532,1,30mm,3.6810246
SubNetW8CleanAuxExDnRcK9Rr01QdEma,minbias,0,test,19.647987,19.623737335205078,-0.0012342246595640205,2,40mm,2.0126631
SubNetW8CleanAuxExDnRcK9Rr01QdEma,minbias,0,test,24.906088,25.481590270996094,0.02310689653508735,2,40mm,3.6304574
SubNetW8CleanAuxExDnRcK9Rr01QdEma,minbias,0,test,40.65974,40.24553298950195,-0.01018716435304956,2,40mm,4.449511
SubNetW8CleanAuxExDnRcK9Rr01QdEma,minbias,0,test,22.52107,22.383695602416992,-0.006099837840726541,3,60mm,3.1127439
SubNetW8CleanAuxExDnRcK9Rr01QdEma,minbias,0,test,14.099263,14.105902671813965,0.00047090975611774333,3,60mm,2.4260283
SubNetW8CleanAuxExDnRcK9Rr01QdEma,minbias,0,test,5.5591345,5.729142665863037,0.030581771863085194,3,60mm,1.156494
SubNetW8CleanAuxExDnRcK9Rr01QdEma,minbias,0,test,23.718763,23.977556228637695,0.010910892501549752,3,60mm,4.8827124
SubNetW8CleanAuxExDnRcK9Rr01QdEma,minbias,0,test,42.640926,40.60811233520508,-0.047672839202999695,0,15mm,1.4320607
SubNetW8CleanAuxExDnRcK9Rr01QdEma,minbias,0,test,32.32806,32.38400650024414,0.0017305817249106958,2,40mm,2.7630663
SubNetW8CleanAuxExDnRcK9Rr01QdEma,minbias,0,test,14.320074,14.235336303710938,-0.005917411965061015,3,60mm,1.6644119
SubNetW8CleanAuxExDnRcK9Rr01QdEma,minbias,0,test,48.72375,47.88127899169922,-0.017290788536339252,1,30mm,2.7696903
SubNetW8CleanAuxExDnRcK9Rr01QdEma,minbias,0,test,74.30866,72.95286560058594,-0.018245474617766155,1,30mm,3.486846
SubNetW8CleanAuxExDnRcK9Rr01QdEma,minbias,0,test,28.241537,27.99418067932129,-0.00875860311606258,1,30mm,2.6421862
SubNetW8CleanAuxExDnRcK9Rr01QdEma,minbias,0,test,70.29978,67.93223571777344,-0.033677858180293674,1,30mm,4.349545
SubNetW8CleanAuxExDnRcK9Rr01QdEma,minbias,0,test,20.807346,21.068134307861328,0.012533456191661907,4,120mm,4.248219
SubNetW8CleanAuxExDnRcK9Rr01QdEma,minbias,0,test,87.75877,86.68830108642578,-0.012197899661627765,0,15mm,4.1729617
SubNetW8CleanAuxExDnRcK9Rr01QdEma,minbias,0,test,11.2676115,13.294264793395996,0.1798653857693988,1,30mm,0.60118365
SubNetW8CleanAuxExDnRcK9Rr01QdEma,minbias,0,test,57.136154,54.961204528808594,-0.038066084030471514,2,40mm,4.1586437
SubNetW8CleanAuxExDnRcK9Rr01QdEma,minbias,0,test,2.6915128,2.7602696418762207,0.025545789037722644,3,60mm,0.6413833
SubNetW8CleanAuxExDnRcK9Rr01QdEma,minbias,0,test,72.066154,70.85556030273438,-0.01679837346645696,1,30mm,3.7494574
SubNetW8CleanAuxExDnRcK9Rr01QdEma,minbias,0,test,52.56651,53.87349319458008,0.024863434275556706,0,15mm,1.9332856
SubNetW8CleanAuxExDnRcK9Rr01QdEma,minbias,0,test,11.900872,11.542981147766113,-0.0300726766770556,3,60mm,1.5786858
SubNetW8CleanAuxExDnRcK9Rr01QdEma,minbias,0,test,15.967255,16.32306671142578,0.022283860363330632,3,60mm,3.8098938
SubNetW8CleanAuxExDnRcK9Rr01QdEma,minbias,0,test,53.69731,53.9916877746582,0.005482143623368074,0,15mm,1.8399951
SubNetW8CleanAuxExDnRcK9Rr01QdEma,minbias,0,test,10.392262,10.150285720825195,-0.02328431743668513,3,60mm,1.9979904
SubNetW8CleanAuxExDnRcK9Rr01QdEma,minbias,0,test,26.48579,24.915897369384766,-0.05927302407530022,2,40mm,4.1497145
SubNetW8CleanAuxExDnRcK9Rr01QdEma,minbias,0,test,8.872471,8.601936340332031,-0.030491451567481342,4,120mm,2.0902402
SubNetW8CleanAuxExDnRcK9Rr01QdEma,minbias,0,test,27.043118,27.036052703857422,-0.0002612427849665311,2,40mm,2.4780347
SubNetW8CleanAuxExDnRcK9Rr01QdEma,minbias,0,test,8.705635,8.65605354309082,-0.00569533725072624,2,40mm,1.1721219
SubNetW8CleanAuxExDnRcK9Rr01QdEma,minbias,0,test,35.32705,35.75896072387695,0.012226083910480856,0,15mm,0.9618761
SubNetW8CleanAuxExDnRcK9Rr01QdEma,minbias,0,test,14.522435,15.161585807800293,0.04401125646076598,2,40mm,1.0021578
SubNetW8CleanAuxExDnRcK9Rr01QdEma,minbias,0,test,6.6494236,6.507983207702637,-0.02127107551948204,3,60mm,0.9248986
SubNetW8CleanAuxExDnRcK9Rr01QdEma,minbias,0,test,7.191353,7.57179594039917,0.05290285491494129,3,60mm,1.4184881
SubNetW8CleanAuxExDnRcK9Rr01QdEma,minbias,0,test,89.105965,88.8814697265625,-0.0025194153380978523,0,15mm,3.5963078
SubNetW8CleanAuxExDnRcK9Rr01QdEma,minbias,0,test,4.980159,4.769371509552002,-0.042325416620787704,3,60mm,0.74962246
SubNetW8CleanAuxExDnRcK9Rr01QdEma,minbias,0,test,5.8110833,5.4362077713012695,-0.06451044066391909,3,60mm,1.1474185
SubNetW8CleanAuxExDnRcK9Rr01QdEma,minbias,0,test,46.367855,46.20191955566406,-0.0035786757032362226,0,15mm,2.5974271
SubNetW8CleanAuxExDnRcK9Rr01QdEma,minbias,0,test,13.319626,13.491071701049805,0.012871671354026448,3,60mm,2.2729142
SubNetW8CleanAuxExDnRcK9Rr01QdEma,minbias,0,test,40.569145,41.78310012817383,0.029923108300004664,2,40mm,4.463387
SubNetW8CleanAuxExDnRcK9Rr01QdEma,minbias,0,test,8.378981,7.977203369140625,-0.04795061414764723,3,60mm,0.9801943
SubNetW8CleanAuxExDnRcK9Rr01QdEma,minbias,0,test,95.64785,93.87879943847656,-0.01849545596129143,1,30mm,4.0166454
SubNetW8CleanAuxExDnRcK9Rr01QdEma,minbias,0,test,55.766712,56.47541046142578,0.0127082670806693,0,15mm,1.5737016
SubNetW8CleanAuxExDnRcK9Rr01QdEma,minbias,0,test,30.163002,29.284482955932617,-0.029125716923504963,3,60mm,3.4702666
SubNetW8CleanAuxExDnRcK9Rr01QdEma,minbias,0,test,66.734,65.9178237915039,-0.012230307698938514,0,15mm,2.8565476
SubNetW8CleanAuxExDnRcK9Rr01QdEma,minbias,0,test,14.5708275,14.588704109191895,0.0012268778201172115,3,60mm,2.943836
SubNetW8CleanAuxExDnRcK9Rr01QdEma,minbias,0,test,37.703606,35.84721374511719,-0.049236455629195874,1,30mm,1.8758788
SubNetW8CleanAuxExDnRcK9Rr01QdEma,minbias,0,test,67.392365,69.57149505615234,0.032334976971108764,0,15mm,1.7246588
SubNetW8CleanAuxExDnRcK9Rr01QdEma,minbias,0,test,18.39496,49.31635284423828,1.6809708617263102,0,15mm,0.6579601
SubNetW8CleanAuxExDnRcK9Rr01QdEma,minbias,0,test,57.05742,57.814903259277344,0.01327582725713139,1,30mm,3.7735958
SubNetW8CleanAuxExDnRcK9Rr01QdEma,minbias,0,test,55.927597,51.010833740234375,-0.08791300834235727,1,30mm,4.963668
SubNetW8CleanAuxExDnRcK9Rr01QdEma,minbias,0,test,33.933266,34.593631744384766,0.01946072813797506,1,30mm,1.9746096
SubNetW8CleanAuxExDnRcK9Rr01QdEma,minbias,0,test,26.135239,25.293685913085938,-0.03219992538529037,2,40mm,2.437708
SubNetW8CleanAuxExDnRcK9Rr01QdEma,minbias,0,test,26.78356,25.931015014648438,-0.031830898914771755,2,40mm,2.6357532
SubNetW8CleanAuxExDnRcK9Rr01QdEma,minbias,0,test,33.311417,33.18575668334961,-0.003772278556564368,2,40mm,2.8492422
SubNetW8CleanAuxExDnRcK9Rr01QdEma,minbias,0,test,5.9117904,6.0480804443359375,0.023053942180476517,3,60mm,1.4215413
SubNetW8CleanAuxExDnRcK9Rr01QdEma,minbias,0,test,26.415955,26.952444076538086,0.02030929773405199,2,40mm,2.6120577
SubNetW8CleanAuxExDnRcK9Rr01QdEma,minbias,0,test,26.836067,24.63973045349121,-0.08184272046538166,1,30mm,1.4421468
SubNetW8CleanAuxExDnRcK9Rr01QdEma,minbias,0,test,23.618917,24.308284759521484,0.029187082571711542,3,60mm,3.9235365
SubNetW8CleanAuxExDnRcK9Rr01QdEma,minbias,0,test,58.392696,58.20981979370117,-0.003131840080170978,1,30mm,3.1875992
SubNetW8CleanAuxExDnRcK9Rr01QdEma,minbias,0,test,10.792675,10.951215744018555,0.014689659925739562,2,40mm,0.97871315
SubNetW8CleanAuxExDnRcK9Rr01QdEma,minbias,0,test,73.16723,75.11216735839844,0.026582100952276644,0,15mm,1.7968309
SubNetW8CleanAuxExDnRcK9Rr01QdEma,minbias,0,test,45.132263,63.470829010009766,0.40632940900429637,2,40mm,3.0028207
SubNetW8CleanAuxExDnRcK9Rr01QdEma,minbias,0,test,52.344414,52.486289978027344,0.002710436711754527,0,15mm,1.6835899
SubNetW8CleanAuxExDnRcK9Rr01QdEma,minbias,0,test,56.18282,58.96290588378906,0.049482858793552964,1,30mm,2.9313304
SubNetW8CleanAuxExDnRcK9Rr01QdEma,minbias,0,test,26.821945,32.07404327392578,0.19581346715189363,1,30mm,1.4623964
SubNetW8CleanAuxExDnRcK9Rr01QdEma,minbias,0,test,17.83444,17.80950927734375,-0.0013979106524300011,3,60mm,2.7322366
SubNetW8CleanAuxExDnRcK9Rr01QdEma,minbias,0,test,21.569157,21.4965877532959,-0.003364475237543574,3,60mm,4.106494
SubNetW8CleanAuxExDnRcK9Rr01QdEma,minbias,0,test,42.726852,41.285423278808594,-0.03373590743628818,2,40mm,4.6519365
SubNetW8CleanAuxExDnRcK9Rr01QdEma,minbias,0,test,17.416351,16.697973251342773,-0.041247334409206915,3,60mm,4.117227
SubNetW8CleanAuxExDnRcK9Rr01QdEma,minbias,0,test,31.147259,30.65402603149414,-0.01583550998418015,1,30mm,1.9350207
SubNetW8CleanAuxExDnRcK9Rr01QdEma,minbias,0,test,92.42687,92.64231872558594,0.002330993864828157,0,15mm,3.213047
SubNetW8CleanAuxExDnRcK9Rr01QdEma,minbias,0,test,68.80847,67.34033203125,-0.021336611795011007,1,30mm,3.8623526
SubNetW8CleanAuxExDnRcK9Rr01QdEma,minbias,0,test,31.488277,27.997684478759766,-0.11085372846180308,0,15mm,0.89806664
SubNetW8CleanAuxExDnRcK9Rr01QdEma,minbias,0,test,37.4209,38.1776237487793,0.02022199740990116,2,40mm,3.4441717
SubNetW8CleanAuxExDnRcK9Rr01QdEma,minbias,0,test,18.345627,22.029367446899414,0.2007966612298604,3,60mm,1.8510746
SubNetW8CleanAuxExDnRcK9Rr01QdEma,minbias,0,test,66.357185,68.04258728027344,0.02539893618550204,0,15mm,2.5012212
SubNetW8CleanAuxExDnRcK9Rr01QdEma,minbias,0,test,46.40956,45.66348648071289,-0.0160758830273382,2,40mm,4.798981
SubNetW8CleanAuxExDnRcK9Rr01QdEma,minbias,0,test,15.203218,14.891283988952637,-0.02051766025393731,3,60mm,2.6757302
SubNetW8CleanAuxExDnRcK9Rr01QdEma,minbias,0,test,29.328924,29.220033645629883,-0.003712735345572149,1,30mm,1.8784679
SubNetW8CleanAuxExDnRcK9Rr01QdEma,minbias,0,test,28.829813,30.20895767211914,0.04783744758974873,3,60mm,4.3457503
SubNetW8CleanAuxExDnRcK9Rr01QdEma,minbias,0,test,17.772808,17.32074737548828,-0.025435524738491977,3,60mm,3.4723988
SubNetW8CleanAuxExDnRcK9Rr01QdEma,minbias,0,test,40.568512,41.75984573364258,0.029365971614677466,1,30mm,1.8410193
SubNetW8CleanAuxExDnRcK9Rr01QdEma,minbias,0,test,30.95491,30.595712661743164,-0.011603897841975575,3,60mm,4.9419928
SubNetW8CleanAuxExDnRcK9Rr01QdEma,minbias,0,test,28.115788,26.452987670898438,-0.059141143915819816,2,40mm,2.5846853
SubNetW8CleanAuxExDnRcK9Rr01QdEma,minbias,0,test,10.484193,9.981348991394043,-0.04796209532692719,3,60mm,1.5224259
SubNetW8CleanAuxExDnRcK9Rr01QdEma,minbias,0,test,12.114651,11.512489318847656,-0.04970522230265728,3,60mm,2.829703
SubNetW8CleanAuxExDnRcK9Rr01QdEma,minbias,0,test,88.64639,86.49279022216797,-0.024294306079837735,1,30mm,4.6839995
SubNetW8CleanAuxExDnRcK9Rr01QdEma,minbias,0,test,6.188813,5.757843971252441,-0.06963681463472737,3,60mm,1.0484678
SubNetW8CleanAuxExDnRcK9Rr01QdEma,minbias,0,test,20.210619,19.628721237182617,-0.028791683044416483,3,60mm,4.045871
SubNetW8CleanAuxExDnRcK9Rr01QdEma,minbias,0,test,7.7032146,11.211681365966797,0.4554548824214111,1,30mm,0.5286723
SubNetW8CleanAuxExDnRcK9Rr01QdEma,minbias,0,test,21.929539,21.789138793945312,-0.00640232038668942,3,60mm,4.638012
SubNetW8CleanAuxExDnRcK9Rr01QdEma,minbias,0,test,5.3552938,5.7605814933776855,0.07567983410004486,3,60mm,1.1719685
SubNetW8CleanAuxExDnRcK9Rr01QdEma,minbias,0,test,19.938988,19.56854248046875,-0.01857893973581981,0,15mm,0.53551406
SubNetW8CleanAuxExDnRcK9Rr01QdEma,minbias,0,test,23.989246,23.979341506958008,-0.0004128875621219885,3,60mm,3.1993637
SubNetW8CleanAuxExDnRcK9Rr01QdEma,minbias,0,test,10.321501,9.572547912597656,-0.0725623997609508,4,120mm,2.0663998
SubNetW8CleanAuxExDnRcK9Rr01QdEma,minbias,0,test,25.360304,19.29289436340332,-0.2392482970386135,2,40mm,1.6371925
SubNetW8CleanAuxExDnRcK9Rr01QdEma,minbias,0,test,24.664997,22.670835494995117,-0.08084986175683961,3,60mm,3.0821397
SubNetW8CleanAuxExDnRcK9Rr01QdEma,minbias,0,test,29.168234,29.815166473388672,0.022179354594441536,3,60mm,3.9059417
SubNetW8CleanAuxExDnRcK9Rr01QdEma,minbias,0,test,59.466583,58.627349853515625,-0.014112689052299565,0,15mm,1.6765465
SubNetW8CleanAuxExDnRcK9Rr01QdEma,minbias,0,test,94.79856,93.40365600585938,-0.014714412056493487,1,30mm,4.7355213
SubNetW8CleanAuxExDnRcK9Rr01QdEma,minbias,0,test,8.002888,7.87162971496582,-0.016401331039620826,2,40mm,0.72172236
SubNetW8CleanAuxExDnRcK9Rr01QdEma,minbias,0,test,38.73127,39.548301696777344,0.021094889576358966,1,30mm,2.3558278
SubNetW8CleanAuxExDnRcK9Rr01QdEma,minbias,0,test,6.4276457,6.122868061065674,-0.047416680576420234,4,120mm,1.3886722
SubNetW8CleanAuxExDnRcK9Rr01QdEma,minbias,0,test,44.251682,44.95540237426758,0.015902674350252388,2,40mm,3.7267308
SubNetW8CleanAuxExDnRcK9Rr01QdEma,minbias,0,test,39.296417,38.93632125854492,-0.009163582919470503,2,40mm,4.3524556
SubNetW8CleanAuxExDnRcK9Rr01QdEma,minbias,0,test,31.61031,31.575410842895508,-0.001104030880281326,3,60mm,4.0937266
SubNetW8CleanAuxExDnRcK9Rr01QdEma,minbias,0,test,16.064629,15.540314674377441,-0.03263778701125508,3,60mm,3.213407
SubNetW8CleanAuxExDnRcK9Rr01QdEma,minbias,0,test,5.9734583,6.026154041290283,0.008821648805603877,3,60mm,1.0678033
SubNetW8CleanAuxExDnRcK9Rr01QdEma,minbias,0,test,34.200268,34.25526428222656,0.0016080719254423226,2,40mm,3.294377
SubNetW8CleanAuxExDnRcK9Rr01QdEma,minbias,0,test,47.855576,50.899986267089844,0.06361663546711482,1,30mm,2.0456672
SubNetW8CleanAuxExDnRcK9Rr01QdEma,minbias,0,test,60.476154,61.72813415527344,0.020702041024354134,1,30mm,3.7579117
SubNetW8CleanAuxExDnRcK9Rr01QdEma,minbias,0,test,34.739815,34.34632873535156,-0.011326658638995735,2,40mm,3.3863196
SubNetW8CleanAuxExDnRcK9Rr01QdEma,minbias,0,test,27.708466,27.047035217285156,-0.02387105691826985,3,60mm,4.8471513
SubNetW8CleanAuxExDnRcK9Rr01QdEma,minbias,0,test,61.391495,60.935482025146484,-0.007427946292557497,1,30mm,4.5066714
SubNetW8CleanAuxExDnRcK9Rr01QdEma,minbias,0,test,4.270801,4.446356296539307,0.04110592519258871,3,60mm,0.7644808
SubNetW8CleanAuxExDnRcK9Rr01QdEma,minbias,0,test,97.61833,93.37663269042969,-0.04345187154699914,0,15mm,3.4585383
SubNetW8CleanAuxExDnRcK9Rr01QdEma,minbias,0,test,54.976204,54.85749053955078,-0.0021593593308539827,2,40mm,4.7934647
SubNetW8CleanAuxExDnRcK9Rr01QdEma,minbias,0,test,17.962097,17.765117645263672,-0.010966398904485697,3,60mm,2.4987102
SubNetW8CleanAuxExDnRcK9Rr01QdEma,minbias,0,test,52.345478,50.72030258178711,-0.031047103520151054,1,30mm,2.4633226
SubNetW8CleanAuxExDnRcK9Rr01QdEma,minbias,0,test,49.952652,48.92683410644531,-0.020535804016071135,2,40mm,3.9639635
SubNetW8CleanAuxExDnRcK9Rr01QdEma,minbias,0,test,40.453163,42.530269622802734,0.05134595948118137,1,30mm,2.3902206
SubNetW8CleanAuxExDnRcK9Rr01QdEma,minbias,0,test,6.6293526,7.074385166168213,0.06713062729990305,2,40mm,0.5730811
SubNetW8CleanAuxExDnRcK9Rr01QdEma,minbias,0,test,18.735582,18.74711799621582,0.0006157078181352471,3,60mm,2.214395
SubNetW8CleanAuxExDnRcK9Rr01QdEma,minbias,0,test,43.8116,43.97431945800781,0.0037140786357936495,2,40mm,3.4244056
SubNetW8CleanAuxExDnRcK9Rr01QdEma,minbias,0,test,10.288816,11.017476081848145,0.07082054901254153,3,60mm,1.7625432
SubNetW8CleanAuxExDnRcK9Rr01QdEma,minbias,0,test,12.835071,11.943562507629395,-0.06945876103861737,3,60mm,2.6249378
SubNetW8CleanAuxExDnRcK9Rr01QdEma,minbias,0,test,31.426128,34.85101318359375,0.10898207866770426,1,30mm,1.7592351
SubNetW8CleanAuxExDnRcK9Rr01QdEma,minbias,0,test,29.094696,28.566490173339844,-0.018154713517765875,2,40mm,4.3886228
SubNetW8CleanAuxExDnRcK9Rr01QdEma,minbias,0,test,24.429365,26.69820785522461,0.09287358400277701,0,15mm,0.5979605
SubNetW8CleanAuxExDnRcK9Rr01QdEma,minbias,0,test,45.729546,49.992313385009766,0.09321692871525422,1,30mm,2.9891717
SubNetW8CleanAuxExDnRcK9Rr01QdEma,minbias,0,test,34.29799,34.73365020751953,0.012702240860094527,2,40mm,3.22403
SubNetW8CleanAuxExDnRcK9Rr01QdEma,minbias,0,test,19.839808,20.30181121826172,0.023286703141858656,0,15mm,1.130008
SubNetW8CleanAuxExDnRcK9Rr01QdEma,minbias,0,test,51.886948,49.66036605834961,-0.0429121710778797,2,40mm,4.9880342
SubNetW8CleanAuxExDnRcK9Rr01QdEma,minbias,0,test,25.123508,25.502086639404297,0.015068683051884246,2,40mm,2.6582067
SubNetW8CleanAuxExDnRcK9Rr01QdEma,minbias,0,test,18.86489,18.128023147583008,-0.0390601816769095,2,40mm,2.4625006
SubNetW8CleanAuxExDnRcK9Rr01QdEma,minbias,0,test,56.653103,55.04421615600586,-0.028398916160105037,1,30mm,2.2869987
SubNetW8CleanAuxExDnRcK9Rr01QdEma,minbias,0,test,6.3060837,5.8904128074646,-0.06591585092752894,3,60mm,0.9162893
SubNetW8CleanAuxExDnRcK9Rr01QdEma,minbias,0,test,79.80421,75.93385314941406,-0.04849811622205802,1,30mm,3.4040422
SubNetW8CleanAuxExDnRcK9Rr01QdEma,minbias,0,test,22.325794,21.871294021606445,-0.020357627320496507,3,60mm,4.0860887
SubNetW8CleanAuxExDnRcK9Rr01QdEma,minbias,0,test,27.036077,27.5436954498291,0.018775576836207675,3,60mm,3.5233555
SubNetW8CleanAuxExDnRcK9Rr01QdEma,minbias,0,test,11.188577,11.263408660888672,0.006688246825603539,3,60mm,2.6413412
SubNetW8CleanAuxExDnRcK9Rr01QdEma,minbias,0,test,39.603977,38.63400650024414,-0.024491749859973266,0,15mm,1.561861
SubNetW8CleanAuxExDnRcK9Rr01QdEma,minbias,0,test,53.18085,52.79670715332031,-0.007223348672455665,1,30mm,2.003848
SubNetW8CleanAuxExDnRcK9Rr01QdEma,minbias,0,test,24.308577,24.23063087463379,-0.003206510630501591,3,60mm,3.8962896
SubNetW8CleanAuxExDnRcK9Rr01QdEma,minbias,0,test,28.596857,27.873689651489258,-0.025288353109576778,2,40mm,2.6188111
SubNetW8CleanAuxExDnRcK9Rr01QdEma,minbias,0,test,9.81034,9.864325523376465,0.005502928145317387,3,60mm,1.4912269
SubNetW8CleanAuxExDnRcK9Rr01QdEma,minbias,0,test,23.341597,21.38495445251465,-0.08382640588495294,4,120mm,4.979928
SubNetW8CleanAuxExDnRcK9Rr01QdEma,minbias,0,test,29.71747,29.36321258544922,-0.011920852670255444,3,60mm,3.9812574
SubNetW8CleanAuxExDnRcK9Rr01QdEma,minbias,0,test,35.594532,33.43212890625,-0.06075099135741879,1,30mm,1.4749835
SubNetW8CleanAuxExDnRcK9Rr01QdEma,minbias,0,test,42.667374,40.71780776977539,-0.04569219336332353,1,30mm,3.0427833
SubNetW8CleanAuxExDnRcK9Rr01QdEma,minbias,0,test,16.126106,22.260129928588867,0.38037847243742084,1,30mm,1.2485479
SubNetW8CleanAuxExDnRcK9Rr01QdEma,minbias,0,test,8.852099,9.45175838470459,0.06774200533737029,3,60mm,1.4067001
SubNetW8CleanAuxExDnRcK9Rr01QdEma,minbias,0,test,59.493397,59.91851806640625,0.007145688942504336,2,40mm,4.513684
SubNetW8CleanAuxExDnRcK9Rr01QdEma,minbias,0,test,13.686914,13.104781150817871,-0.042532105796009856,3,60mm,2.1704438
SubNetW8CleanAuxExDnRcK9Rr01QdEma,minbias,0,test,18.63709,18.487348556518555,-0.008034629922231695,4,120mm,4.0864286
SubNetW8CleanAuxExDnRcK9Rr01QdEma,minbias,0,test,39.45968,38.12477493286133,-0.03382956381588065,2,40mm,3.4071999
SubNetW8CleanAuxExDnRcK9Rr01QdEma,minbias,0,test,35.926296,35.82002639770508,-0.0029579958850537436,2,40mm,3.404263
SubNetW8CleanAuxExDnRcK9Rr01QdEma,minbias,0,test,8.948855,8.982156753540039,0.0037212975252982616,2,40mm,0.97794527
SubNetW8CleanAuxExDnRcK9Rr01QdEma,minbias,0,test,24.841366,23.045486450195312,-0.07229390595691199,1,30mm,1.5664356
SubNetW8CleanAuxExDnRcK9Rr01QdEma,minbias,0,test,5.6459584,5.722538948059082,0.01356377760847094,3,60mm,1.3282015
SubNetW8CleanAuxExDnRcK9Rr01QdEma,minbias,0,test,22.803192,22.633852005004883,-0.007426159137597588,2,40mm,3.8079062
SubNetW8CleanAuxExDnRcK9Rr01QdEma,minbias,0,test,20.133009,20.866607666015625,0.036437609036809704,2,40mm,2.7501872
SubNetW8CleanAuxExDnRcK9Rr01QdEma,minbias,0,test,14.202255,13.957328796386719,-0.017245602782245406,3,60mm,2.5665047
SubNetW8CleanAuxExDnRcK9Rr01QdEma,minbias,0,test,14.557612,14.252679824829102,-0.020946607556239116,3,60mm,2.5483897
SubNetW8CleanAuxExDnRcK9Rr01QdEma,minbias,0,test,8.525934,9.235785484313965,0.08325788666557044,3,60mm,1.0647627
SubNetW8CleanAuxExDnRcK9Rr01QdEma,minbias,0,test,8.193183,8.304259300231934,0.01355716767496884,2,40mm,1.7936685
SubNetW8CleanAuxExDnRcK9Rr01QdEma,minbias,0,test,78.75737,75.90568542480469,-0.03620847890793333,0,15mm,1.8359495
SubNetW8CleanAuxExDnRcK9Rr01QdEma,minbias,0,test,40.95054,39.85419464111328,-0.026772394959337475,1,30mm,2.226548
SubNetW8CleanAuxExDnRcK9Rr01QdEma,minbias,0,test,43.770874,41.826019287109375,-0.044432622827836,3,60mm,4.7602973
SubNetW8CleanAuxExDnRcK9Rr01QdEma,minbias,0,test,44.60212,43.885841369628906,-0.016059283394419754,1,30mm,2.5781627
SubNetW8CleanAuxExDnRcK9Rr01QdEma,minbias,0,test,12.778068,12.237798690795898,-0.04228095478877736,3,60mm,1.8268186
SubNetW8CleanAuxExDnRcK9Rr01QdEma,minbias,0,test,28.186056,27.88702392578125,-0.010609224995839939,2,40mm,3.2951422
SubNetW8CleanAuxExDnRcK9Rr01QdEma,minbias,0,test,52.07721,59.007232666015625,0.1330720916795296,1,30mm,2.1792262
SubNetW8CleanAuxExDnRcK9Rr01QdEma,minbias,0,test,8.46191,7.958893775939941,-0.05944478931260333,2,40mm,1.7406523
SubNetW8CleanAuxExDnRcK9Rr01QdEma,minbias,0,test,64.99333,66.46273803710938,0.02260856744478046,1,30mm,3.0487716
SubNetW8CleanAuxExDnRcK9Rr01QdEma,minbias,0,test,11.094486,10.56118106842041,-0.04806938841330466,4,120mm,2.4859812
SubNetW8CleanAuxExDnRcK9Rr01QdEma,minbias,0,test,31.665094,31.36382293701172,-0.0095143073008076,1,30mm,2.7362258
SubNetW8CleanAuxExDnRcK9Rr01QdEma,minbias,0,test,13.465842,13.487749099731445,0.001626846083618183,0,15mm,0.6280685
SubNetW8CleanAuxExDnRcK9Rr01QdEma,minbias,0,test,63.15345,62.191001892089844,-0.015239834402255958,1,30mm,4.0276585
SubNetW8CleanAuxExDnRcK9Rr01QdEma,minbias,0,test,17.7147,17.70162582397461,-0.000738080484689041,2,40mm,1.7133412
SubNetW8CleanAuxExDnRcK9Rr01QdEma,minbias,0,test,42.45701,45.47529983520508,0.07109053581135405,1,30mm,2.5968225
SubNetW8CleanAuxExDnRcK9Rr01QdEma,minbias,0,test,34.88552,34.32357406616211,-0.016108312383884993,2,40mm,2.0735183
SubNetW8CleanAuxExDnRcK9Rr01QdEma,minbias,0,test,38.27226,37.44440460205078,-0.021630658428523186,2,40mm,3.2237935
SubNetW8CleanAuxExDnRcK9Rr01QdEma,minbias,0,test,82.57275,83.80419158935547,0.0149134595617193,0,15mm,1.8924572
SubNetW8CleanAuxExDnRcK9Rr01QdEma,minbias,0,test,29.061909,28.374446868896484,-0.023655082658378013,3,60mm,4.143226
SubNetW8CleanAuxExDnRcK9Rr01QdEma,minbias,0,test,39.654644,38.90636444091797,-0.018869910200133178,1,30mm,2.7099235
SubNetW8CleanAuxExDnRcK9Rr01QdEma,minbias,0,test,14.070179,12.80141544342041,-0.09017394472907458,1,30mm,0.7519772
SubNetW8CleanAuxExDnRcK9Rr01QdEma,minbias,0,test,55.63932,55.97227478027344,0.005984156609084801,0,15mm,2.4672804
SubNetW8CleanAuxExDnRcK9Rr01QdEma,minbias,0,test,30.544249,29.765758514404297,-0.025487288203066005,2,40mm,3.3506722
SubNetW8CleanAuxExDnRcK9Rr01QdEma,minbias,0,test,32.835995,32.2228889465332,-0.018671758816667605,1,30mm,1.9058876
SubNetW8CleanAuxExDnRcK9Rr01QdEma,minbias,0,test,13.096646,14.368890762329102,0.09714276643217512,1,30mm,0.91515476
SubNetW8CleanAuxExDnRcK9Rr01QdEma,minbias,0,test,22.41571,21.513267517089844,-0.04025939459618422,3,60mm,4.489458
SubNetW8CleanAuxExDnRcK9Rr01QdEma,minbias,0,test,26.888603,26.168155670166016,-0.026793788232303162,3,60mm,4.278288
SubNetW8CleanAuxExDnRcK9Rr01QdEma,minbias,0,test,40.88423,39.26991271972656,-0.039485121421338976,2,40mm,3.981976
SubNetW8CleanAuxExDnRcK9Rr01QdEma,minbias,0,test,7.0177197,6.983186721801758,-0.004920832561845057,3,60mm,1.468053
SubNetW8CleanAuxExDnRcK9Rr01QdEma,minbias,0,test,13.142168,14.050359725952148,0.06910516421608937,2,40mm,0.9715589
SubNetW8CleanAuxExDnRcK9Rr01QdEma,minbias,0,test,31.262627,29.155454635620117,-0.06740227032290425,3,60mm,3.9478986
SubNetW8CleanAuxExDnRcK9Rr01QdEma,minbias,0,test,7.028624,7.076675891876221,0.006836591872249276,4,120mm,1.6489527
SubNetW8CleanAuxExDnRcK9Rr01QdEma,minbias,0,test,75.63632,75.20850372314453,-0.005656254652603554,1,30mm,4.8329973
SubNetW8CleanAuxExDnRcK9Rr01QdEma,minbias,0,test,16.975239,16.585533142089844,-0.022957300486274312,4,120mm,4.062642
SubNetW8CleanAuxExDnRcK9Rr01QdEma,minbias,0,test,26.86293,19.291120529174805,-0.28186834737393984,1,30mm,1.6699176
SubNetW8CleanAuxExDnRcK9Rr01QdEma,minbias,0,test,12.949875,12.938783645629883,-0.0008564740898545642,2,40mm,2.1320128
SubNetW8CleanAuxExDnRcK9Rr01QdEma,minbias,0,test,7.7345853,7.564967632293701,-0.021929766967327513,3,60mm,1.7298862
SubNetW8CleanAuxExDnRcK9Rr01QdEma,minbias,0,test,45.339058,45.60260772705078,0.005812864597645406,2,40mm,3.935066
SubNetW8CleanAuxExDnRcK9Rr01QdEma,minbias,0,test,35.44681,34.947689056396484,-0.014080888972208716,2,40mm,2.6072154
SubNetW8CleanAuxExDnRcK9Rr01QdEma,minbias,0,test,32.8866,31.45110321044922,-0.043649914018344727,2,40mm,2.381789
SubNetW8CleanAuxExDnRcK9Rr01QdEma,minbias,0,test,94.3383,89.81796264648438,-0.047916274097035916,1,30mm,3.4934218
SubNetW8CleanAuxExDnRcK9Rr01QdEma,minbias,0,test,62.086605,60.97605514526367,-0.017887109876108642,1,30mm,4.698985
SubNetW8CleanAuxExDnRcK9Rr01QdEma,minbias,0,test,15.927666,15.172104835510254,-0.04743701234533604,2,40mm,2.7678921
SubNetW8CleanAuxExDnRcK9Rr01QdEma,minbias,0,test,24.9033,23.472570419311523,-0.057451379967726424,3,60mm,3.634966
SubNetW8CleanAuxExDnRcK9Rr01QdEma,minbias,0,test,59.012154,59.005043029785156,-0.00012049375029166143,2,40mm,4.8562865
SubNetW8CleanAuxExDnRcK9Rr01QdEma,minbias,0,test,20.721289,20.58008575439453,-0.006814389240424434,3,60mm,4.876492
SubNetW8CleanAuxExDnRcK9Rr01QdEma,minbias,0,test,38.84674,38.76408004760742,-0.0021278664184204432,2,40mm,4.623231
SubNetW8CleanAuxExDnRcK9Rr01QdEma,minbias,0,test,30.717659,33.20718765258789,0.08104552030748402,2,40mm,3.688829
SubNetW8CleanAuxExDnRcK9Rr01QdEma,minbias,0,test,3.4057283,3.6808743476867676,0.08078918224164933,2,40mm,0.5265276
SubNetW8CleanAuxExDnRcK9Rr01QdEma,minbias,0,test,22.21436,22.6514892578125,0.01967781149064951,2,40mm,2.9705443
SubNetW8CleanAuxExDnRcK9Rr01QdEma,minbias,0,test,22.990618,22.93548583984375,-0.002398017870853808,2,40mm,2.9931867
SubNetW8CleanAuxExDnRcK9Rr01QdEma,minbias,0,test,29.941744,29.57274627685547,-0.01232385046416773,3,60mm,4.6068006
SubNetW8CleanAuxExDnRcK9Rr01QdEma,minbias,0,test,46.9396,47.402305603027344,0.009857427121719775,1,30mm,2.2493997
SubNetW8CleanAuxExDnRcK9Rr01QdEma,minbias,0,test,19.256828,18.03457260131836,-0.0634712885855998,2,40mm,2.2515492
SubNetW8CleanAuxExDnRcK9Rr01QdEma,minbias,0,test,42.83359,42.032470703125,-0.018703095648252233,1,30mm,2.1842527
SubNetW8CleanAuxExDnRcK9Rr01QdEma,minbias,0,test,53.91551,53.175559997558594,-0.013724219551004113,1,30mm,3.1898131
SubNetW8CleanAuxExDnRcK9Rr01QdEma,minbias,0,test,38.965946,38.495994567871094,-0.012060572769273747,2,40mm,3.6815217
SubNetW8CleanAuxExDnRcK9Rr01QdEma,minbias,0,test,29.734114,29.374435424804688,-0.012096485274233126,3,60mm,4.7523956
SubNetW8CleanAuxExDnRcK9Rr01QdEma,minbias,0,test,48.50667,49.49683380126953,0.020412901088753488,2,40mm,4.456613
SubNetW8CleanAuxExDnRcK9Rr01QdEma,minbias,0,test,36.446106,36.32432174682617,-0.00334148757479491,2,40mm,3.7372732
SubNetW8CleanAuxExDnRcK9Rr01QdEma,minbias,0,test,6.5413113,6.507759094238281,-0.005129272778114591,3,60mm,1.1196928
SubNetW8CleanAuxExDnRcK9Rr01QdEma,minbias,0,test,26.024462,25.275354385375977,-0.028784739839961215,3,60mm,4.4366565
SubNetW8CleanAuxExDnRcK9Rr01QdEma,minbias,0,test,30.400766,29.30048370361328,-0.03619259644902051,1,30mm,1.219292
SubNetW8CleanAuxExDnRcK9Rr01QdEma,minbias,0,test,28.538294,27.913558959960938,-0.02189110820974205,2,40mm,2.063153
SubNetW8CleanAuxExDnRcK9Rr01QdEma,minbias,0,test,25.592058,25.387392044067383,-0.007997251969408259,3,60mm,4.89903
SubNetW8CleanAuxExDnRcK9Rr01QdEma,minbias,0,test,15.872593,14.822648048400879,-0.06614828985521182,3,60mm,2.484616
SubNetW8CleanAuxExDnRcK9Rr01QdEma,minbias,0,test,18.606516,18.402957916259766,-0.010940144270122132,3,60mm,4.447391
SubNetW8CleanAuxExDnRcK9Rr01QdEma,minbias,0,test,80.268074,80.50942993164062,0.00300687289306234,0,15mm,2.324851
SubNetW8CleanAuxExDnRcK9Rr01QdEma,minbias,0,test,9.764876,9.500343322753906,-0.0270902603373403,3,60mm,1.493785
SubNetW8CleanAuxExDnRcK9Rr01QdEma,minbias,0,test,34.957306,37.85383605957031,0.08285907841334783,2,40mm,2.8442154
SubNetW8CleanAuxExDnRcK9Rr01QdEma,minbias,0,test,42.301365,44.813323974609375,0.05938245921719698,2,40mm,3.4586668
SubNetW8CleanAuxExDnRcK9Rr01QdEma,minbias,0,test,7.2964244,7.223282337188721,-0.010024369170218983,4,120mm,1.7563909
SubNetW8CleanAuxExDnRcK9Rr01QdEma,minbias,0,test,88.82166,91.23017883300781,0.027116312073673043,0,15mm,2.3120265
SubNetW8CleanAuxExDnRcK9Rr01QdEma,minbias,0,test,21.123384,20.516483306884766,-0.02873124662012294,2,40mm,2.3584714
SubNetW8CleanAuxExDnRcK9Rr01QdEma,minbias,0,test,53.664543,53.560997009277344,-0.001929507576075351,2,40mm,3.7253203
SubNetW8CleanAuxExDnRcK9Rr01QdEma,minbias,0,test,43.514694,41.67989730834961,-0.04216499595515644,0,15mm,1.468259
SubNetW8CleanAuxExDnRcK9Rr01QdEma,minbias,0,test,17.83845,17.43279266357422,-0.022740587127378475,3,60mm,2.5743437
SubNetW8CleanAuxExDnRcK9Rr01QdEma,minbias,0,test,30.184147,28.758399963378906,-0.04723495824946389,0,15mm,0.64913595
SubNetW8CleanAuxExDnRcK9Rr01QdEma,minbias,0,test,3.747824,4.458576679229736,0.18964410665902953,3,60mm,0.52622855
SubNetW8CleanAuxExDnRcK9Rr01QdEma,minbias,0,test,23.130747,22.76305389404297,-0.01589628514411401,1,30mm,1.0014417
SubNetW8CleanAuxExDnRcK9Rr01QdEma,minbias,0,test,46.03551,46.07251739501953,0.0008038659147344696,0,15mm,1.8248187
SubNetW8CleanAuxExDnRcK9Rr01QdEma,minbias,0,test,17.665031,17.173763275146484,-0.027810205706077284,3,60mm,1.9918144
SubNetW8CleanAuxExDnRcK9Rr01QdEma,minbias,0,test,26.890299,26.457643508911133,-0.016089643963890343,2,40mm,4.2047453
SubNetW8CleanAuxExDnRcK9Rr01QdEma,minbias,0,test,39.566334,42.86968994140625,0.08348906395507871,1,30mm,3.3606985
SubNetW8CleanAuxExDnRcK9Rr01QdEma,minbias,0,test,30.25451,28.908300399780273,-0.04449619050519049,0,15mm,1.4742929
SubNetW8CleanAuxExDnRcK9Rr01QdEma,minbias,0,test,28.773287,27.880151748657227,-0.03104042566999321,3,60mm,4.129551
SubNetW8CleanAuxExDnRcK9Rr01QdEma,minbias,0,test,11.240541,10.599581718444824,-0.057022140977156854,3,60mm,1.3761892
SubNetW8CleanAuxExDnRcK9Rr01QdEma,minbias,0,test,51.490715,52.18921661376953,0.013565583359053335,1,30mm,3.2336972
SubNetW8CleanAuxExDnRcK9Rr01QdEma,minbias,0,test,7.5725274,7.271944522857666,-0.03969386567037392,3,60mm,1.7095891
SubNetW8CleanAuxExDnRcK9Rr01QdEma,minbias,0,test,26.629435,27.46615982055664,0.03142106650055254,3,60mm,4.3575993
SubNetW8CleanAuxExDnRcK9Rr01QdEma,minbias,0,test,66.17705,68.14704132080078,0.02976853242775679,2,40mm,3.9923797
SubNetW8CleanAuxExDnRcK9Rr01QdEma,minbias,0,test,79.02466,78.1602554321289,-0.01093839303643973,0,15mm,1.889845
SubNetW8CleanAuxExDnRcK9Rr01QdEma,minbias,0,test,10.998792,12.099781036376953,0.10010093583936763,2,40mm,0.9073621
SubNetW8CleanAuxExDnRcK9Rr01QdEma,minbias,0,test,57.17777,55.65740203857422,-0.02659017137385633,2,40mm,3.6874702
SubNetW8CleanAuxExDnRcK9Rr01QdEma,minbias,0,test,27.264149,30.624229431152344,0.12324172503855735,0,15mm,0.6038779
SubNetW8CleanAuxExDnRcK9Rr01QdEma,minbias,0,test,24.256485,23.711153030395508,-0.022481903510973678,2,40mm,4.71858
SubNetW8CleanAuxExDnRcK9Rr01QdEma,minbias,0,test,31.081789,31.111534118652344,0.0009569945254022105,3,60mm,4.9935827
SubNetW8CleanAuxExDnRcK9Rr01QdEma,minbias,0,test,81.1154,80.34540557861328,-0.009492607100216155,0,15mm,3.4727342
SubNetW8CleanAuxExDnRcK9Rr01QdEma,minbias,0,test,9.243388,7.927750110626221,-0.14233288057286153,4,120mm,2.0344732
SubNetW8CleanAuxExDnRcK9Rr01QdEma,minbias,0,test,29.10173,26.943124771118164,-0.07417447518916365,2,40mm,4.192681
SubNetW8CleanAuxExDnRcK9Rr01QdEma,minbias,0,test,37.90889,38.5872802734375,0.01789528807191454,1,30mm,1.9086893
SubNetW8CleanAuxExDnRcK9Rr01QdEma,minbias,0,test,60.345238,57.4473876953125,-0.04802118850693671,0,15mm,1.2619439
SubNetW8CleanAuxExDnRcK9Rr01QdEma,minbias,0,test,34.09932,32.95065689086914,-0.03368579154646212,1,30mm,1.531598
SubNetW8CleanAuxExDnRcK9Rr01QdEma,minbias,0,test,25.050838,24.131162643432617,-0.03671237703723518,3,60mm,3.8114657
SubNetW8CleanAuxExDnRcK9Rr01QdEma,minbias,0,test,97.35428,101.16545867919922,0.03914753589615394,0,15mm,3.9897687
SubNetW8CleanAuxExDnRcK9Rr01QdEma,minbias,0,test,13.571881,11.390449523925781,-0.1607317160406373,2,40mm,1.5565286
SubNetW8CleanAuxExDnRcK9Rr01QdEma,minbias,0,test,8.67249,7.336348533630371,-0.154066659958774,3,60mm,0.93854094
SubNetW8CleanAuxExDnRcK9Rr01QdEma,minbias,0,test,69.93084,67.07183837890625,-0.04088326664648334,2,40mm,4.697276
SubNetW8CleanAuxExDnRcK9Rr01QdEma,minbias,0,test,25.406004,25.41827964782715,0.00048318089786802965,3,60mm,3.513241
SubNetW8CleanAuxExDnRcK9Rr01QdEma,minbias,0,test,12.444492,13.839089393615723,0.11206540334597381,3,60mm,2.4567273
SubNetW8CleanAuxExDnRcK9Rr01QdEma,minbias,0,test,8.440942,8.329569816589355,-0.013194261554864806,3,60mm,1.0198194
SubNetW8CleanAuxExDnRcK9Rr01QdEma,minbias,0,test,16.664946,16.390472412109375,-0.016470092183667795,3,60mm,2.4064963
SubNetW8CleanAuxExDnRcK9Rr01QdEma,minbias,0,test,18.592274,18.224843978881836,-0.01976249591442336,3,60mm,2.813344
SubNetW8CleanAuxExDnRcK9Rr01QdEma,minbias,0,test,89.03757,87.03900146484375,-0.02244631943632791,1,30mm,4.129924
SubNetW8CleanAuxExDnRcK9Rr01QdEma,minbias,0,test,21.849533,21.41420555114746,-0.019923882505511803,2,40mm,2.334473
SubNetW8CleanAuxExDnRcK9Rr01QdEma,minbias,0,test,5.9473658,5.937692165374756,-0.0016265344721559938,2,40mm,0.64227057
SubNetW8CleanAuxExDnRcK9Rr01QdEma,minbias,0,test,21.556816,20.906837463378906,-0.030151884890965985,2,40mm,4.522259
SubNetW8CleanAuxExDnRcK9Rr01QdEma,minbias,0,test,73.08991,71.73322296142578,-0.01856192473497764,2,40mm,4.9082108
SubNetW8CleanAuxExDnRcK9Rr01QdEma,minbias,0,test,36.072823,36.52066421508789,0.012414932139233725,2,40mm,2.586332
SubNetW8CleanAuxExDnRcK9Rr01QdEma,minbias,0,test,22.281265,22.100919723510742,-0.00809404372613809,3,60mm,3.6582355
SubNetW8CleanAuxExDnRcK9Rr01QdEma,minbias,0,test,42.71675,42.18135070800781,-0.01253373388319634,2,40mm,4.8992586
SubNetW8CleanAuxExDnRcK9Rr01QdEma,minbias,0,test,26.392923,25.409080505371094,-0.037276766824742014,3,60mm,4.936224
SubNetW8CleanAuxExDnRcK9Rr01QdEma,minbias,0,test,19.076008,17.850984573364258,-0.06421801037902786,2,40mm,1.5178822
SubNetW8CleanAuxExDnRcK9Rr01QdEma,minbias,0,test,26.540918,26.087400436401367,-0.017087498926524725,3,60mm,3.8294868
SubNetW8CleanAuxExDnRcK9Rr01QdEma,minbias,0,test,29.127504,29.01268768310547,-0.003941864166413622,2,40mm,2.8211224
SubNetW8CleanAuxExDnRcK9Rr01QdEma,minbias,0,test,28.351723,28.02973175048828,-0.011357015938949222,3,60mm,3.8656125
SubNetW8CleanAuxExDnRcK9Rr01QdEma,minbias,0,test,20.723799,21.963184356689453,0.05980494308500717,3,60mm,2.525117
SubNetW8CleanAuxExDnRcK9Rr01QdEma,minbias,0,test,17.212925,16.37757110595703,-0.04853061599883868,3,60mm,2.686154
SubNetW8CleanAuxExDnRcK9Rr01QdEma,minbias,0,test,12.724712,13.665220260620117,0.07391191732367375,1,30mm,0.77903557
SubNetW8CleanAuxExDnRcK9Rr01QdEma,minbias,0,test,70.50517,69.53912353515625,-0.013701820120949004,1,30mm,4.1986237
SubNetW8CleanAuxExDnRcK9Rr01QdEma,minbias,0,test,16.541264,15.552778244018555,-0.059758756125476875,1,30mm,1.1541889
SubNetW8CleanAuxExDnRcK9Rr01QdEma,minbias,0,test,20.539928,20.270837783813477,-0.013100856378376213,3,60mm,3.0963583
SubNetW8CleanAuxExDnRcK9Rr01QdEma,minbias,0,test,42.440704,41.54035949707031,-0.021214182528616954,2,40mm,3.7492368
SubNetW8CleanAuxExDnRcK9Rr01QdEma,minbias,0,test,24.659088,21.474632263183594,-0.12913923881444844,2,40mm,2.6973991
SubNetW8CleanAuxExDnRcK9Rr01QdEma,minbias,0,test,6.7757883,5.906664848327637,-0.12826898059079828,3,60mm,1.0049559
SubNetW8CleanAuxExDnRcK9Rr01QdEma,minbias,0,test,17.511318,19.630821228027344,0.12103617764302577,2,40mm,1.9398293
SubNetW8CleanAuxExDnRcK9Rr01QdEma,minbias,0,test,41.60131,41.0374641418457,-0.013553577477269818,1,30mm,2.1780365
SubNetW8CleanAuxExDnRcK9Rr01QdEma,minbias,0,test,25.891045,25.718130111694336,-0.006678544939563991,3,60mm,3.3052285
SubNetW8CleanAuxExDnRcK9Rr01QdEma,minbias,0,test,33.111683,32.57937240600586,-0.01607621357025424,3,60mm,4.2343016
SubNetW8CleanAuxExDnRcK9Rr01QdEma,minbias,0,test,37.64739,37.271793365478516,-0.00997665729695818,3,60mm,4.3547344
SubNetW8CleanAuxExDnRcK9Rr01QdEma,minbias,0,test,3.8685274,3.620391368865967,-0.06414224770704402,3,60mm,0.60688204
SubNetW8CleanAuxExDnRcK9Rr01QdEma,minbias,0,test,9.693985,9.747719764709473,0.005543105280141125,3,60mm,2.2265317
SubNetW8CleanAuxExDnRcK9Rr01QdEma,minbias,0,test,38.695213,38.04181671142578,-0.016885721783669427,2,40mm,3.043032
SubNetW8CleanAuxExDnRcK9Rr01QdEma,minbias,0,test,72.090065,72.27690887451172,0.002591811674243605,1,30mm,3.1740553
SubNetW8CleanAuxExDnRcK9Rr01QdEma,minbias,0,test,17.514835,18.11996078491211,0.034549307195242296,3,60mm,1.8959284
SubNetW8CleanAuxExDnRcK9Rr01QdEma,minbias,0,test,28.295643,27.90810775756836,-0.013695928282354775,3,60mm,3.2158532
SubNetW8CleanAuxExDnRcK9Rr01QdEma,minbias,0,test,38.685642,39.516517639160156,0.021477616722029857,3,60mm,4.6364117
SubNetW8CleanAuxExDnRcK9Rr01QdEma,minbias,0,test,25.20618,24.098142623901367,-0.0439589784505805,2,40mm,4.33572
SubNetW8CleanAuxExDnRcK9Rr01QdEma,minbias,0,test,9.229926,9.006394386291504,-0.024218148701850795,3,60mm,1.8625091
SubNetW8CleanAuxExDnRcK9Rr01QdEma,minbias,0,test,40.027542,40.38059997558594,0.008820373240013835,2,40mm,4.09047
SubNetW8CleanAuxExDnRcK9Rr01QdEma,minbias,0,test,25.808382,26.147104263305664,0.01312450461070025,3,60mm,4.546818
SubNetW8CleanAuxExDnRcK9Rr01QdEma,minbias,0,test,45.138786,45.69633102416992,0.012351787758532184,2,40mm,4.7678113
SubNetW8CleanAuxExDnRcK9Rr01QdEma,minbias,0,test,38.937107,37.603538513183594,-0.034249297721229977,2,40mm,3.531683
SubNetW8CleanAuxExDnRcK9Rr01QdEma,minbias,0,test,29.807772,28.66750144958496,-0.03825412530969541,1,30mm,1.9460138
SubNetW8CleanAuxExDnRcK9Rr01QdEma,minbias,0,test,22.333448,22.78412437438965,0.02017941681379498,1,30mm,1.5300382
SubNetW8CleanAuxExDnRcK9Rr01QdEma,minbias,0,test,16.564318,15.41107177734375,-0.06962230177927897,2,40mm,1.9770541
SubNetW8CleanAuxExDnRcK9Rr01QdEma,minbias,0,test,12.843942,12.699783325195312,-0.01122384131274412,3,60mm,1.546374
SubNetW8CleanAuxExDnRcK9Rr01QdEma,minbias,0,test,13.19659,31.749319076538086,1.4058728851505475,0,15mm,0.5699614
SubNetW8CleanAuxExDnRcK9Rr01QdEma,minbias,0,test,10.442403,10.669835090637207,0.021779685621087674,2,40mm,1.8808168
SubNetW8CleanAuxExDnRcK9Rr01QdEma,minbias,0,test,27.04866,26.717100143432617,-0.012257913385582464,3,60mm,4.1096315
SubNetW8CleanAuxExDnRcK9Rr01QdEma,minbias,0,test,42.5528,42.414344787597656,-0.0032537092689073344,2,40mm,3.1175866
SubNetW8CleanAuxExDnRcK9Rr01QdEma,minbias,0,test,52.19623,42.585147857666016,-0.184133674887884,2,40mm,3.2677953
SubNetW8CleanAuxExDnRcK9Rr01QdEma,minbias,0,test,11.540167,11.571342468261719,0.0027014872311135196,4,120mm,2.570006
SubNetW8CleanAuxExDnRcK9Rr01QdEma,minbias,0,test,12.150719,10.990446090698242,-0.09549003873493911,3,60mm,1.9711841
SubNetW8CleanAuxExDnRcK9Rr01QdEma,minbias,0,test,31.086267,29.794654846191406,-0.04154929910173277,3,60mm,4.430097
SubNetW8CleanAuxExDnRcK9Rr01QdEma,minbias,0,test,18.592014,17.875301361083984,-0.038549505158721575,3,60mm,2.6690335
SubNetW8CleanAuxExDnRcK9Rr01QdEma,minbias,0,test,13.571242,13.310769081115723,-0.01919302927188893,3,60mm,2.5352979
SubNetW8CleanAuxExDnRcK9Rr01QdEma,minbias,0,test,24.508675,26.809078216552734,0.09386079135201375,2,40mm,2.1285462
SubNetW8CleanAuxExDnRcK9Rr01QdEma,minbias,0,test,27.454643,25.906723022460938,-0.05638099949007025,3,60mm,4.6505694
SubNetW8CleanAuxExDnRcK9Rr01QdEma,minbias,0,test,24.317465,23.732994079589844,-0.024035019810806135,3,60mm,4.576596
SubNetW8CleanAuxExDnRcK9Rr01QdEma,minbias,0,test,85.46071,83.93500518798828,-0.017852688736675226,0,15mm,1.9134173
SubNetW8CleanAuxExDnRcK9Rr01QdEma,minbias,0,test,17.852556,17.320295333862305,-0.02981426793780817,3,60mm,3.937356
SubNetW8CleanAuxExDnRcK9Rr01QdEma,minbias,0,test,35.094765,35.63924789428711,0.01551465551405995,1,30mm,2.447101
SubNetW8CleanAuxExDnRcK9Rr01QdEma,minbias,0,test,22.35091,23.455299377441406,0.04941137436665377,3,60mm,3.84367
SubNetW8CleanAuxExDnRcK9Rr01QdEma,minbias,0,test,5.2876744,6.259542465209961,0.18379876665797634,3,60mm,1.1519562
SubNetW8CleanAuxExDnRcK9Rr01QdEma,minbias,0,test,18.68061,19.919292449951172,0.06630842085272448,4,120mm,4.130807
SubNetW8CleanAuxExDnRcK9Rr01QdEma,minbias,0,test,15.905932,16.08060073852539,0.010981331203335776,2,40mm,1.5021954
SubNetW8CleanAuxExDnRcK9Rr01QdEma,minbias,0,test,53.862614,53.96565246582031,0.001912992719919293,1,30mm,2.765398
SubNetW8CleanAuxExDnRcK9Rr01QdEma,minbias,0,test,4.605423,3.7787904739379883,-0.1794911139383939,3,60mm,0.862765
SubNetW8CleanAuxExDnRcK9Rr01QdEma,minbias,0,test,21.825607,20.851593017578125,-0.04462713311236377,3,60mm,4.6508303
SubNetW8CleanAuxExDnRcK9Rr01QdEma,minbias,0,test,18.356369,18.96681022644043,0.03325500850787577,2,40mm,1.8996239
SubNetW8CleanAuxExDnRcK9Rr01QdEma,minbias,0,test,96.08099,90.02919006347656,-0.06298648003958862,0,15mm,2.9861066
SubNetW8CleanAuxExDnRcK9Rr01QdEma,minbias,0,test,38.550335,39.048641204833984,0.012926120494503257,1,30mm,2.2629328
SubNetW8CleanAuxExDnRcK9Rr01QdEma,minbias,0,test,64.084404,64.26241302490234,0.0027777278419596207,0,15mm,1.8500955
SubNetW8CleanAuxExDnRcK9Rr01QdEma,minbias,0,test,41.72702,49.58774185180664,0.1883844458210313,0,15mm,1.371491
SubNetW8CleanAuxExDnRcK9Rr01QdEma,minbias,0,test,50.708847,50.627113342285156,-0.0016118233478923383,0,15mm,1.2614357
SubNetW8CleanAuxExDnRcK9Rr01QdEma,minbias,0,test,50.091774,58.49476623535156,0.16775193968468205,0,15mm,1.1502713
SubNetW8CleanAuxExDnRcK9Rr01QdEma,minbias,0,test,12.675389,13.009424209594727,0.026353030435609215,3,60mm,1.379606
SubNetW8CleanAuxExDnRcK9Rr01QdEma,minbias,0,test,40.717598,46.00143814086914,0.12976797365230275,1,30mm,1.8248476
SubNetW8CleanAuxExDnRcK9Rr01QdEma,minbias,0,test,30.827026,30.039865493774414,-0.02553476498307161,3,60mm,3.5459666
SubNetW8CleanAuxExDnRcK9Rr01QdEma,minbias,0,test,5.394693,4.87677001953125,-0.09600599850214231,3,60mm,0.9026232
SubNetW8CleanAuxExDnRcK9Rr01QdEma,minbias,0,test,37.869408,36.87271499633789,-0.02631920379062136,3,60mm,4.278821
SubNetW8CleanAuxExDnRcK9Rr01QdEma,minbias,0,test,37.090992,40.69196319580078,0.09708479148953408,2,40mm,3.6136787
SubNetW8CleanAuxExDnRcK9Rr01QdEma,minbias,0,test,25.939924,26.13597869873047,0.007558019707513131,2,40mm,3.1391983
SubNetW8CleanAuxExDnRcK9Rr01QdEma,minbias,0,test,73.22892,73.93384552001953,0.009626327102378207,1,30mm,4.076749
SubNetW8CleanAuxExDnRcK9Rr01QdEma,minbias,0,test,11.274396,11.667862892150879,0.034899160137982665,3,60mm,1.2119685
SubNetW8CleanAuxExDnRcK9Rr01QdEma,minbias,0,test,33.36217,32.752220153808594,-0.018282713559691577,3,60mm,3.3181982
SubNetW8CleanAuxExDnRcK9Rr01QdEma,minbias,0,test,15.764882,15.259722709655762,-0.03204333373642232,1,30mm,1.0653399
SubNetW8CleanAuxExDnRcK9Rr01QdEma,minbias,0,test,48.321598,47.43588638305664,-0.018329519420090423,2,40mm,2.9159636
SubNetW8CleanAuxExDnRcK9Rr01QdEma,minbias,0,test,54.11107,54.05181121826172,-0.0010951087960345829,2,40mm,3.937231
SubNetW8CleanAuxExDnRcK9Rr01QdEma,minbias,0,test,4.635596,5.629589557647705,0.2144263223895697,2,40mm,0.59397364
SubNetW8CleanAuxExDnRcK9Rr01QdEma,minbias,0,test,10.798887,11.249632835388184,0.041740002652900676,3,60mm,2.0875413
SubNetW8CleanAuxExDnRcK9Rr01QdEma,minbias,0,test,18.46193,19.1499080657959,0.037264726374697243,2,40mm,2.4451966
SubNetW8CleanAuxExDnRcK9Rr01QdEma,minbias,0,test,28.136946,28.601322174072266,0.016504152729726496,3,60mm,4.9226823
SubNetW8CleanAuxExDnRcK9Rr01QdEma,minbias,0,test,30.07984,31.05693817138672,0.03248349972946318,2,40mm,2.819456
SubNetW8CleanAuxExDnRcK9Rr01QdEma,minbias,0,test,7.649049,7.942633628845215,0.03838187349613986,2,40mm,0.57800776
SubNetW8CleanAuxExDnRcK9Rr01QdEma,minbias,0,test,19.943388,19.53854751586914,-0.02029948320015562,4,120mm,4.2308874
SubNetW8CleanAuxExDnRcK9Rr01QdEma,minbias,0,test,33.481133,33.42945861816406,-0.00154337339541466,2,40mm,2.099015
SubNetW8CleanAuxExDnRcK9Rr01QdEma,minbias,0,test,31.989048,32.71535873413086,0.022704981088722542,3,60mm,4.9998536
SubNetW8CleanAuxExDnRcK9Rr01QdEma,minbias,0,test,63.83301,63.09312438964844,-0.011590981197471595,0,15mm,1.7966026
SubNetW8CleanAuxExDnRcK9Rr01QdEma,minbias,0,test,30.940083,31.400798797607422,0.014890595292153419,1,30mm,1.4276733
SubNetW8CleanAuxExDnRcK9Rr01QdEma,minbias,0,test,5.0945945,5.823577404022217,0.14308948994392523,3,60mm,1.2260048
SubNetW8CleanAuxExDnRcK9Rr01QdEma,minbias,0,test,5.2004414,4.776424884796143,-0.08153470951528485,3,60mm,1.1780672
SubNetW8CleanAuxExDnRcK9Rr01QdEma,minbias,0,test,55.283607,57.0527229309082,0.03200072369634954,1,30mm,3.5827281
SubNetW8CleanAuxExDnRcK9Rr01QdEma,minbias,0,test,95.418625,93.64773559570312,-0.018559157444283936,0,15mm,2.2524538
SubNetW8CleanAuxExDnRcK9Rr01QdEma,minbias,0,test,9.014958,8.333906173706055,-0.07554690538925268,2,40mm,1.5249587
SubNetW8CleanAuxExDnRcK9Rr01QdEma,minbias,0,test,6.763604,6.7298455238342285,-0.004991220578574707,3,60mm,0.9708723
SubNetW8CleanAuxExDnRcK9Rr01QdEma,minbias,0,test,56.540257,56.83474349975586,0.005208448240952901,2,40mm,4.8937283
SubNetW8CleanAuxExDnRcK9Rr01QdEma,minbias,0,test,47.307625,47.49628448486328,0.003987933630127616,1,30mm,3.6756546
SubNetW8CleanAuxExDnRcK9Rr01QdEma,minbias,0,test,3.840511,3.9610681533813477,0.03139089229377867,3,60mm,0.86990184
SubNetW8CleanAuxExDnRcK9Rr01QdEma,minbias,0,test,57.165157,57.41154098510742,0.0043100321690903165,0,15mm,2.1188676
SubNetW8CleanAuxExDnRcK9Rr01QdEma,minbias,0,test,35.614178,36.25712585449219,0.01805315164036836,0,15mm,1.7426273
SubNetW8CleanAuxExDnRcK9Rr01QdEma,minbias,0,test,48.81349,46.475120544433594,-0.04790420003994944,1,30mm,1.9817536
SubNetW8CleanAuxExDnRcK9Rr01QdEma,minbias,0,test,91.479416,91.5892562866211,0.0012007115698489113,1,30mm,4.243198
SubNetW8CleanAuxExDnRcK9Rr01QdEma,minbias,0,test,19.773838,20.874691009521484,0.05567219494277431,2,40mm,1.7646776
SubNetW8CleanAuxExDnRcK9Rr01QdEma,minbias,0,test,14.166081,14.388946533203125,0.015732304363751837,2,40mm,0.9533708
SubNetW8CleanAuxExDnRcK9Rr01QdEma,minbias,0,test,36.228348,36.220821380615234,-0.00020774885322216718,2,40mm,3.1691308
SubNetW8CleanAuxExDnRcK9Rr01QdEma,minbias,0,test,20.712957,19.792465209960938,-0.04444040294468787,2,40mm,1.9739981
SubNetW8CleanAuxExDnRcK9Rr01QdEma,minbias,0,test,18.57184,19.055240631103516,0.026028672301602773,2,40mm,1.8864306
SubNetW8CleanAuxExDnRcK9Rr01QdEma,minbias,0,test,19.138174,18.499204635620117,-0.033387167421689345,3,60mm,3.7428157
SubNetW8CleanAuxExDnRcK9Rr01QdEma,minbias,0,test,14.884703,14.5546236038208,-0.022175725354763087,3,60mm,2.4602184
SubNetW8CleanAuxExDnRcK9Rr01QdEma,minbias,0,test,30.968786,31.062063217163086,0.0030119674958302145,2,40mm,2.501246
SubNetW8CleanAuxExDnRcK9Rr01QdEma,minbias,0,test,16.075552,20.658329010009766,0.2850774285765474,4,120mm,3.5525794
SubNetW8CleanAuxExDnRcK9Rr01QdEma,minbias,0,test,15.423025,14.965932846069336,-0.029637005792775173,3,60mm,2.6440148
SubNetW8CleanAuxExDnRcK9Rr01QdEma,minbias,0,test,15.258223,15.093769073486328,-0.010778025134183133,2,40mm,3.0796707
SubNetW8CleanAuxExDnRcK9Rr01QdEma,minbias,0,test,61.775696,60.64531707763672,-0.018298113983043707,1,30mm,3.984986
SubNetW8CleanAuxExDnRcK9Rr01QdEma,minbias,0,test,51.819984,51.240116119384766,-0.011190051926128208,2,40mm,4.7200203
SubNetW8CleanAuxExDnRcK9Rr01QdEma,minbias,0,test,6.3326197,6.29993200302124,-0.005161791762427592,3,60mm,0.9767369
SubNetW8CleanAuxExDnRcK9Rr01QdEma,minbias,0,test,44.67959,44.04436111450195,-0.014217391593893902,2,40mm,4.7490273
SubNetW8CleanAuxExDnRcK9Rr01QdEma,minbias,0,test,28.122599,27.72127914428711,-0.014270356335356005,2,40mm,2.938959
SubNetW8CleanAuxExDnRcK9Rr01QdEma,minbias,0,test,18.396498,17.744909286499023,-0.03541915693033837,2,40mm,3.0204914
SubNetW8CleanAuxExDnRcK9Rr01QdEma,minbias,0,test,8.533292,9.69550895690918,0.1361979837513223,3,60mm,1.1073511
SubNetW8CleanAuxExDnRcK9Rr01QdEma,minbias,0,test,30.104504,31.11141014099121,0.03344703907832458,2,40mm,2.97973
SubNetW8CleanAuxExDnRcK9Rr01QdEma,minbias,0,test,7.774588,8.187162399291992,0.053067028824508755,3,60mm,0.8953292
SubNetW8CleanAuxExDnRcK9Rr01QdEma,minbias,0,test,87.77493,87.495361328125,-0.0031850953807598392,1,30mm,4.0559316
SubNetW8CleanAuxExDnRcK9Rr01QdEma,minbias,0,test,12.3981,12.23865795135498,-0.01286019222559398,3,60mm,2.6623845
SubNetW8CleanAuxExDnRcK9Rr01QdEma,minbias,0,test,23.197702,22.38596534729004,-0.034992131818737615,3,60mm,3.395664
SubNetW8CleanAuxExDnRcK9Rr01QdEma,minbias,0,test,8.391913,7.87050724029541,-0.06213197729568043,3,60mm,1.0788065
SubNetW8CleanAuxExDnRcK9Rr01QdEma,minbias,0,test,15.317538,15.709228515625,0.02557135797715837,1,30mm,0.6682826
SubNetW8CleanAuxExDnRcK9Rr01QdEma,minbias,0,test,12.790656,12.65621280670166,-0.010511054486755267,3,60mm,2.2308545
SubNetW8CleanAuxExDnRcK9Rr01QdEma,minbias,0,test,10.702916,10.949646949768066,0.02305267098174335,4,120mm,2.2318494
SubNetW8CleanAuxExDnRcK9Rr01QdEma,minbias,0,test,8.323082,8.271595001220703,-0.006186046127911848,3,60mm,1.6875821
SubNetW8CleanAuxExDnRcK9Rr01QdEma,minbias,0,test,30.15173,33.63823318481445,0.11563196039521295,2,40mm,3.5129366
SubNetW8CleanAuxExDnRcK9Rr01QdEma,minbias,0,test,81.386505,83.98365020751953,0.03191124961706082,1,30mm,3.7489953
SubNetW8CleanAuxExDnRcK9Rr01QdEma,minbias,0,test,18.357466,8.927811622619629,-0.5136686214147728,1,30mm,1.7864664
SubNetW8CleanAuxExDnRcK9Rr01QdEma,minbias,0,test,28.46152,28.002059936523438,-0.016143175665138898,3,60mm,4.7589426
SubNetW8CleanAuxExDnRcK9Rr01QdEma,minbias,0,test,38.197,36.47092819213867,-0.0451886396180049,2,40mm,4.2573333
SubNetW8CleanAuxExDnRcK9Rr01QdEma,minbias,0,test,18.673134,18.410303115844727,-0.014075341416328713,2,40mm,1.7315449
SubNetW8CleanAuxExDnRcK9Rr01QdEma,minbias,0,test,17.208036,20.355758666992188,0.18292164003703415,0,15mm,0.8759988
SubNetW8CleanAuxExDnRcK9Rr01QdEma,minbias,0,test,20.843113,20.48673439025879,-0.017098144419633088,3,60mm,3.2584097
SubNetW8CleanAuxExDnRcK9Rr01QdEma,minbias,0,test,9.584741,10.02727222442627,0.04617042884864775,3,60mm,2.0568728
SubNetW8CleanAuxExDnRcK9Rr01QdEma,minbias,0,test,25.317862,24.611812591552734,-0.027887385507039397,3,60mm,3.3821497
SubNetW8CleanAuxExDnRcK9Rr01QdEma,minbias,0,test,26.903471,26.176528930664062,-0.027020381963574036,2,40mm,3.124977
SubNetW8CleanAuxExDnRcK9Rr01QdEma,minbias,0,test,13.601838,15.11078929901123,0.11093729940927166,3,60mm,1.6208643
SubNetW8CleanAuxExDnRcK9Rr01QdEma,minbias,0,test,96.390465,94.97720336914062,-0.014661838354654844,0,15mm,3.4919863
SubNetW8CleanAuxExDnRcK9Rr01QdEma,minbias,0,test,14.957418,15.202068328857422,0.016356424608789055,3,60mm,2.7530794
SubNetW8CleanAuxExDnRcK9Rr01QdEma,minbias,0,test,6.939429,6.705776691436768,-0.033670222923228965,3,60mm,1.5558271
SubNetW8CleanAuxExDnRcK9Rr01QdEma,minbias,0,test,51.022358,51.77404022216797,0.014732409708860583,1,30mm,4.8920746
SubNetW8CleanAuxExDnRcK9Rr01QdEma,minbias,0,test,24.510925,28.012001037597656,0.14283735529287545,1,30mm,2.061445
SubNetW8CleanAuxExDnRcK9Rr01QdEma,minbias,0,test,26.677105,26.593671798706055,-0.0031275189493630284,3,60mm,3.831815
SubNetW8CleanAuxExDnRcK9Rr01QdEma,minbias,0,test,16.886055,17.119266510009766,0.013810894103752469,2,40mm,1.9928452
SubNetW8CleanAuxExDnRcK9Rr01QdEma,minbias,0,test,12.097312,11.771501541137695,-0.026932465091902946,3,60mm,2.708209
SubNetW8CleanAuxExDnRcK9Rr01QdEma,minbias,0,test,16.752857,17.195621490478516,0.026429180212224956,3,60mm,3.2868273
SubNetW8CleanAuxExDnRcK9Rr01QdEma,minbias,0,test,26.78296,26.925907135009766,0.005337208379014857,2,40mm,1.8944904
SubNetW8CleanAuxExDnRcK9Rr01QdEma,minbias,0,test,74.04185,73.04566192626953,-0.013454355071035318,0,15mm,2.6160777
SubNetW8CleanAuxExDnRcK9Rr01QdEma,minbias,0,test,11.193313,10.908048629760742,-0.025485218205375304,2,40mm,1.8491906
SubNetW8CleanAuxExDnRcK9Rr01QdEma,minbias,0,test,18.141897,18.531606674194336,0.02148118624678408,4,120mm,4.060608
SubNetW8CleanAuxExDnRcK9Rr01QdEma,minbias,0,test,16.914598,16.529911041259766,-0.022742923782839708,3,60mm,1.9406276
SubNetW8CleanAuxExDnRcK9Rr01QdEma,minbias,0,test,31.280241,33.362796783447266,0.0665773569339485,3,60mm,3.2738059
SubNetW8CleanAuxExDnRcK9Rr01QdEma,minbias,0,test,8.02225,8.508237838745117,0.060579968542330054,3,60mm,1.46404
SubNetW8CleanAuxExDnRcK9Rr01QdEma,minbias,0,test,46.073895,45.0268440246582,-0.02272546064143921,1,30mm,3.5306253
SubNetW8CleanAuxExDnRcK9Rr01QdEma,minbias,0,test,12.9263525,12.53228759765625,-0.030485390463502182,3,60mm,2.8549685
SubNetW8CleanAuxExDnRcK9Rr01QdEma,minbias,0,test,3.829919,4.049612045288086,0.05736229402113868,2,40mm,0.62922806
SubNetW8CleanAuxExDnRcK9Rr01QdEma,minbias,0,test,55.95457,56.54512405395508,0.010554156265733416,1,30mm,2.4787881
SubNetW8CleanAuxExDnRcK9Rr01QdEma,minbias,0,test,17.204453,16.42195701599121,-0.04548215050673565,3,60mm,2.1469324
SubNetW8CleanAuxExDnRcK9Rr01QdEma,minbias,0,test,51.96267,55.54318618774414,0.06890555967235223,1,30mm,2.8781261
SubNetW8CleanAuxExDnRcK9Rr01QdEma,minbias,0,test,5.8591757,6.683775424957275,0.14073647687559676,2,40mm,0.5514319
SubNetW8CleanAuxExDnRcK9Rr01QdEma,minbias,0,test,4.889224,4.781645774841309,-0.022003139237286695,3,60mm,1.177161
SubNetW8CleanAuxExDnRcK9Rr01QdEma,minbias,0,test,24.734432,24.50760841369629,-0.009170366424464671,2,40mm,3.0263214
SubNetW8CleanAuxExDnRcK9Rr01QdEma,minbias,0,test,2.7259405,2.631591796875,-0.03461141951977109,3,60mm,0.50512516
SubNetW8CleanAuxExDnRcK9Rr01QdEma,minbias,0,test,7.0832725,10.071690559387207,0.4218979462323673,2,40mm,0.59558403
SubNetW8CleanAuxExDnRcK9Rr01QdEma,minbias,0,test,17.417646,17.542150497436523,0.007148158048363218,2,40mm,1.217992
SubNetW8CleanAuxExDnRcK9Rr01QdEma,minbias,0,test,36.083565,36.30751419067383,0.006206410976108634,3,60mm,3.5453773
SubNetW8CleanAuxExDnRcK9Rr01QdEma,minbias,0,test,22.801239,21.58733558654785,-0.0532384852593385,3,60mm,2.9573407
SubNetW8CleanAuxExDnRcK9Rr01QdEma,minbias,0,test,22.340929,22.38431167602539,0.00194184604375236,3,60mm,3.0673103
SubNetW8CleanAuxExDnRcK9Rr01QdEma,minbias,0,test,33.266525,32.044151306152344,-0.0367448644706454,1,30mm,2.0518956
SubNetW8CleanAuxExDnRcK9Rr01QdEma,minbias,0,test,88.80581,87.08578491210938,-0.01936837384680612,1,30mm,4.709388
SubNetW8CleanAuxExDnRcK9Rr01QdEma,minbias,0,test,13.550528,13.108179092407227,-0.03264437328019798,3,60mm,2.9624715
SubNetW8CleanAuxExDnRcK9Rr01QdEma,minbias,0,test,8.677272,8.432756423950195,-0.028178835863581275,3,60mm,1.4245521
SubNetW8CleanAuxExDnRcK9Rr01QdEma,minbias,0,test,31.109543,46.162017822265625,0.4838539431379809,0,15mm,0.96422577
SubNetW8CleanAuxExDnRcK9Rr01QdEma,minbias,0,test,16.598837,15.955254554748535,-0.03877273738990461,1,30mm,0.68967915
SubNetW8CleanAuxExDnRcK9Rr01QdEma,minbias,0,test,47.926556,47.5849494934082,-0.0071277006165162415,2,40mm,4.8614907
SubNetW8CleanAuxExDnRcK9Rr01QdEma,minbias,0,test,6.6734467,6.55173921585083,-0.018237568337559518,2,40mm,0.67286944
SubNetW8CleanAuxExDnRcK9Rr01QdEma,minbias,0,test,5.464489,6.808651447296143,0.24598136592196895,3,60mm,0.6812892
SubNetW8CleanAuxExDnRcK9Rr01QdEma,minbias,0,test,17.953367,17.80751609802246,-0.008123887477975322,2,40mm,2.9776592
SubNetW8CleanAuxExDnRcK9Rr01QdEma,minbias,0,test,92.51345,89.64036560058594,-0.031055862716594884,0,15mm,2.6580124
SubNetW8CleanAuxExDnRcK9Rr01QdEma,minbias,0,test,38.18614,47.28300094604492,0.23822421519825587,1,30mm,2.2326255
SubNetW8CleanAuxExDnRcK9Rr01QdEma,minbias,0,test,34.181225,33.49781799316406,-0.019993631982847204,1,30mm,2.3775947
SubNetW8CleanAuxExDnRcK9Rr01QdEma,minbias,0,test,41.947117,40.18574142456055,-0.04199038120948306,2,40mm,4.610084
SubNetW8CleanAuxExDnRcK9Rr01QdEma,minbias,0,test,13.095676,13.118315696716309,0.0017287594674322282,3,60mm,2.836649
SubNetW8CleanAuxExDnRcK9Rr01QdEma,minbias,0,test,36.382484,36.21616744995117,-0.0045713476872748515,1,30mm,1.5284864
SubNetW8CleanAuxExDnRcK9Rr01QdEma,minbias,0,test,21.084911,23.524179458618164,0.115687852422248,1,30mm,1.0297897
SubNetW8CleanAuxExDnRcK9Rr01QdEma,minbias,0,test,27.622166,26.816207885742188,-0.02917793642715738,2,40mm,3.2968206
SubNetW8CleanAuxExDnRcK9Rr01QdEma,minbias,0,test,11.119397,11.234597206115723,0.010360277722958555,2,40mm,1.0558449
SubNetW8CleanAuxExDnRcK9Rr01QdEma,minbias,0,test,14.101124,12.238250732421875,-0.13210812858022059,2,40mm,1.0268446
SubNetW8CleanAuxExDnRcK9Rr01QdEma,minbias,0,test,83.6378,80.43928527832031,-0.038242478454421414,0,15mm,3.4173756
SubNetW8CleanAuxExDnRcK9Rr01QdEma,minbias,0,test,19.977121,21.379045486450195,0.07017648381455954,2,40mm,2.2151897
SubNetW8CleanAuxExDnRcK9Rr01QdEma,minbias,0,test,17.77084,17.476961135864258,-0.016537122634897483,2,40mm,1.6246867
SubNetW8CleanAuxExDnRcK9Rr01QdEma,minbias,0,test,10.706799,10.436935424804688,-0.025204838525212492,3,60mm,1.7379068
SubNetW8CleanAuxExDnRcK9Rr01QdEma,minbias,0,test,6.1181407,5.92364501953125,-0.03178999757689993,3,60mm,1.0069729
SubNetW8CleanAuxExDnRcK9Rr01QdEma,minbias,0,test,3.5747762,3.565382480621338,-0.0026277706807219525,4,120mm,0.8272271
SubNetW8CleanAuxExDnRcK9Rr01QdEma,minbias,0,test,18.481152,18.199787139892578,-0.015224399826367807,3,60mm,3.3208792
SubNetW8CleanAuxExDnRcK9Rr01QdEma,minbias,0,test,58.69336,56.94536590576172,-0.02978179282719373,0,15mm,3.3135872
SubNetW8CleanAuxExDnRcK9Rr01QdEma,minbias,0,test,6.943328,9.216094970703125,0.32733108654264687,3,60mm,1.6617081
SubNetW8CleanAuxExDnRcK9Rr01QdEma,minbias,0,test,32.14049,17.365848541259766,-0.459689390591847,0,15mm,1.8496267
SubNetW8CleanAuxExDnRcK9Rr01QdEma,minbias,0,test,14.598396,13.738451957702637,-0.058906767964102325,3,60mm,1.7010959
SubNetW8CleanAuxExDnRcK9Rr01QdEma,minbias,0,test,23.890194,24.002073287963867,0.004683065739841785,3,60mm,2.9047828
SubNetW8CleanAuxExDnRcK9Rr01QdEma,minbias,0,test,34.629513,35.95065689086914,0.03815081407974663,1,30mm,2.5478907
SubNetW8CleanAuxExDnRcK9Rr01QdEma,minbias,0,test,23.257019,24.052501678466797,0.03420398091553967,3,60mm,3.0168297
SubNetW8CleanAuxExDnRcK9Rr01QdEma,minbias,0,test,70.218155,67.73453521728516,-0.03537005056915565,0,15mm,2.2393568
SubNetW8CleanAuxExDnRcK9Rr01QdEma,minbias,0,test,40.195644,42.80289840698242,0.0648640933270963,0,15mm,0.93400264
SubNetW8CleanAuxExDnRcK9Rr01QdEma,minbias,0,test,89.76406,87.47350311279297,-0.025517538271675244,1,30mm,4.83264
SubNetW8CleanAuxExDnRcK9Rr01QdEma,minbias,0,test,6.874921,6.582674026489258,-0.04250911757823028,3,60mm,1.1240127
SubNetW8CleanAuxExDnRcK9Rr01QdEma,minbias,0,test,6.1256075,5.9511332511901855,-0.028482765116574105,3,60mm,1.4297028
SubNetW8CleanAuxExDnRcK9Rr01QdEma,minbias,0,test,12.391644,14.616288185119629,0.17952781296609555,2,40mm,1.1637553
SubNetW8CleanAuxExDnRcK9Rr01QdEma,minbias,0,test,74.69278,75.09691619873047,0.00541065227721127,1,30mm,4.373729
SubNetW8CleanAuxExDnRcK9Rr01QdEma,minbias,0,test,51.55961,51.406673431396484,-0.002966179004178837,0,15mm,1.3764968
SubNetW8CleanAuxExDnRcK9Rr01QdEma,minbias,0,test,15.100951,14.392829895019531,-0.046892496413684204,4,120mm,3.561207
SubNetW8CleanAuxExDnRcK9Rr01QdEma,minbias,0,test,74.66233,77.32805633544922,0.03570375697631989,1,30mm,3.2920513
SubNetW8CleanAuxExDnRcK9Rr01QdEma,minbias,0,test,25.703445,26.482053756713867,0.03029198261087407,1,30mm,1.8754408
SubNetW8CleanAuxExDnRcK9Rr01QdEma,minbias,0,test,22.516369,22.843852996826172,0.014544269229589846,3,60mm,2.3412886
SubNetW8CleanAuxExDnRcK9Rr01QdEma,minbias,0,test,95.88303,79.1514892578125,-0.17449953177146815,0,15mm,2.6114085
SubNetW8CleanAuxExDnRcK9Rr01QdEma,minbias,0,test,14.553435,12.973036766052246,-0.10859281841091406,3,60mm,3.1414313
SubNetW8CleanAuxExDnRcK9Rr01QdEma,minbias,0,test,40.035393,41.45909118652344,0.03556099558667625,1,30mm,1.8666005
SubNetW8CleanAuxExDnRcK9Rr01QdEma,minbias,0,test,8.93422,9.979389190673828,0.11698490074250056,2,40mm,0.8142667
SubNetW8CleanAuxExDnRcK9Rr01QdEma,minbias,0,test,28.262402,29.020587921142578,0.026826677774149932,3,60mm,4.7216086
SubNetW8CleanAuxExDnRcK9Rr01QdEma,minbias,0,test,62.558735,64.19163513183594,0.026101874355502153,0,15mm,1.7809784
SubNetW8CleanAuxExDnRcK9Rr01QdEma,minbias,0,test,42.891838,44.632450103759766,0.040581427800720604,2,40mm,2.9976072
SubNetW8CleanAuxExDnRcK9Rr01QdEma,minbias,0,test,50.248848,50.2816276550293,0.000652347166818279,0,15mm,1.6057136
SubNetW8CleanAuxExDnRcK9Rr01QdEma,minbias,0,test,12.814788,14.103255271911621,0.10054535594594705,3,60mm,1.8496112
SubNetW8CleanAuxExDnRcK9Rr01QdEma,minbias,0,test,5.180731,5.300012111663818,0.02302402809812998,3,60mm,0.9414935
SubNetW8CleanAuxExDnRcK9Rr01QdEma,minbias,0,test,41.067028,41.472293853759766,0.009868398746920137,1,30mm,3.7651658
SubNetW8CleanAuxExDnRcK9Rr01QdEma,minbias,0,test,22.110075,20.160470962524414,-0.08817717871571773,3,60mm,4.2630086
SubNetW8CleanAuxExDnRcK9Rr01QdEma,minbias,0,test,4.0671406,4.016036033630371,-0.012565227239579979,2,40mm,0.5431417
SubNetW8CleanAuxExDnRcK9Rr01QdEma,minbias,0,test,4.436311,4.412168502807617,-0.0054419689200481125,3,60mm,0.64147997
SubNetW8CleanAuxExDnRcK9Rr01QdEma,minbias,0,test,8.971266,8.823351860046387,-0.01648752096033468,4,120mm,2.0058494
SubNetW8CleanAuxExDnRcK9Rr01QdEma,minbias,0,test,92.400276,91.66986083984375,-0.007904904340146457,1,30mm,4.75961
SubNetW8CleanAuxExDnRcK9Rr01QdEma,minbias,0,test,13.537785,13.286983489990234,-0.018526006601013445,3,60mm,2.8592615
SubNetW8CleanAuxExDnRcK9Rr01QdEma,minbias,0,test,91.01508,89.97842407226562,-0.011389971892435957,1,30mm,4.991931
SubNetW8CleanAuxExDnRcK9Rr01QdEma,minbias,0,test,48.023968,47.29242706298828,-0.015232824656381871,2,40mm,3.41708
SubNetW8CleanAuxExDnRcK9Rr01QdEma,minbias,0,test,28.759336,28.088455200195312,-0.023327425235481036,3,60mm,4.379211
SubNetW8CleanAuxExDnRcK9Rr01QdEma,minbias,0,test,31.65513,33.81131362915039,0.06811481161130972,0,15mm,1.0451459
SubNetW8CleanAuxExDnRcK9Rr01QdEma,minbias,0,test,20.440386,20.50090789794922,0.0029609069028946333,3,60mm,4.643469
SubNetW8CleanAuxExDnRcK9Rr01QdEma,minbias,0,test,5.334659,5.983126640319824,0.12155744699640869,3,60mm,1.0548388
SubNetW8CleanAuxExDnRcK9Rr01QdEma,minbias,0,test,10.57212,12.115498542785645,0.14598575043405138,4,120mm,2.092863
SubNetW8CleanAuxExDnRcK9Rr01QdEma,minbias,0,test,13.399376,12.774423599243164,-0.046640404763924725,3,60mm,2.7058349
SubNetW8CleanAuxExDnRcK9Rr01QdEma,minbias,0,test,33.600227,33.32352066040039,-0.008235262595852166,0,15mm,0.7993858
SubNetW8CleanAuxExDnRcK9Rr01QdEma,minbias,0,test,57.552353,54.70997619628906,-0.049387671667615374,1,30mm,3.5548985
SubNetW8CleanAuxExDnRcK9Rr01QdEma,minbias,0,test,8.323023,8.158585548400879,-0.01975691970572413,3,60mm,1.1617919
SubNetW8CleanAuxExDnRcK9Rr01QdEma,minbias,0,test,23.13582,24.323448181152344,0.05133285841610524,1,30mm,2.009543
SubNetW8CleanAuxExDnRcK9Rr01QdEma,minbias,0,test,14.768693,13.884575843811035,-0.05986427697049812,4,120mm,2.9679394
SubNetW8CleanAuxExDnRcK9Rr01QdEma,minbias,0,test,16.643175,17.00702667236328,0.021861907028304595,1,30mm,1.6955652
SubNetW8CleanAuxExDnRcK9Rr01QdEma,minbias,0,test,63.280586,62.518394470214844,-0.01204463829614344,2,40mm,4.5485115
SubNetW8CleanAuxExDnRcK9Rr01QdEma,minbias,0,test,20.449736,20.347835540771484,-0.004982954425157282,1,30mm,1.0393348
SubNetW8CleanAuxExDnRcK9Rr01QdEma,minbias,0,test,15.385698,14.88121223449707,-0.03278928739804954,4,120mm,3.5828047
SubNetW8CleanAuxExDnRcK9Rr01QdEma,minbias,0,test,66.1379,63.06578826904297,-0.046450113723575326,1,30mm,3.7689207
SubNetW8CleanAuxExDnRcK9Rr01QdEma,minbias,0,test,17.515219,17.574695587158203,0.0033957242166220425,2,40mm,1.6534518
SubNetW8CleanAuxExDnRcK9Rr01QdEma,minbias,0,test,51.633053,51.437557220458984,-0.003786249209935977,2,40mm,4.3437324
SubNetW8CleanAuxExDnRcK9Rr01QdEma,minbias,0,test,7.8343797,7.544393539428711,-0.037014562183484534,2,40mm,0.9819879
SubNetW8CleanAuxExDnRcK9Rr01QdEma,minbias,0,test,37.069042,38.39624786376953,0.035803613446234284,0,15mm,1.0365143
SubNetW8CleanAuxExDnRcK9Rr01QdEma,minbias,0,test,52.43154,52.473628997802734,0.0008027144305398082,2,40mm,4.541827
SubNetW8CleanAuxExDnRcK9Rr01QdEma,minbias,0,test,10.930124,10.539584159851074,-0.035730620519941136,4,120mm,2.5310895
SubNetW8CleanAuxExDnRcK9Rr01QdEma,minbias,0,test,20.476059,20.628833770751953,0.00746114333279424,2,40mm,3.2992797
SubNetW8CleanAuxExDnRcK9Rr01QdEma,minbias,0,test,19.332882,19.282068252563477,-0.0026283548990440053,2,40mm,2.375579
SubNetW8CleanAuxExDnRcK9Rr01QdEma,minbias,0,test,38.787342,38.15584945678711,-0.016280894256210376,3,60mm,4.3667293
SubNetW8CleanAuxExDnRcK9Rr01QdEma,minbias,0,test,24.32895,25.558103561401367,0.050522222902545266,2,40mm,2.0452385
SubNetW8CleanAuxExDnRcK9Rr01QdEma,minbias,0,test,8.873041,8.314891815185547,-0.06290395008285632,3,60mm,1.1082555
SubNetW8CleanAuxExDnRcK9Rr01QdEma,minbias,0,test,6.166562,6.087607383728027,-0.012803681472118744,3,60mm,0.75807947
SubNetW8CleanAuxExDnRcK9Rr01QdEma,minbias,0,test,28.276566,37.10219192504883,0.3121180454937664,1,30mm,2.4440086
SubNetW8CleanAuxExDnRcK9Rr01QdEma,minbias,0,test,38.631763,38.87445068359375,0.006282064384766306,1,30mm,2.8778121
SubNetW8CleanAuxExDnRcK9Rr01QdEma,minbias,0,test,15.761642,16.36391258239746,0.038211127299834,2,40mm,1.3217561
SubNetW8CleanAuxExDnRcK9Rr01QdEma,minbias,0,test,36.608673,37.3366584777832,0.01988559869889195,1,30mm,2.0866082
SubNetW8CleanAuxExDnRcK9Rr01QdEma,minbias,0,test,29.825174,28.86839485168457,-0.03207959388068582,2,40mm,3.8518155
SubNetW8CleanAuxExDnRcK9Rr01QdEma,minbias,0,test,17.100409,16.454282760620117,-0.03778423137749998,3,60mm,3.1810958
SubNetW8CleanAuxExDnRcK9Rr01QdEma,minbias,0,test,16.660883,16.987472534179688,0.01960217746766757,3,60mm,2.682906
SubNetW8CleanAuxExDnRcK9Rr01QdEma,minbias,0,test,11.255997,10.835360527038574,-0.03736996270705317,1,30mm,0.6486185
SubNetW8CleanAuxExDnRcK9Rr01QdEma,minbias,0,test,14.25351,13.973240852355957,-0.01966319969324004,3,60mm,2.0424223
SubNetW8CleanAuxExDnRcK9Rr01QdEma,minbias,0,test,24.510298,23.596826553344727,-0.037268874915324046,2,40mm,3.0845032
SubNetW8CleanAuxExDnRcK9Rr01QdEma,minbias,0,test,25.711119,24.812198638916016,-0.03496230832110103,3,60mm,3.8991594
SubNetW8CleanAuxExDnRcK9Rr01QdEma,minbias,0,test,15.914194,16.016677856445312,0.006439769975170151,3,60mm,1.9011135
SubNetW8CleanAuxExDnRcK9Rr01QdEma,minbias,0,test,42.27735,41.37667465209961,-0.021304000792582767,2,40mm,3.3388398
SubNetW8CleanAuxExDnRcK9Rr01QdEma,minbias,0,test,40.852222,42.95463180541992,0.051463769584276564,2,40mm,4.318845
SubNetW8CleanAuxExDnRcK9Rr01QdEma,minbias,0,test,54.00714,52.73603057861328,-0.02353597151165221,1,30mm,3.6117103
SubNetW8CleanAuxExDnRcK9Rr01QdEma,minbias,0,test,17.971952,17.416030883789062,-0.030932730123357177,3,60mm,4.291056
SubNetW8CleanAuxExDnRcK9Rr01QdEma,minbias,0,test,84.965416,82.59226989746094,-0.027930729585284975,0,15mm,4.711257
SubNetW8CleanAuxExDnRcK9Rr01QdEma,minbias,0,test,39.324932,38.66850662231445,-0.016692348620765074,2,40mm,4.215365
SubNetW8CleanAuxExDnRcK9Rr01QdEma,minbias,0,test,22.384695,21.474924087524414,-0.04064254453402327,3,60mm,3.525421
SubNetW8CleanAuxExDnRcK9Rr01QdEma,minbias,0,test,66.03184,64.88202667236328,-0.017412975849010803,1,30mm,3.37348
SubNetW8CleanAuxExDnRcK9Rr01QdEma,minbias,0,test,14.582342,14.65313720703125,0.0048548483149293276,1,30mm,1.1763986
SubNetW8CleanAuxExDnRcK9Rr01QdEma,minbias,0,test,21.818071,22.178560256958008,0.01652249117554727,1,30mm,2.1758637
SubNetW8CleanAuxExDnRcK9Rr01QdEma,minbias,0,test,26.7857,26.789344787597656,0.00013607795422498903,3,60mm,4.409192
SubNetW8CleanAuxExDnRcK9Rr01QdEma,minbias,0,test,7.7580476,9.54743766784668,0.23064953759433493,1,30mm,0.60951835
SubNetW8CleanAuxExDnRcK9Rr01QdEma,minbias,0,test,4.308006,4.495642185211182,0.04355527446158591,3,60mm,0.5069142
SubNetW8CleanAuxExDnRcK9Rr01QdEma,minbias,0,test,16.117737,16.700916290283203,0.03618246659067759,3,60mm,2.5777707
SubNetW8CleanAuxExDnRcK9Rr01QdEma,minbias,0,test,8.039479,8.426912307739258,0.048191311867549214,2,40mm,0.8121598
SubNetW8CleanAuxExDnRcK9Rr01QdEma,minbias,0,test,44.996677,43.07358169555664,-0.04273861570013049,2,40mm,3.4493635
SubNetW8CleanAuxExDnRcK9Rr01QdEma,minbias,0,test,5.2511325,5.1775054931640625,-0.01402116500610262,3,60mm,0.9455793
SubNetW8CleanAuxExDnRcK9Rr01QdEma,minbias,0,test,32.35103,32.660362243652344,0.009561791886167015,3,60mm,4.642968
SubNetW8CleanAuxExDnRcK9Rr01QdEma,minbias,0,test,56.115986,55.317283630371094,-0.014233060822194,2,40mm,4.6035614
SubNetW8CleanAuxExDnRcK9Rr01QdEma,minbias,0,test,39.925686,39.41027069091797,-0.012909363490119063,3,60mm,4.461859
SubNetW8CleanAuxExDnRcK9Rr01QdEma,minbias,0,test,54.003212,52.843868255615234,-0.021468051196973703,1,30mm,3.5876424
SubNetW8CleanAuxExDnRcK9Rr01QdEma,minbias,0,test,23.860075,22.77046775817871,-0.045666547104688204,3,60mm,3.981505
SubNetW8CleanAuxExDnRcK9Rr01QdEma,minbias,0,test,23.641481,22.832712173461914,-0.034209752443435604,2,40mm,2.7001057
SubNetW8CleanAuxExDnRcK9Rr01QdEma,minbias,0,test,47.635025,50.67958068847656,0.06391422409250525,0,15mm,1.2890611
SubNetW8CleanAuxExDnRcK9Rr01QdEma,minbias,0,test,37.100544,38.36087417602539,0.03397066633352819,0,15mm,1.2920349
SubNetW8CleanAuxExDnRcK9Rr01QdEma,minbias,0,test,23.177834,23.842008590698242,0.02865561321476706,2,40mm,2.9448001
SubNetW8CleanAuxExDnRcK9Rr01QdEma,minbias,0,test,12.874442,11.550911903381348,-0.10280291656984442,2,40mm,1.263287
SubNetW8CleanAuxExDnRcK9Rr01QdEma,minbias,0,test,30.014448,28.612106323242188,-0.046722226405778056,1,30mm,2.0592067
SubNetW8CleanAuxExDnRcK9Rr01QdEma,minbias,0,test,47.06057,47.537315368652344,0.010130468200189924,1,30mm,4.189011
SubNetW8CleanAuxExDnRcK9Rr01QdEma,minbias,0,test,42.97937,40.35292053222656,-0.061109541107737586,2,40mm,4.2265863
SubNetW8CleanAuxExDnRcK9Rr01QdEma,minbias,0,test,16.592562,16.564743041992188,-0.0016765753399620165,4,120mm,3.7095494
SubNetW8CleanAuxExDnRcK9Rr01QdEma,minbias,0,test,14.923056,14.481822967529297,-0.02956718058675767,3,60mm,2.5898123
SubNetW8CleanAuxExDnRcK9Rr01QdEma,minbias,0,test,18.586521,18.643909454345703,0.003087630288906018,4,120mm,4.109275
SubNetW8CleanAuxExDnRcK9Rr01QdEma,minbias,0,test,26.644123,25.96677017211914,-0.025422225505637663,1,30mm,1.5565498
SubNetW8CleanAuxExDnRcK9Rr01QdEma,minbias,0,test,27.497675,26.542755126953125,-0.0347272930193947,3,60mm,4.4789305
SubNetW8CleanAuxExDnRcK9Rr01QdEma,minbias,0,test,17.625782,19.08563232421875,0.08282471156216453,3,60mm,2.895544
SubNetW8CleanAuxExDnRcK9Rr01QdEma,minbias,0,test,66.324356,75.98162841796875,0.14560672594166557,0,15mm,1.8360915
SubNetW8CleanAuxExDnRcK9Rr01QdEma,minbias,0,test,26.036633,25.85224151611328,-0.007081984256624652,3,60mm,3.9627173
SubNetW8CleanAuxExDnRcK9Rr01QdEma,minbias,0,test,16.13249,15.973075866699219,-0.009881567558371218,2,40mm,2.8378718
SubNetW8CleanAuxExDnRcK9Rr01QdEma,minbias,0,test,14.058269,15.271623611450195,0.08630899746512544,3,60mm,2.585667
SubNetW8CleanAuxExDnRcK9Rr01QdEma,minbias,0,test,19.738565,18.957611083984375,-0.03956489964481502,3,60mm,2.8313675
SubNetW8CleanAuxExDnRcK9Rr01QdEma,minbias,0,test,68.48283,69.45408630371094,0.014182534866442609,0,15mm,2.0909808
SubNetW8CleanAuxExDnRcK9Rr01QdEma,minbias,0,test,14.430474,13.992977142333984,-0.03031758557954367,3,60mm,2.0426269
SubNetW8CleanAuxExDnRcK9Rr01QdEma,minbias,0,test,25.704464,24.377195358276367,-0.05163572376355896,3,60mm,4.495493
SubNetW8CleanAuxExDnRcK9Rr01QdEma,minbias,0,test,18.769583,21.09824562072754,0.12406577724863577,3,60mm,2.5846555
SubNetW8CleanAuxExDnRcK9Rr01QdEma,minbias,0,test,69.74808,55.20170974731445,-0.2085558224549935,0,15mm,3.6641095
SubNetW8CleanAuxExDnRcK9Rr01QdEma,minbias,0,test,25.2677,24.11246109008789,-0.04571999415439165,2,40mm,3.091372
SubNetW8CleanAuxExDnRcK9Rr01QdEma,minbias,0,test,40.527515,38.43421173095703,-0.0516514190216627,2,40mm,4.6011024
SubNetW8CleanAuxExDnRcK9Rr01QdEma,minbias,0,test,8.57995,8.401957511901855,-0.020745204090819702,3,60mm,1.0935147
SubNetW8CleanAuxExDnRcK9Rr01QdEma,minbias,0,test,14.32227,13.750555038452148,-0.03991792775983527,3,60mm,3.258217
SubNetW8CleanAuxExDnRcK9Rr01QdEma,minbias,0,test,28.526697,26.894559860229492,-0.05721438025220971,2,40mm,2.3423738
SubNetW8CleanAuxExDnRcK9Rr01QdEma,minbias,0,test,24.61123,24.583587646484375,-0.0011231946871566034,3,60mm,3.223484
SubNetW8CleanAuxExDnRcK9Rr01QdEma,minbias,0,test,11.335777,9.519631385803223,-0.1602136184945111,3,60mm,2.0294871
SubNetW8CleanAuxExDnRcK9Rr01QdEma,minbias,0,test,19.719967,19.90069007873535,0.00916447737108883,4,120mm,4.02132
SubNetW8CleanAuxExDnRcK9Rr01QdEma,minbias,0,test,5.785496,5.8835225105285645,0.016943451634026552,4,120mm,1.2406641
SubNetW8CleanAuxExDnRcK9Rr01QdEma,minbias,0,test,13.261106,12.845208168029785,-0.031362194366929885,4,120mm,3.0907254
SubNetW8CleanAuxExDnRcK9Rr01QdEma,minbias,0,test,33.730934,33.37822723388672,-0.010456482102858988,2,40mm,3.9247568
SubNetW8CleanAuxExDnRcK9Rr01QdEma,minbias,0,test,20.842342,21.13978385925293,0.014271019886725078,3,60mm,3.36349
SubNetW8CleanAuxExDnRcK9Rr01QdEma,minbias,0,test,21.18398,20.656049728393555,-0.024921246616960713,3,60mm,3.0041406
SubNetW8CleanAuxExDnRcK9Rr01QdEma,minbias,0,test,3.5761375,2.752373695373535,-0.23035015781956192,4,120mm,0.78592134
SubNetW8CleanAuxExDnRcK9Rr01QdEma,minbias,0,test,2.6758523,2.9775099754333496,0.1127333062587974,4,120mm,0.5777642
SubNetW8CleanAuxExDnRcK9Rr01QdEma,minbias,0,test,52.636673,53.4479866027832,0.015413467138335246,1,30mm,2.9629664
SubNetW8CleanAuxExDnRcK9Rr01QdEma,minbias,0,test,71.801254,71.59024810791016,-0.0029387531831976954,0,15mm,2.2927072
SubNetW8CleanAuxExDnRcK9Rr01QdEma,minbias,0,test,29.874619,36.00585174560547,0.20523218427438494,3,60mm,3.6927948
SubNetW8CleanAuxExDnRcK9Rr01QdEma,minbias,0,test,5.422715,5.440388202667236,0.0032590713295459484,2,40mm,0.6795286
SubNetW8CleanAuxExDnRcK9Rr01QdEma,minbias,0,test,21.586796,22.235868453979492,0.03006804033823829,3,60mm,3.516194
SubNetW8CleanAuxExDnRcK9Rr01QdEma,minbias,0,test,94.717255,93.89830780029297,-0.008646226513881028,1,30mm,4.977955
SubNetW8CleanAuxExDnRcK9Rr01QdEma,minbias,0,test,16.242989,13.456904411315918,-0.1715253421675237,0,15mm,0.6904921
SubNetW8CleanAuxExDnRcK9Rr01QdEma,minbias,0,test,42.951405,41.27334213256836,-0.039068860627598845,2,40mm,3.9428432
SubNetW8CleanAuxExDnRcK9Rr01QdEma,minbias,0,test,44.162354,43.195716857910156,-0.02188825052933019,2,40mm,3.832464
SubNetW8CleanAuxExDnRcK9Rr01QdEma,minbias,0,test,15.649881,15.953631401062012,0.0194090952578565,3,60mm,2.621672
SubNetW8CleanAuxExDnRcK9Rr01QdEma,minbias,0,test,20.978407,20.377580642700195,-0.02864022354587037,2,40mm,2.757036
SubNetW8CleanAuxExDnRcK9Rr01QdEma,minbias,0,test,7.4800487,7.42948579788208,-0.006759696481098532,3,60mm,1.3989604
SubNetW8CleanAuxExDnRcK9Rr01QdEma,minbias,0,test,45.737362,44.51742935180664,-0.026672560577658877,2,40mm,4.2710285
SubNetW8CleanAuxExDnRcK9Rr01QdEma,minbias,0,test,4.3081627,4.010263442993164,-0.0691476315325773,4,120mm,1.0217063
SubNetW8CleanAuxExDnRcK9Rr01QdEma,minbias,0,test,28.123144,29.050979614257812,0.03299188239892392,3,60mm,4.081152
SubNetW8CleanAuxExDnRcK9Rr01QdEma,minbias,0,test,28.912554,29.09479331970215,0.006303128177877593,1,30mm,2.2882502
SubNetW8CleanAuxExDnRcK9Rr01QdEma,minbias,0,test,19.322851,14.493155479431152,-0.24994736316866917,1,30mm,0.93580747
SubNetW8CleanAuxExDnRcK9Rr01QdEma,minbias,0,test,42.481663,42.86640167236328,0.009056588118527165,3,60mm,4.482183
SubNetW8CleanAuxExDnRcK9Rr01QdEma,minbias,0,test,41.29129,38.609703063964844,-0.06494316842235182,1,30mm,1.6482419
SubNetW8CleanAuxExDnRcK9Rr01QdEma,minbias,0,test,32.697433,31.682056427001953,-0.031053723086773344,1,30mm,1.6612755
SubNetW8CleanAuxExDnRcK9Rr01QdEma,minbias,0,test,5.65686,8.701815605163574,0.5382766760836681,4,120mm,1.3252033
SubNetW8CleanAuxExDnRcK9Rr01QdEma,minbias,0,test,23.842623,23.95298194885254,0.004628651512859516,1,30mm,1.5904446
SubNetW8CleanAuxExDnRcK9Rr01QdEma,minbias,0,test,39.64264,39.88165283203125,0.006029206857530056,2,40mm,3.9401636
SubNetW8CleanAuxExDnRcK9Rr01QdEma,minbias,0,test,14.913876,15.453716278076172,0.036197210802277446,2,40mm,1.4056154
SubNetW8CleanAuxExDnRcK9Rr01QdEma,minbias,0,test,25.387503,24.027711868286133,-0.053561424282718706,1,30mm,1.6930492
SubNetW8CleanAuxExDnRcK9Rr01QdEma,minbias,0,test,36.119213,39.67414855957031,0.09842228414727461,1,30mm,2.3570216
SubNetW8CleanAuxExDnRcK9Rr01QdEma,minbias,0,test,8.754545,8.76097297668457,0.0007342203092308708,2,40mm,1.2292135
SubNetW8CleanAuxExDnRcK9Rr01QdEma,minbias,0,test,9.428111,9.036565780639648,-0.041529559054230836,3,60mm,1.0391275
SubNetW8CleanAuxExDnRcK9Rr01QdEma,minbias,0,test,9.788894,9.599451065063477,-0.019352813545147618,3,60mm,1.1275817
SubNetW8CleanAuxExDnRcK9Rr01QdEma,minbias,0,test,66.6665,65.91496276855469,-0.011273031436657144,1,30mm,3.7674403
SubNetW8CleanAuxExDnRcK9Rr01QdEma,minbias,0,test,41.76815,42.395416259765625,0.015017804839957405,2,40mm,3.3961866
SubNetW8CleanAuxExDnRcK9Rr01QdEma,minbias,0,test,47.396744,46.901947021484375,-0.010439467219197307,1,30mm,3.5076742
SubNetW8CleanAuxExDnRcK9Rr01QdEma,minbias,0,test,95.86705,91.6136245727539,-0.044367961573472,0,15mm,3.823036
SubNetW8CleanAuxExDnRcK9Rr01QdEma,minbias,0,test,36.301758,35.57012176513672,-0.020154287049740427,2,40mm,4.82332
SubNetW8CleanAuxExDnRcK9Rr01QdEma,minbias,0,test,16.064047,15.67230224609375,-0.02438642124664292,0,15mm,0.5515915
SubNetW8CleanAuxExDnRcK9Rr01QdEma,minbias,0,test,36.848232,37.21943664550781,0.010073872024794595,2,40mm,4.0039597
SubNetW8CleanAuxExDnRcK9Rr01QdEma,minbias,0,test,57.065575,56.08687210083008,-0.017150489611948316,0,15mm,2.9469013
SubNetW8CleanAuxExDnRcK9Rr01QdEma,minbias,0,test,4.499667,5.1516642570495605,0.14489895921002804,4,120mm,1.0092051
SubNetW8CleanAuxExDnRcK9Rr01QdEma,minbias,0,test,24.969688,24.051931381225586,-0.03675484527596473,0,15mm,1.0705807
SubNetW8CleanAuxExDnRcK9Rr01QdEma,minbias,0,test,28.54661,28.159276962280273,-0.013568438350745948,2,40mm,3.4486315
SubNetW8CleanAuxExDnRcK9Rr01QdEma,minbias,0,test,47.395947,47.673404693603516,0.00585404895125885,2,40mm,3.2115479
SubNetW8CleanAuxExDnRcK9Rr01QdEma,minbias,0,test,15.808112,15.462650299072266,-0.02185345360918345,3,60mm,2.8115776
SubNetW8CleanAuxExDnRcK9Rr01QdEma,minbias,0,test,3.5469043,3.4437289237976074,-0.0290888595292198,4,120mm,0.79721475
SubNetW8CleanAuxExDnRcK9Rr01QdEma,minbias,0,test,73.804955,75.21456909179688,0.01909918611816308,1,30mm,3.5416367
SubNetW8CleanAuxExDnRcK9Rr01QdEma,minbias,0,test,72.514565,72.97840118408203,0.0063964621870038485,1,30mm,4.1315117
SubNetW8CleanAuxExDnRcK9Rr01QdEma,minbias,0,test,56.320736,53.89896774291992,-0.04299958351798683,2,40mm,4.4672832
SubNetW8CleanAuxExDnRcK9Rr01QdEma,minbias,0,test,23.486568,22.4438419342041,-0.04439671631478559,2,40mm,2.0195749
SubNetW8CleanAuxExDnRcK9Rr01QdEma,minbias,0,test,24.276564,23.89732551574707,-0.015621573720935089,1,30mm,2.2873073
SubNetW8CleanAuxExDnRcK9Rr01QdEma,minbias,0,test,11.868342,11.614337921142578,-0.021401849550886864,3,60mm,2.6175895
SubNetW8CleanAuxExDnRcK9Rr01QdEma,minbias,0,test,65.85585,60.53082275390625,-0.08085883711247333,1,30mm,3.5020034
SubNetW8CleanAuxExDnRcK9Rr01QdEma,minbias,0,test,10.431436,9.256763458251953,-0.1126088655004186,1,30mm,0.75443673
SubNetW8CleanAuxExDnRcK9Rr01QdEma,minbias,0,test,30.63294,28.673728942871094,-0.06395766553222593,1,30mm,1.6686054
SubNetW8CleanAuxExDnRcK9Rr01QdEma,minbias,0,test,26.788904,29.412609100341797,0.0979399863340249,2,40mm,3.0948918
SubNetW8CleanAuxExDnRcK9Rr01QdEma,minbias,0,test,13.756119,13.98979377746582,0.016986986437365292,3,60mm,2.0340178
SubNetW8CleanAuxExDnRcK9Rr01QdEma,minbias,0,test,76.88223,64.67547607421875,-0.1587721397845493,0,15mm,2.3000202
SubNetW8CleanAuxExDnRcK9Rr01QdEma,minbias,0,test,14.340391,14.80722713470459,0.032553922028278226,1,30mm,0.6965056
SubNetW8CleanAuxExDnRcK9Rr01QdEma,minbias,0,test,30.041315,29.543163299560547,-0.01658222277783772,2,40mm,2.82391
SubNetW8CleanAuxExDnRcK9Rr01QdEma,minbias,0,test,20.599861,19.834436416625977,-0.03715679066985422,2,40mm,1.4193267
SubNetW8CleanAuxExDnRcK9Rr01QdEma,minbias,0,test,19.084341,19.5561466217041,0.024722130635455253,3,60mm,3.0156698
SubNetW8CleanAuxExDnRcK9Rr01QdEma,minbias,0,test,13.59484,13.162236213684082,-0.03182117880583135,3,60mm,3.0014708
SubNetW8CleanAuxExDnRcK9Rr01QdEma,minbias,0,test,28.00147,27.70524787902832,-0.01057882606813576,3,60mm,3.4360516
SubNetW8CleanAuxExDnRcK9Rr01QdEma,minbias,0,test,18.999361,18.006168365478516,-0.05227505655227915,2,40mm,2.8216627
SubNetW8CleanAuxExDnRcK9Rr01QdEma,minbias,0,test,85.71471,83.78553009033203,-0.022506946720359355,1,30mm,4.0562887
SubNetW8CleanAuxExDnRcK9Rr01QdEma,minbias,0,test,4.247457,4.260863780975342,0.0031564188768578028,3,60mm,0.8534486
SubNetW8CleanAuxExDnRcK9Rr01QdEma,minbias,0,test,11.588227,12.061118125915527,0.04080786843239448,2,40mm,1.1035786
SubNetW8CleanAuxExDnRcK9Rr01QdEma,minbias,0,test,67.2897,50.68326187133789,-0.24679023188291427,0,15mm,2.4189858
SubNetW8CleanAuxExDnRcK9Rr01QdEma,minbias,0,test,15.508355,15.575621604919434,0.004337433829905368,2,40mm,1.5100529
SubNetW8CleanAuxExDnRcK9Rr01QdEma,minbias,0,test,60.89173,57.273319244384766,-0.05942370076884418,0,15mm,1.2728316
SubNetW8CleanAuxExDnRcK9Rr01QdEma,minbias,0,test,80.03165,73.79637145996094,-0.0779101208513936,0,15mm,1.7937686
SubNetW8CleanAuxExDnRcK9Rr01QdEma,minbias,0,test,37.79816,42.0875129699707,0.11348045392262307,1,30mm,3.635466
SubNetW8CleanAuxExDnRcK9Rr01QdEma,minbias,0,test,11.386308,12.885673522949219,0.13168147602615843,3,60mm,1.872861
SubNetW8CleanAuxExDnRcK9Rr01QdEma,minbias,0,test,31.336819,29.69537925720215,-0.05238053849175617,3,60mm,4.927309
SubNetW8CleanAuxExDnRcK9Rr01QdEma,minbias,0,test,36.967396,40.178977966308594,0.08687607324941093,0,15mm,1.0094197
SubNetW8CleanAuxExDnRcK9Rr01QdEma,minbias,0,test,43.287476,45.275184631347656,0.04591880257521619,2,40mm,4.7065372
SubNetW8CleanAuxExDnRcK9Rr01QdEma,minbias,0,test,37.189465,36.95523452758789,-0.006298290234018955,2,40mm,3.6629174
SubNetW8CleanAuxExDnRcK9Rr01QdEma,minbias,0,test,34.04687,32.845523834228516,-0.03528510283766728,2,40mm,3.0833485
SubNetW8CleanAuxExDnRcK9Rr01QdEma,minbias,0,test,68.079216,70.61275482177734,0.03721457101139625,0,15mm,2.616799
SubNetW8CleanAuxExDnRcK9Rr01QdEma,minbias,0,test,39.864944,44.49259948730469,0.11608331811854056,0,15mm,0.90226185
SubNetW8CleanAuxExDnRcK9Rr01QdEma,minbias,0,test,26.42873,25.874670028686523,-0.020964305968144692,2,40mm,3.6440225
SubNetW8CleanAuxExDnRcK9Rr01QdEma,minbias,0,test,13.408513,12.287928581237793,-0.08357261406509109,4,120mm,2.7437007
SubNetW8CleanAuxExDnRcK9Rr01QdEma,minbias,0,test,14.043771,13.556660652160645,-0.034685138715225494,3,60mm,2.005933
SubNetW8CleanAuxExDnRcK9Rr01QdEma,minbias,0,test,40.368687,39.764564514160156,-0.01496511805582268,3,60mm,4.412202
SubNetW8CleanAuxExDnRcK9Rr01QdEma,minbias,0,test,25.317398,24.49027442932129,-0.03267016774941678,2,40mm,3.0777385
SubNetW8CleanAuxExDnRcK9Rr01QdEma,minbias,0,test,24.13607,25.998849868774414,0.07717824807029294,1,30mm,1.7963154
SubNetW8CleanAuxExDnRcK9Rr01QdEma,minbias,0,test,14.489894,14.695088386535645,0.014161212945713597,1,30mm,1.4995037
SubNetW8CleanAuxExDnRcK9Rr01QdEma,minbias,0,test,40.387787,44.00907897949219,0.08966304903859457,1,30mm,4.225872
SubNetW8CleanAuxExDnRcK9Rr01QdEma,minbias,0,test,7.3291755,7.1031389236450195,-0.03084065178546158,3,60mm,1.672055
SubNetW8CleanAuxExDnRcK9Rr01QdEma,minbias,0,test,16.080383,16.03128433227539,-0.003053345656472861,4,120mm,3.5764804
SubNetW8CleanAuxExDnRcK9Rr01QdEma,minbias,0,test,93.047554,89.59827423095703,-0.03707007477659141,1,30mm,4.8271685
SubNetW8CleanAuxExDnRcK9Rr01QdEma,minbias,0,test,15.110137,15.048389434814453,-0.004086498423043428,4,120mm,3.3985732
SubNetW8CleanAuxExDnRcK9Rr01QdEma,minbias,0,test,27.807453,28.106670379638672,0.010760324667191679,2,40mm,2.3738842
SubNetW8CleanAuxExDnRcK9Rr01QdEma,minbias,0,test,31.979702,30.750659942626953,-0.03843194202942113,2,40mm,4.1423297
SubNetW8CleanAuxExDnRcK9Rr01QdEma,minbias,0,test,57.926727,56.62171936035156,-0.02252859768731863,0,15mm,2.5888093
SubNetW8CleanAuxExDnRcK9Rr01QdEma,minbias,0,test,14.020579,14.00827407836914,-0.00087765700745146,3,60mm,2.3467138
SubNetW8CleanAuxExDnRcK9Rr01QdEma,minbias,0,test,23.233143,21.771846771240234,-0.06289704715382116,2,40mm,1.5475769
SubNetW8CleanAuxExDnRcK9Rr01QdEma,minbias,0,test,21.635538,21.334300994873047,-0.013923254643090521,2,40mm,1.3493314
SubNetW8CleanAuxExDnRcK9Rr01QdEma,minbias,0,test,11.718211,11.848113059997559,0.011085470645419537,3,60mm,1.9315076
SubNetW8CleanAuxExDnRcK9Rr01QdEma,minbias,0,test,78.17503,51.17384338378906,-0.3453940337818807,1,30mm,2.75297
SubNetW8CleanAuxExDnRcK9Rr01QdEma,minbias,0,test,31.550882,32.52524185180664,0.0308821636696337,3,60mm,3.2869964
SubNetW8CleanAuxExDnRcK9Rr01QdEma,minbias,0,test,85.51046,84.75618743896484,-0.008820821006230606,1,30mm,4.7630944
SubNetW8CleanAuxExDnRcK9Rr01QdEma,minbias,0,test,43.5847,45.78785705566406,0.05054882653384518,1,30mm,2.0030954
SubNetW8CleanAuxExDnRcK9Rr01QdEma,minbias,0,test,26.881659,27.07550048828125,0.0072109365504422485,2,40mm,4.405958
SubNetW8CleanAuxExDnRcK9Rr01QdEma,minbias,0,test,10.301831,9.983257293701172,-0.030924011870486656,3,60mm,1.9858322
SubNetW8CleanAuxExDnRcK9Rr01QdEma,minbias,0,test,33.813713,36.02090835571289,0.0652751526331834,2,40mm,4.3801665
SubNetW8CleanAuxExDnRcK9Rr01QdEma,minbias,0,test,14.588719,14.138373374938965,-0.030869467132968675,3,60mm,2.3704646
SubNetW8CleanAuxExDnRcK9Rr01QdEma,minbias,0,test,26.59522,26.47054672241211,-0.004687828892990353,2,40mm,2.1941159
SubNetW8CleanAuxExDnRcK9Rr01QdEma,minbias,0,test,11.395315,12.104286193847656,0.06221600833017127,3,60mm,2.1026075
SubNetW8CleanAuxExDnRcK9Rr01QdEma,minbias,0,test,87.5659,86.52394104003906,-0.011899171226191774,1,30mm,4.265082
SubNetW8CleanAuxExDnRcK9Rr01QdEma,minbias,0,test,69.27239,69.7589111328125,0.007023272098735767,0,15mm,3.2537332
SubNetW8CleanAuxExDnRcK9Rr01QdEma,minbias,0,test,45.53374,46.14813232421875,0.013493100137336178,2,40mm,4.8409333
SubNetW8CleanAuxExDnRcK9Rr01QdEma,minbias,0,test,54.393715,56.384944915771484,0.036607722316299274,1,30mm,2.652878
SubNetW8CleanAuxExDnRcK9Rr01QdEma,minbias,0,test,38.560577,40.19066619873047,0.04227345429910745,1,30mm,1.9986688
SubNetW8CleanAuxExDnRcK9Rr01QdEma,minbias,0,test,26.117004,24.88932228088379,-0.04700700337227537,3,60mm,4.183565
SubNetW8CleanAuxExDnRcK9Rr01QdEma,minbias,0,test,12.253417,13.12745475769043,0.07133012298034047,2,40mm,1.0480965
SubNetW8CleanAuxExDnRcK9Rr01QdEma,minbias,0,test,19.249235,19.132184982299805,-0.0060807699613452115,3,60mm,2.9389563
SubNetW8CleanAuxExDnRcK9Rr01QdEma,minbias,0,test,69.922455,67.66532135009766,-0.03228052403545889,2,40mm,4.657649
SubNetW8CleanAuxExDnRcK9Rr01QdEma,minbias,0,test,47.29351,44.034423828125,-0.06891192002393987,1,30mm,2.6046908
SubNetW8CleanAuxExDnRcK9Rr01QdEma,minbias,0,test,46.700947,47.55946731567383,0.01838336407492247,1,30mm,3.1963818
SubNetW8CleanAuxExDnRcK9Rr01QdEma,minbias,0,test,28.82911,28.917573928833008,0.0030685907202205875,3,60mm,4.3359456
SubNetW8CleanAuxExDnRcK9Rr01QdEma,minbias,0,test,23.110886,23.498281478881836,0.016762484360505647,3,60mm,4.016879
SubNetW8CleanAuxExDnRcK9Rr01QdEma,minbias,0,test,6.6008277,6.3876190185546875,-0.03230029403438095,3,60mm,0.9857414
SubNetW8CleanAuxExDnRcK9Rr01QdEma,minbias,0,test,11.484408,11.647939682006836,0.014239419046650159,3,60mm,1.853919
SubNetW8CleanAuxExDnRcK9Rr01QdEma,minbias,0,test,51.912376,53.335052490234375,0.027405335393611452,2,40mm,4.0619073
SubNetW8CleanAuxExDnRcK9Rr01QdEma,minbias,0,test,29.191072,28.64620590209961,-0.01866552051356829,2,40mm,2.8594966
SubNetW8CleanAuxExDnRcK9Rr01QdEma,minbias,0,test,39.91404,39.0145149230957,-0.02253654847940778,1,30mm,2.904121
SubNetW8CleanAuxExDnRcK9Rr01QdEma,minbias,0,test,12.0046425,13.210330963134766,0.1004351839641302,2,40mm,1.3006748
SubNetW8CleanAuxExDnRcK9Rr01QdEma,minbias,0,test,15.355323,15.0098237991333,-0.02250027839500146,4,120mm,3.462351
SubNetW8CleanAuxExDnRcK9Rr01QdEma,minbias,0,test,18.844519,19.41802215576172,0.030433438208979702,2,40mm,1.2038269
SubNetW8CleanAuxExDnRcK9Rr01QdEma,minbias,0,test,20.100172,20.70928382873535,0.03030380956890588,3,60mm,2.5598083
SubNetW8CleanAuxExDnRcK9Rr01QdEma,minbias,0,test,18.089457,17.591028213500977,-0.0275535278310981,3,60mm,3.7492948
SubNetW8CleanAuxExDnRcK9Rr01QdEma,minbias,0,test,82.1959,81.83379364013672,-0.004405406150471247,1,30mm,4.367322
SubNetW8CleanAuxExDnRcK9Rr01QdEma,minbias,0,test,76.423256,79.27738952636719,0.0373464015839553,1,30mm,3.6663911
SubNetW8CleanAuxExDnRcK9Rr01QdEma,minbias,0,test,34.3211,36.059669494628906,0.05065604691305059,2,40mm,3.353201
SubNetW8CleanAuxExDnRcK9Rr01QdEma,minbias,0,test,96.97356,96.63623046875,-0.0034785364373033367,1,30mm,4.873507
SubNetW8CleanAuxExDnRcK9Rr01QdEma,minbias,0,test,52.723217,53.11580276489258,0.00744616464348824,2,40mm,3.8928556
SubNetW8CleanAuxExDnRcK9Rr01QdEma,minbias,0,test,53.757236,52.616493225097656,-0.02122027340494914,1,30mm,3.470566
SubNetW8CleanAuxExDnRcK9Rr01QdEma,minbias,0,test,84.760185,81.26531982421875,-0.041232394756035906,0,15mm,2.2543552
SubNetW8CleanAuxExDnRcK9Rr01QdEma,minbias,0,test,49.716614,50.489986419677734,0.015555617961665158,2,40mm,4.9110117
SubNetW8CleanAuxExDnRcK9Rr01QdEma,minbias,0,test,3.7417176,3.534299850463867,-0.05543382744672598,3,60mm,0.89755946
SubNetW8CleanAuxExDnRcK9Rr01QdEma,minbias,0,test,69.49447,68.7073974609375,-0.011325667249145077,2,40mm,4.992342
SubNetW8CleanAuxExDnRcK9Rr01QdEma,minbias,0,test,11.96791,13.7091646194458,0.14549364373031315,3,60mm,1.4470056
SubNetW8CleanAuxExDnRcK9Rr01QdEma,minbias,0,test,9.85078,10.093587875366211,0.024648642389879516,2,40mm,1.4469084
SubNetW8CleanAuxExDnRcK9Rr01QdEma,minbias,0,test,18.705036,19.2855224609375,0.03103369020720881,2,40mm,1.553391
SubNetW8CleanAuxExDnRcK9Rr01QdEma,minbias,0,test,18.264816,19.39399528503418,0.06182263118805875,2,40mm,2.1419203
SubNetW8CleanAuxExDnRcK9Rr01QdEma,minbias,0,test,89.45505,87.58552551269531,-0.020899011791163047,1,30mm,3.8297641
SubNetW8CleanAuxExDnRcK9Rr01QdEma,minbias,0,test,14.760346,15.808478355407715,0.0710099826552939,3,60mm,2.817683
SubNetW8CleanAuxExDnRcK9Rr01QdEma,minbias,0,test,94.94914,95.2395248413086,0.003058293921804456,0,15mm,2.7938173
SubNetW8CleanAuxExDnRcK9Rr01QdEma,minbias,0,test,36.355843,33.480289459228516,-0.07909466336693294,2,40mm,4.003322
SubNetW8CleanAuxExDnRcK9Rr01QdEma,minbias,0,test,22.383844,22.922264099121094,0.024053943302849712,3,60mm,3.2195425
SubNetW8CleanAuxExDnRcK9Rr01QdEma,minbias,0,test,38.908146,40.17338180541992,0.032518534909967034,3,60mm,4.471012
SubNetW8CleanAuxExDnRcK9Rr01QdEma,minbias,0,test,64.65465,63.980621337890625,-0.010425027618428784,2,40mm,4.443661
SubNetW8CleanAuxExDnRcK9Rr01QdEma,minbias,0,test,21.8993,21.516101837158203,-0.017498175331880583,4,120mm,4.3911753
SubNetW8CleanAuxExDnRcK9Rr01QdEma,minbias,0,test,37.550022,36.63670349121094,-0.0243227189317472,3,60mm,4.4517703
SubNetW8CleanAuxExDnRcK9Rr01QdEma,minbias,0,test,4.2123804,4.560636520385742,0.08267442094760669,3,60mm,0.6933902
SubNetW8CleanAuxExDnRcK9Rr01QdEma,minbias,0,test,10.030794,10.170538902282715,0.013931574769087351,2,40mm,0.7707939
SubNetW8CleanAuxExDnRcK9Rr01QdEma,minbias,0,test,17.031204,17.241283416748047,0.012334958254080819,3,60mm,2.269455
SubNetW8CleanAuxExDnRcK9Rr01QdEma,minbias,0,test,16.955786,16.25648307800293,-0.04124271700498838,1,30mm,1.4364761
SubNetW8CleanAuxExDnRcK9Rr01QdEma,minbias,0,test,22.23876,22.672683715820312,0.019512046598850752,2,40mm,2.3408942
SubNetW8CleanAuxExDnRcK9Rr01QdEma,minbias,0,test,12.261865,12.252615928649902,-0.0007542681129927287,3,60mm,1.6784449
SubNetW8CleanAuxExDnRcK9Rr01QdEma,minbias,0,test,54.226315,56.23399353027344,0.03702407221389814,0,15mm,1.7262325
SubNetW8CleanAuxExDnRcK9Rr01QdEma,minbias,0,test,16.49901,18.20143699645996,0.10318357898567587,3,60mm,2.4806368
SubNetW8CleanAuxExDnRcK9Rr01QdEma,minbias,0,test,42.608654,41.51268768310547,-0.025721684109990317,3,60mm,4.7595925
SubNetW8CleanAuxExDnRcK9Rr01QdEma,minbias,0,test,41.18859,40.586708068847656,-0.014612855645398604,2,40mm,2.6129694
SubNetW8CleanAuxExDnRcK9Rr01QdEma,minbias,0,test,23.964201,25.39176368713379,0.05957063685123609,1,30mm,2.084616
SubNetW8CleanAuxExDnRcK9Rr01QdEma,minbias,0,test,20.222187,20.098590850830078,-0.006111910207738935,3,60mm,4.4916177
SubNetW8CleanAuxExDnRcK9Rr01QdEma,minbias,0,test,31.365,31.48307991027832,0.003764710346622957,3,60mm,4.758909
SubNetW8CleanAuxExDnRcK9Rr01QdEma,minbias,0,test,9.701182,9.904848098754883,0.020993908336722322,3,60mm,2.0388439
SubNetW8CleanAuxExDnRcK9Rr01QdEma,minbias,0,test,42.580482,44.99516677856445,0.05670871147651835,1,30mm,3.6780014
SubNetW8CleanAuxExDnRcK9Rr01QdEma,minbias,0,test,11.128273,12.675163269042969,0.13900541956184154,1,30mm,0.6488216
SubNetW8CleanAuxExDnRcK9Rr01QdEma,minbias,0,test,18.263666,16.813676834106445,-0.07939201837705101,4,120mm,3.6900783
SubNetW8CleanAuxExDnRcK9Rr01QdEma,minbias,0,test,5.812581,4.945912837982178,-0.14910213122933424,3,60mm,0.66859746
SubNetW8CleanAuxExDnRcK9Rr01QdEma,minbias,0,test,35.712692,37.32624053955078,0.045181367650131365,1,30mm,1.8044044
SubNetW8CleanAuxExDnRcK9Rr01QdEma,minbias,0,test,39.46458,36.958946228027344,-0.06349071176830912,1,30mm,3.4984524
SubNetW8CleanAuxExDnRcK9Rr01QdEma,minbias,0,test,3.7619717,4.014969348907471,0.06725133949850481,2,40mm,0.60577667
SubNetW8CleanAuxExDnRcK9Rr01QdEma,minbias,0,test,14.718088,15.160248756408691,0.030041986559480094,2,40mm,1.295228
SubNetW8CleanAuxExDnRcK9Rr01QdEma,minbias,0,test,42.43179,41.21246337890625,-0.02873614421123205,2,40mm,3.908933
SubNetW8CleanAuxExDnRcK9Rr01QdEma,minbias,0,test,35.61719,35.842315673828125,0.006320665690389804,2,40mm,3.8834665
SubNetW8CleanAuxExDnRcK9Rr01QdEma,minbias,0,test,4.0326414,3.926346778869629,-0.02635856282004323,2,40mm,0.5378712
SubNetW8CleanAuxExDnRcK9Rr01QdEma,minbias,0,test,14.804912,14.50617504119873,-0.02017820707513973,2,40mm,1.6418784
SubNetW8CleanAuxExDnRcK9Rr01QdEma,minbias,0,test,35.947197,35.33594512939453,-0.0170041583973074,3,60mm,4.3213863
SubNetW8CleanAuxExDnRcK9Rr01QdEma,minbias,0,test,56.05585,54.226226806640625,-0.03263930783231106,2,40mm,4.726966
SubNetW8CleanAuxExDnRcK9Rr01QdEma,minbias,0,test,58.39581,56.32024002075195,-0.03554311828546319,1,30mm,3.3493981
SubNetW8CleanAuxExDnRcK9Rr01QdEma,minbias,0,test,4.015855,3.998180627822876,-0.0044011072141088015,3,60mm,0.5761031
SubNetW8CleanAuxExDnRcK9Rr01QdEma,minbias,0,test,8.74952,9.363842964172363,0.07021215348523846,2,40mm,0.81891066
SubNetW8CleanAuxExDnRcK9Rr01QdEma,minbias,0,test,29.250633,29.3459529876709,0.00325872425200302,2,40mm,3.2762473
SubNetW8CleanAuxExDnRcK9Rr01QdEma,minbias,0,test,22.255657,22.728620529174805,0.02125137572724367,3,60mm,4.407804
SubNetW8CleanAuxExDnRcK9Rr01QdEma,minbias,0,test,8.649029,8.952814102172852,0.03512363432836807,3,60mm,1.7696996
SubNetW8CleanAuxExDnRcK9Rr01QdEma,minbias,0,test,5.375276,5.611950874328613,0.044030256624569164,4,120mm,1.161528
SubNetW8CleanAuxExDnRcK9Rr01QdEma,minbias,0,test,31.655554,31.291866302490234,-0.011488900726635554,3,60mm,4.3928456
SubNetW8CleanAuxExDnRcK9Rr01QdEma,minbias,0,test,24.788864,24.4158878326416,-0.015046123172816284,3,60mm,2.4821544
SubNetW8CleanAuxExDnRcK9Rr01QdEma,minbias,0,test,16.726427,16.547163009643555,-0.010717415486577564,3,60mm,3.1625695
SubNetW8CleanAuxExDnRcK9Rr01QdEma,minbias,0,test,10.358729,10.118209838867188,-0.0232190180092553,3,60mm,1.6664367
SubNetW8CleanAuxExDnRcK9Rr01QdEma,minbias,0,test,7.2214174,7.099948883056641,-0.016820595850218,3,60mm,0.9058802
SubNetW8CleanAuxExDnRcK9Rr01QdEma,minbias,0,test,41.93058,44.21060562133789,0.05437619690952844,1,30mm,1.6838152
SubNetW8CleanAuxExDnRcK9Rr01QdEma,minbias,0,test,20.953026,21.416507720947266,0.022120046388758974,3,60mm,2.8308363
SubNetW8CleanAuxExDnRcK9Rr01QdEma,minbias,0,test,32.177055,33.14370346069336,0.03004153397584508,2,40mm,3.1708405
SubNetW8CleanAuxExDnRcK9Rr01QdEma,minbias,0,test,11.719285,11.15231704711914,-0.048379057564185146,1,30mm,0.57722
SubNetW8CleanAuxExDnRcK9Rr01QdEma,minbias,0,test,28.257729,28.25643539428711,-4.576384720866855e-05,2,40mm,2.693169
SubNetW8CleanAuxExDnRcK9Rr01QdEma,minbias,0,test,63.23678,68.29662322998047,0.0800142750782975,0,15mm,2.0661635
SubNetW8CleanAuxExDnRcK9Rr01QdEma,minbias,0,test,30.09118,36.09502029418945,0.199521565219541,1,30mm,1.3487921
SubNetW8CleanAuxExDnRcK9Rr01QdEma,minbias,0,test,32.68319,32.504051208496094,-0.0054810496443503665,1,30mm,1.9657701
SubNetW8CleanAuxExDnRcK9Rr01QdEma,minbias,0,test,33.86895,32.84050750732422,-0.030365346021903106,1,30mm,1.421183
SubNetW8CleanAuxExDnRcK9Rr01QdEma,minbias,0,test,34.405064,35.96286392211914,0.045278227349327516,2,40mm,2.5867133
SubNetW8CleanAuxExDnRcK9Rr01QdEma,minbias,0,test,49.010838,49.011783599853516,1.930276993977742e-05,1,30mm,2.369878
SubNetW8CleanAuxExDnRcK9Rr01QdEma,minbias,0,test,39.3663,38.79228973388672,-0.014581227114630613,2,40mm,3.2250981
SubNetW8CleanAuxExDnRcK9Rr01QdEma,minbias,0,test,27.785831,29.2240047454834,0.05175923191580756,2,40mm,4.8335133
SubNetW8CleanAuxExDnRcK9Rr01QdEma,minbias,0,test,10.865857,9.45435905456543,-0.12990213782609428,3,60mm,1.5265138
SubNetW8CleanAuxExDnRcK9Rr01QdEma,minbias,0,test,43.1535,44.30986404418945,0.02679653913469182,0,15mm,1.2848768
SubNetW8CleanAuxExDnRcK9Rr01QdEma,minbias,0,test,17.639618,17.040124893188477,-0.03398560158473396,3,60mm,4.0055604
SubNetW8CleanAuxExDnRcK9Rr01QdEma,minbias,0,test,32.775234,32.638671875,-0.004166632234735568,3,60mm,3.8840227
SubNetW8CleanAuxExDnRcK9Rr01QdEma,minbias,0,test,45.19383,44.709869384765625,-0.010708523999283903,2,40mm,4.8976173
SubNetW8CleanAuxExDnRcK9Rr01QdEma,minbias,0,test,16.674965,16.238609313964844,-0.026168306398959396,3,60mm,3.562449
SubNetW8CleanAuxExDnRcK9Rr01QdEma,minbias,0,test,19.520515,19.203828811645508,-0.016223271931096517,4,120mm,4.13407
SubNetW8CleanAuxExDnRcK9Rr01QdEma,minbias,0,test,11.303633,11.65131664276123,0.030758598998136932,2,40mm,1.321423
SubNetW8CleanAuxExDnRcK9Rr01QdEma,minbias,0,test,34.902107,33.66132354736328,-0.035550394791864504,1,30mm,1.5817027
SubNetW8CleanAuxExDnRcK9Rr01QdEma,minbias,0,test,6.490629,6.965843200683594,0.07321539871623495,2,40mm,1.3026534
SubNetW8CleanAuxExDnRcK9Rr01QdEma,minbias,0,test,53.298058,54.0247917175293,0.013635284186694685,0,15mm,2.328032
SubNetW8CleanAuxExDnRcK9Rr01QdEma,minbias,0,test,27.985249,28.197406768798828,0.0075810726721659005,3,60mm,4.5105233
SubNetW8CleanAuxExDnRcK9Rr01QdEma,minbias,0,test,13.759387,13.017951011657715,-0.05388583108829825,3,60mm,2.4719896
SubNetW8CleanAuxExDnRcK9Rr01QdEma,minbias,0,test,30.451994,20.90216064453125,-0.3136028897101678,2,40mm,1.8222411
SubNetW8CleanAuxExDnRcK9Rr01QdEma,minbias,0,test,18.164736,18.171167373657227,0.0003540695368628999,3,60mm,3.659361
SubNetW8CleanAuxExDnRcK9Rr01QdEma,minbias,0,test,23.451305,23.861600875854492,0.017495635302057666,2,40mm,1.5846534
SubNetW8CleanAuxExDnRcK9Rr01QdEma,minbias,0,test,25.292376,24.8807430267334,-0.016274965425483123,3,60mm,3.5833755
SubNetW8CleanAuxExDnRcK9Rr01QdEma,minbias,0,test,19.007296,23.107460021972656,0.21571529679446577,4,120mm,4.446337
SubNetW8CleanAuxExDnRcK9Rr01QdEma,minbias,0,test,29.109009,27.922828674316406,-0.040749587982940594,1,30mm,2.1825423
SubNetW8CleanAuxExDnRcK9Rr01QdEma,minbias,0,test,28.995825,28.759124755859375,-0.008163246243314215,3,60mm,4.5545034
SubNetW8CleanAuxExDnRcK9Rr01QdEma,minbias,0,test,47.084343,48.19155502319336,0.023515504244634,2,40mm,3.1853163
SubNetW8CleanAuxExDnRcK9Rr01QdEma,minbias,0,test,24.089624,23.557342529296875,-0.02209589766380593,2,40mm,3.6361995
SubNetW8CleanAuxExDnRcK9Rr01QdEma,minbias,0,test,26.078793,25.735727310180664,-0.013154951897921707,3,60mm,4.5556297
SubNetW8CleanAuxExDnRcK9Rr01QdEma,minbias,0,test,46.21083,44.32260513305664,-0.04086110392927389,1,30mm,4.71325
SubNetW8CleanAuxExDnRcK9Rr01QdEma,minbias,0,test,15.42292,15.082438468933105,-0.02207634825994198,3,60mm,1.7637928
SubNetW8CleanAuxExDnRcK9Rr01QdEma,minbias,0,test,9.592141,9.059783935546875,-0.05549931005780517,3,60mm,2.01297
SubNetW8CleanAuxExDnRcK9Rr01QdEma,minbias,0,test,37.727394,37.66521453857422,-0.0016481277572014674,0,15mm,1.1738782
SubNetW8CleanAuxExDnRcK9Rr01QdEma,minbias,0,test,87.10327,86.70681762695312,-0.004551538084226703,0,15mm,3.4478846
SubNetW8CleanAuxExDnRcK9Rr01QdEma,minbias,0,test,21.837246,21.460344314575195,-0.017259576944933075,3,60mm,4.4047885
SubNetW8CleanAuxExDnRcK9Rr01QdEma,minbias,0,test,18.780903,18.029739379882812,-0.039996132676023644,3,60mm,2.4375973
SubNetW8CleanAuxExDnRcK9Rr01QdEma,minbias,0,test,59.332523,59.62356185913086,0.004905210443969299,1,30mm,2.732119
SubNetW8CleanAuxExDnRcK9Rr01QdEma,minbias,0,test,15.574407,14.571161270141602,-0.06441628101343044,1,30mm,1.5198802
SubNetW8CleanAuxExDnRcK9Rr01QdEma,minbias,0,test,47.689453,46.88148880004883,-0.016942201514313804,1,30mm,3.2948978
SubNetW8CleanAuxExDnRcK9Rr01QdEma,minbias,0,test,6.9533863,6.844646453857422,-0.015638402370872995,2,40mm,0.7576152
SubNetW8CleanAuxExDnRcK9Rr01QdEma,minbias,0,test,20.229929,20.740428924560547,0.025234886141823676,3,60mm,2.962719
SubNetW8CleanAuxExDnRcK9Rr01QdEma,minbias,0,test,33.237633,31.54723358154297,-0.05085798927263785,2,40mm,1.9896555
SubNetW8CleanAuxExDnRcK9Rr01QdEma,minbias,0,test,39.36773,38.13364791870117,-0.03134753499365406,1,30mm,2.1717153
SubNetW8CleanAuxExDnRcK9Rr01QdEma,minbias,0,test,28.535395,28.885852813720703,0.012281524373920716,1,30mm,2.2969828
SubNetW8CleanAuxExDnRcK9Rr01QdEma,minbias,0,test,12.426401,11.997365951538086,-0.034526101482836635,2,40mm,1.6023812
SubNetW8CleanAuxExDnRcK9Rr01QdEma,minbias,0,test,42.870716,42.10852813720703,-0.017778754991524037,1,30mm,2.567883
SubNetW8CleanAuxExDnRcK9Rr01QdEma,minbias,0,test,20.826406,22.012928009033203,0.056971976003374,1,30mm,1.1450388
SubNetW8CleanAuxExDnRcK9Rr01QdEma,minbias,0,test,38.95782,38.913997650146484,-0.0011248894620828898,2,40mm,2.8993971
SubNetW8CleanAuxExDnRcK9Rr01QdEma,minbias,0,test,25.528055,25.395790100097656,-0.005181165974163404,3,60mm,3.2139616
SubNetW8CleanAuxExDnRcK9Rr01QdEma,minbias,0,test,19.208931,18.45528221130371,-0.0392342894636607,3,60mm,4.3380437
SubNetW8CleanAuxExDnRcK9Rr01QdEma,minbias,0,test,19.081081,21.382036209106445,0.12058828174620873,4,120mm,4.4233522
SubNetW8CleanAuxExDnRcK9Rr01QdEma,minbias,0,test,30.20996,32.81694793701172,0.08629560974624217,3,60mm,4.002797
SubNetW8CleanAuxExDnRcK9Rr01QdEma,minbias,0,test,8.848574,9.112991333007812,0.02988251640745898,4,120mm,2.0895624
SubNetW8CleanAuxExDnRcK9Rr01QdEma,minbias,0,test,86.73366,84.36148834228516,-0.027350045573879878,1,30mm,4.818342
SubNetW8CleanAuxExDnRcK9Rr01QdEma,minbias,0,test,32.73143,33.08491897583008,0.010799678521197453,1,30mm,1.8127651
SubNetW8CleanAuxExDnRcK9Rr01QdEma,minbias,0,test,62.323063,59.8991813659668,-0.0388922080864057,2,40mm,4.7348313
SubNetW8CleanAuxExDnRcK9Rr01QdEma,minbias,0,test,72.84983,71.0821533203125,-0.024264672846927016,0,15mm,3.1353087
SubNetW8CleanAuxExDnRcK9Rr01QdEma,minbias,0,test,78.14327,78.38431549072266,0.0030846301084854755,1,30mm,3.6171815
SubNetW8CleanAuxExDnRcK9Rr01QdEma,minbias,0,test,44.60134,43.33411407470703,-0.028412310872398483,2,40mm,4.916997
SubNetW8CleanAuxExDnRcK9Rr01QdEma,minbias,0,test,69.53827,69.04693603515625,-0.00706564909616747,1,30mm,3.885833
SubNetW8CleanAuxExDnRcK9Rr01QdEma,minbias,0,test,55.868603,54.75327682495117,-0.019963376078539263,2,40mm,4.7305813
SubNetW8CleanAuxExDnRcK9Rr01QdEma,minbias,0,test,31.097761,30.018695831298828,-0.034699132118426346,3,60mm,4.5776706
SubNetW8CleanAuxExDnRcK9Rr01QdEma,minbias,0,test,10.911384,10.791629791259766,-0.010975128513387555,4,120mm,2.4341211
SubNetW8CleanAuxExDnRcK9Rr01QdEma,minbias,0,test,15.4787655,16.043928146362305,0.036512127478226075,2,40mm,2.5532055
SubNetW8CleanAuxExDnRcK9Rr01QdEma,minbias,0,test,28.97368,31.349990844726562,0.08201617149816731,1,30mm,1.4056517
SubNetW8CleanAuxExDnRcK9Rr01QdEma,minbias,0,test,38.028564,38.07566833496094,0.0012386447533143663,2,40mm,4.2067933
SubNetW8CleanAuxExDnRcK9Rr01QdEma,minbias,0,test,24.21157,23.908689498901367,-0.012509772459641022,2,40mm,3.1554627
SubNetW8CleanAuxExDnRcK9Rr01QdEma,minbias,0,test,9.031152,9.007234573364258,-0.0026482998831343085,3,60mm,1.340023
SubNetW8CleanAuxExDnRcK9Rr01QdEma,minbias,0,test,89.49901,86.6580810546875,-0.03174255426776007,1,30mm,4.9401336
SubNetW8CleanAuxExDnRcK9Rr01QdEma,minbias,0,test,27.96112,27.238515853881836,-0.0258431971229931,3,60mm,3.2303166
SubNetW8CleanAuxExDnRcK9Rr01QdEma,minbias,0,test,36.352444,40.46982192993164,0.11326276355451315,1,30mm,3.775
SubNetW8CleanAuxExDnRcK9Rr01QdEma,minbias,0,test,12.072805,12.312765121459961,0.0198760527279096,3,60mm,2.0485332
SubNetW8CleanAuxExDnRcK9Rr01QdEma,minbias,0,test,4.4794965,4.45925760269165,-0.004518114131241813,3,60mm,0.7743551
SubNetW8CleanAuxExDnRcK9Rr01QdEma,minbias,0,test,39.905403,37.82443618774414,-0.05214749848054123,1,30mm,1.8525273
SubNetW8CleanAuxExDnRcK9Rr01QdEma,minbias,0,test,22.609013,23.233192443847656,0.02760756743459436,1,30mm,1.3355551
SubNetW8CleanAuxExDnRcK9Rr01QdEma,minbias,0,test,38.99497,37.67898178100586,-0.033747600955049584,2,40mm,3.9968603
SubNetW8CleanAuxExDnRcK9Rr01QdEma,minbias,0,test,8.815436,8.967641830444336,0.01726578934415013,3,60mm,1.3930389
SubNetW8CleanAuxExDnRcK9Rr01QdEma,minbias,0,test,8.025406,8.211557388305664,0.023195276003749488,2,40mm,0.9707575
SubNetW8CleanAuxExDnRcK9Rr01QdEma,minbias,0,test,20.589077,20.36554527282715,-0.010856811262958566,3,60mm,2.6103833
SubNetW8CleanAuxExDnRcK9Rr01QdEma,minbias,0,test,48.009613,46.917701721191406,-0.022743597518146363,1,30mm,2.4721432
SubNetW8CleanAuxExDnRcK9Rr01QdEma,minbias,0,test,14.151365,14.26763916015625,0.008216442562469117,3,60mm,1.5418596
SubNetW8CleanAuxExDnRcK9Rr01QdEma,minbias,0,test,27.254349,26.357568740844727,-0.032904107234535185,2,40mm,2.988321
SubNetW8CleanAuxExDnRcK9Rr01QdEma,minbias,0,test,11.230004,11.651875495910645,0.037566431288386326,2,40mm,1.0780126
SubNetW8CleanAuxExDnRcK9Rr01QdEma,minbias,0,test,14.127896,12.001347541809082,-0.15052126095732787,3,60mm,1.48263
SubNetW8CleanAuxExDnRcK9Rr01QdEma,minbias,0,test,8.7878,9.037322998046875,0.028394270183780712,3,60mm,1.1593889
SubNetW8CleanAuxExDnRcK9Rr01QdEma,minbias,0,test,11.14878,10.526904106140137,-0.05577971493223077,2,40mm,1.5687871
SubNetW8CleanAuxExDnRcK9Rr01QdEma,minbias,0,test,28.54772,28.54550552368164,-7.756947896897515e-05,0,15mm,1.2185777
SubNetW8CleanAuxExDnRcK9Rr01QdEma,minbias,0,test,45.283714,46.45953369140625,0.025965612920519465,0,15mm,1.2928103
SubNetW8CleanAuxExDnRcK9Rr01QdEma,minbias,0,test,11.640307,12.393424987792969,0.0646991126393166,2,40mm,0.9830857
SubNetW8CleanAuxExDnRcK9Rr01QdEma,minbias,0,test,43.964264,50.95381164550781,0.15898248047196306,2,40mm,4.940668
SubNetW8CleanAuxExDnRcK9Rr01QdEma,minbias,0,test,64.474556,63.309444427490234,-0.018070873451287328,1,30mm,3.3879564
SubNetW8CleanAuxExDnRcK9Rr01QdEma,minbias,0,test,31.63331,30.753679275512695,-0.02780711324986218,2,40mm,4.093944
SubNetW8CleanAuxExDnRcK9Rr01QdEma,minbias,0,test,80.52473,77.2129135131836,-0.0411279054685203,1,30mm,3.7012339
SubNetW8CleanAuxExDnRcK9Rr01QdEma,minbias,0,test,61.12227,51.821414947509766,-0.15216800571384492,0,15mm,1.772662
SubNetW8CleanAuxExDnRcK9Rr01QdEma,minbias,0,test,9.409437,9.54207992553711,0.014096777888027212,4,120mm,2.0724025
SubNetW8CleanAuxExDnRcK9Rr01QdEma,minbias,0,test,77.56776,78.62947082519531,0.013687570946716576,1,30mm,3.9290795
SubNetW8CleanAuxExDnRcK9Rr01QdEma,minbias,0,test,75.63541,75.00078582763672,-0.008390523643884595,0,15mm,2.7356763
SubNetW8CleanAuxExDnRcK9Rr01QdEma,minbias,0,test,14.656178,28.891895294189453,0.9713116447512731,0,15mm,0.84034896
SubNetW8CleanAuxExDnRcK9Rr01QdEma,minbias,0,test,62.88423,65.3930892944336,0.03989645201217806,1,30mm,2.5269508
SubNetW8CleanAuxExDnRcK9Rr01QdEma,minbias,0,test,7.258568,7.2528276443481445,-0.0007908124385770376,4,120mm,1.6814127
SubNetW8CleanAuxExDnRcK9Rr01QdEma,minbias,0,test,20.247868,18.92793846130371,-0.0651885497292033,2,40mm,3.5003035
SubNetW8CleanAuxExDnRcK9Rr01QdEma,minbias,0,test,12.45325,12.56340217590332,0.008845260889745798,3,60mm,2.5944457
SubNetW8CleanAuxExDnRcK9Rr01QdEma,minbias,0,test,8.140914,7.172909259796143,-0.11890614590492654,3,60mm,1.6116965
SubNetW8CleanAuxExDnRcK9Rr01QdEma,minbias,0,test,11.10321,17.932958602905273,0.6151147170381772,2,40mm,0.74416876
SubNetW8CleanAuxExDnRcK9Rr01QdEma,minbias,0,test,9.333457,9.295674324035645,-0.0040480894801682155,3,60mm,1.8535588
SubNetW8CleanAuxExDnRcK9Rr01QdEma,minbias,0,test,60.90371,56.61740493774414,-0.07037838114108497,1,30mm,4.1939297
SubNetW8CleanAuxExDnRcK9Rr01QdEma,minbias,0,test,23.85073,26.577438354492188,0.11432385323478012,2,40mm,2.3806603
SubNetW8CleanAuxExDnRcK9Rr01QdEma,minbias,0,test,74.95067,73.3197021484375,-0.021760528928634892,1,30mm,3.9591024
SubNetW8CleanAuxExDnRcK9Rr01QdEma,minbias,0,test,26.04701,12.543356895446777,-0.5184339126700197,1,30mm,1.6933191
SubNetW8CleanAuxExDnRcK9Rr01QdEma,minbias,0,test,12.753439,12.861529350280762,0.008475392490063793,3,60mm,2.2163281
SubNetW8CleanAuxExDnRcK9Rr01QdEma,minbias,0,test,24.077929,23.843952178955078,-0.009717462352170747,2,40mm,4.2286625
SubNetW8CleanAuxExDnRcK9Rr01QdEma,minbias,0,test,7.4688463,7.338589191436768,-0.017440060227387533,3,60mm,1.0575478
SubNetW8CleanAuxExDnRcK9Rr01QdEma,minbias,0,test,8.883319,8.727839469909668,-0.017502403424215274,3,60mm,1.3749621
SubNetW8CleanAuxExDnRcK9Rr01QdEma,minbias,0,test,32.1512,32.73161315917969,0.018052633502304793,2,40mm,2.9483116
SubNetW8CleanAuxExDnRcK9Rr01QdEma,minbias,0,test,13.871914,14.500611305236816,0.04532160445974753,2,40mm,1.156697
SubNetW8CleanAuxExDnRcK9Rr01QdEma,minbias,0,test,21.60845,22.49959945678711,0.04124078883571092,1,30mm,1.6499252
SubNetW8CleanAuxExDnRcK9Rr01QdEma,minbias,0,test,51.54256,52.97880554199219,0.02786522339034847,1,30mm,3.4445107
SubNetW8CleanAuxExDnRcK9Rr01QdEma,minbias,0,test,42.114292,42.10435485839844,-0.00023595995256886493,0,15mm,1.6767986
SubNetW8CleanAuxExDnRcK9Rr01QdEma,minbias,0,test,57.583138,62.923973083496094,0.09274999248099092,0,15mm,2.2115498
SubNetW8CleanAuxExDnRcK9Rr01QdEma,minbias,0,test,28.601055,28.416393280029297,-0.006456470374833545,1,30mm,1.5557889
SubNetW8CleanAuxExDnRcK9Rr01QdEma,minbias,0,test,47.126427,46.46648406982422,-0.014003663617429662,0,15mm,1.2894816
SubNetW8CleanAuxExDnRcK9Rr01QdEma,minbias,0,test,8.524088,8.53445816040039,0.0012165823054737235,3,60mm,1.493314
SubNetW8CleanAuxExDnRcK9Rr01QdEma,minbias,0,test,10.6800995,10.245635986328125,-0.04067972414423704,2,40mm,1.0208266
SubNetW8CleanAuxExDnRcK9Rr01QdEma,minbias,0,test,8.766611,8.739792823791504,-0.0030591382631283137,3,60mm,1.7788914
SubNetW8CleanAuxExDnRcK9Rr01QdEma,minbias,0,test,19.876585,20.759666442871094,0.044428227276412935,3,60mm,2.5600362
SubNetW8CleanAuxExDnRcK9Rr01QdEma,minbias,0,test,46.229862,45.466758728027344,-0.016506722031514265,0,15mm,2.176072
SubNetW8CleanAuxExDnRcK9Rr01QdEma,minbias,0,test,15.102064,25.62030601501465,0.6964771033885417,1,30mm,0.8487438
SubNetW8CleanAuxExDnRcK9Rr01QdEma,minbias,0,test,30.53107,30.130064010620117,-0.013134380462038187,1,30mm,2.7879283
SubNetW8CleanAuxExDnRcK9Rr01QdEma,minbias,0,test,43.27335,41.429840087890625,-0.042601501483314874,0,15mm,1.0848541
SubNetW8CleanAuxExDnRcK9Rr01QdEma,minbias,0,test,77.15957,78.03907775878906,0.011398572931377915,0,15mm,2.5532317
SubNetW8CleanAuxExDnRcK9Rr01QdEma,minbias,0,test,20.43367,21.357118606567383,0.045192496533225324,3,60mm,2.4645853
SubNetW8CleanAuxExDnRcK9Rr01QdEma,minbias,0,test,31.255875,29.796232223510742,-0.04669977811788306,1,30mm,1.5736194
SubNetW8CleanAuxExDnRcK9Rr01QdEma,minbias,0,test,5.129301,5.087761402130127,-0.00809850473983087,3,60mm,1.0051394
SubNetW8CleanAuxExDnRcK9Rr01QdEma,minbias,0,test,32.618877,31.90262222290039,-0.021958302824645504,2,40mm,2.8928878
SubNetW8CleanAuxExDnRcK9Rr01QdEma,minbias,0,test,4.7014637,3.564160108566284,-0.2419041523034613,3,60mm,1.0872188
SubNetW8CleanAuxExDnRcK9Rr01QdEma,minbias,0,test,66.109886,62.63882827758789,-0.05250436951214377,2,40mm,4.9519906
SubNetW8CleanAuxExDnRcK9Rr01QdEma,minbias,0,test,24.054838,22.870681762695312,-0.049227369935273435,3,60mm,4.179613
SubNetW8CleanAuxExDnRcK9Rr01QdEma,minbias,0,test,46.354015,45.9584846496582,-0.00853282499248853,2,40mm,3.388686
SubNetW8CleanAuxExDnRcK9Rr01QdEma,minbias,0,test,39.91759,40.43842697143555,0.01304777823956571,2,40mm,4.7725368
SubNetW8CleanAuxExDnRcK9Rr01QdEma,minbias,0,test,8.578243,8.3446683883667,-0.027228753054495125,3,60mm,1.2346973
SubNetW8CleanAuxExDnRcK9Rr01QdEma,minbias,0,test,41.23005,40.28781509399414,-0.02285309038221872,0,15mm,1.6520729
SubNetW8CleanAuxExDnRcK9Rr01QdEma,minbias,0,test,12.65511,11.544885635375977,-0.08772935931052694,1,30mm,0.6928433
SubNetW8CleanAuxExDnRcK9Rr01QdEma,minbias,0,test,44.5547,44.1038932800293,-0.0101180273853535,2,40mm,4.035625
SubNetW8CleanAuxExDnRcK9Rr01QdEma,minbias,0,test,39.98187,44.47906494140625,0.11248089043352416,1,30mm,2.919029
SubNetW8CleanAuxExDnRcK9Rr01QdEma,minbias,0,test,45.13599,44.73460006713867,-0.008892905072282464,2,40mm,4.167627
SubNetW8CleanAuxExDnRcK9Rr01QdEma,minbias,0,test,22.285486,22.243330001831055,-0.0018916445916312696,3,60mm,4.0854383
SubNetW8CleanAuxExDnRcK9Rr01QdEma,minbias,0,test,28.075891,29.315885543823242,0.04416579431873413,2,40mm,2.9244301
SubNetW8CleanAuxExDnRcK9Rr01QdEma,minbias,0,test,28.940157,19.25506019592285,-0.3346594409257986,0,15mm,1.3973094
SubNetW8CleanAuxExDnRcK9Rr01QdEma,minbias,0,test,23.1031,22.32467269897461,-0.033693622500325704,2,40mm,2.478837
SubNetW8CleanAuxExDnRcK9Rr01QdEma,minbias,0,test,37.71342,41.996280670166016,0.11356328075476219,1,30mm,1.7714478
SubNetW8CleanAuxExDnRcK9Rr01QdEma,minbias,0,test,28.14935,28.67697525024414,0.018743809443403148,3,60mm,3.8238251
SubNetW8CleanAuxExDnRcK9Rr01QdEma,minbias,0,test,62.1171,60.865814208984375,-0.02014397899730558,0,15mm,1.5727924
SubNetW8CleanAuxExDnRcK9Rr01QdEma,minbias,0,test,41.495094,43.028690338134766,0.03695849026769471,0,15mm,1.5231458
SubNetW8CleanAuxExDnRcK9Rr01QdEma,minbias,0,test,10.493969,10.552882194519043,0.00561400849385163,3,60mm,2.341997
SubNetW8CleanAuxExDnRcK9Rr01QdEma,minbias,0,test,15.026762,15.17960262298584,0.010171227456100995,1,30mm,1.5496458
SubNetW8CleanAuxExDnRcK9Rr01QdEma,minbias,0,test,43.23191,53.761985778808594,0.24357181770100134,0,15mm,1.4659287
SubNetW8CleanAuxExDnRcK9Rr01QdEma,minbias,0,test,44.895412,56.72011184692383,0.2633832446984097,2,40mm,3.742089
SubNetW8CleanAuxExDnRcK9Rr01QdEma,minbias,0,test,68.96732,73.59736633300781,0.0671338658371392,1,30mm,4.096889
SubNetW8CleanAuxExDnRcK9Rr01QdEma,minbias,0,test,3.9669933,3.879824161529541,-0.021973611520462843,3,60mm,0.7743798
SubNetW8CleanAuxExDnRcK9Rr01QdEma,minbias,0,test,59.564545,57.73605728149414,-0.030697580349736686,1,30mm,4.909634
SubNetW8CleanAuxExDnRcK9Rr01QdEma,minbias,0,test,43.21555,42.42227554321289,-0.0183562151940333,3,60mm,4.8195415
SubNetW8CleanAuxExDnRcK9Rr01QdEma,minbias,0,test,58.824856,57.391143798828125,-0.024372554526635004,2,40mm,4.4499083
SubNetW8CleanAuxExDnRcK9Rr01QdEma,minbias,0,test,12.394349,12.6967134475708,0.024395339115388603,3,60mm,1.6910105
SubNetW8CleanAuxExDnRcK9Rr01QdEma,minbias,0,test,32.296886,31.814809799194336,-0.01492641235655856,2,40mm,2.8980572
SubNetW8CleanAuxExDnRcK9Rr01QdEma,minbias,0,test,46.02584,45.82030487060547,-0.004465662881572574,2,40mm,3.9706514
SubNetW8CleanAuxExDnRcK9Rr01QdEma,minbias,0,test,33.79833,33.68598175048828,-0.003324029752047042,2,40mm,2.6864476
SubNetW8CleanAuxExDnRcK9Rr01QdEma,minbias,0,test,31.34391,31.605253219604492,0.008337919567393826,2,40mm,2.3411841
SubNetW8CleanAuxExDnRcK9Rr01QdEma,minbias,0,test,48.255222,49.689144134521484,0.029715370585993384,1,30mm,4.814609
SubNetW8CleanAuxExDnRcK9Rr01QdEma,minbias,0,test,44.444714,47.87846755981445,0.07725899639642031,0,15mm,0.971833
SubNetW8CleanAuxExDnRcK9Rr01QdEma,minbias,0,test,4.89281,4.818230628967285,-0.0152426194570765,3,60mm,0.90948373
SubNetW8CleanAuxExDnRcK9Rr01QdEma,minbias,0,test,19.067179,19.49946403503418,0.022671697530373347,3,60mm,4.2664094
SubNetW8CleanAuxExDnRcK9Rr01QdEma,minbias,0,test,86.86844,19.467342376708984,-0.775898558056283,0,15mm,2.2226522
SubNetW8CleanAuxExDnRcK9Rr01QdEma,minbias,0,test,38.939095,38.41875457763672,-0.013362918987230188,2,40mm,3.9528918
SubNetW8CleanAuxExDnRcK9Rr01QdEma,minbias,0,test,18.59653,18.67650032043457,0.004300232473273269,2,40mm,2.8178298
SubNetW8CleanAuxExDnRcK9Rr01QdEma,minbias,0,test,21.510187,21.77397918701172,0.012263586371239255,4,120mm,4.511992
SubNetW8CleanAuxExDnRcK9Rr01QdEma,minbias,0,test,97.07586,97.48197174072266,0.0041834568840264375,1,30mm,4.4488196
SubNetW8CleanAuxExDnRcK9Rr01QdEma,minbias,0,test,34.622494,33.731163024902344,-0.025744266880003974,3,60mm,4.013048
SubNetW8CleanAuxExDnRcK9Rr01QdEma,minbias,0,test,16.955132,16.5872745513916,-0.02169590832738244,0,15mm,0.82566845
SubNetW8CleanAuxExDnRcK9Rr01QdEma,minbias,0,test,11.380048,11.14028263092041,-0.02106890687007168,3,60mm,1.8118963
SubNetW8CleanAuxExDnRcK9Rr01QdEma,minbias,0,test,31.302183,31.27234649658203,-0.000953181269144121,2,40mm,3.4464347
SubNetW8CleanAuxExDnRcK9Rr01QdEma,minbias,0,test,16.76557,16.549667358398438,-0.012877720979564633,3,60mm,2.666522
SubNetW8CleanAuxExDnRcK9Rr01QdEma,minbias,0,test,12.590629,12.557290077209473,-0.002647885800513561,2,40mm,1.0260209
SubNetW8CleanAuxExDnRcK9Rr01QdEma,minbias,0,test,11.996631,11.70435905456543,-0.024362808370747113,2,40mm,1.007404
SubNetW8CleanAuxExDnRcK9Rr01QdEma,minbias,0,test,18.172592,23.894580841064453,0.31486915166685003,0,15mm,0.80647564
SubNetW8CleanAuxExDnRcK9Rr01QdEma,minbias,0,test,14.803322,14.877943992614746,0.00504090602437457,4,120mm,3.1906857
SubNetW8CleanAuxExDnRcK9Rr01QdEma,minbias,0,test,17.491827,16.992212295532227,-0.028562751921733853,3,60mm,2.7198968
SubNetW8CleanAuxExDnRcK9Rr01QdEma,minbias,0,test,41.724857,40.512451171875,-0.02905716726240759,2,40mm,4.24854
SubNetW8CleanAuxExDnRcK9Rr01QdEma,minbias,0,test,31.558271,29.770750045776367,-0.05664192880497765,2,40mm,4.6578245
SubNetW8CleanAuxExDnRcK9Rr01QdEma,minbias,0,test,3.2231433,4.473231315612793,0.3878474659406874,4,120mm,0.650856
SubNetW8CleanAuxExDnRcK9Rr01QdEma,minbias,0,test,29.82993,29.12249183654785,-0.023715695297680695,3,60mm,4.418305
SubNetW8CleanAuxExDnRcK9Rr01QdEma,minbias,0,test,11.173223,11.287981033325195,0.010270849890145595,2,40mm,1.3091002
SubNetW8CleanAuxExDnRcK9Rr01QdEma,minbias,0,test,7.472262,7.172145366668701,-0.04016408187910647,4,120mm,1.6703997
SubNetW8CleanAuxExDnRcK9Rr01QdEma,minbias,0,test,17.63084,17.367773056030273,-0.014920856918022918,3,60mm,3.1031346
SubNetW8CleanAuxExDnRcK9Rr01QdEma,minbias,0,test,25.938677,25.06141471862793,-0.03382061934342828,3,60mm,4.376317
SubNetW8CleanAuxExDnRcK9Rr01QdEma,minbias,0,test,38.069218,37.89482879638672,-0.004580837120302328,2,40mm,3.792986
SubNetW8CleanAuxExDnRcK9Rr01QdEma,minbias,0,test,64.4953,61.248226165771484,-0.05034590291769303,1,30mm,3.6286144
SubNetW8CleanAuxExDnRcK9Rr01QdEma,minbias,0,test,9.864859,9.653243064880371,-0.02145145413974059,3,60mm,1.3205768
SubNetW8CleanAuxExDnRcK9Rr01QdEma,minbias,0,test,37.01989,43.94892120361328,0.1871705022246284,0,15mm,1.36024
SubNetW8CleanAuxExDnRcK9Rr01QdEma,minbias,0,test,17.56881,17.404294967651367,-0.00936401191777414,3,60mm,2.0293639
SubNetW8CleanAuxExDnRcK9Rr01QdEma,minbias,0,test,22.102333,22.6087703704834,0.022913296078663548,3,60mm,2.563178
SubNetW8CleanAuxExDnRcK9Rr01QdEma,minbias,0,test,24.590609,25.17025375366211,0.023571810131439275,2,40mm,1.5755782
SubNetW8CleanAuxExDnRcK9Rr01QdEma,minbias,0,test,75.50862,77.3733139038086,0.0246950965063788,1,30mm,4.0985513
SubNetW8CleanAuxExDnRcK9Rr01QdEma,minbias,0,test,27.034634,26.828166961669922,-0.007637117542666716,2,40mm,2.5100074
SubNetW8CleanAuxExDnRcK9Rr01QdEma,minbias,0,test,5.4185176,4.976763725280762,-0.08152670116615057,2,40mm,1.0144037
SubNetW8CleanAuxExDnRcK9Rr01QdEma,minbias,0,test,3.308473,3.1037533283233643,-0.06187742050691725,3,60mm,0.5581487
SubNetW8CleanAuxExDnRcK9Rr01QdEma,minbias,0,test,16.21035,16.3060245513916,0.005902063468979257,3,60mm,2.570564
SubNetW8CleanAuxExDnRcK9Rr01QdEma,minbias,0,test,59.30446,58.45375061035156,-0.01434475632413823,2,40mm,4.9377484
SubNetW8CleanAuxExDnRcK9Rr01QdEma,minbias,0,test,38.084595,38.20321273803711,0.003114592982444986,2,40mm,3.0086892
SubNetW8CleanAuxExDnRcK9Rr01QdEma,minbias,0,test,51.2626,51.46988296508789,0.004043552614218848,1,30mm,2.81222
SubNetW8CleanAuxExDnRcK9Rr01QdEma,minbias,0,test,25.64097,25.946910858154297,0.011931710278754615,2,40mm,2.6101053
SubNetW8CleanAuxExDnRcK9Rr01QdEma,minbias,0,test,20.686543,12.502452850341797,-0.39562385334804395,1,30mm,0.7326148
SubNetW8CleanAuxExDnRcK9Rr01QdEma,minbias,0,test,71.06436,69.5181655883789,-0.021757684860285176,2,40mm,4.8623405
SubNetW8CleanAuxExDnRcK9Rr01QdEma,minbias,0,test,27.242622,27.15447425842285,-0.0032356693071053932,3,60mm,3.5357583
SubNetW8CleanAuxExDnRcK9Rr01QdEma,minbias,0,test,32.129894,32.166744232177734,0.0011469062204703118,1,30mm,1.9201216
SubNetW8CleanAuxExDnRcK9Rr01QdEma,minbias,0,test,7.0277047,6.8883185386657715,-0.019833812418303065,3,60mm,0.9269009
SubNetW8CleanAuxExDnRcK9Rr01QdEma,minbias,0,test,80.5629,94.02322387695312,0.16707849016150322,2,40mm,4.967459
SubNetW8CleanAuxExDnRcK9Rr01QdEma,minbias,0,test,26.267351,24.509754180908203,-0.06691184655557425,1,30mm,1.0329378
SubNetW8CleanAuxExDnRcK9Rr01QdEma,minbias,0,test,13.263153,12.694849014282227,-0.04284833769359442,3,60mm,2.3846166
SubNetW8CleanAuxExDnRcK9Rr01QdEma,minbias,0,test,84.53392,82.40302276611328,-0.025207603228511122,0,15mm,2.545549
SubNetW8CleanAuxExDnRcK9Rr01QdEma,minbias,0,test,16.036932,16.056468963623047,0.0012182487308769474,3,60mm,2.3742137
SubNetW8CleanAuxExDnRcK9Rr01QdEma,minbias,0,test,8.8964815,7.351871013641357,-0.17362037991187784,2,40mm,0.68078494
SubNetW8CleanAuxExDnRcK9Rr01QdEma,minbias,0,test,72.38193,71.47632598876953,-0.012511431138484519,1,30mm,4.336586
SubNetW8CleanAuxExDnRcK9Rr01QdEma,minbias,0,test,19.656319,19.877349853515625,0.011244790682166883,2,40mm,2.0346437
SubNetW8CleanAuxExDnRcK9Rr01QdEma,minbias,0,test,18.654444,16.715524673461914,-0.10393872335830978,3,60mm,2.5313725
SubNetW8CleanAuxExDnRcK9Rr01QdEma,minbias,0,test,8.950848,9.051989555358887,0.011299704101285002,4,120mm,1.9216588
SubNetW8CleanAuxExDnRcK9Rr01QdEma,minbias,0,test,5.884191,5.755397319793701,-0.021888092286226235,3,60mm,1.3625542
SubNetW8CleanAuxExDnRcK9Rr01QdEma,minbias,0,test,15.47973,15.417928695678711,-0.003992379590199935,2,40mm,2.5621953
SubNetW8CleanAuxExDnRcK9Rr01QdEma,minbias,0,test,36.1184,35.7920036315918,-0.009036860352450549,2,40mm,4.333327
SubNetW8CleanAuxExDnRcK9Rr01QdEma,minbias,0,test,66.08847,70.25248718261719,0.063006704417786,1,30mm,4.8131647
SubNetW8CleanAuxExDnRcK9Rr01QdEma,minbias,0,test,9.1136675,9.576547622680664,0.05078966674908991,2,40mm,0.7372395
SubNetW8CleanAuxExDnRcK9Rr01QdEma,minbias,0,test,41.004528,39.42145538330078,-0.03860726455846364,2,40mm,3.7935228
SubNetW8CleanAuxExDnRcK9Rr01QdEma,minbias,0,test,95.026695,94.16222381591797,-0.009097143000282859,0,15mm,1.9248965
SubNetW8CleanAuxExDnRcK9Rr01QdEma,minbias,0,test,34.327522,33.69634246826172,-0.01838699002106292,2,40mm,3.4150712
SubNetW8CleanAuxExDnRcK9Rr01QdEma,minbias,0,test,13.454509,14.061803817749023,0.04513691626958316,3,60mm,1.8060075
SubNetW8CleanAuxExDnRcK9Rr01QdEma,minbias,0,test,6.2991476,5.661528587341309,-0.10122306357099442,2,40mm,0.87282085
SubNetW8CleanAuxExDnRcK9Rr01QdEma,minbias,0,test,87.41802,92.37333679199219,0.05668527511868282,0,15mm,3.3724563
SubNetW8CleanAuxExDnRcK9Rr01QdEma,minbias,0,test,65.976814,72.99534606933594,0.10637876164484172,0,15mm,1.6787928
SubNetW8CleanAuxExDnRcK9Rr01QdEma,minbias,0,test,70.97264,71.93836975097656,0.01360705683596053,0,15mm,2.1081347
SubNetW8CleanAuxExDnRcK9Rr01QdEma,minbias,0,test,28.884792,27.50916290283203,-0.0476246950102186,1,30mm,1.4712204
SubNetW8CleanAuxExDnRcK9Rr01QdEma,minbias,0,test,31.181614,32.8506965637207,0.053527782294090054,2,40mm,3.3441305
SubNetW8CleanAuxExDnRcK9Rr01QdEma,minbias,0,test,19.85737,19.783519744873047,-0.0037190539489025953,2,40mm,3.5118093
SubNetW8CleanAuxExDnRcK9Rr01QdEma,minbias,0,test,10.712349,10.585343360900879,-0.011855997020131959,3,60mm,2.0091202
SubNetW8CleanAuxExDnRcK9Rr01QdEma,minbias,0,test,36.826984,36.62522888183594,-0.005478469848631207,3,60mm,4.547633
SubNetW8CleanAuxExDnRcK9Rr01QdEma,minbias,0,test,63.210777,64.1978759765625,0.015615987277498355,1,30mm,3.1374032
SubNetW8CleanAuxExDnRcK9Rr01QdEma,minbias,0,test,6.0864844,5.836979866027832,-0.04099321520840615,4,120mm,1.3779525
SubNetW8CleanAuxExDnRcK9Rr01QdEma,minbias,0,test,34.82403,35.29488754272461,0.01352099938316842,3,60mm,4.7967587
SubNetW8CleanAuxExDnRcK9Rr01QdEma,minbias,0,test,4.162687,4.015990257263184,-0.03524083691847235,4,120mm,0.97755015
SubNetW8CleanAuxExDnRcK9Rr01QdEma,minbias,0,test,69.58563,64.96710205078125,-0.06637189487505823,0,15mm,1.7055742
SubNetW8CleanAuxExDnRcK9Rr01QdEma,minbias,0,test,14.498806,15.61507797241211,0.07699061375640492,4,120mm,3.0877159
SubNetW8CleanAuxExDnRcK9Rr01QdEma,minbias,0,test,11.130477,12.105437278747559,0.08759376003275077,3,60mm,2.1745698
SubNetW8CleanAuxExDnRcK9Rr01QdEma,minbias,0,test,11.507502,6.207436561584473,-0.460574781895978,3,60mm,2.3314855
SubNetW8CleanAuxExDnRcK9Rr01QdEma,minbias,0,test,4.219432,4.14586877822876,-0.017434361082136696,3,60mm,0.7138107
SubNetW8CleanAuxExDnRcK9Rr01QdEma,minbias,0,test,10.964389,10.61614990234375,-0.03176090795899278,3,60mm,1.4008579
SubNetW8CleanAuxExDnRcK9Rr01QdEma,minbias,0,test,34.596523,35.23651885986328,0.018498840755778456,3,60mm,4.71472
SubNetW8CleanAuxExDnRcK9Rr01QdEma,minbias,0,test,53.027054,51.58857345581055,-0.027127292074858866,2,40mm,4.6151977
SubNetW8CleanAuxExDnRcK9Rr01QdEma,minbias,0,test,13.72782,13.972894668579102,0.017852380427384684,3,60mm,2.571979
SubNetW8CleanAuxExDnRcK9Rr01QdEma,minbias,0,test,14.958712,21.292524337768555,0.4234196682687139,1,30mm,1.535385
SubNetW8CleanAuxExDnRcK9Rr01QdEma,minbias,0,test,6.9707794,7.119574069976807,0.02134548263384972,3,60mm,0.8845279
SubNetW8CleanAuxExDnRcK9Rr01QdEma,minbias,0,test,33.936466,33.664947509765625,-0.008000794942493172,3,60mm,3.8254027
SubNetW8CleanAuxExDnRcK9Rr01QdEma,minbias,0,test,30.191248,29.552173614501953,-0.021167535930619152,2,40mm,3.667689
SubNetW8CleanAuxExDnRcK9Rr01QdEma,minbias,0,test,19.205788,19.336488723754883,0.006805295746583395,3,60mm,1.9996754
SubNetW8CleanAuxExDnRcK9Rr01QdEma,minbias,0,test,42.370434,42.21015167236328,-0.00378287689331791,1,30mm,1.9972891
SubNetW8CleanAuxExDnRcK9Rr01QdEma,minbias,0,test,36.94072,35.88746643066406,-0.028511983120654838,1,30mm,2.7763054
SubNetW8CleanAuxExDnRcK9Rr01QdEma,minbias,0,test,19.827654,19.76968002319336,-0.0029238891313572157,3,60mm,3.381963
SubNetW8CleanAuxExDnRcK9Rr01QdEma,minbias,0,test,23.465958,23.886987686157227,0.017942163323828808,3,60mm,2.879164
SubNetW8CleanAuxExDnRcK9Rr01QdEma,minbias,0,test,8.040192,7.623720169067383,-0.05179870075646875,3,60mm,1.1700671
SubNetW8CleanAuxExDnRcK9Rr01QdEma,minbias,0,test,66.8014,65.31950378417969,-0.02218359890417687,1,30mm,3.714805
SubNetW8CleanAuxExDnRcK9Rr01QdEma,minbias,0,test,27.24494,26.706567764282227,-0.019760441522955974,2,40mm,2.67498
SubNetW8CleanAuxExDnRcK9Rr01QdEma,minbias,0,test,31.66682,31.66082191467285,-0.00018942891488737956,3,60mm,4.388147
SubNetW8CleanAuxExDnRcK9Rr01QdEma,minbias,0,test,30.720255,30.51081657409668,-0.006817597206452808,3,60mm,3.3238606
SubNetW8CleanAuxExDnRcK9Rr01QdEma,minbias,0,test,42.962883,42.30295944213867,-0.015360318196856015,1,30mm,2.2172527
SubNetW8CleanAuxExDnRcK9Rr01QdEma,minbias,0,test,11.556492,12.267032623291016,0.061484123434335736,2,40mm,1.3691993
SubNetW8CleanAuxExDnRcK9Rr01QdEma,minbias,0,test,50.40268,50.2671012878418,-0.0026898997635619315,2,40mm,4.624488
SubNetW8CleanAuxExDnRcK9Rr01QdEma,minbias,0,test,47.938583,47.345516204833984,-0.012371395386514883,2,40mm,3.695302
SubNetW8CleanAuxExDnRcK9Rr01QdEma,minbias,0,test,29.98912,27.702856063842773,-0.07623646118002392,3,60mm,4.1897926
SubNetW8CleanAuxExDnRcK9Rr01QdEma,minbias,0,test,20.739126,20.381298065185547,-0.017253771287859432,3,60mm,4.0467377
SubNetW8CleanAuxExDnRcK9Rr01QdEma,minbias,0,test,56.995857,57.0870361328125,0.0015997459896250898,2,40mm,4.639797
SubNetW8CleanAuxExDnRcK9Rr01QdEma,minbias,0,test,29.684149,29.093420028686523,-0.01990047833190467,2,40mm,2.810019
SubNetW8CleanAuxExDnRcK9Rr01QdEma,minbias,0,test,28.320107,27.304340362548828,-0.03586731369005114,2,40mm,4.2602224
SubNetW8CleanAuxExDnRcK9Rr01QdEma,minbias,0,test,41.192616,39.40842819213867,-0.04331328066563955,1,30mm,1.7074715
SubNetW8CleanAuxExDnRcK9Rr01QdEma,minbias,0,test,16.090036,15.41392993927002,-0.04202019414133529,2,40mm,1.4602553
SubNetW8CleanAuxExDnRcK9Rr01QdEma,minbias,0,test,10.556364,10.088071823120117,-0.04436112980671503,1,30mm,0.767718
SubNetW8CleanAuxExDnRcK9Rr01QdEma,minbias,0,test,22.505077,23.1362247467041,0.02804466629861735,2,40mm,2.4457843
SubNetW8CleanAuxExDnRcK9Rr01QdEma,minbias,0,test,46.63418,48.169677734375,0.03292648510781704,2,40mm,2.9215999
SubNetW8CleanAuxExDnRcK9Rr01QdEma,minbias,0,test,8.396265,8.162601470947266,-0.027829464425867756,3,60mm,1.067714
SubNetW8CleanAuxExDnRcK9Rr01QdEma,minbias,0,test,84.90237,82.6709976196289,-0.02628158798050706,1,30mm,3.3898733
SubNetW8CleanAuxExDnRcK9Rr01QdEma,minbias,0,test,3.637488,3.6783440113067627,0.011231961239400512,3,60mm,0.61593235
SubNetW8CleanAuxExDnRcK9Rr01QdEma,minbias,0,test,14.55124,13.59653091430664,-0.06561015110615809,3,60mm,2.1481552
SubNetW8CleanAuxExDnRcK9Rr01QdEma,minbias,0,test,84.80555,84.43453979492188,-0.004374829575607642,1,30mm,3.447182
SubNetW8CleanAuxExDnRcK9Rr01QdEma,minbias,0,test,22.461926,22.382070541381836,-0.003555125547296756,3,60mm,2.3583755
SubNetW8CleanAuxExDnRcK9Rr01QdEma,minbias,0,test,15.969269,15.816743850708008,-0.009551154160001962,3,60mm,2.4637508
SubNetW8CleanAuxExDnRcK9Rr01QdEma,minbias,0,test,43.164886,42.31562805175781,-0.01967475168389743,1,30mm,2.286547
SubNetW8CleanAuxExDnRcK9Rr01QdEma,minbias,0,test,32.846188,31.761747360229492,-0.033015710827948075,3,60mm,4.393293
SubNetW8CleanAuxExDnRcK9Rr01QdEma,minbias,0,test,24.467936,26.1837215423584,0.07012385560144829,3,60mm,3.4358258
SubNetW8CleanAuxExDnRcK9Rr01QdEma,minbias,0,test,25.83505,26.110795974731445,0.010673305669018918,3,60mm,3.4958093
SubNetW8CleanAuxExDnRcK9Rr01QdEma,minbias,0,test,19.889364,19.90606117248535,0.0008394903792809938,3,60mm,3.1781812
SubNetW8CleanAuxExDnRcK9Rr01QdEma,minbias,0,test,21.717684,21.62274169921875,-0.004371649104219055,3,60mm,2.999497
SubNetW8CleanAuxExDnRcK9Rr01QdEma,minbias,0,test,13.002268,12.78823471069336,-0.01646121503614606,3,60mm,1.9512808
SubNetW8CleanAuxExDnRcK9Rr01QdEma,minbias,0,test,28.992996,27.1318302154541,-0.06419364133709804,2,40mm,1.8046718
SubNetW8CleanAuxExDnRcK9Rr01QdEma,minbias,0,test,87.112755,91.05738067626953,0.04528184032938043,0,15mm,1.7759882
SubNetW8CleanAuxExDnRcK9Rr01QdEma,minbias,0,test,15.247354,14.625592231750488,-0.0407783107952967,2,40mm,1.8987186
SubNetW8CleanAuxExDnRcK9Rr01QdEma,minbias,0,test,10.253479,10.470603942871094,0.021175733512705852,2,40mm,1.0384564
SubNetW8CleanAuxExDnRcK9Rr01QdEma,minbias,0,test,19.482397,18.68132972717285,-0.04111749437337753,3,60mm,3.66781
SubNetW8CleanAuxExDnRcK9Rr01QdEma,minbias,0,test,19.797293,18.854267120361328,-0.0476340680937577,3,60mm,3.819201
SubNetW8CleanAuxExDnRcK9Rr01QdEma,minbias,0,test,50.28411,50.22262191772461,-0.0012228336938590045,1,30mm,4.6632695
SubNetW8CleanAuxExDnRcK9Rr01QdEma,minbias,0,test,74.06751,72.99019622802734,-0.0145450582534703,0,15mm,3.3178074
SubNetW8CleanAuxExDnRcK9Rr01QdEma,minbias,0,test,91.424286,89.88497924804688,-0.016836955582014923,1,30mm,3.7509272
SubNetW8CleanAuxExDnRcK9Rr01QdEma,minbias,0,test,99.39648,95.07291412353516,-0.043498147657044295,0,15mm,2.7689915
SubNetW8CleanAuxExDnRcK9Rr01QdEma,minbias,0,test,27.959284,29.55299186706543,0.057001032218576775,2,40mm,1.9052299
SubNetW8CleanAuxExDnRcK9Rr01QdEma,minbias,0,test,24.36088,23.778554916381836,-0.02390410297682055,2,40mm,3.4822721
SubNetW8CleanAuxExDnRcK9Rr01QdEma,minbias,0,test,7.7941933,8.116689682006836,0.04137649697704737,2,40mm,0.95089304
SubNetW8CleanAuxExDnRcK9Rr01QdEma,minbias,0,test,28.798605,28.35031509399414,-0.015566374543398043,2,40mm,2.3188949
SubNetW8CleanAuxExDnRcK9Rr01QdEma,minbias,0,test,91.07994,86.8036117553711,-0.04695138142557864,1,30mm,4.8529654
SubNetW8CleanAuxExDnRcK9Rr01QdEma,minbias,0,test,59.96723,58.31733703613281,-0.027513271268221118,2,40mm,4.7046995
SubNetW8CleanAuxExDnRcK9Rr01QdEma,minbias,0,test,86.082466,85.74864959716797,-0.0038778690172942554,0,15mm,3.3664472
SubNetW8CleanAuxExDnRcK9Rr01QdEma,minbias,0,test,23.837078,24.78969383239746,0.03996361190491471,3,60mm,3.9175773
SubNetW8CleanAuxExDnRcK9Rr01QdEma,minbias,0,test,13.743919,13.11224365234375,-0.045960377319737566,3,60mm,2.3070796
SubNetW8CleanAuxExDnRcK9Rr01QdEma,minbias,0,test,74.555534,75.00901794433594,0.006082493880820161,1,30mm,3.9230435
SubNetW8CleanAuxExDnRcK9Rr01QdEma,minbias,0,test,18.532015,18.255491256713867,-0.014921399123291379,3,60mm,3.1271145
SubNetW8CleanAuxExDnRcK9Rr01QdEma,minbias,0,test,55.587055,53.43581008911133,-0.038700469186641384,2,40mm,4.683926
SubNetW8CleanAuxExDnRcK9Rr01QdEma,minbias,0,test,50.89755,49.95219802856445,-0.01857359876011122,2,40mm,4.293831
SubNetW8CleanAuxExDnRcK9Rr01QdEma,minbias,0,test,16.101963,15.709318161010742,-0.024384907675443435,1,30mm,0.9586878
SubNetW8CleanAuxExDnRcK9Rr01QdEma,minbias,0,test,15.32207,15.651750564575195,0.021516703695393158,1,30mm,0.9181333
SubNetW8CleanAuxExDnRcK9Rr01QdEma,minbias,0,test,15.15647,13.444960594177246,-0.11292271029152923,2,40mm,0.93668324
SubNetW8CleanAuxExDnRcK9Rr01QdEma,minbias,0,test,36.357452,36.48796463012695,0.0035896969936064504,3,60mm,4.365527
SubNetW8CleanAuxExDnRcK9Rr01QdEma,minbias,0,test,76.97778,76.64240264892578,-0.004356848693787829,1,30mm,4.2238927
SubNetW8CleanAuxExDnRcK9Rr01QdEma,minbias,0,test,29.962826,29.114215850830078,-0.028322092538425103,1,30mm,3.0106702
SubNetW8CleanAuxExDnRcK9Rr01QdEma,minbias,0,test,24.561647,27.17190170288086,0.10627358351005789,3,60mm,3.389377
SubNetW8CleanAuxExDnRcK9Rr01QdEma,minbias,0,test,67.89511,68.02011108398438,0.0018410751231465738,0,15mm,2.6899219
SubNetW8CleanAuxExDnRcK9Rr01QdEma,minbias,0,test,34.280586,36.58353042602539,0.06717925320899809,3,60mm,3.7614849
SubNetW8CleanAuxExDnRcK9Rr01QdEma,minbias,0,test,73.976555,73.93211364746094,-0.0006007474019608106,1,30mm,4.9080334
SubNetW8CleanAuxExDnRcK9Rr01QdEma,minbias,0,test,15.846746,15.260883331298828,-0.03697056146179367,3,60mm,3.642954
SubNetW8CleanAuxExDnRcK9Rr01QdEma,minbias,0,test,20.196188,19.909839630126953,-0.014178336192850027,3,60mm,4.8165307
SubNetW8CleanAuxExDnRcK9Rr01QdEma,minbias,0,test,50.288902,50.20438766479492,-0.0016805818795724292,1,30mm,2.2886832
SubNetW8CleanAuxExDnRcK9Rr01QdEma,minbias,0,test,17.42199,15.927544593811035,-0.08577923044752978,2,40mm,1.4995936
SubNetW8CleanAuxExDnRcK9Rr01QdEma,minbias,0,test,10.5463085,10.45225715637207,-0.008917941375251148,3,60mm,1.524374
SubNetW8CleanAuxExDnRcK9Rr01QdEma,minbias,0,test,27.539587,27.548770904541016,0.00033347935319549826,3,60mm,3.4200432
SubNetW8CleanAuxExDnRcK9Rr01QdEma,minbias,0,test,14.110621,13.723464012145996,-0.027437306109687754,3,60mm,2.5087383
SubNetW8CleanAuxExDnRcK9Rr01QdEma,minbias,0,test,11.484426,11.139585494995117,-0.030026756532165466,3,60mm,2.7579513
SubNetW8CleanAuxExDnRcK9Rr01QdEma,minbias,0,test,88.57328,87.62521362304688,-0.010703755216535549,1,30mm,4.7923536
SubNetW8CleanAuxExDnRcK9Rr01QdEma,minbias,0,test,7.0051084,3.1543285846710205,-0.5497102365654315,3,60mm,1.5969548
SubNetW8CleanAuxExDnRcK9Rr01QdEma,minbias,0,test,11.987265,8.8970308303833,-0.257793074346767,1,30mm,0.7350825
SubNetW8CleanAuxExDnRcK9Rr01QdEma,minbias,0,test,16.256386,16.41166877746582,0.009552121616871467,3,60mm,3.9143512
SubNetW8CleanAuxExDnRcK9Rr01QdEma,minbias,0,test,20.280344,16.73322868347168,-0.17490410045725746,1,30mm,1.2271994
SubNetW8CleanAuxExDnRcK9Rr01QdEma,minbias,0,test,63.841,63.61256790161133,-0.0035781347892374082,2,40mm,4.6903157
SubNetW8CleanAuxExDnRcK9Rr01QdEma,minbias,0,test,23.040775,22.57014274597168,-0.02042607277714026,3,60mm,3.1645637
SubNetW8CleanAuxExDnRcK9Rr01QdEma,minbias,0,test,22.49876,21.898651123046875,-0.02667298528378248,3,60mm,2.450433
SubNetW8CleanAuxExDnRcK9Rr01QdEma,minbias,0,test,9.929543,8.800732612609863,-0.11368196713753909,2,40mm,1.2068363
SubNetW8CleanAuxExDnRcK9Rr01QdEma,minbias,0,test,23.508154,24.63658905029297,0.04800186092657044,3,60mm,4.0384464
SubNetW8CleanAuxExDnRcK9Rr01QdEma,minbias,0,test,26.000679,32.07978820800781,0.2338057859230196,0,15mm,0.6812586
SubNetW8CleanAuxExDnRcK9Rr01QdEma,minbias,0,test,6.3652225,6.762988090515137,0.06249045328960823,3,60mm,0.88308114
SubNetW8CleanAuxExDnRcK9Rr01QdEma,minbias,0,test,20.508741,19.09137535095215,-0.06911033698529467,2,40mm,2.0411148
SubNetW8CleanAuxExDnRcK9Rr01QdEma,minbias,0,test,4.345547,4.731418609619141,0.08879696679776838,3,60mm,0.5896684
SubNetW8CleanAuxExDnRcK9Rr01QdEma,minbias,0,test,29.225245,29.846431732177734,0.02125515869040484,2,40mm,2.1433198
SubNetW8CleanAuxExDnRcK9Rr01QdEma,minbias,0,test,23.33279,22.890548706054688,-0.018953655417898063,2,40mm,2.59291
SubNetW8CleanAuxExDnRcK9Rr01QdEma,minbias,0,test,6.9763637,6.574173927307129,-0.05765033924005991,3,60mm,0.84213966
SubNetW8CleanAuxExDnRcK9Rr01QdEma,minbias,0,test,34.247997,33.36027908325195,-0.025920295231394164,3,60mm,4.631527
SubNetW8CleanAuxExDnRcK9Rr01QdEma,minbias,0,test,10.610702,10.09976577758789,-0.04815287476046248,2,40mm,0.8930721
SubNetW8CleanAuxExDnRcK9Rr01QdEma,minbias,0,test,49.968216,50.09062194824219,0.0024496773308961828,1,30mm,2.7978816
SubNetW8CleanAuxExDnRcK9Rr01QdEma,minbias,0,test,36.5998,36.79642868041992,0.005372394656976587,2,40mm,3.492974
SubNetW8CleanAuxExDnRcK9Rr01QdEma,minbias,0,test,16.566614,18.10167121887207,0.09265967408182463,0,15mm,0.5532987
SubNetW8CleanAuxExDnRcK9Rr01QdEma,minbias,0,test,6.672366,6.245744228363037,-0.06393862459181276,3,60mm,1.3080015
SubNetW8CleanAuxExDnRcK9Rr01QdEma,minbias,0,test,29.770739,30.855426788330078,0.036434708629772716,1,30mm,1.5906018
SubNetW8CleanAuxExDnRcK9Rr01QdEma,minbias,0,test,9.86593,9.648138999938965,-0.02207502104603909,4,120mm,1.8997049
SubNetW8CleanAuxExDnRcK9Rr01QdEma,minbias,0,test,42.04021,43.080013275146484,0.024733523770825716,0,15mm,1.4068619
SubNetW8CleanAuxExDnRcK9Rr01QdEma,minbias,0,test,80.78262,47.35169982910156,-0.4138380520459297,1,30mm,3.6012552
SubNetW8CleanAuxExDnRcK9Rr01QdEma,minbias,0,test,17.33793,17.72885513305664,0.022547353600946174,2,40mm,3.3864336
SubNetW8CleanAuxExDnRcK9Rr01QdEma,minbias,0,test,85.394775,83.62364196777344,-0.02074053611300919,1,30mm,4.441772
SubNetW8CleanAuxExDnRcK9Rr01QdEma,minbias,0,test,74.37573,71.08185577392578,-0.0442869809908647,1,30mm,4.2688494
SubNetW8CleanAuxExDnRcK9Rr01QdEma,minbias,0,test,40.312263,43.20030212402344,0.07164168878928057,0,15mm,1.0781156
SubNetW8CleanAuxExDnRcK9Rr01QdEma,minbias,0,test,28.99236,29.271316528320312,0.009621754662689996,3,60mm,4.08375
SubNetW8CleanAuxExDnRcK9Rr01QdEma,minbias,0,test,20.039703,20.301998138427734,0.013088755080627568,3,60mm,3.8386078
SubNetW8CleanAuxExDnRcK9Rr01QdEma,minbias,0,test,37.5095,41.670265197753906,0.1109256790221389,0,15mm,1.3199569
SubNetW8CleanAuxExDnRcK9Rr01QdEma,minbias,0,test,56.153477,57.568695068359375,0.025202684429532995,2,40mm,4.5743394
SubNetW8CleanAuxExDnRcK9Rr01QdEma,minbias,0,test,35.51985,34.90607833862305,-0.017279727162089698,1,30mm,1.6560705
SubNetW8CleanAuxExDnRcK9Rr01QdEma,minbias,0,test,10.482058,10.240382194519043,-0.023056100889126685,4,120mm,2.3417768
SubNetW8CleanAuxExDnRcK9Rr01QdEma,minbias,0,test,27.189049,29.582258224487305,0.08802108076301107,3,60mm,3.8585186
SubNetW8CleanAuxExDnRcK9Rr01QdEma,minbias,0,test,86.97447,87.20437622070312,0.00264335234692048,1,30mm,4.7703257
SubNetW8CleanAuxExDnRcK9Rr01QdEma,minbias,0,test,33.381874,33.273345947265625,-0.003251109776892691,2,40mm,2.4466145
SubNetW8CleanAuxExDnRcK9Rr01QdEma,minbias,0,test,5.9513164,5.292373180389404,-0.11072225651930578,3,60mm,0.78250635
SubNetW8CleanAuxExDnRcK9Rr01QdEma,minbias,0,test,86.24682,87.56134796142578,0.015241483003779921,0,15mm,3.980833
SubNetW8CleanAuxExDnRcK9Rr01QdEma,minbias,0,test,15.521966,15.417198181152344,-0.006749647532333092,3,60mm,2.7068875
SubNetW8CleanAuxExDnRcK9Rr01QdEma,minbias,0,test,92.79393,88.46401977539062,-0.04666156801219734,0,15mm,2.6269023
SubNetW8CleanAuxExDnRcK9Rr01QdEma,minbias,0,test,68.5253,67.8071517944336,-0.010480031281216107,0,15mm,1.6703784
SubNetW8CleanAuxExDnRcK9Rr01QdEma,minbias,0,test,13.093619,12.589431762695312,-0.038506357224562415,3,60mm,2.1094022
SubNetW8CleanAuxExDnRcK9Rr01QdEma,minbias,0,test,16.231354,12.67607593536377,-0.21903766481972065,1,30mm,1.2828591
SubNetW8CleanAuxExDnRcK9Rr01QdEma,minbias,0,test,48.33592,50.43730545043945,0.04347464768090781,1,30mm,2.0847192
SubNetW8CleanAuxExDnRcK9Rr01QdEma,minbias,0,test,13.488028,14.132401466369629,0.04777376753331031,2,40mm,1.3635061
SubNetW8CleanAuxExDnRcK9Rr01QdEma,minbias,0,test,6.2611923,6.075809478759766,-0.029608233302910958,3,60mm,0.81070065
SubNetW8CleanAuxExDnRcK9Rr01QdEma,minbias,0,test,17.50911,17.593372344970703,0.004812514760644371,4,120mm,3.837732
SubNetW8CleanAuxExDnRcK9Rr01QdEma,minbias,0,test,6.6766796,6.54237174987793,-0.02011596619114453,3,60mm,1.2598771
SubNetW8CleanAuxExDnRcK9Rr01QdEma,minbias,0,test,26.431892,26.145673751831055,-0.01082853391316041,3,60mm,3.5139863
SubNetW8CleanAuxExDnRcK9Rr01QdEma,minbias,0,test,15.320229,15.01270580291748,-0.020072988611356424,3,60mm,1.683896
SubNetW8CleanAuxExDnRcK9Rr01QdEma,minbias,0,test,49.446957,64.9529800415039,0.31358903484379175,0,15mm,1.9201808
SubNetW8CleanAuxExDnRcK9Rr01QdEma,minbias,0,test,38.074753,37.32126235961914,-0.019789765984962737,1,30mm,2.177217
SubNetW8CleanAuxExDnRcK9Rr01QdEma,minbias,0,test,37.404934,31.484636306762695,-0.15827584761539948,1,30mm,1.425608
SubNetW8CleanAuxExDnRcK9Rr01QdEma,minbias,0,test,33.41598,33.05891418457031,-0.010685519154035372,3,60mm,4.592063
SubNetW8CleanAuxExDnRcK9Rr01QdEma,minbias,0,test,10.772486,10.514760971069336,-0.02392435398383641,4,120mm,2.4247339
SubNetW8CleanAuxExDnRcK9Rr01QdEma,minbias,0,test,13.144179,12.274825096130371,-0.06613986505228198,2,40mm,1.2302958
SubNetW8CleanAuxExDnRcK9Rr01QdEma,minbias,0,test,25.5794,25.531354904174805,-0.0018782382067459302,2,40mm,2.7626793
SubNetW8CleanAuxExDnRcK9Rr01QdEma,minbias,0,test,18.083187,17.609905242919922,-0.026172480417787636,4,120mm,4.0449967
SubNetW8CleanAuxExDnRcK9Rr01QdEma,minbias,0,test,3.9369578,3.8325579166412354,-0.026517916588091217,3,60mm,0.9348778
SubNetW8CleanAuxExDnRcK9Rr01QdEma,minbias,0,test,25.865025,21.20316505432129,-0.18023796963023064,1,30mm,1.894886
SubNetW8CleanAuxExDnRcK9Rr01QdEma,minbias,0,test,35.42259,34.36458206176758,-0.029868124717916666,2,40mm,3.217498
SubNetW8CleanAuxExDnRcK9Rr01QdEma,minbias,0,test,65.08684,70.82559967041016,0.08817085141334102,0,15mm,1.6568528
SubNetW8CleanAuxExDnRcK9Rr01QdEma,minbias,0,test,38.237846,38.47748565673828,0.006267070584453638,1,30mm,1.8633379
SubNetW8CleanAuxExDnRcK9Rr01QdEma,minbias,0,test,86.821754,83.38318634033203,-0.03960491396190524,1,30mm,4.483139
SubNetW8CleanAuxExDnRcK9Rr01QdEma,minbias,0,test,18.768595,19.201282501220703,0.02305381757938818,3,60mm,3.6526442
SubNetW8CleanAuxExDnRcK9Rr01QdEma,minbias,0,test,43.271675,44.06321334838867,0.018292294821398603,0,15mm,0.904914
SubNetW8CleanAuxExDnRcK9Rr01QdEma,minbias,0,test,22.89758,32.069339752197266,0.40055590513427575,1,30mm,1.7301445
SubNetW8CleanAuxExDnRcK9Rr01QdEma,minbias,0,test,27.680342,27.0524959564209,-0.02268200914923446,3,60mm,4.896388
SubNetW8CleanAuxExDnRcK9Rr01QdEma,minbias,0,test,94.03322,82.33486938476562,-0.12440655759837504,1,30mm,4.460508
SubNetW8CleanAuxExDnRcK9Rr01QdEma,minbias,0,test,5.663091,5.943861484527588,0.04957898306072317,3,60mm,0.6879075
SubNetW8CleanAuxExDnRcK9Rr01QdEma,minbias,0,test,30.536854,31.486572265625,0.03110073100078159,3,60mm,4.1090307
SubNetW8CleanAuxExDnRcK9Rr01QdEma,minbias,0,test,16.579699,16.518138885498047,-0.0037129551476168254,2,40mm,1.7072529
SubNetW8CleanAuxExDnRcK9Rr01QdEma,minbias,0,test,42.479027,44.01500701904297,0.03615855495094933,0,15mm,1.5988139
SubNetW8CleanAuxExDnRcK9Rr01QdEma,minbias,0,test,21.344053,21.32806968688965,-0.0007488540879256878,2,40mm,2.2892497
SubNetW8CleanAuxExDnRcK9Rr01QdEma,minbias,0,test,31.145649,27.72205352783203,-0.10992210928950374,1,30mm,2.0016844
SubNetW8CleanAuxExDnRcK9Rr01QdEma,minbias,0,test,21.46831,22.087751388549805,0.02885378510581904,2,40mm,1.6261027
SubNetW8CleanAuxExDnRcK9Rr01QdEma,minbias,0,test,24.84747,24.591020584106445,-0.01032092010350627,1,30mm,1.771646
SubNetW8CleanAuxExDnRcK9Rr01QdEma,minbias,0,test,26.445824,26.237232208251953,-0.00788750102053859,3,60mm,2.673005
SubNetW8CleanAuxExDnRcK9Rr01QdEma,minbias,0,test,39.713253,37.825984954833984,-0.04752237409000126,3,60mm,4.632008
SubNetW8CleanAuxExDnRcK9Rr01QdEma,minbias,0,test,30.695562,33.026268005371094,0.07592972610055782,2,40mm,2.2832131
SubNetW8CleanAuxExDnRcK9Rr01QdEma,minbias,0,test,22.020416,21.525318145751953,-0.02248359468654937,3,60mm,2.9766934
SubNetW8CleanAuxExDnRcK9Rr01QdEma,minbias,0,test,50.056202,49.622962951660156,-0.008655051050786455,1,30mm,2.323024
SubNetW8CleanAuxExDnRcK9Rr01QdEma,minbias,0,test,16.34465,16.69505500793457,0.021438497222178166,3,60mm,2.2090633
SubNetW8CleanAuxExDnRcK9Rr01QdEma,minbias,0,test,34.729332,34.367244720458984,-0.01042597796198319,3,60mm,4.180393
SubNetW8CleanAuxExDnRcK9Rr01QdEma,minbias,0,test,15.947139,16.119050979614258,0.01078012774591608,3,60mm,1.9854943
SubNetW8CleanAuxExDnRcK9Rr01QdEma,minbias,0,test,31.590317,29.754901885986328,-0.058100553397256394,2,40mm,2.4812536
SubNetW8CleanAuxExDnRcK9Rr01QdEma,minbias,0,test,12.670345,12.221112251281738,-0.035455470569373926,3,60mm,2.110825
SubNetW8CleanAuxExDnRcK9Rr01QdEma,minbias,0,test,4.9332867,4.35547399520874,-0.11712529813880967,2,40mm,0.8086107
SubNetW8CleanAuxExDnRcK9Rr01QdEma,minbias,0,test,18.08483,17.580486297607422,-0.027887630213235926,4,120mm,4.1322327
SubNetW8CleanAuxExDnRcK9Rr01QdEma,minbias,0,test,14.931506,14.270729064941406,-0.04425388068930225,2,40mm,2.0414462
SubNetW8CleanAuxExDnRcK9Rr01QdEma,minbias,0,test,46.21077,45.234230041503906,-0.021132294898841608,3,60mm,4.6092153
SubNetW8CleanAuxExDnRcK9Rr01QdEma,minbias,0,test,15.366714,14.826515197753906,-0.035153796891697286,3,60mm,1.642348
SubNetW8CleanAuxExDnRcK9Rr01QdEma,minbias,0,test,18.065845,17.9564208984375,-0.0060569869884052885,4,120mm,3.874468
SubNetW8CleanAuxExDnRcK9Rr01QdEma,minbias,0,test,33.64698,49.105812072753906,0.4594418772761275,0,15mm,0.96946114
SubNetW8CleanAuxExDnRcK9Rr01QdEma,minbias,0,test,50.15293,48.36190414428711,-0.03571131389054327,0,15mm,1.4288876
SubNetW8CleanAuxExDnRcK9Rr01QdEma,minbias,0,test,54.638836,56.67152786254883,0.03720232910940635,2,40mm,3.945801
SubNetW8CleanAuxExDnRcK9Rr01QdEma,minbias,0,test,32.25516,29.96653175354004,-0.0709539013496191,1,30mm,1.78124
SubNetW8CleanAuxExDnRcK9Rr01QdEma,minbias,0,test,5.3955774,5.413795471191406,0.003376476512516824,3,60mm,0.9575371
SubNetW8CleanAuxExDnRcK9Rr01QdEma,minbias,0,test,13.881751,14.26810073852539,0.027831480074533843,2,40mm,1.4184742
SubNetW8CleanAuxExDnRcK9Rr01QdEma,minbias,0,test,15.863281,15.570239067077637,-0.018472986660459267,2,40mm,1.678644
SubNetW8CleanAuxExDnRcK9Rr01QdEma,minbias,0,test,29.92219,33.06359100341797,0.10498567521542945,3,60mm,4.0475426
SubNetW8CleanAuxExDnRcK9Rr01QdEma,minbias,0,test,20.20526,21.03614616394043,0.0411223052143439,2,40mm,3.0613952
SubNetW8CleanAuxExDnRcK9Rr01QdEma,minbias,0,test,27.395071,27.18630599975586,-0.007620532528686552,2,40mm,2.9194918
SubNetW8CleanAuxExDnRcK9Rr01QdEma,minbias,0,test,63.93968,64.37542724609375,0.006815002300225137,0,15mm,2.1105094
SubNetW8CleanAuxExDnRcK9Rr01QdEma,minbias,0,test,49.17576,47.78362274169922,-0.028309387927978436,2,40mm,3.8556454
SubNetW8CleanAuxExDnRcK9Rr01QdEma,minbias,0,test,66.915596,65.45491790771484,-0.021828664582240975,1,30mm,3.0738075
SubNetW8CleanAuxExDnRcK9Rr01QdEma,minbias,0,test,13.935001,14.173781394958496,0.017135270766829303,3,60mm,2.0472884
SubNetW8CleanAuxExDnRcK9Rr01QdEma,minbias,0,test,52.158566,50.326168060302734,-0.035131285583214544,1,30mm,3.874264
SubNetW8CleanAuxExDnRcK9Rr01QdEma,minbias,0,test,23.43771,23.239208221435547,-0.008469325225767044,3,60mm,4.149311
SubNetW8CleanAuxExDnRcK9Rr01QdEma,minbias,0,test,33.018627,32.798736572265625,-0.006659592277169724,1,30mm,2.4837039
SubNetW8CleanAuxExDnRcK9Rr01QdEma,minbias,0,test,62.169464,61.189697265625,-0.01575961542709514,2,40mm,4.872572
SubNetW8CleanAuxExDnRcK9Rr01QdEma,minbias,0,test,16.965345,16.674440383911133,-0.017147013056162397,2,40mm,1.5198094
SubNetW8CleanAuxExDnRcK9Rr01QdEma,minbias,0,test,61.733746,61.03429412841797,-0.011330131357152107,2,40mm,4.0818095
SubNetW8CleanAuxExDnRcK9Rr01QdEma,minbias,0,test,29.806667,29.317533493041992,-0.016410215521858618,0,15mm,1.498334
SubNetW8CleanAuxExDnRcK9Rr01QdEma,minbias,0,test,15.49054,16.063220977783203,0.03696975338557973,0,15mm,0.528098
SubNetW8CleanAuxExDnRcK9Rr01QdEma,minbias,0,test,44.073772,44.46611022949219,0.00890184292010976,0,15mm,1.1372596
SubNetW8CleanAuxExDnRcK9Rr01QdEma,minbias,0,test,12.089526,12.317985534667969,0.018897296294400068,2,40mm,2.2774518
SubNetW8CleanAuxExDnRcK9Rr01QdEma,minbias,0,test,61.18178,63.78633499145508,0.0425707317988655,0,15mm,1.609867
SubNetW8CleanAuxExDnRcK9Rr01QdEma,minbias,0,test,9.339589,9.2518310546875,-0.009396351718716223,3,60mm,2.2346172
SubNetW8CleanAuxExDnRcK9Rr01QdEma,minbias,0,test,7.847014,7.7305006980896,-0.014848100563544353,3,60mm,1.649774
SubNetW8CleanAuxExDnRcK9Rr01QdEma,minbias,0,test,49.56757,47.898685455322266,-0.03366887435362642,1,30mm,2.6593435
SubNetW8CleanAuxExDnRcK9Rr01QdEma,minbias,0,test,92.19627,90.1441421508789,-0.02225829275054103,0,15mm,2.6848488
SubNetW8CleanAuxExDnRcK9Rr01QdEma,minbias,0,test,70.20585,70.21725463867188,0.0001624643108291135,1,30mm,3.0828495
SubNetW8CleanAuxExDnRcK9Rr01QdEma,minbias,0,test,61.265934,58.72843933105469,-0.04141770955157864,1,30mm,2.9789553
SubNetW8CleanAuxExDnRcK9Rr01QdEma,minbias,0,test,98.32781,98.3220443725586,-5.86591131936931e-05,0,15mm,4.443946
SubNetW8CleanAuxExDnRcK9Rr01QdEma,minbias,0,test,6.033289,4.742967128753662,-0.21386706925718135,2,40mm,0.60485315
SubNetW8CleanAuxExDnRcK9Rr01QdEma,minbias,0,test,10.751769,8.682485580444336,-0.19245981500698017,1,30mm,0.72196084
SubNetW8CleanAuxExDnRcK9Rr01QdEma,minbias,0,test,35.29869,34.157249450683594,-0.03233664817244364,3,60mm,4.861832
SubNetW8CleanAuxExDnRcK9Rr01QdEma,minbias,0,test,43.180847,49.3201789855957,0.14217719707410148,1,30mm,2.2055397
SubNetW8CleanAuxExDnRcK9Rr01QdEma,minbias,0,test,89.6474,86.95806121826172,-0.029999070659178395,1,30mm,3.9762313
SubNetW8CleanAuxExDnRcK9Rr01QdEma,minbias,0,test,44.743317,43.82826614379883,-0.020451110357814883,2,40mm,3.8908975
SubNetW8CleanAuxExDnRcK9Rr01QdEma,minbias,0,test,3.472883,3.41190767288208,-0.017557548996394168,4,120mm,0.8086555
SubNetW8CleanAuxExDnRcK9Rr01QdEma,minbias,0,test,33.407288,30.9376220703125,-0.07392595163927684,1,30mm,1.5837361
SubNetW8CleanAuxExDnRcK9Rr01QdEma,minbias,0,test,3.199799,3.162581443786621,-0.01163123568933,3,60mm,0.74064136
SubNetW8CleanAuxExDnRcK9Rr01QdEma,minbias,0,test,32.694355,33.15602493286133,0.014120783900458234,3,60mm,4.28822
SubNetW8CleanAuxExDnRcK9Rr01QdEma,minbias,0,test,16.905632,16.22168731689453,-0.04045661832565761,3,60mm,2.1449947
SubNetW8CleanAuxExDnRcK9Rr01QdEma,minbias,0,test,11.698936,11.118896484375,-0.04958057340438227,4,120mm,2.8021472
SubNetW8CleanAuxExDnRcK9Rr01QdEma,minbias,0,test,6.2651324,5.704767227172852,-0.08944187637734713,3,60mm,0.6176758
SubNetW8CleanAuxExDnRcK9Rr01QdEma,minbias,0,test,18.842617,18.56239128112793,-0.01487191260454801,1,30mm,0.95443195
SubNetW8CleanAuxExDnRcK9Rr01QdEma,minbias,0,test,35.54026,35.42197799682617,-0.0033281218839442683,2,40mm,2.9819589
SubNetW8CleanAuxExDnRcK9Rr01QdEma,minbias,0,test,84.188065,81.84288787841797,-0.027856403501029248,0,15mm,2.1571667
SubNetW8CleanAuxExDnRcK9Rr01QdEma,minbias,0,test,19.372072,17.3826904296875,-0.10269328792419075,2,40mm,1.8402535
SubNetW8CleanAuxExDnRcK9Rr01QdEma,minbias,0,test,35.207417,34.09605407714844,-0.031566146189362154,2,40mm,3.134153
SubNetW8CleanAuxExDnRcK9Rr01QdEma,minbias,0,test,91.87293,91.92159271240234,0.0005296476016505292,1,30mm,4.732706
SubNetW8CleanAuxExDnRcK9Rr01QdEma,minbias,0,test,9.062725,8.466387748718262,-0.06580110441424758,3,60mm,1.5771743
SubNetW8CleanAuxExDnRcK9Rr01QdEma,minbias,0,test,39.86909,39.401695251464844,-0.011723261563020504,2,40mm,3.7244062
SubNetW8CleanAuxExDnRcK9Rr01QdEma,minbias,0,test,13.361502,13.278980255126953,-0.006176060183219034,3,60mm,2.4331803
SubNetW8CleanAuxExDnRcK9Rr01QdEma,minbias,0,test,28.295843,29.07390022277832,0.02749722264745036,3,60mm,3.7387822
SubNetW8CleanAuxExDnRcK9Rr01QdEma,minbias,0,test,60.838905,62.018062591552734,0.0193816317140727,1,30mm,4.6117744
SubNetW8CleanAuxExDnRcK9Rr01QdEma,minbias,0,test,3.492283,4.126412868499756,0.18158028528307213,3,60mm,0.55651224
SubNetW8CleanAuxExDnRcK9Rr01QdEma,minbias,0,test,86.47487,84.0849838256836,-0.027636757159642866,1,30mm,4.343503
SubNetW8CleanAuxExDnRcK9Rr01QdEma,minbias,0,test,42.040215,40.7255859375,-0.03127073958835236,3,60mm,4.5316777
SubNetW8CleanAuxExDnRcK9Rr01QdEma,minbias,0,test,21.47008,20.31621551513672,-0.05374288022792151,1,30mm,1.4287934
SubNetW8CleanAuxExDnRcK9Rr01QdEma,minbias,0,test,64.08444,64.9935073852539,0.014185428104607878,2,40mm,3.8292181
SubNetW8CleanAuxExDnRcK9Rr01QdEma,minbias,0,test,16.753996,16.182083129882812,-0.034135902209480706,3,60mm,2.6569571
SubNetW8CleanAuxExDnRcK9Rr01QdEma,minbias,0,test,39.990818,39.20516586303711,-0.019645813701017256,2,40mm,4.3787293
SubNetW8CleanAuxExDnRcK9Rr01QdEma,minbias,0,test,19.612291,19.584735870361328,-0.0014050100126535847,2,40mm,1.762077
SubNetW8CleanAuxExDnRcK9Rr01QdEma,minbias,0,test,24.68387,24.171838760375977,-0.020743568517826105,3,60mm,3.0823798
SubNetW8CleanAuxExDnRcK9Rr01QdEma,minbias,0,test,13.431382,13.196239471435547,-0.01750696277467234,3,60mm,3.0481524
SubNetW8CleanAuxExDnRcK9Rr01QdEma,minbias,0,test,69.282845,68.522216796875,-0.010978587146561747,0,15mm,2.0236795
SubNetW8CleanAuxExDnRcK9Rr01QdEma,minbias,0,test,11.20083,16.827552795410156,0.5023486746016703,0,15mm,0.6216167
SubNetW8CleanAuxExDnRcK9Rr01QdEma,minbias,0,test,19.02521,20.895864486694336,0.09832507058616069,2,40mm,3.5428498
SubNetW8CleanAuxExDnRcK9Rr01QdEma,minbias,0,test,32.671234,31.54057502746582,-0.034607174582535816,1,30mm,1.331229
SubNetW8CleanAuxExDnRcK9Rr01QdEma,minbias,0,test,36.57848,40.41094207763672,0.10477369030149553,2,40mm,4.53485
SubNetW8CleanAuxExDnRcK9Rr01QdEma,minbias,0,test,19.39173,19.391733169555664,1.967177447603774e-07,3,60mm,1.9764442
SubNetW8CleanAuxExDnRcK9Rr01QdEma,minbias,0,test,6.119041,5.6551666259765625,-0.0758083403318075,2,40mm,1.2392455
SubNetW8CleanAuxExDnRcK9Rr01QdEma,minbias,0,test,40.253452,39.97230911254883,-0.006984324881605275,3,60mm,4.5537763
SubNetW8CleanAuxExDnRcK9Rr01QdEma,minbias,0,test,27.145716,27.28852653503418,0.00526089726424761,3,60mm,2.925638
SubNetW8CleanAuxExDnRcK9Rr01QdEma,minbias,0,test,49.37588,49.985511779785156,0.012346728199307266,2,40mm,4.606721
SubNetW8CleanAuxExDnRcK9Rr01QdEma,minbias,0,test,53.607277,53.56568145751953,-0.0007759293397641143,2,40mm,4.615157
SubNetW8CleanAuxExDnRcK9Rr01QdEma,minbias,0,test,10.152221,9.907991409301758,-0.024056738254875976,3,60mm,2.180623
SubNetW8CleanAuxExDnRcK9Rr01QdEma,minbias,0,test,21.456964,26.325387954711914,0.22689246018690934,1,30mm,1.2375165
SubNetW8CleanAuxExDnRcK9Rr01QdEma,minbias,0,test,5.897948,5.713460445404053,-0.03127992133168267,2,40mm,0.73885256
SubNetW8CleanAuxExDnRcK9Rr01QdEma,minbias,0,test,34.295135,34.56049728393555,0.007737592577926611,2,40mm,2.5442603
SubNetW8CleanAuxExDnRcK9Rr01QdEma,minbias,0,test,59.024075,70.35328674316406,0.19194222483354184,0,15mm,2.076917
SubNetW8CleanAuxExDnRcK9Rr01QdEma,minbias,0,test,8.074835,7.087648868560791,-0.12225463140885207,3,60mm,1.4001517
SubNetW8CleanAuxExDnRcK9Rr01QdEma,minbias,0,test,46.65565,44.54637145996094,-0.045209520887087296,2,40mm,3.7284906
SubNetW8CleanAuxExDnRcK9Rr01QdEma,minbias,0,test,37.43201,39.01431655883789,0.042271464468508047,1,30mm,2.6789143
SubNetW8CleanAuxExDnRcK9Rr01QdEma,minbias,0,test,20.224897,20.391277313232422,0.00822649061820191,3,60mm,2.2514389
SubNetW8CleanAuxExDnRcK9Rr01QdEma,minbias,0,test,4.006158,3.947695016860962,-0.01459324869946188,4,120mm,0.896773
SubNetW8CleanAuxExDnRcK9Rr01QdEma,minbias,0,test,44.341267,44.72134017944336,0.008571553684222133,2,40mm,2.780229
SubNetW8CleanAuxExDnRcK9Rr01QdEma,minbias,0,test,17.564028,17.685453414916992,0.006913313400536358,3,60mm,4.130468
SubNetW8CleanAuxExDnRcK9Rr01QdEma,minbias,0,test,72.8473,76.30327606201172,0.04744140831803478,0,15mm,4.069484
SubNetW8CleanAuxExDnRcK9Rr01QdEma,minbias,0,test,61.938206,62.266998291015625,0.005308396783613167,0,15mm,2.3338065
SubNetW8CleanAuxExDnRcK9Rr01QdEma,minbias,0,test,37.768463,37.90121078491211,0.00351477500349473,3,60mm,4.6367893
SubNetW8CleanAuxExDnRcK9Rr01QdEma,minbias,0,test,83.18837,73.99055480957031,-0.1105661160200615,0,15mm,3.4923685
SubNetW8CleanAuxExDnRcK9Rr01QdEma,minbias,0,test,18.844732,18.0358829498291,-0.042921773708619604,2,40mm,1.739032
SubNetW8CleanAuxExDnRcK9Rr01QdEma,minbias,0,test,43.656574,44.5502815246582,0.020471310238127982,2,40mm,4.1249213
SubNetW8CleanAuxExDnRcK9Rr01QdEma,minbias,0,test,47.138706,46.5036506652832,-0.01347206135017287,1,30mm,2.6358209
SubNetW8CleanAuxExDnRcK9Rr01QdEma,minbias,0,test,57.880672,59.029361724853516,0.019845817633094898,1,30mm,3.2221305
SubNetW8CleanAuxExDnRcK9Rr01QdEma,minbias,0,test,15.840478,15.704916000366211,-0.008557945255086685,3,60mm,1.965262
SubNetW8CleanAuxExDnRcK9Rr01QdEma,minbias,0,test,14.053095,14.830120086669922,0.055292106849348155,2,40mm,1.1490471
SubNetW8CleanAuxExDnRcK9Rr01QdEma,minbias,0,test,24.611034,23.808313369750977,-0.032616305789152644,3,60mm,3.9496398
SubNetW8CleanAuxExDnRcK9Rr01QdEma,minbias,0,test,7.82654,7.739149570465088,-0.011165907654725027,2,40mm,1.1691978
SubNetW8CleanAuxExDnRcK9Rr01QdEma,minbias,0,test,22.098991,21.86469841003418,-0.010601976345035569,2,40mm,3.0489383
SubNetW8CleanAuxExDnRcK9Rr01QdEma,minbias,0,test,5.847974,7.498839855194092,0.28229709664557245,2,40mm,0.68009293
SubNetW8CleanAuxExDnRcK9Rr01QdEma,minbias,0,test,25.327538,24.838626861572266,-0.01930352188174278,3,60mm,3.8688903
SubNetW8CleanAuxExDnRcK9Rr01QdEma,minbias,0,test,17.920803,19.784109115600586,0.10397447247463787,2,40mm,1.5678657
SubNetW8CleanAuxExDnRcK9Rr01QdEma,minbias,0,test,8.595892,8.615396499633789,0.002269054477055832,2,40mm,0.6616007
SubNetW8CleanAuxExDnRcK9Rr01QdEma,minbias,0,test,21.113321,20.729692459106445,-0.018169990390679347,2,40mm,2.1769326
SubNetW8CleanAuxExDnRcK9Rr01QdEma,minbias,0,test,41.519386,41.98516845703125,0.011218426068659415,2,40mm,4.699656
SubNetW8CleanAuxExDnRcK9Rr01QdEma,minbias,0,test,42.08307,47.270286560058594,0.12326139358278376,1,30mm,2.519472
SubNetW8CleanAuxExDnRcK9Rr01QdEma,minbias,0,test,12.060379,16.519437789916992,0.36972791245829595,3,60mm,1.6986226
SubNetW8CleanAuxExDnRcK9Rr01QdEma,minbias,0,test,6.845963,6.639663219451904,-0.03013451602960915,4,120mm,1.5929044
SubNetW8CleanAuxExDnRcK9Rr01QdEma,minbias,0,test,57.224224,60.053123474121094,0.049435347154157316,0,15mm,2.4732788
SubNetW8CleanAuxExDnRcK9Rr01QdEma,minbias,0,test,30.352201,30.3607177734375,0.0002805829967960083,2,40mm,3.1006417
SubNetW8CleanAuxExDnRcK9Rr01QdEma,minbias,0,test,70.717026,68.11621856689453,-0.03677766651109471,2,40mm,4.82072
SubNetW8CleanAuxExDnRcK9Rr01QdEma,minbias,0,test,15.239593,15.247398376464844,0.0005122068882783548,3,60mm,2.6625524
SubNetW8CleanAuxExDnRcK9Rr01QdEma,minbias,0,test,9.234355,9.14688491821289,-0.0094722430406603,3,60mm,1.689909
SubNetW8CleanAuxExDnRcK9Rr01QdEma,minbias,0,test,10.991766,10.049444198608398,-0.0857297889534191,4,120mm,2.4778695
SubNetW8CleanAuxExDnRcK9Rr01QdEma,minbias,0,test,26.771334,25.741785049438477,-0.038457129434409154,3,60mm,2.9249985
SubNetW8CleanAuxExDnRcK9Rr01QdEma,minbias,0,test,19.723976,18.89328956604004,-0.0421155736306702,3,60mm,4.604185
SubNetW8CleanAuxExDnRcK9Rr01QdEma,minbias,0,test,11.593376,11.624238967895508,0.0026621070344381437,2,40mm,0.99708927
SubNetW8CleanAuxExDnRcK9Rr01QdEma,minbias,0,test,76.06966,86.98713684082031,0.14351951868101853,1,30mm,4.1064453
SubNetW8CleanAuxExDnRcK9Rr01QdEma,minbias,0,test,81.268105,80.76947784423828,-0.006135576948984034,1,30mm,3.3968456
SubNetW8CleanAuxExDnRcK9Rr01QdEma,minbias,0,test,45.686283,63.91396713256836,0.3989749828516702,0,15mm,1.0709052
SubNetW8CleanAuxExDnRcK9Rr01QdEma,minbias,0,test,27.059645,28.731027603149414,0.06176662416075729,2,40mm,3.4752288
SubNetW8CleanAuxExDnRcK9Rr01QdEma,minbias,0,test,54.03297,61.3687858581543,0.13576554040091593,0,15mm,2.7108474
SubNetW8CleanAuxExDnRcK9Rr01QdEma,minbias,0,test,84.346794,81.8202133178711,-0.029954675060917646,1,30mm,4.6639028
SubNetW8CleanAuxExDnRcK9Rr01QdEma,minbias,0,test,19.84974,19.988874435424805,0.007009430209340195,3,60mm,2.1633923
SubNetW8CleanAuxExDnRcK9Rr01QdEma,minbias,0,test,12.030732,11.872337341308594,-0.013165849883358338,3,60mm,2.208137
SubNetW8CleanAuxExDnRcK9Rr01QdEma,minbias,0,test,22.42884,23.821731567382812,0.06210267185478702,0,15mm,0.60722667
SubNetW8CleanAuxExDnRcK9Rr01QdEma,minbias,0,test,47.27646,49.315120697021484,0.04312213755240757,0,15mm,1.4338996
SubNetW8CleanAuxExDnRcK9Rr01QdEma,minbias,0,test,5.545814,5.632097244262695,0.015558258239280365,4,120mm,1.2384617
SubNetW8CleanAuxExDnRcK9Rr01QdEma,minbias,0,test,8.374469,8.037713050842285,-0.040212192614118236,2,40mm,0.6485448
SubNetW8CleanAuxExDnRcK9Rr01QdEma,minbias,0,test,56.205296,58.329593658447266,0.03779533715522754,1,30mm,2.3250954
SubNetW8CleanAuxExDnRcK9Rr01QdEma,minbias,0,test,6.944281,6.918730735778809,-0.0036793391678059395,3,60mm,0.8727871
SubNetW8CleanAuxExDnRcK9Rr01QdEma,minbias,0,test,34.001465,33.62567138671875,-0.011052272564084142,2,40mm,4.2010584
SubNetW8CleanAuxExDnRcK9Rr01QdEma,minbias,0,test,14.45351,14.450881004333496,-0.00018191290825497752,3,60mm,1.8578941
SubNetW8CleanAuxExDnRcK9Rr01QdEma,minbias,0,test,36.140076,43.64328384399414,0.2076146222296531,2,40mm,3.2584627
SubNetW8CleanAuxExDnRcK9Rr01QdEma,minbias,0,test,6.4743376,6.630863189697266,0.024176313019833362,3,60mm,0.9024982
SubNetW8CleanAuxExDnRcK9Rr01QdEma,minbias,0,test,70.54551,68.25690460205078,-0.03244153678656703,1,30mm,2.8351393
SubNetW8CleanAuxExDnRcK9Rr01QdEma,minbias,0,test,88.49056,82.2373275756836,-0.07066555676594699,0,15mm,2.3426967
SubNetW8CleanAuxExDnRcK9Rr01QdEma,minbias,0,test,37.024467,35.567230224609375,-0.03935876309096198,1,30mm,2.0953426
SubNetW8CleanAuxExDnRcK9Rr01QdEma,minbias,0,test,41.29269,40.431060791015625,-0.020866392581881055,2,40mm,2.8702667
SubNetW8CleanAuxExDnRcK9Rr01QdEma,minbias,0,test,53.18884,50.9279899597168,-0.04250607915651683,2,40mm,3.9986012
SubNetW8CleanAuxExDnRcK9Rr01QdEma,minbias,0,test,27.299295,27.226627349853516,-0.0026619029696228758,2,40mm,2.6151154
SubNetW8CleanAuxExDnRcK9Rr01QdEma,minbias,0,test,27.203583,27.001327514648438,-0.007434875427273946,3,60mm,4.5927606
SubNetW8CleanAuxExDnRcK9Rr01QdEma,minbias,0,test,11.594859,11.227874755859375,-0.03165061028084093,4,120mm,2.5075533
SubNetW8CleanAuxExDnRcK9Rr01QdEma,minbias,0,test,25.025213,24.261463165283203,-0.03051922350955405,2,40mm,3.3872635
SubNetW8CleanAuxExDnRcK9Rr01QdEma,minbias,0,test,14.070021,12.516704559326172,-0.11039899315998947,2,40mm,2.734218
SubNetW8CleanAuxExDnRcK9Rr01QdEma,minbias,0,test,77.46682,75.96040344238281,-0.019445955383297076,1,30mm,3.6184673
SubNetW8CleanAuxExDnRcK9Rr01QdEma,minbias,0,test,43.709213,42.78946304321289,-0.02104247926446501,3,60mm,4.735337
SubNetW8CleanAuxExDnRcK9Rr01QdEma,minbias,0,test,64.01528,72.64228820800781,0.13476479841575295,0,15mm,1.8584101
SubNetW8CleanAuxExDnRcK9Rr01QdEma,minbias,0,test,14.342019,19.761566162109375,0.3778789478902327,1,30mm,0.7848007
SubNetW8CleanAuxExDnRcK9Rr01QdEma,minbias,0,test,44.56207,44.85494613647461,0.00657234289694153,1,30mm,1.9799247
SubNetW8CleanAuxExDnRcK9Rr01QdEma,minbias,0,test,24.115246,22.53687286376953,-0.06545124885572118,4,120mm,4.9139
SubNetW8CleanAuxExDnRcK9Rr01QdEma,minbias,0,test,38.356297,37.1423225402832,-0.03164992735363237,3,60mm,4.044134
SubNetW8CleanAuxExDnRcK9Rr01QdEma,minbias,0,test,87.772026,86.93596649169922,-0.009525353439167716,1,30mm,4.31046
SubNetW8CleanAuxExDnRcK9Rr01QdEma,minbias,0,test,49.854435,49.094200134277344,-0.015249091344957888,2,40mm,4.2413583
SubNetW8CleanAuxExDnRcK9Rr01QdEma,minbias,0,test,29.853504,29.493961334228516,-0.012043572657363999,2,40mm,3.0281398
SubNetW8CleanAuxExDnRcK9Rr01QdEma,minbias,0,test,29.135344,14.698965072631836,-0.49549367603710326,1,30mm,2.1737974
SubNetW8CleanAuxExDnRcK9Rr01QdEma,minbias,0,test,39.50035,41.389244079589844,0.047819654304582127,3,60mm,4.9223475
SubNetW8CleanAuxExDnRcK9Rr01QdEma,minbias,0,test,69.18579,67.827880859375,-0.019627009192441425,0,15mm,2.3516946
SubNetW8CleanAuxExDnRcK9Rr01QdEma,minbias,0,test,28.08648,28.026317596435547,-0.0021420125383316835,2,40mm,4.315233
SubNetW8CleanAuxExDnRcK9Rr01QdEma,minbias,0,test,14.847662,15.888288497924805,0.07008689501674548,2,40mm,1.8498747
SubNetW8CleanAuxExDnRcK9Rr01QdEma,minbias,0,test,96.0166,93.95675659179688,-0.02145300851293208,1,30mm,4.671363
SubNetW8CleanAuxExDnRcK9Rr01QdEma,minbias,0,test,26.002617,24.923091888427734,-0.04151601351440559,2,40mm,2.3716297
SubNetW8CleanAuxExDnRcK9Rr01QdEma,minbias,0,test,84.72365,85.15164184570312,0.005051644778727438,0,15mm,2.532538
SubNetW8CleanAuxExDnRcK9Rr01QdEma,minbias,0,test,25.015343,24.403827667236328,-0.02444559933463686,2,40mm,3.6607876
SubNetW8CleanAuxExDnRcK9Rr01QdEma,minbias,0,test,38.81407,38.866153717041016,0.0013418345343962912,1,30mm,1.9081187
SubNetW8CleanAuxExDnRcK9Rr01QdEma,minbias,0,test,36.89379,37.17296600341797,0.007566986086729566,2,40mm,3.3000476
SubNetW8CleanAuxExDnRcK9Rr01QdEma,minbias,0,test,5.5612664,5.559471130371094,-0.00032282069663935875,2,40mm,0.53004956
SubNetW8CleanAuxExDnRcK9Rr01QdEma,minbias,0,test,7.526524,7.164581298828125,-0.04808896708209098,4,120mm,1.6774037
SubNetW8CleanAuxExDnRcK9Rr01QdEma,minbias,0,test,18.317589,17.776790618896484,-0.029523437444682776,3,60mm,3.193593
SubNetW8CleanAuxExDnRcK9Rr01QdEma,minbias,0,test,81.15284,81.64421844482422,0.006054979545194961,0,15mm,3.4443521
SubNetW8CleanAuxExDnRcK9Rr01QdEma,minbias,0,test,7.047425,7.003631114959717,-0.006214139145646169,2,40mm,0.8132045
SubNetW8CleanAuxExDnRcK9Rr01QdEma,minbias,0,test,13.643731,14.679911613464355,0.07594553772068036,3,60mm,2.2053573
SubNetW8CleanAuxExDnRcK9Rr01QdEma,minbias,0,test,6.0608544,10.051300048828125,0.6583965440316311,4,120mm,1.4297204
SubNetW8CleanAuxExDnRcK9Rr01QdEma,minbias,0,test,49.29835,49.884429931640625,0.011888402522365338,1,30mm,2.5510497
SubNetW8CleanAuxExDnRcK9Rr01QdEma,minbias,0,test,42.252968,40.875370025634766,-0.03260357507275402,2,40mm,3.2572255
SubNetW8CleanAuxExDnRcK9Rr01QdEma,minbias,0,test,18.081293,18.62109375,0.02985409510005743,3,60mm,2.63044
SubNetW8CleanAuxExDnRcK9Rr01QdEma,minbias,0,test,24.77489,24.651927947998047,-0.004963208603346536,2,40mm,3.6330407
SubNetW8CleanAuxExDnRcK9Rr01QdEma,minbias,0,test,25.942196,25.99968147277832,0.0022159103524972412,2,40mm,2.7864027
SubNetW8CleanAuxExDnRcK9Rr01QdEma,minbias,0,test,44.644234,45.26094055175781,0.013813807450224314,1,30mm,3.561488
SubNetW8CleanAuxExDnRcK9Rr01QdEma,minbias,0,test,40.76767,43.24058151245117,0.06065865069710874,1,30mm,2.870227
SubNetW8CleanAuxExDnRcK9Rr01QdEma,minbias,0,test,7.201802,6.900366306304932,-0.04185556336033913,3,60mm,1.1309191
SubNetW8CleanAuxExDnRcK9Rr01QdEma,minbias,0,test,12.191419,11.932991027832031,-0.021197501898717497,4,120mm,2.8185852
SubNetW8CleanAuxExDnRcK9Rr01QdEma,minbias,0,test,80.54709,80.14234924316406,-0.005024879071383381,1,30mm,4.1191225
SubNetW8CleanAuxExDnRcK9Rr01QdEma,minbias,0,test,95.13038,96.41080474853516,0.013459696498392182,0,15mm,2.2468898
SubNetW8CleanAuxExDnRcK9Rr01QdEma,minbias,0,test,46.625763,45.10102081298828,-0.03270170889095858,3,60mm,4.9595294
SubNetW8CleanAuxExDnRcK9Rr01QdEma,minbias,0,test,12.527942,12.962827682495117,0.034713282435449466,2,40mm,1.1985062
SubNetW8CleanAuxExDnRcK9Rr01QdEma,minbias,0,test,22.94284,23.29132652282715,0.01518931125804901,1,30mm,1.3605385
SubNetW8CleanAuxExDnRcK9Rr01QdEma,minbias,0,test,45.059437,44.837989807128906,-0.004914553014922607,2,40mm,4.648595
SubNetW8CleanAuxExDnRcK9Rr01QdEma,minbias,0,test,50.75996,50.02185821533203,-0.014541027153887165,1,30mm,4.1750746
SubNetW8CleanAuxExDnRcK9Rr01QdEma,minbias,0,test,6.082157,8.557198524475098,0.40693479871124016,3,60mm,0.99795777
SubNetW8CleanAuxExDnRcK9Rr01QdEma,minbias,0,test,25.911013,25.275432586669922,-0.024529340920127596,2,40mm,3.3817668
SubNetW8CleanAuxExDnRcK9Rr01QdEma,minbias,0,test,41.189545,44.1649284362793,0.07223638381594721,1,30mm,2.3510585
SubNetW8CleanAuxExDnRcK9Rr01QdEma,minbias,0,test,36.47671,36.57889938354492,0.002801461721321896,2,40mm,4.351704
SubNetW8CleanAuxExDnRcK9Rr01QdEma,minbias,0,test,20.912207,21.030550003051758,0.005659056227465431,3,60mm,3.2501204
SubNetW8CleanAuxExDnRcK9Rr01QdEma,minbias,0,test,40.031223,40.658409118652344,0.015667415828842346,0,15mm,1.4153098
SubNetW8CleanAuxExDnRcK9Rr01QdEma,minbias,0,test,55.759632,53.09369659423828,-0.047811210645538504,0,15mm,1.3084766
SubNetW8CleanAuxExDnRcK9Rr01QdEma,minbias,0,test,23.954363,24.905155181884766,0.039691822229264595,1,30mm,1.4619526
SubNetW8CleanAuxExDnRcK9Rr01QdEma,minbias,0,test,4.525203,4.447047710418701,-0.01727116189933464,3,60mm,0.8578316
SubNetW8CleanAuxExDnRcK9Rr01QdEma,minbias,0,test,27.730122,27.48271942138672,-0.008921785292501205,2,40mm,3.4368815
SubNetW8CleanAuxExDnRcK9Rr01QdEma,minbias,0,test,29.227018,29.016748428344727,-0.007194368081444247,2,40mm,2.0231304
SubNetW8CleanAuxExDnRcK9Rr01QdEma,minbias,0,test,31.143057,30.13805389404297,-0.03227053078556008,2,40mm,2.5954916
SubNetW8CleanAuxExDnRcK9Rr01QdEma,minbias,0,test,8.273573,7.739481449127197,-0.06455390889484947,2,40mm,0.8452105
SubNetW8CleanAuxExDnRcK9Rr01QdEma,minbias,0,test,77.97181,77.7515869140625,-0.002824385824508835,0,15mm,1.6895511
SubNetW8CleanAuxExDnRcK9Rr01QdEma,minbias,0,test,78.56529,77.27043914794922,-0.016481237090576473,0,15mm,2.6381497
SubNetW8CleanAuxExDnRcK9Rr01QdEma,minbias,0,test,35.778637,37.689414978027344,0.053405557323660924,2,40mm,2.6108434
SubNetW8CleanAuxExDnRcK9Rr01QdEma,minbias,0,test,17.912098,17.854448318481445,-0.0032184734947926508,3,60mm,3.5811577
SubNetW8CleanAuxExDnRcK9Rr01QdEma,minbias,0,test,86.270355,86.15768432617188,-0.0013060210328814659,1,30mm,4.960489
SubNetW8CleanAuxExDnRcK9Rr01QdEma,minbias,0,test,29.038023,26.888261795043945,-0.07403262957404833,0,15mm,1.5903367
SubNetW8CleanAuxExDnRcK9Rr01QdEma,minbias,0,test,22.28885,21.789579391479492,-0.022400050933712,2,40mm,1.8332502
SubNetW8CleanAuxExDnRcK9Rr01QdEma,minbias,0,test,9.016944,7.2752838134765625,-0.19315414749373105,2,40mm,0.7378245
SubNetW8CleanAuxExDnRcK9Rr01QdEma,minbias,0,test,28.336832,31.293893814086914,0.10435399986578409,3,60mm,2.9749901
SubNetW8CleanAuxExDnRcK9Rr01QdEma,minbias,0,test,56.46551,53.17612075805664,-0.0582548618962383,1,30mm,3.0229673
SubNetW8CleanAuxExDnRcK9Rr01QdEma,minbias,0,test,11.81326,11.419513702392578,-0.033330881858475214,3,60mm,2.8247578
SubNetW8CleanAuxExDnRcK9Rr01QdEma,minbias,0,test,6.208267,6.09800386428833,-0.017760728374276447,2,40mm,0.6153202
SubNetW8CleanAuxExDnRcK9Rr01QdEma,minbias,0,test,47.84479,48.724674224853516,0.018390357372794597,2,40mm,3.3296561
SubNetW8CleanAuxExDnRcK9Rr01QdEma,minbias,0,test,60.08397,59.73138427734375,-0.0058682015195307136,1,30mm,3.2652223
SubNetW8CleanAuxExDnRcK9Rr01QdEma,minbias,0,test,31.444336,30.76523780822754,-0.02159683482018071,3,60mm,4.799616
SubNetW8CleanAuxExDnRcK9Rr01QdEma,minbias,0,test,19.293346,21.465177536010742,0.11256891808127722,0,15mm,0.63505834
SubNetW8CleanAuxExDnRcK9Rr01QdEma,minbias,0,test,97.35179,92.79653930664062,-0.04679166156612957,0,15mm,3.3378692
SubNetW8CleanAuxExDnRcK9Rr01QdEma,minbias,0,test,68.547935,67.12165832519531,-0.020807003894948273,1,30mm,4.4226575
SubNetW8CleanAuxExDnRcK9Rr01QdEma,minbias,0,test,77.73525,102.61483001708984,0.3200552757580175,0,15mm,1.9409906
SubNetW8CleanAuxExDnRcK9Rr01QdEma,minbias,0,test,46.213936,45.466392517089844,-0.016175712394506325,2,40mm,4.7921467
SubNetW8CleanAuxExDnRcK9Rr01QdEma,minbias,0,test,28.07016,28.46523666381836,0.014074617064741002,3,60mm,3.6773875
SubNetW8CleanAuxExDnRcK9Rr01QdEma,minbias,0,test,4.7248945,4.740357875823975,0.003272740190509049,3,60mm,0.71484923
SubNetW8CleanAuxExDnRcK9Rr01QdEma,minbias,0,test,64.085,43.185306549072266,-0.32612456634120857,1,30mm,4.726162
SubNetW8CleanAuxExDnRcK9Rr01QdEma,minbias,0,test,75.62922,74.32209777832031,-0.01728328406910895,1,30mm,4.2507725
SubNetW8CleanAuxExDnRcK9Rr01QdEma,minbias,0,test,5.6079397,5.875769138336182,0.047758968809854974,3,60mm,1.245951
SubNetW8CleanAuxExDnRcK9Rr01QdEma,minbias,0,test,16.651995,16.275711059570312,-0.022596911198414782,3,60mm,3.62899
SubNetW8CleanAuxExDnRcK9Rr01QdEma,minbias,0,test,36.91066,35.41868591308594,-0.040421219383235174,1,30mm,3.4341347
SubNetW8CleanAuxExDnRcK9Rr01QdEma,minbias,0,test,40.631466,40.157676696777344,-0.011660647836718496,1,30mm,3.5867457
SubNetW8CleanAuxExDnRcK9Rr01QdEma,minbias,0,test,47.65898,43.12068557739258,-0.09522435477731006,1,30mm,4.780026
SubNetW8CleanAuxExDnRcK9Rr01QdEma,minbias,0,test,75.61811,75.0145263671875,-0.007982007012720782,1,30mm,3.9188178
SubNetW8CleanAuxExDnRcK9Rr01QdEma,minbias,0,test,13.198308,13.214999198913574,0.0012646475515716293,2,40mm,1.8038248
SubNetW8CleanAuxExDnRcK9Rr01QdEma,minbias,0,test,30.028812,31.541292190551758,0.05036761898978814,0,15mm,0.8130259
SubNetW8CleanAuxExDnRcK9Rr01QdEma,minbias,0,test,23.583523,22.729679107666016,-0.03620509524076798,3,60mm,3.874702
SubNetW8CleanAuxExDnRcK9Rr01QdEma,minbias,0,test,14.727074,14.362428665161133,-0.02476018063447938,2,40mm,1.7907925
SubNetW8CleanAuxExDnRcK9Rr01QdEma,minbias,0,test,11.03905,10.166666984558105,-0.07902700953402175,2,40mm,1.09586
SubNetW8CleanAuxExDnRcK9Rr01QdEma,minbias,0,test,28.345072,29.098482131958008,0.026579941122325534,2,40mm,2.6017113
SubNetW8CleanAuxExDnRcK9Rr01QdEma,minbias,0,test,15.298916,14.861672401428223,-0.02858002916829472,2,40mm,1.5473423
SubNetW8CleanAuxExDnRcK9Rr01QdEma,minbias,0,test,77.115746,79.12953186035156,0.02611381504128274,1,30mm,4.214359
SubNetW8CleanAuxExDnRcK9Rr01QdEma,minbias,0,test,18.97737,18.6742000579834,-0.01597530435121708,1,30mm,1.2779554
SubNetW8CleanAuxExDnRcK9Rr01QdEma,minbias,0,test,22.506971,25.372159957885742,0.1273022723892565,1,30mm,1.2933869
SubNetW8CleanAuxExDnRcK9Rr01QdEma,minbias,0,test,8.015938,8.016016960144043,9.874698405187843e-06,3,60mm,1.3447508
SubNetW8CleanAuxExDnRcK9Rr01QdEma,minbias,0,test,3.7502913,3.156606674194336,-0.1583036138524292,3,60mm,0.5058485
SubNetW8CleanAuxExDnRcK9Rr01QdEma,minbias,0,test,24.188715,25.24468231201172,0.04365537118274432,2,40mm,2.2630289
SubNetW8CleanAuxExDnRcK9Rr01QdEma,minbias,0,test,7.1202645,6.785279750823975,-0.04704667613653302,2,40mm,0.5602419
SubNetW8CleanAuxExDnRcK9Rr01QdEma,minbias,0,test,82.519714,82.58912658691406,0.0008411593761257219,0,15mm,1.9845529
SubNetW8CleanAuxExDnRcK9Rr01QdEma,minbias,0,test,9.962918,9.76932430267334,-0.019431453055300696,3,60mm,1.6655067
SubNetW8CleanAuxExDnRcK9Rr01QdEma,minbias,0,test,12.411549,12.367647171020508,-0.0035371447065154493,3,60mm,2.7227397
SubNetW8CleanAuxExDnRcK9Rr01QdEma,minbias,0,test,42.44727,42.36188507080078,-0.002011539729729561,1,30mm,3.6087756
SubNetW8CleanAuxExDnRcK9Rr01QdEma,minbias,0,test,7.067979,7.167399883270264,0.014066400919783062,2,40mm,1.258886
SubNetW8CleanAuxExDnRcK9Rr01QdEma,minbias,0,test,16.633066,14.946505546569824,-0.10139805931230916,1,30mm,0.8129108
SubNetW8CleanAuxExDnRcK9Rr01QdEma,minbias,0,test,21.274029,22.37794303894043,0.05189023068361598,3,60mm,2.2928607
SubNetW8CleanAuxExDnRcK9Rr01QdEma,minbias,0,test,21.243639,21.338314056396484,0.004456631188337612,2,40mm,2.2334013
SubNetW8CleanAuxExDnRcK9Rr01QdEma,minbias,0,test,6.3154716,6.661294460296631,0.0547580339739413,3,60mm,0.9869623
SubNetW8CleanAuxExDnRcK9Rr01QdEma,minbias,0,test,35.93424,35.66261291503906,-0.007558961331515235,2,40mm,3.2326388
SubNetW8CleanAuxExDnRcK9Rr01QdEma,minbias,0,test,11.448891,10.51860237121582,-0.08125576008460456,2,40mm,1.3010533
SubNetW8CleanAuxExDnRcK9Rr01QdEma,minbias,0,test,30.787369,30.19715690612793,-0.019170584943804303,3,60mm,4.0049825
SubNetW8CleanAuxExDnRcK9Rr01QdEma,minbias,0,test,34.760048,34.46040344238281,-0.008620369884652757,2,40mm,3.9073427
SubNetW8CleanAuxExDnRcK9Rr01QdEma,minbias,0,test,39.57076,39.43351745605469,-0.0034682520027258246,0,15mm,0.9552505
SubNetW8CleanAuxExDnRcK9Rr01QdEma,minbias,0,test,81.41723,80.93001556396484,-0.005984152771503326,1,30mm,4.383276
SubNetW8CleanAuxExDnRcK9Rr01QdEma,minbias,0,test,31.533579,30.20302963256836,-0.042194679058932816,1,30mm,1.2349306
SubNetW8CleanAuxExDnRcK9Rr01QdEma,minbias,0,test,61.28597,63.29534912109375,0.03278695565329692,1,30mm,4.491113
SubNetW8CleanAuxExDnRcK9Rr01QdEma,minbias,0,test,7.6000466,7.5064311027526855,-0.012317757564049625,3,60mm,1.1286578
SubNetW8CleanAuxExDnRcK9Rr01QdEma,minbias,0,test,84.91496,83.56915283203125,-0.01584891393277288,0,15mm,2.7979355
SubNetW8CleanAuxExDnRcK9Rr01QdEma,minbias,0,test,47.58908,45.994415283203125,-0.03350906342764104,0,15mm,1.7929151
SubNetW8CleanAuxExDnRcK9Rr01QdEma,minbias,0,test,45.72854,45.75299072265625,0.0005347253655527684,2,40mm,3.19725
SubNetW8CleanAuxExDnRcK9Rr01QdEma,minbias,0,test,22.903404,23.06566047668457,0.007084372225803159,1,30mm,1.1990459
SubNetW8CleanAuxExDnRcK9Rr01QdEma,minbias,0,test,11.052995,10.63864517211914,-0.037487537645908175,3,60mm,2.1453228
SubNetW8CleanAuxExDnRcK9Rr01QdEma,minbias,0,test,12.033638,11.688912391662598,-0.028646832222449792,2,40mm,1.000987
SubNetW8CleanAuxExDnRcK9Rr01QdEma,minbias,0,test,11.879879,15.639388084411621,0.31646021708674255,0,15mm,0.5060012
SubNetW8CleanAuxExDnRcK9Rr01QdEma,minbias,0,test,37.440952,41.21973419189453,0.10092643639210142,1,30mm,2.590883
SubNetW8CleanAuxExDnRcK9Rr01QdEma,minbias,0,test,91.06786,88.50418090820312,-0.02815134185239543,0,15mm,2.8764584
SubNetW8CleanAuxExDnRcK9Rr01QdEma,minbias,0,test,11.5402975,12.255828857421875,0.06200285119783455,3,60mm,1.2237059
SubNetW8CleanAuxExDnRcK9Rr01QdEma,minbias,0,test,2.909014,2.6438486576080322,-0.09115299211419381,3,60mm,0.66212964
SubNetW8CleanAuxExDnRcK9Rr01QdEma,minbias,0,test,20.021086,20.627986907958984,0.030313099735491233,3,60mm,4.516802
SubNetW8CleanAuxExDnRcK9Rr01QdEma,minbias,0,test,18.44429,18.80525016784668,0.019570284546624128,3,60mm,2.9836552
SubNetW8CleanAuxExDnRcK9Rr01QdEma,minbias,0,test,59.886185,47.60935974121094,-0.20500262312976203,2,40mm,3.9821959
SubNetW8CleanAuxExDnRcK9Rr01QdEma,minbias,0,test,33.99742,33.45313262939453,-0.016009703530657893,3,60mm,4.8411074
SubNetW8CleanAuxExDnRcK9Rr01QdEma,minbias,0,test,12.62085,13.660138130187988,0.08234695388819024,3,60mm,2.0513656
SubNetW8CleanAuxExDnRcK9Rr01QdEma,minbias,0,test,6.0373654,5.977484703063965,-0.009918354971099719,3,60mm,0.94729805
SubNetW8CleanAuxExDnRcK9Rr01QdEma,minbias,0,test,24.957151,25.522279739379883,0.02264394349598975,3,60mm,4.0724316
SubNetW8CleanAuxExDnRcK9Rr01QdEma,minbias,0,test,4.5309014,4.524506092071533,-0.0014114939514242586,3,60mm,0.60654
SubNetW8CleanAuxExDnRcK9Rr01QdEma,minbias,0,test,34.971806,34.35248947143555,-0.017709011328858715,3,60mm,4.9918737
SubNetW8CleanAuxExDnRcK9Rr01QdEma,minbias,0,test,16.79402,19.27871322631836,0.14795109043222854,2,40mm,2.1737723
SubNetW8CleanAuxExDnRcK9Rr01QdEma,minbias,0,test,38.43254,38.126495361328125,-0.007963187577792685,3,60mm,4.668192
SubNetW8CleanAuxExDnRcK9Rr01QdEma,minbias,0,test,7.988152,7.656744480133057,-0.041487386052683095,3,60mm,1.1251438
SubNetW8CleanAuxExDnRcK9Rr01QdEma,minbias,0,test,24.278807,23.8850154876709,-0.016219545046710748,3,60mm,4.173631
SubNetW8CleanAuxExDnRcK9Rr01QdEma,minbias,0,test,57.784023,60.55550765991211,0.047962814242525464,1,30mm,2.960987
SubNetW8CleanAuxExDnRcK9Rr01QdEma,minbias,0,test,25.20483,25.078414916992188,-0.0050155169399882515,2,40mm,3.9641454
SubNetW8CleanAuxExDnRcK9Rr01QdEma,minbias,0,test,34.268246,33.8623161315918,-0.01184564768849461,3,60mm,4.2680173
SubNetW8CleanAuxExDnRcK9Rr01QdEma,minbias,0,test,20.068073,19.59243392944336,-0.02370129592404091,2,40mm,1.8923159
SubNetW8CleanAuxExDnRcK9Rr01QdEma,minbias,0,test,16.657068,16.476865768432617,-0.010818379404978873,3,60mm,3.4136176
SubNetW8CleanAuxExDnRcK9Rr01QdEma,minbias,0,test,89.02117,93.40802001953125,0.04927870946144752,1,30mm,4.090707
SubNetW8CleanAuxExDnRcK9Rr01QdEma,minbias,0,test,74.31144,74.32637786865234,0.00020102361883789222,1,30mm,4.0827093
SubNetW8CleanAuxExDnRcK9Rr01QdEma,minbias,0,test,49.5356,49.63523864746094,0.002011480532842169,2,40mm,3.2996907
SubNetW8CleanAuxExDnRcK9Rr01QdEma,minbias,0,test,4.3145776,4.236258506774902,-0.018152199440227834,4,120mm,1.0185206
SubNetW8CleanAuxExDnRcK9Rr01QdEma,minbias,0,test,13.365035,16.916147232055664,0.26570167304648007,3,60mm,2.2469406
SubNetW8CleanAuxExDnRcK9Rr01QdEma,minbias,0,test,20.206427,18.198801040649414,-0.09935579494292379,0,15mm,0.8019226
SubNetW8CleanAuxExDnRcK9Rr01QdEma,minbias,0,test,56.34216,56.4757080078125,0.0023703162658239574,0,15mm,1.9625995
SubNetW8CleanAuxExDnRcK9Rr01QdEma,minbias,0,test,39.61375,39.573726654052734,-0.0010103512858145036,2,40mm,3.132606
SubNetW8CleanAuxExDnRcK9Rr01QdEma,minbias,0,test,28.636784,28.316585540771484,-0.011181355544540583,3,60mm,4.103319
SubNetW8CleanAuxExDnRcK9Rr01QdEma,minbias,0,test,16.329874,16.434988021850586,0.006436913285749357,3,60mm,1.8054826
SubNetW8CleanAuxExDnRcK9Rr01QdEma,minbias,0,test,15.329489,14.807024955749512,-0.03408227155503374,3,60mm,2.6231098
SubNetW8CleanAuxExDnRcK9Rr01QdEma,minbias,0,test,3.0916288,2.868058443069458,-0.0723147447593091,4,120mm,0.6269728
SubNetW8CleanAuxExDnRcK9Rr01QdEma,minbias,0,test,25.621708,28.52276611328125,0.11322657359544896,2,40mm,1.8829154
SubNetW8CleanAuxExDnRcK9Rr01QdEma,minbias,0,test,10.716155,10.007940292358398,-0.06608851368590951,2,40mm,1.129216
SubNetW8CleanAuxExDnRcK9Rr01QdEma,minbias,0,test,32.944416,31.722681045532227,-0.03708473687617242,1,30mm,1.277358
SubNetW8CleanAuxExDnRcK9Rr01QdEma,minbias,0,test,12.740917,12.418004989624023,-0.025344503144503427,3,60mm,2.5484018
SubNetW8CleanAuxExDnRcK9Rr01QdEma,minbias,0,test,2.6572316,2.380751609802246,-0.10404812387569684,4,120mm,0.60331845
SubNetW8CleanAuxExDnRcK9Rr01QdEma,minbias,0,test,61.926327,59.57334899902344,-0.037996404374503134,0,15mm,1.4170747
SubNetW8CleanAuxExDnRcK9Rr01QdEma,minbias,0,test,12.064795,11.956276893615723,-0.008994570643215072,3,60mm,2.394478
SubNetW8CleanAuxExDnRcK9Rr01QdEma,minbias,0,test,26.170906,25.446434020996094,-0.027682344816287174,3,60mm,2.9398797
SubNetW8CleanAuxExDnRcK9Rr01QdEma,minbias,0,test,57.380714,56.41159439086914,-0.016889298704096056,1,30mm,4.820626
SubNetW8CleanAuxExDnRcK9Rr01QdEma,minbias,0,test,29.803572,28.733457565307617,-0.0359055668386381,2,40mm,4.2607646
SubNetW8CleanAuxExDnRcK9Rr01QdEma,minbias,0,test,18.964315,18.622562408447266,-0.018020845915768136,3,60mm,3.6379101
SubNetW8CleanAuxExDnRcK9Rr01QdEma,minbias,0,test,11.209205,11.660192489624023,0.04023370336990828,3,60mm,1.7888784
SubNetW8CleanAuxExDnRcK9Rr01QdEma,minbias,0,test,22.590807,23.9317684173584,0.05935872315717994,1,30mm,1.2426721
SubNetW8CleanAuxExDnRcK9Rr01QdEma,minbias,0,test,8.538729,8.129332542419434,-0.04794579910930985,3,60mm,1.0960456
SubNetW8CleanAuxExDnRcK9Rr01QdEma,minbias,0,test,4.7150536,3.8553309440612793,-0.18233570491811235,3,60mm,0.6391329
SubNetW8CleanAuxExDnRcK9Rr01QdEma,minbias,0,test,12.011845,11.821365356445312,-0.01585762090272813,2,40mm,1.3658634
SubNetW8CleanAuxExDnRcK9Rr01QdEma,minbias,0,test,20.731216,21.49616241455078,0.03689826819594,3,60mm,2.7849476
SubNetW8CleanAuxExDnRcK9Rr01QdEma,minbias,0,test,14.508137,14.971275329589844,0.03192267817200212,3,60mm,2.946994
SubNetW8CleanAuxExDnRcK9Rr01QdEma,minbias,0,test,21.077335,20.579832077026367,-0.02360370854272631,3,60mm,4.641181
SubNetW8CleanAuxExDnRcK9Rr01QdEma,minbias,0,test,16.171473,15.626313209533691,-0.03371117492474207,4,120mm,3.5694358
SubNetW8CleanAuxExDnRcK9Rr01QdEma,minbias,0,test,26.724249,28.57803726196289,0.06936727702824652,0,15mm,0.79045856
SubNetW8CleanAuxExDnRcK9Rr01QdEma,minbias,0,test,20.695782,20.447349548339844,-0.012003999797245313,2,40mm,2.120399
SubNetW8CleanAuxExDnRcK9Rr01QdEma,minbias,0,test,7.1954803,7.570560932159424,0.05212724757879639,3,60mm,1.3982431
SubNetW8CleanAuxExDnRcK9Rr01QdEma,minbias,0,test,3.5861564,3.528625249862671,-0.016042557123890466,4,120mm,0.7155163
SubNetW8CleanAuxExDnRcK9Rr01QdEma,minbias,0,test,20.120264,20.201900482177734,0.004057423332843202,2,40mm,2.070039
SubNetW8CleanAuxExDnRcK9Rr01QdEma,minbias,0,test,4.114497,3.5851237773895264,-0.12866053459108562,3,60mm,0.5280827
SubNetW8CleanAuxExDnRcK9Rr01QdEma,minbias,0,test,65.923515,64.49633026123047,-0.021649104294117816,1,30mm,4.000692
SubNetW8CleanAuxExDnRcK9Rr01QdEma,minbias,0,test,31.577415,30.643291473388672,-0.029582028140225147,3,60mm,4.6036735
SubNetW8CleanAuxExDnRcK9Rr01QdEma,minbias,0,test,17.867554,18.619050979614258,0.042059326130176045,2,40mm,2.382512
SubNetW8CleanAuxExDnRcK9Rr01QdEma,minbias,0,test,26.17119,25.073936462402344,-0.041926018207828264,3,60mm,4.8782253
SubNetW8CleanAuxExDnRcK9Rr01QdEma,minbias,0,test,18.977285,18.953899383544922,-0.001232315429330888,2,40mm,1.690012
SubNetW8CleanAuxExDnRcK9Rr01QdEma,minbias,0,test,9.107699,9.976263046264648,0.09536586732201657,2,40mm,0.69699407
SubNetW8CleanAuxExDnRcK9Rr01QdEma,minbias,0,test,14.277,13.6897611618042,-0.04113183777183427,3,60mm,1.810143
SubNetW8CleanAuxExDnRcK9Rr01QdEma,minbias,0,test,9.650712,9.23857307434082,-0.04270554735631826,3,60mm,1.7660121
SubNetW8CleanAuxExDnRcK9Rr01QdEma,minbias,0,test,25.611872,25.118602752685547,-0.019259387680828355,3,60mm,4.780489
SubNetW8CleanAuxExDnRcK9Rr01QdEma,minbias,0,test,50.45068,51.415382385253906,0.019121696881509997,2,40mm,3.3308458
SubNetW8CleanAuxExDnRcK9Rr01QdEma,minbias,0,test,31.603657,31.434965133666992,-0.005337725199521137,3,60mm,3.5554414
SubNetW8CleanAuxExDnRcK9Rr01QdEma,minbias,0,test,35.411304,34.03200912475586,-0.038950707114972394,1,30mm,1.6933773
SubNetW8CleanAuxExDnRcK9Rr01QdEma,minbias,0,test,69.67876,70.01895141601562,0.00488233025662943,1,30mm,3.380156
SubNetW8CleanAuxExDnRcK9Rr01QdEma,minbias,0,test,56.184353,54.70956039428711,-0.026249167339460255,0,15mm,2.8564744
SubNetW8CleanAuxExDnRcK9Rr01QdEma,minbias,0,test,33.37906,34.430755615234375,0.0315076821803586,2,40mm,3.1327481
SubNetW8CleanAuxExDnRcK9Rr01QdEma,minbias,0,test,25.970028,25.622831344604492,-0.013369126132675269,3,60mm,4.8108063
SubNetW8CleanAuxExDnRcK9Rr01QdEma,minbias,0,test,17.604092,17.286556243896484,-0.01803759073781419,3,60mm,3.1404283
SubNetW8CleanAuxExDnRcK9Rr01QdEma,minbias,0,test,15.573247,14.203513145446777,-0.08795428559670881,2,40mm,1.3911959
SubNetW8CleanAuxExDnRcK9Rr01QdEma,minbias,0,test,43.128017,45.51426315307617,0.055329362905657486,1,30mm,2.5286558
SubNetW8CleanAuxExDnRcK9Rr01QdEma,minbias,0,test,25.240896,26.940296173095703,0.06732724277985747,2,40mm,1.5590286
SubNetW8CleanAuxExDnRcK9Rr01QdEma,minbias,0,test,17.884678,17.498687744140625,-0.021582169120509254,4,120mm,4.0160046
SubNetW8CleanAuxExDnRcK9Rr01QdEma,minbias,0,test,37.040237,37.22012710571289,0.004856601670299332,2,40mm,4.156882
SubNetW8CleanAuxExDnRcK9Rr01QdEma,minbias,0,test,37.41143,36.602474212646484,-0.021623234890511878,2,40mm,4.318025
SubNetW8CleanAuxExDnRcK9Rr01QdEma,minbias,0,test,10.455822,13.050129890441895,0.24812089395902337,4,120mm,2.2186167
SubNetW8CleanAuxExDnRcK9Rr01QdEma,minbias,0,test,72.16728,72.75981140136719,0.008210497604954403,1,30mm,4.6156907
SubNetW8CleanAuxExDnRcK9Rr01QdEma,minbias,0,test,15.100832,20.214210510253906,0.3386156822153328,0,15mm,0.5791096
SubNetW8CleanAuxExDnRcK9Rr01QdEma,minbias,0,test,15.907962,14.865325927734375,-0.06554176630522912,2,40mm,1.2521491
SubNetW8CleanAuxExDnRcK9Rr01QdEma,minbias,0,test,18.639486,18.0228328704834,-0.03308317793914506,2,40mm,2.0999825
SubNetW8CleanAuxExDnRcK9Rr01QdEma,minbias,0,test,20.475449,20.298458099365234,-0.00864403571409944,3,60mm,4.5163937
SubNetW8CleanAuxExDnRcK9Rr01QdEma,minbias,0,test,42.295204,41.05778884887695,-0.02925663413193713,3,60mm,4.7862415
SubNetW8CleanAuxExDnRcK9Rr01QdEma,minbias,0,test,36.189857,36.636146545410156,0.012331882288034723,2,40mm,4.132956
SubNetW8CleanAuxExDnRcK9Rr01QdEma,minbias,0,test,14.890959,14.85299301147461,-0.0025495856298923814,0,15mm,0.60633403
SubNetW8CleanAuxExDnRcK9Rr01QdEma,minbias,0,test,21.038393,20.96202850341797,-0.003629769495086088,3,60mm,3.3481362
SubNetW8CleanAuxExDnRcK9Rr01QdEma,minbias,0,test,46.51642,45.368133544921875,-0.02468558307364277,2,40mm,3.0710945
SubNetW8CleanAuxExDnRcK9Rr01QdEma,minbias,0,test,36.622707,35.83704376220703,-0.021452908897868328,3,60mm,4.3583
SubNetW8CleanAuxExDnRcK9Rr01QdEma,minbias,0,test,39.301357,38.26191329956055,-0.026448042560068497,2,40mm,4.8603306
SubNetW8CleanAuxExDnRcK9Rr01QdEma,minbias,0,test,10.327872,9.595491409301758,-0.07091304456626535,2,40mm,0.8921822
SubNetW8CleanAuxExDnRcK9Rr01QdEma,minbias,0,test,18.972208,18.708335876464844,-0.01390835195806206,1,30mm,0.8761047
SubNetW8CleanAuxExDnRcK9Rr01QdEma,minbias,0,test,26.248537,28.824100494384766,0.09812217056309458,3,60mm,3.2389696
SubNetW8CleanAuxExDnRcK9Rr01QdEma,minbias,0,test,34.913307,35.360660552978516,0.012813262307215467,1,30mm,2.55519
SubNetW8CleanAuxExDnRcK9Rr01QdEma,minbias,0,test,18.707006,19.727840423583984,0.054569605864032145,2,40mm,4.1318345
SubNetW8CleanAuxExDnRcK9Rr01QdEma,minbias,0,test,94.652725,89.96392059326172,-0.04953692157917555,1,30mm,4.557261
SubNetW8CleanAuxExDnRcK9Rr01QdEma,minbias,0,test,28.719172,28.480287551879883,-0.008317926997578606,1,30mm,2.5604067
SubNetW8CleanAuxExDnRcK9Rr01QdEma,minbias,0,test,29.029003,28.568416595458984,-0.015866426607132778,2,40mm,2.7782342
SubNetW8CleanAuxExDnRcK9Rr01QdEma,minbias,0,test,16.824907,16.27748680114746,-0.03253631606136964,1,30mm,1.147647
SubNetW8CleanAuxExDnRcK9Rr01QdEma,minbias,0,test,99.02988,94.73355102539062,-0.043384136448227806,1,30mm,4.8818507
SubNetW8CleanAuxExDnRcK9Rr01QdEma,minbias,0,test,39.310047,41.78282165527344,0.06290438920617603,0,15mm,1.2908542
SubNetW8CleanAuxExDnRcK9Rr01QdEma,minbias,0,test,48.03188,45.116573333740234,-0.060695232545663225,0,15mm,1.3118792
SubNetW8CleanAuxExDnRcK9Rr01QdEma,minbias,0,test,24.21885,23.676433563232422,-0.022396424157789196,1,30mm,0.9670024
SubNetW8CleanAuxExDnRcK9Rr01QdEma,minbias,0,test,42.510742,41.67151641845703,-0.019741498874365382,2,40mm,4.585816
SubNetW8CleanAuxExDnRcK9Rr01QdEma,minbias,0,test,23.195194,23.17045021057129,-0.0010667741581628087,2,40mm,2.7299256
SubNetW8CleanAuxExDnRcK9Rr01QdEma,minbias,0,test,25.67807,28.384061813354492,0.1053814300604099,1,30mm,1.2081817
SubNetW8CleanAuxExDnRcK9Rr01QdEma,minbias,0,test,10.805846,10.145071029663086,-0.0611497860997916,1,30mm,0.70324576
SubNetW8CleanAuxExDnRcK9Rr01QdEma,minbias,0,test,24.169806,23.883113861083984,-0.011861562780565826,3,60mm,3.5460277
SubNetW8CleanAuxExDnRcK9Rr01QdEma,minbias,0,test,16.59618,15.889459609985352,-0.04258331458108311,3,60mm,3.4552002
SubNetW8CleanAuxExDnRcK9Rr01QdEma,minbias,0,test,4.5593815,4.699600696563721,0.03075399855005112,3,60mm,0.91002476
SubNetW8CleanAuxExDnRcK9Rr01QdEma,minbias,0,test,22.302347,22.0264949798584,-0.012368752091555413,3,60mm,4.9067116
SubNetW8CleanAuxExDnRcK9Rr01QdEma,minbias,0,test,17.009577,16.238121032714844,-0.045354200986620574,3,60mm,3.8259773
SubNetW8CleanAuxExDnRcK9Rr01QdEma,minbias,0,test,7.276289,7.353487491607666,0.010609598594552683,3,60mm,1.542921
SubNetW8CleanAuxExDnRcK9Rr01QdEma,minbias,0,test,25.994427,25.5721435546875,-0.016245142739155338,2,40mm,1.7834132
SubNetW8CleanAuxExDnRcK9Rr01QdEma,minbias,0,test,41.04298,40.382904052734375,-0.01608255877706566,2,40mm,4.110109
SubNetW8CleanAuxExDnRcK9Rr01QdEma,minbias,0,test,85.17843,86.1018295288086,0.010840783206996996,0,15mm,2.201568
SubNetW8CleanAuxExDnRcK9Rr01QdEma,minbias,0,test,6.827761,6.508565902709961,-0.04674962442871644,2,40mm,0.81824327
SubNetW8CleanAuxExDnRcK9Rr01QdEma,minbias,0,test,23.712864,23.043880462646484,-0.02821183732466137,2,40mm,2.0225878
SubNetW8CleanAuxExDnRcK9Rr01QdEma,minbias,0,test,11.257135,10.753929138183594,-0.04470109273479528,3,60mm,2.4369364
SubNetW8CleanAuxExDnRcK9Rr01QdEma,minbias,0,test,44.119022,43.6837272644043,-0.009866381474548103,2,40mm,3.2600276
SubNetW8CleanAuxExDnRcK9Rr01QdEma,minbias,0,test,19.640858,20.040544509887695,0.020349763718569225,4,120mm,4.4841795
SubNetW8CleanAuxExDnRcK9Rr01QdEma,minbias,0,test,4.9807205,5.175362586975098,0.039079098329894535,3,60mm,0.9772304
SubNetW8CleanAuxExDnRcK9Rr01QdEma,minbias,0,test,11.536944,10.588767051696777,-0.08218617561529729,3,60mm,1.3892016
SubNetW8CleanAuxExDnRcK9Rr01QdEma,minbias,0,test,20.399517,19.861949920654297,-0.026351954171685232,0,15mm,0.91541654
SubNetW8CleanAuxExDnRcK9Rr01QdEma,minbias,0,test,22.508749,22.140342712402344,-0.016367248825890024,1,30mm,1.2133024
SubNetW8CleanAuxExDnRcK9Rr01QdEma,minbias,0,test,4.6911445,4.283419132232666,-0.08691383032174183,3,60mm,1.0222574
SubNetW8CleanAuxExDnRcK9Rr01QdEma,minbias,0,test,21.948515,21.651792526245117,-0.013519019985760439,2,40mm,3.369541
SubNetW8CleanAuxExDnRcK9Rr01QdEma,minbias,0,test,20.131912,20.6296443939209,0.024723541249009884,4,120mm,4.6276507
SubNetW8CleanAuxExDnRcK9Rr01QdEma,minbias,0,test,6.078365,5.7195587158203125,-0.05903004215417362,3,60mm,0.9568599
SubNetW8CleanAuxExDnRcK9Rr01QdEma,minbias,0,test,3.171234,3.56227445602417,0.12330864794157548,3,60mm,0.50367033
SubNetW8CleanAuxExDnRcK9Rr01QdEma,minbias,0,test,22.18126,20.88321304321289,-0.05851994708568853,3,60mm,3.821082
SubNetW8CleanAuxExDnRcK9Rr01QdEma,minbias,0,test,73.04146,74.25701904296875,0.016642068000948473,0,15mm,2.9095514
SubNetW8CleanAuxExDnRcK9Rr01QdEma,minbias,0,test,12.316657,11.587779998779297,-0.059178157160642786,2,40mm,1.0804596
SubNetW8CleanAuxExDnRcK9Rr01QdEma,minbias,0,test,16.768717,16.06046485900879,-0.04223650271274848,2,40mm,1.362578
SubNetW8CleanAuxExDnRcK9Rr01QdEma,minbias,0,test,62.376823,61.09602737426758,-0.020533204172530017,2,40mm,4.567054
SubNetW8CleanAuxExDnRcK9Rr01QdEma,minbias,0,test,55.438133,46.953636169433594,-0.1530444222142311,0,15mm,2.7903812
SubNetW8CleanAuxExDnRcK9Rr01QdEma,minbias,0,test,15.950821,17.32941436767578,0.08642774259030195,1,30mm,1.0613065
SubNetW8CleanAuxExDnRcK9Rr01QdEma,minbias,0,test,3.317749,3.2578158378601074,-0.018064412092056337,3,60mm,0.57092994
SubNetW8CleanAuxExDnRcK9Rr01QdEma,minbias,0,test,17.858063,17.779333114624023,-0.004408632148099834,4,120mm,4.234953
SubNetW8CleanAuxExDnRcK9Rr01QdEma,minbias,0,test,9.436048,9.063005447387695,-0.03953372473940597,1,30mm,0.83350855
SubNetW8CleanAuxExDnRcK9Rr01QdEma,minbias,0,test,6.6454234,6.262171268463135,-0.05767159142172584,3,60mm,0.9800298
SubNetW8CleanAuxExDnRcK9Rr01QdEma,minbias,0,test,24.024902,23.946374893188477,-0.0032685856299412563,3,60mm,3.7755804
SubNetW8CleanAuxExDnRcK9Rr01QdEma,minbias,0,test,24.32556,23.555095672607422,-0.03167302029803509,3,60mm,3.9745286
SubNetW8CleanAuxExDnRcK9Rr01QdEma,minbias,0,test,97.28851,94.13919067382812,-0.032370959393967946,0,15mm,3.6787717
SubNetW8CleanAuxExDnRcK9Rr01QdEma,minbias,0,test,24.794271,23.904277801513672,-0.035895132821753495,3,60mm,4.5009146
SubNetW8CleanAuxExDnRcK9Rr01QdEma,minbias,0,test,8.525583,8.16874885559082,-0.04185454536505717,1,30mm,0.6402849
SubNetW8CleanAuxExDnRcK9Rr01QdEma,minbias,0,test,35.110878,33.847686767578125,-0.03597720408695859,1,30mm,2.3375518
SubNetW8CleanAuxExDnRcK9Rr01QdEma,minbias,0,test,85.91907,80.70611572265625,-0.060672814765667105,0,15mm,3.1372468
SubNetW8CleanAuxExDnRcK9Rr01QdEma,minbias,0,test,14.440905,13.609776496887207,-0.057553743511755684,3,60mm,3.4809985
SubNetW8CleanAuxExDnRcK9Rr01QdEma,minbias,0,test,60.253963,63.26900863647461,0.050038951669856946,2,40mm,3.9800425
SubNetW8CleanAuxExDnRcK9Rr01QdEma,minbias,0,test,49.799557,48.637733459472656,-0.023329992251805987,2,40mm,4.837654
SubNetW8CleanAuxExDnRcK9Rr01QdEma,minbias,0,test,93.60772,98.15382385253906,0.04856548647112624,0,15mm,4.331054
SubNetW8CleanAuxExDnRcK9Rr01QdEma,minbias,0,test,24.392893,22.88683319091797,-0.061741739966553855,2,40mm,2.9975398
SubNetW8CleanAuxExDnRcK9Rr01QdEma,minbias,0,test,22.002005,21.063518524169922,-0.04265457240402948,3,60mm,3.9389634
SubNetW8CleanAuxExDnRcK9Rr01QdEma,minbias,0,test,19.172508,19.01157569885254,-0.008393922113953178,3,60mm,3.9713533
SubNetW8CleanAuxExDnRcK9Rr01QdEma,minbias,0,test,30.74732,30.53066635131836,-0.00704626688173926,2,40mm,2.5168173
SubNetW8CleanAuxExDnRcK9Rr01QdEma,minbias,0,test,57.703465,57.5250129699707,-0.003092561938997984,1,30mm,4.3296146
SubNetW8CleanAuxExDnRcK9Rr01QdEma,minbias,0,test,29.894955,29.214229583740234,-0.02277056797412913,3,60mm,3.3707125
SubNetW8CleanAuxExDnRcK9Rr01QdEma,minbias,0,test,45.600468,45.22431182861328,-0.008248947267286866,2,40mm,4.3282027
SubNetW8CleanAuxExDnRcK9Rr01QdEma,minbias,0,test,20.172724,21.737031936645508,0.0775457089646614,2,40mm,2.1378407
SubNetW8CleanAuxExDnRcK9Rr01QdEma,minbias,0,test,48.60431,47.81148910522461,-0.01631172198062869,1,30mm,4.1432376
SubNetW8CleanAuxExDnRcK9Rr01QdEma,minbias,0,test,73.7824,79.5308837890625,0.07791128496308519,1,30mm,4.462006
SubNetW8CleanAuxExDnRcK9Rr01QdEma,minbias,0,test,23.261705,23.55756187438965,0.012718606428933521,3,60mm,4.9242344
SubNetW8CleanAuxExDnRcK9Rr01QdEma,minbias,0,test,5.31225,4.75157356262207,-0.10554408399694237,2,40mm,0.9451893
SubNetW8CleanAuxExDnRcK9Rr01QdEma,minbias,0,test,73.00449,85.36409759521484,0.16929922054333613,0,15mm,1.980506
SubNetW8CleanAuxExDnRcK9Rr01QdEma,minbias,0,test,6.4573545,5.96682071685791,-0.075965137932547,3,60mm,1.394403
SubNetW8CleanAuxExDnRcK9Rr01QdEma,minbias,0,test,21.355408,21.1496639251709,-0.009634271207561329,4,120mm,4.7205195
SubNetW8CleanAuxExDnRcK9Rr01QdEma,minbias,0,test,30.704618,31.16773796081543,0.015083056887030377,1,30mm,2.1120763
SubNetW8CleanAuxExDnRcK9Rr01QdEma,minbias,0,test,25.100674,26.993513107299805,0.07540990557585858,0,15mm,0.52570146
SubNetW8CleanAuxExDnRcK9Rr01QdEma,minbias,0,test,38.694244,37.61502456665039,-0.027890965058879336,2,40mm,3.2376595
SubNetW8CleanAuxExDnRcK9Rr01QdEma,minbias,0,test,7.5676217,7.482843399047852,-0.01120276781009344,3,60mm,1.4980191
SubNetW8CleanAuxExDnRcK9Rr01QdEma,minbias,0,test,63.924034,60.637428283691406,-0.051414243175900265,1,30mm,2.6207557
SubNetW8CleanAuxExDnRcK9Rr01QdEma,minbias,0,test,15.95166,15.836503982543945,-0.007219071405613842,2,40mm,1.5111877
SubNetW8CleanAuxExDnRcK9Rr01QdEma,minbias,0,test,33.705254,32.889747619628906,-0.024195218677106167,3,60mm,3.88573
SubNetW8CleanAuxExDnRcK9Rr01QdEma,minbias,0,test,47.552834,45.87250518798828,-0.03533603033606647,1,30mm,2.0970147
SubNetW8CleanAuxExDnRcK9Rr01QdEma,minbias,0,test,56.345367,55.38901901245117,-0.016972973338929997,1,30mm,4.971565
SubNetW8CleanAuxExDnRcK9Rr01QdEma,minbias,0,test,7.2728806,7.205852031707764,-0.009216227599496918,3,60mm,1.1848272
SubNetW8CleanAuxExDnRcK9Rr01QdEma,minbias,0,test,19.361492,18.717409133911133,-0.033266187226122956,2,40mm,2.9551902
SubNetW8CleanAuxExDnRcK9Rr01QdEma,minbias,0,test,46.11898,46.2689208984375,0.0032511666432586406,2,40mm,4.0295305
SubNetW8CleanAuxExDnRcK9Rr01QdEma,minbias,0,test,40.907803,41.17369842529297,0.006499880871729813,2,40mm,4.9461
SubNetW8CleanAuxExDnRcK9Rr01QdEma,minbias,0,test,84.11349,91.10710144042969,0.08314497978806745,1,30mm,4.801024
SubNetW8CleanAuxExDnRcK9Rr01QdEma,minbias,0,test,32.239407,31.809555053710938,-0.013333109306458923,3,60mm,3.626008
SubNetW8CleanAuxExDnRcK9Rr01QdEma,minbias,0,test,28.496105,29.999799728393555,0.052768423055004954,3,60mm,3.9841557
SubNetW8CleanAuxExDnRcK9Rr01QdEma,minbias,0,test,9.812895,10.07779598236084,0.02699521048798359,2,40mm,1.3312048
SubNetW8CleanAuxExDnRcK9Rr01QdEma,minbias,0,test,17.321987,17.84867286682129,0.030405617444291932,2,40mm,1.813646
SubNetW8CleanAuxExDnRcK9Rr01QdEma,minbias,0,test,20.644436,20.456541061401367,-0.009101475198246778,3,60mm,3.6764107
SubNetW8CleanAuxExDnRcK9Rr01QdEma,minbias,0,test,25.486223,25.056547164916992,-0.0168591498310785,3,60mm,3.5766017
SubNetW8CleanAuxExDnRcK9Rr01QdEma,minbias,0,test,7.046714,6.576191425323486,-0.06677189043465193,3,60mm,1.696497
SubNetW8CleanAuxExDnRcK9Rr01QdEma,minbias,0,test,4.210468,6.388073444366455,0.5171885226157082,2,40mm,0.9226212
SubNetW8CleanAuxExDnRcK9Rr01QdEma,minbias,0,test,65.198944,69.7176513671875,0.0693064487214472,1,30mm,2.7537978
SubNetW8CleanAuxExDnRcK9Rr01QdEma,minbias,0,test,86.29366,85.74005889892578,-0.0064153508678477245,0,15mm,2.9590917
SubNetW8CleanAuxExDnRcK9Rr01QdEma,minbias,0,test,41.346855,42.89363479614258,0.037409849587086486,3,60mm,4.093695
SubNetW8CleanAuxExDnRcK9Rr01QdEma,minbias,0,test,45.012775,46.48827362060547,0.03277954282218842,1,30mm,2.964416
SubNetW8CleanAuxExDnRcK9Rr01QdEma,minbias,0,test,69.17801,70.2344970703125,0.015272021439678873,0,15mm,2.1886299
SubNetW8CleanAuxExDnRcK9Rr01QdEma,minbias,0,test,43.83502,44.03363800048828,0.0045310769990689614,0,15mm,2.1657302
SubNetW8CleanAuxExDnRcK9Rr01QdEma,minbias,0,test,10.608798,17.687091827392578,0.667209780251599,1,30mm,0.50520754
SubNetW8CleanAuxExDnRcK9Rr01QdEma,minbias,0,test,10.132005,9.625726699829102,-0.04996819988974199,2,40mm,0.92281485
SubNetW8CleanAuxExDnRcK9Rr01QdEma,minbias,0,test,22.70118,23.99783706665039,0.05711851060447537,1,30mm,2.0203784
SubNetW8CleanAuxExDnRcK9Rr01QdEma,minbias,0,test,21.418411,20.926895141601562,-0.022948299359468072,3,60mm,3.942957
SubNetW8CleanAuxExDnRcK9Rr01QdEma,minbias,0,test,15.302394,15.072050094604492,-0.015052796312138739,3,60mm,1.9134096
SubNetW8CleanAuxExDnRcK9Rr01QdEma,minbias,0,test,20.957415,20.12655258178711,-0.039645254916829464,3,60mm,2.3188496
SubNetW8CleanAuxExDnRcK9Rr01QdEma,minbias,0,test,32.79521,33.19083023071289,0.012063298789773524,2,40mm,4.5400004
SubNetW8CleanAuxExDnRcK9Rr01QdEma,minbias,0,test,4.0503383,6.053166389465332,0.49448416120459027,3,60mm,0.84638023
SubNetW8CleanAuxExDnRcK9Rr01QdEma,minbias,0,test,22.500408,23.81214714050293,0.05829845209174711,3,60mm,2.6719117
SubNetW8CleanAuxExDnRcK9Rr01QdEma,minbias,0,test,19.362818,20.72808837890625,0.07050991396213413,4,120mm,4.4587755
SubNetW8CleanAuxExDnRcK9Rr01QdEma,minbias,0,test,31.45572,31.907140731811523,0.014350961204672164,2,40mm,3.0056233
SubNetW8CleanAuxExDnRcK9Rr01QdEma,minbias,0,test,54.907524,53.86431884765625,-0.018999313448584854,2,40mm,4.837193
SubNetW8CleanAuxExDnRcK9Rr01QdEma,minbias,0,test,37.846603,37.121585845947266,-0.019156740172115216,3,60mm,4.9199247
SubNetW8CleanAuxExDnRcK9Rr01QdEma,minbias,0,test,36.62067,35.776405334472656,-0.023054329065679835,0,15mm,1.6239271
SubNetW8CleanAuxExDnRcK9Rr01QdEma,minbias,0,test,83.3006,80.47818756103516,-0.03388223669893764,1,30mm,4.4321275
SubNetW8CleanAuxExDnRcK9Rr01QdEma,minbias,0,test,86.942055,85.46334838867188,-0.017007952758192557,0,15mm,3.1888945
SubNetW8CleanAuxExDnRcK9Rr01QdEma,minbias,0,test,11.719479,10.901101112365723,-0.06983053787996907,3,60mm,1.3945605
SubNetW8CleanAuxExDnRcK9Rr01QdEma,minbias,0,test,24.153906,24.369850158691406,0.008940346598041549,3,60mm,3.064618
SubNetW8CleanAuxExDnRcK9Rr01QdEma,minbias,0,test,22.368484,22.233871459960938,-0.006017977531155738,3,60mm,4.4589887
SubNetW8CleanAuxExDnRcK9Rr01QdEma,minbias,0,test,46.170883,45.22916030883789,-0.020396466453283413,2,40mm,3.040306
SubNetW8CleanAuxExDnRcK9Rr01QdEma,minbias,0,test,20.742155,20.459583282470703,-0.013623068171065733,3,60mm,2.8693635
SubNetW8CleanAuxExDnRcK9Rr01QdEma,minbias,0,test,14.362612,14.86641788482666,0.03507761138729726,4,120mm,3.1644297
SubNetW8CleanAuxExDnRcK9Rr01QdEma,minbias,0,test,95.651505,96.8864974975586,0.012911380612342427,0,15mm,3.5659494
SubNetW8CleanAuxExDnRcK9Rr01QdEma,minbias,0,test,5.216868,5.106867790222168,-0.021085474104856505,3,60mm,0.99919504
SubNetW8CleanAuxExDnRcK9Rr01QdEma,minbias,0,test,17.46018,17.247047424316406,-0.012206795968129458,3,60mm,2.143354
SubNetW8CleanAuxExDnRcK9Rr01QdEma,minbias,0,test,28.85051,28.681421279907227,-0.005860844946468213,2,40mm,3.5102713
SubNetW8CleanAuxExDnRcK9Rr01QdEma,minbias,0,test,5.4334955,5.610890865325928,0.0326484751992695,2,40mm,0.5300523
SubNetW8CleanAuxExDnRcK9Rr01QdEma,minbias,0,test,46.218597,46.007102966308594,-0.00457595984393433,1,30mm,4.113526
SubNetW8CleanAuxExDnRcK9Rr01QdEma,minbias,0,test,35.680664,37.670413970947266,0.05576549542244846,0,15mm,1.1991401
SubNetW8CleanAuxExDnRcK9Rr01QdEma,minbias,0,test,11.321273,10.853814125061035,-0.04129029758116587,3,60mm,1.2413634
SubNetW8CleanAuxExDnRcK9Rr01QdEma,minbias,0,test,52.21551,54.14099884033203,0.03687577636529804,1,30mm,3.277575
SubNetW8CleanAuxExDnRcK9Rr01QdEma,minbias,0,test,7.282232,7.117447376251221,-0.022628287015401538,4,120mm,1.7127305
SubNetW8CleanAuxExDnRcK9Rr01QdEma,minbias,0,test,23.146223,22.89468765258789,-0.010867233712725577,2,40mm,2.3012989
SubNetW8CleanAuxExDnRcK9Rr01QdEma,minbias,0,test,83.01488,84.5387191772461,0.018356250194146995,1,30mm,3.5205052
SubNetW8CleanAuxExDnRcK9Rr01QdEma,minbias,0,test,45.90531,24.551692962646484,-0.46516661982638574,0,15mm,1.3952677
SubNetW8CleanAuxExDnRcK9Rr01QdEma,minbias,0,test,15.809759,16.03852653503418,0.01447001140204085,1,30mm,1.5124457
SubNetW8CleanAuxExDnRcK9Rr01QdEma,minbias,0,test,25.021862,22.40886116027832,-0.10442871384292085,1,30mm,1.4145153
SubNetW8CleanAuxExDnRcK9Rr01QdEma,minbias,0,test,31.01234,34.02074432373047,0.09700666654448087,3,60mm,3.442804
SubNetW8CleanAuxExDnRcK9Rr01QdEma,minbias,0,test,46.41769,46.814483642578125,0.008548322053720803,2,40mm,3.456662
SubNetW8CleanAuxExDnRcK9Rr01QdEma,minbias,0,test,84.1678,85.52902221679688,0.016172708552052217,1,30mm,4.9553556
SubNetW8CleanAuxExDnRcK9Rr01QdEma,minbias,0,test,40.88785,50.5111198425293,0.23535763616287908,0,15mm,1.1094636
SubNetW8CleanAuxExDnRcK9Rr01QdEma,minbias,0,test,20.985823,20.134912490844727,-0.040546906349081535,2,40mm,2.4841921
SubNetW8CleanAuxExDnRcK9Rr01QdEma,minbias,0,test,4.8342357,4.375854969024658,-0.09481968414875841,3,60mm,0.9682134
SubNetW8CleanAuxExDnRcK9Rr01QdEma,minbias,0,test,17.172068,16.51605224609375,-0.03820246983569786,2,40mm,2.9698899
SubNetW8CleanAuxExDnRcK9Rr01QdEma,minbias,0,test,20.219023,19.520307540893555,-0.0345573185495035,3,60mm,2.1567981
SubNetW8CleanAuxExDnRcK9Rr01QdEma,minbias,0,test,28.469711,22.766016006469727,-0.20034257588336524,2,40mm,4.8433704
SubNetW8CleanAuxExDnRcK9Rr01QdEma,minbias,0,test,25.657183,25.475109100341797,-0.0070963985140077845,3,60mm,3.2442663
SubNetW8CleanAuxExDnRcK9Rr01QdEma,minbias,0,test,13.449286,12.501547813415527,-0.07046757835204698,1,30mm,0.83680415
SubNetW8CleanAuxExDnRcK9Rr01QdEma,minbias,0,test,10.408821,10.440568923950195,0.0030500877736283627,3,60mm,1.9191761
SubNetW8CleanAuxExDnRcK9Rr01QdEma,minbias,0,test,8.72969,8.89307975769043,0.018716605873684733,3,60mm,1.3086457
SubNetW8CleanAuxExDnRcK9Rr01QdEma,minbias,0,test,40.10411,38.93879699707031,-0.029057213832862194,3,60mm,4.7746267
SubNetW8CleanAuxExDnRcK9Rr01QdEma,minbias,0,test,23.770008,23.190933227539062,-0.024361576045570987,2,40mm,1.7391235
SubNetW8CleanAuxExDnRcK9Rr01QdEma,minbias,0,test,8.764809,8.45166015625,-0.0357279332463456,3,60mm,1.9710709
SubNetW8CleanAuxExDnRcK9Rr01QdEma,minbias,0,test,81.41198,79.22222137451172,-0.026897249145825697,1,30mm,4.236183
SubNetW8CleanAuxExDnRcK9Rr01QdEma,minbias,0,test,61.823368,57.99180603027344,-0.061975951192799195,0,15mm,1.4328635
SubNetW8CleanAuxExDnRcK9Rr01QdEma,minbias,0,test,31.25876,30.899791717529297,-0.011483780212248829,1,30mm,1.7575022
SubNetW8CleanAuxExDnRcK9Rr01QdEma,minbias,0,test,21.563623,21.316225051879883,-0.011472950141563243,1,30mm,1.1682389
SubNetW8CleanAuxExDnRcK9Rr01QdEma,minbias,0,test,23.666967,23.236684799194336,-0.01818072360717704,2,40mm,2.976557
SubNetW8CleanAuxExDnRcK9Rr01QdEma,minbias,0,test,15.470084,15.393134117126465,-0.0049741211680085495,1,30mm,0.8453197
SubNetW8CleanAuxExDnRcK9Rr01QdEma,minbias,0,test,27.51909,27.26921844482422,-0.009079958738360872,3,60mm,4.8991365
SubNetW8CleanAuxExDnRcK9Rr01QdEma,minbias,0,test,84.043045,70.60257720947266,-0.15992361803936017,0,15mm,1.7245709
SubNetW8CleanAuxExDnRcK9Rr01QdEma,minbias,0,test,21.455757,20.64122200012207,-0.0379634769182956,3,60mm,3.817402
SubNetW8CleanAuxExDnRcK9Rr01QdEma,minbias,0,test,77.958885,79.67032623291016,0.021953123570263244,0,15mm,4.2529655
SubNetW8CleanAuxExDnRcK9Rr01QdEma,minbias,0,test,30.642244,29.09849739074707,-0.05037969579395074,2,40mm,3.2897453
SubNetW8CleanAuxExDnRcK9Rr01QdEma,minbias,0,test,23.73567,23.112897872924805,-0.02623781904798872,3,60mm,4.330739
SubNetW8CleanAuxExDnRcK9Rr01QdEma,minbias,0,test,17.712399,17.874662399291992,0.009161033158389342,3,60mm,3.0336828
SubNetW8CleanAuxExDnRcK9Rr01QdEma,minbias,0,test,8.329971,5.405357837677002,-0.3510952638057713,1,30mm,0.7396259
SubNetW8CleanAuxExDnRcK9Rr01QdEma,minbias,0,test,58.00772,56.422332763671875,-0.02733064077857872,2,40mm,4.661395
SubNetW8CleanAuxExDnRcK9Rr01QdEma,minbias,0,test,13.108476,13.175834655761719,0.005138581499491535,3,60mm,2.1633277
SubNetW8CleanAuxExDnRcK9Rr01QdEma,minbias,0,test,34.603565,38.182769775390625,0.10343456048466804,0,15mm,1.1777575
SubNetW8CleanAuxExDnRcK9Rr01QdEma,minbias,0,test,78.67339,77.6832504272461,-0.012585485147760145,1,30mm,3.8470447
SubNetW8CleanAuxExDnRcK9Rr01QdEma,minbias,0,test,5.5693297,7.736777305603027,0.38917565824075906,1,30mm,0.5362262
SubNetW8CleanAuxExDnRcK9Rr01QdEma,minbias,0,test,12.51619,12.466277122497559,-0.003987831312228685,3,60mm,2.1283326
SubNetW8CleanAuxExDnRcK9Rr01QdEma,minbias,0,test,26.818487,27.42246437072754,0.022520927433381077,3,60mm,4.97287
SubNetW8CleanAuxExDnRcK9Rr01QdEma,minbias,0,test,10.189872,9.876143455505371,-0.030788251221003926,2,40mm,0.9062259
SubNetW8CleanAuxExDnRcK9Rr01QdEma,minbias,0,test,21.571045,21.842588424682617,0.012588333286175146,3,60mm,4.072004
SubNetW8CleanAuxExDnRcK9Rr01QdEma,minbias,0,test,10.606856,10.222404479980469,-0.03624559941270056,3,60mm,2.3143046
SubNetW8CleanAuxExDnRcK9Rr01QdEma,minbias,0,test,24.182226,23.139545440673828,-0.04311764899355608,2,40mm,2.909281
SubNetW8CleanAuxExDnRcK9Rr01QdEma,minbias,0,test,7.696953,7.189136981964111,-0.06597621808882348,3,60mm,1.4499046
SubNetW8CleanAuxExDnRcK9Rr01QdEma,minbias,0,test,16.734285,15.863871574401855,-0.05201380051598059,4,120mm,3.7323773
SubNetW8CleanAuxExDnRcK9Rr01QdEma,minbias,0,test,97.575874,93.81341552734375,-0.038559314248094,1,30mm,4.6138215
SubNetW8CleanAuxExDnRcK9Rr01QdEma,minbias,0,test,3.8386922,3.7690906524658203,-0.01813157512601049,4,120mm,0.8983987
SubNetW8CleanAuxExDnRcK9Rr01QdEma,minbias,0,test,4.685288,5.288585186004639,0.12876417409297858,3,60mm,0.5299992
SubNetW8CleanAuxExDnRcK9Rr01QdEma,minbias,0,test,24.814135,24.4200382232666,-0.015881931040504726,3,60mm,4.995174
SubNetW8CleanAuxExDnRcK9Rr01QdEma,minbias,0,test,32.06236,31.67578125,-0.012057054439910786,1,30mm,3.1028614
SubNetW8CleanAuxExDnRcK9Rr01QdEma,minbias,0,test,28.960995,30.131006240844727,0.04039956264206657,2,40mm,2.1222172
SubNetW8CleanAuxExDnRcK9Rr01QdEma,minbias,0,test,19.941435,19.296253204345703,-0.032353823102795776,2,40mm,1.9338408
SubNetW8CleanAuxExDnRcK9Rr01QdEma,minbias,0,test,86.06187,85.65101623535156,-0.004773897434119934,1,30mm,4.484615
SubNetW8CleanAuxExDnRcK9Rr01QdEma,minbias,0,test,14.576293,14.05358600616455,-0.03586007675432212,0,15mm,0.5046582
SubNetW8CleanAuxExDnRcK9Rr01QdEma,minbias,0,test,4.9973273,5.283083915710449,0.05718188328321472,3,60mm,0.8620188
SubNetW8CleanAuxExDnRcK9Rr01QdEma,minbias,0,test,35.541996,38.333030700683594,0.07852779844761049,0,15mm,1.0540942
SubNetW8CleanAuxExDnRcK9Rr01QdEma,minbias,0,test,13.887254,14.137932777404785,0.01805101429139344,2,40mm,1.1805577
SubNetW8CleanAuxExDnRcK9Rr01QdEma,minbias,0,test,31.871088,31.783748626708984,-0.002740395971687959,3,60mm,4.22421
SubNetW8CleanAuxExDnRcK9Rr01QdEma,minbias,0,test,65.00234,64.12955474853516,-0.013427015792395025,1,30mm,3.290768
SubNetW8CleanAuxExDnRcK9Rr01QdEma,minbias,0,test,57.295174,58.09291076660156,0.013923286567286253,1,30mm,2.612263
SubNetW8CleanAuxExDnRcK9Rr01QdEma,minbias,0,test,4.6871533,4.909019470214844,0.04733494186429188,3,60mm,0.7735896
SubNetW8CleanAuxExDnRcK9Rr01QdEma,minbias,0,test,3.1092536,3.0904741287231445,-0.006039879136472193,3,60mm,0.6380356
SubNetW8CleanAuxExDnRcK9Rr01QdEma,minbias,0,test,15.596268,15.847290992736816,0.016095087450849643,3,60mm,1.651735
SubNetW8CleanAuxExDnRcK9Rr01QdEma,minbias,0,test,12.6254635,13.592850685119629,0.07662191574164279,2,40mm,1.9895607
SubNetW8CleanAuxExDnRcK9Rr01QdEma,minbias,0,test,18.647713,18.1683406829834,-0.025706746562157767,4,120mm,4.252314
SubNetW8CleanAuxExDnRcK9Rr01QdEma,minbias,0,test,25.38087,24.00810432434082,-0.05408665859164952,1,30mm,2.0384789
SubNetW8CleanAuxExDnRcK9Rr01QdEma,minbias,0,test,25.428473,24.696903228759766,-0.028769690732181608,1,30mm,1.3785741
SubNetW8CleanAuxExDnRcK9Rr01QdEma,minbias,0,test,18.108734,18.402685165405273,0.016232555650865343,4,120mm,3.986825
SubNetW8CleanAuxExDnRcK9Rr01QdEma,minbias,0,test,22.097033,21.197399139404297,-0.040712860682962204,2,40mm,1.6150162
SubNetW8CleanAuxExDnRcK9Rr01QdEma,minbias,0,test,26.637878,26.440319061279297,-0.00741648240860604,3,60mm,4.171487
SubNetW8CleanAuxExDnRcK9Rr01QdEma,minbias,0,test,12.246869,12.36082649230957,0.009305023535301604,3,60mm,2.5558395
SubNetW8CleanAuxExDnRcK9Rr01QdEma,minbias,0,test,51.63392,50.545814514160156,-0.021073439206851452,2,40mm,4.37825
SubNetW8CleanAuxExDnRcK9Rr01QdEma,minbias,0,test,18.400063,21.162919998168945,0.15015478496168533,0,15mm,0.8850279
SubNetW8CleanAuxExDnRcK9Rr01QdEma,minbias,0,test,18.721209,18.936912536621094,0.011521903802276245,3,60mm,3.6905584
SubNetW8CleanAuxExDnRcK9Rr01QdEma,minbias,0,test,41.852516,40.545719146728516,-0.031223858134241222,1,30mm,3.0544565
SubNetW8CleanAuxExDnRcK9Rr01QdEma,minbias,0,test,41.94888,43.606693267822266,0.03951986455507761,1,30mm,2.2671
SubNetW8CleanAuxExDnRcK9Rr01QdEma,minbias,0,test,98.3902,94.71833038330078,-0.03731944293667899,0,15mm,2.2318332
SubNetW8CleanAuxExDnRcK9Rr01QdEma,minbias,0,test,16.488184,19.571372985839844,0.1869938505813542,2,40mm,1.260068
SubNetW8CleanAuxExDnRcK9Rr01QdEma,minbias,0,test,67.82836,67.11355590820312,-0.01053844714955987,1,30mm,3.846994
SubNetW8CleanAuxExDnRcK9Rr01QdEma,minbias,0,test,44.76081,43.0783576965332,-0.03758763801394571,2,40mm,3.7895932
SubNetW8CleanAuxExDnRcK9Rr01QdEma,minbias,0,test,62.16093,61.979305267333984,-0.0029218572559935874,1,30mm,4.9075203
SubNetW8CleanAuxExDnRcK9Rr01QdEma,minbias,0,test,14.264401,13.575235366821289,-0.048313704022561854,3,60mm,2.2985642
SubNetW8CleanAuxExDnRcK9Rr01QdEma,minbias,0,test,18.167185,16.920873641967773,-0.0686023288377533,2,40mm,1.3688737
SubNetW8CleanAuxExDnRcK9Rr01QdEma,minbias,0,test,71.83259,72.26995086669922,0.006088638623270581,2,40mm,4.970876
SubNetW8CleanAuxExDnRcK9Rr01QdEma,minbias,0,test,10.89321,10.466136932373047,-0.03920547410565545,3,60mm,2.557116
SubNetW8CleanAuxExDnRcK9Rr01QdEma,minbias,0,test,64.618355,64.9491958618164,0.00511992398275396,0,15mm,2.5280356
SubNetW8CleanAuxExDnRcK9Rr01QdEma,minbias,0,test,7.2920804,7.483861923217773,0.02629997343159607,3,60mm,1.169931
SubNetW8CleanAuxExDnRcK9Rr01QdEma,minbias,0,test,43.97524,41.93702697753906,-0.04634907912103259,2,40mm,4.762623
SubNetW8CleanAuxExDnRcK9Rr01QdEma,minbias,0,test,22.494942,23.053239822387695,0.024818828967151374,2,40mm,2.6902487
SubNetW8CleanAuxExDnRcK9Rr01QdEma,minbias,0,test,13.640075,14.02793025970459,0.028435000354829265,3,60mm,2.286385
SubNetW8CleanAuxExDnRcK9Rr01QdEma,minbias,0,test,19.498045,18.71344757080078,-0.040239798305537255,2,40mm,1.4088223
SubNetW8CleanAuxExDnRcK9Rr01QdEma,minbias,0,test,29.340511,29.96556854248047,0.02130355581055765,1,30mm,2.2258124
SubNetW8CleanAuxExDnRcK9Rr01QdEma,minbias,0,test,8.955879,8.234939575195312,-0.08049903523829405,3,60mm,1.8995458
SubNetW8CleanAuxExDnRcK9Rr01QdEma,minbias,0,test,24.142385,24.002378463745117,-0.0057992205924631834,3,60mm,3.3304603
SubNetW8CleanAuxExDnRcK9Rr01QdEma,minbias,0,test,11.630673,10.93472957611084,-0.05983693359391817,1,30mm,0.8732034
SubNetW8CleanAuxExDnRcK9Rr01QdEma,minbias,0,test,16.177341,16.45504379272461,0.0171661290706715,3,60mm,2.0752308
SubNetW8CleanAuxExDnRcK9Rr01QdEma,minbias,0,test,31.193151,29.838573455810547,-0.043425494192774416,3,60mm,3.3922844
SubNetW8CleanAuxExDnRcK9Rr01QdEma,minbias,0,test,14.849303,14.930187225341797,0.005446988216206927,3,60mm,2.648022
SubNetW8CleanAuxExDnRcK9Rr01QdEma,minbias,0,test,15.174401,15.84154987335205,0.043965397885166624,3,60mm,2.2266412
SubNetW8CleanAuxExDnRcK9Rr01QdEma,minbias,0,test,67.8568,66.84671020507812,-0.014885554803248824,2,40mm,4.729841
SubNetW8CleanAuxExDnRcK9Rr01QdEma,minbias,0,test,31.755482,31.999038696289062,0.007669761664021335,2,40mm,4.650567
SubNetW8CleanAuxExDnRcK9Rr01QdEma,minbias,0,test,5.3737316,5.369895935058594,-0.0007137829680948782,3,60mm,1.1768616
SubNetW8CleanAuxExDnRcK9Rr01QdEma,minbias,0,test,13.32799,13.532435417175293,0.015339585743817219,3,60mm,2.0936527
SubNetW8CleanAuxExDnRcK9Rr01QdEma,minbias,0,test,8.83024,8.213294982910156,-0.06986732515564553,3,60mm,1.513816
SubNetW8CleanAuxExDnRcK9Rr01QdEma,minbias,0,test,21.335146,20.53542137145996,-0.03748390476070429,3,60mm,4.3267326
SubNetW8CleanAuxExDnRcK9Rr01QdEma,minbias,0,test,5.4072776,4.37122917175293,-0.19160259413611236,3,60mm,0.8564364
SubNetW8CleanAuxExDnRcK9Rr01QdEma,minbias,0,test,35.835335,35.376258850097656,-0.01281070570654641,2,40mm,3.4272711
SubNetW8CleanAuxExDnRcK9Rr01QdEma,minbias,0,test,12.717563,12.56229305267334,-0.012209070775970998,2,40mm,1.717254
SubNetW8CleanAuxExDnRcK9Rr01QdEma,minbias,0,test,26.583757,28.139404296875,0.058518698953079706,0,15mm,1.2474338
SubNetW8CleanAuxExDnRcK9Rr01QdEma,minbias,0,test,26.821198,27.398969650268555,0.021541623571899038,1,30mm,1.3228369
SubNetW8CleanAuxExDnRcK9Rr01QdEma,minbias,0,test,4.090864,4.955079555511475,0.2112549661015921,3,60mm,0.88510996
SubNetW8CleanAuxExDnRcK9Rr01QdEma,minbias,0,test,26.202154,26.3455753326416,0.0054736405343775996,2,40mm,3.091434
SubNetW8CleanAuxExDnRcK9Rr01QdEma,minbias,0,test,6.044933,6.143162727355957,0.016249954741379913,4,120mm,1.4249943
SubNetW8CleanAuxExDnRcK9Rr01QdEma,minbias,0,test,32.509415,30.806900024414062,-0.05236989547705584,1,30mm,2.6673937
SubNetW8CleanAuxExDnRcK9Rr01QdEma,minbias,0,test,64.3097,71.6527099609375,0.11418199660916861,0,15mm,1.6271983
SubNetW8CleanAuxExDnRcK9Rr01QdEma,minbias,0,test,14.59209,14.904288291931152,0.021395060360769325,3,60mm,2.4482355
SubNetW8CleanAuxExDnRcK9Rr01QdEma,minbias,0,test,10.723849,10.408245086669922,-0.02943012356587782,3,60mm,1.7604293
SubNetW8CleanAuxExDnRcK9Rr01QdEma,minbias,0,test,98.765724,96.61896514892578,-0.021735870930732926,1,30mm,3.7962193
SubNetW8CleanAuxExDnRcK9Rr01QdEma,minbias,0,test,12.49695,13.497200965881348,0.08003959401105099,3,60mm,1.3995938
SubNetW8CleanAuxExDnRcK9Rr01QdEma,minbias,0,test,61.217068,56.9083366394043,-0.07038447347583487,1,30mm,4.245089
SubNetW8CleanAuxExDnRcK9Rr01QdEma,minbias,0,test,15.177556,14.318947792053223,-0.056570915877721784,3,60mm,2.1503575
SubNetW8CleanAuxExDnRcK9Rr01QdEma,minbias,0,test,23.130634,22.573457717895508,-0.024088253808779214,3,60mm,3.9931931
SubNetW8CleanAuxExDnRcK9Rr01QdEma,minbias,0,test,64.05166,60.681217193603516,-0.05262067382544611,1,30mm,3.9117002
SubNetW8CleanAuxExDnRcK9Rr01QdEma,minbias,0,test,13.982224,13.277581214904785,-0.050395647080689665,3,60mm,2.574539
SubNetW8CleanAuxExDnRcK9Rr01QdEma,minbias,0,test,86.25217,84.30342864990234,-0.022593497318589506,0,15mm,2.631877
SubNetW8CleanAuxExDnRcK9Rr01QdEma,minbias,0,test,56.512318,55.34046936035156,-0.020736157101569952,2,40mm,4.868605
SubNetW8CleanAuxExDnRcK9Rr01QdEma,minbias,0,test,4.3427324,4.381390571594238,0.008901801508009344,3,60mm,0.5262792
SubNetW8CleanAuxExDnRcK9Rr01QdEma,minbias,0,test,22.861814,22.794252395629883,-0.0029552380137950474,3,60mm,3.0053303
SubNetW8CleanAuxExDnRcK9Rr01QdEma,minbias,0,test,31.793385,31.71856117248535,-0.0023534260529645135,2,40mm,3.954915
SubNetW8CleanAuxExDnRcK9Rr01QdEma,minbias,0,test,14.295978,13.572019577026367,-0.05064067922317583,3,60mm,3.1959648
SubNetW8CleanAuxExDnRcK9Rr01QdEma,minbias,0,test,28.387728,25.30601692199707,-0.10855785443393273,1,30mm,1.5785667
SubNetW8CleanAuxExDnRcK9Rr01QdEma,minbias,0,test,16.321985,16.888916015625,0.03473417984226801,3,60mm,2.6609535
SubNetW8CleanAuxExDnRcK9Rr01QdEma,minbias,0,test,72.84975,72.39259338378906,-0.006275290457348426,1,30mm,3.0169978
SubNetW8CleanAuxExDnRcK9Rr01QdEma,minbias,0,test,37.62908,36.619205474853516,-0.026837653349402135,3,60mm,4.4675217
SubNetW8CleanAuxExDnRcK9Rr01QdEma,minbias,0,test,43.188416,43.72440719604492,0.01241054255305607,1,30mm,3.5149698
SubNetW8CleanAuxExDnRcK9Rr01QdEma,minbias,0,test,43.41085,42.368064880371094,-0.024021313379544607,2,40mm,4.2451534
SubNetW8CleanAuxExDnRcK9Rr01QdEma,minbias,0,test,75.829506,75.88473510742188,0.0007283337315910909,0,15mm,2.244837
SubNetW8CleanAuxExDnRcK9Rr01QdEma,minbias,0,test,5.888359,5.530263900756836,-0.060814085014362584,2,40mm,0.79315203
SubNetW8CleanAuxExDnRcK9Rr01QdEma,minbias,0,test,8.218044,8.563159942626953,0.04199486517963291,3,60mm,1.0080262
SubNetW8CleanAuxExDnRcK9Rr01QdEma,minbias,0,test,31.81283,30.721477508544922,-0.034305419032279016,3,60mm,3.466737
SubNetW8CleanAuxExDnRcK9Rr01QdEma,minbias,0,test,30.648478,30.674543380737305,0.0008504770382089522,3,60mm,4.458847
SubNetW8CleanAuxExDnRcK9Rr01QdEma,minbias,0,test,30.82364,30.306232452392578,-0.016786088766628904,0,15mm,0.6417389
SubNetW8CleanAuxExDnRcK9Rr01QdEma,minbias,0,test,17.990772,18.49596405029297,0.02808060688189351,1,30mm,0.79343444
SubNetW8CleanAuxExDnRcK9Rr01QdEma,minbias,0,test,9.776646,9.644542694091797,-0.013512095139508573,3,60mm,1.3337907
SubNetW8CleanAuxExDnRcK9Rr01QdEma,minbias,0,test,38.503353,36.74653625488281,-0.04562763296455519,2,40mm,4.867302
SubNetW8CleanAuxExDnRcK9Rr01QdEma,minbias,0,test,92.275116,83.76236724853516,-0.09225400184080879,0,15mm,1.9320756
SubNetW8CleanAuxExDnRcK9Rr01QdEma,minbias,0,test,8.70201,8.97092342376709,0.030902431077603598,3,60mm,1.6305854
SubNetW8CleanAuxExDnRcK9Rr01QdEma,minbias,0,test,99.92551,95.32688903808594,-0.04602045774455399,0,15mm,3.8636408
SubNetW8CleanAuxExDnRcK9Rr01QdEma,minbias,0,test,16.711557,17.105472564697266,0.02357142229408571,4,120mm,3.9932978
SubNetW8CleanAuxExDnRcK9Rr01QdEma,minbias,0,test,72.36137,69.76061248779297,-0.0359411923540065,1,30mm,3.678675
SubNetW8CleanAuxExDnRcK9Rr01QdEma,minbias,0,test,7.5965114,7.140316009521484,-0.060053270850695895,3,60mm,1.4456216
SubNetW8CleanAuxExDnRcK9Rr01QdEma,minbias,0,test,46.74904,44.38066864013672,-0.05066136378843544,0,15mm,1.4756275
SubNetW8CleanAuxExDnRcK9Rr01QdEma,minbias,0,test,28.553751,28.854522705078125,0.010533527218297367,3,60mm,4.80027
SubNetW8CleanAuxExDnRcK9Rr01QdEma,minbias,0,test,27.743904,26.191499710083008,-0.05595479271124115,3,60mm,4.6793737
SubNetW8CleanAuxExDnRcK9Rr01QdEma,minbias,0,test,27.830517,27.255176544189453,-0.02067299988774063,3,60mm,4.6263037
SubNetW8CleanAuxExDnRcK9Rr01QdEma,minbias,0,test,43.72304,42.98563003540039,-0.016865512396772808,2,40mm,4.611692
SubNetW8CleanAuxExDnRcK9Rr01QdEma,minbias,0,test,26.215446,26.043495178222656,-0.006559159468364051,2,40mm,2.8371549
SubNetW8CleanAuxExDnRcK9Rr01QdEma,minbias,0,test,13.391316,13.111299514770508,-0.02091033401456066,3,60mm,2.9909785
SubNetW8CleanAuxExDnRcK9Rr01QdEma,minbias,0,test,21.33282,20.697267532348633,-0.029792279379879827,3,60mm,2.5822854
SubNetW8CleanAuxExDnRcK9Rr01QdEma,minbias,0,test,51.78483,50.0606689453125,-0.03329467917762852,1,30mm,4.542002
SubNetW8CleanAuxExDnRcK9Rr01QdEma,minbias,0,test,35.635807,33.29143142700195,-0.06578707780896287,2,40mm,3.6945808
SubNetW8CleanAuxExDnRcK9Rr01QdEma,minbias,0,test,17.561495,17.199268341064453,-0.020626176175137956,4,120mm,3.9597266
SubNetW8CleanAuxExDnRcK9Rr01QdEma,minbias,0,test,23.608713,23.824939727783203,0.009158761698901285,2,40mm,2.2723463
SubNetW8CleanAuxExDnRcK9Rr01QdEma,minbias,0,test,26.72641,24.80686378479004,-0.07182207163744858,2,40mm,3.7256794
SubNetW8CleanAuxExDnRcK9Rr01QdEma,minbias,0,test,7.356408,6.730936527252197,-0.08502404730874846,3,60mm,1.2917812
SubNetW8CleanAuxExDnRcK9Rr01QdEma,minbias,0,test,70.75932,75.87753295898438,0.07233265685963097,1,30mm,3.8099873
SubNetW8CleanAuxExDnRcK9Rr01QdEma,minbias,0,test,15.056022,14.80965805053711,-0.01636312997537337,3,60mm,2.616281
SubNetW8CleanAuxExDnRcK9Rr01QdEma,minbias,0,test,32.667667,31.653932571411133,-0.03103174785748053,3,60mm,4.523789
SubNetW8CleanAuxExDnRcK9Rr01QdEma,minbias,0,test,97.85811,90.4620132446289,-0.07557978983753733,0,15mm,4.7579966
SubNetW8CleanAuxExDnRcK9Rr01QdEma,minbias,0,test,28.023863,27.435504913330078,-0.02099489027621093,1,30mm,1.4192228
SubNetW8CleanAuxExDnRcK9Rr01QdEma,minbias,0,test,12.416383,11.702326774597168,-0.057509181789406894,3,60mm,1.8299216
SubNetW8CleanAuxExDnRcK9Rr01QdEma,minbias,0,test,40.81287,40.43796157836914,-0.009186034871601634,2,40mm,4.396873
SubNetW8CleanAuxExDnRcK9Rr01QdEma,minbias,0,test,16.836956,16.352895736694336,-0.02874986944081248,2,40mm,2.3695967
SubNetW8CleanAuxExDnRcK9Rr01QdEma,minbias,0,test,74.76593,74.18923950195312,-0.007713281603964228,0,15mm,1.9138439
SubNetW8CleanAuxExDnRcK9Rr01QdEma,minbias,0,test,85.99149,87.59407806396484,0.01863655088151739,1,30mm,3.8772306
SubNetW8CleanAuxExDnRcK9Rr01QdEma,minbias,0,test,63.151524,65.88337707519531,0.04325871063443687,1,30mm,3.446971
SubNetW8CleanAuxExDnRcK9Rr01QdEma,minbias,0,test,16.811476,17.23116683959961,0.024964559445113554,3,60mm,2.7000077
SubNetW8CleanAuxExDnRcK9Rr01QdEma,minbias,0,test,54.0314,53.81662368774414,-0.003975005095662509,2,40mm,4.5636296
SubNetW8CleanAuxExDnRcK9Rr01QdEma,minbias,0,test,14.224514,14.360422134399414,0.009554500544534772,2,40mm,0.92509127
SubNetW8CleanAuxExDnRcK9Rr01QdEma,minbias,0,test,12.591813,13.62443733215332,0.08200758997272906,2,40mm,2.5989144
SubNetW8CleanAuxExDnRcK9Rr01QdEma,minbias,0,test,30.425972,30.482315063476562,0.0018518086666652334,2,40mm,2.9836035
SubNetW8CleanAuxExDnRcK9Rr01QdEma,minbias,0,test,79.85187,80.0126724243164,0.0020137881957635884,1,30mm,4.3167305
SubNetW8CleanAuxExDnRcK9Rr01QdEma,minbias,0,test,33.452927,32.48347473144531,-0.02897958420358593,3,60mm,4.2095456
SubNetW8CleanAuxExDnRcK9Rr01QdEma,minbias,0,test,24.284822,23.197935104370117,-0.04475582892281105,4,120mm,4.9518285
SubNetW8CleanAuxExDnRcK9Rr01QdEma,minbias,0,test,48.748066,49.28486251831055,0.011011648552200493,1,30mm,4.266885
SubNetW8CleanAuxExDnRcK9Rr01QdEma,minbias,0,test,8.417135,8.34433650970459,-0.008648872434485089,3,60mm,1.4434394
SubNetW8CleanAuxExDnRcK9Rr01QdEma,minbias,0,test,29.173279,29.950132369995117,0.026628942413306156,1,30mm,1.5247107
SubNetW8CleanAuxExDnRcK9Rr01QdEma,minbias,0,test,23.544596,23.326581954956055,-0.009259609552671466,3,60mm,4.0975137
SubNetW8CleanAuxExDnRcK9Rr01QdEma,minbias,0,test,42.771393,40.166954040527344,-0.060892073179868,0,15mm,1.7209064
SubNetW8CleanAuxExDnRcK9Rr01QdEma,minbias,0,test,11.96598,11.66643238067627,-0.025033236395672342,3,60mm,1.9302392
SubNetW8CleanAuxExDnRcK9Rr01QdEma,minbias,0,test,33.21972,35.65465545654297,0.07329792670253266,2,40mm,2.2264535
SubNetW8CleanAuxExDnRcK9Rr01QdEma,minbias,0,test,8.059253,7.785939693450928,-0.03391295128153882,2,40mm,0.77128935
SubNetW8CleanAuxExDnRcK9Rr01QdEma,minbias,0,test,27.599878,27.783859252929688,0.006666005541701603,2,40mm,2.6564705
SubNetW8CleanAuxExDnRcK9Rr01QdEma,minbias,0,test,11.578001,11.06227970123291,-0.04454320915250498,3,60mm,2.5943117
SubNetW8CleanAuxExDnRcK9Rr01QdEma,minbias,0,test,20.680212,20.47498893737793,-0.009923645042369311,3,60mm,4.001742
SubNetW8CleanAuxExDnRcK9Rr01QdEma,minbias,0,test,16.325853,16.441255569458008,0.007068679304006675,3,60mm,2.0473237
SubNetW8CleanAuxExDnRcK9Rr01QdEma,minbias,0,test,17.135485,15.265719413757324,-0.10911656804055325,1,30mm,0.9293972
SubNetW8CleanAuxExDnRcK9Rr01QdEma,minbias,0,test,13.452574,13.472188949584961,0.0014580981800285109,2,40mm,1.3020955
SubNetW8CleanAuxExDnRcK9Rr01QdEma,minbias,0,test,8.517085,8.706002235412598,0.02218096430436156,4,120mm,1.8425226
SubNetW8CleanAuxExDnRcK9Rr01QdEma,minbias,0,test,9.559713,9.336638450622559,-0.023334895570528813,1,30mm,0.5303052
SubNetW8CleanAuxExDnRcK9Rr01QdEma,minbias,0,test,24.393223,24.038854598999023,-0.014527322306525092,2,40mm,3.6797197
SubNetW8CleanAuxExDnRcK9Rr01QdEma,minbias,0,test,22.645678,22.40603256225586,-0.010582372886323799,1,30mm,1.3074578
SubNetW8CleanAuxExDnRcK9Rr01QdEma,minbias,0,test,15.300417,16.411842346191406,0.07264020344497668,2,40mm,1.2795585
SubNetW8CleanAuxExDnRcK9Rr01QdEma,minbias,0,test,34.09707,33.20502853393555,-0.02616178705178207,2,40mm,3.528006
SubNetW8CleanAuxExDnRcK9Rr01QdEma,minbias,0,test,51.613014,53.05515670776367,0.027941450588253813,0,15mm,1.799671
SubNetW8CleanAuxExDnRcK9Rr01QdEma,minbias,0,test,47.777214,47.27177429199219,-0.010579096507567942,2,40mm,4.5043745
SubNetW8CleanAuxExDnRcK9Rr01QdEma,minbias,0,test,32.888714,32.12952423095703,-0.02308359060445886,3,60mm,4.315289
SubNetW8CleanAuxExDnRcK9Rr01QdEma,minbias,0,test,3.5209236,3.2986435890197754,-0.0631311694938943,3,60mm,0.6296789
SubNetW8CleanAuxExDnRcK9Rr01QdEma,minbias,0,test,32.63662,32.109901428222656,-0.016138869362774422,3,60mm,4.5973344
SubNetW8CleanAuxExDnRcK9Rr01QdEma,minbias,0,test,51.936954,51.52793502807617,-0.007875307171280155,0,15mm,1.9422332
SubNetW8CleanAuxExDnRcK9Rr01QdEma,minbias,0,test,10.6846895,10.272212982177734,-0.03860444786632711,3,60mm,1.5710378
SubNetW8CleanAuxExDnRcK9Rr01QdEma,minbias,0,test,30.573156,30.852649688720703,0.00914178858889425,1,30mm,1.3989093
SubNetW8CleanAuxExDnRcK9Rr01QdEma,minbias,0,test,34.98213,35.43259811401367,0.012877145977445714,2,40mm,3.7308023
SubNetW8CleanAuxExDnRcK9Rr01QdEma,minbias,0,test,3.4764051,3.44284987449646,-0.009652289607779974,3,60mm,0.66777134
SubNetW8CleanAuxExDnRcK9Rr01QdEma,minbias,0,test,10.261672,10.448732376098633,0.018229032829768066,2,40mm,0.7910513
SubNetW8CleanAuxExDnRcK9Rr01QdEma,minbias,0,test,30.51524,32.65026092529297,0.0699657361245305,3,60mm,3.7881503
SubNetW8CleanAuxExDnRcK9Rr01QdEma,minbias,0,test,41.800613,41.46240997314453,-0.008090872421238626,0,15mm,1.9614705
SubNetW8CleanAuxExDnRcK9Rr01QdEma,minbias,0,test,43.866116,43.1041374206543,-0.017370540781002974,2,40mm,3.5736465
SubNetW8CleanAuxExDnRcK9Rr01QdEma,minbias,0,test,25.637081,25.685941696166992,0.0019058546348567074,2,40mm,4.7412953
SubNetW8CleanAuxExDnRcK9Rr01QdEma,minbias,0,test,18.735771,17.206079483032227,-0.08164551549739696,3,60mm,3.0793803
SubNetW8CleanAuxExDnRcK9Rr01QdEma,minbias,0,test,23.853535,23.033523559570312,-0.034376923557918326,3,60mm,3.5843391
SubNetW8CleanAuxExDnRcK9Rr01QdEma,minbias,0,test,21.916115,21.959104537963867,0.0019615580230933904,2,40mm,2.518635
SubNetW8CleanAuxExDnRcK9Rr01QdEma,minbias,0,test,12.76138,12.178384780883789,-0.04568435434077034,1,30mm,0.95552254
SubNetW8CleanAuxExDnRcK9Rr01QdEma,minbias,0,test,17.25264,16.018993377685547,-0.07150479052667047,1,30mm,0.71998435
SubNetW8CleanAuxExDnRcK9Rr01QdEma,minbias,0,test,3.1717632,2.890251398086548,-0.08875561240677998,3,60mm,0.7416818
SubNetW8CleanAuxExDnRcK9Rr01QdEma,minbias,0,test,49.327396,49.02324676513672,-0.006165937185563797,2,40mm,4.9329343
SubNetW8CleanAuxExDnRcK9Rr01QdEma,minbias,0,test,10.082722,10.108489036560059,0.002555592338614243,3,60mm,1.1022696
SubNetW8CleanAuxExDnRcK9Rr01QdEma,minbias,0,test,33.7167,35.116859436035156,0.04152713242582484,1,30mm,1.8580185
SubNetW8CleanAuxExDnRcK9Rr01QdEma,minbias,0,test,4.1823845,4.246540546417236,0.015339588119888337,4,120mm,0.9458473
SubNetW8CleanAuxExDnRcK9Rr01QdEma,minbias,0,test,13.627653,13.951327323913574,0.023751279774213874,4,120mm,2.913222
SubNetW8CleanAuxExDnRcK9Rr01QdEma,minbias,0,test,20.00339,23.303091049194336,0.16495712959105657,1,30mm,1.7557528
SubNetW8CleanAuxExDnRcK9Rr01QdEma,minbias,0,test,64.16761,71.09100341796875,0.10789545116821353,0,15mm,2.044873
SubNetW8CleanAuxExDnRcK9Rr01QdEma,minbias,0,test,21.914087,21.801090240478516,-0.005156366018344238,3,60mm,3.483614
SubNetW8CleanAuxExDnRcK9Rr01QdEma,minbias,0,test,34.39724,33.59116744995117,-0.023434212817302402,2,40mm,3.8162377
SubNetW8CleanAuxExDnRcK9Rr01QdEma,minbias,0,test,20.41147,19.670307159423828,-0.03631111521022912,3,60mm,3.8602054
SubNetW8CleanAuxExDnRcK9Rr01QdEma,minbias,0,test,10.73781,14.198559761047363,0.32229566202847226,1,30mm,0.60452807
SubNetW8CleanAuxExDnRcK9Rr01QdEma,minbias,0,test,20.87641,20.383037567138672,-0.02363298932112201,3,60mm,4.96846
SubNetW8CleanAuxExDnRcK9Rr01QdEma,minbias,0,test,69.589195,68.34062957763672,-0.01794194729966847,1,30mm,4.168766
SubNetW8CleanAuxExDnRcK9Rr01QdEma,minbias,0,test,71.32394,35.25106430053711,-0.5057610943961381,1,30mm,3.1604052
SubNetW8CleanAuxExDnRcK9Rr01QdEma,minbias,0,test,14.557662,13.676063537597656,-0.060559069992004444,1,30mm,0.84166217
SubNetW8CleanAuxExDnRcK9Rr01QdEma,minbias,0,test,20.594885,20.66300392150879,0.0033075712485983733,2,40mm,2.1453426
SubNetW8CleanAuxExDnRcK9Rr01QdEma,minbias,0,test,23.988682,15.20745849609375,-0.36605693354953794,0,15mm,0.77051044
SubNetW8CleanAuxExDnRcK9Rr01QdEma,minbias,0,test,38.86941,38.561214447021484,-0.007929037508944359,0,15mm,1.7086525
SubNetW8CleanAuxExDnRcK9Rr01QdEma,minbias,0,test,20.833128,19.462980270385742,-0.06576773812803394,3,60mm,4.8737416
SubNetW8CleanAuxExDnRcK9Rr01QdEma,minbias,0,test,7.202604,8.174140930175781,0.13488692948770775,3,60mm,0.99357957
SubNetW8CleanAuxExDnRcK9Rr01QdEma,minbias,0,test,14.611269,14.525728225708008,-0.005854438207989476,2,40mm,2.5358596
SubNetW8CleanAuxExDnRcK9Rr01QdEma,minbias,0,test,25.692663,23.831558227539062,-0.0724372149063629,1,30mm,1.4356781
SubNetW8CleanAuxExDnRcK9Rr01QdEma,minbias,0,test,4.8034797,4.681950569152832,-0.025300222055075094,4,120mm,1.1445101
SubNetW8CleanAuxExDnRcK9Rr01QdEma,minbias,0,test,49.101162,47.01584243774414,-0.042469860914456814,0,15mm,2.4711406
SubNetW8CleanAuxExDnRcK9Rr01QdEma,minbias,0,test,18.266594,17.870746612548828,-0.0216705600401631,3,60mm,4.3661313
SubNetW8CleanAuxExDnRcK9Rr01QdEma,minbias,0,test,20.852438,21.011442184448242,0.007625209658050025,2,40mm,1.9409852
SubNetW8CleanAuxExDnRcK9Rr01QdEma,minbias,0,test,9.835081,9.880341529846191,0.0046019375864820855,2,40mm,1.0522054
SubNetW8CleanAuxExDnRcK9Rr01QdEma,minbias,0,test,10.265107,10.652044296264648,0.037694408405253066,3,60mm,1.3217218
SubNetW8CleanAuxExDnRcK9Rr01QdEma,minbias,0,test,21.600632,22.002592086791992,0.018608732293081687,3,60mm,4.018911
SubNetW8CleanAuxExDnRcK9Rr01QdEma,minbias,0,test,6.5394883,6.84879207611084,0.04729785353260074,2,40mm,0.9825734
SubNetW8CleanAuxExDnRcK9Rr01QdEma,minbias,0,test,27.84108,28.22686195373535,0.013856583358590191,2,40mm,4.859284
SubNetW8CleanAuxExDnRcK9Rr01QdEma,minbias,0,test,32.119003,28.6472110748291,-0.10809153039666952,1,30mm,2.8027015
SubNetW8CleanAuxExDnRcK9Rr01QdEma,minbias,0,test,9.147132,8.829705238342285,-0.03470231809266222,3,60mm,1.3360143
SubNetW8CleanAuxExDnRcK9Rr01QdEma,minbias,0,test,33.50974,32.531620025634766,-0.029189093318740755,2,40mm,3.0961297
SubNetW8CleanAuxExDnRcK9Rr01QdEma,minbias,0,test,31.288774,31.120521545410156,-0.0053774220207361,3,60mm,4.3538065
SubNetW8CleanAuxExDnRcK9Rr01QdEma,minbias,0,test,41.02861,45.3001594543457,0.10411147735594128,0,15mm,0.86014825
SubNetW8CleanAuxExDnRcK9Rr01QdEma,minbias,0,test,10.936078,11.472269058227539,0.049029550001661315,3,60mm,1.7585611
SubNetW8CleanAuxExDnRcK9Rr01QdEma,minbias,0,test,87.62697,28.1570987701416,-0.6786708556797378,1,30mm,4.2605753
SubNetW8CleanAuxExDnRcK9Rr01QdEma,minbias,0,test,16.406235,15.788116455078125,-0.037675816290751785,4,120mm,3.4219172
SubNetW8CleanAuxExDnRcK9Rr01QdEma,minbias,0,test,3.3918223,3.2217700481414795,-0.05013596615965854,3,60mm,0.57646066
SubNetW8CleanAuxExDnRcK9Rr01QdEma,minbias,0,test,40.78126,35.57615280151367,-0.12763481212355232,1,30mm,1.5717431
SubNetW8CleanAuxExDnRcK9Rr01QdEma,minbias,0,test,17.877077,19.902055740356445,0.11327235576971817,2,40mm,1.9914466
SubNetW8CleanAuxExDnRcK9Rr01QdEma,minbias,0,test,48.624416,49.88200378417969,0.025863291062973026,1,30mm,2.7731664
SubNetW8CleanAuxExDnRcK9Rr01QdEma,minbias,0,test,41.523006,42.32646560668945,0.019349734915191208,3,60mm,4.237192
SubNetW8CleanAuxExDnRcK9Rr01QdEma,minbias,0,test,14.232836,13.753485679626465,-0.033679169617688354,4,120mm,3.1940446
SubNetW8CleanAuxExDnRcK9Rr01QdEma,minbias,0,test,31.179605,31.676677703857422,0.015942222877180612,0,15mm,1.6533142
SubNetW8CleanAuxExDnRcK9Rr01QdEma,minbias,0,test,57.861137,40.882144927978516,-0.2934438075020026,1,30mm,3.5811045
SubNetW8CleanAuxExDnRcK9Rr01QdEma,minbias,0,test,20.317987,19.61060905456543,-0.03481537674289281,3,60mm,3.9703896
SubNetW8CleanAuxExDnRcK9Rr01QdEma,minbias,0,test,3.9984627,4.044826984405518,0.011595533370922562,3,60mm,0.9359732
SubNetW8CleanAuxExDnRcK9Rr01QdEma,minbias,0,test,12.772931,12.907918930053711,0.010568273646050397,2,40mm,0.91871834
SubNetW8CleanAuxExDnRcK9Rr01QdEma,minbias,0,test,60.759964,59.3150634765625,-0.023780470194991632,0,15mm,1.7400694
SubNetW8CleanAuxExDnRcK9Rr01QdEma,minbias,0,test,61.267673,59.757022857666016,-0.024656569258374672,2,40mm,4.11332
SubNetW8CleanAuxExDnRcK9Rr01QdEma,minbias,0,test,11.797931,12.311685562133789,0.04354618254410081,1,30mm,0.6416585
SubNetW8CleanAuxExDnRcK9Rr01QdEma,minbias,0,test,12.43696,12.53480052947998,0.00786689893749748,2,40mm,1.4515566
SubNetW8CleanAuxExDnRcK9Rr01QdEma,minbias,0,test,41.26136,41.700965881347656,0.01065417405281499,1,30mm,2.2427819
SubNetW8CleanAuxExDnRcK9Rr01QdEma,minbias,0,test,18.099733,17.73952865600586,-0.019901105150939347,2,40mm,1.3592886
SubNetW8CleanAuxExDnRcK9Rr01QdEma,minbias,0,test,45.123203,47.72599792480469,0.05768195646937979,1,30mm,3.5849435
SubNetW8CleanAuxExDnRcK9Rr01QdEma,minbias,0,test,30.129328,29.034568786621094,-0.036335327347387314,2,40mm,3.283301
SubNetW8CleanAuxExDnRcK9Rr01QdEma,minbias,0,test,87.3422,85.22207641601562,-0.024273773582153324,1,30mm,4.5592823
SubNetW8CleanAuxExDnRcK9Rr01QdEma,minbias,0,test,38.398796,38.29706573486328,-0.0026493108394246567,2,40mm,3.961819
SubNetW8CleanAuxExDnRcK9Rr01QdEma,minbias,0,test,5.245318,6.563385963439941,0.25128467780079844,3,60mm,0.71013176
SubNetW8CleanAuxExDnRcK9Rr01QdEma,minbias,0,test,32.651787,31.39067840576172,-0.03862295212203559,2,40mm,4.5386724
SubNetW8CleanAuxExDnRcK9Rr01QdEma,minbias,0,test,41.3735,40.29269027709961,-0.026123255836467796,2,40mm,3.9184675
SubNetW8CleanAuxExDnRcK9Rr01QdEma,minbias,0,test,13.544265,12.862078666687012,-0.05036715813778314,3,60mm,3.0847833
SubNetW8CleanAuxExDnRcK9Rr01QdEma,minbias,0,test,38.524643,37.15638732910156,-0.035516373693881054,1,30mm,1.8094274
SubNetW8CleanAuxExDnRcK9Rr01QdEma,minbias,0,test,15.012239,15.531960487365723,0.034619820227762554,2,40mm,1.3788164
SubNetW8CleanAuxExDnRcK9Rr01QdEma,minbias,0,test,9.572281,10.06448745727539,0.05141998855465002,3,60mm,1.4085144
SubNetW8CleanAuxExDnRcK9Rr01QdEma,minbias,0,test,24.468048,24.230894088745117,-0.009692395814754673,2,40mm,3.3448138
SubNetW8CleanAuxExDnRcK9Rr01QdEma,minbias,0,test,38.37191,37.86113739013672,-0.013311109710481217,3,60mm,4.875429
SubNetW8CleanAuxExDnRcK9Rr01QdEma,minbias,0,test,13.764337,13.949370384216309,0.013442987031136333,3,60mm,2.9311612
SubNetW8CleanAuxExDnRcK9Rr01QdEma,minbias,0,test,30.666235,29.80179786682129,-0.028188563223184304,2,40mm,3.371172
SubNetW8CleanAuxExDnRcK9Rr01QdEma,minbias,0,test,24.558893,24.055871963500977,-0.020482243888656493,3,60mm,3.9395645
SubNetW8CleanAuxExDnRcK9Rr01QdEma,minbias,0,test,12.735951,13.800601959228516,0.08359411088887403,2,40mm,0.8103584
SubNetW8CleanAuxExDnRcK9Rr01QdEma,minbias,0,test,28.663826,28.122756958007812,-0.018876371597207897,2,40mm,3.9718177
SubNetW8CleanAuxExDnRcK9Rr01QdEma,minbias,0,test,81.8028,86.5811767578125,0.05841332498045859,1,30mm,4.3461695
SubNetW8CleanAuxExDnRcK9Rr01QdEma,minbias,0,test,18.321531,19.016626358032227,0.037938699065841686,2,40mm,1.483097
SubNetW8CleanAuxExDnRcK9Rr01QdEma,minbias,0,test,36.99652,36.451908111572266,-0.01472065128986011,1,30mm,1.7303033
SubNetW8CleanAuxExDnRcK9Rr01QdEma,minbias,0,test,20.060955,20.620147705078125,0.027874677758046085,3,60mm,3.286077
SubNetW8CleanAuxExDnRcK9Rr01QdEma,minbias,0,test,23.230959,22.756296157836914,-0.020432336952438845,3,60mm,4.1848745
SubNetW8CleanAuxExDnRcK9Rr01QdEma,minbias,0,test,37.8197,36.38600158691406,-0.03790873037046738,1,30mm,2.4108045
SubNetW8CleanAuxExDnRcK9Rr01QdEma,minbias,0,test,16.986967,17.11976432800293,0.00781759572102736,4,120mm,4.0775757
SubNetW8CleanAuxExDnRcK9Rr01QdEma,minbias,0,test,30.14283,29.456029891967773,-0.02278485482098802,0,15mm,1.094914
SubNetW8CleanAuxExDnRcK9Rr01QdEma,minbias,0,test,68.78442,67.15536499023438,-0.023683434395800895,0,15mm,2.3135054
SubNetW8CleanAuxExDnRcK9Rr01QdEma,minbias,0,test,75.00222,76.39873504638672,0.018619647387960736,0,15mm,2.4779687
SubNetW8CleanAuxExDnRcK9Rr01QdEma,minbias,0,test,7.583292,7.62347936630249,0.005299460816851065,3,60mm,1.334409
SubNetW8CleanAuxExDnRcK9Rr01QdEma,minbias,0,test,31.988268,31.223325729370117,-0.023913210043607802,2,40mm,3.449913
SubNetW8CleanAuxExDnRcK9Rr01QdEma,minbias,0,test,76.4123,76.58727264404297,0.002289847759171293,1,30mm,4.4616103
SubNetW8CleanAuxExDnRcK9Rr01QdEma,minbias,0,test,65.299675,65.34864044189453,0.0007498575469282454,1,30mm,4.1580048
SubNetW8CleanAuxExDnRcK9Rr01QdEma,minbias,0,test,67.181816,74.02676391601562,0.10188691244433268,0,15mm,1.8409902
SubNetW8CleanAuxExDnRcK9Rr01QdEma,minbias,0,test,54.485733,55.24763488769531,0.013983511151774541,2,40mm,3.4951022
SubNetW8CleanAuxExDnRcK9Rr01QdEma,minbias,0,test,69.44014,69.37435150146484,-0.0009474098015987975,0,15mm,2.472106
SubNetW8CleanAuxExDnRcK9Rr01QdEma,minbias,0,test,15.162333,15.561772346496582,0.026344219188573215,3,60mm,2.4626114
SubNetW8CleanAuxExDnRcK9Rr01QdEma,minbias,0,test,15.853527,15.514792442321777,-0.021366515179478296,3,60mm,2.4837806
SubNetW8CleanAuxExDnRcK9Rr01QdEma,minbias,0,test,5.1836996,5.32338285446167,0.026946632170012697,3,60mm,0.98599213
SubNetW8CleanAuxExDnRcK9Rr01QdEma,minbias,0,test,22.986336,22.32355308532715,-0.02883376785883207,3,60mm,4.795467
SubNetW8CleanAuxExDnRcK9Rr01QdEma,minbias,0,test,30.318623,29.95569610595703,-0.011970414621825132,3,60mm,3.2381024
SubNetW8CleanAuxExDnRcK9Rr01QdEma,minbias,0,test,16.569702,16.197553634643555,-0.022459577755840288,3,60mm,3.9218783
SubNetW8CleanAuxExDnRcK9Rr01QdEma,minbias,0,test,4.1469727,3.936722755432129,-0.050699611076769124,3,60mm,0.6438206
SubNetW8CleanAuxExDnRcK9Rr01QdEma,minbias,0,test,96.50021,96.5025634765625,2.435075972795353e-05,0,15mm,2.4436195
SubNetW8CleanAuxExDnRcK9Rr01QdEma,minbias,0,test,10.341068,10.325641632080078,-0.0014917835703870397,2,40mm,1.631503
SubNetW8CleanAuxExDnRcK9Rr01QdEma,minbias,0,test,81.91515,68.4164047241211,-0.16478939734555498,1,30mm,4.667034
SubNetW8CleanAuxExDnRcK9Rr01QdEma,minbias,0,test,77.928345,76.49777221679688,-0.01835753748889779,1,30mm,4.602374
SubNetW8CleanAuxExDnRcK9Rr01QdEma,minbias,0,test,20.214645,18.772674560546875,-0.07133297654641846,2,40mm,2.1744874
SubNetW8CleanAuxExDnRcK9Rr01QdEma,minbias,0,test,18.646635,18.52677345275879,-0.006428055379760322,3,60mm,3.448767
SubNetW8CleanAuxExDnRcK9Rr01QdEma,minbias,0,test,32.533115,31.00912094116211,-0.04684440539043788,1,30mm,1.5913756
SubNetW8CleanAuxExDnRcK9Rr01QdEma,minbias,0,test,27.138533,25.51082992553711,-0.059977550543781843,3,60mm,4.071905
SubNetW8CleanAuxExDnRcK9Rr01QdEma,minbias,0,test,34.759457,31.201984405517578,-0.10234544994212569,0,15mm,1.0815439
SubNetW8CleanAuxExDnRcK9Rr01QdEma,minbias,0,test,53.12462,51.26500701904297,-0.03500470333110728,1,30mm,2.2679203
SubNetW8CleanAuxExDnRcK9Rr01QdEma,minbias,0,test,25.346094,25.18878173828125,-0.006206573382569358,1,30mm,1.8223706
SubNetW8CleanAuxExDnRcK9Rr01QdEma,minbias,0,test,19.021326,18.929576873779297,-0.004823490800291541,3,60mm,2.2466507
SubNetW8CleanAuxExDnRcK9Rr01QdEma,minbias,0,test,4.1287627,4.03012228012085,-0.023891041587001616,3,60mm,0.7995655
SubNetW8CleanAuxExDnRcK9Rr01QdEma,minbias,0,test,68.19712,66.9232177734375,-0.018679716689154913,1,30mm,4.190054
SubNetW8CleanAuxExDnRcK9Rr01QdEma,minbias,0,test,36.746685,39.428287506103516,0.07297535753166517,2,40mm,2.695096
SubNetW8CleanAuxExDnRcK9Rr01QdEma,minbias,0,test,19.176313,19.353517532348633,0.009240782020051741,2,40mm,1.4283499
SubNetW8CleanAuxExDnRcK9Rr01QdEma,minbias,0,test,38.882015,38.78483581542969,-0.0024993409490549068,2,40mm,3.229592
SubNetW8CleanAuxExDnRcK9Rr01QdEma,minbias,0,test,22.9915,22.99347686767578,8.594537590655982e-05,3,60mm,3.2920315
SubNetW8CleanAuxExDnRcK9Rr01QdEma,minbias,0,test,67.672745,72.62406921386719,0.0731657106728949,1,30mm,4.5063977
SubNetW8CleanAuxExDnRcK9Rr01QdEma,minbias,0,test,64.58128,64.8696517944336,0.004465198106322177,1,30mm,3.169426
SubNetW8CleanAuxExDnRcK9Rr01QdEma,minbias,0,test,21.220348,21.128664016723633,-0.004320586065941434,2,40mm,1.9209472
SubNetW8CleanAuxExDnRcK9Rr01QdEma,minbias,0,test,15.091558,13.47225570678711,-0.10729857716880364,2,40mm,1.5977848
SubNetW8CleanAuxExDnRcK9Rr01QdEma,minbias,0,test,20.638573,20.552658081054688,-0.004162817511410677,3,60mm,3.57046
SubNetW8CleanAuxExDnRcK9Rr01QdEma,minbias,0,test,11.519743,10.482617378234863,-0.0900302715565422,1,30mm,1.0594976
SubNetW8CleanAuxExDnRcK9Rr01QdEma,minbias,0,test,35.05347,35.50453567504883,0.012867914520499735,2,40mm,4.1987653
SubNetW8CleanAuxExDnRcK9Rr01QdEma,minbias,0,test,24.147339,24.234725952148438,0.0036189116093319207,3,60mm,4.9000163
SubNetW8CleanAuxExDnRcK9Rr01QdEma,minbias,0,test,66.68273,68.53702545166016,0.027807706402536603,2,40mm,4.727476
SubNetW8CleanAuxExDnRcK9Rr01QdEma,minbias,0,test,11.97368,10.309924125671387,-0.13895105601907332,1,30mm,0.53704613
SubNetW8CleanAuxExDnRcK9Rr01QdEma,minbias,0,test,27.853384,27.3857364654541,-0.01678961350581154,3,60mm,3.99947
SubNetW8CleanAuxExDnRcK9Rr01QdEma,minbias,0,test,57.00541,57.56425094604492,0.009803310120314768,2,40mm,3.7298934
SubNetW8CleanAuxExDnRcK9Rr01QdEma,minbias,0,test,7.994981,7.970212936401367,-0.0030979280943346232,3,60mm,1.6517642
SubNetW8CleanAuxExDnRcK9Rr01QdEma,minbias,0,test,3.8620336,4.302536964416504,0.11405994971276123,4,120mm,0.783925
SubNetW8CleanAuxExDnRcK9Rr01QdEma,minbias,0,test,12.119684,13.143646240234375,0.0844875165343264,3,60mm,1.5978726
SubNetW8CleanAuxExDnRcK9Rr01QdEma,minbias,0,test,19.083483,18.367855072021484,-0.037499846330538156,3,60mm,2.1398873
SubNetW8CleanAuxExDnRcK9Rr01QdEma,minbias,0,test,3.8273945,4.128236770629883,0.07860237200478215,3,60mm,0.7168832
SubNetW8CleanAuxExDnRcK9Rr01QdEma,minbias,0,test,13.488187,13.963668823242188,0.03525173492718037,4,120mm,3.2060852
SubNetW8CleanAuxExDnRcK9Rr01QdEma,minbias,0,test,37.709724,37.7436637878418,0.0009000161652896743,2,40mm,2.7750323
SubNetW8CleanAuxExDnRcK9Rr01QdEma,minbias,0,test,10.865965,9.624638557434082,-0.11423986224074689,2,40mm,1.2001861
SubNetW8CleanAuxExDnRcK9Rr01QdEma,minbias,0,test,48.307663,48.22031021118164,-0.0018082587176879716,2,40mm,3.6066434
SubNetW8CleanAuxExDnRcK9Rr01QdEma,minbias,0,test,89.18685,87.18505096435547,-0.0224450185583297,1,30mm,3.838081
SubNetW8CleanAuxExDnRcK9Rr01QdEma,minbias,0,test,14.847421,13.509001731872559,-0.09014488026546175,2,40mm,2.0573978
SubNetW8CleanAuxExDnRcK9Rr01QdEma,minbias,0,test,87.24833,89.00782012939453,0.02016647176724562,0,15mm,3.6216466
SubNetW8CleanAuxExDnRcK9Rr01QdEma,minbias,0,test,37.557377,37.10721969604492,-0.011985852131966457,1,30mm,3.6091843
SubNetW8CleanAuxExDnRcK9Rr01QdEma,minbias,0,test,55.79955,61.191566467285156,0.09663191640795898,0,15mm,1.8973837
SubNetW8CleanAuxExDnRcK9Rr01QdEma,minbias,0,test,26.79056,26.469646453857422,-0.01197859684867597,3,60mm,3.920349
SubNetW8CleanAuxExDnRcK9Rr01QdEma,minbias,0,test,68.42679,71.87500762939453,0.0503928268952627,0,15mm,1.834208
SubNetW8CleanAuxExDnRcK9Rr01QdEma,minbias,0,test,12.102188,11.934009552001953,-0.013896541420122088,3,60mm,2.0182705
SubNetW8CleanAuxExDnRcK9Rr01QdEma,minbias,0,test,30.72176,29.767837524414062,-0.031050378560940728,1,30mm,2.014465
SubNetW8CleanAuxExDnRcK9Rr01QdEma,minbias,0,test,24.20165,23.949647903442383,-0.010412625156291488,2,40mm,4.6981025
SubNetW8CleanAuxExDnRcK9Rr01QdEma,minbias,0,test,11.990531,7.85713005065918,-0.3447220918058984,0,15mm,0.5734687
SubNetW8CleanAuxExDnRcK9Rr01QdEma,minbias,0,test,27.170813,26.413740158081055,-0.02786344522285933,2,40mm,2.1527958
SubNetW8CleanAuxExDnRcK9Rr01QdEma,minbias,0,test,34.32875,33.782325744628906,-0.015917411965406192,2,40mm,2.8934276
SubNetW8CleanAuxExDnRcK9Rr01QdEma,minbias,0,test,37.846134,37.22673034667969,-0.01636637010455555,2,40mm,2.8464622
SubNetW8CleanAuxExDnRcK9Rr01QdEma,minbias,0,test,54.45917,55.81217956542969,0.024844452056209887,0,15mm,2.0077586
SubNetW8CleanAuxExDnRcK9Rr01QdEma,minbias,0,test,11.402828,11.853089332580566,0.039486792879525945,2,40mm,1.6022347
SubNetW8CleanAuxExDnRcK9Rr01QdEma,minbias,0,test,19.230108,17.862529754638672,-0.07111652664148349,0,15mm,0.79142576
SubNetW8CleanAuxExDnRcK9Rr01QdEma,minbias,0,test,85.85774,83.9764404296875,-0.021911848940769474,0,15mm,2.4183002
SubNetW8CleanAuxExDnRcK9Rr01QdEma,minbias,0,test,39.70872,39.50498580932617,-0.005130745730566821,1,30mm,2.0402582
SubNetW8CleanAuxExDnRcK9Rr01QdEma,minbias,0,test,3.4338498,3.8094403743743896,0.10937885563797112,4,120mm,0.78798264
SubNetW8CleanAuxExDnRcK9Rr01QdEma,minbias,0,test,32.700863,30.272144317626953,-0.07427077919843306,2,40mm,2.5721326
SubNetW8CleanAuxExDnRcK9Rr01QdEma,minbias,0,test,78.2395,78.59925842285156,0.004598143658200993,0,15mm,3.5259774
SubNetW8CleanAuxExDnRcK9Rr01QdEma,minbias,0,test,22.340746,21.48418426513672,-0.038340781619715214,3,60mm,4.5962744
SubNetW8CleanAuxExDnRcK9Rr01QdEma,minbias,0,test,53.25419,55.47532653808594,0.04170823106092669,0,15mm,1.7628765
SubNetW8CleanAuxExDnRcK9Rr01QdEma,minbias,0,test,35.35953,34.53666687011719,-0.023271364179064835,2,40mm,2.7224953
SubNetW8CleanAuxExDnRcK9Rr01QdEma,minbias,0,test,60.80875,62.41280746459961,0.026378725232580003,1,30mm,4.291538
SubNetW8CleanAuxExDnRcK9Rr01QdEma,minbias,0,test,6.004207,5.9371514320373535,-0.011168119405308374,3,60mm,0.97155166
SubNetW8CleanAuxExDnRcK9Rr01QdEma,minbias,0,test,4.440983,4.473690032958984,0.0073648594672459655,3,60mm,0.96809
SubNetW8CleanAuxExDnRcK9Rr01QdEma,minbias,0,test,80.939835,78.4932632446289,-0.03022703669148663,1,30mm,4.3960414
SubNetW8CleanAuxExDnRcK9Rr01QdEma,minbias,0,test,72.65783,78.89552307128906,0.08585026346138513,1,30mm,3.3197057
SubNetW8CleanAuxExDnRcK9Rr01QdEma,minbias,0,test,71.2564,62.109832763671875,-0.12836135648192415,0,15mm,1.8178886
SubNetW8CleanAuxExDnRcK9Rr01QdEma,minbias,0,test,31.868397,31.515687942504883,-0.011067667419709326,2,40mm,2.370011
SubNetW8CleanAuxExDnRcK9Rr01QdEma,minbias,0,test,18.10506,17.540847778320312,-0.03116326491482646,1,30mm,1.5041442
SubNetW8CleanAuxExDnRcK9Rr01QdEma,minbias,0,test,22.671415,18.841657638549805,-0.16892450845511797,0,15mm,0.79616255
SubNetW8CleanAuxExDnRcK9Rr01QdEma,minbias,0,test,18.320957,17.965028762817383,-0.019427392218049344,3,60mm,1.9829395
SubNetW8CleanAuxExDnRcK9Rr01QdEma,minbias,0,test,30.450182,31.964452743530273,0.0497294493808671,1,30mm,1.9490594
SubNetW8CleanAuxExDnRcK9Rr01QdEma,minbias,0,test,41.88727,42.09907150268555,0.005056419577365245,2,40mm,4.294376
SubNetW8CleanAuxExDnRcK9Rr01QdEma,minbias,0,test,11.763546,12.76762866973877,0.08535544304437814,3,60mm,1.4784935
SubNetW8CleanAuxExDnRcK9Rr01QdEma,minbias,0,test,70.26531,70.01377868652344,-0.003579767888931551,0,15mm,1.5728115
SubNetW8CleanAuxExDnRcK9Rr01QdEma,minbias,0,test,18.133125,17.96197509765625,-0.009438538841987643,3,60mm,3.2754107
SubNetW8CleanAuxExDnRcK9Rr01QdEma,minbias,0,test,14.271714,13.498796463012695,-0.05415731678037328,0,15mm,0.62729496
SubNetW8CleanAuxExDnRcK9Rr01QdEma,minbias,0,test,7.989344,7.541005611419678,-0.05611706065860611,3,60mm,1.6304363
SubNetW8CleanAuxExDnRcK9Rr01QdEma,minbias,0,test,8.786283,8.676443099975586,-0.01250124144084197,4,120mm,2.086989
SubNetW8CleanAuxExDnRcK9Rr01QdEma,minbias,0,test,59.0745,59.2867317199707,0.003592593735797678,1,30mm,3.263287
SubNetW8CleanAuxExDnRcK9Rr01QdEma,minbias,0,test,32.57633,30.105485916137695,-0.07584778555753025,0,15mm,1.689858
SubNetW8CleanAuxExDnRcK9Rr01QdEma,minbias,0,test,35.16713,33.469478607177734,-0.048273798082451025,2,40mm,4.5040984
SubNetW8CleanAuxExDnRcK9Rr01QdEma,minbias,0,test,21.63624,21.554805755615234,-0.0037637893579131054,3,60mm,4.2832894
SubNetW8CleanAuxExDnRcK9Rr01QdEma,minbias,0,test,35.871487,34.55483627319336,-0.03670465077080387,2,40mm,3.4613793
SubNetW8CleanAuxExDnRcK9Rr01QdEma,minbias,0,test,25.384714,24.782272338867188,-0.023732462958436562,2,40mm,1.9457587
SubNetW8CleanAuxExDnRcK9Rr01QdEma,minbias,0,test,91.595314,103.64539337158203,0.13155781465303518,1,30mm,4.6721487
SubNetW8CleanAuxExDnRcK9Rr01QdEma,minbias,0,test,20.596182,34.07578659057617,0.6544710474239028,1,30mm,0.8747864
SubNetW8CleanAuxExDnRcK9Rr01QdEma,minbias,0,test,31.191254,30.767709732055664,-0.013578932563657276,2,40mm,3.1158226
SubNetW8CleanAuxExDnRcK9Rr01QdEma,minbias,0,test,11.698536,11.255632400512695,-0.03785973917900698,3,60mm,1.2560863
SubNetW8CleanAuxExDnRcK9Rr01QdEma,minbias,0,test,12.156107,12.206803321838379,0.004170444797758632,3,60mm,1.813508
SubNetW8CleanAuxExDnRcK9Rr01QdEma,minbias,0,test,69.743484,66.56705474853516,-0.045544465858579075,1,30mm,3.5626676
SubNetW8CleanAuxExDnRcK9Rr01QdEma,minbias,0,test,34.877323,41.43716049194336,0.1880831654704902,1,30mm,1.9271197
SubNetW8CleanAuxExDnRcK9Rr01QdEma,minbias,0,test,52.206192,40.13311004638672,-0.2312576631977985,0,15mm,1.2387123
SubNetW8CleanAuxExDnRcK9Rr01QdEma,minbias,0,test,12.929279,12.355743408203125,-0.04435946541694191,3,60mm,2.2888663
SubNetW8CleanAuxExDnRcK9Rr01QdEma,minbias,0,test,79.24325,79.24348449707031,2.9846231253127797e-06,0,15mm,2.3065019
SubNetW8CleanAuxExDnRcK9Rr01QdEma,minbias,0,test,54.739204,53.155433654785156,-0.028933024677979535,2,40mm,4.5738797
SubNetW8CleanAuxExDnRcK9Rr01QdEma,minbias,0,test,34.455578,34.59973907470703,0.0041839734916477855,0,15mm,1.1922213
SubNetW8CleanAuxExDnRcK9Rr01QdEma,minbias,0,test,15.660591,16.054935455322266,0.02518067975047078,3,60mm,2.7704632
SubNetW8CleanAuxExDnRcK9Rr01QdEma,minbias,0,test,20.120935,20.391490936279297,0.013446467090049374,2,40mm,1.7885354
SubNetW8CleanAuxExDnRcK9Rr01QdEma,minbias,0,test,45.591656,42.63691329956055,-0.0648088424132075,0,15mm,1.4630195
SubNetW8CleanAuxExDnRcK9Rr01QdEma,minbias,0,test,57.408314,53.35590744018555,-0.07058918902576172,2,40mm,4.312568
SubNetW8CleanAuxExDnRcK9Rr01QdEma,minbias,0,test,4.699069,5.137574672698975,0.09331755873514491,2,40mm,0.5130173
SubNetW8CleanAuxExDnRcK9Rr01QdEma,minbias,0,test,34.629513,34.62854766845703,-2.7869823469472976e-05,2,40mm,2.8126376
SubNetW8CleanAuxExDnRcK9Rr01QdEma,minbias,0,test,24.608318,26.067983627319336,0.0593159304490225,2,40mm,2.67784
SubNetW8CleanAuxExDnRcK9Rr01QdEma,minbias,0,test,64.179,57.5710563659668,-0.10296116175923409,1,30mm,4.029019
SubNetW8CleanAuxExDnRcK9Rr01QdEma,minbias,0,test,11.27321,11.46644115447998,0.01714077800206204,2,40mm,0.9845113
SubNetW8CleanAuxExDnRcK9Rr01QdEma,minbias,0,test,71.91623,70.13911437988281,-0.024710901652457373,0,15mm,4.0059443
SubNetW8CleanAuxExDnRcK9Rr01QdEma,minbias,0,test,12.830961,15.297764778137207,0.1922539946149311,1,30mm,0.75716245
SubNetW8CleanAuxExDnRcK9Rr01QdEma,minbias,0,test,21.73413,20.97047233581543,-0.03513637276321846,1,30mm,1.8897046
SubNetW8CleanAuxExDnRcK9Rr01QdEma,minbias,0,test,16.283106,16.636554718017578,0.02170647731759856,4,120mm,3.4428103
SubNetW8CleanAuxExDnRcK9Rr01QdEma,minbias,0,test,22.155106,22.792381286621094,0.028764281586851403,2,40mm,1.5021162
SubNetW8CleanAuxExDnRcK9Rr01QdEma,minbias,0,test,46.677242,57.187660217285156,0.2251722129468896,0,15mm,0.9382893
SubNetW8CleanAuxExDnRcK9Rr01QdEma,minbias,0,test,35.274662,35.100196838378906,-0.004945906479705275,3,60mm,4.4614053
SubNetW8CleanAuxExDnRcK9Rr01QdEma,minbias,0,test,23.791695,23.752098083496094,-0.0016643016907573749,1,30mm,1.5433353
SubNetW8CleanAuxExDnRcK9Rr01QdEma,minbias,0,test,41.45536,39.693603515625,-0.04249768617226357,2,40mm,4.5017653
SubNetW8CleanAuxExDnRcK9Rr01QdEma,minbias,0,test,34.310635,33.148460388183594,-0.03387212850944821,3,60mm,4.494644
SubNetW8CleanAuxExDnRcK9Rr01QdEma,minbias,0,test,11.290935,10.935073852539062,-0.03151738309777952,2,40mm,1.4068313
SubNetW8CleanAuxExDnRcK9Rr01QdEma,minbias,0,test,7.107238,8.376537322998047,0.17859251934825982,1,30mm,0.50645256
SubNetW8CleanAuxExDnRcK9Rr01QdEma,minbias,0,test,45.30452,43.761043548583984,-0.03406892108220838,1,30mm,2.6815498
SubNetW8CleanAuxExDnRcK9Rr01QdEma,minbias,0,test,48.42448,47.497745513916016,-0.01913773603618729,2,40mm,3.7283676
SubNetW8CleanAuxExDnRcK9Rr01QdEma,minbias,0,test,11.526862,11.244100570678711,-0.02453066326703257,3,60mm,2.3773365
SubNetW8CleanAuxExDnRcK9Rr01QdEma,minbias,0,test,20.281301,19.7738037109375,-0.025022939850053216,3,60mm,3.5536163
SubNetW8CleanAuxExDnRcK9Rr01QdEma,minbias,0,test,18.614897,20.477205276489258,0.10004398760723698,2,40mm,3.25205
SubNetW8CleanAuxExDnRcK9Rr01QdEma,minbias,0,test,11.703864,11.535874366760254,-0.014353356244924065,2,40mm,0.9589944
SubNetW8CleanAuxExDnRcK9Rr01QdEma,minbias,0,test,33.3096,31.607431411743164,-0.051101465520953515,1,30mm,3.336725
SubNetW8CleanAuxExDnRcK9Rr01QdEma,minbias,0,test,16.551355,15.789551734924316,-0.04602666128273736,4,120mm,3.8197613
SubNetW8CleanAuxExDnRcK9Rr01QdEma,minbias,0,test,18.736149,18.323444366455078,-0.022027177058899117,1,30mm,1.6428882
SubNetW8CleanAuxExDnRcK9Rr01QdEma,minbias,0,test,11.320446,11.25820541381836,-0.005498069643788073,3,60mm,1.3500103
SubNetW8CleanAuxExDnRcK9Rr01QdEma,minbias,0,test,11.929813,11.746065139770508,-0.015402440868869216,3,60mm,1.7981272
SubNetW8CleanAuxExDnRcK9Rr01QdEma,minbias,0,test,23.777887,23.460832595825195,-0.013334016767068024,1,30mm,1.2472347
SubNetW8CleanAuxExDnRcK9Rr01QdEma,minbias,0,test,54.618916,59.79054641723633,0.09468571110490753,1,30mm,2.3189044
SubNetW8CleanAuxExDnRcK9Rr01QdEma,minbias,0,test,7.3496785,7.815850734710693,0.06342756588377396,2,40mm,0.59897375
SubNetW8CleanAuxExDnRcK9Rr01QdEma,minbias,0,test,44.962814,44.41118621826172,-0.012268540592931143,1,30mm,3.6314447
SubNetW8CleanAuxExDnRcK9Rr01QdEma,minbias,0,test,14.235453,14.326367378234863,0.006386500554634189,1,30mm,0.73496556
SubNetW8CleanAuxExDnRcK9Rr01QdEma,minbias,0,test,25.539,25.247034072875977,-0.011432142592815664,0,15mm,1.058629
SubNetW8CleanAuxExDnRcK9Rr01QdEma,minbias,0,test,24.722212,22.26854133605957,-0.09924963501689876,2,40mm,3.0357137
SubNetW8CleanAuxExDnRcK9Rr01QdEma,minbias,0,test,6.768383,6.6736159324646,-0.0140014377573916,3,60mm,0.9525753
SubNetW8CleanAuxExDnRcK9Rr01QdEma,minbias,0,test,7.137795,6.725360870361328,-0.057781724293493486,4,120mm,1.5738093
SubNetW8CleanAuxExDnRcK9Rr01QdEma,minbias,0,test,6.3591256,5.582174777984619,-0.12217887856324505,4,120mm,1.4670769
SubNetW8CleanAuxExDnRcK9Rr01QdEma,minbias,0,test,27.165182,27.72698974609375,0.020681165695702886,1,30mm,1.6568942
SubNetW8CleanAuxExDnRcK9Rr01QdEma,minbias,0,test,31.023775,30.03337287902832,-0.03192397503091382,2,40mm,4.14956
SubNetW8CleanAuxExDnRcK9Rr01QdEma,minbias,0,test,14.372698,14.201921463012695,-0.011881998021878726,4,120mm,2.9339685
SubNetW8CleanAuxExDnRcK9Rr01QdEma,minbias,0,test,32.531864,32.85545349121094,0.00994684237267851,1,30mm,2.6352057
SubNetW8CleanAuxExDnRcK9Rr01QdEma,minbias,0,test,41.91197,40.157649993896484,-0.04185721433141132,0,15mm,1.1719161
SubNetW8CleanAuxExDnRcK9Rr01QdEma,minbias,0,test,10.328242,10.530363082885742,0.019569717192521763,2,40mm,1.8074967
SubNetW8CleanAuxExDnRcK9Rr01QdEma,minbias,0,test,34.25796,33.60083770751953,-0.01918163081665991,2,40mm,4.0283766
SubNetW8CleanAuxExDnRcK9Rr01QdEma,minbias,0,test,9.872573,9.135969161987305,-0.07461112158129968,2,40mm,1.000262
SubNetW8CleanAuxExDnRcK9Rr01QdEma,minbias,0,test,44.91112,43.52810287475586,-0.030794566056531414,1,30mm,3.7905111
SubNetW8CleanAuxExDnRcK9Rr01QdEma,minbias,0,test,6.3895493,5.607864856719971,-0.12233795646759194,4,120mm,1.3618605
SubNetW8CleanAuxExDnRcK9Rr01QdEma,minbias,0,test,92.373505,91.597412109375,-0.008401678948229074,0,15mm,2.2632492
SubNetW8CleanAuxExDnRcK9Rr01QdEma,minbias,0,test,51.561783,49.79710388183594,-0.03422455272075575,1,30mm,2.2160752
SubNetW8CleanAuxExDnRcK9Rr01QdEma,minbias,0,test,70.507835,67.41592407226562,-0.04385202437282798,1,30mm,3.5477464
SubNetW8CleanAuxExDnRcK9Rr01QdEma,minbias,0,test,21.195612,21.556509017944336,0.017026970723786228,4,120mm,4.3780723
SubNetW8CleanAuxExDnRcK9Rr01QdEma,minbias,0,test,15.452612,14.855767250061035,-0.03862419350996382,3,60mm,3.1555712
SubNetW8CleanAuxExDnRcK9Rr01QdEma,minbias,0,test,75.96157,74.49374389648438,-0.01932328187749932,1,30mm,3.222582
SubNetW8CleanAuxExDnRcK9Rr01QdEma,minbias,0,test,82.707756,83.20191192626953,0.005974722413400357,0,15mm,2.9756558
SubNetW8CleanAuxExDnRcK9Rr01QdEma,minbias,0,test,16.935852,17.110170364379883,0.01029285760621601,3,60mm,2.5273528
SubNetW8CleanAuxExDnRcK9Rr01QdEma,minbias,0,test,17.401821,17.129831314086914,-0.01562996310872311,3,60mm,3.8155794
SubNetW8CleanAuxExDnRcK9Rr01QdEma,minbias,0,test,5.422715,5.728942394256592,0.05647119507840914,2,40mm,0.6795286
SubNetW8CleanAuxExDnRcK9Rr01QdEma,minbias,0,test,6.7630486,6.820466041564941,0.008489868358496855,3,60mm,0.9779645
SubNetW8CleanAuxExDnRcK9Rr01QdEma,minbias,0,test,12.915744,12.643665313720703,-0.02106564807464506,3,60mm,3.0896404
SubNetW8CleanAuxExDnRcK9Rr01QdEma,minbias,0,test,11.692595,11.98025131225586,0.024601621424902298,3,60mm,1.649156
SubNetW8CleanAuxExDnRcK9Rr01QdEma,minbias,0,test,89.79064,91.28913116455078,0.01668870330024408,0,15mm,2.0995595
SubNetW8CleanAuxExDnRcK9Rr01QdEma,minbias,0,test,13.84692,13.018285751342773,-0.0598424964744082,3,60mm,2.143187
SubNetW8CleanAuxExDnRcK9Rr01QdEma,minbias,0,test,43.854954,44.84783172607422,0.022640041202775185,1,30mm,2.6365523
SubNetW8CleanAuxExDnRcK9Rr01QdEma,minbias,0,test,24.560217,26.774625778198242,0.09016243151253822,3,60mm,3.4326172
SubNetW8CleanAuxExDnRcK9Rr01QdEma,minbias,0,test,13.231353,12.388185501098633,-0.06372495067960904,3,60mm,2.4521759
SubNetW8CleanAuxExDnRcK9Rr01QdEma,minbias,0,test,17.999905,17.24907112121582,-0.04171319385737238,2,40mm,2.7308118
SubNetW8CleanAuxExDnRcK9Rr01QdEma,minbias,0,test,43.521797,47.85990905761719,0.09967676333498066,0,15mm,1.3730736
SubNetW8CleanAuxExDnRcK9Rr01QdEma,minbias,0,test,13.090857,13.179230690002441,0.006750829292685223,2,40mm,1.398595
SubNetW8CleanAuxExDnRcK9Rr01QdEma,minbias,0,test,23.08839,21.556133270263672,-0.06636482911228336,2,40mm,4.334113
SubNetW8CleanAuxExDnRcK9Rr01QdEma,minbias,0,test,17.942282,17.927051544189453,-0.0008488429213250326,4,120mm,3.9154007
SubNetW8CleanAuxExDnRcK9Rr01QdEma,minbias,0,test,43.78856,43.66210174560547,-0.002887905365214216,2,40mm,3.4049907
SubNetW8CleanAuxExDnRcK9Rr01QdEma,minbias,0,test,23.004183,24.633241653442383,0.0708157664609288,1,30mm,1.4150442
SubNetW8CleanAuxExDnRcK9Rr01QdEma,minbias,0,test,27.68055,27.644412994384766,-0.0013054880662156654,2,40mm,2.1148555
SubNetW8CleanAuxExDnRcK9Rr01QdEma,minbias,0,test,27.814575,25.326568603515625,-0.08944974260171945,2,40mm,3.1237438
SubNetW8CleanAuxExDnRcK9Rr01QdEma,minbias,0,test,6.1464195,6.000361442565918,-0.02376311639369999,3,60mm,1.0765827
SubNetW8CleanAuxExDnRcK9Rr01QdEma,minbias,0,test,12.692869,13.056160926818848,0.028621719414448688,2,40mm,1.3069432
SubNetW8CleanAuxExDnRcK9Rr01QdEma,minbias,0,test,11.65542,11.185282707214355,-0.040336391472339805,3,60mm,1.2669337
SubNetW8CleanAuxExDnRcK9Rr01QdEma,minbias,0,test,7.00771,6.980626106262207,-0.003864867956298701,3,60mm,0.9854026
SubNetW8CleanAuxExDnRcK9Rr01QdEma,minbias,0,test,11.296848,11.141886711120605,-0.013717240589842472,4,120mm,2.7048938
SubNetW8CleanAuxExDnRcK9Rr01QdEma,minbias,0,test,6.554141,6.572977066040039,0.0028739115156533046,4,120mm,1.3912348
SubNetW8CleanAuxExDnRcK9Rr01QdEma,minbias,0,test,42.030197,33.8276481628418,-0.19515847029451172,0,15mm,1.5696197
SubNetW8CleanAuxExDnRcK9Rr01QdEma,minbias,0,test,10.31587,9.245401382446289,-0.10376913173684243,3,60mm,0.99118704
SubNetW8CleanAuxExDnRcK9Rr01QdEma,minbias,0,test,28.924929,29.094417572021484,0.005859613650992079,2,40mm,2.4525878
SubNetW8CleanAuxExDnRcK9Rr01QdEma,minbias,0,test,36.231182,38.18967819213867,0.05405553946408781,3,60mm,3.633238
SubNetW8CleanAuxExDnRcK9Rr01QdEma,minbias,0,test,13.551234,13.390775680541992,-0.011840881933979475,3,60mm,2.49333
SubNetW8CleanAuxExDnRcK9Rr01QdEma,minbias,0,test,15.282627,15.230155944824219,-0.0034333861924208398,3,60mm,2.4287355
SubNetW8CleanAuxExDnRcK9Rr01QdEma,minbias,0,test,31.123493,31.84659767150879,0.02323339711284822,2,40mm,3.7715638
SubNetW8CleanAuxExDnRcK9Rr01QdEma,minbias,0,test,55.956264,58.95014572143555,0.05350395085447501,0,15mm,1.6342319
SubNetW8CleanAuxExDnRcK9Rr01QdEma,minbias,0,test,39.218597,40.650604248046875,0.036513463775615485,1,30mm,2.906644
SubNetW8CleanAuxExDnRcK9Rr01QdEma,minbias,0,test,97.43523,103.70378875732422,0.06433568788108701,0,15mm,2.0666528
SubNetW8CleanAuxExDnRcK9Rr01QdEma,minbias,0,test,88.103264,88.0617904663086,-0.0004707361209698169,1,30mm,4.13564
SubNetW8CleanAuxExDnRcK9Rr01QdEma,minbias,0,test,24.68702,24.6816463470459,-0.0002176447882533683,3,60mm,3.1299093
SubNetW8CleanAuxExDnRcK9Rr01QdEma,minbias,0,test,26.33634,27.09988021850586,0.02899188988969814,3,60mm,4.885879
SubNetW8CleanAuxExDnRcK9Rr01QdEma,minbias,0,test,82.16777,82.6926040649414,0.006387342345244962,1,30mm,3.6123774
SubNetW8CleanAuxExDnRcK9Rr01QdEma,minbias,0,test,62.00205,61.87837219238281,-0.0019947131273239105,1,30mm,4.1031246
SubNetW8CleanAuxExDnRcK9Rr01QdEma,minbias,0,test,24.34915,23.92933464050293,-0.01724146709763541,3,60mm,4.878478
SubNetW8CleanAuxExDnRcK9Rr01QdEma,minbias,0,test,22.277401,22.053667068481445,-0.010043088162493552,3,60mm,3.5430777
SubNetW8CleanAuxExDnRcK9Rr01QdEma,minbias,0,test,70.415764,65.86896514892578,-0.06457075031407322,1,30mm,4.5171375
SubNetW8CleanAuxExDnRcK9Rr01QdEma,minbias,0,test,20.537327,20.094791412353516,-0.021547857928424063,2,40mm,1.5431248
SubNetW8CleanAuxExDnRcK9Rr01QdEma,minbias,0,test,8.336888,8.136895179748535,-0.023988942400250957,2,40mm,0.61218584
SubNetW8CleanAuxExDnRcK9Rr01QdEma,minbias,0,test,40.87101,36.54140090942383,-0.10593349505184291,0,15mm,1.144387
SubNetW8CleanAuxExDnRcK9Rr01QdEma,minbias,0,test,17.764154,17.12523078918457,-0.03596701702780247,3,60mm,3.1485655
SubNetW8CleanAuxExDnRcK9Rr01QdEma,minbias,0,test,3.923329,4.097058296203613,0.044281062383797476,3,60mm,0.6579773
SubNetW8CleanAuxExDnRcK9Rr01QdEma,minbias,0,test,85.174446,83.67170715332031,-0.017643072791659997,0,15mm,2.0357547
SubNetW8CleanAuxExDnRcK9Rr01QdEma,minbias,0,test,26.005089,29.16570281982422,0.12153828957215973,2,40mm,1.9057457
SubNetW8CleanAuxExDnRcK9Rr01QdEma,minbias,0,test,5.3085895,5.710761070251465,0.07575865772489676,3,60mm,0.8510752
SubNetW8CleanAuxExDnRcK9Rr01QdEma,minbias,0,test,8.719301,8.399015426635742,-0.03673296619762989,1,30mm,0.7726962
SubNetW8CleanAuxExDnRcK9Rr01QdEma,minbias,0,test,12.216399,12.213339805603027,-0.00025043281238157356,3,60mm,1.8414298
SubNetW8CleanAuxExDnRcK9Rr01QdEma,minbias,0,test,45.576508,46.20150375366211,0.013713121488418523,3,60mm,4.7569385
SubNetW8CleanAuxExDnRcK9Rr01QdEma,minbias,0,test,7.7837415,7.708630084991455,-0.009649779532065361,3,60mm,1.6979282
SubNetW8CleanAuxExDnRcK9Rr01QdEma,minbias,0,test,26.849396,27.34975242614746,0.01863567727247406,1,30mm,1.6656263
SubNetW8CleanAuxExDnRcK9Rr01QdEma,minbias,0,test,18.857553,18.657373428344727,-0.010615377753080413,2,40mm,2.122163
SubNetW8CleanAuxExDnRcK9Rr01QdEma,minbias,0,test,20.926779,21.63062286376953,0.033633655584811795,3,60mm,4.2454705
SubNetW8CleanAuxExDnRcK9Rr01QdEma,minbias,0,test,13.666674,12.697587966918945,-0.07090867298426728,3,60mm,2.9283502
SubNetW8CleanAuxExDnRcK9Rr01QdEma,minbias,0,test,23.514936,23.247386932373047,-0.011377854044891889,3,60mm,3.4775615
SubNetW8CleanAuxExDnRcK9Rr01QdEma,minbias,0,test,9.649789,14.334529876708984,0.4854760129848812,3,60mm,1.9840306
SubNetW8CleanAuxExDnRcK9Rr01QdEma,minbias,0,test,8.944626,13.866278648376465,0.5502357364017094,4,120mm,1.8686306
SubNetW8CleanAuxExDnRcK9Rr01QdEma,minbias,0,test,33.218838,33.24190902709961,0.000694524270970609,0,15mm,0.8278657
SubNetW8CleanAuxExDnRcK9Rr01QdEma,minbias,0,test,21.75704,21.413532257080078,-0.01578835017758906,3,60mm,3.213468
SubNetW8CleanAuxExDnRcK9Rr01QdEma,minbias,0,test,14.522582,13.825716972351074,-0.04798492989671477,3,60mm,1.6650516
SubNetW8CleanAuxExDnRcK9Rr01QdEma,minbias,0,test,11.434312,15.892546653747559,0.38989970178681865,0,15mm,0.59566987
SubNetW8CleanAuxExDnRcK9Rr01QdEma,minbias,0,test,44.616722,42.65770721435547,-0.0439076382142759,0,15mm,1.0216808
SubNetW8CleanAuxExDnRcK9Rr01QdEma,minbias,0,test,60.067696,70.86483001708984,0.17974943583880143,1,30mm,2.7977543
SubNetW8CleanAuxExDnRcK9Rr01QdEma,minbias,0,test,20.5218,19.655324935913086,-0.04222213403005559,3,60mm,3.7365708
SubNetW8CleanAuxExDnRcK9Rr01QdEma,minbias,0,test,93.58575,89.31354522705078,-0.04565013034311172,0,15mm,2.2677727
SubNetW8CleanAuxExDnRcK9Rr01QdEma,minbias,0,test,23.53667,21.921531677246094,-0.0686222375796941,2,40mm,1.6366789
SubNetW8CleanAuxExDnRcK9Rr01QdEma,minbias,0,test,17.967716,18.810035705566406,0.04687960775596589,2,40mm,1.2399716
SubNetW8CleanAuxExDnRcK9Rr01QdEma,minbias,0,test,20.831293,20.757535934448242,-0.003540690981364669,4,120mm,4.145699
SubNetW8CleanAuxExDnRcK9Rr01QdEma,minbias,0,test,23.04059,22.180940628051758,-0.03731022719135624,3,60mm,3.7056117
SubNetW8CleanAuxExDnRcK9Rr01QdEma,minbias,0,test,51.33808,50.349365234375,-0.019258922408060042,0,15mm,1.5156515
SubNetW8CleanAuxExDnRcK9Rr01QdEma,minbias,0,test,17.925915,18.257766723632812,0.018512414210932082,3,60mm,4.0362873
SubNetW8CleanAuxExDnRcK9Rr01QdEma,minbias,0,test,22.00004,21.61249351501465,-0.017615719714588307,0,15mm,0.9525997
SubNetW8CleanAuxExDnRcK9Rr01QdEma,minbias,0,test,52.55207,51.263126373291016,-0.024526992547297066,2,40mm,4.9189806
SubNetW8CleanAuxExDnRcK9Rr01QdEma,minbias,0,test,67.64863,64.57701873779297,-0.04540534785725825,1,30mm,4.8473277
SubNetW8CleanAuxExDnRcK9Rr01QdEma,minbias,0,test,17.41834,19.030710220336914,0.09256734419764201,2,40mm,1.3142502
SubNetW8CleanAuxExDnRcK9Rr01QdEma,minbias,0,test,29.686478,29.790159225463867,0.0034925519125093007,2,40mm,3.459151
SubNetW8CleanAuxExDnRcK9Rr01QdEma,minbias,0,test,60.532536,59.58161544799805,-0.01570923960633064,1,30mm,2.306918
SubNetW8CleanAuxExDnRcK9Rr01QdEma,minbias,0,test,30.064983,30.050376892089844,-0.0004858301649907082,3,60mm,3.5600104
SubNetW8CleanAuxExDnRcK9Rr01QdEma,minbias,0,test,57.1771,56.9298095703125,-0.004325010537984952,1,30mm,2.4960694
SubNetW8CleanAuxExDnRcK9Rr01QdEma,minbias,0,test,21.531109,21.330856323242188,-0.009300614023012077,2,40mm,2.2022853
SubNetW8CleanAuxExDnRcK9Rr01QdEma,minbias,0,test,34.422264,33.60030746459961,-0.023878633670191163,3,60mm,3.6278074
SubNetW8CleanAuxExDnRcK9Rr01QdEma,minbias,0,test,18.731813,19.3895320892334,0.03511238572162423,3,60mm,3.2025573
SubNetW8CleanAuxExDnRcK9Rr01QdEma,minbias,0,test,57.29403,57.42824172973633,0.0023425214753882706,1,30mm,2.2367315
SubNetW8CleanAuxExDnRcK9Rr01QdEma,minbias,0,test,6.6856728,6.551507472991943,-0.02006758210188353,3,60mm,1.5932572
SubNetW8CleanAuxExDnRcK9Rr01QdEma,minbias,0,test,51.44566,58.7653923034668,0.14228085940775914,0,15mm,1.2900352
SubNetW8CleanAuxExDnRcK9Rr01QdEma,minbias,0,test,93.670685,94.74010467529297,0.011416804125625735,0,15mm,3.0945604
SubNetW8CleanAuxExDnRcK9Rr01QdEma,minbias,0,test,52.14935,51.71915817260742,-0.008249212052194532,2,40mm,4.073822
SubNetW8CleanAuxExDnRcK9Rr01QdEma,minbias,0,test,6.7494335,7.233250141143799,0.0716825526818583,3,60mm,1.1840959
SubNetW8CleanAuxExDnRcK9Rr01QdEma,minbias,0,test,24.593367,26.150501251220703,0.06331522853989457,0,15mm,1.0279274
SubNetW8CleanAuxExDnRcK9Rr01QdEma,minbias,0,test,23.163092,23.45853042602539,0.012754720778292095,3,60mm,3.1426406
SubNetW8CleanAuxExDnRcK9Rr01QdEma,minbias,0,test,21.824343,21.28529167175293,-0.024699532198281804,2,40mm,2.2570837
SubNetW8CleanAuxExDnRcK9Rr01QdEma,minbias,0,test,95.92497,91.93294525146484,-0.04161614204572661,0,15mm,3.3896265
SubNetW8CleanAuxExDnRcK9Rr01QdEma,minbias,0,test,8.870658,8.474409103393555,-0.04466960861077163,4,120mm,2.0457141
SubNetW8CleanAuxExDnRcK9Rr01QdEma,minbias,0,test,33.334225,21.727994918823242,-0.34817758283670164,0,15mm,1.1150979
SubNetW8CleanAuxExDnRcK9Rr01QdEma,minbias,0,test,31.00589,29.209543228149414,-0.057935659020020625,0,15mm,1.4866855
SubNetW8CleanAuxExDnRcK9Rr01QdEma,minbias,0,test,39.797993,36.230411529541016,-0.08964223907185076,2,40mm,3.8254406
SubNetW8CleanAuxExDnRcK9Rr01QdEma,minbias,0,test,69.28706,69.34270477294922,0.0008030528561395744,1,30mm,4.005687
SubNetW8CleanAuxExDnRcK9Rr01QdEma,minbias,0,test,88.4622,90.96987915039062,0.0283475077915607,0,15mm,2.622752
SubNetW8CleanAuxExDnRcK9Rr01QdEma,minbias,0,test,25.978014,25.342077255249023,-0.02447980577917952,2,40mm,2.0423417
SubNetW8CleanAuxExDnRcK9Rr01QdEma,minbias,0,test,18.702583,18.342288970947266,-0.01926441583023475,3,60mm,4.0338216
SubNetW8CleanAuxExDnRcK9Rr01QdEma,minbias,0,test,32.01432,31.07776641845703,-0.02925421949148521,3,60mm,4.506025
SubNetW8CleanAuxExDnRcK9Rr01QdEma,minbias,0,test,23.65935,23.904762268066406,0.01037276308651669,3,60mm,4.339459
SubNetW8CleanAuxExDnRcK9Rr01QdEma,minbias,0,test,20.995401,20.38271141052246,-0.02918210329791948,2,40mm,2.1346972
SubNetW8CleanAuxExDnRcK9Rr01QdEma,minbias,0,test,62.433235,62.30029296875,-0.0021293498462530147,1,30mm,4.6464005
SubNetW8CleanAuxExDnRcK9Rr01QdEma,minbias,0,test,28.59105,36.422813415527344,0.27392363840718814,1,30mm,1.2113186
SubNetW8CleanAuxExDnRcK9Rr01QdEma,minbias,0,test,29.26384,28.550466537475586,-0.02437729262423516,3,60mm,4.6221166
SubNetW8CleanAuxExDnRcK9Rr01QdEma,minbias,0,test,23.867716,23.137113571166992,-0.0306104810966219,2,40mm,3.1025705
SubNetW8CleanAuxExDnRcK9Rr01QdEma,minbias,0,test,88.61805,87.04518127441406,-0.017748848613622803,0,15mm,3.29656
SubNetW8CleanAuxExDnRcK9Rr01QdEma,minbias,0,test,3.6621623,3.6712958812713623,0.002494039474169041,4,120mm,0.85557914
SubNetW8CleanAuxExDnRcK9Rr01QdEma,minbias,0,test,16.997082,16.69834327697754,-0.017575868839861397,2,40mm,2.2820606
SubNetW8CleanAuxExDnRcK9Rr01QdEma,minbias,0,test,17.974613,17.737863540649414,-0.01317133484594557,4,120mm,4.1300874
SubNetW8CleanAuxExDnRcK9Rr01QdEma,minbias,0,test,12.950561,12.90680980682373,-0.003378291055724847,3,60mm,1.5281023
SubNetW8CleanAuxExDnRcK9Rr01QdEma,minbias,0,test,10.731959,10.682361602783203,-0.004621499074713764,4,120mm,2.2554827
SubNetW8CleanAuxExDnRcK9Rr01QdEma,minbias,0,test,37.063114,37.22636032104492,0.0044045450161811495,1,30mm,2.4582834
SubNetW8CleanAuxExDnRcK9Rr01QdEma,minbias,0,test,30.804134,30.43982696533203,-0.011826574939638679,2,40mm,3.7672875
SubNetW8CleanAuxExDnRcK9Rr01QdEma,minbias,0,test,29.090214,31.16434097290039,0.07129982657614087,2,40mm,4.491608
SubNetW8CleanAuxExDnRcK9Rr01QdEma,minbias,0,test,27.736362,27.2631778717041,-0.017060080834326197,2,40mm,3.5522249
SubNetW8CleanAuxExDnRcK9Rr01QdEma,minbias,0,test,45.453167,44.88551330566406,-0.012488759176770947,1,30mm,2.6269815
SubNetW8CleanAuxExDnRcK9Rr01QdEma,minbias,0,test,28.43764,27.621810913085938,-0.028688328049346734,2,40mm,1.9244444
SubNetW8CleanAuxExDnRcK9Rr01QdEma,minbias,0,test,96.881325,93.09720611572266,-0.03905931985759814,1,30mm,4.9525905
SubNetW8CleanAuxExDnRcK9Rr01QdEma,minbias,0,test,38.383972,38.10789108276367,-0.007192613729421815,2,40mm,2.9929254
SubNetW8CleanAuxExDnRcK9Rr01QdEma,minbias,0,test,19.09909,18.854328155517578,-0.012815396611588592,3,60mm,2.4305425
SubNetW8CleanAuxExDnRcK9Rr01QdEma,minbias,0,test,6.658314,6.754177093505859,0.014397467912228512,2,40mm,0.7658759
SubNetW8CleanAuxExDnRcK9Rr01QdEma,minbias,0,test,3.2444115,5.361949443817139,0.6526724479513888,3,60mm,0.71128136
SubNetW8CleanAuxExDnRcK9Rr01QdEma,minbias,0,test,39.13573,39.04197311401367,-0.002395704069236615,1,30mm,2.3641572
SubNetW8CleanAuxExDnRcK9Rr01QdEma,minbias,0,test,16.502811,16.479293823242188,-0.0014250667978390474,4,120mm,3.9640608
SubNetW8CleanAuxExDnRcK9Rr01QdEma,minbias,0,test,27.246725,28.166351318359375,0.033751808086324164,3,60mm,3.063584
SubNetW8CleanAuxExDnRcK9Rr01QdEma,minbias,0,test,18.468512,17.66181755065918,-0.04367942848048689,4,120mm,4.3169045
SubNetW8CleanAuxExDnRcK9Rr01QdEma,minbias,0,test,14.576785,15.806744575500488,0.08437796678243914,1,30mm,0.59180313
SubNetW8CleanAuxExDnRcK9Rr01QdEma,minbias,0,test,41.255726,41.06867599487305,-0.004533912852598965,1,30mm,2.585933
SubNetW8CleanAuxExDnRcK9Rr01QdEma,minbias,0,test,53.08569,50.699867248535156,-0.04494285214350724,0,15mm,1.2204025
SubNetW8CleanAuxExDnRcK9Rr01QdEma,minbias,0,test,14.344695,14.829781532287598,0.03381643443477689,2,40mm,1.3394945
SubNetW8CleanAuxExDnRcK9Rr01QdEma,minbias,0,test,14.221005,14.738713264465332,0.03640444600770998,2,40mm,1.1137307
SubNetW8CleanAuxExDnRcK9Rr01QdEma,minbias,0,test,3.2542174,3.100337028503418,-0.04728644078686939,3,60mm,0.6372746
SubNetW8CleanAuxExDnRcK9Rr01QdEma,minbias,0,test,11.430597,11.631896018981934,0.017610515733135212,2,40mm,0.8968221
SubNetW8CleanAuxExDnRcK9Rr01QdEma,minbias,0,test,15.484843,14.752311706542969,-0.04730635858086163,2,40mm,1.422476
SubNetW8CleanAuxExDnRcK9Rr01QdEma,minbias,0,test,81.12963,79.46583557128906,-0.020507864387060093,1,30mm,4.0438848
SubNetW8CleanAuxExDnRcK9Rr01QdEma,minbias,0,test,37.917706,37.176414489746094,-0.019549997439611833,1,30mm,3.181816
SubNetW8CleanAuxExDnRcK9Rr01QdEma,minbias,0,test,11.569831,12.16030216217041,0.05103542766406477,2,40mm,0.8678846
SubNetW8CleanAuxExDnRcK9Rr01QdEma,minbias,0,test,4.8505063,4.902756690979004,0.010772150780029133,3,60mm,0.5294187
SubNetW8CleanAuxExDnRcK9Rr01QdEma,minbias,0,test,10.348983,9.87023639678955,-0.04626023860788564,3,60mm,2.02758
SubNetW8CleanAuxExDnRcK9Rr01QdEma,minbias,0,test,41.384647,40.3140754699707,-0.025868817725049453,2,40mm,4.61455
SubNetW8CleanAuxExDnRcK9Rr01QdEma,minbias,0,test,70.77829,67.4391098022461,-0.04717802595048515,1,30mm,4.5096607
SubNetW8CleanAuxExDnRcK9Rr01QdEma,minbias,0,test,19.621061,19.171674728393555,-0.022903276700197095,3,60mm,3.4685318
SubNetW8CleanAuxExDnRcK9Rr01QdEma,minbias,0,test,21.192705,20.706497192382812,-0.02294223217344915,2,40mm,2.7980108
SubNetW8CleanAuxExDnRcK9Rr01QdEma,minbias,0,test,19.20365,19.296369552612305,0.004828250569637538,2,40mm,1.6473941
SubNetW8CleanAuxExDnRcK9Rr01QdEma,minbias,0,test,27.660973,27.02330207824707,-0.023053076487920987,1,30mm,1.7792667
SubNetW8CleanAuxExDnRcK9Rr01QdEma,minbias,0,test,17.652306,17.80470085144043,0.008633163952642464,3,60mm,3.8648787
SubNetW8CleanAuxExDnRcK9Rr01QdEma,minbias,0,test,8.032049,7.956723690032959,-0.009378116015575033,3,60mm,1.6321467
SubNetW8CleanAuxExDnRcK9Rr01QdEma,minbias,0,test,15.373011,15.079675674438477,-0.019081165550128842,3,60mm,2.8522432
SubNetW8CleanAuxExDnRcK9Rr01QdEma,minbias,0,test,68.297005,69.19898223876953,0.013206692490078886,0,15mm,2.5624683
SubNetW8CleanAuxExDnRcK9Rr01QdEma,minbias,0,test,89.62164,86.65320587158203,-0.03312187874780115,0,15mm,2.4247763
SubNetW8CleanAuxExDnRcK9Rr01QdEma,minbias,0,test,15.892907,17.711437225341797,0.1144240047702596,2,40mm,1.4476644
SubNetW8CleanAuxExDnRcK9Rr01QdEma,minbias,0,test,87.768364,88.02497863769531,0.0029237720005477197,1,30mm,3.7542834
SubNetW8CleanAuxExDnRcK9Rr01QdEma,minbias,0,test,11.442044,11.252511978149414,-0.016564547006868602,3,60mm,1.5738927
SubNetW8CleanAuxExDnRcK9Rr01QdEma,minbias,0,test,20.438559,20.289819717407227,-0.007277365500740873,3,60mm,4.78143
SubNetW8CleanAuxExDnRcK9Rr01QdEma,minbias,0,test,4.692476,4.612181663513184,-0.017111251230205515,3,60mm,0.60315585
SubNetW8CleanAuxExDnRcK9Rr01QdEma,minbias,0,test,15.387692,15.041011810302734,-0.022529735518663774,4,120mm,3.6458647
SubNetW8CleanAuxExDnRcK9Rr01QdEma,minbias,0,test,20.661266,22.8936824798584,0.10804837020309521,3,60mm,2.9804301
SubNetW8CleanAuxExDnRcK9Rr01QdEma,minbias,0,test,6.721563,9.20453929901123,0.3694046291683133,3,60mm,1.1048534
SubNetW8CleanAuxExDnRcK9Rr01QdEma,minbias,0,test,9.125169,9.165450096130371,0.004414306919429789,3,60mm,2.1184318
SubNetW8CleanAuxExDnRcK9Rr01QdEma,minbias,0,test,4.559352,4.875479221343994,0.06933601655111143,2,40mm,0.5029826
SubNetW8CleanAuxExDnRcK9Rr01QdEma,minbias,0,test,47.015938,44.308204650878906,-0.057591814195372515,1,30mm,2.0835867
SubNetW8CleanAuxExDnRcK9Rr01QdEma,minbias,0,test,5.3056593,5.289673328399658,-0.003013002690627098,4,120mm,1.2160342
SubNetW8CleanAuxExDnRcK9Rr01QdEma,minbias,0,test,21.44973,21.752685546875,0.014123983312579025,3,60mm,3.8609073
SubNetW8CleanAuxExDnRcK9Rr01QdEma,minbias,0,test,16.429924,15.429814338684082,-0.06087122934121758,1,30mm,0.72708386
SubNetW8CleanAuxExDnRcK9Rr01QdEma,minbias,0,test,27.680496,33.50453567504883,0.21040227797288846,3,60mm,4.4173355
SubNetW8CleanAuxExDnRcK9Rr01QdEma,minbias,0,test,19.990656,19.86469268798828,-0.006301104460788132,2,40mm,1.5931225
SubNetW8CleanAuxExDnRcK9Rr01QdEma,minbias,0,test,67.00947,65.6104736328125,-0.02087756381172179,0,15mm,2.0828817
SubNetW8CleanAuxExDnRcK9Rr01QdEma,minbias,0,test,18.118706,18.199674606323242,0.004468799147737457,3,60mm,4.0209837
SubNetW8CleanAuxExDnRcK9Rr01QdEma,minbias,0,test,33.968346,33.24061584472656,-0.02142376331868101,1,30mm,1.8957448
SubNetW8CleanAuxExDnRcK9Rr01QdEma,minbias,0,test,40.327805,39.233726501464844,-0.027129621256464898,2,40mm,4.1032553
SubNetW8CleanAuxExDnRcK9Rr01QdEma,minbias,0,test,31.593256,28.2680721282959,-0.1052497997912939,2,40mm,3.7099507
SubNetW8CleanAuxExDnRcK9Rr01QdEma,minbias,0,test,19.909357,19.503341674804688,-0.02039319475118262,2,40mm,3.1218998
SubNetW8CleanAuxExDnRcK9Rr01QdEma,minbias,0,test,15.497144,15.28085708618164,-0.01395654985162098,2,40mm,0.9880081
SubNetW8CleanAuxExDnRcK9Rr01QdEma,minbias,0,test,15.853434,16.397180557250977,0.03429837104393596,2,40mm,1.1522263
SubNetW8CleanAuxExDnRcK9Rr01QdEma,minbias,0,test,19.514112,18.977657318115234,-0.027490625319188777,2,40mm,3.7893167
SubNetW8CleanAuxExDnRcK9Rr01QdEma,minbias,0,test,12.797696,26.021915435791016,1.0333281244399415,2,40mm,0.98961097
SubNetW8CleanAuxExDnRcK9Rr01QdEma,minbias,0,test,21.846388,22.0157413482666,0.0077520131093622435,3,60mm,4.7548704
SubNetW8CleanAuxExDnRcK9Rr01QdEma,minbias,0,test,16.625128,16.82729148864746,0.0121601288612041,3,60mm,2.8308594
SubNetW8CleanAuxExDnRcK9Rr01QdEma,minbias,0,test,6.256142,6.890765190124512,0.10143999873171516,3,60mm,0.80344605
SubNetW8CleanAuxExDnRcK9Rr01QdEma,minbias,0,test,9.187687,9.702445030212402,0.05602695373919908,3,60mm,1.6031625
SubNetW8CleanAuxExDnRcK9Rr01QdEma,minbias,0,test,76.3491,77.72492980957031,0.018020273144543797,1,30mm,4.382124
SubNetW8CleanAuxExDnRcK9Rr01QdEma,minbias,0,test,79.65649,80.72347259521484,0.013394842412914443,0,15mm,3.8711758
SubNetW8CleanAuxExDnRcK9Rr01QdEma,minbias,0,test,11.013443,12.79463005065918,0.16172844936871078,2,40mm,0.7832786
SubNetW8CleanAuxExDnRcK9Rr01QdEma,minbias,0,test,51.2725,51.46410369873047,0.00373698605839623,1,30mm,3.0332584
SubNetW8CleanAuxExDnRcK9Rr01QdEma,minbias,0,test,18.570175,19.66669273376465,0.059047238530338664,2,40mm,1.9608188
SubNetW8CleanAuxExDnRcK9Rr01QdEma,minbias,0,test,16.652468,16.713367462158203,0.003657099685946852,4,120mm,3.6581595
SubNetW8CleanAuxExDnRcK9Rr01QdEma,minbias,0,test,17.183443,16.136930465698242,-0.06090238141038484,2,40mm,1.9197745
SubNetW8CleanAuxExDnRcK9Rr01QdEma,minbias,0,test,55.551277,58.12605285644531,0.04634953195324343,0,15mm,1.3889916
SubNetW8CleanAuxExDnRcK9Rr01QdEma,minbias,0,test,57.863834,57.369911193847656,-0.008535956742907413,1,30mm,2.4132068
SubNetW8CleanAuxExDnRcK9Rr01QdEma,minbias,0,test,58.20921,59.43760299682617,0.021103079159811466,0,15mm,1.908096
SubNetW8CleanAuxExDnRcK9Rr01QdEma,minbias,0,test,20.506327,20.542898178100586,0.00178342534303777,3,60mm,3.4046304
SubNetW8CleanAuxExDnRcK9Rr01QdEma,minbias,0,test,29.496374,29.215429306030273,-0.009524724055172462,3,60mm,4.453051
SubNetW8CleanAuxExDnRcK9Rr01QdEma,minbias,0,test,26.808746,26.98882293701172,0.006717083926695233,2,40mm,2.4334717
SubNetW8CleanAuxExDnRcK9Rr01QdEma,minbias,0,test,25.434847,24.66159439086914,-0.030401303019043202,0,15mm,1.3338202
SubNetW8CleanAuxExDnRcK9Rr01QdEma,minbias,0,test,77.791695,78.50003814697266,0.009105644363800902,0,15mm,3.2507508
SubNetW8CleanAuxExDnRcK9Rr01QdEma,minbias,0,test,6.444782,6.3322906494140625,-0.017454606635977865,3,60mm,1.4346758
SubNetW8CleanAuxExDnRcK9Rr01QdEma,minbias,0,test,65.06644,55.32630157470703,-0.1496952296260442,1,30mm,4.0831866
SubNetW8CleanAuxExDnRcK9Rr01QdEma,minbias,0,test,87.03826,87.10983276367188,0.000822297561271057,0,15mm,1.8145931
SubNetW8CleanAuxExDnRcK9Rr01QdEma,minbias,0,test,49.78559,48.80615234375,-0.0196731375403284,0,15mm,1.2554498
SubNetW8CleanAuxExDnRcK9Rr01QdEma,minbias,0,test,29.062399,30.133548736572266,0.03685689640926304,3,60mm,4.3783855
SubNetW8CleanAuxExDnRcK9Rr01QdEma,minbias,0,test,41.988796,43.337337493896484,0.032116692563561866,1,30mm,3.3505528
SubNetW8CleanAuxExDnRcK9Rr01QdEma,minbias,0,test,30.398535,29.84636688232422,-0.01816429300119271,0,15mm,0.7745179
SubNetW8CleanAuxExDnRcK9Rr01QdEma,minbias,0,test,15.765795,15.812984466552734,0.002993170548053481,3,60mm,2.6800885
SubNetW8CleanAuxExDnRcK9Rr01QdEma,minbias,0,test,53.107327,55.48841857910156,0.04483547239369834,1,30mm,3.866852
SubNetW8CleanAuxExDnRcK9Rr01QdEma,minbias,0,test,4.232803,3.904446840286255,-0.07757413653588763,3,60mm,0.67510587
SubNetW8CleanAuxExDnRcK9Rr01QdEma,minbias,0,test,10.520484,10.97016716003418,0.042743583911819316,2,40mm,0.9086061
SubNetW8CleanAuxExDnRcK9Rr01QdEma,minbias,0,test,19.787647,19.87477684020996,0.004403231561919574,3,60mm,2.9496534
SubNetW8CleanAuxExDnRcK9Rr01QdEma,minbias,0,test,18.578604,18.537425994873047,-0.0022164071207969593,2,40mm,2.1524153
SubNetW8CleanAuxExDnRcK9Rr01QdEma,minbias,0,test,26.812159,26.221336364746094,-0.022035608135933415,3,60mm,3.9646695
SubNetW8CleanAuxExDnRcK9Rr01QdEma,minbias,0,test,40.433113,41.74705505371094,0.032496680440534886,1,30mm,2.861953
SubNetW8CleanAuxExDnRcK9Rr01QdEma,minbias,0,test,49.11934,48.69057083129883,-0.00872911091195172,0,15mm,1.4840214
SubNetW8CleanAuxExDnRcK9Rr01QdEma,minbias,0,test,19.468039,18.031810760498047,-0.0737736261468881,3,60mm,3.7833705
SubNetW8CleanAuxExDnRcK9Rr01QdEma,minbias,0,test,25.327478,25.327625274658203,5.798676139701087e-06,3,60mm,4.1807523
SubNetW8CleanAuxExDnRcK9Rr01QdEma,minbias,0,test,14.005397,13.85543155670166,-0.010707678471124638,3,60mm,2.797726
SubNetW8CleanAuxExDnRcK9Rr01QdEma,minbias,0,test,35.744183,37.21474838256836,0.041141402306031694,2,40mm,4.377906
SubNetW8CleanAuxExDnRcK9Rr01QdEma,minbias,0,test,4.136497,6.3996968269348145,0.547129562737763,2,40mm,0.53215915
SubNetW8CleanAuxExDnRcK9Rr01QdEma,minbias,0,test,75.01007,76.19165802001953,0.015752381068622867,1,30mm,3.87662
SubNetW8CleanAuxExDnRcK9Rr01QdEma,minbias,0,test,13.399867,13.244746208190918,-0.011576297655809697,2,40mm,1.506029
SubNetW8CleanAuxExDnRcK9Rr01QdEma,minbias,0,test,26.963943,26.526073455810547,-0.016239094475779314,2,40mm,4.054449
SubNetW8CleanAuxExDnRcK9Rr01QdEma,minbias,0,test,24.413157,23.837007522583008,-0.023599938278959565,2,40mm,2.8943572
SubNetW8CleanAuxExDnRcK9Rr01QdEma,minbias,0,test,16.088593,15.964866638183594,-0.007690286822043646,3,60mm,2.3889577
SubNetW8CleanAuxExDnRcK9Rr01QdEma,minbias,0,test,11.257225,11.186211585998535,-0.0063082553996693935,2,40mm,0.94359875
SubNetW8CleanAuxExDnRcK9Rr01QdEma,minbias,0,test,11.9798565,11.360878944396973,-0.051668193784484506,2,40mm,2.5935137
SubNetW8CleanAuxExDnRcK9Rr01QdEma,minbias,0,test,39.044,37.29808807373047,-0.044716491697727956,2,40mm,4.4972157
SubNetW8CleanAuxExDnRcK9Rr01QdEma,minbias,0,test,34.273384,34.28460693359375,0.00032745057577643344,2,40mm,3.3335915
SubNetW8CleanAuxExDnRcK9Rr01QdEma,minbias,0,test,67.21461,65.93866729736328,-0.018983075165100227,1,30mm,4.1646533
SubNetW8CleanAuxExDnRcK9Rr01QdEma,minbias,0,test,25.489086,25.464847564697266,-0.0009509397976087408,3,60mm,3.6686435
SubNetW8CleanAuxExDnRcK9Rr01QdEma,minbias,0,test,34.263004,31.756555557250977,-0.07315320990429464,3,60mm,3.8290586
SubNetW8CleanAuxExDnRcK9Rr01QdEma,minbias,0,test,23.285362,22.535419464111328,-0.032206618548330845,3,60mm,3.173515
SubNetW8CleanAuxExDnRcK9Rr01QdEma,minbias,0,test,69.9584,67.73399353027344,-0.03179608852612448,1,30mm,3.7762969
SubNetW8CleanAuxExDnRcK9Rr01QdEma,minbias,0,test,41.61483,63.728057861328125,0.531378545464612,0,15mm,1.4324133
SubNetW8CleanAuxExDnRcK9Rr01QdEma,minbias,0,test,11.514222,11.332916259765625,-0.01574625563329124,3,60mm,1.9734503
SubNetW8CleanAuxExDnRcK9Rr01QdEma,minbias,0,test,12.725609,15.39732551574707,0.20994804466024886,3,60mm,2.690984
SubNetW8CleanAuxExDnRcK9Rr01QdEma,minbias,0,test,8.519184,8.605716705322266,0.010157380287858064,2,40mm,0.9887666
SubNetW8CleanAuxExDnRcK9Rr01QdEma,minbias,0,test,51.42384,51.37016677856445,-0.0010437336258259933,2,40mm,4.2439585
SubNetW8CleanAuxExDnRcK9Rr01QdEma,minbias,0,test,35.99825,36.07594299316406,0.002158269950645053,0,15mm,1.2138815
SubNetW8CleanAuxExDnRcK9Rr01QdEma,minbias,0,test,31.543306,31.615798950195312,0.002298192798221965,3,60mm,4.6674366
SubNetW8CleanAuxExDnRcK9Rr01QdEma,minbias,0,test,98.942024,92.57083129882812,-0.06439319370762864,0,15mm,3.3346753
SubNetW8CleanAuxExDnRcK9Rr01QdEma,minbias,0,test,27.95163,27.565624237060547,-0.013809763745484038,2,40mm,4.1521215
SubNetW8CleanAuxExDnRcK9Rr01QdEma,minbias,0,test,69.415596,68.20172119140625,-0.017487061794432712,1,30mm,4.679574
SubNetW8CleanAuxExDnRcK9Rr01QdEma,minbias,0,test,16.488997,15.97519302368164,-0.031160385162122384,3,60mm,2.739172
SubNetW8CleanAuxExDnRcK9Rr01QdEma,minbias,0,test,9.077104,9.80748462677002,0.08046410429549877,2,40mm,1.1387275
SubNetW8CleanAuxExDnRcK9Rr01QdEma,minbias,0,test,47.139503,47.217674255371094,0.0016582859512299652,0,15mm,2.0313435
SubNetW8CleanAuxExDnRcK9Rr01QdEma,minbias,0,test,10.078441,9.729119300842285,-0.03466025915378024,2,40mm,0.68102604
SubNetW8CleanAuxExDnRcK9Rr01QdEma,minbias,0,test,74.62959,66.54610443115234,-0.10831478708015352,1,30mm,4.152451
SubNetW8CleanAuxExDnRcK9Rr01QdEma,minbias,0,test,32.50007,32.30706024169922,-0.0059387081560872135,1,30mm,2.3771052
SubNetW8CleanAuxExDnRcK9Rr01QdEma,minbias,0,test,14.636291,22.80474853515625,0.5580961895290386,1,30mm,0.8328999
SubNetW8CleanAuxExDnRcK9Rr01QdEma,minbias,0,test,21.08852,21.42988395690918,0.01618719123249046,3,60mm,4.0386806
SubNetW8CleanAuxExDnRcK9Rr01QdEma,minbias,0,test,46.598515,48.62130355834961,0.04340887302309904,1,30mm,1.7594401
SubNetW8CleanAuxExDnRcK9Rr01QdEma,minbias,0,test,77.17723,61.43791580200195,-0.20393728645974096,0,15mm,2.3241339
SubNetW8CleanAuxExDnRcK9Rr01QdEma,minbias,0,test,7.648951,7.395258903503418,-0.033166920318560944,3,60mm,1.4311626
SubNetW8CleanAuxExDnRcK9Rr01QdEma,minbias,0,test,16.415123,17.03856086730957,0.03797948282248775,3,60mm,3.5560553
SubNetW8CleanAuxExDnRcK9Rr01QdEma,minbias,0,test,25.180716,25.73504638671875,0.02201410140489135,2,40mm,3.6392696
SubNetW8CleanAuxExDnRcK9Rr01QdEma,minbias,0,test,17.752106,17.92940902709961,0.009987734248350977,3,60mm,3.5681067
SubNetW8CleanAuxExDnRcK9Rr01QdEma,minbias,0,test,23.725376,23.279335021972656,-0.018800170111094805,1,30mm,1.5169317
SubNetW8CleanAuxExDnRcK9Rr01QdEma,minbias,0,test,20.410587,20.06763458251953,-0.01680268789179651,3,60mm,4.924682
SubNetW8CleanAuxExDnRcK9Rr01QdEma,minbias,0,test,34.088608,31.903657913208008,-0.06409618980220055,2,40mm,4.6251154
SubNetW8CleanAuxExDnRcK9Rr01QdEma,minbias,0,test,7.5233006,7.074220180511475,-0.05969194749106399,3,60mm,1.6303446
SubNetW8CleanAuxExDnRcK9Rr01QdEma,minbias,0,test,6.4218564,7.124277114868164,0.10937969761373378,3,60mm,1.0636737
SubNetW8CleanAuxExDnRcK9Rr01QdEma,minbias,0,test,21.65241,23.152265548706055,0.06926965665116214,2,40mm,3.2164567
SubNetW8CleanAuxExDnRcK9Rr01QdEma,minbias,0,test,80.37823,80.02308654785156,-0.0044183692307838696,1,30mm,4.412673
SubNetW8CleanAuxExDnRcK9Rr01QdEma,minbias,0,test,20.039036,20.12030792236328,0.004055690406812085,1,30mm,1.275337
SubNetW8CleanAuxExDnRcK9Rr01QdEma,minbias,0,test,21.646841,21.890819549560547,0.01127085932823868,3,60mm,2.5691223
SubNetW8CleanAuxExDnRcK9Rr01QdEma,minbias,0,test,6.278914,5.898268699645996,-0.06062278869338977,2,40mm,0.8045262
SubNetW8CleanAuxExDnRcK9Rr01QdEma,minbias,0,test,23.980734,25.553464889526367,0.06558310627591557,4,120mm,4.85226
SubNetW8CleanAuxExDnRcK9Rr01QdEma,minbias,0,test,35.155636,34.1721076965332,-0.027976400195359297,3,60mm,4.627313
SubNetW8CleanAuxExDnRcK9Rr01QdEma,minbias,0,test,64.050255,64.2349853515625,0.002884149802357072,2,40mm,4.494181
SubNetW8CleanAuxExDnRcK9Rr01QdEma,minbias,0,test,8.850624,8.51108455657959,-0.038363343042525866,3,60mm,1.4935988
SubNetW8CleanAuxExDnRcK9Rr01QdEma,minbias,0,test,5.5505075,5.397180557250977,-0.027623958163126572,2,40mm,0.9733557
SubNetW8CleanAuxExDnRcK9Rr01QdEma,minbias,0,test,7.046607,7.217697620391846,0.024279855886591095,2,40mm,0.64172095
SubNetW8CleanAuxExDnRcK9Rr01QdEma,minbias,0,test,33.67757,33.36164855957031,-0.009380777182839917,3,60mm,3.7932029
SubNetW8CleanAuxExDnRcK9Rr01QdEma,minbias,0,test,46.756207,45.45231246948242,-0.02788707938958912,2,40mm,4.2405863
SubNetW8CleanAuxExDnRcK9Rr01QdEma,minbias,0,test,31.064707,31.18115234375,0.003748483516121892,1,30mm,1.4085088
SubNetW8CleanAuxExDnRcK9Rr01QdEma,minbias,0,test,5.6945376,5.722807884216309,0.0049644495106515585,3,60mm,0.9925426
SubNetW8CleanAuxExDnRcK9Rr01QdEma,minbias,0,test,21.744818,20.948890686035156,-0.03660306825628634,4,120mm,4.9753404
SubNetW8CleanAuxExDnRcK9Rr01QdEma,minbias,0,test,44.304768,44.459476470947266,0.003491923570647648,1,30mm,3.062025
SubNetW8CleanAuxExDnRcK9Rr01QdEma,minbias,0,test,25.290077,23.960966110229492,-0.05255464774719354,3,60mm,3.6168864
SubNetW8CleanAuxExDnRcK9Rr01QdEma,minbias,0,test,15.84306,15.62147045135498,-0.013986508595978497,2,40mm,1.2150595
SubNetW8CleanAuxExDnRcK9Rr01QdEma,minbias,0,test,31.40323,33.181854248046875,0.056638235721244046,3,60mm,3.940207
SubNetW8CleanAuxExDnRcK9Rr01QdEma,minbias,0,test,15.489071,19.253087997436523,0.2430111613063548,2,40mm,1.2318466
SubNetW8CleanAuxExDnRcK9Rr01QdEma,minbias,0,test,5.2427506,5.410959720611572,0.03208412669755689,4,120mm,1.1570249
SubNetW8CleanAuxExDnRcK9Rr01QdEma,minbias,0,test,37.54629,36.843528747558594,-0.018717230875988755,3,60mm,4.0502934
SubNetW8CleanAuxExDnRcK9Rr01QdEma,minbias,0,test,48.033314,46.877685546875,-0.02405888984322546,2,40mm,3.9871724
SubNetW8CleanAuxExDnRcK9Rr01QdEma,minbias,0,test,48.86315,49.92893981933594,0.021811697265289753,1,30mm,2.5845232
SubNetW8CleanAuxExDnRcK9Rr01QdEma,minbias,0,test,5.97807,5.508472442626953,-0.07855333857491809,3,60mm,1.2831318
SubNetW8CleanAuxExDnRcK9Rr01QdEma,minbias,0,test,34.82279,35.55543518066406,0.021039295794474278,2,40mm,2.1088617
SubNetW8CleanAuxExDnRcK9Rr01QdEma,minbias,0,test,62.157898,58.83554458618164,-0.05345022069040006,2,40mm,4.719053
SubNetW8CleanAuxExDnRcK9Rr01QdEma,minbias,0,test,50.336864,49.936336517333984,-0.007956950801511486,2,40mm,4.7377048
SubNetW8CleanAuxExDnRcK9Rr01QdEma,minbias,0,test,13.938536,15.370270729064941,0.10271775102982339,3,60mm,2.8985326
SubNetW8CleanAuxExDnRcK9Rr01QdEma,minbias,0,test,36.99953,34.90886306762695,-0.0565052496570595,1,30mm,1.9484892
SubNetW8CleanAuxExDnRcK9Rr01QdEma,minbias,0,test,9.593865,8.003647804260254,-0.16575358574744847,2,40mm,0.98039734
SubNetW8CleanAuxExDnRcK9Rr01QdEma,minbias,0,test,29.990616,31.171876907348633,0.03938768942718385,2,40mm,3.4248152
SubNetW8CleanAuxExDnRcK9Rr01QdEma,minbias,0,test,34.894485,34.736061096191406,-0.004540097820359468,2,40mm,3.8894408
SubNetW8CleanAuxExDnRcK9Rr01QdEma,minbias,0,test,17.312069,16.313762664794922,-0.057665336125889755,4,120mm,3.9347534
SubNetW8CleanAuxExDnRcK9Rr01QdEma,minbias,0,test,21.257803,21.129127502441406,-0.006053093117752595,3,60mm,3.736203
SubNetW8CleanAuxExDnRcK9Rr01QdEma,minbias,0,test,21.150076,20.962879180908203,-0.00885087752602165,3,60mm,3.6041906
SubNetW8CleanAuxExDnRcK9Rr01QdEma,minbias,0,test,22.771887,24.49339485168457,0.07559795283149962,2,40mm,2.2183814
SubNetW8CleanAuxExDnRcK9Rr01QdEma,minbias,0,test,25.337038,24.665159225463867,-0.026517654259045065,4,120mm,4.9146013
SubNetW8CleanAuxExDnRcK9Rr01QdEma,minbias,0,test,46.401733,46.21809387207031,-0.003957600566132591,0,15mm,1.840597
SubNetW8CleanAuxExDnRcK9Rr01QdEma,minbias,0,test,38.088104,37.53847885131836,-0.014430368945356431,3,60mm,3.8516154
SubNetW8CleanAuxExDnRcK9Rr01QdEma,minbias,0,test,32.69637,32.47285079956055,-0.006836183259739559,2,40mm,3.0681252
SubNetW8CleanAuxExDnRcK9Rr01QdEma,minbias,0,test,15.611006,14.888556480407715,-0.04627820351308298,4,120mm,3.5698013
SubNetW8CleanAuxExDnRcK9Rr01QdEma,minbias,0,test,30.729553,30.79127311706543,0.0020084865524070405,2,40mm,3.391212
SubNetW8CleanAuxExDnRcK9Rr01QdEma,minbias,0,test,15.6158285,15.74210262298584,0.008086289419271475,3,60mm,2.811373
SubNetW8CleanAuxExDnRcK9Rr01QdEma,minbias,0,test,3.8440053,3.915227174758911,0.01852802533931963,4,120mm,0.85223496
SubNetW8CleanAuxExDnRcK9Rr01QdEma,minbias,0,test,6.434038,4.7176361083984375,-0.2667690197904775,2,40mm,0.87181556
SubNetW8CleanAuxExDnRcK9Rr01QdEma,minbias,0,test,23.700918,23.597148895263672,-0.004378281951056717,2,40mm,2.7521431
SubNetW8CleanAuxExDnRcK9Rr01QdEma,minbias,0,test,23.860817,23.82639503479004,-0.0014426128342741595,2,40mm,2.1992888
SubNetW8CleanAuxExDnRcK9Rr01QdEma,minbias,0,test,11.918687,12.71070671081543,0.06645193828055174,2,40mm,1.3062034
SubNetW8CleanAuxExDnRcK9Rr01QdEma,minbias,0,test,10.020591,8.6019868850708,-0.1415688882954419,3,60mm,1.7707751
SubNetW8CleanAuxExDnRcK9Rr01QdEma,minbias,0,test,10.134516,11.864885330200195,0.1707402315464377,2,40mm,1.1896142
SubNetW8CleanAuxExDnRcK9Rr01QdEma,minbias,0,test,29.974876,29.756521224975586,-0.007284606478152655,3,60mm,3.7567554
SubNetW8CleanAuxExDnRcK9Rr01QdEma,minbias,0,test,7.1728215,6.978519916534424,-0.02708858775241907,3,60mm,0.91480523
SubNetW8CleanAuxExDnRcK9Rr01QdEma,minbias,0,test,5.3316045,5.312527179718018,-0.003578153836109488,2,40mm,0.5138788
SubNetW8CleanAuxExDnRcK9Rr01QdEma,minbias,0,test,15.610237,15.009942054748535,-0.038455217698362465,2,40mm,1.3594508
SubNetW8CleanAuxExDnRcK9Rr01QdEma,minbias,0,test,18.19073,18.05370330810547,-0.00753272901080515,2,40mm,2.3299038
SubNetW8CleanAuxExDnRcK9Rr01QdEma,minbias,0,test,17.055925,17.249502182006836,0.011349534461084998,3,60mm,3.5761623
SubNetW8CleanAuxExDnRcK9Rr01QdEma,minbias,0,test,22.15621,27.33858299255371,0.23390160409117078,2,40mm,2.777405
SubNetW8CleanAuxExDnRcK9Rr01QdEma,minbias,0,test,28.221014,24.518484115600586,-0.13119762118511036,1,30mm,1.3031065
SubNetW8CleanAuxExDnRcK9Rr01QdEma,minbias,0,test,29.946646,29.81266975402832,-0.00447382267262908,3,60mm,4.033067
SubNetW8CleanAuxExDnRcK9Rr01QdEma,minbias,0,test,91.83577,89.15364837646484,-0.029205627469345186,1,30mm,4.6681027
SubNetW8CleanAuxExDnRcK9Rr01QdEma,minbias,0,test,3.297293,3.385955810546875,0.026889592214636604,2,40mm,0.66342354
SubNetW8CleanAuxExDnRcK9Rr01QdEma,minbias,0,test,38.47444,39.214447021484375,0.019233690308912088,2,40mm,4.758108
SubNetW8CleanAuxExDnRcK9Rr01QdEma,minbias,0,test,35.773785,37.10065841674805,0.03709067387596976,0,15mm,1.0560195
SubNetW8CleanAuxExDnRcK9Rr01QdEma,minbias,0,test,87.84134,84.9048080444336,-0.03342994422219403,0,15mm,1.9938014
SubNetW8CleanAuxExDnRcK9Rr01QdEma,minbias,0,test,9.337246,8.773587226867676,-0.06036669890096957,2,40mm,1.4996245
SubNetW8CleanAuxExDnRcK9Rr01QdEma,minbias,0,test,9.921068,9.861913681030273,-0.005962514253108342,4,120mm,2.2980042
SubNetW8CleanAuxExDnRcK9Rr01QdEma,minbias,0,test,41.87178,45.12865447998047,0.07778207789850922,1,30mm,4.299454
SubNetW8CleanAuxExDnRcK9Rr01QdEma,minbias,0,test,65.50843,64.83158111572266,-0.010332248235303543,0,15mm,1.7188778
SubNetW8CleanAuxExDnRcK9Rr01QdEma,minbias,0,test,24.352465,27.138805389404297,0.114417195572736,1,30mm,1.6143626
SubNetW8CleanAuxExDnRcK9Rr01QdEma,minbias,0,test,14.165112,11.343897819519043,-0.19916636123296294,1,30mm,1.1831406
SubNetW8CleanAuxExDnRcK9Rr01QdEma,minbias,0,test,35.979477,35.55696487426758,-0.011743140548722164,2,40mm,4.9439363
SubNetW8CleanAuxExDnRcK9Rr01QdEma,minbias,0,test,31.82387,30.99846649169922,-0.0259366073688424,3,60mm,4.9482565
SubNetW8CleanAuxExDnRcK9Rr01QdEma,minbias,0,test,20.05911,19.957244873046875,-0.005078279403971764,3,60mm,2.190026
SubNetW8CleanAuxExDnRcK9Rr01QdEma,minbias,0,test,55.430374,55.41036605834961,-0.0003609589050522777,2,40mm,4.6777167
SubNetW8CleanAuxExDnRcK9Rr01QdEma,minbias,0,test,11.891419,11.711694717407227,-0.015113813338089588,3,60mm,1.9409451
SubNetW8CleanAuxExDnRcK9Rr01QdEma,minbias,0,test,23.383987,22.731048583984375,-0.02792247664426528,3,60mm,3.557443
SubNetW8CleanAuxExDnRcK9Rr01QdEma,minbias,0,test,21.867144,22.099021911621094,0.010603958365697164,3,60mm,3.825116
SubNetW8CleanAuxExDnRcK9Rr01QdEma,minbias,0,test,20.127518,19.50796127319336,-0.030781561652579836,3,60mm,4.039631
SubNetW8CleanAuxExDnRcK9Rr01QdEma,minbias,0,test,23.910034,26.608417510986328,0.11285568690617809,0,15mm,1.2447295
SubNetW8CleanAuxExDnRcK9Rr01QdEma,minbias,0,test,15.714188,15.905097007751465,0.012148854924770136,3,60mm,3.0343347
SubNetW8CleanAuxExDnRcK9Rr01QdEma,minbias,0,test,70.63262,74.23854064941406,0.05105174909502197,1,30mm,3.8581386
SubNetW8CleanAuxExDnRcK9Rr01QdEma,minbias,0,test,44.652935,43.98389434814453,-0.01498312886960218,1,30mm,2.8531468
SubNetW8CleanAuxExDnRcK9Rr01QdEma,minbias,0,test,46.313892,48.467899322509766,0.046508873429493613,1,30mm,3.58054
SubNetW8CleanAuxExDnRcK9Rr01QdEma,minbias,0,test,43.59207,40.982933044433594,-0.059853509984773456,1,30mm,2.9283578
SubNetW8CleanAuxExDnRcK9Rr01QdEma,minbias,0,test,13.504177,12.657943725585938,-0.06266456386497432,1,30mm,0.7508528
SubNetW8CleanAuxExDnRcK9Rr01QdEma,minbias,0,test,21.57216,22.33055877685547,0.035156332545684066,1,30mm,1.32398
SubNetW8CleanAuxExDnRcK9Rr01QdEma,minbias,0,test,19.346273,18.53137969970703,-0.04212148276563421,2,40mm,1.5519956
SubNetW8CleanAuxExDnRcK9Rr01QdEma,minbias,0,test,20.504786,20.032705307006836,-0.02302292944466411,2,40mm,2.0502644
SubNetW8CleanAuxExDnRcK9Rr01QdEma,minbias,0,test,20.191334,20.544376373291016,0.017484857936946208,3,60mm,4.103857
SubNetW8CleanAuxExDnRcK9Rr01QdEma,minbias,0,test,42.621708,46.464900970458984,0.09016985104750064,2,40mm,3.4567583
SubNetW8CleanAuxExDnRcK9Rr01QdEma,minbias,0,test,14.510021,14.126089096069336,-0.0264597899684913,2,40mm,1.0775614
SubNetW8CleanAuxExDnRcK9Rr01QdEma,minbias,0,test,17.30555,17.61357307434082,0.01779911412779689,3,60mm,2.968197
SubNetW8CleanAuxExDnRcK9Rr01QdEma,minbias,0,test,59.712395,57.666725158691406,-0.034258709024313605,2,40mm,4.4414115
SubNetW8CleanAuxExDnRcK9Rr01QdEma,minbias,0,test,15.435199,15.487211227416992,0.003369729426278445,0,15mm,0.7033608
SubNetW8CleanAuxExDnRcK9Rr01QdEma,minbias,0,test,4.963724,5.131394386291504,0.03377912336243827,3,60mm,0.5469105
SubNetW8CleanAuxExDnRcK9Rr01QdEma,minbias,0,test,96.96802,93.82353210449219,-0.03242806805965037,0,15mm,4.6457715
SubNetW8CleanAuxExDnRcK9Rr01QdEma,minbias,0,test,49.083256,34.532283782958984,-0.29645490620454173,1,30mm,3.0871422
SubNetW8CleanAuxExDnRcK9Rr01QdEma,minbias,0,test,8.617514,9.127382278442383,0.059166558028569405,3,60mm,1.2679559
SubNetW8CleanAuxExDnRcK9Rr01QdEma,minbias,0,test,43.834335,46.14839553833008,0.05279104140421276,2,40mm,3.50605
SubNetW8CleanAuxExDnRcK9Rr01QdEma,minbias,0,test,44.04671,43.31298065185547,-0.016658004650900504,2,40mm,4.309774
SubNetW8CleanAuxExDnRcK9Rr01QdEma,minbias,0,test,51.515984,50.60651779174805,-0.017654050773491692,2,40mm,4.1322513
SubNetW8CleanAuxExDnRcK9Rr01QdEma,minbias,0,test,64.077705,60.62527847290039,-0.05387875376854745,1,30mm,4.6372476
SubNetW8CleanAuxExDnRcK9Rr01QdEma,minbias,0,test,48.887215,48.86970901489258,-0.0003580822894794222,2,40mm,4.4988627
SubNetW8CleanAuxExDnRcK9Rr01QdEma,minbias,0,test,28.997986,32.01240158081055,0.10395259028042347,2,40mm,3.249341
SubNetW8CleanAuxExDnRcK9Rr01QdEma,minbias,0,test,35.48578,34.058658599853516,-0.04021667993924993,3,60mm,4.85355
SubNetW8CleanAuxExDnRcK9Rr01QdEma,minbias,0,test,10.589775,8.417598724365234,-0.20512016011262058,3,60mm,2.486527
SubNetW8CleanAuxExDnRcK9Rr01QdEma,minbias,0,test,7.9317517,7.647587776184082,-0.0358261278991594,3,60mm,1.3982141
SubNetW8CleanAuxExDnRcK9Rr01QdEma,minbias,0,test,14.934497,15.298081398010254,0.024345280685672543,3,60mm,3.322265
SubNetW8CleanAuxExDnRcK9Rr01QdEma,minbias,0,test,8.132711,8.16048526763916,0.0034150796351588575,3,60mm,0.97463083
SubNetW8CleanAuxExDnRcK9Rr01QdEma,minbias,0,test,32.916183,32.218238830566406,-0.021203692758420045,3,60mm,4.45282
SubNetW8CleanAuxExDnRcK9Rr01QdEma,minbias,0,test,10.662379,10.544449806213379,-0.011060332378828308,3,60mm,2.3343472
SubNetW8CleanAuxExDnRcK9Rr01QdEma,minbias,0,test,11.59706,11.350337982177734,-0.021274548639399038,2,40mm,1.3828102
SubNetW8CleanAuxExDnRcK9Rr01QdEma,minbias,0,test,64.68474,64.97549438476562,0.004494974144757746,0,15mm,2.1326892
SubNetW8CleanAuxExDnRcK9Rr01QdEma,minbias,0,test,31.301548,30.72545623779297,-0.0184045775078292,2,40mm,4.5260677
SubNetW8CleanAuxExDnRcK9Rr01QdEma,minbias,0,test,38.98173,36.807064056396484,-0.055786833459456786,3,60mm,4.4473286
SubNetW8CleanAuxExDnRcK9Rr01QdEma,minbias,0,test,40.40148,40.20085525512695,-0.004965817222650992,2,40mm,4.040572
SubNetW8CleanAuxExDnRcK9Rr01QdEma,minbias,0,test,54.409885,54.89896774291992,0.008988850698211648,1,30mm,2.4774632
SubNetW8CleanAuxExDnRcK9Rr01QdEma,minbias,0,test,31.380922,33.62135696411133,0.0713947991693249,0,15mm,0.86841375
SubNetW8CleanAuxExDnRcK9Rr01QdEma,minbias,0,test,54.527145,54.44829559326172,-0.0014460649264262937,0,15mm,1.1305777
SubNetW8CleanAuxExDnRcK9Rr01QdEma,minbias,0,test,11.939787,12.2742338180542,0.028011128635389015,3,60mm,2.7309868
SubNetW8CleanAuxExDnRcK9Rr01QdEma,minbias,0,test,40.102875,41.54460906982422,0.03595089685569719,2,40mm,4.754992
SubNetW8CleanAuxExDnRcK9Rr01QdEma,minbias,0,test,7.1564283,5.637421131134033,-0.2122577261186246,2,40mm,1.3922718
SubNetW8CleanAuxExDnRcK9Rr01QdEma,minbias,0,test,31.100086,31.054248809814453,-0.0014738673722978213,3,60mm,4.292599
SubNetW8CleanAuxExDnRcK9Rr01QdEma,minbias,0,test,10.005363,10.199705123901367,0.019423748096533355,3,60mm,1.4192512
SubNetW8CleanAuxExDnRcK9Rr01QdEma,minbias,0,test,16.081272,15.603994369506836,-0.02967910449000366,4,120mm,3.3660467
SubNetW8CleanAuxExDnRcK9Rr01QdEma,minbias,0,test,24.270506,24.457347869873047,0.0076983135601644825,2,40mm,2.607673
SubNetW8CleanAuxExDnRcK9Rr01QdEma,minbias,0,test,76.32444,73.82080078125,-0.03280258880525455,1,30mm,3.5981724
SubNetW8CleanAuxExDnRcK9Rr01QdEma,minbias,0,test,40.63417,40.84891128540039,0.005284733276480269,2,40mm,3.8043957
SubNetW8CleanAuxExDnRcK9Rr01QdEma,minbias,0,test,89.85148,85.47847747802734,-0.048669216888866496,1,30mm,3.7975762
SubNetW8CleanAuxExDnRcK9Rr01QdEma,minbias,0,test,8.459833,8.358588218688965,-0.011967721433227219,4,120mm,1.7532581
SubNetW8CleanAuxExDnRcK9Rr01QdEma,minbias,0,test,3.5826688,4.123319625854492,0.1509072921836596,3,60mm,0.6822899
SubNetW8CleanAuxExDnRcK9Rr01QdEma,minbias,0,test,45.11368,47.60453796386719,0.05521287715047518,1,30mm,4.128195
SubNetW8CleanAuxExDnRcK9Rr01QdEma,minbias,0,test,12.850171,14.907454490661621,0.16009774400768384,3,60mm,1.7680213
SubNetW8CleanAuxExDnRcK9Rr01QdEma,minbias,0,test,13.290472,13.902591705322266,0.0460570304253638,2,40mm,1.5790492
SubNetW8CleanAuxExDnRcK9Rr01QdEma,minbias,0,test,18.135283,16.98455238342285,-0.06345256171283653,2,40mm,2.5624232
SubNetW8CleanAuxExDnRcK9Rr01QdEma,minbias,0,test,31.146282,30.686508178710938,-0.014761762397194511,3,60mm,4.9249287
SubNetW8CleanAuxExDnRcK9Rr01QdEma,minbias,0,test,20.316639,19.74097442626953,-0.028334633586718505,1,30mm,1.3245108
SubNetW8CleanAuxExDnRcK9Rr01QdEma,minbias,0,test,14.165931,13.738676071166992,-0.030160720422807152,2,40mm,1.1360714
SubNetW8CleanAuxExDnRcK9Rr01QdEma,minbias,0,test,26.662382,25.447265625,-0.04557419120012518,1,30mm,2.573723
SubNetW8CleanAuxExDnRcK9Rr01QdEma,minbias,0,test,89.22413,87.05817413330078,-0.024275435589452887,1,30mm,3.664314
SubNetW8CleanAuxExDnRcK9Rr01QdEma,minbias,0,test,15.035596,15.52362060546875,0.03245795610988611,1,30mm,0.7535567
SubNetW8CleanAuxExDnRcK9Rr01QdEma,minbias,0,test,22.691048,22.668664932250977,-0.0009864126387240102,3,60mm,4.1511416
SubNetW8CleanAuxExDnRcK9Rr01QdEma,minbias,0,test,15.758327,16.946033477783203,0.07537011909425462,4,120mm,3.3055003
SubNetW8CleanAuxExDnRcK9Rr01QdEma,minbias,0,test,12.591074,12.322772979736328,-0.021308826423205307,3,60mm,2.1532357
SubNetW8CleanAuxExDnRcK9Rr01QdEma,minbias,0,test,14.796738,14.712186813354492,-0.005714155337783411,4,120mm,3.247207
SubNetW8CleanAuxExDnRcK9Rr01QdEma,minbias,0,test,17.422909,17.53619956970215,0.006502403711943439,2,40mm,1.6943493
SubNetW8CleanAuxExDnRcK9Rr01QdEma,minbias,0,test,6.2238383,6.291750431060791,0.01091161083438319,2,40mm,0.6034276
SubNetW8CleanAuxExDnRcK9Rr01QdEma,minbias,0,test,37.111942,36.438167572021484,-0.018155199583745896,1,30mm,2.1228366
SubNetW8CleanAuxExDnRcK9Rr01QdEma,minbias,0,test,8.292277,8.24029541015625,-0.006268715318761164,2,40mm,0.5375137
SubNetW8CleanAuxExDnRcK9Rr01QdEma,minbias,0,test,17.152191,17.03705406188965,-0.0067126758984632495,3,60mm,2.9790423
SubNetW8CleanAuxExDnRcK9Rr01QdEma,minbias,0,test,50.61583,50.98312759399414,0.007256586132892595,2,40mm,3.5766628
SubNetW8CleanAuxExDnRcK9Rr01QdEma,minbias,0,test,22.17634,22.408750534057617,0.010480107620427281,2,40mm,2.1322205
SubNetW8CleanAuxExDnRcK9Rr01QdEma,minbias,0,test,22.928518,23.042905807495117,0.004988875021659789,2,40mm,1.8737818
SubNetW8CleanAuxExDnRcK9Rr01QdEma,minbias,0,test,23.261482,22.701358795166016,-0.024079439042365314,2,40mm,4.558422
SubNetW8CleanAuxExDnRcK9Rr01QdEma,minbias,0,test,89.25067,84.39813995361328,-0.054369691092627126,0,15mm,2.0929382
SubNetW8CleanAuxExDnRcK9Rr01QdEma,minbias,0,test,29.205671,25.05419921875,-0.1421460937346425,1,30mm,1.2541511
SubNetW8CleanAuxExDnRcK9Rr01QdEma,minbias,0,test,9.008549,9.070330619812012,0.006858139423604248,3,60mm,1.8929392
SubNetW8CleanAuxExDnRcK9Rr01QdEma,minbias,0,test,11.005309,9.76756763458252,-0.11246766978890554,1,30mm,0.5675555
SubNetW8CleanAuxExDnRcK9Rr01QdEma,minbias,0,test,27.130047,26.803245544433594,-0.012045732980932589,2,40mm,2.9301193
SubNetW8CleanAuxExDnRcK9Rr01QdEma,minbias,0,test,12.933397,13.577375411987305,0.049791876357227816,2,40mm,1.5613104
SubNetW8CleanAuxExDnRcK9Rr01QdEma,minbias,0,test,17.527859,16.254192352294922,-0.07266525827001391,2,40mm,1.2437782
SubNetW8CleanAuxExDnRcK9Rr01QdEma,minbias,0,test,6.393207,6.316722393035889,-0.011963429199135733,3,60mm,1.1124084
SubNetW8CleanAuxExDnRcK9Rr01QdEma,minbias,0,test,44.654434,43.89219665527344,-0.01706969447522666,2,40mm,4.7189674
SubNetW8CleanAuxExDnRcK9Rr01QdEma,minbias,0,test,18.28569,17.233150482177734,-0.05756084718338483,4,120mm,4.3177323
SubNetW8CleanAuxExDnRcK9Rr01QdEma,minbias,0,test,28.562849,31.187667846679688,0.09189625298803161,1,30mm,1.2426541
SubNetW8CleanAuxExDnRcK9Rr01QdEma,minbias,0,test,99.00664,86.62094116210938,-0.12509965710097204,0,15mm,3.4212062
SubNetW8CleanAuxExDnRcK9Rr01QdEma,minbias,0,test,11.323768,10.990705490112305,-0.029412663865604927,2,40mm,1.2455788
SubNetW8CleanAuxExDnRcK9Rr01QdEma,minbias,0,test,15.434707,14.976412773132324,-0.029692427855036008,2,40mm,2.8582423
SubNetW8CleanAuxExDnRcK9Rr01QdEma,minbias,0,test,36.08306,36.94455337524414,0.02387525137546853,1,30mm,1.6102991
SubNetW8CleanAuxExDnRcK9Rr01QdEma,minbias,0,test,18.395664,18.071290969848633,-0.01763313580018555,3,60mm,3.3859024
SubNetW8CleanAuxExDnRcK9Rr01QdEma,minbias,0,test,73.20313,69.88236999511719,-0.0453636683977634,1,30mm,3.3322966
SubNetW8CleanAuxExDnRcK9Rr01QdEma,minbias,0,test,33.943096,35.8990592956543,0.057624770748503584,0,15mm,0.7883125
SubNetW8CleanAuxExDnRcK9Rr01QdEma,minbias,0,test,27.245195,27.032018661499023,-0.00782437873000541,2,40mm,3.7094698
SubNetW8CleanAuxExDnRcK9Rr01QdEma,minbias,0,test,13.906923,14.846141815185547,0.06753603951485299,1,30mm,0.94779426
SubNetW8CleanAuxExDnRcK9Rr01QdEma,minbias,0,test,82.80038,84.47798919677734,0.02026092594812523,0,15mm,2.4001415
SubNetW8CleanAuxExDnRcK9Rr01QdEma,minbias,0,test,13.385455,13.265209197998047,-0.008983327974367072,2,40mm,1.645308
SubNetW8CleanAuxExDnRcK9Rr01QdEma,minbias,0,test,17.408112,18.22663688659668,0.04701976494883686,4,120mm,3.5267122
SubNetW8CleanAuxExDnRcK9Rr01QdEma,minbias,0,test,17.416777,17.789230346679688,0.021384765786915505,4,120mm,4.1170373
SubNetW8CleanAuxExDnRcK9Rr01QdEma,minbias,0,test,22.516472,26.10100555419922,0.15919606380826745,1,30mm,1.1191611
SubNetW8CleanAuxExDnRcK9Rr01QdEma,minbias,0,test,5.2447777,4.842801094055176,-0.07664320776907485,3,60mm,1.1531938
SubNetW8CleanAuxExDnRcK9Rr01QdEma,minbias,0,test,29.639582,31.194992065429688,0.05247747427440097,1,30mm,1.3967416
SubNetW8CleanAuxExDnRcK9Rr01QdEma,minbias,0,test,7.54515,11.561820983886719,0.5323514158780525,2,40mm,1.6443626
SubNetW8CleanAuxExDnRcK9Rr01QdEma,minbias,0,test,66.605965,63.889892578125,-0.04077821102596202,0,15mm,1.8507849
SubNetW8CleanAuxExDnRcK9Rr01QdEma,minbias,0,test,20.723816,20.24625015258789,-0.023044296825990518,3,60mm,4.1582546
SubNetW8CleanAuxExDnRcK9Rr01QdEma,minbias,0,test,22.748346,22.184165954589844,-0.024800940076810996,3,60mm,4.485237
SubNetW8CleanAuxExDnRcK9Rr01QdEma,minbias,0,test,20.859694,20.89673614501953,0.0017757987551212384,4,120mm,4.1906424
SubNetW8CleanAuxExDnRcK9Rr01QdEma,minbias,0,test,64.57643,63.23078918457031,-0.02083797545462862,0,15mm,1.4974837
SubNetW8CleanAuxExDnRcK9Rr01QdEma,minbias,0,test,11.665603,11.365283966064453,-0.025743952206421894,3,60mm,2.0222824
SubNetW8CleanAuxExDnRcK9Rr01QdEma,minbias,0,test,38.48004,37.348941802978516,-0.029394451167962243,2,40mm,3.6137204
SubNetW8CleanAuxExDnRcK9Rr01QdEma,minbias,0,test,58.12306,60.13431167602539,0.034603364225811006,1,30mm,3.0909984
SubNetW8CleanAuxExDnRcK9Rr01QdEma,minbias,0,test,22.067186,21.5130672454834,-0.02511054654537026,3,60mm,3.3235297
SubNetW8CleanAuxExDnRcK9Rr01QdEma,minbias,0,test,19.59126,20.579635620117188,0.05044977526570471,2,40mm,1.9229664
SubNetW8CleanAuxExDnRcK9Rr01QdEma,minbias,0,test,7.7621145,7.705861568450928,-0.007247117549007198,2,40mm,1.321883
SubNetW8CleanAuxExDnRcK9Rr01QdEma,minbias,0,test,5.746559,5.071775913238525,-0.11742387279561028,2,40mm,0.755625
SubNetW8CleanAuxExDnRcK9Rr01QdEma,minbias,0,test,16.120523,16.13199234008789,0.0007114463350219591,2,40mm,1.5906748
SubNetW8CleanAuxExDnRcK9Rr01QdEma,minbias,0,test,8.099317,7.671805381774902,-0.05278361576445978,3,60mm,1.3564761
SubNetW8CleanAuxExDnRcK9Rr01QdEma,minbias,0,test,80.87889,79.87117767333984,-0.012459534317558862,1,30mm,3.964775
SubNetW8CleanAuxExDnRcK9Rr01QdEma,minbias,0,test,33.501194,34.08782196044922,0.01751065828283016,0,15mm,1.4629562
SubNetW8CleanAuxExDnRcK9Rr01QdEma,minbias,0,test,43.92388,44.54444885253906,0.014128244138504442,2,40mm,4.5543327
SubNetW8CleanAuxExDnRcK9Rr01QdEma,minbias,0,test,34.512722,33.23990249633789,-0.03687971984579275,3,60mm,4.172931
SubNetW8CleanAuxExDnRcK9Rr01QdEma,minbias,0,test,35.579376,33.62478256225586,-0.05493614183460349,2,40mm,2.1434448
SubNetW8CleanAuxExDnRcK9Rr01QdEma,minbias,0,test,21.130669,20.72509765625,-0.019193476117284614,2,40mm,1.6889127
SubNetW8CleanAuxExDnRcK9Rr01QdEma,minbias,0,test,13.569657,13.43590259552002,-0.00985689815253088,4,120mm,2.734366
SubNetW8CleanAuxExDnRcK9Rr01QdEma,minbias,0,test,23.233702,23.029987335205078,-0.008768054841451378,2,40mm,4.2582273
SubNetW8CleanAuxExDnRcK9Rr01QdEma,minbias,0,test,3.9757898,3.77428936958313,-0.05068185861906249,4,120mm,0.9197537
SubNetW8CleanAuxExDnRcK9Rr01QdEma,minbias,0,test,15.504989,15.309585571289062,-0.012602595410710404,4,120mm,3.6343696
SubNetW8CleanAuxExDnRcK9Rr01QdEma,minbias,0,test,22.60285,23.97600746154785,0.0607515204335245,2,40mm,2.0056345
SubNetW8CleanAuxExDnRcK9Rr01QdEma,minbias,0,test,10.453835,10.61561393737793,0.015475604015457556,2,40mm,1.1958278
SubNetW8CleanAuxExDnRcK9Rr01QdEma,minbias,0,test,27.473143,27.06068992614746,-0.01501294203580028,2,40mm,4.9277616
SubNetW8CleanAuxExDnRcK9Rr01QdEma,minbias,0,test,35.500492,35.79731750488281,0.008361163223690404,2,40mm,2.9158502
SubNetW8CleanAuxExDnRcK9Rr01QdEma,minbias,0,test,18.523653,18.34833335876465,-0.009464638068051534,3,60mm,2.9902265
SubNetW8CleanAuxExDnRcK9Rr01QdEma,minbias,0,test,19.174932,19.28173828125,0.005570074445049089,3,60mm,2.8811872
SubNetW8CleanAuxExDnRcK9Rr01QdEma,minbias,0,test,10.451739,10.166693687438965,-0.027272553906252384,2,40mm,1.1287836
SubNetW8CleanAuxExDnRcK9Rr01QdEma,minbias,0,test,35.262367,34.747318267822266,-0.014606194107240067,1,30mm,1.5559057
SubNetW8CleanAuxExDnRcK9Rr01QdEma,minbias,0,test,6.897606,6.238264560699463,-0.0955898822342639,3,60mm,1.2345957
SubNetW8CleanAuxExDnRcK9Rr01QdEma,minbias,0,test,17.353941,17.46822166442871,0.006585288086570218,3,60mm,2.8192365
SubNetW8CleanAuxExDnRcK9Rr01QdEma,minbias,0,test,24.00765,22.526763916015625,-0.06168393975239217,4,120mm,4.73904
SubNetW8CleanAuxExDnRcK9Rr01QdEma,minbias,0,test,68.2483,65.8514404296875,-0.035119677162925744,1,30mm,2.8885472
SubNetW8CleanAuxExDnRcK9Rr01QdEma,minbias,0,test,6.384055,5.873939037322998,-0.0799047140592698,4,120mm,1.2972671
SubNetW8CleanAuxExDnRcK9Rr01QdEma,minbias,0,test,46.180492,45.76375961303711,-0.009024000533952803,1,30mm,4.2989955
SubNetW8CleanAuxExDnRcK9Rr01QdEma,minbias,0,test,12.157492,12.443865776062012,0.02355535990042079,2,40mm,1.1809845
SubNetW8CleanAuxExDnRcK9Rr01QdEma,minbias,0,test,14.502362,13.576056480407715,-0.06387275085423794,3,60mm,2.9280348
SubNetW8CleanAuxExDnRcK9Rr01QdEma,minbias,0,test,4.831421,4.363198757171631,-0.09691189219661944,2,40mm,0.8984059
SubNetW8CleanAuxExDnRcK9Rr01QdEma,minbias,0,test,13.73567,13.647626876831055,-0.006409822914755892,3,60mm,1.8573775
SubNetW8CleanAuxExDnRcK9Rr01QdEma,minbias,0,test,40.566322,40.046226501464844,-0.012820876908861578,3,60mm,3.9446466
SubNetW8CleanAuxExDnRcK9Rr01QdEma,minbias,0,test,13.06976,12.910538673400879,-0.012182445985252977,3,60mm,3.0093136
SubNetW8CleanAuxExDnRcK9Rr01QdEma,minbias,0,test,84.41923,79.46238708496094,-0.05871696124273684,0,15mm,4.1087217
SubNetW8CleanAuxExDnRcK9Rr01QdEma,minbias,0,test,21.442183,21.084720611572266,-0.01667096754910813,3,60mm,3.4703333
SubNetW8CleanAuxExDnRcK9Rr01QdEma,minbias,0,test,14.66795,14.658113479614258,-0.0006705911266633446,3,60mm,2.8385532
SubNetW8CleanAuxExDnRcK9Rr01QdEma,minbias,0,test,17.683638,20.085426330566406,0.1358198331866265,2,40mm,2.1883523
SubNetW8CleanAuxExDnRcK9Rr01QdEma,minbias,0,test,61.185417,63.085514068603516,0.03105473462519459,1,30mm,4.2842803
SubNetW8CleanAuxExDnRcK9Rr01QdEma,minbias,0,test,31.510485,32.293766021728516,0.02485779999466131,3,60mm,3.9318924
SubNetW8CleanAuxExDnRcK9Rr01QdEma,minbias,0,test,15.733192,15.050045013427734,-0.04342077635280317,3,60mm,3.1718452
SubNetW8CleanAuxExDnRcK9Rr01QdEma,minbias,0,test,4.319514,4.163012504577637,-0.03623122890903385,3,60mm,0.6609119
SubNetW8CleanAuxExDnRcK9Rr01QdEma,minbias,0,test,30.739899,28.737213134765625,-0.06514938671776116,3,60mm,4.410693
SubNetW8CleanAuxExDnRcK9Rr01QdEma,minbias,0,test,58.882347,59.64455032348633,0.012944511453806928,1,30mm,4.8061543
SubNetW8CleanAuxExDnRcK9Rr01QdEma,minbias,0,test,12.092749,12.042397499084473,-0.004163746752211317,3,60mm,1.4712888
SubNetW8CleanAuxExDnRcK9Rr01QdEma,minbias,0,test,74.216194,75.10672760009766,0.011999179659250236,0,15mm,2.5476763
SubNetW8CleanAuxExDnRcK9Rr01QdEma,minbias,0,test,7.8115706,8.184248924255371,0.04770849510845743,4,120mm,1.8285252
SubNetW8CleanAuxExDnRcK9Rr01QdEma,minbias,0,test,15.599715,15.304946899414062,-0.018895750918218712,2,40mm,2.6621494
SubNetW8CleanAuxExDnRcK9Rr01QdEma,minbias,0,test,19.342281,18.68267059326172,-0.0341020139580942,3,60mm,2.3483303
SubNetW8CleanAuxExDnRcK9Rr01QdEma,minbias,0,test,52.98766,53.41040802001953,0.007978245690170027,0,15mm,1.5559632
SubNetW8CleanAuxExDnRcK9Rr01QdEma,minbias,0,test,23.934582,24.426950454711914,0.020571435219857825,3,60mm,3.1130254
SubNetW8CleanAuxExDnRcK9Rr01QdEma,minbias,0,test,30.768929,31.87845802307129,0.03606006280770013,1,30mm,2.6235883
SubNetW8CleanAuxExDnRcK9Rr01QdEma,minbias,0,test,37.58224,22.87245750427246,-0.39140251192681574,0,15mm,1.4147604
SubNetW8CleanAuxExDnRcK9Rr01QdEma,minbias,0,test,55.72758,55.49132537841797,-0.004239474267678789,1,30mm,3.2742682
SubNetW8CleanAuxExDnRcK9Rr01QdEma,minbias,0,test,26.486513,26.717214584350586,0.008710147890467645,2,40mm,1.69928
SubNetW8CleanAuxExDnRcK9Rr01QdEma,minbias,0,test,35.082466,41.69889831542969,0.18859655322618285,2,40mm,3.061858
SubNetW8CleanAuxExDnRcK9Rr01QdEma,minbias,0,test,42.382385,42.050743103027344,-0.007824999675975941,3,60mm,4.7325234
SubNetW8CleanAuxExDnRcK9Rr01QdEma,minbias,0,test,28.022968,27.238208770751953,-0.028004154067497233,2,40mm,2.4090023
SubNetW8CleanAuxExDnRcK9Rr01QdEma,minbias,0,test,31.526182,32.24634552001953,0.022843341491417535,3,60mm,4.850556
SubNetW8CleanAuxExDnRcK9Rr01QdEma,minbias,0,test,6.2891173,6.128740310668945,-0.025500720853029013,3,60mm,1.1381402
SubNetW8CleanAuxExDnRcK9Rr01QdEma,minbias,0,test,54.474396,56.136924743652344,0.03051945723766214,0,15mm,1.1891217
SubNetW8CleanAuxExDnRcK9Rr01QdEma,minbias,0,test,42.643562,41.81182098388672,-0.019504499338656167,3,60mm,4.247889
SubNetW8CleanAuxExDnRcK9Rr01QdEma,minbias,0,test,93.10635,91.02078247070312,-0.02239988147794636,0,15mm,4.8322997
SubNetW8CleanAuxExDnRcK9Rr01QdEma,minbias,0,test,5.178048,5.009771347045898,-0.03249811173135586,4,120mm,1.1998407
SubNetW8CleanAuxExDnRcK9Rr01QdEma,minbias,0,test,78.34288,77.14663696289062,-0.015269329929285091,0,15mm,3.134603
SubNetW8CleanAuxExDnRcK9Rr01QdEma,minbias,0,test,38.723763,37.655887603759766,-0.027576734262602542,1,30mm,1.7416933
SubNetW8CleanAuxExDnRcK9Rr01QdEma,minbias,0,test,18.012667,17.615558624267578,-0.022046045961249816,3,60mm,3.4634717
SubNetW8CleanAuxExDnRcK9Rr01QdEma,minbias,0,test,6.798602,7.159609794616699,0.05310028221939267,3,60mm,0.9426203
SubNetW8CleanAuxExDnRcK9Rr01QdEma,minbias,0,test,27.074238,25.53001594543457,-0.05703657802370998,2,40mm,1.6043218
SubNetW8CleanAuxExDnRcK9Rr01QdEma,minbias,0,test,35.168476,32.45630645751953,-0.07711933946582161,0,15mm,1.3066617
SubNetW8CleanAuxExDnRcK9Rr01QdEma,minbias,0,test,95.85815,94.08506774902344,-0.01849690381149982,1,30mm,4.3404784
SubNetW8CleanAuxExDnRcK9Rr01QdEma,minbias,0,test,9.861187,10.12655258178711,0.026910107382794424,3,60mm,1.5898483
SubNetW8CleanAuxExDnRcK9Rr01QdEma,minbias,0,test,16.644217,16.68505096435547,0.002453370321633397,4,120mm,4.0013947
SubNetW8CleanAuxExDnRcK9Rr01QdEma,minbias,0,test,20.576841,20.503698348999023,-0.0035546274625652963,3,60mm,3.4348824
SubNetW8CleanAuxExDnRcK9Rr01QdEma,minbias,0,test,9.886777,17.20032501220703,0.7397302623690838,4,120mm,2.369559
SubNetW8CleanAuxExDnRcK9Rr01QdEma,minbias,0,test,13.305321,13.15850830078125,-0.01103411498576512,2,40mm,1.7416291
SubNetW8CleanAuxExDnRcK9Rr01QdEma,minbias,0,test,16.620403,16.579242706298828,-0.0024765093107799174,3,60mm,2.0673761
SubNetW8CleanAuxExDnRcK9Rr01QdEma,minbias,0,test,18.513405,18.66244125366211,0.008050188968960148,3,60mm,3.7632484
SubNetW8CleanAuxExDnRcK9Rr01QdEma,minbias,0,test,82.0093,82.16575622558594,0.0019077835466205784,1,30mm,4.3125186
SubNetW8CleanAuxExDnRcK9Rr01QdEma,minbias,0,test,21.824024,21.616872787475586,-0.009491898059739823,4,120mm,4.9868507
SubNetW8CleanAuxExDnRcK9Rr01QdEma,minbias,0,test,16.7959,17.603940963745117,0.048109395882687034,3,60mm,2.1650226
SubNetW8CleanAuxExDnRcK9Rr01QdEma,minbias,0,test,39.55996,39.57978439331055,0.0005011375639487614,1,30mm,1.697602
SubNetW8CleanAuxExDnRcK9Rr01QdEma,minbias,0,test,11.071911,10.513352394104004,-0.050448244318994195,3,60mm,2.069932
SubNetW8CleanAuxExDnRcK9Rr01QdEma,minbias,0,test,23.21851,23.021947860717773,-0.00846573772880821,3,60mm,4.317261
SubNetW8CleanAuxExDnRcK9Rr01QdEma,minbias,0,test,24.487564,23.707195281982422,-0.03186796376160028,3,60mm,4.314137
SubNetW8CleanAuxExDnRcK9Rr01QdEma,minbias,0,test,14.894013,15.319100379943848,0.02854079444828095,2,40mm,3.2403827
SubNetW8CleanAuxExDnRcK9Rr01QdEma,minbias,0,test,74.14727,71.9197769165039,-0.030041473948337005,1,30mm,2.9624646
SubNetW8CleanAuxExDnRcK9Rr01QdEma,minbias,0,test,24.210571,23.7412052154541,-0.019386823549283227,2,40mm,2.797374
SubNetW8CleanAuxExDnRcK9Rr01QdEma,minbias,0,test,21.068245,19.9091796875,-0.0550147983473942,3,60mm,3.9996283
SubNetW8CleanAuxExDnRcK9Rr01QdEma,minbias,0,test,48.74686,54.523223876953125,0.11849713628862157,0,15mm,2.0435536
SubNetW8CleanAuxExDnRcK9Rr01QdEma,minbias,0,test,7.8873396,7.34086799621582,-0.06928465414622498,3,60mm,1.3476768
SubNetW8CleanAuxExDnRcK9Rr01QdEma,minbias,0,test,22.532255,22.586301803588867,0.002398633889287183,3,60mm,3.6004744
SubNetW8CleanAuxExDnRcK9Rr01QdEma,minbias,0,test,34.82025,34.97968673706055,0.0045788087538014555,2,40mm,4.352682
SubNetW8CleanAuxExDnRcK9Rr01QdEma,minbias,0,test,39.233524,39.4118537902832,0.004545333891177394,2,40mm,4.028605
SubNetW8CleanAuxExDnRcK9Rr01QdEma,minbias,0,test,23.388788,22.69620132446289,-0.0296119188472852,1,30mm,1.1586078
SubNetW8CleanAuxExDnRcK9Rr01QdEma,minbias,0,test,16.843218,15.579017639160156,-0.07505692925484819,3,60mm,1.8033864
SubNetW8CleanAuxExDnRcK9Rr01QdEma,minbias,0,test,26.13443,26.511438369750977,0.014425737966984098,2,40mm,1.7764242
SubNetW8CleanAuxExDnRcK9Rr01QdEma,minbias,0,test,11.990588,11.685714721679688,-0.025426064318717412,2,40mm,0.8964689
SubNetW8CleanAuxExDnRcK9Rr01QdEma,minbias,0,test,14.585185,14.43897819519043,-0.01002434012753639,3,60mm,2.0955048
SubNetW8CleanAuxExDnRcK9Rr01QdEma,minbias,0,test,12.720288,12.891914367675781,0.013492311437482307,4,120mm,2.9518995
SubNetW8CleanAuxExDnRcK9Rr01QdEma,minbias,0,test,57.5299,57.33488082885742,-0.003389868045591826,1,30mm,3.0488286
SubNetW8CleanAuxExDnRcK9Rr01QdEma,minbias,0,test,54.17446,53.02781677246094,-0.02116577744197623,2,40mm,3.7630594
SubNetW8CleanAuxExDnRcK9Rr01QdEma,minbias,0,test,88.67859,87.28475952148438,-0.015717766413611334,0,15mm,3.4980037
SubNetW8CleanAuxExDnRcK9Rr01QdEma,minbias,0,test,29.321043,29.129009246826172,-0.00654934981695765,3,60mm,4.672221
SubNetW8CleanAuxExDnRcK9Rr01QdEma,minbias,0,test,5.9750257,6.074865818023682,0.016709579166479527,2,40mm,0.65972257
SubNetW8CleanAuxExDnRcK9Rr01QdEma,minbias,0,test,89.968285,87.45635223388672,-0.027920198590218437,0,15mm,4.046156
SubNetW8CleanAuxExDnRcK9Rr01QdEma,minbias,0,test,70.87811,71.95116424560547,0.01513939085498861,1,30mm,2.8560164
SubNetW8CleanAuxExDnRcK9Rr01QdEma,minbias,0,test,6.8046384,7.49772834777832,0.10185551717997887,2,40mm,1.0247959
SubNetW8CleanAuxExDnRcK9Rr01QdEma,minbias,0,test,7.8879633,7.616872787475586,-0.03436761777019803,3,60mm,1.7410064
SubNetW8CleanAuxExDnRcK9Rr01QdEma,minbias,0,test,41.135315,40.09831619262695,-0.025209452030607093,2,40mm,4.4542217
SubNetW8CleanAuxExDnRcK9Rr01QdEma,minbias,0,test,90.60929,89.70377349853516,-0.009993650401247334,0,15mm,2.8555553
SubNetW8CleanAuxExDnRcK9Rr01QdEma,minbias,0,test,60.593746,61.46095275878906,0.01431181645106272,2,40mm,4.4177456
SubNetW8CleanAuxExDnRcK9Rr01QdEma,minbias,0,test,69.80583,66.3406753540039,-0.049639929220872236,0,15mm,1.4654427
SubNetW8CleanAuxExDnRcK9Rr01QdEma,minbias,0,test,58.39824,57.96665573120117,-0.007390349622320547,2,40mm,4.7827263
SubNetW8CleanAuxExDnRcK9Rr01QdEma,minbias,0,test,2.2944963,2.458026885986328,0.07127080061285462,4,120mm,0.5303564
SubNetW8CleanAuxExDnRcK9Rr01QdEma,minbias,0,test,64.34841,67.90364074707031,0.0552496806186662,0,15mm,2.094773
SubNetW8CleanAuxExDnRcK9Rr01QdEma,minbias,0,test,16.784935,16.399614334106445,-0.022956339330965192,3,60mm,3.3592868
SubNetW8CleanAuxExDnRcK9Rr01QdEma,minbias,0,test,62.678944,62.87244415283203,0.003087169431709391,1,30mm,2.5859525
SubNetW8CleanAuxExDnRcK9Rr01QdEma,minbias,0,test,39.922215,39.55356979370117,-0.00923407478513183,2,40mm,3.739153
SubNetW8CleanAuxExDnRcK9Rr01QdEma,minbias,0,test,18.651344,18.25456428527832,-0.02127353437213786,4,120mm,3.9214141
SubNetW8CleanAuxExDnRcK9Rr01QdEma,minbias,0,test,71.9458,71.73107147216797,-0.0029845982218602574,0,15mm,1.5555866
SubNetW8CleanAuxExDnRcK9Rr01QdEma,minbias,0,test,11.375207,11.638633728027344,0.02315797698630817,4,120mm,2.468486
SubNetW8CleanAuxExDnRcK9Rr01QdEma,minbias,0,test,23.66902,22.23798942565918,-0.060460056716760247,2,40mm,2.2056277
SubNetW8CleanAuxExDnRcK9Rr01QdEma,minbias,0,test,48.026062,65.4039077758789,0.3618419882088151,0,15mm,1.8570988
SubNetW8CleanAuxExDnRcK9Rr01QdEma,minbias,0,test,55.94517,55.83547592163086,-0.001960766799191438,0,15mm,1.4823221
SubNetW8CleanAuxExDnRcK9Rr01QdEma,minbias,0,test,15.471986,16.294235229492188,0.053144400613108544,3,60mm,3.5326853
SubNetW8CleanAuxExDnRcK9Rr01QdEma,minbias,0,test,15.569934,15.597996711730957,0.0018023724847191502,3,60mm,3.5926194
SubNetW8CleanAuxExDnRcK9Rr01QdEma,minbias,0,test,66.737656,67.3246841430664,0.0087960612010054,1,30mm,4.559721
SubNetW8CleanAuxExDnRcK9Rr01QdEma,minbias,0,test,14.0507765,14.580229759216309,0.03768142481521619,1,30mm,1.4434252
SubNetW8CleanAuxExDnRcK9Rr01QdEma,minbias,0,test,31.609001,38.668304443359375,0.22333205810688006,1,30mm,1.9228851
SubNetW8CleanAuxExDnRcK9Rr01QdEma,minbias,0,test,29.407747,28.64827537536621,-0.025825571961422766,2,40mm,4.807161
SubNetW8CleanAuxExDnRcK9Rr01QdEma,minbias,0,test,91.64492,93.44344329833984,0.01962490602171174,0,15mm,3.4485886
SubNetW8CleanAuxExDnRcK9Rr01QdEma,minbias,0,test,35.908802,33.73979949951172,-0.06040308810629924,3,60mm,4.6955566
SubNetW8CleanAuxExDnRcK9Rr01QdEma,minbias,0,test,12.293559,11.69404125213623,-0.04876682323135906,3,60mm,2.0952368
SubNetW8CleanAuxExDnRcK9Rr01QdEma,minbias,0,test,17.259748,16.765411376953125,-0.028641036286676247,3,60mm,2.5069075
SubNetW8CleanAuxExDnRcK9Rr01QdEma,minbias,0,test,4.391072,4.590393543243408,0.04539250462468014,3,60mm,0.81352824
SubNetW8CleanAuxExDnRcK9Rr01QdEma,minbias,0,test,16.87561,17.92877769470215,0.062407659409020155,2,40mm,1.2157762
SubNetW8CleanAuxExDnRcK9Rr01QdEma,minbias,0,test,19.279818,18.891338348388672,-0.020149528446128273,2,40mm,2.2655947
SubNetW8CleanAuxExDnRcK9Rr01QdEma,minbias,0,test,57.408985,59.1634635925293,0.03056104284676464,1,30mm,3.5489523
SubNetW8CleanAuxExDnRcK9Rr01QdEma,minbias,0,test,8.241753,7.764645576477051,-0.05788902794967521,2,40mm,0.68323696
SubNetW8CleanAuxExDnRcK9Rr01QdEma,minbias,0,test,23.161161,22.49690818786621,-0.028679616826616017,3,60mm,3.5342305
SubNetW8CleanAuxExDnRcK9Rr01QdEma,minbias,0,test,83.3031,79.35102081298828,-0.04744216896071185,0,15mm,2.1667416
SubNetW8CleanAuxExDnRcK9Rr01QdEma,minbias,0,test,56.133232,57.35129165649414,0.021699437104612418,0,15mm,2.1528986
SubNetW8CleanAuxExDnRcK9Rr01QdEma,minbias,0,test,19.50523,19.18828582763672,-0.016249186660588277,3,60mm,3.3900201
SubNetW8CleanAuxExDnRcK9Rr01QdEma,minbias,0,test,46.117287,38.68121337890625,-0.1612426453983955,1,30mm,4.727106
SubNetW8CleanAuxExDnRcK9Rr01QdEma,minbias,0,test,86.17944,86.66643524169922,0.005650905405520268,0,15mm,2.7382705
SubNetW8CleanAuxExDnRcK9Rr01QdEma,minbias,0,test,8.741031,8.302048683166504,-0.05022085212863048,3,60mm,1.3941092
SubNetW8CleanAuxExDnRcK9Rr01QdEma,minbias,0,test,3.3745294,3.722343683242798,0.1030704682741781,3,60mm,0.5843504
SubNetW8CleanAuxExDnRcK9Rr01QdEma,minbias,0,test,13.363187,13.96066951751709,0.04471109239107274,2,40mm,1.3645489
SubNetW8CleanAuxExDnRcK9Rr01QdEma,minbias,0,test,43.866768,42.334712982177734,-0.03492518311809045,1,30mm,2.3745682
SubNetW8CleanAuxExDnRcK9Rr01QdEma,minbias,0,test,50.507698,49.627376556396484,-0.01742945207393498,1,30mm,2.226903
SubNetW8CleanAuxExDnRcK9Rr01QdEma,minbias,0,test,41.498356,41.10989761352539,-0.00936081065988148,2,40mm,3.364829
SubNetW8CleanAuxExDnRcK9Rr01QdEma,minbias,0,test,24.734764,24.65100860595703,-0.0033861448133656324,1,30mm,1.8396229
SubNetW8CleanAuxExDnRcK9Rr01QdEma,minbias,0,test,87.73467,86.07099914550781,-0.018962553259651127,1,30mm,3.5707166
SubNetW8CleanAuxExDnRcK9Rr01QdEma,minbias,0,test,22.829443,22.321935653686523,-0.02223038576586933,3,60mm,2.99569
SubNetW8CleanAuxExDnRcK9Rr01QdEma,minbias,0,test,18.363827,18.974702835083008,0.03326518441027959,3,60mm,2.2205548
SubNetW8CleanAuxExDnRcK9Rr01QdEma,minbias,0,test,10.150725,11.570343971252441,0.1398539075351517,4,120mm,2.2752132
SubNetW8CleanAuxExDnRcK9Rr01QdEma,minbias,0,test,27.770203,28.69962501525879,0.0334683326117009,3,60mm,3.3660946
SubNetW8CleanAuxExDnRcK9Rr01QdEma,minbias,0,test,33.002228,45.338443756103516,0.37379949177791727,2,40mm,3.7848885
SubNetW8CleanAuxExDnRcK9Rr01QdEma,minbias,0,test,22.612936,22.136442184448242,-0.021071736771817062,4,120mm,4.991804
SubNetW8CleanAuxExDnRcK9Rr01QdEma,minbias,0,test,68.26439,75.11636352539062,0.10037406887919031,0,15mm,2.8416433
SubNetW8CleanAuxExDnRcK9Rr01QdEma,minbias,0,test,18.652002,19.1193790435791,0.025057723058371506,3,60mm,3.134361
SubNetW8CleanAuxExDnRcK9Rr01QdEma,minbias,0,test,43.94063,47.11635971069336,0.07227314923212735,2,40mm,2.7395196
SubNetW8CleanAuxExDnRcK9Rr01QdEma,minbias,0,test,25.002222,24.74148178100586,-0.010428684279084388,3,60mm,4.6122766
SubNetW8CleanAuxExDnRcK9Rr01QdEma,minbias,0,test,9.406196,10.822164535522461,0.15053576908948907,2,40mm,1.3209529
SubNetW8CleanAuxExDnRcK9Rr01QdEma,minbias,0,test,18.653091,18.897689819335938,0.013113021483922793,3,60mm,4.2478275
SubNetW8CleanAuxExDnRcK9Rr01QdEma,minbias,0,test,23.562685,25.016963958740234,0.06171957674313289,2,40mm,2.2444477
SubNetW8CleanAuxExDnRcK9Rr01QdEma,minbias,0,test,7.778127,8.204086303710938,0.05476371106641986,3,60mm,1.3346788
SubNetW8CleanAuxExDnRcK9Rr01QdEma,minbias,0,test,11.195711,11.379340171813965,0.01640173042348958,4,120mm,2.4851031
SubNetW8CleanAuxExDnRcK9Rr01QdEma,minbias,0,test,8.115836,8.351367950439453,0.02902126198477073,3,60mm,1.2125007
SubNetW8CleanAuxExDnRcK9Rr01QdEma,minbias,0,test,13.672897,14.157288551330566,0.035427108129191254,0,15mm,0.73743397
SubNetW8CleanAuxExDnRcK9Rr01QdEma,minbias,0,test,21.985243,23.65441131591797,0.07592222129007875,1,30mm,1.3020543
SubNetW8CleanAuxExDnRcK9Rr01QdEma,minbias,0,test,19.962128,19.478382110595703,-0.024233167053701266,3,60mm,2.455811
SubNetW8CleanAuxExDnRcK9Rr01QdEma,minbias,0,test,31.830595,31.931011199951172,0.003154706452068945,2,40mm,3.4286008
SubNetW8CleanAuxExDnRcK9Rr01QdEma,minbias,0,test,42.912537,42.05533218383789,-0.01997561796042835,1,30mm,3.497708
SubNetW8CleanAuxExDnRcK9Rr01QdEma,minbias,0,test,7.7459054,9.31147289276123,0.2021154936355991,3,60mm,0.9672947
SubNetW8CleanAuxExDnRcK9Rr01QdEma,minbias,0,test,60.25512,58.812286376953125,-0.02394540020783109,2,40mm,4.820277
SubNetW8CleanAuxExDnRcK9Rr01QdEma,minbias,0,test,56.847294,67.76583862304688,0.19206797771896023,0,15mm,1.5130064
SubNetW8CleanAuxExDnRcK9Rr01QdEma,minbias,0,test,17.97784,17.917890548706055,-0.0033346538552697647,3,60mm,3.0207071
SubNetW8CleanAuxExDnRcK9Rr01QdEma,minbias,0,test,6.163074,6.197423458099365,0.005573426740610676,3,60mm,0.8134086
SubNetW8CleanAuxExDnRcK9Rr01QdEma,minbias,0,test,14.578197,14.026719093322754,-0.037828920146847356,3,60mm,2.539478
SubNetW8CleanAuxExDnRcK9Rr01QdEma,minbias,0,test,23.959507,23.18047523498535,-0.032514515174002945,2,40mm,2.4829803
SubNetW8CleanAuxExDnRcK9Rr01QdEma,minbias,0,test,63.438843,62.19747543334961,-0.019567937966984195,0,15mm,2.9072127
SubNetW8CleanAuxExDnRcK9Rr01QdEma,minbias,0,test,49.94757,47.774234771728516,-0.04351234693116923,1,30mm,4.168845
SubNetW8CleanAuxExDnRcK9Rr01QdEma,minbias,0,test,29.209616,30.00052261352539,0.027076936377756988,1,30mm,1.6052456
SubNetW8CleanAuxExDnRcK9Rr01QdEma,minbias,0,test,18.285778,17.809667587280273,-0.026037199903953367,2,40mm,2.0573273
SubNetW8CleanAuxExDnRcK9Rr01QdEma,minbias,0,test,13.832751,13.25787353515625,-0.04155917557981759,4,120mm,3.0032437
SubNetW8CleanAuxExDnRcK9Rr01QdEma,minbias,0,test,33.753494,36.52687454223633,0.08216572358276353,1,30mm,3.413326
SubNetW8CleanAuxExDnRcK9Rr01QdEma,minbias,0,test,4.975966,5.167710304260254,0.03853409135882946,3,60mm,0.82521194
SubNetW8CleanAuxExDnRcK9Rr01QdEma,minbias,0,test,51.95879,52.27608871459961,0.006106741327620346,1,30mm,2.6821856
SubNetW8CleanAuxExDnRcK9Rr01QdEma,minbias,0,test,13.873487,15.339783668518066,0.10569052654473254,1,30mm,0.84940946
SubNetW8CleanAuxExDnRcK9Rr01QdEma,minbias,0,test,21.539629,21.056760787963867,-0.022417665363289263,3,60mm,4.7441626
SubNetW8CleanAuxExDnRcK9Rr01QdEma,minbias,0,test,54.029793,56.0529670715332,0.03744553109643278,0,15mm,2.6922953
SubNetW8CleanAuxExDnRcK9Rr01QdEma,minbias,0,test,22.275835,21.434484481811523,-0.037769652810487386,2,40mm,2.0137165
SubNetW8CleanAuxExDnRcK9Rr01QdEma,minbias,0,test,85.99764,82.63887023925781,-0.03905656224430287,1,30mm,4.321943
SubNetW8CleanAuxExDnRcK9Rr01QdEma,minbias,0,test,77.49353,75.87482452392578,-0.020888269560053407,1,30mm,3.087684
SubNetW8CleanAuxExDnRcK9Rr01QdEma,minbias,0,test,64.96371,66.94033813476562,0.03042669910227014,0,15mm,2.0361156
SubNetW8CleanAuxExDnRcK9Rr01QdEma,minbias,0,test,22.342516,22.15676498413086,-0.008313788910674025,3,60mm,4.9721546
SubNetW8CleanAuxExDnRcK9Rr01QdEma,minbias,0,test,19.568338,19.492748260498047,-0.0038628795222354073,0,15mm,0.72082037
SubNetW8CleanAuxExDnRcK9Rr01QdEma,minbias,0,test,76.16518,77.62718963623047,0.01919529782366669,1,30mm,3.8635714
SubNetW8CleanAuxExDnRcK9Rr01QdEma,minbias,0,test,6.4264736,6.13438606262207,-0.04545067362197097,3,60mm,1.2832383
SubNetW8CleanAuxExDnRcK9Rr01QdEma,minbias,0,test,17.838228,17.180320739746094,-0.03688188522073921,2,40mm,1.6044719
SubNetW8CleanAuxExDnRcK9Rr01QdEma,minbias,0,test,8.518416,8.556884765625,0.00451590519565892,3,60mm,1.3409611
SubNetW8CleanAuxExDnRcK9Rr01QdEma,minbias,0,test,13.114945,13.537017822265625,0.032182551839486484,3,60mm,1.5956386
SubNetW8CleanAuxExDnRcK9Rr01QdEma,minbias,0,test,12.925254,12.916001319885254,-0.0007158504051210102,2,40mm,1.0837519
SubNetW8CleanAuxExDnRcK9Rr01QdEma,minbias,0,test,71.47505,71.04647827148438,-0.005996128678838586,1,30mm,4.4593782
SubNetW8CleanAuxExDnRcK9Rr01QdEma,minbias,0,test,19.191422,19.10152244567871,-0.004684335814789997,1,30mm,1.205575
SubNetW8CleanAuxExDnRcK9Rr01QdEma,minbias,0,test,12.047258,11.447080612182617,-0.04981861815420674,3,60mm,2.4854524
SubNetW8CleanAuxExDnRcK9Rr01QdEma,minbias,0,test,54.959225,54.01317596435547,-0.017213647785615405,2,40mm,4.773235
SubNetW8CleanAuxExDnRcK9Rr01QdEma,minbias,0,test,16.267117,15.720908164978027,-0.033577455481251794,3,60mm,3.668127
SubNetW8CleanAuxExDnRcK9Rr01QdEma,minbias,0,test,12.177482,12.112288475036621,-0.005353584438580472,3,60mm,1.6080852
SubNetW8CleanAuxExDnRcK9Rr01QdEma,minbias,0,test,67.50883,65.29035949707031,-0.03286189086826641,1,30mm,3.3340776
SubNetW8CleanAuxExDnRcK9Rr01QdEma,minbias,0,test,70.969475,73.78742980957031,0.03970657843149805,1,30mm,3.4207106
SubNetW8CleanAuxExDnRcK9Rr01QdEma,minbias,0,test,16.845436,16.570335388183594,-0.01633087481006268,3,60mm,2.8125625
SubNetW8CleanAuxExDnRcK9Rr01QdEma,minbias,0,test,2.829864,2.711259365081787,-0.04191178762708192,4,120mm,0.6323477
SubNetW8CleanAuxExDnRcK9Rr01QdEma,minbias,0,test,31.07209,34.04819869995117,0.09578076456270446,1,30mm,1.622232
SubNetW8CleanAuxExDnRcK9Rr01QdEma,minbias,0,test,15.255421,14.732382774353027,-0.034285380997855275,0,15mm,0.5906603
SubNetW8CleanAuxExDnRcK9Rr01QdEma,minbias,0,test,48.676617,48.16416931152344,-0.0105275878285771,2,40mm,4.4920516
SubNetW8CleanAuxExDnRcK9Rr01QdEma,minbias,0,test,57.98208,57.001495361328125,-0.016911832335130828,2,40mm,4.948794
SubNetW8CleanAuxExDnRcK9Rr01QdEma,minbias,0,test,16.600418,16.257925033569336,-0.020631592251304065,1,30mm,1.4294071
SubNetW8CleanAuxExDnRcK9Rr01QdEma,minbias,0,test,15.834646,14.908452987670898,-0.058491564897978354,2,40mm,1.3153621
SubNetW8CleanAuxExDnRcK9Rr01QdEma,minbias,0,test,5.3357663,4.996859073638916,-0.0635161327885212,3,60mm,1.0818758
SubNetW8CleanAuxExDnRcK9Rr01QdEma,minbias,0,test,53.170025,52.97673797607422,-0.003635260585600597,0,15mm,1.1069094
SubNetW8CleanAuxExDnRcK9Rr01QdEma,minbias,0,test,21.841722,23.647075653076172,0.08265617172049455,3,60mm,2.8892674
SubNetW8CleanAuxExDnRcK9Rr01QdEma,minbias,0,test,24.13883,22.95675277709961,-0.04896995416847383,2,40mm,4.1710854
SubNetW8CleanAuxExDnRcK9Rr01QdEma,minbias,0,test,38.351482,38.95629119873047,0.015770154624044963,2,40mm,3.9712114
SubNetW8CleanAuxExDnRcK9Rr01QdEma,minbias,0,test,17.819298,20.01247787475586,0.12307892881134741,2,40mm,3.382847
SubNetW8CleanAuxExDnRcK9Rr01QdEma,minbias,0,test,19.47578,18.580856323242188,-0.04595061873966666,2,40mm,1.4209657
SubNetW8CleanAuxExDnRcK9Rr01QdEma,minbias,0,test,30.74889,34.006744384765625,0.10595031137117328,0,15mm,1.0133783
SubNetW8CleanAuxExDnRcK9Rr01QdEma,minbias,0,test,38.794285,39.04896545410156,0.006564900853900157,3,60mm,4.30807
SubNetW8CleanAuxExDnRcK9Rr01QdEma,minbias,0,test,27.252087,27.765827178955078,0.01885142030951692,2,40mm,4.5488725
SubNetW8CleanAuxExDnRcK9Rr01QdEma,minbias,0,test,56.153477,56.10260009765625,-0.00090602791506178,2,40mm,4.5743394
SubNetW8CleanAuxExDnRcK9Rr01QdEma,minbias,0,test,33.652756,33.92537307739258,0.008100892010626248,0,15mm,1.6029632
SubNetW8CleanAuxExDnRcK9Rr01QdEma,minbias,0,test,38.098984,37.23661422729492,-0.022634974798296237,2,40mm,4.3200154
SubNetW8CleanAuxExDnRcK9Rr01QdEma,minbias,0,test,95.69604,91.90664672851562,-0.039598197283583936,1,30mm,4.9624057
SubNetW8CleanAuxExDnRcK9Rr01QdEma,minbias,0,test,42.740948,42.745452880859375,0.00010540612014175998,0,15mm,1.5162091
SubNetW8CleanAuxExDnRcK9Rr01QdEma,minbias,0,test,61.53178,62.221317291259766,0.011206193703767964,0,15mm,2.6345146
SubNetW8CleanAuxExDnRcK9Rr01QdEma,minbias,0,test,35.56511,35.547943115234375,-0.00048266793089912774,2,40mm,3.1622517
SubNetW8CleanAuxExDnRcK9Rr01QdEma,minbias,0,test,21.491735,20.805721282958984,-0.03191990599101391,2,40mm,1.7251593
SubNetW8CleanAuxExDnRcK9Rr01QdEma,minbias,0,test,34.06189,33.56730270385742,-0.014520243876216199,3,60mm,3.8606217
SubNetW8CleanAuxExDnRcK9Rr01QdEma,minbias,0,test,18.426905,18.792984008789062,0.01986656667706921,3,60mm,3.506139
SubNetW8CleanAuxExDnRcK9Rr01QdEma,minbias,0,test,15.687627,15.600969314575195,-0.005523940937656513,3,60mm,2.6832416
SubNetW8CleanAuxExDnRcK9Rr01QdEma,minbias,0,test,45.776054,45.16946029663086,-0.013251340550827106,2,40mm,4.2908564
SubNetW8CleanAuxExDnRcK9Rr01QdEma,minbias,0,test,52.149128,58.200523376464844,0.11604020341198384,1,30mm,2.5353427
SubNetW8CleanAuxExDnRcK9Rr01QdEma,minbias,0,test,15.197095,13.789557456970215,-0.09261885037811313,1,30mm,0.937736
SubNetW8CleanAuxExDnRcK9Rr01QdEma,minbias,0,test,19.664848,20.222347259521484,0.02835002450038049,3,60mm,4.7410383
SubNetW8CleanAuxExDnRcK9Rr01QdEma,minbias,0,test,50.202,51.294898986816406,0.021770035652321162,0,15mm,1.310441
SubNetW8CleanAuxExDnRcK9Rr01QdEma,minbias,0,test,23.853088,22.90117645263672,-0.03990728207385197,1,30mm,1.6712222
SubNetW8CleanAuxExDnRcK9Rr01QdEma,minbias,0,test,90.38059,65.73765563964844,-0.27265739321724425,0,15mm,3.5581908
SubNetW8CleanAuxExDnRcK9Rr01QdEma,minbias,0,test,17.931759,18.263675689697266,0.01850999733444114,0,15mm,0.5513348
SubNetW8CleanAuxExDnRcK9Rr01QdEma,minbias,0,test,8.036585,8.624675750732422,0.07317671713557772,3,60mm,1.1856362
SubNetW8CleanAuxExDnRcK9Rr01QdEma,minbias,0,test,40.102383,37.99403381347656,-0.05257415411735955,1,30mm,2.5660334
SubNetW8CleanAuxExDnRcK9Rr01QdEma,minbias,0,test,8.125552,7.984559535980225,-0.017351761255144926,3,60mm,1.7732213
SubNetW8CleanAuxExDnRcK9Rr01QdEma,minbias,0,test,45.671158,43.381202697753906,-0.050140071931990327,0,15mm,1.2593771
SubNetW8CleanAuxExDnRcK9Rr01QdEma,minbias,0,test,20.099413,21.993309020996094,0.09422643888273163,2,40mm,1.5695043
SubNetW8CleanAuxExDnRcK9Rr01QdEma,minbias,0,test,30.311218,29.15224266052246,-0.038235863408367377,2,40mm,3.5297427
SubNetW8CleanAuxExDnRcK9Rr01QdEma,minbias,0,test,34.10832,33.96212387084961,-0.004286181939498479,3,60mm,3.6819708
SubNetW8CleanAuxExDnRcK9Rr01QdEma,minbias,0,test,32.46228,36.306617736816406,0.11842475115725515,2,40mm,3.8127427
SubNetW8CleanAuxExDnRcK9Rr01QdEma,minbias,0,test,12.299564,17.56815528869629,0.4283558971880963,1,30mm,0.9887267
SubNetW8CleanAuxExDnRcK9Rr01QdEma,minbias,0,test,26.120628,26.248525619506836,0.004896408341543257,2,40mm,4.3204455
SubNetW8CleanAuxExDnRcK9Rr01QdEma,minbias,0,test,23.395893,23.808042526245117,0.017616315291484996,3,60mm,2.6031246
SubNetW8CleanAuxExDnRcK9Rr01QdEma,minbias,0,test,27.181873,26.801097869873047,-0.014008433015487154,3,60mm,4.7503285
SubNetW8CleanAuxExDnRcK9Rr01QdEma,minbias,0,test,27.512064,26.847227096557617,-0.02416528560073683,3,60mm,4.307294
SubNetW8CleanAuxExDnRcK9Rr01QdEma,minbias,0,test,23.538612,22.60075569152832,-0.03984332889393516,3,60mm,4.923867
SubNetW8CleanAuxExDnRcK9Rr01QdEma,minbias,0,test,18.495264,19.54835319519043,0.05693831344112432,3,60mm,2.0258272
SubNetW8CleanAuxExDnRcK9Rr01QdEma,minbias,0,test,32.41951,32.42585372924805,0.00019567974885226214,2,40mm,4.4371934
SubNetW8CleanAuxExDnRcK9Rr01QdEma,minbias,0,test,11.451538,11.798877716064453,0.030331264457259755,2,40mm,2.1490812
SubNetW8CleanAuxExDnRcK9Rr01QdEma,minbias,0,test,67.90551,68.21349334716797,0.004535469929760172,1,30mm,4.3844833
SubNetW8CleanAuxExDnRcK9Rr01QdEma,minbias,0,test,14.658131,14.697916984558105,0.0027142846361301043,4,120mm,2.8619661
SubNetW8CleanAuxExDnRcK9Rr01QdEma,minbias,0,test,51.688957,51.288063049316406,-0.007755895778213229,1,30mm,2.3806024
SubNetW8CleanAuxExDnRcK9Rr01QdEma,minbias,0,test,16.868437,16.95842933654785,0.005334965189075058,3,60mm,3.213322
SubNetW8CleanAuxExDnRcK9Rr01QdEma,minbias,0,test,13.947366,14.9510498046875,0.07196226592873667,1,30mm,1.2414578
SubNetW8CleanAuxExDnRcK9Rr01QdEma,minbias,0,test,23.936739,24.052074432373047,0.004818344914577999,2,40mm,2.695257
SubNetW8CleanAuxExDnRcK9Rr01QdEma,minbias,0,test,28.577276,29.064598083496094,0.017052774719255037,3,60mm,4.8697915
SubNetW8CleanAuxExDnRcK9Rr01QdEma,minbias,0,test,11.912741,11.720398902893066,-0.016145890289121834,3,60mm,1.449564
SubNetW8CleanAuxExDnRcK9Rr01QdEma,minbias,0,test,56.957237,57.7692756652832,0.014256984027457564,1,30mm,2.969907
SubNetW8CleanAuxExDnRcK9Rr01QdEma,minbias,0,test,74.54716,79.15484619140625,0.06180904908328633,0,15mm,2.9784603
SubNetW8CleanAuxExDnRcK9Rr01QdEma,minbias,0,test,36.916576,37.20421600341797,0.0077916114136986625,2,40mm,3.607034
SubNetW8CleanAuxExDnRcK9Rr01QdEma,minbias,0,test,5.904472,5.730457305908203,-0.029471656743447983,4,120mm,1.4166803
SubNetW8CleanAuxExDnRcK9Rr01QdEma,minbias,0,test,7.299974,7.578315734863281,0.03812914559947944,3,60mm,1.5565591
SubNetW8CleanAuxExDnRcK9Rr01QdEma,minbias,0,test,3.457963,3.5972111225128174,0.04026883258037861,3,60mm,0.52719253
SubNetW8CleanAuxExDnRcK9Rr01QdEma,minbias,0,test,25.747656,26.73776626586914,0.038454389882887074,1,30mm,1.6253251
SubNetW8CleanAuxExDnRcK9Rr01QdEma,minbias,0,test,12.098278,12.05626392364502,-0.003472735694346918,3,60mm,2.2011228
SubNetW8CleanAuxExDnRcK9Rr01QdEma,minbias,0,test,11.763546,11.544808387756348,-0.018594529440358665,3,60mm,1.4784935
SubNetW8CleanAuxExDnRcK9Rr01QdEma,minbias,0,test,61.84588,63.6649169921875,0.02941244319361469,1,30mm,2.9116418
SubNetW8CleanAuxExDnRcK9Rr01QdEma,minbias,0,test,7.6072483,7.173401355743408,-0.057030733461555516,4,120mm,1.5042032
SubNetW8CleanAuxExDnRcK9Rr01QdEma,minbias,0,test,37.46574,37.23381805419922,-0.00619024603267615,2,40mm,4.821414
SubNetW8CleanAuxExDnRcK9Rr01QdEma,minbias,0,test,45.991814,45.8888053894043,-0.0022397088104834095,2,40mm,4.612206
SubNetW8CleanAuxExDnRcK9Rr01QdEma,minbias,0,test,51.927708,52.73365020751953,0.01552047204720175,2,40mm,4.562482
SubNetW8CleanAuxExDnRcK9Rr01QdEma,minbias,0,test,25.029505,24.821611404418945,-0.008305932276429395,2,40mm,2.2577446
SubNetW8CleanAuxExDnRcK9Rr01QdEma,minbias,0,test,24.000452,24.3687744140625,0.015346476466264525,3,60mm,4.6405115
SubNetW8CleanAuxExDnRcK9Rr01QdEma,minbias,0,test,50.508263,50.05303192138672,-0.009012994887329207,2,40mm,4.295929
SubNetW8CleanAuxExDnRcK9Rr01QdEma,minbias,0,test,6.09881,5.962088108062744,-0.022417829620523078,3,60mm,1.0550649
SubNetW8CleanAuxExDnRcK9Rr01QdEma,minbias,0,test,18.344296,18.217927932739258,-0.0068886575097939495,3,60mm,3.3323514
SubNetW8CleanAuxExDnRcK9Rr01QdEma,minbias,0,test,22.361612,22.53950309753418,0.00795518565668063,3,60mm,3.4149868
SubNetW8CleanAuxExDnRcK9Rr01QdEma,minbias,0,test,22.094286,22.327917098999023,0.010574278544401183,2,40mm,1.8564583
SubNetW8CleanAuxExDnRcK9Rr01QdEma,minbias,0,test,15.92177,15.95029067993164,0.0017912948079763513,4,120mm,3.2428343
SubNetW8CleanAuxExDnRcK9Rr01QdEma,minbias,0,test,4.8482003,4.868409156799316,0.004168316955355245,3,60mm,0.69515455
SubNetW8CleanAuxExDnRcK9Rr01QdEma,minbias,0,test,23.51122,24.333864212036133,0.034989390062231784,2,40mm,1.9226187
SubNetW8CleanAuxExDnRcK9Rr01QdEma,minbias,0,test,36.46528,35.36390686035156,-0.03020330041758923,0,15mm,1.4128104
SubNetW8CleanAuxExDnRcK9Rr01QdEma,minbias,0,test,5.821572,6.017738342285156,0.03369648630679656,3,60mm,0.71860516
SubNetW8CleanAuxExDnRcK9Rr01QdEma,minbias,0,test,25.76088,26.393983840942383,0.024576192126236185,3,60mm,4.290179
SubNetW8CleanAuxExDnRcK9Rr01QdEma,minbias,0,test,19.22511,20.77416229248047,0.08057448121899768,1,30mm,1.0013512
SubNetW8CleanAuxExDnRcK9Rr01QdEma,minbias,0,test,54.631916,57.207427978515625,0.0471429911079404,0,15mm,2.8131542
SubNetW8CleanAuxExDnRcK9Rr01QdEma,minbias,0,test,12.889242,12.508502960205078,-0.029539301608911384,4,120mm,3.0320914
SubNetW8CleanAuxExDnRcK9Rr01QdEma,minbias,0,test,10.388353,11.561812400817871,0.1129591008078783,4,120mm,2.3519769
SubNetW8CleanAuxExDnRcK9Rr01QdEma,minbias,0,test,31.721167,31.265316009521484,-0.01437054969605911,2,40mm,4.187749
SubNetW8CleanAuxExDnRcK9Rr01QdEma,minbias,0,test,18.114454,18.246519088745117,0.0072905767610653704,1,30mm,0.81642795
SubNetW8CleanAuxExDnRcK9Rr01QdEma,minbias,0,test,35.98187,34.839298248291016,-0.031754062128840355,2,40mm,3.979652
SubNetW8CleanAuxExDnRcK9Rr01QdEma,minbias,0,test,33.594734,33.350181579589844,-0.007279492402225696,3,60mm,3.4309826
SubNetW8CleanAuxExDnRcK9Rr01QdEma,minbias,0,test,22.115515,21.9613094329834,-0.006972721366525048,2,40mm,1.8304621
SubNetW8CleanAuxExDnRcK9Rr01QdEma,minbias,0,test,44.50041,43.36723327636719,-0.025464370840035833,2,40mm,3.8548388
SubNetW8CleanAuxExDnRcK9Rr01QdEma,minbias,0,test,13.499795,13.230856895446777,-0.01992164068947888,3,60mm,2.6810834
SubNetW8CleanAuxExDnRcK9Rr01QdEma,minbias,0,test,13.972193,14.35519027709961,0.027411410598088715,2,40mm,1.4994643
SubNetW8CleanAuxExDnRcK9Rr01QdEma,minbias,0,test,11.140376,11.49393367767334,0.03173659343111779,2,40mm,0.9255319
SubNetW8CleanAuxExDnRcK9Rr01QdEma,minbias,0,test,48.766342,48.643043518066406,-0.002528355409704308,2,40mm,4.0321608
SubNetW8CleanAuxExDnRcK9Rr01QdEma,minbias,0,test,37.82004,37.99855041503906,0.004719951399478894,2,40mm,4.533807
SubNetW8CleanAuxExDnRcK9Rr01QdEma,minbias,0,test,27.408873,26.489633560180664,-0.033538010025369935,3,60mm,4.551418
SubNetW8CleanAuxExDnRcK9Rr01QdEma,minbias,0,test,63.732708,64.68790435791016,0.014987537968032427,1,30mm,2.880994
SubNetW8CleanAuxExDnRcK9Rr01QdEma,minbias,0,test,27.485302,27.61040687561035,0.00455170200803412,3,60mm,4.9232526
SubNetW8CleanAuxExDnRcK9Rr01QdEma,minbias,0,test,3.0265152,2.9146063327789307,-0.03697616023160322,2,40mm,0.59370166
SubNetW8CleanAuxExDnRcK9Rr01QdEma,minbias,0,test,41.00696,38.71836853027344,-0.05580987204421617,1,30mm,2.1999242
SubNetW8CleanAuxExDnRcK9Rr01QdEma,minbias,0,test,80.96266,79.5776138305664,-0.017107242805225575,1,30mm,3.8289824
SubNetW8CleanAuxExDnRcK9Rr01QdEma,minbias,0,test,17.308662,16.475811004638672,-0.04811760666219711,3,60mm,2.5493557
SubNetW8CleanAuxExDnRcK9Rr01QdEma,minbias,0,test,22.941626,22.9094181060791,-0.0014038887035345837,3,60mm,3.4822078
SubNetW8CleanAuxExDnRcK9Rr01QdEma,minbias,0,test,43.446835,42.789512634277344,-0.015129339951342136,2,40mm,4.975819
SubNetW8CleanAuxExDnRcK9Rr01QdEma,minbias,0,test,18.263113,18.350915908813477,0.004807662683675051,3,60mm,3.3210566
SubNetW8CleanAuxExDnRcK9Rr01QdEma,minbias,0,test,6.002061,5.88770055770874,-0.01905351088253382,3,60mm,0.716752
SubNetW8CleanAuxExDnRcK9Rr01QdEma,minbias,0,test,45.676464,43.9586181640625,-0.03760899516453031,0,15mm,1.5559127
SubNetW8CleanAuxExDnRcK9Rr01QdEma,minbias,0,test,70.7935,73.17720031738281,0.03367113386440801,0,15mm,2.1339214
SubNetW8CleanAuxExDnRcK9Rr01QdEma,minbias,0,test,59.969814,59.468589782714844,-0.008357946804877447,2,40mm,4.838012
SubNetW8CleanAuxExDnRcK9Rr01QdEma,minbias,0,test,16.302052,16.46344566345215,0.009900233650053769,1,30mm,0.6169183
SubNetW8CleanAuxExDnRcK9Rr01QdEma,minbias,0,test,30.298351,30.823261260986328,0.017324704178051098,2,40mm,2.6919754
SubNetW8CleanAuxExDnRcK9Rr01QdEma,minbias,0,test,22.197006,22.135353088378906,-0.0027775429073838565,1,30mm,2.0031016
SubNetW8CleanAuxExDnRcK9Rr01QdEma,minbias,0,test,52.934643,51.660011291503906,-0.024079344509014833,2,40mm,4.8768024
SubNetW8CleanAuxExDnRcK9Rr01QdEma,minbias,0,test,5.872374,6.1461100578308105,0.04661419680833401,4,120mm,1.3052474
SubNetW8CleanAuxExDnRcK9Rr01QdEma,minbias,0,test,29.747883,31.646366119384766,0.06381910559435999,1,30mm,3.0694568
SubNetW8CleanAuxExDnRcK9Rr01QdEma,minbias,0,test,23.707533,25.206022262573242,0.06320730998445234,1,30mm,2.1251082
SubNetW8CleanAuxExDnRcK9Rr01QdEma,minbias,0,test,40.421143,41.688133239746094,0.03134475130613357,1,30mm,2.1136107
SubNetW8CleanAuxExDnRcK9Rr01QdEma,minbias,0,test,64.18059,61.950531005859375,-0.0347465930155898,1,30mm,3.0108151
SubNetW8CleanAuxExDnRcK9Rr01QdEma,minbias,0,test,7.376259,6.924562931060791,-0.06123645173201653,3,60mm,0.948703
SubNetW8CleanAuxExDnRcK9Rr01QdEma,minbias,0,test,26.956884,26.102487564086914,-0.03169493951498925,3,60mm,4.480801
SubNetW8CleanAuxExDnRcK9Rr01QdEma,minbias,0,test,10.620235,9.628948211669922,-0.09333947790092856,3,60mm,1.5563419
SubNetW8CleanAuxExDnRcK9Rr01QdEma,minbias,0,test,35.687775,35.420265197753906,-0.00749582911827007,3,60mm,3.7773283
SubNetW8CleanAuxExDnRcK9Rr01QdEma,minbias,0,test,14.761545,15.720990180969238,0.0649962444928811,1,30mm,0.5886599
SubNetW8CleanAuxExDnRcK9Rr01QdEma,minbias,0,test,30.911072,31.435617446899414,0.016969507668127104,2,40mm,4.2119746
SubNetW8CleanAuxExDnRcK9Rr01QdEma,minbias,0,test,52.454155,52.62238693237305,0.003207219031802433,0,15mm,1.3249837
SubNetW8CleanAuxExDnRcK9Rr01QdEma,minbias,0,test,27.245066,26.691936492919922,-0.020301995321984068,2,40mm,2.019628
SubNetW8CleanAuxExDnRcK9Rr01QdEma,minbias,0,test,35.04778,32.56942367553711,-0.07071362216212895,2,40mm,2.4784744
SubNetW8CleanAuxExDnRcK9Rr01QdEma,minbias,0,test,27.097172,27.07518196105957,-0.000811517252185312,3,60mm,3.9836411
SubNetW8CleanAuxExDnRcK9Rr01QdEma,minbias,0,test,3.962391,4.14633846282959,0.04642337614576442,2,40mm,0.7603258
SubNetW8CleanAuxExDnRcK9Rr01QdEma,minbias,0,test,33.668453,34.11301040649414,0.013203968328513671,3,60mm,3.9242966
SubNetW8CleanAuxExDnRcK9Rr01QdEma,minbias,0,test,45.894905,46.334712982177734,0.00958293498984375,0,15mm,0.9667438
SubNetW8CleanAuxExDnRcK9Rr01QdEma,minbias,0,test,22.745,22.454309463500977,-0.012780451308271767,3,60mm,4.9050303
SubNetW8CleanAuxExDnRcK9Rr01QdEma,minbias,0,test,10.561877,10.593599319458008,0.00300344986347989,4,120mm,2.2493293
SubNetW8CleanAuxExDnRcK9Rr01QdEma,minbias,0,test,23.405497,23.20758628845215,-0.008455719280094476,3,60mm,3.8862002
SubNetW8CleanAuxExDnRcK9Rr01QdEma,minbias,0,test,83.74985,78.65084838867188,-0.06088368135582101,1,30mm,4.96345
SubNetW8CleanAuxExDnRcK9Rr01QdEma,minbias,0,test,12.5279455,11.485712051391602,-0.08319268834331328,4,120mm,2.9648707
SubNetW8CleanAuxExDnRcK9Rr01QdEma,minbias,0,test,24.537003,24.304180145263672,-0.009488625092269776,3,60mm,3.9193373
SubNetW8CleanAuxExDnRcK9Rr01QdEma,minbias,0,test,13.457734,12.972671508789062,-0.03604340784938087,2,40mm,1.7071108
SubNetW8CleanAuxExDnRcK9Rr01QdEma,minbias,0,test,81.56254,81.50006103515625,-0.0007660025452349561,0,15mm,3.3744602
SubNetW8CleanAuxExDnRcK9Rr01QdEma,minbias,0,test,12.978216,12.931355476379395,-0.0036107192442216274,4,120mm,2.847089
SubNetW8CleanAuxExDnRcK9Rr01QdEma,minbias,0,test,45.29233,53.31570053100586,0.17714629684733896,1,30mm,1.897674
SubNetW8CleanAuxExDnRcK9Rr01QdEma,minbias,0,test,77.3718,75.59364318847656,-0.022982016959008256,0,15mm,2.1129274
SubNetW8CleanAuxExDnRcK9Rr01QdEma,minbias,0,test,13.477035,13.236658096313477,-0.01783600622572168,2,40mm,1.5458564
SubNetW8CleanAuxExDnRcK9Rr01QdEma,minbias,0,test,20.538868,20.213024139404297,-0.01586474054078446,2,40mm,1.6790559
SubNetW8CleanAuxExDnRcK9Rr01QdEma,minbias,0,test,12.02647,11.986912727355957,-0.0032891992716008733,3,60mm,1.9539225
SubNetW8CleanAuxExDnRcK9Rr01QdEma,minbias,0,test,14.222836,15.11949634552002,0.06304374413794966,3,60mm,1.8129212
SubNetW8CleanAuxExDnRcK9Rr01QdEma,minbias,0,test,10.785299,10.963293075561523,0.016503369025199444,3,60mm,2.1855779
SubNetW8CleanAuxExDnRcK9Rr01QdEma,minbias,0,test,38.788754,38.53752899169922,-0.006476736040527786,2,40mm,3.0677452
SubNetW8CleanAuxExDnRcK9Rr01QdEma,minbias,0,test,15.897566,14.59716510772705,-0.08179873239076685,2,40mm,0.9810161
SubNetW8CleanAuxExDnRcK9Rr01QdEma,minbias,0,test,30.166552,30.7600154876709,0.019672911434215123,3,60mm,4.2362556
SubNetW8CleanAuxExDnRcK9Rr01QdEma,minbias,0,test,6.3236456,6.1349873542785645,-0.02983377779801999,3,60mm,1.1515834
SubNetW8CleanAuxExDnRcK9Rr01QdEma,minbias,0,test,35.363293,34.2553825378418,-0.03132938343253033,2,40mm,2.5554428
SubNetW8CleanAuxExDnRcK9Rr01QdEma,minbias,0,test,4.990652,5.002501010894775,0.002374224118195878,3,60mm,0.64451075
SubNetW8CleanAuxExDnRcK9Rr01QdEma,minbias,0,test,11.668207,11.467243194580078,-0.017223209281044705,3,60mm,2.8012564
SubNetW8CleanAuxExDnRcK9Rr01QdEma,minbias,0,test,6.9888096,7.2590436935424805,0.03866668631652259,3,60mm,1.5371027
SubNetW8CleanAuxExDnRcK9Rr01QdEma,minbias,0,test,6.769249,6.580109596252441,-0.027940967631773783,2,40mm,0.5478369
SubNetW8CleanAuxExDnRcK9Rr01QdEma,minbias,0,test,12.294915,12.134515762329102,-0.013045997825188671,2,40mm,1.9179536
SubNetW8CleanAuxExDnRcK9Rr01QdEma,minbias,0,test,50.589355,55.137760162353516,0.08990833449959945,1,30mm,2.299788
SubNetW8CleanAuxExDnRcK9Rr01QdEma,minbias,0,test,21.97938,21.937583923339844,-0.001901588272685606,3,60mm,3.6916788
SubNetW8CleanAuxExDnRcK9Rr01QdEma,minbias,0,test,5.1860924,5.510390758514404,0.06253231879591281,3,60mm,0.7918329
SubNetW8CleanAuxExDnRcK9Rr01QdEma,minbias,0,test,20.362602,20.47588348388672,0.005563201043699673,1,30mm,1.1070442
SubNetW8CleanAuxExDnRcK9Rr01QdEma,minbias,0,test,22.14117,21.57115936279297,-0.025744399505528315,3,60mm,3.7912376
SubNetW8CleanAuxExDnRcK9Rr01QdEma,minbias,0,test,35.977634,35.32963180541992,-0.01801126268525899,0,15mm,0.8260641
SubNetW8CleanAuxExDnRcK9Rr01QdEma,minbias,0,test,18.384254,18.042312622070312,-0.018599711743685132,3,60mm,2.9542177
SubNetW8CleanAuxExDnRcK9Rr01QdEma,minbias,0,test,39.234734,39.58346176147461,0.008888251508242462,2,40mm,3.2334106
SubNetW8CleanAuxExDnRcK9Rr01QdEma,minbias,0,test,14.651571,13.306288719177246,-0.09181831282708663,3,60mm,2.6475518
SubNetW8CleanAuxExDnRcK9Rr01QdEma,minbias,0,test,14.607814,25.428613662719727,0.7407542257652946,1,30mm,1.2006673
SubNetW8CleanAuxExDnRcK9Rr01QdEma,minbias,0,test,11.965169,12.29340934753418,0.0274329928714947,4,120mm,2.7689538
SubNetW8CleanAuxExDnRcK9Rr01QdEma,minbias,0,test,5.778809,21.06472396850586,2.6451669731953213,3,60mm,1.0045104
SubNetW8CleanAuxExDnRcK9Rr01QdEma,minbias,0,test,56.180176,58.549461364746094,0.04217298273899028,1,30mm,3.0161555
SubNetW8CleanAuxExDnRcK9Rr01QdEma,minbias,0,test,14.992348,14.747653007507324,-0.016321307002219232,1,30mm,0.9298444
SubNetW8CleanAuxExDnRcK9Rr01QdEma,minbias,0,test,14.686561,13.793510437011719,-0.0608073065053677,1,30mm,1.2262334
SubNetW8CleanAuxExDnRcK9Rr01QdEma,minbias,0,test,77.4659,75.10397338867188,-0.03048984548352751,1,30mm,4.0160704
SubNetW8CleanAuxExDnRcK9Rr01QdEma,minbias,0,test,4.4266253,4.675619125366211,0.056249142277546405,2,40mm,0.65775573
SubNetW8CleanAuxExDnRcK9Rr01QdEma,minbias,0,test,20.69674,20.582805633544922,-0.005504904040640524,3,60mm,3.1464882
SubNetW8CleanAuxExDnRcK9Rr01QdEma,minbias,0,test,13.832497,14.902070999145508,0.07732330494475348,1,30mm,0.6223543
SubNetW8CleanAuxExDnRcK9Rr01QdEma,minbias,0,test,16.286074,16.31256103515625,0.0016263803650085062,3,60mm,2.5816414
SubNetW8CleanAuxExDnRcK9Rr01QdEma,minbias,0,test,14.815735,14.078667640686035,-0.049748947952756195,2,40mm,0.9374686
SubNetW8CleanAuxExDnRcK9Rr01QdEma,minbias,0,test,22.820698,22.69176483154297,-0.0056498251761987195,3,60mm,4.9508944
SubNetW8CleanAuxExDnRcK9Rr01QdEma,minbias,0,test,15.006815,15.172666549682617,0.011051751720568603,3,60mm,3.1107886
SubNetW8CleanAuxExDnRcK9Rr01QdEma,minbias,0,test,97.12982,94.33515930175781,-0.028772445212473463,1,30mm,4.4833655
SubNetW8CleanAuxExDnRcK9Rr01QdEma,minbias,0,test,32.103764,31.43058967590332,-0.02096869118583844,2,40mm,4.44296
SubNetW8CleanAuxExDnRcK9Rr01QdEma,minbias,0,test,20.273636,20.863487243652344,0.029094503982604936,3,60mm,3.2334013
SubNetW8CleanAuxExDnRcK9Rr01QdEma,minbias,0,test,21.070478,21.082143783569336,0.0005536345210133131,4,120mm,4.5821114
SubNetW8CleanAuxExDnRcK9Rr01QdEma,minbias,0,test,54.23341,98.77523803710938,0.8212986838328271,0,15mm,2.9553564
SubNetW8CleanAuxExDnRcK9Rr01QdEma,minbias,0,test,14.741709,14.774663925170898,0.002235505410148164,2,40mm,2.8965394
SubNetW8CleanAuxExDnRcK9Rr01QdEma,minbias,0,test,60.487946,59.791709899902344,-0.011510320780961703,1,30mm,3.2298489
SubNetW8CleanAuxExDnRcK9Rr01QdEma,minbias,0,test,40.733673,40.95716857910156,0.00548675006237076,3,60mm,4.1706514
SubNetW8CleanAuxExDnRcK9Rr01QdEma,minbias,0,test,31.66407,30.7353572845459,-0.02933017900268242,2,40mm,4.728614
SubNetW8CleanAuxExDnRcK9Rr01QdEma,minbias,0,test,5.1361504,4.7756733894348145,-0.0701842713703319,3,60mm,0.5826998
SubNetW8CleanAuxExDnRcK9Rr01QdEma,minbias,0,test,7.206147,6.811678886413574,-0.054740528729215865,3,60mm,0.8479252
SubNetW8CleanAuxExDnRcK9Rr01QdEma,minbias,0,test,5.500976,5.239948272705078,-0.047451181189112734,2,40mm,0.7604369
SubNetW8CleanAuxExDnRcK9Rr01QdEma,minbias,0,test,33.795544,32.43035888671875,-0.04039540825972798,1,30mm,1.4742515
SubNetW8CleanAuxExDnRcK9Rr01QdEma,minbias,0,test,23.664457,22.901779174804688,-0.032228845817652285,3,60mm,4.2267
SubNetW8CleanAuxExDnRcK9Rr01QdEma,minbias,0,test,29.375832,28.759042739868164,-0.0209964733067054,3,60mm,4.225961
SubNetW8CleanAuxExDnRcK9Rr01QdEma,minbias,0,test,35.129704,36.223899841308594,0.0311473257638879,1,30mm,1.6222028
SubNetW8CleanAuxExDnRcK9Rr01QdEma,minbias,0,test,49.594093,50.049068450927734,0.009173978143180994,1,30mm,3.9511807
SubNetW8CleanAuxExDnRcK9Rr01QdEma,minbias,0,test,27.200653,28.71101188659668,0.05552656424076452,3,60mm,3.4533012
SubNetW8CleanAuxExDnRcK9Rr01QdEma,minbias,0,test,58.903595,59.5184326171875,0.01043803263264631,1,30mm,2.6504514
SubNetW8CleanAuxExDnRcK9Rr01QdEma,minbias,0,test,48.628956,49.60483169555664,0.020067793717012394,0,15mm,1.5351393
SubNetW8CleanAuxExDnRcK9Rr01QdEma,minbias,0,test,14.172159,14.048038482666016,-0.008758066471941328,3,60mm,2.3143258
SubNetW8CleanAuxExDnRcK9Rr01QdEma,minbias,0,test,21.458036,20.550880432128906,-0.04227581558393101,3,60mm,3.5183246
SubNetW8CleanAuxExDnRcK9Rr01QdEma,minbias,0,test,16.212034,21.572856903076172,0.3306693412472683,2,40mm,2.797969
SubNetW8CleanAuxExDnRcK9Rr01QdEma,minbias,0,test,74.480774,72.17837524414062,-0.030912657861677517,0,15mm,1.9922457
SubNetW8CleanAuxExDnRcK9Rr01QdEma,minbias,0,test,2.4304795,3.5226290225982666,0.44935556303259605,4,120mm,0.52683496
SubNetW8CleanAuxExDnRcK9Rr01QdEma,minbias,0,test,75.34514,74.21875,-0.014949717678999552,0,15mm,2.0986164
SubNetW8CleanAuxExDnRcK9Rr01QdEma,minbias,0,test,27.43596,26.859546661376953,-0.02100943769076724,2,40mm,3.4760814
SubNetW8CleanAuxExDnRcK9Rr01QdEma,minbias,0,test,51.680042,56.90508270263672,0.10110364091445478,0,15mm,1.195677
SubNetW8CleanAuxExDnRcK9Rr01QdEma,minbias,0,test,37.280636,36.17024612426758,-0.0297846236964584,2,40mm,3.591513
SubNetW8CleanAuxExDnRcK9Rr01QdEma,minbias,0,test,39.94209,38.90543746948242,-0.025953865588521863,0,15mm,0.93607515
SubNetW8CleanAuxExDnRcK9Rr01QdEma,minbias,0,test,7.195039,6.891739368438721,-0.042153966872753745,4,120mm,1.5812178
SubNetW8CleanAuxExDnRcK9Rr01QdEma,minbias,0,test,14.606702,14.584152221679688,-0.0015437865057846833,2,40mm,1.2566482
SubNetW8CleanAuxExDnRcK9Rr01QdEma,minbias,0,test,35.957336,44.294429779052734,0.23186070443454265,2,40mm,2.3054392
SubNetW8CleanAuxExDnRcK9Rr01QdEma,minbias,0,test,8.305399,8.064885139465332,-0.028958729530286553,4,120mm,1.6568872
SubNetW8CleanAuxExDnRcK9Rr01QdEma,minbias,0,test,55.130722,54.603721618652344,-0.009559106205925372,1,30mm,3.1037147
SubNetW8CleanAuxExDnRcK9Rr01QdEma,minbias,0,test,8.113005,7.959964275360107,-0.018863591855369788,3,60mm,1.6526216
SubNetW8CleanAuxExDnRcK9Rr01QdEma,minbias,0,test,24.701416,13.564002990722656,-0.450881561520899,2,40mm,1.6622741
SubNetW8CleanAuxExDnRcK9Rr01QdEma,minbias,0,test,10.042662,17.4844913482666,0.7410216462779429,1,30mm,0.66057825
SubNetW8CleanAuxExDnRcK9Rr01QdEma,minbias,0,test,29.469915,29.108837127685547,-0.012252436342299333,3,60mm,3.861249
SubNetW8CleanAuxExDnRcK9Rr01QdEma,minbias,0,test,19.384989,19.254749298095703,-0.0067185742607457355,4,120mm,4.3762155
SubNetW8CleanAuxExDnRcK9Rr01QdEma,minbias,0,test,12.114587,11.836421012878418,-0.022961230222784845,1,30mm,0.6974881
SubNetW8CleanAuxExDnRcK9Rr01QdEma,minbias,0,test,35.515877,34.97211837768555,-0.015310290545691774,3,60mm,4.243128
SubNetW8CleanAuxExDnRcK9Rr01QdEma,minbias,0,test,52.557453,50.302825927734375,-0.04289833491573036,2,40mm,4.7010503
SubNetW8CleanAuxExDnRcK9Rr01QdEma,minbias,0,test,7.382655,7.3812150955200195,-0.0001950583075784884,2,40mm,1.0999061
SubNetW8CleanAuxExDnRcK9Rr01QdEma,minbias,0,test,46.281746,45.350563049316406,-0.020119873246051356,3,60mm,4.936699
SubNetW8CleanAuxExDnRcK9Rr01QdEma,minbias,0,test,14.260537,8.290765762329102,-0.4186217758445535,2,40mm,1.3371915
SubNetW8CleanAuxExDnRcK9Rr01QdEma,minbias,0,test,71.75563,71.24928283691406,-0.0070565564370344,1,30mm,4.063878
SubNetW8CleanAuxExDnRcK9Rr01QdEma,minbias,0,test,18.396772,18.079177856445312,-0.017263600459793138,1,30mm,1.5476226
SubNetW8CleanAuxExDnRcK9Rr01QdEma,minbias,0,test,50.780563,50.76863479614258,-0.0002349040176324868,1,30mm,3.53505
SubNetW8CleanAuxExDnRcK9Rr01QdEma,minbias,0,test,56.605545,56.62812042236328,0.0003988192040274008,1,30mm,3.0852423
SubNetW8CleanAuxExDnRcK9Rr01QdEma,minbias,0,test,55.627773,55.814903259277344,0.003363966653973316,2,40mm,4.7487216
SubNetW8CleanAuxExDnRcK9Rr01QdEma,minbias,0,test,15.602248,15.215916633605957,-0.024761275008415295,3,60mm,2.2279663
SubNetW8CleanAuxExDnRcK9Rr01QdEma,minbias,0,test,94.357376,89.10965728759766,-0.05561535333019074,0,15mm,2.0371885
SubNetW8CleanAuxExDnRcK9Rr01QdEma,minbias,0,test,81.87308,78.695068359375,-0.03881628899772138,1,30mm,4.4595814
SubNetW8CleanAuxExDnRcK9Rr01QdEma,minbias,0,test,47.5646,51.01936340332031,0.07263303732724347,1,30mm,1.9148427
SubNetW8CleanAuxExDnRcK9Rr01QdEma,minbias,0,test,51.206432,48.17314147949219,-0.0592365201845515,1,30mm,2.7371743
SubNetW8CleanAuxExDnRcK9Rr01QdEma,minbias,0,test,50.811417,53.51888656616211,0.05328467734161535,2,40mm,4.376935
SubNetW8CleanAuxExDnRcK9Rr01QdEma,minbias,0,test,15.777119,15.61152458190918,-0.01049583921378705,4,120mm,3.7137063
SubNetW8CleanAuxExDnRcK9Rr01QdEma,minbias,0,test,13.1757345,13.737167358398438,0.04261112255939037,1,30mm,0.60355985
SubNetW8CleanAuxExDnRcK9Rr01QdEma,minbias,0,test,9.948034,9.972700119018555,0.0024794679842434775,4,120mm,2.1688302
SubNetW8CleanAuxExDnRcK9Rr01QdEma,minbias,0,test,16.646626,16.318647384643555,-0.01970237954742793,4,120mm,3.4468856
SubNetW8CleanAuxExDnRcK9Rr01QdEma,minbias,0,test,14.725577,14.400360107421875,-0.022085194976169453,3,60mm,2.635834
SubNetW8CleanAuxExDnRcK9Rr01QdEma,minbias,0,test,24.314163,25.276710510253906,0.03958792634611763,2,40mm,4.977215
SubNetW8CleanAuxExDnRcK9Rr01QdEma,minbias,0,test,21.45646,22.427997589111328,0.04527944466198752,3,60mm,3.2509623
SubNetW8CleanAuxExDnRcK9Rr01QdEma,minbias,0,test,7.59718,7.745261192321777,0.019491614624526088,4,120mm,1.638024
SubNetW8CleanAuxExDnRcK9Rr01QdEma,minbias,0,test,11.420114,13.747710227966309,0.20381554451965478,4,120mm,2.718352
SubNetW8CleanAuxExDnRcK9Rr01QdEma,minbias,0,test,14.058814,13.940695762634277,-0.008401724763062113,2,40mm,1.0872694
SubNetW8CleanAuxExDnRcK9Rr01QdEma,minbias,0,test,23.700668,14.402846336364746,-0.3923021016618735,1,30mm,1.7549402
SubNetW8CleanAuxExDnRcK9Rr01QdEma,minbias,0,test,5.127366,4.677915573120117,-0.08765718832541947,2,40mm,0.75076
SubNetW8CleanAuxExDnRcK9Rr01QdEma,minbias,0,test,50.06353,49.97541427612305,-0.001760077489432632,1,30mm,3.7124178
SubNetW8CleanAuxExDnRcK9Rr01QdEma,minbias,0,test,16.783201,16.737009048461914,-0.002752285966807766,3,60mm,1.9866036
SubNetW8CleanAuxExDnRcK9Rr01QdEma,minbias,0,test,5.353659,5.505342483520508,0.028332646177395615,2,40mm,0.63080627
SubNetW8CleanAuxExDnRcK9Rr01QdEma,minbias,0,test,45.91841,44.08039093017578,-0.04002795990707497,1,30mm,2.5613704
SubNetW8CleanAuxExDnRcK9Rr01QdEma,minbias,0,test,22.336472,21.957855224609375,-0.016950588280300605,1,30mm,1.0435576
SubNetW8CleanAuxExDnRcK9Rr01QdEma,minbias,0,test,56.25575,56.50386047363281,0.004410424363232801,1,30mm,4.73318
SubNetW8CleanAuxExDnRcK9Rr01QdEma,minbias,0,test,14.738403,15.009312629699707,0.01838118441322867,3,60mm,2.5254192
SubNetW8CleanAuxExDnRcK9Rr01QdEma,minbias,0,test,6.684789,6.921895503997803,0.03546952893066191,3,60mm,0.89039207
SubNetW8CleanAuxExDnRcK9Rr01QdEma,minbias,0,test,15.487744,17.76383399963379,0.14696069482921792,4,120mm,3.5135155
SubNetW8CleanAuxExDnRcK9Rr01QdEma,minbias,0,test,10.655285,10.595221519470215,-0.005636955068686,3,60mm,2.489285
SubNetW8CleanAuxExDnRcK9Rr01QdEma,minbias,0,test,21.070478,19.90944480895996,-0.05510238572484705,4,120mm,4.5821114
SubNetW8CleanAuxExDnRcK9Rr01QdEma,minbias,0,test,54.031864,52.64751052856445,-0.025621060073655055,1,30mm,2.264969
SubNetW8CleanAuxExDnRcK9Rr01QdEma,minbias,0,test,32.461193,32.07926940917969,-0.011765546464677645,3,60mm,4.871953
SubNetW8CleanAuxExDnRcK9Rr01QdEma,minbias,0,test,14.648827,14.640275955200195,-0.0005837084535775805,3,60mm,2.3992538
SubNetW8CleanAuxExDnRcK9Rr01QdEma,minbias,0,test,8.417752,8.77904224395752,0.042920006031731406,3,60mm,1.2204014
SubNetW8CleanAuxExDnRcK9Rr01QdEma,minbias,0,test,38.4381,38.38363265991211,-0.00141698598803508,2,40mm,3.0170162
SubNetW8CleanAuxExDnRcK9Rr01QdEma,minbias,0,test,28.592236,27.76552963256836,-0.028913651425836795,2,40mm,2.0953357
SubNetW8CleanAuxExDnRcK9Rr01QdEma,minbias,0,test,40.54204,39.8852424621582,-0.016200449893313373,2,40mm,4.6650877
SubNetW8CleanAuxExDnRcK9Rr01QdEma,minbias,0,test,14.643501,13.917495727539062,-0.04957868615101024,2,40mm,3.0870783
SubNetW8CleanAuxExDnRcK9Rr01QdEma,minbias,0,test,92.68202,90.16413116455078,-0.027166983124325306,1,30mm,4.3024926
SubNetW8CleanAuxExDnRcK9Rr01QdEma,minbias,0,test,55.063652,53.6737174987793,-0.025242323898553187,2,40mm,4.660043
SubNetW8CleanAuxExDnRcK9Rr01QdEma,minbias,0,test,22.107912,21.020423889160156,-0.04918999909670618,3,60mm,2.4024816
SubNetW8CleanAuxExDnRcK9Rr01QdEma,minbias,0,test,15.899674,16.75908088684082,0.05405182828208499,3,60mm,2.060065
SubNetW8CleanAuxExDnRcK9Rr01QdEma,minbias,0,test,15.824801,13.981054306030273,-0.11650996983338124,2,40mm,2.1250787
SubNetW8CleanAuxExDnRcK9Rr01QdEma,minbias,0,test,4.124,4.247949123382568,0.030055540427962546,3,60mm,0.93088347
SubNetW8CleanAuxExDnRcK9Rr01QdEma,minbias,0,test,16.33165,16.510440826416016,0.010947518992143301,3,60mm,3.8916116
SubNetW8CleanAuxExDnRcK9Rr01QdEma,minbias,0,test,19.780499,19.67057228088379,-0.0055573030037187054,2,40mm,1.6106021
SubNetW8CleanAuxExDnRcK9Rr01QdEma,minbias,0,test,26.845512,26.543609619140625,-0.01124593066463564,2,40mm,4.2580304
SubNetW8CleanAuxExDnRcK9Rr01QdEma,minbias,0,test,48.142685,46.31555938720703,-0.03795229850029114,1,30mm,2.6207197
SubNetW8CleanAuxExDnRcK9Rr01QdEma,minbias,0,test,20.324526,20.048463821411133,-0.013582703674629215,2,40mm,2.0289543
SubNetW8CleanAuxExDnRcK9Rr01QdEma,minbias,0,test,93.002495,91.80642700195312,-0.012860599196572453,1,30mm,4.137452
SubNetW8CleanAuxExDnRcK9Rr01QdEma,minbias,0,test,25.628857,35.13545608520508,0.3709334190276896,1,30mm,1.1057262
SubNetW8CleanAuxExDnRcK9Rr01QdEma,minbias,0,test,35.406185,35.411888122558594,0.00016107277267862763,0,15mm,1.4402097
SubNetW8CleanAuxExDnRcK9Rr01QdEma,minbias,0,test,4.418395,3.7197976112365723,-0.15811112960155815,3,60mm,1.0374672
SubNetW8CleanAuxExDnRcK9Rr01QdEma,minbias,0,test,10.218806,10.5585298538208,0.03324493861287636,1,30mm,0.63632435
SubNetW8CleanAuxExDnRcK9Rr01QdEma,minbias,0,test,72.33567,70.05913543701172,-0.03147181769866014,1,30mm,3.2371936
SubNetW8CleanAuxExDnRcK9Rr01QdEma,minbias,0,test,17.16273,17.18315887451172,0.0011903474612124931,3,60mm,2.0923843
SubNetW8CleanAuxExDnRcK9Rr01QdEma,minbias,0,test,51.964405,51.32204055786133,-0.01236162525508988,0,15mm,1.5789416
SubNetW8CleanAuxExDnRcK9Rr01QdEma,minbias,0,test,18.984932,20.48200035095215,0.0788556108299614,1,30mm,0.729475
SubNetW8CleanAuxExDnRcK9Rr01QdEma,minbias,0,test,16.41035,15.819254875183105,-0.03601970071189886,3,60mm,2.6583953
SubNetW8CleanAuxExDnRcK9Rr01QdEma,minbias,0,test,68.179924,72.11215209960938,0.05767428088847959,0,15mm,1.9337252
SubNetW8CleanAuxExDnRcK9Rr01QdEma,minbias,0,test,20.330124,20.950069427490234,0.03049393742658668,2,40mm,2.0423975
SubNetW8CleanAuxExDnRcK9Rr01QdEma,minbias,0,test,24.021194,23.587404251098633,-0.018058644322100692,0,15mm,1.070081
SubNetW8CleanAuxExDnRcK9Rr01QdEma,minbias,0,test,4.0845976,3.8915960788726807,-0.047251046051481116,2,40mm,0.6914655
SubNetW8CleanAuxExDnRcK9Rr01QdEma,minbias,0,test,99.08831,93.64505767822266,-0.05493334733632271,0,15mm,2.6329706
SubNetW8CleanAuxExDnRcK9Rr01QdEma,minbias,0,test,26.145535,20.822500228881836,-0.20359248281451636,0,15mm,0.59938014
SubNetW8CleanAuxExDnRcK9Rr01QdEma,minbias,0,test,39.739647,40.39485168457031,0.01648743317740986,2,40mm,4.984205
SubNetW8CleanAuxExDnRcK9Rr01QdEma,minbias,0,test,11.410122,11.106344223022461,-0.02662352750414143,3,60mm,2.6763597
SubNetW8CleanAuxExDnRcK9Rr01QdEma,minbias,0,test,41.26871,41.05209732055664,-0.005248862002459664,2,40mm,3.7040012
SubNetW8CleanAuxExDnRcK9Rr01QdEma,minbias,0,test,22.671722,22.151857376098633,-0.022930107671619737,2,40mm,3.072889
SubNetW8CleanAuxExDnRcK9Rr01QdEma,minbias,0,test,46.39956,46.07270431518555,-0.007044349401308825,2,40mm,4.1587443
SubNetW8CleanAuxExDnRcK9Rr01QdEma,minbias,0,test,50.58362,54.40542221069336,0.07555418503744149,1,30mm,4.9033575
SubNetW8CleanAuxExDnRcK9Rr01QdEma,minbias,0,test,11.23048,10.854146957397461,-0.033509986233030364,3,60mm,2.0043087
SubNetW8CleanAuxExDnRcK9Rr01QdEma,minbias,0,test,47.171265,45.708580017089844,-0.031007958812401815,2,40mm,2.958742
SubNetW8CleanAuxExDnRcK9Rr01QdEma,minbias,0,test,19.183886,19.051137924194336,-0.006919747807714205,2,40mm,4.239758
SubNetW8CleanAuxExDnRcK9Rr01QdEma,minbias,0,test,88.09688,86.67127227783203,-0.01618225078405411,0,15mm,2.6536644
SubNetW8CleanAuxExDnRcK9Rr01QdEma,minbias,0,test,23.530338,23.026548385620117,-0.021410227748581145,2,40mm,1.9980344
SubNetW8CleanAuxExDnRcK9Rr01QdEma,minbias,0,test,34.686077,34.105308532714844,-0.0167435649534734,2,40mm,4.7556167
SubNetW8CleanAuxExDnRcK9Rr01QdEma,minbias,0,test,68.100075,65.61933135986328,-0.03642791019910008,2,40mm,4.0574446
SubNetW8CleanAuxExDnRcK9Rr01QdEma,minbias,0,test,57.26402,56.30925369262695,-0.01667304070321396,2,40mm,4.16459
SubNetW8CleanAuxExDnRcK9Rr01QdEma,minbias,0,test,57.885384,59.513919830322266,0.028133807239685282,0,15mm,1.7619174
SubNetW8CleanAuxExDnRcK9Rr01QdEma,minbias,0,test,56.808464,57.503868103027344,0.01224120497464476,1,30mm,4.337727
SubNetW8CleanAuxExDnRcK9Rr01QdEma,minbias,0,test,28.068295,27.345115661621094,-0.025764973460624452,1,30mm,1.5155165
SubNetW8CleanAuxExDnRcK9Rr01QdEma,minbias,0,test,40.344463,39.61322021484375,-0.018124993440373216,2,40mm,3.435339
SubNetW8CleanAuxExDnRcK9Rr01QdEma,minbias,0,test,31.910898,33.48142623901367,0.04921603961531096,1,30mm,1.2466607
SubNetW8CleanAuxExDnRcK9Rr01QdEma,minbias,0,test,43.042995,43.44340515136719,0.009302551885002064,2,40mm,4.8182387
SubNetW8CleanAuxExDnRcK9Rr01QdEma,minbias,0,test,22.90941,22.246883392333984,-0.028919429638962324,3,60mm,2.8371215
SubNetW8CleanAuxExDnRcK9Rr01QdEma,minbias,0,test,51.23008,44.9486083984375,-0.12261295112652904,0,15mm,1.5192647
SubNetW8CleanAuxExDnRcK9Rr01QdEma,minbias,0,test,38.945404,38.751827239990234,-0.004970466155185482,3,60mm,4.951315
SubNetW8CleanAuxExDnRcK9Rr01QdEma,minbias,0,test,22.299973,21.75414276123047,-0.024476701579457694,2,40mm,1.3470658
SubNetW8CleanAuxExDnRcK9Rr01QdEma,minbias,0,test,31.193077,30.634410858154297,-0.017909942891580544,3,60mm,3.613335
SubNetW8CleanAuxExDnRcK9Rr01QdEma,minbias,0,test,97.49389,103.0582046508789,0.057073482874144155,1,30mm,4.8310814
SubNetW8CleanAuxExDnRcK9Rr01QdEma,minbias,0,test,37.037807,38.1821174621582,0.030895727255246364,2,40mm,3.4784856
SubNetW8CleanAuxExDnRcK9Rr01QdEma,minbias,0,test,5.1736727,4.907201766967773,-0.05150517355887729,3,60mm,0.9372551
SubNetW8CleanAuxExDnRcK9Rr01QdEma,minbias,0,test,11.581301,13.082170486450195,0.12959422997965886,2,40mm,1.9184822
SubNetW8CleanAuxExDnRcK9Rr01QdEma,minbias,0,test,22.536802,22.549283981323242,0.0005538358677277255,2,40mm,4.481794
SubNetW8CleanAuxExDnRcK9Rr01QdEma,minbias,0,test,22.097906,21.722490310668945,-0.016988749978745332,3,60mm,4.27713
SubNetW8CleanAuxExDnRcK9Rr01QdEma,minbias,0,test,24.309742,24.065092086791992,-0.010063861942585017,2,40mm,1.7816088
SubNetW8CleanAuxExDnRcK9Rr01QdEma,minbias,0,test,10.770483,10.275127410888672,-0.04599195832709824,2,40mm,1.1464902
SubNetW8CleanAuxExDnRcK9Rr01QdEma,minbias,0,test,56.47622,57.247982025146484,0.013665271137897506,1,30mm,3.046648
SubNetW8CleanAuxExDnRcK9Rr01QdEma,minbias,0,test,12.4111395,11.457940101623535,-0.07680192358658045,3,60mm,2.000831
SubNetW8CleanAuxExDnRcK9Rr01QdEma,minbias,0,test,25.664995,24.64521026611328,-0.039734467888276725,3,60mm,4.6873364
SubNetW8CleanAuxExDnRcK9Rr01QdEma,minbias,0,test,85.63048,90.52552032470703,0.05716472147742313,1,30mm,4.912348
SubNetW8CleanAuxExDnRcK9Rr01QdEma,minbias,0,test,22.91306,22.50550079345703,-0.01778716831257232,1,30mm,0.8843198
SubNetW8CleanAuxExDnRcK9Rr01QdEma,minbias,0,test,12.507793,13.081786155700684,0.04589080660464684,1,30mm,0.8869655
SubNetW8CleanAuxExDnRcK9Rr01QdEma,minbias,0,test,11.7675,11.641794204711914,-0.010682449102115688,3,60mm,1.1824307
SubNetW8CleanAuxExDnRcK9Rr01QdEma,minbias,0,test,28.397545,26.6859130859375,-0.06027393506340328,3,60mm,4.8966837
SubNetW8CleanAuxExDnRcK9Rr01QdEma,minbias,0,test,50.995663,46.77521896362305,-0.08276083696190517,2,40mm,4.941529
SubNetW8CleanAuxExDnRcK9Rr01QdEma,minbias,0,test,19.809887,20.030197143554688,0.011121225069771201,1,30mm,1.1410986
SubNetW8CleanAuxExDnRcK9Rr01QdEma,minbias,0,test,21.897137,21.55365562438965,-0.015686117720923765,3,60mm,3.4594977
SubNetW8CleanAuxExDnRcK9Rr01QdEma,minbias,0,test,45.792763,46.03022384643555,0.0051855593721514825,2,40mm,4.2910714
SubNetW8CleanAuxExDnRcK9Rr01QdEma,minbias,0,test,25.218744,24.029142379760742,-0.04717133752108715,3,60mm,3.6639855
SubNetW8CleanAuxExDnRcK9Rr01QdEma,minbias,0,test,13.382583,14.224483489990234,0.062910190551966,1,30mm,0.85298836
SubNetW8CleanAuxExDnRcK9Rr01QdEma,minbias,0,test,19.552145,19.061355590820312,-0.02510156370796668,3,60mm,3.548684
SubNetW8CleanAuxExDnRcK9Rr01QdEma,minbias,0,test,21.700466,19.765348434448242,-0.08917401624674548,3,60mm,2.4783106
SubNetW8CleanAuxExDnRcK9Rr01QdEma,minbias,0,test,21.634922,21.422176361083984,-0.009833438097563874,0,15mm,0.94384015
SubNetW8CleanAuxExDnRcK9Rr01QdEma,minbias,0,test,29.60976,29.217906951904297,-0.013233924515277606,3,60mm,4.1846485
SubNetW8CleanAuxExDnRcK9Rr01QdEma,minbias,0,test,42.654552,42.082252502441406,-0.013417089718990138,2,40mm,3.5341096
SubNetW8CleanAuxExDnRcK9Rr01QdEma,minbias,0,test,87.872505,86.71794128417969,-0.01313908032254918,0,15mm,4.2369676
SubNetW8CleanAuxExDnRcK9Rr01QdEma,minbias,0,test,6.8319154,6.375588893890381,-0.06679334555453076,2,40mm,0.818081
SubNetW8CleanAuxExDnRcK9Rr01QdEma,minbias,0,test,47.760757,50.45006561279297,0.05630790444494638,1,30mm,3.300244
SubNetW8CleanAuxExDnRcK9Rr01QdEma,minbias,0,test,12.336661,12.182563781738281,-0.012491025962035773,4,120mm,2.6694517
SubNetW8CleanAuxExDnRcK9Rr01QdEma,minbias,0,test,30.792828,30.462284088134766,-0.010734432131196736,2,40mm,3.6464038
SubNetW8CleanAuxExDnRcK9Rr01QdEma,minbias,0,test,74.429535,75.1191177368164,0.00926490842004224,1,30mm,4.9107943
SubNetW8CleanAuxExDnRcK9Rr01QdEma,minbias,0,test,63.485703,64.3566665649414,0.013719058241373316,1,30mm,3.4205117
SubNetW8CleanAuxExDnRcK9Rr01QdEma,minbias,0,test,19.829054,19.411771774291992,-0.021043974515529085,3,60mm,3.257898
SubNetW8CleanAuxExDnRcK9Rr01QdEma,minbias,0,test,46.525204,46.45262145996094,-0.001560062914147009,2,40mm,4.375759
SubNetW8CleanAuxExDnRcK9Rr01QdEma,minbias,0,test,42.46219,43.388038635253906,0.02180410248375564,2,40mm,4.17753
SubNetW8CleanAuxExDnRcK9Rr01QdEma,minbias,0,test,25.547451,23.855297088623047,-0.06623572462812699,1,30mm,1.3110169
SubNetW8CleanAuxExDnRcK9Rr01QdEma,minbias,0,test,15.875467,15.362951278686523,-0.03228352350391073,3,60mm,3.4372468
SubNetW8CleanAuxExDnRcK9Rr01QdEma,minbias,0,test,4.5797634,4.787112236022949,0.045275007652694654,3,60mm,0.6441996
SubNetW8CleanAuxExDnRcK9Rr01QdEma,minbias,0,test,10.186555,9.824564933776855,-0.035536054948720586,3,60mm,1.3802892
SubNetW8CleanAuxExDnRcK9Rr01QdEma,minbias,0,test,14.0265665,13.701287269592285,-0.023190225185462987,3,60mm,2.43307
SubNetW8CleanAuxExDnRcK9Rr01QdEma,minbias,0,test,4.2256203,3.8448257446289062,-0.09011565186540649,2,40mm,0.8268924
SubNetW8CleanAuxExDnRcK9Rr01QdEma,minbias,0,test,6.6860595,8.700675010681152,0.30131582635265675,1,30mm,0.6441494
SubNetW8CleanAuxExDnRcK9Rr01QdEma,minbias,0,test,10.502713,10.741270065307617,0.022713831869609624,3,60mm,1.9095508
SubNetW8CleanAuxExDnRcK9Rr01QdEma,minbias,0,test,5.1126437,5.092687129974365,-0.0039033795122566106,3,60mm,0.8050342
SubNetW8CleanAuxExDnRcK9Rr01QdEma,minbias,0,test,76.70924,71.63334655761719,-0.0661706069183009,0,15mm,1.8440193
SubNetW8CleanAuxExDnRcK9Rr01QdEma,minbias,0,test,16.384363,16.295686721801758,-0.005412261171985233,1,30mm,1.0162373
SubNetW8CleanAuxExDnRcK9Rr01QdEma,minbias,0,test,67.69057,68.97361755371094,0.01895464307153305,1,30mm,3.6815467
SubNetW8CleanAuxExDnRcK9Rr01QdEma,minbias,0,test,35.89003,36.350799560546875,0.012838374738370906,2,40mm,4.2375784
SubNetW8CleanAuxExDnRcK9Rr01QdEma,minbias,0,test,36.452,36.52162170410156,0.0019099648972920047,2,40mm,3.93127
SubNetW8CleanAuxExDnRcK9Rr01QdEma,minbias,0,test,84.02436,84.43816375732422,0.004924799157668414,1,30mm,4.652393
SubNetW8CleanAuxExDnRcK9Rr01QdEma,minbias,0,test,18.068075,18.99617576599121,0.051366876476254486,3,60mm,2.5055244
SubNetW8CleanAuxExDnRcK9Rr01QdEma,minbias,0,test,3.7037146,2.9060187339782715,-0.21537725212357905,3,60mm,0.727881
SubNetW8CleanAuxExDnRcK9Rr01QdEma,minbias,0,test,34.672916,33.57264709472656,-0.03173281718047061,1,30mm,2.5895035
SubNetW8CleanAuxExDnRcK9Rr01QdEma,minbias,0,test,5.1177783,4.377132892608643,-0.1447201041223417,3,60mm,0.81569195
SubNetW8CleanAuxExDnRcK9Rr01QdEma,minbias,0,test,11.627178,11.08004093170166,-0.04705675370202378,3,60mm,1.8326008
SubNetW8CleanAuxExDnRcK9Rr01QdEma,minbias,0,test,33.063946,33.41244888305664,0.010540275961449241,2,40mm,3.1527987
SubNetW8CleanAuxExDnRcK9Rr01QdEma,minbias,0,test,86.967255,86.32032012939453,-0.007438828694376953,0,15mm,2.7793827
SubNetW8CleanAuxExDnRcK9Rr01QdEma,minbias,0,test,34.86434,32.557498931884766,-0.06616625150801825,0,15mm,1.0180451
SubNetW8CleanAuxExDnRcK9Rr01QdEma,minbias,0,test,21.399662,11.885927200317383,-0.4445740689540595,2,40mm,2.0479653
SubNetW8CleanAuxExDnRcK9Rr01QdEma,minbias,0,test,4.62624,4.467443466186523,-0.03432513619973265,3,60mm,0.63738734
SubNetW8CleanAuxExDnRcK9Rr01QdEma,minbias,0,test,25.86987,25.57591438293457,-0.011362827024944289,1,30mm,2.6182146
SubNetW8CleanAuxExDnRcK9Rr01QdEma,minbias,0,test,81.642555,84.69033813476562,0.03733081221072365,1,30mm,4.051726
SubNetW8CleanAuxExDnRcK9Rr01QdEma,minbias,0,test,33.809353,32.86582946777344,-0.027907171440921474,2,40mm,2.2418141
SubNetW8CleanAuxExDnRcK9Rr01QdEma,minbias,0,test,22.946323,24.775047302246094,0.07969572623939758,1,30mm,1.2714664
SubNetW8CleanAuxExDnRcK9Rr01QdEma,minbias,0,test,10.940086,10.386404991149902,-0.050610329309684676,2,40mm,1.5120505
SubNetW8CleanAuxExDnRcK9Rr01QdEma,minbias,0,test,26.037863,25.314476013183594,-0.02778210987215246,3,60mm,3.9236948
SubNetW8CleanAuxExDnRcK9Rr01QdEma,minbias,0,test,12.043771,12.035557746887207,-0.0006819328726881402,3,60mm,2.3439305
SubNetW8CleanAuxExDnRcK9Rr01QdEma,minbias,0,test,23.213243,23.189228057861328,-0.001034557133378633,2,40mm,2.879774
SubNetW8CleanAuxExDnRcK9Rr01QdEma,minbias,0,test,11.261178,10.627046585083008,-0.05631128738408164,3,60mm,1.9435636
SubNetW8CleanAuxExDnRcK9Rr01QdEma,minbias,0,test,16.223186,16.217737197875977,-0.0003358954818354354,3,60mm,2.242319
SubNetW8CleanAuxExDnRcK9Rr01QdEma,minbias,0,test,15.241664,16.87840461730957,0.10738595810310358,2,40mm,1.5462345
SubNetW8CleanAuxExDnRcK9Rr01QdEma,minbias,0,test,29.981699,29.524869918823242,-0.01523693074229382,3,60mm,4.4006205
SubNetW8CleanAuxExDnRcK9Rr01QdEma,minbias,0,test,88.29721,89.13574981689453,0.009496779308774128,1,30mm,3.6941214
SubNetW8CleanAuxExDnRcK9Rr01QdEma,minbias,0,test,15.386988,15.274377822875977,-0.007318512601563909,3,60mm,2.2857354
SubNetW8CleanAuxExDnRcK9Rr01QdEma,minbias,0,test,13.747382,13.50027084350586,-0.017975154654730208,1,30mm,0.7834331
SubNetW8CleanAuxExDnRcK9Rr01QdEma,minbias,0,test,7.143846,7.283884525299072,0.019602674751001636,3,60mm,1.0551027
SubNetW8CleanAuxExDnRcK9Rr01QdEma,minbias,0,test,19.573479,19.672670364379883,0.005067656453722202,3,60mm,3.6985219
SubNetW8CleanAuxExDnRcK9Rr01QdEma,minbias,0,test,18.031023,18.348491668701172,0.01760680149646965,3,60mm,2.4134145
SubNetW8CleanAuxExDnRcK9Rr01QdEma,minbias,0,test,23.443485,23.077281951904297,-0.015620685407648938,3,60mm,4.2622604
SubNetW8CleanAuxExDnRcK9Rr01QdEma,minbias,0,test,52.44797,53.52933883666992,0.020617908852629263,2,40mm,3.4609265
SubNetW8CleanAuxExDnRcK9Rr01QdEma,minbias,0,test,56.97625,38.878761291503906,-0.3176321449771431,0,15mm,2.2482066
SubNetW8CleanAuxExDnRcK9Rr01QdEma,minbias,0,test,69.55909,69.95994567871094,0.00576281288357916,1,30mm,4.3893995
SubNetW8CleanAuxExDnRcK9Rr01QdEma,minbias,0,test,7.9712563,11.82306957244873,0.48321283278227534,2,40mm,1.0099075
SubNetW8CleanAuxExDnRcK9Rr01QdEma,minbias,0,test,52.698345,57.484130859375,0.09081472403562763,1,30mm,3.573494
SubNetW8CleanAuxExDnRcK9Rr01QdEma,minbias,0,test,19.910124,19.509763717651367,-0.020108368533484078,3,60mm,3.9134386
SubNetW8CleanAuxExDnRcK9Rr01QdEma,minbias,0,test,22.398268,21.447912216186523,-0.04242986737026022,4,120mm,4.8689823
SubNetW8CleanAuxExDnRcK9Rr01QdEma,minbias,0,test,2.2451844,2.586284875869751,0.1519253612567757,4,120mm,0.5398517
SubNetW8CleanAuxExDnRcK9Rr01QdEma,minbias,0,test,7.2297277,6.727778911590576,-0.06942845583761015,3,60mm,0.8100481
SubNetW8CleanAuxExDnRcK9Rr01QdEma,minbias,0,test,38.615715,35.77619934082031,-0.0735326455579135,2,40mm,3.7650716
SubNetW8CleanAuxExDnRcK9Rr01QdEma,minbias,0,test,7.106805,6.703279972076416,-0.05678006984678663,3,60mm,0.93757075
SubNetW8CleanAuxExDnRcK9Rr01QdEma,minbias,0,test,24.291027,24.490442276000977,0.008209418496055276,3,60mm,4.134845
SubNetW8CleanAuxExDnRcK9Rr01QdEma,minbias,0,test,50.90464,50.36958694458008,-0.010510893527491016,2,40mm,4.357976
SubNetW8CleanAuxExDnRcK9Rr01QdEma,minbias,0,test,43.924603,44.62186813354492,0.01587414763433226,0,15mm,1.7000887
SubNetW8CleanAuxExDnRcK9Rr01QdEma,minbias,0,test,36.84443,41.40042495727539,0.12365494764947016,0,15mm,1.8242337
SubNetW8CleanAuxExDnRcK9Rr01QdEma,minbias,0,test,56.39716,58.26033020019531,0.03303660393135166,1,30mm,3.8515823
SubNetW8CleanAuxExDnRcK9Rr01QdEma,minbias,0,test,51.964546,53.97685623168945,0.038724672398587234,1,30mm,3.7414896
SubNetW8CleanAuxExDnRcK9Rr01QdEma,minbias,0,test,29.964016,30.127056121826172,0.00544119858121439,3,60mm,3.3621805
SubNetW8CleanAuxExDnRcK9Rr01QdEma,minbias,0,test,19.926964,19.684967041015625,-0.012144186514857047,3,60mm,4.1084905
SubNetW8CleanAuxExDnRcK9Rr01QdEma,minbias,0,test,59.59548,58.625789642333984,-0.016271237344774536,2,40mm,4.09241
SubNetW8CleanAuxExDnRcK9Rr01QdEma,minbias,0,test,14.5266285,13.610594749450684,-0.06305893657112527,3,60mm,3.0367584
SubNetW8CleanAuxExDnRcK9Rr01QdEma,minbias,0,test,13.818752,13.577881813049316,-0.017430696399699297,3,60mm,2.5883803
SubNetW8CleanAuxExDnRcK9Rr01QdEma,minbias,0,test,39.539845,37.79647445678711,-0.044091474754834326,3,60mm,4.6306796
SubNetW8CleanAuxExDnRcK9Rr01QdEma,minbias,0,test,69.0412,40.93700408935547,-0.40706411762677797,0,15mm,2.9348483
SubNetW8CleanAuxExDnRcK9Rr01QdEma,minbias,0,test,7.1349177,7.266634464263916,0.018460861509989268,4,120mm,1.6668942
SubNetW8CleanAuxExDnRcK9Rr01QdEma,minbias,0,test,69.1494,65.4109878540039,-0.05406281203281271,0,15mm,2.5490096
SubNetW8CleanAuxExDnRcK9Rr01QdEma,minbias,0,test,22.376265,22.325660705566406,-0.0022614975083976585,3,60mm,4.5721855
SubNetW8CleanAuxExDnRcK9Rr01QdEma,minbias,0,test,78.917244,85.95095825195312,0.08912772344431819,1,30mm,3.64004
SubNetW8CleanAuxExDnRcK9Rr01QdEma,minbias,0,test,24.967722,25.51085090637207,0.021753244793826676,2,40mm,2.2615504
SubNetW8CleanAuxExDnRcK9Rr01QdEma,minbias,0,test,7.192904,7.250471115112305,0.008003321000014996,4,120mm,1.5936064
SubNetW8CleanAuxExDnRcK9Rr01QdEma,minbias,0,test,13.679542,11.336920738220215,-0.17124995268069199,2,40mm,1.1406778
SubNetW8CleanAuxExDnRcK9Rr01QdEma,minbias,0,test,3.4508238,4.292233943939209,0.24382878198433522,4,120mm,0.7858822
SubNetW8CleanAuxExDnRcK9Rr01QdEma,minbias,0,test,21.63862,22.608661651611328,0.044829164620587614,3,60mm,4.351921
SubNetW8CleanAuxExDnRcK9Rr01QdEma,minbias,0,test,33.459442,31.32594108581543,-0.06376379630043438,1,30mm,1.973947
SubNetW8CleanAuxExDnRcK9Rr01QdEma,minbias,0,test,22.431446,22.534074783325195,0.004575215861723381,3,60mm,4.2688026
SubNetW8CleanAuxExDnRcK9Rr01QdEma,minbias,0,test,23.114367,22.103771209716797,-0.043721523593719946,2,40mm,3.784073
SubNetW8CleanAuxExDnRcK9Rr01QdEma,minbias,0,test,40.52078,39.97516632080078,-0.013465001248790354,2,40mm,4.104988
SubNetW8CleanAuxExDnRcK9Rr01QdEma,minbias,0,test,6.233717,6.48336124420166,0.040047419684401175,4,120mm,1.4395499
SubNetW8CleanAuxExDnRcK9Rr01QdEma,minbias,0,test,34.00556,32.97065353393555,-0.030433500845938988,3,60mm,4.0400896
SubNetW8CleanAuxExDnRcK9Rr01QdEma,minbias,0,test,20.057104,18.695751190185547,-0.06787385222798792,2,40mm,2.7026033
SubNetW8CleanAuxExDnRcK9Rr01QdEma,minbias,0,test,8.463342,8.552117347717285,0.010489430508255237,4,120mm,1.9933896
SubNetW8CleanAuxExDnRcK9Rr01QdEma,minbias,0,test,27.90335,27.70305633544922,-0.007178152038034069,2,40mm,4.2199106
SubNetW8CleanAuxExDnRcK9Rr01QdEma,minbias,0,test,35.225365,35.12904357910156,-0.00273442466297269,1,30mm,2.0417478
SubNetW8CleanAuxExDnRcK9Rr01QdEma,minbias,0,test,47.31529,44.68684005737305,-0.05555177971493186,2,40mm,3.2821145
SubNetW8CleanAuxExDnRcK9Rr01QdEma,minbias,0,test,76.823944,80.18293762207031,0.04372326323495934,0,15mm,1.9104701
SubNetW8CleanAuxExDnRcK9Rr01QdEma,minbias,0,test,15.575241,17.145509719848633,0.10081825520529741,3,60mm,2.0080402
SubNetW8CleanAuxExDnRcK9Rr01QdEma,minbias,0,test,87.68618,82.82614135742188,-0.05542536749764182,1,30mm,3.7199576
SubNetW8CleanAuxExDnRcK9Rr01QdEma,minbias,0,test,55.58002,48.97367477416992,-0.1188618863911104,1,30mm,2.042072
SubNetW8CleanAuxExDnRcK9Rr01QdEma,minbias,0,test,10.645753,10.017732620239258,-0.05899256652471707,3,60mm,2.2207494
SubNetW8CleanAuxExDnRcK9Rr01QdEma,minbias,0,test,46.675774,46.2953987121582,-0.008149300567336426,2,40mm,3.5547557
SubNetW8CleanAuxExDnRcK9Rr01QdEma,minbias,0,test,26.694618,25.592529296875,-0.04128506049157499,2,40mm,2.5975914
SubNetW8CleanAuxExDnRcK9Rr01QdEma,minbias,0,test,66.805,69.3482894897461,0.03807034163538914,1,30mm,2.8382127
SubNetW8CleanAuxExDnRcK9Rr01QdEma,minbias,0,test,67.097015,65.43373107910156,-0.024789244235628005,1,30mm,3.6632276
SubNetW8CleanAuxExDnRcK9Rr01QdEma,minbias,0,test,43.952515,44.76826095581055,0.018559718684993287,1,30mm,1.7605959
SubNetW8CleanAuxExDnRcK9Rr01QdEma,minbias,0,test,23.728144,24.113378524780273,0.016235354849662542,2,40mm,2.3880591
SubNetW8CleanAuxExDnRcK9Rr01QdEma,minbias,0,test,16.80527,16.874658584594727,0.004129023002562349,3,60mm,2.133702
SubNetW8CleanAuxExDnRcK9Rr01QdEma,minbias,0,test,15.35667,14.593491554260254,-0.04969689434698765,3,60mm,3.3954043
SubNetW8CleanAuxExDnRcK9Rr01QdEma,minbias,0,test,22.770765,21.828248977661133,-0.04139150855484541,1,30mm,1.6466315
SubNetW8CleanAuxExDnRcK9Rr01QdEma,minbias,0,test,22.585463,23.40005874633789,0.03606727883548477,1,30mm,0.9494438
SubNetW8CleanAuxExDnRcK9Rr01QdEma,minbias,0,test,92.2551,89.78636932373047,-0.02675979113567084,1,30mm,4.1342545
SubNetW8CleanAuxExDnRcK9Rr01QdEma,minbias,0,test,8.27836,8.085249900817871,-0.023327139366556504,2,40mm,0.8667162
SubNetW8CleanAuxExDnRcK9Rr01QdEma,minbias,0,test,29.372274,28.822105407714844,-0.01873089511622139,1,30mm,1.7442046
SubNetW8CleanAuxExDnRcK9Rr01QdEma,minbias,0,test,9.372565,8.612282752990723,-0.0811178684405649,3,60mm,1.4756012
SubNetW8CleanAuxExDnRcK9Rr01QdEma,minbias,0,test,75.23346,74.80560302734375,-0.005687049994929527,0,15mm,1.5539607
SubNetW8CleanAuxExDnRcK9Rr01QdEma,minbias,0,test,13.461356,13.911879539489746,0.033467904051325936,2,40mm,1.6641028
SubNetW8CleanAuxExDnRcK9Rr01QdEma,minbias,0,test,59.504017,58.53614044189453,-0.016265732720860404,0,15mm,1.655626
SubNetW8CleanAuxExDnRcK9Rr01QdEma,minbias,0,test,24.646603,23.36780548095703,-0.05188533157384223,3,60mm,3.5200431
SubNetW8CleanAuxExDnRcK9Rr01QdEma,minbias,0,test,47.19796,49.827857971191406,0.05572058785732614,1,30mm,1.8551633
SubNetW8CleanAuxExDnRcK9Rr01QdEma,minbias,0,test,4.9179764,4.846186637878418,-0.014597414866996838,3,60mm,0.63729155
SubNetW8CleanAuxExDnRcK9Rr01QdEma,minbias,0,test,10.327929,9.197696685791016,-0.10943451560341277,3,60mm,1.78984
SubNetW8CleanAuxExDnRcK9Rr01QdEma,minbias,0,test,31.174555,30.43514060974121,-0.023718517208751955,3,60mm,3.2676196
SubNetW8CleanAuxExDnRcK9Rr01QdEma,minbias,0,test,22.064138,22.085969924926758,0.0009894568300399254,3,60mm,3.9498487
SubNetW8CleanAuxExDnRcK9Rr01QdEma,minbias,0,test,33.948322,34.657020568847656,0.02087579664535011,0,15mm,0.93881553
SubNetW8CleanAuxExDnRcK9Rr01QdEma,minbias,0,test,9.781543,9.431597709655762,-0.0357760607197779,3,60mm,1.104153
SubNetW8CleanAuxExDnRcK9Rr01QdEma,minbias,0,test,7.3468676,7.083883762359619,-0.03579536404937389,3,60mm,1.2434115
SubNetW8CleanAuxExDnRcK9Rr01QdEma,minbias,0,test,12.298296,11.978035926818848,-0.02604100995541303,3,60mm,2.5946188
SubNetW8CleanAuxExDnRcK9Rr01QdEma,minbias,0,test,13.374314,12.785286903381348,-0.04404169000465985,3,60mm,3.1602218
SubNetW8CleanAuxExDnRcK9Rr01QdEma,minbias,0,test,35.852314,37.48355484008789,0.045498899874011345,2,40mm,4.5465484
SubNetW8CleanAuxExDnRcK9Rr01QdEma,minbias,0,test,21.447659,20.825096130371094,-0.029027057071077667,3,60mm,4.5399437
SubNetW8CleanAuxExDnRcK9Rr01QdEma,minbias,0,test,52.408638,51.9973258972168,-0.007848173869117736,2,40mm,4.58615
SubNetW8CleanAuxExDnRcK9Rr01QdEma,minbias,0,test,20.207315,20.95256996154785,0.03688043167495292,3,60mm,2.465383
SubNetW8CleanAuxExDnRcK9Rr01QdEma,minbias,0,test,12.952844,13.34848690032959,0.030544893804988593,3,60mm,2.3757944
SubNetW8CleanAuxExDnRcK9Rr01QdEma,minbias,0,test,12.630289,11.225418090820312,-0.11123031137999628,1,30mm,0.5803474
SubNetW8CleanAuxExDnRcK9Rr01QdEma,minbias,0,test,12.027531,12.61017894744873,0.048442884350979876,2,40mm,1.3379285
SubNetW8CleanAuxExDnRcK9Rr01QdEma,minbias,0,test,17.752777,19.408884048461914,0.09328720456299644,1,30mm,1.7919402
SubNetW8CleanAuxExDnRcK9Rr01QdEma,minbias,0,test,20.295639,15.899362564086914,-0.21661187734710674,3,60mm,3.5732238
SubNetW8CleanAuxExDnRcK9Rr01QdEma,minbias,0,test,32.365273,33.04692840576172,0.021061336138179954,1,30mm,2.064419
SubNetW8CleanAuxExDnRcK9Rr01QdEma,minbias,0,test,40.99318,40.526729583740234,-0.011378715807646267,0,15mm,1.0869051
SubNetW8CleanAuxExDnRcK9Rr01QdEma,minbias,0,test,52.50669,52.87699890136719,0.007052585403093836,2,40mm,4.370191
SubNetW8CleanAuxExDnRcK9Rr01QdEma,minbias,0,test,39.10572,37.77064514160156,-0.03414015547250937,1,30mm,3.9789052
SubNetW8CleanAuxExDnRcK9Rr01QdEma,minbias,0,test,28.930561,30.822158813476562,0.06538406716374112,2,40mm,4.312722
SubNetW8CleanAuxExDnRcK9Rr01QdEma,minbias,0,test,24.256153,23.337446212768555,-0.03787521005000316,3,60mm,4.3491516
SubNetW8CleanAuxExDnRcK9Rr01QdEma,minbias,0,test,7.8535995,7.154026508331299,-0.08907673936041549,3,60mm,1.2017807
SubNetW8CleanAuxExDnRcK9Rr01QdEma,minbias,0,test,5.90087,5.80736780166626,-0.015845468060215806,3,60mm,1.0867383
SubNetW8CleanAuxExDnRcK9Rr01QdEma,minbias,0,test,75.10438,74.36343383789062,-0.00986552223615389,0,15mm,3.0854638
SubNetW8CleanAuxExDnRcK9Rr01QdEma,minbias,0,test,25.442245,25.474781036376953,0.0012788003716002194,3,60mm,4.8715534
SubNetW8CleanAuxExDnRcK9Rr01QdEma,minbias,0,test,27.369629,27.60182762145996,0.00848380940806015,3,60mm,3.9922132
SubNetW8CleanAuxExDnRcK9Rr01QdEma,minbias,0,test,41.881813,51.46373748779297,0.2287848529191827,2,40mm,2.5546026
SubNetW8CleanAuxExDnRcK9Rr01QdEma,minbias,0,test,18.583061,18.899015426635742,0.017002269145168114,2,40mm,2.0055568
SubNetW8CleanAuxExDnRcK9Rr01QdEma,minbias,0,test,19.216848,19.39412498474121,0.009225061668977519,2,40mm,2.004539
SubNetW8CleanAuxExDnRcK9Rr01QdEma,minbias,0,test,27.194555,26.93515396118164,-0.009538722686050938,1,30mm,1.3558899
SubNetW8CleanAuxExDnRcK9Rr01QdEma,minbias,0,test,91.22283,89.83043670654297,-0.01526366802241308,0,15mm,2.7317455
SubNetW8CleanAuxExDnRcK9Rr01QdEma,minbias,0,test,83.74476,83.24652099609375,-0.005949478130418018,0,15mm,2.2543657
SubNetW8CleanAuxExDnRcK9Rr01QdEma,minbias,0,test,12.042219,10.788445472717285,-0.1041148373405879,2,40mm,2.0608737
SubNetW8CleanAuxExDnRcK9Rr01QdEma,minbias,0,test,27.285597,28.683439254760742,0.05123004693785482,1,30mm,2.7263725
SubNetW8CleanAuxExDnRcK9Rr01QdEma,minbias,0,test,21.5883,22.312789916992188,0.03355934410668149,1,30mm,1.0867038
SubNetW8CleanAuxExDnRcK9Rr01QdEma,minbias,0,test,76.22913,74.28836059570312,-0.02545972803896912,1,30mm,4.9200535
SubNetW8CleanAuxExDnRcK9Rr01QdEma,minbias,0,test,18.438835,19.564533233642578,0.06105039070015694,3,60mm,2.8804448
SubNetW8CleanAuxExDnRcK9Rr01QdEma,minbias,0,test,4.4097986,4.149559497833252,-0.05901383409937133,2,40mm,0.5420133
SubNetW8CleanAuxExDnRcK9Rr01QdEma,minbias,0,test,8.818923,9.17626667022705,0.04052010362796277,2,40mm,1.2795057
SubNetW8CleanAuxExDnRcK9Rr01QdEma,minbias,0,test,81.66531,79.46022033691406,-0.027001590801824626,0,15mm,2.4774902
SubNetW8CleanAuxExDnRcK9Rr01QdEma,minbias,0,test,16.957878,16.23590660095215,-0.04257440152822933,3,60mm,2.7127905
SubNetW8CleanAuxExDnRcK9Rr01QdEma,minbias,0,test,20.99938,20.90151023864746,-0.004660607719195076,3,60mm,3.1234975
SubNetW8CleanAuxExDnRcK9Rr01QdEma,minbias,0,test,41.639668,38.75711441040039,-0.06922613154452772,0,15mm,1.1540397
SubNetW8CleanAuxExDnRcK9Rr01QdEma,minbias,0,test,26.738752,27.86758804321289,0.04221721577306825,2,40mm,2.5291424
SubNetW8CleanAuxExDnRcK9Rr01QdEma,minbias,0,test,23.7698,24.091543197631836,0.013535789487283179,3,60mm,3.5589733
SubNetW8CleanAuxExDnRcK9Rr01QdEma,minbias,0,test,13.687826,13.781242370605469,0.006824766249979186,2,40mm,2.1034846
SubNetW8CleanAuxExDnRcK9Rr01QdEma,minbias,0,test,99.98719,95.56519317626953,-0.04422563589803108,0,15mm,3.153069
SubNetW8CleanAuxExDnRcK9Rr01QdEma,minbias,0,test,21.257294,21.445043563842773,0.008832256133364247,3,60mm,3.2469292
SubNetW8CleanAuxExDnRcK9Rr01QdEma,minbias,0,test,17.739672,16.67157554626465,-0.060209466021740043,1,30mm,0.91394293
SubNetW8CleanAuxExDnRcK9Rr01QdEma,minbias,0,test,65.51769,65.29276275634766,-0.0034331155564431004,1,30mm,3.3992388
SubNetW8CleanAuxExDnRcK9Rr01QdEma,minbias,0,test,11.813267,12.48169231414795,0.056582617992835704,2,40mm,1.0444133
SubNetW8CleanAuxExDnRcK9Rr01QdEma,minbias,0,test,81.056786,75.63983154296875,-0.06682912481086944,0,15mm,2.1027966
SubNetW8CleanAuxExDnRcK9Rr01QdEma,minbias,0,test,84.17849,81.99260711669922,-0.025967234343803658,0,15mm,3.9563103
SubNetW8CleanAuxExDnRcK9Rr01QdEma,minbias,0,test,61.6794,59.822994232177734,-0.030097684534214908,0,15mm,2.3005133
SubNetW8CleanAuxExDnRcK9Rr01QdEma,minbias,0,test,22.814096,23.066247940063477,0.011052442502008875,3,60mm,2.7467575
SubNetW8CleanAuxExDnRcK9Rr01QdEma,minbias,0,test,73.51427,76.78865051269531,0.04454079024357638,0,15mm,2.0719154
SubNetW8CleanAuxExDnRcK9Rr01QdEma,minbias,0,test,12.58807,12.413010597229004,-0.013906764080103384,3,60mm,1.8608743
SubNetW8CleanAuxExDnRcK9Rr01QdEma,minbias,0,test,29.542593,30.684425354003906,0.0386503768167854,0,15mm,0.7666065
SubNetW8CleanAuxExDnRcK9Rr01QdEma,minbias,0,test,16.937115,16.373966217041016,-0.03324937617723389,3,60mm,2.7168415
SubNetW8CleanAuxExDnRcK9Rr01QdEma,minbias,0,test,53.395756,53.81386184692383,0.007830324210028827,1,30mm,3.5882273
SubNetW8CleanAuxExDnRcK9Rr01QdEma,minbias,0,test,17.446566,17.103641510009766,-0.019655680398818154,3,60mm,2.821731
SubNetW8CleanAuxExDnRcK9Rr01QdEma,minbias,0,test,24.736149,25.581642150878906,0.03418047499295618,2,40mm,4.0783935
SubNetW8CleanAuxExDnRcK9Rr01QdEma,minbias,0,test,7.374451,7.300755023956299,-0.009993440172204382,3,60mm,1.1192306
SubNetW8CleanAuxExDnRcK9Rr01QdEma,minbias,0,test,35.80624,35.38182830810547,-0.01185301145030071,3,60mm,3.6387322
SubNetW8CleanAuxExDnRcK9Rr01QdEma,minbias,0,test,43.949875,43.51324462890625,-0.009934732470483154,1,30mm,3.1157308
SubNetW8CleanAuxExDnRcK9Rr01QdEma,minbias,0,test,23.898033,28.304889678955078,0.18440247825683032,2,40mm,1.7408789
SubNetW8CleanAuxExDnRcK9Rr01QdEma,minbias,0,test,99.27568,95.69178009033203,-0.03610048737106586,0,15mm,4.635394
SubNetW8CleanAuxExDnRcK9Rr01QdEma,minbias,0,test,32.36472,31.63556671142578,-0.022529244596171893,2,40mm,2.2576985
SubNetW8CleanAuxExDnRcK9Rr01QdEma,minbias,0,test,29.807596,29.729005813598633,-0.0026365894291345837,2,40mm,2.1282408
SubNetW8CleanAuxExDnRcK9Rr01QdEma,minbias,0,test,33.852436,34.63771438598633,0.023197099280803934,2,40mm,3.3858342
SubNetW8CleanAuxExDnRcK9Rr01QdEma,minbias,0,test,21.722202,20.30817413330078,-0.06509598557867502,1,30mm,1.3753277
SubNetW8CleanAuxExDnRcK9Rr01QdEma,minbias,0,test,68.76572,68.18598937988281,-0.008430467999369862,1,30mm,4.1495495
SubNetW8CleanAuxExDnRcK9Rr01QdEma,minbias,0,test,59.354797,59.16862487792969,-0.0031366038403281005,0,15mm,1.8623242
SubNetW8CleanAuxExDnRcK9Rr01QdEma,minbias,0,test,48.593884,47.09994125366211,-0.030743421860888076,2,40mm,4.659584
SubNetW8CleanAuxExDnRcK9Rr01QdEma,minbias,0,test,23.778673,23.38604736328125,-0.016511678590132473,3,60mm,4.1799827
SubNetW8CleanAuxExDnRcK9Rr01QdEma,minbias,0,test,27.995602,26.509000778198242,-0.05310122976547238,2,40mm,2.16371
SubNetW8CleanAuxExDnRcK9Rr01QdEma,minbias,0,test,12.641472,12.800742149353027,0.012599030262356647,3,60mm,2.1948233
SubNetW8CleanAuxExDnRcK9Rr01QdEma,minbias,0,test,97.526405,94.7723617553711,-0.028238953026684444,1,30mm,3.8008804
SubNetW8CleanAuxExDnRcK9Rr01QdEma,minbias,0,test,36.817177,42.03704833984375,0.141778158240637,1,30mm,2.2594554
SubNetW8CleanAuxExDnRcK9Rr01QdEma,minbias,0,test,20.505346,20.1395206451416,-0.017840501094486205,3,60mm,3.780216
SubNetW8CleanAuxExDnRcK9Rr01QdEma,minbias,0,test,7.869422,7.7473297119140625,-0.015514766859188955,3,60mm,1.4574065
SubNetW8CleanAuxExDnRcK9Rr01QdEma,minbias,0,test,8.158738,8.462418556213379,0.03722149367327421,3,60mm,1.1984446
SubNetW8CleanAuxExDnRcK9Rr01QdEma,minbias,0,test,16.889606,17.041725158691406,0.009006644594059532,4,120mm,3.3759537
SubNetW8CleanAuxExDnRcK9Rr01QdEma,minbias,0,test,21.10917,20.598848342895508,-0.02417539622409648,3,60mm,3.2680144
SubNetW8CleanAuxExDnRcK9Rr01QdEma,minbias,0,test,25.956707,26.981019973754883,0.0394623621938468,1,30mm,1.8045235
SubNetW8CleanAuxExDnRcK9Rr01QdEma,minbias,0,test,15.529529,15.199930191040039,-0.021223981418200366,2,40mm,1.5023606
SubNetW8CleanAuxExDnRcK9Rr01QdEma,minbias,0,test,15.026868,16.421815872192383,0.09283025698153557,3,60mm,2.3268335
SubNetW8CleanAuxExDnRcK9Rr01QdEma,minbias,0,test,21.273548,20.96869659423828,-0.014330074615370725,2,40mm,3.4767246
SubNetW8CleanAuxExDnRcK9Rr01QdEma,minbias,0,test,30.994093,31.31048583984375,0.010208167703405602,3,60mm,4.798546
SubNetW8CleanAuxExDnRcK9Rr01QdEma,minbias,0,test,48.960148,48.86348342895508,-0.001974349199106884,1,30mm,3.5972884
SubNetW8CleanAuxExDnRcK9Rr01QdEma,minbias,0,test,35.7002,36.64926528930664,0.02658433805167082,3,60mm,4.323725
SubNetW8CleanAuxExDnRcK9Rr01QdEma,minbias,0,test,5.9508224,6.077957630157471,0.02136432063420357,3,60mm,1.066508
SubNetW8CleanAuxExDnRcK9Rr01QdEma,minbias,0,test,11.446867,10.820085525512695,-0.05475572173747867,4,120mm,2.4934697
SubNetW8CleanAuxExDnRcK9Rr01QdEma,minbias,0,test,28.53751,31.28647804260254,0.09632824070032941,2,40mm,3.9020813
SubNetW8CleanAuxExDnRcK9Rr01QdEma,minbias,0,test,24.610338,24.94304847717285,0.013519126119273084,3,60mm,3.8867145
SubNetW8CleanAuxExDnRcK9Rr01QdEma,minbias,0,test,20.398588,20.432920455932617,0.0016830711560407163,4,120mm,4.672446
SubNetW8CleanAuxExDnRcK9Rr01QdEma,minbias,0,test,16.285404,16.59918785095215,0.019267783695988028,2,40mm,1.8263502
SubNetW8CleanAuxExDnRcK9Rr01QdEma,minbias,0,test,7.6946974,7.126893043518066,-0.07379163968407909,2,40mm,0.6012038
SubNetW8CleanAuxExDnRcK9Rr01QdEma,minbias,0,test,10.13197,9.866458892822266,-0.02620531862293618,1,30mm,0.7361125
SubNetW8CleanAuxExDnRcK9Rr01QdEma,minbias,0,test,15.523243,15.271239280700684,-0.016233957720260705,1,30mm,0.71809256
SubNetW8CleanAuxExDnRcK9Rr01QdEma,minbias,0,test,31.87571,31.26833724975586,-0.01905439260241648,2,40mm,4.8597527
SubNetW8CleanAuxExDnRcK9Rr01QdEma,minbias,0,test,91.84608,78.21248626708984,-0.14843955396579744,0,15mm,4.6337724
SubNetW8CleanAuxExDnRcK9Rr01QdEma,minbias,0,test,24.305368,24.594228744506836,0.011884630424531473,2,40mm,2.5113266
SubNetW8CleanAuxExDnRcK9Rr01QdEma,minbias,0,test,9.102755,9.031949996948242,-0.007778370297110593,3,60mm,1.4991875
SubNetW8CleanAuxExDnRcK9Rr01QdEma,minbias,0,test,85.01642,86.56082153320312,0.018165939052730673,0,15mm,1.8501242
SubNetW8CleanAuxExDnRcK9Rr01QdEma,minbias,0,test,24.87642,22.661758422851562,-0.08902650492148378,0,15mm,1.1782968
SubNetW8CleanAuxExDnRcK9Rr01QdEma,minbias,0,test,23.603722,22.958038330078125,-0.027355147590962137,3,60mm,3.2310815
SubNetW8CleanAuxExDnRcK9Rr01QdEma,minbias,0,test,23.656717,23.602964401245117,-0.0022722044858261015,3,60mm,3.0707777
SubNetW8CleanAuxExDnRcK9Rr01QdEma,minbias,0,test,52.759476,51.44321060180664,-0.0249484114187547,2,40mm,3.7378862
SubNetW8CleanAuxExDnRcK9Rr01QdEma,minbias,0,test,34.12598,33.46951675415039,-0.019236476602017882,2,40mm,3.1603124
SubNetW8CleanAuxExDnRcK9Rr01QdEma,minbias,0,test,32.098335,31.856578826904297,-0.007531743849164996,3,60mm,4.595612
SubNetW8CleanAuxExDnRcK9Rr01QdEma,minbias,0,test,8.408497,8.314135551452637,-0.01122213718397791,4,120mm,1.7986119
SubNetW8CleanAuxExDnRcK9Rr01QdEma,minbias,0,test,99.819496,116.37889099121094,0.16589339231634614,0,15mm,2.6406448
SubNetW8CleanAuxExDnRcK9Rr01QdEma,minbias,0,test,61.034348,62.4620475769043,0.023391747440653532,1,30mm,3.9994774
SubNetW8CleanAuxExDnRcK9Rr01QdEma,minbias,0,test,11.200793,11.568258285522461,0.03280705308005194,3,60mm,2.6278977
SubNetW8CleanAuxExDnRcK9Rr01QdEma,minbias,0,test,13.309032,13.373486518859863,0.004842882378113478,3,60mm,2.240944
SubNetW8CleanAuxExDnRcK9Rr01QdEma,minbias,0,test,14.204931,14.756107330322266,0.03880174152984739,2,40mm,1.8122984
SubNetW8CleanAuxExDnRcK9Rr01QdEma,minbias,0,test,23.03749,22.845626831054688,-0.008328338140861091,2,40mm,4.274421
SubNetW8CleanAuxExDnRcK9Rr01QdEma,minbias,0,test,45.845306,46.66815948486328,0.01794846960477514,1,30mm,2.5053349
SubNetW8CleanAuxExDnRcK9Rr01QdEma,minbias,0,test,10.930177,13.825875282287598,0.26492696482307454,1,30mm,0.58434504
SubNetW8CleanAuxExDnRcK9Rr01QdEma,minbias,0,test,12.294002,11.851173400878906,-0.036019856964385366,3,60mm,2.180265
SubNetW8CleanAuxExDnRcK9Rr01QdEma,minbias,0,test,41.68185,40.57081604003906,-0.026655112039402407,3,60mm,4.145365
SubNetW8CleanAuxExDnRcK9Rr01QdEma,minbias,0,test,56.1908,55.71451950073242,-0.008476124469376622,1,30mm,3.1819983
SubNetW8CleanAuxExDnRcK9Rr01QdEma,minbias,0,test,3.1483586,3.002346992492676,-0.046377052386969875,3,60mm,0.65757763
SubNetW8CleanAuxExDnRcK9Rr01QdEma,minbias,0,test,17.753326,17.90177345275879,0.008361646334021478,2,40mm,2.2170894
SubNetW8CleanAuxExDnRcK9Rr01QdEma,minbias,0,test,5.0438433,4.963567733764648,-0.01591554917483995,3,60mm,0.8290832
SubNetW8CleanAuxExDnRcK9Rr01QdEma,minbias,0,test,22.448103,21.686933517456055,-0.03390796252376205,2,40mm,2.3626418
SubNetW8CleanAuxExDnRcK9Rr01QdEma,minbias,0,test,26.633759,26.477584838867188,-0.005863750164712078,3,60mm,3.3494163
SubNetW8CleanAuxExDnRcK9Rr01QdEma,minbias,0,test,55.72591,56.758934020996094,0.01853758567184083,0,15mm,1.9585385
SubNetW8CleanAuxExDnRcK9Rr01QdEma,minbias,0,test,36.406296,45.41719055175781,0.24750924484989656,1,30mm,1.6305315
SubNetW8CleanAuxExDnRcK9Rr01QdEma,minbias,0,test,18.07833,17.55708885192871,-0.028832323600630483,3,60mm,2.9147487
SubNetW8CleanAuxExDnRcK9Rr01QdEma,minbias,0,test,62.736546,71.64615631103516,0.14201627884309187,1,30mm,3.7432828
SubNetW8CleanAuxExDnRcK9Rr01QdEma,minbias,0,test,16.364382,16.202640533447266,-0.00988373766805617,3,60mm,3.583737
SubNetW8CleanAuxExDnRcK9Rr01QdEma,minbias,0,test,10.729609,12.947163581848145,0.2066762304225207,1,30mm,0.5285682
SubNetW8CleanAuxExDnRcK9Rr01QdEma,minbias,0,test,22.238672,21.2391414642334,-0.04494561459016699,2,40mm,1.906791
SubNetW8CleanAuxExDnRcK9Rr01QdEma,minbias,0,test,31.914297,32.56074142456055,0.020255633974156417,1,30mm,1.6658943
SubNetW8CleanAuxExDnRcK9Rr01QdEma,minbias,0,test,21.866442,21.082304000854492,-0.03586032586514343,4,120mm,4.7403917
SubNetW8CleanAuxExDnRcK9Rr01QdEma,minbias,0,test,21.76682,21.918798446655273,0.006982073298976266,3,60mm,4.4086165
SubNetW8CleanAuxExDnRcK9Rr01QdEma,minbias,0,test,4.142486,4.009932041168213,-0.0319986721033384,3,60mm,0.61488575
SubNetW8CleanAuxExDnRcK9Rr01QdEma,minbias,0,test,32.951107,32.7169189453125,-0.007107138453808726,2,40mm,3.2414846
SubNetW8CleanAuxExDnRcK9Rr01QdEma,minbias,0,test,86.92464,89.68512725830078,0.0317572844455547,0,15mm,1.7970935
SubNetW8CleanAuxExDnRcK9Rr01QdEma,minbias,0,test,25.420162,24.767484664916992,-0.025675585027813974,2,40mm,3.2646759
SubNetW8CleanAuxExDnRcK9Rr01QdEma,minbias,0,test,25.157013,24.916467666625977,-0.009561758123115882,3,60mm,3.7694757
SubNetW8CleanAuxExDnRcK9Rr01QdEma,minbias,0,test,11.164224,11.295167922973633,0.01172891692906286,3,60mm,2.415619
SubNetW8CleanAuxExDnRcK9Rr01QdEma,minbias,0,test,39.28828,39.608604431152344,0.00815316781800357,2,40mm,3.348536
SubNetW8CleanAuxExDnRcK9Rr01QdEma,minbias,0,test,76.086624,67.75218200683594,-0.10953886090061127,0,15mm,3.1852627
SubNetW8CleanAuxExDnRcK9Rr01QdEma,minbias,0,test,6.9782567,6.565402030944824,-0.05916301005878932,3,60mm,1.574382
SubNetW8CleanAuxExDnRcK9Rr01QdEma,minbias,0,test,7.899593,8.283513069152832,0.04859999733198883,3,60mm,1.4339778
SubNetW8CleanAuxExDnRcK9Rr01QdEma,minbias,0,test,28.854311,28.14265251159668,-0.024663852761729,3,60mm,3.7560885
SubNetW8CleanAuxExDnRcK9Rr01QdEma,minbias,0,test,61.044678,58.122501373291016,-0.047869469862701464,0,15mm,2.2376635
SubNetW8CleanAuxExDnRcK9Rr01QdEma,minbias,0,test,4.6477156,4.781162261962891,0.028712319300180145,3,60mm,0.73376715
SubNetW8CleanAuxExDnRcK9Rr01QdEma,minbias,0,test,21.584587,20.887914657592773,-0.032276384831406046,0,15mm,0.69074345
SubNetW8CleanAuxExDnRcK9Rr01QdEma,minbias,0,test,44.14581,44.88051223754883,0.01664264576227259,1,30mm,4.207872
SubNetW8CleanAuxExDnRcK9Rr01QdEma,minbias,0,test,77.20384,74.953857421875,-0.029143429629552076,0,15mm,3.171857
SubNetW8CleanAuxExDnRcK9Rr01QdEma,minbias,0,test,7.840287,12.41132640838623,0.5830193560817682,3,60mm,1.472925
SubNetW8CleanAuxExDnRcK9Rr01QdEma,minbias,0,test,2.7876644,3.0382556915283203,0.08989291424997892,4,120mm,0.58506274
SubNetW8CleanAuxExDnRcK9Rr01QdEma,minbias,0,test,17.497717,17.606685638427734,0.006227597311181388,3,60mm,3.0954552
SubNetW8CleanAuxExDnRcK9Rr01QdEma,minbias,0,test,40.572697,36.860511779785156,-0.0914946555008237,0,15mm,0.9077856
SubNetW8CleanAuxExDnRcK9Rr01QdEma,minbias,0,test,4.8667054,4.624322414398193,-0.04980433012375496,3,60mm,0.84690565
SubNetW8CleanAuxExDnRcK9Rr01QdEma,minbias,0,test,22.027863,21.3822078704834,-0.02931081837438987,3,60mm,4.1881886
SubNetW8CleanAuxExDnRcK9Rr01QdEma,minbias,0,test,59.152187,60.9075927734375,0.029676086460092455,1,30mm,2.5916421
SubNetW8CleanAuxExDnRcK9Rr01QdEma,minbias,0,test,8.664779,8.072535514831543,-0.06835064280831404,2,40mm,0.927638
SubNetW8CleanAuxExDnRcK9Rr01QdEma,minbias,0,test,21.689896,21.446653366088867,-0.011214542842650776,3,60mm,4.2794333
SubNetW8CleanAuxExDnRcK9Rr01QdEma,minbias,0,test,15.903264,15.358471870422363,-0.03425662642127525,3,60mm,2.508084
SubNetW8CleanAuxExDnRcK9Rr01QdEma,minbias,0,test,4.423218,4.132669448852539,-0.06568709465985922,3,60mm,0.79840165
SubNetW8CleanAuxExDnRcK9Rr01QdEma,minbias,0,test,6.110265,7.197720527648926,0.17797195195250493,4,120mm,1.3227563
SubNetW8CleanAuxExDnRcK9Rr01QdEma,minbias,0,test,26.824375,26.844270706176758,0.0007416968140243618,2,40mm,2.2062762
SubNetW8CleanAuxExDnRcK9Rr01QdEma,minbias,0,test,20.490316,20.022865295410156,-0.022813268797868602,1,30mm,1.860183
SubNetW8CleanAuxExDnRcK9Rr01QdEma,minbias,0,test,3.7054038,3.387281656265259,-0.08585357096667712,3,60mm,0.81002474
SubNetW8CleanAuxExDnRcK9Rr01QdEma,minbias,0,test,89.226746,91.57710266113281,0.02634139617796394,0,15mm,2.3182154
SubNetW8CleanAuxExDnRcK9Rr01QdEma,minbias,0,test,4.0714245,4.2593889236450195,0.046166750757402175,3,60mm,0.7510183
SubNetW8CleanAuxExDnRcK9Rr01QdEma,minbias,0,test,23.596668,23.23191261291504,-0.015457929345387922,3,60mm,4.890379
SubNetW8CleanAuxExDnRcK9Rr01QdEma,minbias,0,test,29.146376,30.57634925842285,0.049061798254640854,0,15mm,0.6855035
SubNetW8CleanAuxExDnRcK9Rr01QdEma,minbias,0,test,30.56807,30.184049606323242,-0.012562777384816814,3,60mm,4.3149695
SubNetW8CleanAuxExDnRcK9Rr01QdEma,minbias,0,test,29.688454,29.480281829833984,-0.007011878987234432,2,40mm,3.9420378
SubNetW8CleanAuxExDnRcK9Rr01QdEma,minbias,0,test,27.104464,27.304439544677734,0.007377971780814896,1,30mm,1.711693
SubNetW8CleanAuxExDnRcK9Rr01QdEma,minbias,0,test,39.818924,38.3488655090332,-0.03691858783026958,2,40mm,4.9353757
SubNetW8CleanAuxExDnRcK9Rr01QdEma,minbias,0,test,23.267109,21.455507278442383,-0.07786105464318804,2,40mm,2.321554
SubNetW8CleanAuxExDnRcK9Rr01QdEma,minbias,0,test,33.47097,33.600791931152344,0.0038786380181745628,2,40mm,3.5975006
SubNetW8CleanAuxExDnRcK9Rr01QdEma,minbias,0,test,54.836193,59.18555450439453,0.07931552456528812,0,15mm,2.7304695
SubNetW8CleanAuxExDnRcK9Rr01QdEma,minbias,0,test,10.386075,9.911837577819824,-0.045660891252070956,2,40mm,1.6715679
SubNetW8CleanAuxExDnRcK9Rr01QdEma,minbias,0,test,23.832579,23.900083541870117,0.002832462394363855,2,40mm,2.1274111
SubNetW8CleanAuxExDnRcK9Rr01QdEma,minbias,0,test,19.249216,18.854352951049805,-0.020513205682089253,3,60mm,4.060482
SubNetW8CleanAuxExDnRcK9Rr01QdEma,minbias,0,test,91.859024,92.01600646972656,0.0017089493765274355,1,30mm,4.831662
SubNetW8CleanAuxExDnRcK9Rr01QdEma,minbias,0,test,15.032153,14.574982643127441,-0.03041284122835708,4,120mm,3.296456
SubNetW8CleanAuxExDnRcK9Rr01QdEma,minbias,0,test,47.43506,47.17051315307617,-0.00557700250651072,0,15mm,2.1720505
SubNetW8CleanAuxExDnRcK9Rr01QdEma,minbias,0,test,75.213326,72.94725799560547,-0.03012853759362233,1,30mm,3.6934886
SubNetW8CleanAuxExDnRcK9Rr01QdEma,minbias,0,test,46.30591,46.43954849243164,0.0028860310593719074,1,30mm,3.6144075
SubNetW8CleanAuxExDnRcK9Rr01QdEma,minbias,0,test,69.47571,67.38343048095703,-0.03011523864744481,2,40mm,4.778536
SubNetW8CleanAuxExDnRcK9Rr01QdEma,minbias,0,test,8.895,8.292398452758789,-0.0677461465984438,3,60mm,1.7026103
SubNetW8CleanAuxExDnRcK9Rr01QdEma,minbias,0,test,71.96315,68.5615005493164,-0.04726932428532682,0,15mm,2.180597
SubNetW8CleanAuxExDnRcK9Rr01QdEma,minbias,0,test,29.430136,30.520601272583008,0.037052684900005906,3,60mm,4.5457706
SubNetW8CleanAuxExDnRcK9Rr01QdEma,minbias,0,test,18.944765,20.01997184753418,0.05675482126225262,2,40mm,1.8847524
SubNetW8CleanAuxExDnRcK9Rr01QdEma,minbias,0,test,33.68224,32.92909622192383,-0.022360250416864957,1,30mm,2.523368
SubNetW8CleanAuxExDnRcK9Rr01QdEma,minbias,0,test,44.006516,41.164127349853516,-0.06459016626496916,0,15mm,1.4761788
SubNetW8CleanAuxExDnRcK9Rr01QdEma,minbias,0,test,31.464384,30.45409393310547,-0.03210900754764723,2,40mm,2.9024587
SubNetW8CleanAuxExDnRcK9Rr01QdEma,minbias,0,test,59.44588,57.843528747558594,-0.02695480525054228,1,30mm,3.3278904
SubNetW8CleanAuxExDnRcK9Rr01QdEma,minbias,0,test,8.502518,10.46480941772461,0.23078948926906917,3,60mm,1.2355754
SubNetW8CleanAuxExDnRcK9Rr01QdEma,minbias,0,test,24.78463,24.539064407348633,-0.009907971843619912,2,40mm,2.1372802
SubNetW8CleanAuxExDnRcK9Rr01QdEma,minbias,0,test,25.310553,23.47994613647461,-0.07232581957870599,1,30mm,1.4763432
SubNetW8CleanAuxExDnRcK9Rr01QdEma,minbias,0,test,11.311084,10.185195922851562,-0.09953846079909912,2,40mm,1.0727012
SubNetW8CleanAuxExDnRcK9Rr01QdEma,minbias,0,test,44.936058,54.55133056640625,0.21397676922316822,0,15mm,1.2099649
SubNetW8CleanAuxExDnRcK9Rr01QdEma,minbias,0,test,21.079119,22.388723373413086,0.06212805486010131,1,30mm,1.2679192
SubNetW8CleanAuxExDnRcK9Rr01QdEma,minbias,0,test,65.23111,71.4850845336914,0.09587411514330113,1,30mm,2.8520923
SubNetW8CleanAuxExDnRcK9Rr01QdEma,minbias,0,test,30.642157,30.424571990966797,-0.007100825598502114,2,40mm,3.2848337
SubNetW8CleanAuxExDnRcK9Rr01QdEma,minbias,0,test,30.673117,30.385164260864258,-0.009387778427038196,3,60mm,4.3951087
SubNetW8CleanAuxExDnRcK9Rr01QdEma,minbias,0,test,78.504166,79.06816101074219,0.007184273046692002,1,30mm,4.817941
SubNetW8CleanAuxExDnRcK9Rr01QdEma,minbias,0,test,5.899467,5.786162853240967,-0.019205826280288107,3,60mm,1.2590137
SubNetW8CleanAuxExDnRcK9Rr01QdEma,minbias,0,test,21.431946,21.7453670501709,0.014624022116471735,3,60mm,2.455075
SubNetW8CleanAuxExDnRcK9Rr01QdEma,minbias,0,test,39.75707,39.557098388671875,-0.005029803560269275,2,40mm,3.6749291
SubNetW8CleanAuxExDnRcK9Rr01QdEma,minbias,0,test,20.955809,20.68548583984375,-0.012899659675873365,3,60mm,3.8855937
SubNetW8CleanAuxExDnRcK9Rr01QdEma,minbias,0,test,70.5965,68.51924133300781,-0.029424339019567647,1,30mm,4.6514544
SubNetW8CleanAuxExDnRcK9Rr01QdEma,minbias,0,test,37.72624,38.03256607055664,0.008119755216206004,2,40mm,2.6725252
SubNetW8CleanAuxExDnRcK9Rr01QdEma,minbias,0,test,10.010249,9.842370986938477,-0.016770626647512388,2,40mm,0.87574315
SubNetW8CleanAuxExDnRcK9Rr01QdEma,minbias,0,test,48.06463,46.96449661254883,-0.022888598550427686,1,30mm,2.7547948
SubNetW8CleanAuxExDnRcK9Rr01QdEma,minbias,0,test,32.078224,31.91704750061035,-0.005024488905727709,2,40mm,3.6677554
SubNetW8CleanAuxExDnRcK9Rr01QdEma,minbias,0,test,7.451692,6.9439005851745605,-0.06814445793718715,2,40mm,1.0568976
SubNetW8CleanAuxExDnRcK9Rr01QdEma,minbias,0,test,21.541107,22.19009780883789,0.030128007151569935,1,30mm,2.2521577
SubNetW8CleanAuxExDnRcK9Rr01QdEma,minbias,0,test,67.14828,68.46376037597656,0.019590719918593402,1,30mm,3.0991435
SubNetW8CleanAuxExDnRcK9Rr01QdEma,minbias,0,test,29.712303,29.98869514465332,0.009302273927698668,3,60mm,4.406605
SubNetW8CleanAuxExDnRcK9Rr01QdEma,minbias,0,test,23.498478,23.23541259765625,-0.011194994793006785,4,120mm,4.9679728
SubNetW8CleanAuxExDnRcK9Rr01QdEma,minbias,0,test,26.15512,25.711397171020508,-0.01696507850758011,3,60mm,3.7559044
SubNetW8CleanAuxExDnRcK9Rr01QdEma,minbias,0,test,24.891783,25.39043617248535,0.02003285247427611,2,40mm,2.7709646
SubNetW8CleanAuxExDnRcK9Rr01QdEma,minbias,0,test,37.96848,38.14924621582031,0.0047609770878920266,1,30mm,1.765484
SubNetW8CleanAuxExDnRcK9Rr01QdEma,minbias,0,test,3.855092,3.597505569458008,-0.06681720590239804,2,40mm,0.5966593
SubNetW8CleanAuxExDnRcK9Rr01QdEma,minbias,0,test,76.7947,83.84232330322266,0.09177225281862489,0,15mm,2.4728925
SubNetW8CleanAuxExDnRcK9Rr01QdEma,minbias,0,test,37.039215,37.72140884399414,0.01841814829187749,2,40mm,4.9706497
SubNetW8CleanAuxExDnRcK9Rr01QdEma,minbias,0,test,49.173893,47.543846130371094,-0.03314862309795141,2,40mm,3.4456534
SubNetW8CleanAuxExDnRcK9Rr01QdEma,minbias,0,test,61.90865,63.03860855102539,0.01825203936094333,2,40mm,4.865761
SubNetW8CleanAuxExDnRcK9Rr01QdEma,minbias,0,test,17.115463,18.001873016357422,0.051789995176873216,2,40mm,1.8967137
SubNetW8CleanAuxExDnRcK9Rr01QdEma,minbias,0,test,23.732552,23.50885581970215,-0.009425693411039937,2,40mm,3.1190097
SubNetW8CleanAuxExDnRcK9Rr01QdEma,minbias,0,test,60.125214,75.71442413330078,0.2592790872726036,1,30mm,2.5978436
SubNetW8CleanAuxExDnRcK9Rr01QdEma,minbias,0,test,74.872055,87.9986572265625,0.17532044717398154,1,30mm,4.507614
SubNetW8CleanAuxExDnRcK9Rr01QdEma,minbias,0,test,17.42952,16.4799861907959,-0.05447846420389035,2,40mm,2.1650894
SubNetW8CleanAuxExDnRcK9Rr01QdEma,minbias,0,test,17.014904,16.332326889038086,-0.04011642571050955,2,40mm,1.5291812
SubNetW8CleanAuxExDnRcK9Rr01QdEma,minbias,0,test,32.12751,31.497560501098633,-0.019607793081813707,3,60mm,3.6296215
SubNetW8CleanAuxExDnRcK9Rr01QdEma,minbias,0,test,40.28049,41.221012115478516,0.0233492993704405,2,40mm,2.9970577
SubNetW8CleanAuxExDnRcK9Rr01QdEma,minbias,0,test,70.76734,74.95270538330078,0.059142588573892096,1,30mm,3.669521
SubNetW8CleanAuxExDnRcK9Rr01QdEma,minbias,0,test,50.07631,50.11421203613281,0.0007569014696504617,2,40mm,4.7607083
SubNetW8CleanAuxExDnRcK9Rr01QdEma,minbias,0,test,52.60574,74.71127319335938,0.42021144024714796,0,15mm,1.4657907
SubNetW8CleanAuxExDnRcK9Rr01QdEma,minbias,0,test,28.181335,31.008026123046875,0.10030364525917057,3,60mm,3.6453893
SubNetW8CleanAuxExDnRcK9Rr01QdEma,minbias,0,test,10.944429,10.634255409240723,-0.028340809472514383,4,120mm,2.2355204
SubNetW8CleanAuxExDnRcK9Rr01QdEma,minbias,0,test,12.455505,13.27295970916748,0.06562996150849454,3,60mm,1.7743583
SubNetW8CleanAuxExDnRcK9Rr01QdEma,minbias,0,test,16.64684,15.763383865356445,-0.05307045193153137,3,60mm,2.5897934
SubNetW8CleanAuxExDnRcK9Rr01QdEma,minbias,0,test,23.993927,23.620939254760742,-0.015545089687153846,3,60mm,3.1520245
SubNetW8CleanAuxExDnRcK9Rr01QdEma,minbias,0,test,72.68747,70.65330505371094,-0.027985076976752676,1,30mm,4.0686417
SubNetW8CleanAuxExDnRcK9Rr01QdEma,minbias,0,test,8.640004,7.392190456390381,-0.14442281262924683,3,60mm,1.4437368
SubNetW8CleanAuxExDnRcK9Rr01QdEma,minbias,0,test,14.920423,14.77481746673584,-0.009758777725841328,3,60mm,3.0186963
SubNetW8CleanAuxExDnRcK9Rr01QdEma,minbias,0,test,23.027657,22.99123764038086,-0.001581529353960054,3,60mm,4.4803834
SubNetW8CleanAuxExDnRcK9Rr01QdEma,minbias,0,test,15.534754,17.360488891601562,0.11752584661039678,2,40mm,1.3006812
SubNetW8CleanAuxExDnRcK9Rr01QdEma,minbias,0,test,21.500513,20.991056442260742,-0.02369509195906727,3,60mm,3.6155007
SubNetW8CleanAuxExDnRcK9Rr01QdEma,minbias,0,test,94.846436,88.0679702758789,-0.07146779140314707,0,15mm,2.0305517
SubNetW8CleanAuxExDnRcK9Rr01QdEma,minbias,0,test,5.930104,5.7454071044921875,-0.031145605749092087,4,120mm,1.3369979
SubNetW8CleanAuxExDnRcK9Rr01QdEma,minbias,0,test,18.870651,18.035614013671875,-0.044250578350409575,3,60mm,3.7658615
SubNetW8CleanAuxExDnRcK9Rr01QdEma,minbias,0,test,67.92679,69.20491790771484,0.018816281603450502,0,15mm,2.2949684
SubNetW8CleanAuxExDnRcK9Rr01QdEma,minbias,0,test,23.002493,22.279203414916992,-0.03144396099778679,3,60mm,3.5602317
SubNetW8CleanAuxExDnRcK9Rr01QdEma,minbias,0,test,74.62229,77.79126739501953,0.04246687904672908,1,30mm,4.461611
SubNetW8CleanAuxExDnRcK9Rr01QdEma,minbias,0,test,87.58294,86.07962036132812,-0.017164516300162247,1,30mm,4.901705
SubNetW8CleanAuxExDnRcK9Rr01QdEma,minbias,0,test,11.388862,11.579326629638672,0.016723793755647476,4,120mm,2.3227534
SubNetW8CleanAuxExDnRcK9Rr01QdEma,minbias,0,test,22.19674,21.943342208862305,-0.011415955545030165,3,60mm,2.7970097
SubNetW8CleanAuxExDnRcK9Rr01QdEma,minbias,0,test,30.651623,29.86661148071289,-0.025610757947062246,3,60mm,4.3996153
SubNetW8CleanAuxExDnRcK9Rr01QdEma,minbias,0,test,46.034225,45.296409606933594,-0.016027550143375646,1,30mm,2.415365
SubNetW8CleanAuxExDnRcK9Rr01QdEma,minbias,0,test,22.032637,22.932254791259766,0.04083116167178025,2,40mm,2.3922188
SubNetW8CleanAuxExDnRcK9Rr01QdEma,minbias,0,test,83.99069,80.51345825195312,-0.04140022897986961,0,15mm,1.9381037
SubNetW8CleanAuxExDnRcK9Rr01QdEma,minbias,0,test,79.79355,79.7770767211914,-0.0002064310095900579,1,30mm,4.0182357
SubNetW8CleanAuxExDnRcK9Rr01QdEma,minbias,0,test,78.50325,60.023895263671875,-0.2353960483121854,1,30mm,4.76376
SubNetW8CleanAuxExDnRcK9Rr01QdEma,minbias,0,test,31.786724,38.458343505859375,0.20988697659665845,2,40mm,3.7170076
SubNetW8CleanAuxExDnRcK9Rr01QdEma,minbias,0,test,25.359364,21.226383209228516,-0.16297650126620744,0,15mm,0.66143626
SubNetW8CleanAuxExDnRcK9Rr01QdEma,minbias,0,test,57.76922,58.79182052612305,0.017701504517938504,1,30mm,3.00341
SubNetW8CleanAuxExDnRcK9Rr01QdEma,minbias,0,test,39.632736,36.144691467285156,-0.0880091831317128,1,30mm,1.8587039
SubNetW8CleanAuxExDnRcK9Rr01QdEma,minbias,0,test,34.00487,34.28371810913086,0.00820019983906528,3,60mm,3.7051687
SubNetW8CleanAuxExDnRcK9Rr01QdEma,minbias,0,test,14.025588,12.866172790527344,-0.0826642877371464,3,60mm,1.6829091
SubNetW8CleanAuxExDnRcK9Rr01QdEma,minbias,0,test,17.151543,16.300222396850586,-0.04963520095085283,2,40mm,1.6932515
SubNetW8CleanAuxExDnRcK9Rr01QdEma,minbias,0,test,13.636599,13.456075668334961,-0.013238119282383831,3,60mm,2.0041957
SubNetW8CleanAuxExDnRcK9Rr01QdEma,minbias,0,test,50.93239,49.64847946166992,-0.025208102087986295,1,30mm,4.0791163
SubNetW8CleanAuxExDnRcK9Rr01QdEma,minbias,0,test,4.691832,4.462161540985107,-0.0489511392110461,3,60mm,0.6218957
SubNetW8CleanAuxExDnRcK9Rr01QdEma,minbias,0,test,23.273724,24.32269287109375,0.045070968733829764,3,60mm,3.492675
SubNetW8CleanAuxExDnRcK9Rr01QdEma,minbias,0,test,99.64084,94.3924789428711,-0.052672777073173305,0,15mm,3.3946326
SubNetW8CleanAuxExDnRcK9Rr01QdEma,minbias,0,test,39.21426,38.124698638916016,-0.027784827753659758,3,60mm,4.9790335
SubNetW8CleanAuxExDnRcK9Rr01QdEma,minbias,0,test,21.28286,20.918405532836914,-0.017124309082312217,3,60mm,3.8527982
SubNetW8CleanAuxExDnRcK9Rr01QdEma,minbias,0,test,20.808275,20.606367111206055,-0.009703260333237096,3,60mm,4.794223
SubNetW8CleanAuxExDnRcK9Rr01QdEma,minbias,0,test,7.030387,6.705498695373535,-0.04621199840746515,3,60mm,1.5477676
SubNetW8CleanAuxExDnRcK9Rr01QdEma,minbias,0,test,29.134365,28.997251510620117,-0.004706248815859904,3,60mm,3.6198752
SubNetW8CleanAuxExDnRcK9Rr01QdEma,minbias,0,test,50.43963,49.83634567260742,-0.011960495055150955,0,15mm,1.5858784
SubNetW8CleanAuxExDnRcK9Rr01QdEma,minbias,0,test,37.388336,38.30105972290039,0.024411986048952672,2,40mm,2.968592
SubNetW8CleanAuxExDnRcK9Rr01QdEma,minbias,0,test,8.20116,9.030349731445312,0.10110633824599913,2,40mm,0.96249545
SubNetW8CleanAuxExDnRcK9Rr01QdEma,minbias,0,test,21.531464,20.49251365661621,-0.048252640165092675,2,40mm,1.4217495
SubNetW8CleanAuxExDnRcK9Rr01QdEma,minbias,0,test,18.633507,18.951908111572266,0.017087569211544196,3,60mm,4.3644533
SubNetW8CleanAuxExDnRcK9Rr01QdEma,minbias,0,test,9.81848,9.33237075805664,-0.049509578140653154,1,30mm,0.89185977
SubNetW8CleanAuxExDnRcK9Rr01QdEma,minbias,0,test,18.43365,18.470762252807617,0.002013339278088777,3,60mm,3.1011286
SubNetW8CleanAuxExDnRcK9Rr01QdEma,minbias,0,test,15.477254,17.69513702392578,0.14329952344178287,3,60mm,3.1227632
SubNetW8CleanAuxExDnRcK9Rr01QdEma,minbias,0,test,16.888504,16.9409122467041,0.003103188908615273,3,60mm,3.7892933
SubNetW8CleanAuxExDnRcK9Rr01QdEma,minbias,0,test,5.1797037,5.331778526306152,0.02935975150023573,3,60mm,1.0117861
SubNetW8CleanAuxExDnRcK9Rr01QdEma,minbias,0,test,11.906789,10.963802337646484,-0.07919738076516836,3,60mm,2.4579508
SubNetW8CleanAuxExDnRcK9Rr01QdEma,minbias,0,test,4.6004057,4.772119522094727,0.03732580135264696,2,40mm,0.7612418
SubNetW8CleanAuxExDnRcK9Rr01QdEma,minbias,0,test,21.594845,21.332275390625,-0.012158893925923175,3,60mm,3.5882516
SubNetW8CleanAuxExDnRcK9Rr01QdEma,minbias,0,test,35.57604,34.51048278808594,-0.029951496052185056,2,40mm,3.7807546
SubNetW8CleanAuxExDnRcK9Rr01QdEma,minbias,0,test,54.45831,52.414005279541016,-0.037538879283358195,0,15mm,1.6292859
SubNetW8CleanAuxExDnRcK9Rr01QdEma,minbias,0,test,3.2692056,2.7795968055725098,-0.14976383532080784,3,60mm,0.61042255
SubNetW8CleanAuxExDnRcK9Rr01QdEma,minbias,0,test,14.38859,14.32872200012207,-0.00416078708708445,3,60mm,2.3518493
SubNetW8CleanAuxExDnRcK9Rr01QdEma,minbias,0,test,48.722027,47.37343978881836,-0.02767920638806809,2,40mm,4.3159037
SubNetW8CleanAuxExDnRcK9Rr01QdEma,minbias,0,test,38.533825,35.638675689697266,-0.07513267205937868,0,15mm,1.3694389
SubNetW8CleanAuxExDnRcK9Rr01QdEma,minbias,0,test,35.722744,35.29422378540039,-0.011995724706372557,2,40mm,3.9672487
SubNetW8CleanAuxExDnRcK9Rr01QdEma,minbias,0,test,7.204386,7.304094314575195,0.013839913220819344,2,40mm,0.6802329
SubNetW8CleanAuxExDnRcK9Rr01QdEma,minbias,0,test,29.565016,30.37371253967285,0.027353164716449774,1,30mm,2.3647988
SubNetW8CleanAuxExDnRcK9Rr01QdEma,minbias,0,test,12.224799,8.594646453857422,-0.2969498848980051,1,30mm,1.155618
SubNetW8CleanAuxExDnRcK9Rr01QdEma,minbias,0,test,63.000484,61.8192138671875,-0.018750182786171687,1,30mm,3.5328493
SubNetW8CleanAuxExDnRcK9Rr01QdEma,minbias,0,test,39.33436,37.31188201904297,-0.05141754659418152,3,60mm,4.761804
SubNetW8CleanAuxExDnRcK9Rr01QdEma,minbias,0,test,8.030619,7.634061336517334,-0.0493806700951962,1,30mm,0.5747143
SubNetW8CleanAuxExDnRcK9Rr01QdEma,minbias,0,test,35.29408,35.02116394042969,-0.007732596955231208,3,60mm,4.5552306
SubNetW8CleanAuxExDnRcK9Rr01QdEma,minbias,0,test,21.229404,20.983692169189453,-0.011574148528676886,3,60mm,2.147533
SubNetW8CleanAuxExDnRcK9Rr01QdEma,minbias,0,test,23.386335,23.13521957397461,-0.010737714778559115,3,60mm,3.7595897
SubNetW8CleanAuxExDnRcK9Rr01QdEma,minbias,0,test,16.834068,16.870317459106445,0.002153321474297254,2,40mm,1.4919126
SubNetW8CleanAuxExDnRcK9Rr01QdEma,minbias,0,test,21.499823,28.338651657104492,0.31808769600054076,1,30mm,0.9272365
SubNetW8CleanAuxExDnRcK9Rr01QdEma,minbias,0,test,20.05456,20.037324905395508,-0.0008593956934156433,1,30mm,1.0597703
SubNetW8CleanAuxExDnRcK9Rr01QdEma,minbias,0,test,26.914852,25.486921310424805,-0.053053638353940946,2,40mm,2.0108662
SubNetW8CleanAuxExDnRcK9Rr01QdEma,minbias,0,test,82.220955,83.21691131591797,0.012113170203022827,1,30mm,4.2400312
SubNetW8CleanAuxExDnRcK9Rr01QdEma,minbias,0,test,25.455284,24.97808265686035,-0.01874665627645944,3,60mm,2.528683
SubNetW8CleanAuxExDnRcK9Rr01QdEma,minbias,0,test,29.510643,28.692787170410156,-0.02771392798225658,1,30mm,1.698396
SubNetW8CleanAuxExDnRcK9Rr01QdEma,minbias,0,test,30.387384,31.625690460205078,0.04075066246683279,0,15mm,0.8128255
SubNetW8CleanAuxExDnRcK9Rr01QdEma,minbias,0,test,5.0564523,5.015625,-0.00807429243025537,2,40mm,0.67030954
SubNetW8CleanAuxExDnRcK9Rr01QdEma,minbias,0,test,9.549605,10.441612243652344,0.09340772100667838,3,60mm,1.9011278
SubNetW8CleanAuxExDnRcK9Rr01QdEma,minbias,0,test,18.5321,18.606340408325195,0.004006007312767013,4,120mm,3.8994486
SubNetW8CleanAuxExDnRcK9Rr01QdEma,minbias,0,test,10.685938,10.134530067443848,-0.05160125579450203,1,30mm,0.64133257
SubNetW8CleanAuxExDnRcK9Rr01QdEma,minbias,0,test,9.08431,8.873374938964844,-0.023219666521408833,3,60mm,1.3298004
SubNetW8CleanAuxExDnRcK9Rr01QdEma,minbias,0,test,21.325672,20.37003517150879,-0.04481157599361907,1,30mm,1.0407022
SubNetW8CleanAuxExDnRcK9Rr01QdEma,minbias,0,test,50.778004,51.001625061035156,0.004403902322782205,0,15mm,2.0180795
SubNetW8CleanAuxExDnRcK9Rr01QdEma,minbias,0,test,30.395021,33.13569641113281,0.0901685487562709,2,40mm,2.471004
SubNetW8CleanAuxExDnRcK9Rr01QdEma,minbias,0,test,53.868607,57.41071319580078,0.06575456196341811,1,30mm,3.6590471
SubNetW8CleanAuxExDnRcK9Rr01QdEma,minbias,0,test,21.117811,20.198331832885742,-0.043540467394009075,3,60mm,3.806307
SubNetW8CleanAuxExDnRcK9Rr01QdEma,minbias,0,test,54.311546,53.80021286010742,-0.009414820607572483,2,40mm,4.723768
SubNetW8CleanAuxExDnRcK9Rr01QdEma,minbias,0,test,86.04625,86.13603973388672,0.0010435125862566785,0,15mm,2.0841262
SubNetW8CleanAuxExDnRcK9Rr01QdEma,minbias,0,test,18.690823,18.982648849487305,0.015613344280971386,3,60mm,3.559872
SubNetW8CleanAuxExDnRcK9Rr01QdEma,minbias,0,test,86.103905,96.31546020507812,0.11859573051506889,0,15mm,2.4238641
SubNetW8CleanAuxExDnRcK9Rr01QdEma,minbias,0,test,14.917183,14.609024047851562,-0.020657980539324106,3,60mm,2.8965518
SubNetW8CleanAuxExDnRcK9Rr01QdEma,minbias,0,test,6.9405622,6.670987606048584,-0.038840461700368034,2,40mm,0.578092
SubNetW8CleanAuxExDnRcK9Rr01QdEma,minbias,0,test,18.491714,18.106863021850586,-0.020812102423273693,4,120mm,4.3420506
SubNetW8CleanAuxExDnRcK9Rr01QdEma,minbias,0,test,13.040033,12.93215274810791,-0.008273030407944804,3,60mm,2.210867
SubNetW8CleanAuxExDnRcK9Rr01QdEma,minbias,0,test,13.48009,9.858477592468262,-0.268663822783594,2,40mm,2.6714683
SubNetW8CleanAuxExDnRcK9Rr01QdEma,minbias,0,test,60.21742,59.77366256713867,-0.007369231583018387,2,40mm,4.5038915
SubNetW8CleanAuxExDnRcK9Rr01QdEma,minbias,0,test,29.14908,27.916427612304688,-0.04228787503730569,2,40mm,3.6008909
SubNetW8CleanAuxExDnRcK9Rr01QdEma,minbias,0,test,43.55544,43.591556549072266,0.0008292317686151573,2,40mm,4.5607243
SubNetW8CleanAuxExDnRcK9Rr01QdEma,minbias,0,test,65.40252,63.58751678466797,-0.027751261922073778,2,40mm,4.139425
SubNetW8CleanAuxExDnRcK9Rr01QdEma,minbias,0,test,45.20024,43.53687286376953,-0.036799985686521985,2,40mm,3.667476
SubNetW8CleanAuxExDnRcK9Rr01QdEma,minbias,0,test,25.416166,26.126401901245117,0.027944245688550584,2,40mm,2.7366936
SubNetW8CleanAuxExDnRcK9Rr01QdEma,minbias,0,test,15.061929,15.137833595275879,0.005039517013783579,3,60mm,2.3276758
SubNetW8CleanAuxExDnRcK9Rr01QdEma,minbias,0,test,12.923538,10.083005905151367,-0.21979524934559846,2,40mm,1.5106105
SubNetW8CleanAuxExDnRcK9Rr01QdEma,minbias,0,test,20.837156,18.749666213989258,-0.10018114046638105,2,40mm,1.5648751
SubNetW8CleanAuxExDnRcK9Rr01QdEma,minbias,0,test,75.760345,72.30796813964844,-0.045569714583799104,2,40mm,4.66522
SubNetW8CleanAuxExDnRcK9Rr01QdEma,minbias,0,test,10.233876,10.043039321899414,-0.018647568348029497,1,30mm,0.74569976
SubNetW8CleanAuxExDnRcK9Rr01QdEma,minbias,0,test,11.114807,10.916665077209473,-0.01782685469921197,3,60mm,2.2327292
SubNetW8CleanAuxExDnRcK9Rr01QdEma,minbias,0,test,8.757163,8.623320579528809,-0.015283770272552788,1,30mm,0.7914212
SubNetW8CleanAuxExDnRcK9Rr01QdEma,minbias,0,test,72.19158,69.79431915283203,-0.03320695454960976,1,30mm,4.962592
SubNetW8CleanAuxExDnRcK9Rr01QdEma,minbias,0,test,5.137097,6.7737603187561035,0.3185969574891494,4,120mm,1.0356071
SubNetW8CleanAuxExDnRcK9Rr01QdEma,minbias,0,test,42.111877,43.46347427368164,0.03209538292744085,2,40mm,2.7656186
SubNetW8CleanAuxExDnRcK9Rr01QdEma,minbias,0,test,80.86824,94.55209350585938,0.16921170893665227,0,15mm,1.7409682
SubNetW8CleanAuxExDnRcK9Rr01QdEma,minbias,0,test,47.93155,47.868682861328125,-0.0013115831254006949,1,30mm,2.6746426
SubNetW8CleanAuxExDnRcK9Rr01QdEma,minbias,0,test,29.207006,28.680368423461914,-0.018031222468035568,1,30mm,1.437192
SubNetW8CleanAuxExDnRcK9Rr01QdEma,minbias,0,test,17.778797,19.544944763183594,0.09934010713201391,2,40mm,1.3415343
SubNetW8CleanAuxExDnRcK9Rr01QdEma,minbias,0,test,23.220259,23.010679244995117,-0.00902571630944804,2,40mm,2.3115363
SubNetW8CleanAuxExDnRcK9Rr01QdEma,minbias,0,test,25.173475,35.28292465209961,0.4015913289672166,0,15mm,0.7058754
SubNetW8CleanAuxExDnRcK9Rr01QdEma,minbias,0,test,12.30484,18.482316970825195,0.502036340075148,1,30mm,1.1852331
SubNetW8CleanAuxExDnRcK9Rr01QdEma,minbias,0,test,55.81598,57.34070587158203,0.027317031697483563,0,15mm,1.6248367
SubNetW8CleanAuxExDnRcK9Rr01QdEma,minbias,0,test,30.034159,29.548412322998047,-0.016173131014293962,2,40mm,3.8109057
SubNetW8CleanAuxExDnRcK9Rr01QdEma,minbias,0,test,15.033228,15.888406753540039,0.05688590883663891,4,120mm,3.3917594
SubNetW8CleanAuxExDnRcK9Rr01QdEma,minbias,0,test,22.125055,22.00297737121582,-0.005517633297042801,4,120mm,4.913318
SubNetW8CleanAuxExDnRcK9Rr01QdEma,minbias,0,test,28.787617,25.635374069213867,-0.10949995236202847,1,30mm,1.486554
SubNetW8CleanAuxExDnRcK9Rr01QdEma,minbias,0,test,10.846559,9.863519668579102,-0.0906314104939745,3,60mm,1.2314687
SubNetW8CleanAuxExDnRcK9Rr01QdEma,minbias,0,test,88.88672,83.43699645996094,-0.061310872610415346,0,15mm,2.6572676
SubNetW8CleanAuxExDnRcK9Rr01QdEma,minbias,0,test,30.569033,29.697486877441406,-0.02851074160772804,3,60mm,4.9072175
SubNetW8CleanAuxExDnRcK9Rr01QdEma,minbias,0,test,23.11001,23.662403106689453,0.02390275712034562,1,30mm,1.1315237
SubNetW8CleanAuxExDnRcK9Rr01QdEma,minbias,0,test,11.868871,11.332383155822754,-0.045201231971972344,4,120mm,2.3249307
SubNetW8CleanAuxExDnRcK9Rr01QdEma,minbias,0,test,37.160557,35.854034423828125,-0.03515884804028002,2,40mm,3.0321276
SubNetW8CleanAuxExDnRcK9Rr01QdEma,minbias,0,test,46.183136,43.534244537353516,-0.05735624903771752,2,40mm,4.0640764
SubNetW8CleanAuxExDnRcK9Rr01QdEma,minbias,0,test,81.87082,84.61425018310547,0.03350926644855656,0,15mm,3.0476663
SubNetW8CleanAuxExDnRcK9Rr01QdEma,minbias,0,test,27.15303,26.36962890625,-0.028851346529167432,2,40mm,2.6641226
SubNetW8CleanAuxExDnRcK9Rr01QdEma,minbias,0,test,11.332175,12.605704307556152,0.11238169407876875,1,30mm,0.60906076
SubNetW8CleanAuxExDnRcK9Rr01QdEma,minbias,0,test,32.116085,30.92352294921875,-0.03713286041316588,2,40mm,4.1340656
SubNetW8CleanAuxExDnRcK9Rr01QdEma,minbias,0,test,80.68611,80.73802185058594,0.00064336227707118,0,15mm,3.8860989
SubNetW8CleanAuxExDnRcK9Rr01QdEma,minbias,0,test,28.495382,24.008447647094727,-0.15746181655735791,1,30mm,2.1520371
SubNetW8CleanAuxExDnRcK9Rr01QdEma,minbias,0,test,31.229681,34.75716018676758,0.11295277624055733,2,40mm,3.1496906
SubNetW8CleanAuxExDnRcK9Rr01QdEma,minbias,0,test,13.519328,13.063590049743652,-0.033710112194213826,4,120mm,2.9899356
SubNetW8CleanAuxExDnRcK9Rr01QdEma,minbias,0,test,19.875698,19.530221939086914,-0.017381837304797476,2,40mm,2.1862104
SubNetW8CleanAuxExDnRcK9Rr01QdEma,minbias,0,test,19.961983,21.96895980834961,0.10053996683301114,1,30mm,0.8907032
SubNetW8CleanAuxExDnRcK9Rr01QdEma,minbias,0,test,10.844024,10.479036331176758,-0.03365792839420112,3,60mm,1.7902764
SubNetW8CleanAuxExDnRcK9Rr01QdEma,minbias,0,test,4.9271774,4.723820209503174,-0.041272558704892215,2,40mm,0.5660483
SubNetW8CleanAuxExDnRcK9Rr01QdEma,minbias,0,test,6.3309727,6.067235469818115,-0.041658243586734756,4,120mm,1.3509454
SubNetW8CleanAuxExDnRcK9Rr01QdEma,minbias,0,test,19.836937,19.74273109436035,-0.0047490122369923116,2,40mm,2.100317
SubNetW8CleanAuxExDnRcK9Rr01QdEma,minbias,0,test,14.402096,14.943623542785645,0.037600621175428506,2,40mm,1.9842476
SubNetW8CleanAuxExDnRcK9Rr01QdEma,minbias,0,test,31.42749,30.506591796875,-0.029302321968196265,3,60mm,3.9694314
SubNetW8CleanAuxExDnRcK9Rr01QdEma,minbias,0,test,21.958279,22.764766693115234,0.03672819940686889,4,120mm,4.60903
SubNetW8CleanAuxExDnRcK9Rr01QdEma,minbias,0,test,10.628917,10.691901206970215,0.005925765352289281,3,60mm,1.5902026
SubNetW8CleanAuxExDnRcK9Rr01QdEma,minbias,0,test,5.998495,5.830414295196533,-0.02802049578704069,4,120mm,1.1811116
SubNetW8CleanAuxExDnRcK9Rr01QdEma,minbias,0,test,12.39683,14.84113883972168,0.19717212484820013,3,60mm,2.5053546
SubNetW8CleanAuxExDnRcK9Rr01QdEma,minbias,0,test,30.615206,29.67998504638672,-0.030547588854031638,3,60mm,4.4535003
SubNetW8CleanAuxExDnRcK9Rr01QdEma,minbias,0,test,5.152174,4.863569259643555,-0.05601610825911074,3,60mm,0.932341
SubNetW8CleanAuxExDnRcK9Rr01QdEma,minbias,0,test,17.03025,16.850479125976562,-0.01055600578624838,3,60mm,2.4103293
SubNetW8CleanAuxExDnRcK9Rr01QdEma,minbias,0,test,21.875824,20.8320369720459,-0.04771417999043004,1,30mm,1.5397905
SubNetW8CleanAuxExDnRcK9Rr01QdEma,minbias,0,test,18.769815,17.800098419189453,-0.05166364201081841,4,120mm,4.4070783
SubNetW8CleanAuxExDnRcK9Rr01QdEma,minbias,0,test,46.184715,44.56975173950195,-0.03496748917944148,1,30mm,3.4643269
SubNetW8CleanAuxExDnRcK9Rr01QdEma,minbias,0,test,15.563151,15.580193519592285,0.0010950327244432234,1,30mm,0.88282686
SubNetW8CleanAuxExDnRcK9Rr01QdEma,minbias,0,test,67.88552,68.28971099853516,0.005953995165820736,1,30mm,3.6632376
SubNetW8CleanAuxExDnRcK9Rr01QdEma,minbias,0,test,17.068254,17.86433982849121,0.04664128713494198,1,30mm,1.1133609
SubNetW8CleanAuxExDnRcK9Rr01QdEma,minbias,0,test,12.2919235,13.265826225280762,0.07923110654839749,3,60mm,1.9445498
SubNetW8CleanAuxExDnRcK9Rr01QdEma,minbias,0,test,10.341931,9.245648384094238,-0.10600369724152803,3,60mm,1.9168209
SubNetW8CleanAuxExDnRcK9Rr01QdEma,minbias,0,test,18.213404,19.047822952270508,0.04581347144941561,2,40mm,1.7747662
SubNetW8CleanAuxExDnRcK9Rr01QdEma,minbias,0,test,11.371083,12.034034729003906,0.05830152275621692,3,60mm,1.4837476
SubNetW8CleanAuxExDnRcK9Rr01QdEma,minbias,0,test,49.25781,54.258460998535156,0.101519991382087,1,30mm,2.6944919
SubNetW8CleanAuxExDnRcK9Rr01QdEma,minbias,0,test,5.627099,5.115160942077637,-0.09097726763135161,3,60mm,0.5839314
SubNetW8CleanAuxExDnRcK9Rr01QdEma,minbias,0,test,45.39151,47.483497619628906,0.04608764082563477,1,30mm,3.3325975
SubNetW8CleanAuxExDnRcK9Rr01QdEma,minbias,0,test,10.429187,10.173196792602539,-0.02454554058484093,3,60mm,1.6217129
SubNetW8CleanAuxExDnRcK9Rr01QdEma,minbias,0,test,8.592354,8.67648983001709,0.00979196282776762,3,60mm,1.3886952
SubNetW8CleanAuxExDnRcK9Rr01QdEma,minbias,0,test,25.103155,23.807350158691406,-0.051619207641078746,3,60mm,3.369339
SubNetW8CleanAuxExDnRcK9Rr01QdEma,minbias,0,test,46.13262,44.34471893310547,-0.03875571696604507,2,40mm,4.323489
SubNetW8CleanAuxExDnRcK9Rr01QdEma,minbias,0,test,71.85039,72.02362823486328,0.0024111305098319935,1,30mm,4.2990875
SubNetW8CleanAuxExDnRcK9Rr01QdEma,minbias,0,test,34.85944,33.98849105834961,-0.024984589404053903,3,60mm,4.9905753
SubNetW8CleanAuxExDnRcK9Rr01QdEma,minbias,0,test,68.646,67.44686126708984,-0.01746849621269919,2,40mm,4.9624825
SubNetW8CleanAuxExDnRcK9Rr01QdEma,minbias,0,test,55.743958,57.563514709472656,0.032641334969873315,0,15mm,1.3286961
SubNetW8CleanAuxExDnRcK9Rr01QdEma,minbias,0,test,31.97363,32.7924919128418,0.025610510427156452,2,40mm,2.0109189
SubNetW8CleanAuxExDnRcK9Rr01QdEma,minbias,0,test,14.999595,14.113175392150879,-0.059096216576388305,4,120mm,3.1058748
SubNetW8CleanAuxExDnRcK9Rr01QdEma,minbias,0,test,17.042583,18.463136672973633,0.08335316123091285,2,40mm,1.7731311
SubNetW8CleanAuxExDnRcK9Rr01QdEma,minbias,0,test,90.07553,88.21705627441406,-0.020632403835892155,1,30mm,4.972552
SubNetW8CleanAuxExDnRcK9Rr01QdEma,minbias,0,test,16.308985,15.971217155456543,-0.020710522822654065,3,60mm,2.9124491
SubNetW8CleanAuxExDnRcK9Rr01QdEma,minbias,0,test,56.671726,59.66852569580078,0.05287997505141462,0,15mm,1.8151633
SubNetW8CleanAuxExDnRcK9Rr01QdEma,minbias,0,test,99.24814,94.7678451538086,-0.045142340651437185,0,15mm,3.460091
SubNetW8CleanAuxExDnRcK9Rr01QdEma,minbias,0,test,36.949364,36.61115646362305,-0.009153263031570935,3,60mm,4.9943337
SubNetW8CleanAuxExDnRcK9Rr01QdEma,minbias,0,test,31.402407,32.321834564208984,0.029278898292962596,1,30mm,1.5706816
SubNetW8CleanAuxExDnRcK9Rr01QdEma,minbias,0,test,4.24564,4.617819786071777,0.08766169587832184,3,60mm,0.8247667
SubNetW8CleanAuxExDnRcK9Rr01QdEma,minbias,0,test,31.1762,31.323118209838867,0.00471248385163503,3,60mm,4.278961
SubNetW8CleanAuxExDnRcK9Rr01QdEma,minbias,0,test,18.156305,18.242633819580078,0.004754739743630054,2,40mm,2.099685
SubNetW8CleanAuxExDnRcK9Rr01QdEma,minbias,0,test,20.222305,23.512453079223633,0.1626989471730318,4,120mm,4.344312
SubNetW8CleanAuxExDnRcK9Rr01QdEma,minbias,0,test,87.01225,83.70410919189453,-0.03801928474414873,0,15mm,2.8680944
SubNetW8CleanAuxExDnRcK9Rr01QdEma,minbias,0,test,49.258793,49.75436019897461,0.010060484490815647,2,40mm,4.109549
SubNetW8CleanAuxExDnRcK9Rr01QdEma,minbias,0,test,4.267954,4.271773815155029,0.00089502899710725,3,60mm,0.6385412
SubNetW8CleanAuxExDnRcK9Rr01QdEma,minbias,0,test,15.087613,14.430970191955566,-0.04352198781973449,1,30mm,1.5298607
SubNetW8CleanAuxExDnRcK9Rr01QdEma,minbias,0,test,18.19134,17.751005172729492,-0.02420571174776287,3,60mm,4.105771
SubNetW8CleanAuxExDnRcK9Rr01QdEma,minbias,0,test,24.751862,24.82241439819336,0.002850404836086673,0,15mm,0.67141217
SubNetW8CleanAuxExDnRcK9Rr01QdEma,minbias,0,test,70.99478,69.05220794677734,-0.027362201932033647,0,15mm,1.7126181
SubNetW8CleanAuxExDnRcK9Rr01QdEma,minbias,0,test,17.325506,17.608001708984375,0.01630518007542192,3,60mm,2.6280198
SubNetW8CleanAuxExDnRcK9Rr01QdEma,minbias,0,test,34.24459,34.06167221069336,-0.005341531159470225,2,40mm,3.428492
SubNetW8CleanAuxExDnRcK9Rr01QdEma,minbias,0,test,21.971811,22.174415588378906,0.0092211011239407,3,60mm,3.9824412
SubNetW8CleanAuxExDnRcK9Rr01QdEma,minbias,0,test,11.520513,12.07786750793457,0.048379351452504604,1,30mm,0.50429636
SubNetW8CleanAuxExDnRcK9Rr01QdEma,minbias,0,test,3.786032,3.831810235977173,0.012091359767261167,3,60mm,0.5081786
SubNetW8CleanAuxExDnRcK9Rr01QdEma,minbias,0,test,45.964188,47.647300720214844,0.036617923327255,1,30mm,3.0761607
SubNetW8CleanAuxExDnRcK9Rr01QdEma,minbias,0,test,79.157295,80.1424560546875,0.012445610032668863,1,30mm,4.485551
SubNetW8CleanAuxExDnRcK9Rr01QdEma,minbias,0,test,7.1068134,7.057009696960449,-0.007007885363915389,2,40mm,0.8902963
SubNetW8CleanAuxExDnRcK9Rr01QdEma,minbias,0,test,54.566288,55.08727264404297,0.00954773851781554,1,30mm,4.5627995
SubNetW8CleanAuxExDnRcK9Rr01QdEma,minbias,0,test,26.395716,26.94970703125,0.020987925607399482,3,60mm,3.740143
SubNetW8CleanAuxExDnRcK9Rr01QdEma,minbias,0,test,36.948715,43.039798736572266,0.16485237692295307,3,60mm,4.7267313
SubNetW8CleanAuxExDnRcK9Rr01QdEma,minbias,0,test,6.8175364,7.042715072631836,0.03302933888025872,3,60mm,0.9766811
SubNetW8CleanAuxExDnRcK9Rr01QdEma,minbias,0,test,25.639631,36.07677459716797,0.4070707263822171,1,30mm,1.8217655
SubNetW8CleanAuxExDnRcK9Rr01QdEma,minbias,0,test,60.875347,60.368682861328125,-0.008322979661685381,2,40mm,4.2919703
SubNetW8CleanAuxExDnRcK9Rr01QdEma,minbias,0,test,31.736738,31.31398582458496,-0.0133205995411676,0,15mm,0.8933551
SubNetW8CleanAuxExDnRcK9Rr01QdEma,minbias,0,test,18.3399,17.469444274902344,-0.04746235435716639,3,60mm,3.9676857
SubNetW8CleanAuxExDnRcK9Rr01QdEma,minbias,0,test,33.63317,35.16661834716797,0.0455933001948341,3,60mm,3.5849454
SubNetW8CleanAuxExDnRcK9Rr01QdEma,minbias,0,test,38.50302,38.49985122680664,-8.233155024262029e-05,2,40mm,2.7638195
SubNetW8CleanAuxExDnRcK9Rr01QdEma,minbias,0,test,11.3913355,10.775957107543945,-0.05402161849278353,3,60mm,2.514555
SubNetW8CleanAuxExDnRcK9Rr01QdEma,minbias,0,test,14.965962,15.314382553100586,0.023280837782624575,4,120mm,3.2947254
SubNetW8CleanAuxExDnRcK9Rr01QdEma,minbias,0,test,7.691396,8.211577415466309,0.06763156689074368,4,120mm,1.5540526
SubNetW8CleanAuxExDnRcK9Rr01QdEma,minbias,0,test,58.047962,57.02225875854492,-0.017669930028570202,0,15mm,1.5156223
SubNetW8CleanAuxExDnRcK9Rr01QdEma,minbias,0,test,27.318565,27.71895408630371,0.014656286384306494,2,40mm,4.752277
SubNetW8CleanAuxExDnRcK9Rr01QdEma,minbias,0,test,63.893845,48.717323303222656,-0.23752712636425877,1,30mm,2.2272902
SubNetW8CleanAuxExDnRcK9Rr01QdEma,minbias,0,test,18.811148,19.359275817871094,0.02913847347806464,3,60mm,4.4224496
SubNetW8CleanAuxExDnRcK9Rr01QdEma,minbias,0,test,13.748184,13.777467727661133,0.0021299920865791577,3,60mm,3.1850405
SubNetW8CleanAuxExDnRcK9Rr01QdEma,minbias,0,test,67.01588,66.9953842163086,-0.0003057865493764078,1,30mm,3.5137665
SubNetW8CleanAuxExDnRcK9Rr01QdEma,minbias,0,test,40.634895,38.383846282958984,-0.05539694451678223,2,40mm,4.7057695
SubNetW8CleanAuxExDnRcK9Rr01QdEma,minbias,0,test,14.773745,14.161810874938965,-0.04142035248732301,2,40mm,1.6497579
SubNetW8CleanAuxExDnRcK9Rr01QdEma,minbias,0,test,32.896545,31.354238510131836,-0.04688355208107209,1,30mm,1.6037513
SubNetW8CleanAuxExDnRcK9Rr01QdEma,minbias,0,test,21.412752,21.36672592163086,-0.002149477541830036,3,60mm,4.445924
SubNetW8CleanAuxExDnRcK9Rr01QdEma,minbias,0,test,14.993567,14.430609703063965,-0.03754661890312838,4,120mm,3.5245738
SubNetW8CleanAuxExDnRcK9Rr01QdEma,minbias,0,test,11.23862,11.625395774841309,0.034414899444161984,2,40mm,2.093385
SubNetW8CleanAuxExDnRcK9Rr01QdEma,minbias,0,test,8.546774,7.838834285736084,-0.08283121002122085,2,40mm,1.1037629
SubNetW8CleanAuxExDnRcK9Rr01QdEma,minbias,0,test,21.08525,20.146682739257812,-0.04451301631227278,3,60mm,3.1443746
SubNetW8CleanAuxExDnRcK9Rr01QdEma,minbias,0,test,44.11825,43.938228607177734,-0.004080469783192653,2,40mm,4.1486177
SubNetW8CleanAuxExDnRcK9Rr01QdEma,minbias,0,test,56.466095,60.92595291137695,0.07898293556492231,1,30mm,3.2551358
SubNetW8CleanAuxExDnRcK9Rr01QdEma,minbias,0,test,3.7888775,4.130338668823242,0.0901219906940125,3,60mm,0.858422
SubNetW8CleanAuxExDnRcK9Rr01QdEma,minbias,0,test,17.167809,16.82590675354004,-0.019915283801265615,3,60mm,3.66038
SubNetW8CleanAuxExDnRcK9Rr01QdEma,minbias,0,test,4.4703574,4.570591449737549,0.02242192789155939,4,120mm,0.9625684
SubNetW8CleanAuxExDnRcK9Rr01QdEma,minbias,0,test,9.964505,10.421016693115234,0.04581376481175692,3,60mm,1.2236828
SubNetW8CleanAuxExDnRcK9Rr01QdEma,minbias,0,test,20.165089,19.137540817260742,-0.050956772566535524,4,120mm,4.776256
SubNetW8CleanAuxExDnRcK9Rr01QdEma,minbias,0,test,48.589916,47.769256591796875,-0.016889505089477508,3,60mm,4.8128633
SubNetW8CleanAuxExDnRcK9Rr01QdEma,minbias,0,test,3.7767632,2.782186269760132,-0.2633410881570881,3,60mm,0.78071976
SubNetW8CleanAuxExDnRcK9Rr01QdEma,minbias,0,test,15.0772295,25.49748992919922,0.6911256759412512,2,40mm,1.254628
SubNetW8CleanAuxExDnRcK9Rr01QdEma,minbias,0,test,46.9746,49.45405578613281,0.05278286453507408,1,30mm,1.9723394
SubNetW8CleanAuxExDnRcK9Rr01QdEma,minbias,0,test,33.653072,32.75715637207031,-0.026622115674866054,2,40mm,3.5273712
SubNetW8CleanAuxExDnRcK9Rr01QdEma,minbias,0,test,18.65155,17.59711456298828,-0.056533409470952645,4,120mm,4.3554835
SubNetW8CleanAuxExDnRcK9Rr01QdEma,minbias,0,test,29.292557,28.649656295776367,-0.021947570918005144,2,40mm,2.3660338
SubNetW8CleanAuxExDnRcK9Rr01QdEma,minbias,0,test,6.0136743,5.900477409362793,-0.01882324265403823,3,60mm,0.7442138
SubNetW8CleanAuxExDnRcK9Rr01QdEma,minbias,0,test,47.45141,45.955162048339844,-0.03153217973451783,2,40mm,4.798143
SubNetW8CleanAuxExDnRcK9Rr01QdEma,minbias,0,test,26.246607,27.106149673461914,0.03274872261974093,2,40mm,2.2754834
SubNetW8CleanAuxExDnRcK9Rr01QdEma,minbias,0,test,21.22255,21.305524826049805,0.003909774733416693,3,60mm,4.9110875
SubNetW8CleanAuxExDnRcK9Rr01QdEma,minbias,0,test,45.201645,44.66650390625,-0.011838971622048167,3,60mm,4.7289767
SubNetW8CleanAuxExDnRcK9Rr01QdEma,minbias,0,test,20.723997,20.834716796875,0.005342583294425163,2,40mm,2.4560933
SubNetW8CleanAuxExDnRcK9Rr01QdEma,minbias,0,test,7.35581,7.425956726074219,0.009536211388223137,3,60mm,1.434304
SubNetW8CleanAuxExDnRcK9Rr01QdEma,minbias,0,test,83.1056,65.73153686523438,-0.20906006224101625,0,15mm,2.5533633
SubNetW8CleanAuxExDnRcK9Rr01QdEma,minbias,0,test,22.564732,22.64263916015625,0.0034526252580424632,2,40mm,2.840533
SubNetW8CleanAuxExDnRcK9Rr01QdEma,minbias,0,test,90.05457,87.68731689453125,-0.026286906751506134,0,15mm,1.8355024
SubNetW8CleanAuxExDnRcK9Rr01QdEma,minbias,0,test,31.846533,31.34177017211914,-0.01584984627252417,2,40mm,3.9945645
SubNetW8CleanAuxExDnRcK9Rr01QdEma,minbias,0,test,38.408234,38.17443084716797,-0.006087309236501026,3,60mm,4.2206593
SubNetW8CleanAuxExDnRcK9Rr01QdEma,minbias,0,test,11.351209,11.570178985595703,0.01929048304971892,3,60mm,1.9067191
SubNetW8CleanAuxExDnRcK9Rr01QdEma,minbias,0,test,19.567106,19.32805824279785,-0.012216829669827844,3,60mm,2.9924715
SubNetW8CleanAuxExDnRcK9Rr01QdEma,minbias,0,test,12.786626,11.735553741455078,-0.08220089740641778,3,60mm,2.785639
SubNetW8CleanAuxExDnRcK9Rr01QdEma,minbias,0,test,63.202415,62.728023529052734,-0.007505914667276348,1,30mm,4.745726
SubNetW8CleanAuxExDnRcK9Rr01QdEma,minbias,0,test,11.678587,11.912677764892578,0.020044445946989953,2,40mm,1.1523857
SubNetW8CleanAuxExDnRcK9Rr01QdEma,minbias,0,test,29.359118,28.391345977783203,-0.03296323637417975,3,60mm,4.0400414
SubNetW8CleanAuxExDnRcK9Rr01QdEma,minbias,0,test,14.089114,14.488862991333008,0.028372883973994734,1,30mm,0.78005964
SubNetW8CleanAuxExDnRcK9Rr01QdEma,minbias,0,test,31.701448,15.254040718078613,-0.5188219633975463,1,30mm,1.1029003
SubNetW8CleanAuxExDnRcK9Rr01QdEma,minbias,0,test,15.988584,14.393187522888184,-0.09978345082341478,2,40mm,1.8851601
SubNetW8CleanAuxExDnRcK9Rr01QdEma,minbias,0,test,29.333696,29.285541534423828,-0.0016416216467519673,3,60mm,3.7241051
SubNetW8CleanAuxExDnRcK9Rr01QdEma,minbias,0,test,44.501522,45.04627990722656,0.012241330582616339,3,60mm,4.3283653
SubNetW8CleanAuxExDnRcK9Rr01QdEma,minbias,0,test,77.06805,76.6176986694336,-0.005843509994542417,0,15mm,1.7029295
SubNetW8CleanAuxExDnRcK9Rr01QdEma,minbias,0,test,15.259069,14.207537651062012,-0.06891192124344714,2,40mm,2.543148
SubNetW8CleanAuxExDnRcK9Rr01QdEma,minbias,0,test,22.741703,22.819576263427734,0.003424247949502135,3,60mm,3.9910655
SubNetW8CleanAuxExDnRcK9Rr01QdEma,minbias,0,test,78.10875,75.69403076171875,-0.03091482896344655,0,15mm,2.738327
SubNetW8CleanAuxExDnRcK9Rr01QdEma,minbias,0,test,29.426214,29.59668731689453,0.005793239235300396,3,60mm,4.644082
SubNetW8CleanAuxExDnRcK9Rr01QdEma,minbias,0,test,37.079823,38.000606536865234,0.02483248121216608,2,40mm,2.462959
SubNetW8CleanAuxExDnRcK9Rr01QdEma,minbias,0,test,15.491388,15.182585716247559,-0.019933823765699632,3,60mm,2.2431302
SubNetW8CleanAuxExDnRcK9Rr01QdEma,minbias,0,test,55.294365,53.28823471069336,-0.03628091616703755,0,15mm,1.3627774
SubNetW8CleanAuxExDnRcK9Rr01QdEma,minbias,0,test,23.93987,23.053388595581055,-0.03702953307072754,2,40mm,1.754515
SubNetW8CleanAuxExDnRcK9Rr01QdEma,minbias,0,test,24.024326,26.16107749938965,0.08894114848710655,2,40mm,1.4879515
SubNetW8CleanAuxExDnRcK9Rr01QdEma,minbias,0,test,3.0589066,2.9720516204833984,-0.028394111793124566,3,60mm,0.5010426
SubNetW8CleanAuxExDnRcK9Rr01QdEma,minbias,0,test,60.333252,58.90895080566406,-0.023607233181588305,2,40mm,4.9347725
SubNetW8CleanAuxExDnRcK9Rr01QdEma,minbias,0,test,6.296424,5.983287334442139,-0.049732448446968114,4,120mm,1.3207055
SubNetW8CleanAuxExDnRcK9Rr01QdEma,minbias,0,test,39.402023,38.26807403564453,-0.028778960681978605,2,40mm,4.619172
SubNetW8CleanAuxExDnRcK9Rr01QdEma,minbias,0,test,6.6322713,6.270155906677246,-0.05459900045158195,3,60mm,1.201948
SubNetW8CleanAuxExDnRcK9Rr01QdEma,minbias,0,test,20.580202,17.88367462158203,-0.13102531586560195,2,40mm,1.20036
SubNetW8CleanAuxExDnRcK9Rr01QdEma,minbias,0,test,3.6722422,3.3370280265808105,-0.0912832332413569,4,120mm,0.845766
SubNetW8CleanAuxExDnRcK9Rr01QdEma,minbias,0,test,34.707973,34.4444580078125,-0.007592361235444933,2,40mm,3.1618452
SubNetW8CleanAuxExDnRcK9Rr01QdEma,minbias,0,test,46.907833,46.25786590576172,-0.013856261324770358,1,30mm,2.123386
SubNetW8CleanAuxExDnRcK9Rr01QdEma,minbias,0,test,16.410872,18.270832061767578,0.11333709823881222,2,40mm,2.419227
SubNetW8CleanAuxExDnRcK9Rr01QdEma,minbias,0,test,5.1477675,5.201323986053467,0.010403819093447897,3,60mm,0.74844205
SubNetW8CleanAuxExDnRcK9Rr01QdEma,minbias,0,test,32.94007,32.8345832824707,-0.0032024163866255506,2,40mm,2.6211543
SubNetW8CleanAuxExDnRcK9Rr01QdEma,minbias,0,test,22.638058,30.594280242919922,0.3514534080857963,1,30mm,1.1717691
SubNetW8CleanAuxExDnRcK9Rr01QdEma,minbias,0,test,24.90319,23.97855567932129,-0.03712917544777128,1,30mm,1.9210099
SubNetW8CleanAuxExDnRcK9Rr01QdEma,minbias,0,test,16.986889,16.800373077392578,-0.010979986350808435,2,40mm,2.1108987
SubNetW8CleanAuxExDnRcK9Rr01QdEma,minbias,0,test,11.048043,10.03642749786377,-0.09156515141980648,3,60mm,1.3542216
SubNetW8CleanAuxExDnRcK9Rr01QdEma,minbias,0,test,49.969276,49.796390533447266,-0.003459843870737833,1,30mm,4.2569194
SubNetW8CleanAuxExDnRcK9Rr01QdEma,minbias,0,test,9.185022,9.130648612976074,-0.00591982676291225,2,40mm,1.2288854
SubNetW8CleanAuxExDnRcK9Rr01QdEma,minbias,0,test,46.899185,46.93821334838867,0.0008321715521126816,2,40mm,4.0316334
SubNetW8CleanAuxExDnRcK9Rr01QdEma,minbias,0,test,7.4377027,7.225063323974609,-0.028589383262320966,3,60mm,1.2317088
SubNetW8CleanAuxExDnRcK9Rr01QdEma,minbias,0,test,21.816877,20.78333282470703,-0.04737362378256893,4,120mm,4.7987857
SubNetW8CleanAuxExDnRcK9Rr01QdEma,minbias,0,test,25.064165,24.31235122680664,-0.02999556877676246,3,60mm,2.9798572
SubNetW8CleanAuxExDnRcK9Rr01QdEma,minbias,0,test,8.292892,8.168253898620605,-0.01502956394220245,3,60mm,1.3724848
SubNetW8CleanAuxExDnRcK9Rr01QdEma,minbias,0,test,26.105965,26.74088478088379,0.024320883311254038,3,60mm,4.207681
SubNetW8CleanAuxExDnRcK9Rr01QdEma,minbias,0,test,15.241389,13.628091812133789,-0.10584976430936399,1,30mm,0.7099531
SubNetW8CleanAuxExDnRcK9Rr01QdEma,minbias,0,test,81.0192,81.01553344726562,-4.5294678609808514e-05,1,30mm,4.7167187
SubNetW8CleanAuxExDnRcK9Rr01QdEma,minbias,0,test,26.22851,25.444929122924805,-0.02987515428549159,3,60mm,4.6072245
SubNetW8CleanAuxExDnRcK9Rr01QdEma,minbias,0,test,16.740911,16.046981811523438,-0.041451128447467456,3,60mm,2.698302
SubNetW8CleanAuxExDnRcK9Rr01QdEma,minbias,0,test,24.694748,24.53384780883789,-0.006515560169179979,3,60mm,3.9560187
SubNetW8CleanAuxExDnRcK9Rr01QdEma,minbias,0,test,5.193296,5.08266544342041,-0.02130256260805241,3,60mm,0.94959027
SubNetW8CleanAuxExDnRcK9Rr01QdEma,minbias,0,test,50.40321,54.44838333129883,0.08025627078508668,1,30mm,2.2577932
SubNetW8CleanAuxExDnRcK9Rr01QdEma,minbias,0,test,16.642288,16.593660354614258,-0.0029219451547628505,3,60mm,3.6673417
SubNetW8CleanAuxExDnRcK9Rr01QdEma,minbias,0,test,97.2987,94.97480773925781,-0.02388408810853171,1,30mm,4.7705517
SubNetW8CleanAuxExDnRcK9Rr01QdEma,minbias,0,test,27.171917,26.6456298828125,-0.01936878725192004,0,15mm,0.8056101
SubNetW8CleanAuxExDnRcK9Rr01QdEma,minbias,0,test,30.676376,31.532638549804688,0.027912755974287773,1,30mm,1.9341383
SubNetW8CleanAuxExDnRcK9Rr01QdEma,minbias,0,test,25.414062,25.4473934173584,0.0013115147315938547,2,40mm,2.6669939
SubNetW8CleanAuxExDnRcK9Rr01QdEma,minbias,0,test,24.62393,25.085206985473633,0.018732875234769075,1,30mm,1.3269819
SubNetW8CleanAuxExDnRcK9Rr01QdEma,minbias,0,test,40.25657,40.48146057128906,0.005586458774162972,2,40mm,3.1959488
SubNetW8CleanAuxExDnRcK9Rr01QdEma,minbias,0,test,24.834908,24.83324432373047,-6.697057380566918e-05,2,40mm,2.2502604
SubNetW8CleanAuxExDnRcK9Rr01QdEma,minbias,0,test,49.391323,47.66005325317383,-0.035052104866377554,1,30mm,2.2364907
SubNetW8CleanAuxExDnRcK9Rr01QdEma,minbias,0,test,9.809241,9.558338165283203,-0.02557824015493304,3,60mm,2.2982297
SubNetW8CleanAuxExDnRcK9Rr01QdEma,minbias,0,test,46.584522,45.61704635620117,-0.020768183174166954,2,40mm,3.5878067
SubNetW8CleanAuxExDnRcK9Rr01QdEma,minbias,0,test,7.622621,6.8778886795043945,-0.09770030204941327,2,40mm,1.1103356
SubNetW8CleanAuxExDnRcK9Rr01QdEma,minbias,0,test,45.280994,43.53241729736328,-0.03861613775270234,2,40mm,3.3990583
SubNetW8CleanAuxExDnRcK9Rr01QdEma,minbias,0,test,10.057545,10.045974731445312,-0.0011503778648030982,3,60mm,2.3259385
SubNetW8CleanAuxExDnRcK9Rr01QdEma,minbias,0,test,21.426197,21.35392189025879,-0.0033732146478328007,3,60mm,3.5177
SubNetW8CleanAuxExDnRcK9Rr01QdEma,minbias,0,test,8.795847,8.078052520751953,-0.0816060605994895,1,30mm,0.5369576
SubNetW8CleanAuxExDnRcK9Rr01QdEma,minbias,0,test,19.318699,13.348320960998535,-0.30904658529019224,1,30mm,1.2877978
SubNetW8CleanAuxExDnRcK9Rr01QdEma,minbias,0,test,67.0915,83.06448364257812,0.23807761748965217,0,15mm,1.9765309
SubNetW8CleanAuxExDnRcK9Rr01QdEma,minbias,0,test,17.460772,17.50993537902832,0.002815672731789176,2,40mm,1.3596544
SubNetW8CleanAuxExDnRcK9Rr01QdEma,minbias,0,test,29.933258,31.555341720581055,0.05419001369216381,1,30mm,2.0361712
SubNetW8CleanAuxExDnRcK9Rr01QdEma,minbias,0,test,16.819256,22.082717895507812,0.3129426248228935,2,40mm,1.2622733
SubNetW8CleanAuxExDnRcK9Rr01QdEma,minbias,0,test,38.14061,40.395015716552734,0.05910775917423017,2,40mm,2.9575164
SubNetW8CleanAuxExDnRcK9Rr01QdEma,minbias,0,test,40.97531,40.6618537902832,-0.0076499111105483575,1,30mm,2.7412834
SubNetW8CleanAuxExDnRcK9Rr01QdEma,minbias,0,test,6.3750944,6.632291316986084,0.04034401477627281,2,40mm,0.93801975
SubNetW8CleanAuxExDnRcK9Rr01QdEma,minbias,0,test,16.160276,15.174179077148438,-0.06101983101132957,3,60mm,2.481885
SubNetW8CleanAuxExDnRcK9Rr01QdEma,minbias,0,test,20.458027,20.87735366821289,0.020496931818669184,2,40mm,2.26933
SubNetW8CleanAuxExDnRcK9Rr01QdEma,minbias,0,test,50.0573,51.18312072753906,0.022490628682446445,0,15mm,1.2612058
SubNetW8CleanAuxExDnRcK9Rr01QdEma,minbias,0,test,28.368036,28.4207706451416,0.0018589363922769664,3,60mm,3.7300372
SubNetW8CleanAuxExDnRcK9Rr01QdEma,minbias,0,test,56.11844,55.57868957519531,-0.009618035672626202,2,40mm,4.455988
SubNetW8CleanAuxExDnRcK9Rr01QdEma,minbias,0,test,23.254932,23.623064041137695,0.015830260487741388,2,40mm,2.988665
SubNetW8CleanAuxExDnRcK9Rr01QdEma,minbias,0,test,10.672369,10.627252578735352,-0.004227404857029771,3,60mm,1.7802643
SubNetW8CleanAuxExDnRcK9Rr01QdEma,minbias,0,test,13.147833,17.242185592651367,0.3114089418766268,0,15mm,0.57208675
SubNetW8CleanAuxExDnRcK9Rr01QdEma,minbias,0,test,47.39,50.071163177490234,0.056576573588803525,1,30mm,4.3047743
SubNetW8CleanAuxExDnRcK9Rr01QdEma,minbias,0,test,12.415099,11.569806098937988,-0.06808588761481549,3,60mm,1.5009811
SubNetW8CleanAuxExDnRcK9Rr01QdEma,minbias,0,test,21.382547,20.788658142089844,-0.027774484767246865,2,40mm,1.783956
SubNetW8CleanAuxExDnRcK9Rr01QdEma,minbias,0,test,19.253317,25.766334533691406,0.3382802919236563,1,30mm,0.8623061
SubNetW8CleanAuxExDnRcK9Rr01QdEma,minbias,0,test,48.30946,57.445274353027344,0.1891102638298141,1,30mm,1.9382708
SubNetW8CleanAuxExDnRcK9Rr01QdEma,minbias,0,test,5.6217575,5.334234714508057,-0.05114464514728134,2,40mm,0.53262264
SubNetW8CleanAuxExDnRcK9Rr01QdEma,minbias,0,test,54.99241,55.09846878051758,0.001928630341573534,2,40mm,3.6238804
SubNetW8CleanAuxExDnRcK9Rr01QdEma,minbias,0,test,22.801912,19.986730575561523,-0.12346252779957523,2,40mm,3.5331075
SubNetW8CleanAuxExDnRcK9Rr01QdEma,minbias,0,test,38.063374,35.97486114501953,-0.054869346172136235,1,30mm,2.7224119
SubNetW8CleanAuxExDnRcK9Rr01QdEma,minbias,0,test,48.42455,46.49381637573242,-0.0398709489881407,2,40mm,3.5064516
SubNetW8CleanAuxExDnRcK9Rr01QdEma,minbias,0,test,20.41224,20.437265396118164,0.001226044890006328,3,60mm,2.8537896
SubNetW8CleanAuxExDnRcK9Rr01QdEma,minbias,0,test,45.956055,49.05074691772461,0.06734025040374858,1,30mm,2.2736259
SubNetW8CleanAuxExDnRcK9Rr01QdEma,minbias,0,test,40.550972,39.333797454833984,-0.030015915043507202,1,30mm,2.8774838
SubNetW8CleanAuxExDnRcK9Rr01QdEma,minbias,0,test,38.32296,36.59831237792969,-0.04500298323713381,3,60mm,4.430672
SubNetW8CleanAuxExDnRcK9Rr01QdEma,minbias,0,test,37.44207,36.31424331665039,-0.03012191073979642,2,40mm,3.8398755
SubNetW8CleanAuxExDnRcK9Rr01QdEma,minbias,0,test,29.501501,29.187007904052734,-0.010660243301942596,1,30mm,2.8215418
SubNetW8CleanAuxExDnRcK9Rr01QdEma,minbias,0,test,46.950916,45.44737243652344,-0.03202373824748839,0,15mm,1.1377864
SubNetW8CleanAuxExDnRcK9Rr01QdEma,minbias,0,test,9.299587,8.810648918151855,-0.05257634758110796,3,60mm,1.1073077
SubNetW8CleanAuxExDnRcK9Rr01QdEma,minbias,0,test,14.773354,14.345734596252441,-0.028945288433581795,2,40mm,2.7624116
SubNetW8CleanAuxExDnRcK9Rr01QdEma,minbias,0,test,25.126863,24.849489212036133,-0.011038953103046922,3,60mm,2.4824119
SubNetW8CleanAuxExDnRcK9Rr01QdEma,minbias,0,test,93.18179,92.9478988647461,-0.0025100863600054923,1,30mm,4.216369
SubNetW8CleanAuxExDnRcK9Rr01QdEma,minbias,0,test,33.34166,33.13060760498047,-0.006329977085496652,3,60mm,4.630845
SubNetW8CleanAuxExDnRcK9Rr01QdEma,minbias,0,test,75.01472,74.13312530517578,-0.011752251170602634,0,15mm,3.127292
SubNetW8CleanAuxExDnRcK9Rr01QdEma,minbias,0,test,26.398458,27.092023849487305,0.02627294957983506,0,15mm,0.7697809
SubNetW8CleanAuxExDnRcK9Rr01QdEma,minbias,0,test,14.181978,13.377552032470703,-0.056721719666661286,3,60mm,2.183309
SubNetW8CleanAuxExDnRcK9Rr01QdEma,minbias,0,test,69.72844,70.6832275390625,0.01369295250499869,2,40mm,4.7403765
SubNetW8CleanAuxExDnRcK9Rr01QdEma,minbias,0,test,5.6401696,6.341485977172852,0.12434313218314763,2,40mm,0.6253592
SubNetW8CleanAuxExDnRcK9Rr01QdEma,minbias,0,test,18.825802,18.31950569152832,-0.026893736685855152,3,60mm,3.1571639
SubNetW8CleanAuxExDnRcK9Rr01QdEma,minbias,0,test,16.302822,16.515499114990234,0.01304541020435046,3,60mm,2.055851
SubNetW8CleanAuxExDnRcK9Rr01QdEma,minbias,0,test,23.922861,23.70042610168457,-0.009298009825657094,3,60mm,4.3243456
SubNetW8CleanAuxExDnRcK9Rr01QdEma,minbias,0,test,66.525604,69.31648254394531,0.04195194207469943,1,30mm,3.4144554
SubNetW8CleanAuxExDnRcK9Rr01QdEma,minbias,0,test,77.92692,73.76885986328125,-0.053358432126298316,0,15mm,2.5242949
SubNetW8CleanAuxExDnRcK9Rr01QdEma,minbias,0,test,20.095978,24.003530502319336,0.19444451826485754,2,40mm,2.321556
SubNetW8CleanAuxExDnRcK9Rr01QdEma,minbias,0,test,34.662483,20.00104331970215,-0.4229771942347391,1,30mm,2.3556545
SubNetW8CleanAuxExDnRcK9Rr01QdEma,minbias,0,test,32.44366,31.909034729003906,-0.016478596895370234,3,60mm,4.2314463
SubNetW8CleanAuxExDnRcK9Rr01QdEma,minbias,0,test,12.030772,11.828607559204102,-0.016803962908493064,3,60mm,1.3053732
SubNetW8CleanAuxExDnRcK9Rr01QdEma,minbias,0,test,90.435585,89.2591781616211,-0.013008229670496863,0,15mm,3.6551719
SubNetW8CleanAuxExDnRcK9Rr01QdEma,minbias,0,test,21.680515,21.329174041748047,-0.016205391932353375,4,120mm,4.5889754
SubNetW8CleanAuxExDnRcK9Rr01QdEma,minbias,0,test,20.00623,19.964683532714844,-0.0020766465828190306,2,40mm,3.0244963
SubNetW8CleanAuxExDnRcK9Rr01QdEma,minbias,0,test,5.584281,5.532912731170654,-0.009198719913763753,4,120mm,1.2325553
SubNetW8CleanAuxExDnRcK9Rr01QdEma,minbias,0,test,34.023293,34.70169448852539,0.019939338504465054,2,40mm,2.293852
SubNetW8CleanAuxExDnRcK9Rr01QdEma,minbias,0,test,10.061243,11.475394248962402,0.14055432153507819,2,40mm,1.093788
SubNetW8CleanAuxExDnRcK9Rr01QdEma,minbias,0,test,17.936184,20.724666595458984,0.1554668862108488,1,30mm,1.044243
SubNetW8CleanAuxExDnRcK9Rr01QdEma,minbias,0,test,46.50593,48.49427795410156,0.04275467710409697,1,30mm,2.4192107
SubNetW8CleanAuxExDnRcK9Rr01QdEma,minbias,0,test,32.011948,32.303470611572266,0.009106693010031197,2,40mm,2.9888167
SubNetW8CleanAuxExDnRcK9Rr01QdEma,minbias,0,test,12.405782,12.573860168457031,0.013548394288154464,3,60mm,2.0004487
SubNetW8CleanAuxExDnRcK9Rr01QdEma,minbias,0,test,19.534561,19.613109588623047,0.004020998002682408,3,60mm,4.2027235
SubNetW8CleanAuxExDnRcK9Rr01QdEma,minbias,0,test,32.538204,32.15635681152344,-0.01173535513286228,2,40mm,3.8375344
SubNetW8CleanAuxExDnRcK9Rr01QdEma,minbias,0,test,38.67124,38.81978988647461,0.0038413073762058048,2,40mm,2.7612085
SubNetW8CleanAuxExDnRcK9Rr01QdEma,minbias,0,test,5.0958734,5.156571865081787,0.011911306458674664,3,60mm,0.54718274
SubNetW8CleanAuxExDnRcK9Rr01QdEma,minbias,0,test,5.973351,5.733835697174072,-0.040097309616608845,3,60mm,0.8748948
SubNetW8CleanAuxExDnRcK9Rr01QdEma,minbias,0,test,7.7326627,10.632001876831055,0.374947068026535,3,60mm,1.0569648
SubNetW8CleanAuxExDnRcK9Rr01QdEma,minbias,0,test,20.883772,19.62530517578125,-0.06026050882121847,2,40mm,3.3212824
SubNetW8CleanAuxExDnRcK9Rr01QdEma,minbias,0,test,41.658325,41.246376037597656,-0.00988875946844825,2,40mm,3.8191411
SubNetW8CleanAuxExDnRcK9Rr01QdEma,minbias,0,test,14.296682,13.444805145263672,-0.05958565709200048,2,40mm,1.2813749
SubNetW8CleanAuxExDnRcK9Rr01QdEma,minbias,0,test,15.5420065,15.378005981445312,-0.01055208098435445,3,60mm,2.7865818
SubNetW8CleanAuxExDnRcK9Rr01QdEma,minbias,0,test,20.351406,19.467824935913086,-0.04341622182122251,3,60mm,2.9746363
SubNetW8CleanAuxExDnRcK9Rr01QdEma,minbias,0,test,34.409008,34.13863754272461,-0.007857549488005433,1,30mm,1.9488151
SubNetW8CleanAuxExDnRcK9Rr01QdEma,minbias,0,test,40.413578,40.12976837158203,-0.007022631394585921,2,40mm,4.3979163
SubNetW8CleanAuxExDnRcK9Rr01QdEma,minbias,0,test,23.578072,23.145238876342773,-0.018357426567543245,3,60mm,4.1177454
SubNetW8CleanAuxExDnRcK9Rr01QdEma,minbias,0,test,65.44046,63.46916198730469,-0.0301235384286076,1,30mm,4.2322226
SubNetW8CleanAuxExDnRcK9Rr01QdEma,minbias,0,test,5.9595914,6.079756259918213,0.020163273516304647,3,60mm,0.9839046
SubNetW8CleanAuxExDnRcK9Rr01QdEma,minbias,0,test,13.023519,12.84737491607666,-0.013525042821369349,3,60mm,3.13078
SubNetW8CleanAuxExDnRcK9Rr01QdEma,minbias,0,test,40.598045,40.27219009399414,-0.00802637792841443,3,60mm,4.3015556
SubNetW8CleanAuxExDnRcK9Rr01QdEma,minbias,0,test,65.462296,65.76376342773438,0.004605214239079114,1,30mm,3.4084187
SubNetW8CleanAuxExDnRcK9Rr01QdEma,minbias,0,test,11.43915,11.665724754333496,0.01980696997653486,4,120mm,2.452125
SubNetW8CleanAuxExDnRcK9Rr01QdEma,minbias,0,test,5.861733,5.660449981689453,-0.03433847625609654,4,120mm,1.393862
SubNetW8CleanAuxExDnRcK9Rr01QdEma,minbias,0,test,19.008062,17.971956253051758,-0.05450877053380798,3,60mm,2.3875175
SubNetW8CleanAuxExDnRcK9Rr01QdEma,minbias,0,test,4.192888,2.570307493209839,-0.3869839532552882,4,120mm,0.8602357
SubNetW8CleanAuxExDnRcK9Rr01QdEma,minbias,0,test,28.89053,27.952131271362305,-0.03248117542809581,3,60mm,3.261924
SubNetW8CleanAuxExDnRcK9Rr01QdEma,minbias,0,test,61.640263,64.73289489746094,0.050172276415846095,1,30mm,2.5982754
SubNetW8CleanAuxExDnRcK9Rr01QdEma,minbias,0,test,3.4579628,3.4766461849212646,0.005403017578836655,2,40mm,0.65031475
SubNetW8CleanAuxExDnRcK9Rr01QdEma,minbias,0,test,29.564346,30.171039581298828,0.02052111220012698,1,30mm,1.6604891
SubNetW8CleanAuxExDnRcK9Rr01QdEma,minbias,0,test,32.27968,35.58293151855469,0.10233228282362261,1,30mm,1.3595836
SubNetW8CleanAuxExDnRcK9Rr01QdEma,minbias,0,test,60.52316,61.3004150390625,0.012842290859518268,1,30mm,4.191738
SubNetW8CleanAuxExDnRcK9Rr01QdEma,minbias,0,test,39.800728,39.51685333251953,-0.007132394986084312,2,40mm,3.4636784
SubNetW8CleanAuxExDnRcK9Rr01QdEma,minbias,0,test,49.066383,47.63753128051758,-0.029120794796764327,2,40mm,4.367549
SubNetW8CleanAuxExDnRcK9Rr01QdEma,minbias,0,test,40.254345,36.266448974609375,-0.0990674664188882,2,40mm,3.1006758
SubNetW8CleanAuxExDnRcK9Rr01QdEma,minbias,0,test,48.935486,49.665916442871094,0.014926399329474371,2,40mm,4.307617
SubNetW8CleanAuxExDnRcK9Rr01QdEma,minbias,0,test,61.075912,54.66596221923828,-0.10495054427406103,2,40mm,4.7220035
SubNetW8CleanAuxExDnRcK9Rr01QdEma,minbias,0,test,56.153477,57.1785774230957,0.01825533819052705,2,40mm,4.5743394
SubNetW8CleanAuxExDnRcK9Rr01QdEma,minbias,0,test,21.523151,21.273853302001953,-0.011582787812834283,2,40mm,1.9744753
SubNetW8CleanAuxExDnRcK9Rr01QdEma,minbias,0,test,55.46696,55.69587326049805,0.0041270037112635105,2,40mm,4.279043
SubNetW8CleanAuxExDnRcK9Rr01QdEma,minbias,0,test,12.600223,12.488554954528809,-0.008862354000528705,4,120mm,2.6914544
SubNetW8CleanAuxExDnRcK9Rr01QdEma,minbias,0,test,22.248474,21.5610408782959,-0.03089799502906565,3,60mm,2.858612
SubNetW8CleanAuxExDnRcK9Rr01QdEma,minbias,0,test,36.139595,36.54677963256836,0.011266994012314901,2,40mm,4.088416
SubNetW8CleanAuxExDnRcK9Rr01QdEma,minbias,0,test,17.566507,18.722265243530273,0.06579326679557851,2,40mm,1.4357053
SubNetW8CleanAuxExDnRcK9Rr01QdEma,minbias,0,test,14.683235,14.311872482299805,-0.025291611957220406,3,60mm,2.0933816
SubNetW8CleanAuxExDnRcK9Rr01QdEma,minbias,0,test,89.59569,89.4577407836914,-0.0015396620730846466,0,15mm,4.7670074
SubNetW8CleanAuxExDnRcK9Rr01QdEma,minbias,0,test,63.915016,60.53480911254883,-0.05288596114172428,2,40mm,4.1400228
SubNetW8CleanAuxExDnRcK9Rr01QdEma,minbias,0,test,99.70373,99.1175765991211,-0.005878928866934974,0,15mm,2.3733623
SubNetW8CleanAuxExDnRcK9Rr01QdEma,minbias,0,test,28.844688,28.396930694580078,-0.015523056255523082,1,30mm,1.7769628
SubNetW8CleanAuxExDnRcK9Rr01QdEma,minbias,0,test,33.890594,33.73295593261719,-0.0046513952384769075,0,15mm,1.2703961
SubNetW8CleanAuxExDnRcK9Rr01QdEma,minbias,0,test,18.442736,17.5013370513916,-0.05104441322308062,3,60mm,3.6843593
SubNetW8CleanAuxExDnRcK9Rr01QdEma,minbias,0,test,3.6850438,3.9179751873016357,0.06320993382976425,3,60mm,0.8610924
SubNetW8CleanAuxExDnRcK9Rr01QdEma,minbias,0,test,32.0669,32.445247650146484,0.011798749605199443,3,60mm,3.9485483
SubNetW8CleanAuxExDnRcK9Rr01QdEma,minbias,0,test,43.022808,42.508060455322266,-0.011964528645646566,2,40mm,4.590529
SubNetW8CleanAuxExDnRcK9Rr01QdEma,minbias,0,test,9.096216,9.16240406036377,0.007276416601506686,3,60mm,1.2100906
SubNetW8CleanAuxExDnRcK9Rr01QdEma,minbias,0,test,6.9617996,7.032081604003906,0.010095375656029582,2,40mm,0.7139965
SubNetW8CleanAuxExDnRcK9Rr01QdEma,minbias,0,test,23.93467,26.758493423461914,0.11798048556578955,1,30mm,1.6300567
SubNetW8CleanAuxExDnRcK9Rr01QdEma,minbias,0,test,69.3376,67.25817108154297,-0.029989927618373602,1,30mm,2.5036688
SubNetW8CleanAuxExDnRcK9Rr01QdEma,minbias,0,test,57.596844,54.50602722167969,-0.053662949186176534,1,30mm,2.9317622
SubNetW8CleanAuxExDnRcK9Rr01QdEma,minbias,0,test,86.81104,86.6749038696289,-0.0015682211807059865,0,15mm,3.1884594
SubNetW8CleanAuxExDnRcK9Rr01QdEma,minbias,0,test,12.1495285,11.222062110900879,-0.07633764489347639,0,15mm,0.58621156
SubNetW8CleanAuxExDnRcK9Rr01QdEma,minbias,0,test,58.312588,55.40299606323242,-0.04989645954104638,2,40mm,4.9809713
SubNetW8CleanAuxExDnRcK9Rr01QdEma,minbias,0,test,21.468527,21.926679611206055,0.02134067113249638,3,60mm,2.5064123
SubNetW8CleanAuxExDnRcK9Rr01QdEma,minbias,0,test,30.677893,31.1999454498291,0.01701723029851121,3,60mm,4.552864
SubNetW8CleanAuxExDnRcK9Rr01QdEma,minbias,0,test,23.123827,22.776004791259766,-0.015041722532477042,2,40mm,2.5528
SubNetW8CleanAuxExDnRcK9Rr01QdEma,minbias,0,test,8.025797,7.795118808746338,-0.028742078159544993,2,40mm,1.0955461
SubNetW8CleanAuxExDnRcK9Rr01QdEma,minbias,0,test,38.50728,37.63689041137695,-0.022603208178116008,2,40mm,4.187391
SubNetW8CleanAuxExDnRcK9Rr01QdEma,minbias,0,test,11.666191,12.733577728271484,0.09149401188010553,3,60mm,1.8814226
SubNetW8CleanAuxExDnRcK9Rr01QdEma,minbias,0,test,18.19065,18.148427963256836,-0.002321136105792765,3,60mm,2.7627969
SubNetW8CleanAuxExDnRcK9Rr01QdEma,minbias,0,test,39.381042,38.58192443847656,-0.020291947385306375,2,40mm,3.826076
SubNetW8CleanAuxExDnRcK9Rr01QdEma,minbias,0,test,63.196102,57.91175842285156,-0.0836181906849367,0,15mm,1.9638585
SubNetW8CleanAuxExDnRcK9Rr01QdEma,minbias,0,test,6.7708735,6.317162036895752,-0.06700930191384225,4,120mm,1.5389537
SubNetW8CleanAuxExDnRcK9Rr01QdEma,minbias,0,test,14.275041,13.413357734680176,-0.06036290294295377,2,40mm,2.0072937
SubNetW8CleanAuxExDnRcK9Rr01QdEma,minbias,0,test,29.560911,29.48387908935547,-0.0026058766851947412,1,30mm,1.7030971
SubNetW8CleanAuxExDnRcK9Rr01QdEma,minbias,0,test,23.237234,22.098844528198242,-0.0489898919010362,3,60mm,3.922196
SubNetW8CleanAuxExDnRcK9Rr01QdEma,minbias,0,test,28.093964,27.84637451171875,-0.008812893568532099,2,40mm,3.490369
SubNetW8CleanAuxExDnRcK9Rr01QdEma,minbias,0,test,28.283459,28.61704444885254,0.011794375735989515,3,60mm,4.5493217
SubNetW8CleanAuxExDnRcK9Rr01QdEma,minbias,0,test,81.24531,82.59207153320312,0.01657650940441746,1,30mm,4.9111834
SubNetW8CleanAuxExDnRcK9Rr01QdEma,minbias,0,test,12.725959,12.829195022583008,0.00811225306098895,3,60mm,2.483216
SubNetW8CleanAuxExDnRcK9Rr01QdEma,minbias,0,test,52.46769,53.029476165771484,0.010707287795848286,1,30mm,2.4869833
SubNetW8CleanAuxExDnRcK9Rr01QdEma,minbias,0,test,30.594257,30.344587326049805,-0.008160682764468907,2,40mm,3.9538205
SubNetW8CleanAuxExDnRcK9Rr01QdEma,minbias,0,test,7.900953,9.262015342712402,0.17226561889408964,3,60mm,0.9698522
SubNetW8CleanAuxExDnRcK9Rr01QdEma,minbias,0,test,7.634668,7.471607208251953,-0.02135792516909718,3,60mm,1.1614531
SubNetW8CleanAuxExDnRcK9Rr01QdEma,minbias,0,test,17.631603,16.31966781616211,-0.07440817530174582,1,30mm,1.2657282
SubNetW8CleanAuxExDnRcK9Rr01QdEma,minbias,0,test,30.555996,30.834280014038086,0.009107347487931072,2,40mm,1.9369165
SubNetW8CleanAuxExDnRcK9Rr01QdEma,minbias,0,test,9.329207,12.778648376464844,0.3697464104605186,3,60mm,1.4781364
SubNetW8CleanAuxExDnRcK9Rr01QdEma,minbias,0,test,7.053121,7.215135097503662,0.022970541055866933,3,60mm,1.2303288
SubNetW8CleanAuxExDnRcK9Rr01QdEma,minbias,0,test,30.472145,31.68175506591797,0.03969559681976542,1,30mm,2.7870655
SubNetW8CleanAuxExDnRcK9Rr01QdEma,minbias,0,test,12.700367,12.363455772399902,-0.026527674528620704,2,40mm,1.8464131
SubNetW8CleanAuxExDnRcK9Rr01QdEma,minbias,0,test,7.8265047,8.060561180114746,0.029905619625951285,3,60mm,1.3327682
SubNetW8CleanAuxExDnRcK9Rr01QdEma,minbias,0,test,56.594624,54.42804718017578,-0.03828237116877187,1,30mm,3.770588
SubNetW8CleanAuxExDnRcK9Rr01QdEma,minbias,0,test,27.28628,28.12167739868164,0.030616035977961253,2,40mm,2.4814482
SubNetW8CleanAuxExDnRcK9Rr01QdEma,minbias,0,test,25.686434,25.520381927490234,-0.006464574489705943,1,30mm,1.8925053
SubNetW8CleanAuxExDnRcK9Rr01QdEma,minbias,0,test,73.43352,74.43207550048828,0.013598123568453246,1,30mm,3.2382658
SubNetW8CleanAuxExDnRcK9Rr01QdEma,minbias,0,test,72.911156,70.4399642944336,-0.0338931866118648,1,30mm,3.822147
SubNetW8CleanAuxExDnRcK9Rr01QdEma,minbias,0,test,45.087887,45.07540512084961,-0.000276830216187296,2,40mm,3.7485182
SubNetW8CleanAuxExDnRcK9Rr01QdEma,minbias,0,test,48.261803,49.229915618896484,0.02005961012499502,2,40mm,4.5137315
SubNetW8CleanAuxExDnRcK9Rr01QdEma,minbias,0,test,41.094894,40.181671142578125,-0.022222304734710985,2,40mm,4.149971
SubNetW8CleanAuxExDnRcK9Rr01QdEma,minbias,0,test,67.373436,75.36618041992188,0.1186334692633293,1,30mm,4.850513
SubNetW8CleanAuxExDnRcK9Rr01QdEma,minbias,0,test,26.843607,26.33956527709961,-0.018776972584694906,3,60mm,3.8437853
SubNetW8CleanAuxExDnRcK9Rr01QdEma,minbias,0,test,7.0137053,7.145435333251953,0.018781810025912282,3,60mm,1.2803893
SubNetW8CleanAuxExDnRcK9Rr01QdEma,minbias,0,test,82.36323,81.49893951416016,-0.010493618969288465,0,15mm,4.294807
SubNetW8CleanAuxExDnRcK9Rr01QdEma,minbias,0,test,20.02781,19.466848373413086,-0.028009093038892097,4,120mm,4.808011
SubNetW8CleanAuxExDnRcK9Rr01QdEma,minbias,0,test,30.747427,31.18316650390625,0.014171576613564385,3,60mm,4.711492
SubNetW8CleanAuxExDnRcK9Rr01QdEma,minbias,0,test,53.180862,56.602256774902344,0.06433506701506708,0,15mm,2.5935564
SubNetW8CleanAuxExDnRcK9Rr01QdEma,minbias,0,test,68.94708,70.97425842285156,0.02940190983057267,0,15mm,2.0886676
SubNetW8CleanAuxExDnRcK9Rr01QdEma,minbias,0,test,6.7944684,6.8035173416137695,0.0013318096743828445,1,30mm,0.62607163
SubNetW8CleanAuxExDnRcK9Rr01QdEma,minbias,0,test,4.0991025,4.0586676597595215,-0.00986431477863925,3,60mm,0.6731283
SubNetW8CleanAuxExDnRcK9Rr01QdEma,minbias,0,test,21.499502,21.402658462524414,-0.0045044633435034065,1,30mm,1.3148232
SubNetW8CleanAuxExDnRcK9Rr01QdEma,minbias,0,test,26.010805,26.711267471313477,0.026929667797963353,3,60mm,3.7441745
SubNetW8CleanAuxExDnRcK9Rr01QdEma,minbias,0,test,4.276049,4.102605819702148,-0.040561581930354196,4,120mm,1.0118784
SubNetW8CleanAuxExDnRcK9Rr01QdEma,minbias,0,test,16.317436,16.29271125793457,-0.00151524786102597,3,60mm,2.9736414
SubNetW8CleanAuxExDnRcK9Rr01QdEma,minbias,0,test,18.094885,18.436538696289062,0.01888123777858186,3,60mm,3.2315452
SubNetW8CleanAuxExDnRcK9Rr01QdEma,minbias,0,test,2.8032959,4.4444966316223145,0.5854540042312066,4,120mm,0.67465365
SubNetW8CleanAuxExDnRcK9Rr01QdEma,minbias,0,test,26.45749,25.772016525268555,-0.025908518604360276,3,60mm,4.55651
SubNetW8CleanAuxExDnRcK9Rr01QdEma,minbias,0,test,6.1775045,5.528951168060303,-0.10498630430517064,1,30mm,0.6331677
SubNetW8CleanAuxExDnRcK9Rr01QdEma,minbias,0,test,15.444283,18.133968353271484,0.17415414513467042,1,30mm,0.9058099
SubNetW8CleanAuxExDnRcK9Rr01QdEma,minbias,0,test,60.608204,51.64497756958008,-0.14788800431921367,2,40mm,3.618526
SubNetW8CleanAuxExDnRcK9Rr01QdEma,minbias,0,test,8.13039,8.228939056396484,0.012121052880990524,3,60mm,1.0653058
SubNetW8CleanAuxExDnRcK9Rr01QdEma,minbias,0,test,38.92546,42.32326889038086,0.08729011818414523,2,40mm,3.6904883
SubNetW8CleanAuxExDnRcK9Rr01QdEma,minbias,0,test,21.598907,22.41216468811035,0.03765270157809297,2,40mm,3.545176
SubNetW8CleanAuxExDnRcK9Rr01QdEma,minbias,0,test,52.6882,52.9038200378418,0.004092341847925951,1,30mm,3.8344367
SubNetW8CleanAuxExDnRcK9Rr01QdEma,minbias,0,test,58.61503,57.10034942626953,-0.025841136597660075,2,40mm,3.9542217
SubNetW8CleanAuxExDnRcK9Rr01QdEma,minbias,0,test,38.00776,38.576072692871094,0.014952567901298952,1,30mm,1.6067677
SubNetW8CleanAuxExDnRcK9Rr01QdEma,minbias,0,test,16.369606,15.918453216552734,-0.02756039461278148,3,60mm,2.759655
SubNetW8CleanAuxExDnRcK9Rr01QdEma,minbias,0,test,22.096527,22.24618911743164,0.006773101363286793,3,60mm,2.9168015
SubNetW8CleanAuxExDnRcK9Rr01QdEma,minbias,0,test,14.558581,15.249505996704102,0.047458239766211774,2,40mm,1.2274913
SubNetW8CleanAuxExDnRcK9Rr01QdEma,minbias,0,test,17.918394,17.63461685180664,-0.01583720257144705,3,60mm,2.7988057
SubNetW8CleanAuxExDnRcK9Rr01QdEma,minbias,0,test,22.93163,23.164175033569336,0.010140834339617655,2,40mm,2.2706118
SubNetW8CleanAuxExDnRcK9Rr01QdEma,minbias,0,test,51.47598,48.91128921508789,-0.04982303772480445,0,15mm,2.790462
SubNetW8CleanAuxExDnRcK9Rr01QdEma,minbias,0,test,28.439867,28.43951416015625,-1.2407213325849042e-05,2,40mm,4.080947
SubNetW8CleanAuxExDnRcK9Rr01QdEma,minbias,0,test,19.893896,19.66761016845703,-0.011374641411502906,2,40mm,2.1194663
SubNetW8CleanAuxExDnRcK9Rr01QdEma,minbias,0,test,23.700724,23.945335388183594,0.010320855335242518,3,60mm,2.7331886
SubNetW8CleanAuxExDnRcK9Rr01QdEma,minbias,0,test,12.0723505,11.519315719604492,-0.045810033623311375,3,60mm,2.6800165
SubNetW8CleanAuxExDnRcK9Rr01QdEma,minbias,0,test,21.071442,20.407825469970703,-0.031493629692281644,3,60mm,3.9896588
SubNetW8CleanAuxExDnRcK9Rr01QdEma,minbias,0,test,78.59629,79.53346252441406,0.011923869803770692,1,30mm,3.5997653
SubNetW8CleanAuxExDnRcK9Rr01QdEma,minbias,0,test,9.402826,9.713814735412598,0.03307393075038312,3,60mm,1.3047335
SubNetW8CleanAuxExDnRcK9Rr01QdEma,minbias,0,test,19.260345,18.402101516723633,-0.044560153092186416,3,60mm,2.617331
SubNetW8CleanAuxExDnRcK9Rr01QdEma,minbias,0,test,20.49024,20.423154830932617,-0.003274010738554156,4,120mm,4.7232285
SubNetW8CleanAuxExDnRcK9Rr01QdEma,minbias,0,test,21.33309,20.722854614257812,-0.028605102174107166,3,60mm,2.586792
SubNetW8CleanAuxExDnRcK9Rr01QdEma,minbias,0,test,22.984154,22.820865631103516,-0.007104378009672119,3,60mm,2.9507618
SubNetW8CleanAuxExDnRcK9Rr01QdEma,minbias,0,test,36.508724,37.351844787597656,0.023093673995300046,0,15mm,1.4008797
SubNetW8CleanAuxExDnRcK9Rr01QdEma,minbias,0,test,6.0129867,7.120847702026367,0.18424471974831058,3,60mm,1.2573354
SubNetW8CleanAuxExDnRcK9Rr01QdEma,minbias,0,test,8.78786,8.174560546875,-0.06978938850031458,3,60mm,2.100053
SubNetW8CleanAuxExDnRcK9Rr01QdEma,minbias,0,test,26.065748,25.525129318237305,-0.020740586152790286,3,60mm,3.0419824
SubNetW8CleanAuxExDnRcK9Rr01QdEma,minbias,0,test,45.29609,46.32648468017578,0.022748001574519616,1,30mm,3.274801
SubNetW8CleanAuxExDnRcK9Rr01QdEma,minbias,0,test,39.360115,44.25424575805664,0.12434238823774102,0,15mm,1.3521863
SubNetW8CleanAuxExDnRcK9Rr01QdEma,minbias,0,test,97.80044,95.55203247070312,-0.02298972790096876,1,30mm,4.0354147
SubNetW8CleanAuxExDnRcK9Rr01QdEma,minbias,0,test,11.620888,10.959035873413086,-0.056953642166713836,3,60mm,1.4454379
SubNetW8CleanAuxExDnRcK9Rr01QdEma,minbias,0,test,17.098442,17.7878475189209,0.04031978107443268,2,40mm,1.7654922
SubNetW8CleanAuxExDnRcK9Rr01QdEma,minbias,0,test,69.5512,77.01739501953125,0.10734817026583943,1,30mm,3.436867
SubNetW8CleanAuxExDnRcK9Rr01QdEma,minbias,0,test,15.828205,13.817985534667969,-0.12700237077904564,1,30mm,0.88413954
SubNetW8CleanAuxExDnRcK9Rr01QdEma,minbias,0,test,69.66944,69.06119537353516,-0.008730453968494145,1,30mm,4.5230665
SubNetW8CleanAuxExDnRcK9Rr01QdEma,minbias,0,test,32.46372,33.95481872558594,0.04593128526589774,1,30mm,2.4911385
SubNetW8CleanAuxExDnRcK9Rr01QdEma,minbias,0,test,17.515364,17.203901290893555,-0.017782240083544787,2,40mm,1.9268386
SubNetW8CleanAuxExDnRcK9Rr01QdEma,minbias,0,test,75.707275,73.35655975341797,-0.03105006256106957,1,30mm,4.413252
SubNetW8CleanAuxExDnRcK9Rr01QdEma,minbias,0,test,31.86029,30.947057723999023,-0.028663668416989307,1,30mm,1.7513402
SubNetW8CleanAuxExDnRcK9Rr01QdEma,minbias,0,test,41.110878,42.761051177978516,0.04013957540941471,1,30mm,2.7656167
SubNetW8CleanAuxExDnRcK9Rr01QdEma,minbias,0,test,84.593735,81.99369812011719,-0.03073556959091328,0,15mm,2.6941
SubNetW8CleanAuxExDnRcK9Rr01QdEma,minbias,0,test,38.915936,38.777503967285156,-0.003557194430391597,1,30mm,2.0329967
SubNetW8CleanAuxExDnRcK9Rr01QdEma,minbias,0,test,22.871967,22.932910919189453,0.0026645545035324236,3,60mm,4.2377076
SubNetW8CleanAuxExDnRcK9Rr01QdEma,minbias,0,test,8.185305,8.464845657348633,0.034151571366088485,3,60mm,1.0291497
SubNetW8CleanAuxExDnRcK9Rr01QdEma,minbias,0,test,4.436075,4.789915561676025,0.07976428133173319,3,60mm,0.6911243
SubNetW8CleanAuxExDnRcK9Rr01QdEma,minbias,0,test,99.856636,99.73294830322266,-0.0012386532236271508,0,15mm,2.4880729
SubNetW8CleanAuxExDnRcK9Rr01QdEma,minbias,0,test,19.998854,19.61099624633789,-0.01939398343887777,3,60mm,4.090396
SubNetW8CleanAuxExDnRcK9Rr01QdEma,minbias,0,test,29.041355,28.60702896118164,-0.014955437509203029,2,40mm,3.517733
SubNetW8CleanAuxExDnRcK9Rr01QdEma,minbias,0,test,6.697509,6.480896949768066,-0.03234215411499064,4,120mm,1.3944931
SubNetW8CleanAuxExDnRcK9Rr01QdEma,minbias,0,test,78.108734,79.64461517333984,0.01966337131910678,1,30mm,4.1753716
SubNetW8CleanAuxExDnRcK9Rr01QdEma,minbias,0,test,23.272793,23.024402618408203,-0.010672986251199168,3,60mm,4.9837594
SubNetW8CleanAuxExDnRcK9Rr01QdEma,minbias,0,test,18.365366,19.015031814575195,0.035374510540890025,2,40mm,1.9524891
SubNetW8CleanAuxExDnRcK9Rr01QdEma,minbias,0,test,7.2807117,7.019012928009033,-0.03594411307428458,4,120mm,1.5891676
SubNetW8CleanAuxExDnRcK9Rr01QdEma,minbias,0,test,59.051,56.827728271484375,-0.03765000534565388,2,40mm,4.792136
SubNetW8CleanAuxExDnRcK9Rr01QdEma,minbias,0,test,15.92185,15.80810832977295,-0.007143759879295164,2,40mm,1.9100761
SubNetW8CleanAuxExDnRcK9Rr01QdEma,minbias,0,test,20.124506,19.470848083496094,-0.032480693603860966,3,60mm,3.835425
SubNetW8CleanAuxExDnRcK9Rr01QdEma,minbias,0,test,54.076992,54.89863204956055,0.015193892702426659,0,15mm,1.2102453
SubNetW8CleanAuxExDnRcK9Rr01QdEma,minbias,0,test,67.69461,63.986698150634766,-0.05477411587775227,0,15mm,1.8131061
SubNetW8CleanAuxExDnRcK9Rr01QdEma,minbias,0,test,6.618221,6.692156791687012,0.011171580358394051,3,60mm,1.1780571
SubNetW8CleanAuxExDnRcK9Rr01QdEma,minbias,0,test,19.946465,20.372392654418945,0.02135356443850145,4,120mm,4.3777857
SubNetW8CleanAuxExDnRcK9Rr01QdEma,minbias,0,test,47.348354,48.17338180541992,0.01742462810645784,3,60mm,4.7179785
SubNetW8CleanAuxExDnRcK9Rr01QdEma,minbias,0,test,5.68247,6.391961097717285,0.12485614042389681,2,40mm,0.55905205
SubNetW8CleanAuxExDnRcK9Rr01QdEma,minbias,0,test,19.313007,19.460609436035156,0.007642625438271322,3,60mm,3.5104594
SubNetW8CleanAuxExDnRcK9Rr01QdEma,minbias,0,test,23.700396,22.80335235595703,-0.037849293483986135,1,30mm,1.0811336
SubNetW8CleanAuxExDnRcK9Rr01QdEma,minbias,0,test,31.165268,34.0091438293457,0.09125144985402311,3,60mm,3.8885894
SubNetW8CleanAuxExDnRcK9Rr01QdEma,minbias,0,test,17.1862,16.425668716430664,-0.04425239481237375,3,60mm,2.3726401
SubNetW8CleanAuxExDnRcK9Rr01QdEma,minbias,0,test,50.296463,50.11221694946289,-0.0036632011914220497,2,40mm,4.4020963
SubNetW8CleanAuxExDnRcK9Rr01QdEma,minbias,0,test,5.65668,5.263852596282959,-0.06944488699997753,3,60mm,0.607102
SubNetW8CleanAuxExDnRcK9Rr01QdEma,minbias,0,test,71.25518,70.72789764404297,-0.00739992113117971,1,30mm,3.3646746
SubNetW8CleanAuxExDnRcK9Rr01QdEma,minbias,0,test,22.168709,22.241596221923828,0.0032878514174052853,3,60mm,3.5458763
SubNetW8CleanAuxExDnRcK9Rr01QdEma,minbias,0,test,74.93581,76.60911560058594,0.022329903544965335,1,30mm,4.0563307
SubNetW8CleanAuxExDnRcK9Rr01QdEma,minbias,0,test,8.9618025,8.675440788269043,-0.03195358242850932,2,40mm,0.90471184
SubNetW8CleanAuxExDnRcK9Rr01QdEma,minbias,0,test,26.38428,29.414037704467773,0.1148319582481292,3,60mm,4.767771
SubNetW8CleanAuxExDnRcK9Rr01QdEma,minbias,0,test,6.726995,6.646505832672119,-0.011965098641286032,3,60mm,1.3265587
SubNetW8CleanAuxExDnRcK9Rr01QdEma,minbias,0,test,10.208177,9.737505912780762,-0.0461072254060122,3,60mm,1.682406
SubNetW8CleanAuxExDnRcK9Rr01QdEma,minbias,0,test,25.607822,25.576780319213867,-0.0012122115848844928,2,40mm,4.077785
SubNetW8CleanAuxExDnRcK9Rr01QdEma,minbias,0,test,91.32111,54.55787658691406,-0.4025710545537665,1,30mm,3.9543185
SubNetW8CleanAuxExDnRcK9Rr01QdEma,minbias,0,test,26.04701,24.953041076660156,-0.0419998044834794,2,40mm,1.6933191
SubNetW8CleanAuxExDnRcK9Rr01QdEma,minbias,0,test,20.432066,21.183048248291016,0.03675508320492149,1,30mm,1.0618979
SubNetW8CleanAuxExDnRcK9Rr01QdEma,minbias,0,test,38.37768,37.50999069213867,-0.022609261447690487,3,60mm,4.210234
SubNetW8CleanAuxExDnRcK9Rr01QdEma,minbias,0,test,5.3112707,5.304862022399902,-0.0012066211179164732,3,60mm,1.2716632
SubNetW8CleanAuxExDnRcK9Rr01QdEma,minbias,0,test,21.657358,21.554473876953125,-0.004750546756305929,3,60mm,3.3592935
SubNetW8CleanAuxExDnRcK9Rr01QdEma,minbias,0,test,38.350758,37.6291389465332,-0.01881628154237247,0,15mm,1.6270226
SubNetW8CleanAuxExDnRcK9Rr01QdEma,minbias,0,test,22.115723,23.864116668701172,0.07905660780915369,1,30mm,1.1212723
SubNetW8CleanAuxExDnRcK9Rr01QdEma,minbias,0,test,39.81793,39.43559646606445,-0.009602002523272812,2,40mm,2.9880786
SubNetW8CleanAuxExDnRcK9Rr01QdEma,minbias,0,test,88.65556,87.04132080078125,-0.018208023192592404,0,15mm,3.021179
SubNetW8CleanAuxExDnRcK9Rr01QdEma,minbias,0,test,14.096879,15.019378662109375,0.06543999252045563,3,60mm,1.927934
SubNetW8CleanAuxExDnRcK9Rr01QdEma,minbias,0,test,39.59456,39.852169036865234,0.00650620513020117,0,15mm,1.5237418
SubNetW8CleanAuxExDnRcK9Rr01QdEma,minbias,0,test,6.0358577,5.849602222442627,-0.03085815885166432,3,60mm,0.8923868
SubNetW8CleanAuxExDnRcK9Rr01QdEma,minbias,0,test,27.40913,27.512086868286133,0.003756294763399781,3,60mm,4.364653
SubNetW8CleanAuxExDnRcK9Rr01QdEma,minbias,0,test,18.399145,18.567729949951172,0.009162644375636075,3,60mm,3.4526384
SubNetW8CleanAuxExDnRcK9Rr01QdEma,minbias,0,test,25.77323,26.095447540283203,0.012502039763642836,0,15mm,0.8611047
SubNetW8CleanAuxExDnRcK9Rr01QdEma,minbias,0,test,12.206798,11.575068473815918,-0.051752240570229646,3,60mm,2.6376593
SubNetW8CleanAuxExDnRcK9Rr01QdEma,minbias,0,test,94.76808,91.21573638916016,-0.03748461732542807,1,30mm,4.997997
SubNetW8CleanAuxExDnRcK9Rr01QdEma,minbias,0,test,32.075035,32.66233825683594,0.018310288979503264,1,30mm,1.9808967
SubNetW8CleanAuxExDnRcK9Rr01QdEma,minbias,0,test,54.61226,54.617549896240234,9.688273682351145e-05,0,15mm,2.049051
SubNetW8CleanAuxExDnRcK9Rr01QdEma,minbias,0,test,22.669382,21.62808609008789,-0.045934026823925556,2,40mm,3.0681906
SubNetW8CleanAuxExDnRcK9Rr01QdEma,minbias,0,test,13.170118,12.570544242858887,-0.04552533803721537,2,40mm,1.3968719
SubNetW8CleanAuxExDnRcK9Rr01QdEma,minbias,0,test,26.326378,25.927886962890625,-0.015136564086023152,2,40mm,4.7716293
SubNetW8CleanAuxExDnRcK9Rr01QdEma,minbias,0,test,12.907243,12.413551330566406,-0.038249179395199895,3,60mm,2.5989692
SubNetW8CleanAuxExDnRcK9Rr01QdEma,minbias,0,test,13.844412,13.332881927490234,-0.03694847625370623,3,60mm,3.0177221
SubNetW8CleanAuxExDnRcK9Rr01QdEma,minbias,0,test,25.896626,26.3460693359375,0.017355304335401334,3,60mm,3.5638182
SubNetW8CleanAuxExDnRcK9Rr01QdEma,minbias,0,test,10.588359,8.347766876220703,-0.21160899705558078,2,40mm,1.0638095
SubNetW8CleanAuxExDnRcK9Rr01QdEma,minbias,0,test,42.9691,42.30971145629883,-0.015345666565933613,3,60mm,4.4570746
SubNetW8CleanAuxExDnRcK9Rr01QdEma,minbias,0,test,21.783298,21.361141204833984,-0.019379860572737884,3,60mm,4.73356
SubNetW8CleanAuxExDnRcK9Rr01QdEma,minbias,0,test,21.574371,24.308895111083984,0.12674871171753543,3,60mm,2.8986022
SubNetW8CleanAuxExDnRcK9Rr01QdEma,minbias,0,test,56.673504,55.7320556640625,-0.016611787648320275,1,30mm,4.805298
SubNetW8CleanAuxExDnRcK9Rr01QdEma,minbias,0,test,64.90123,65.51787567138672,0.009501296267169002,0,15mm,1.7891958
SubNetW8CleanAuxExDnRcK9Rr01QdEma,minbias,0,test,25.520575,15.154756546020508,-0.4061749470165875,1,30mm,1.6734313
SubNetW8CleanAuxExDnRcK9Rr01QdEma,minbias,0,test,12.050133,11.701497077941895,-0.028932102302405616,3,60mm,1.3464631
SubNetW8CleanAuxExDnRcK9Rr01QdEma,minbias,0,test,51.869873,50.565025329589844,-0.025156177191834606,0,15mm,1.8448722
SubNetW8CleanAuxExDnRcK9Rr01QdEma,minbias,0,test,59.530525,59.98944854736328,0.007709042348341022,1,30mm,3.0147598
SubNetW8CleanAuxExDnRcK9Rr01QdEma,minbias,0,test,48.42128,52.96244430541992,0.0937844767196172,1,30mm,3.4203005
SubNetW8CleanAuxExDnRcK9Rr01QdEma,minbias,0,test,10.123821,9.613821029663086,-0.05037625772495491,4,120mm,2.0859573
SubNetW8CleanAuxExDnRcK9Rr01QdEma,minbias,0,test,13.784986,13.729209899902344,-0.004046115407511985,3,60mm,2.5319598
SubNetW8CleanAuxExDnRcK9Rr01QdEma,minbias,0,test,6.724283,6.8118462562561035,0.013021914013514824,3,60mm,0.9876787
SubNetW8CleanAuxExDnRcK9Rr01QdEma,minbias,0,test,37.81555,35.48772048950195,-0.06155751166131351,0,15mm,1.877339
SubNetW8CleanAuxExDnRcK9Rr01QdEma,minbias,0,test,67.218025,65.07772827148438,-0.03184111597190642,0,15mm,1.7672569
SubNetW8CleanAuxExDnRcK9Rr01QdEma,minbias,0,test,74.40772,73.30050659179688,-0.014880389354038792,0,15mm,2.9918811
SubNetW8CleanAuxExDnRcK9Rr01QdEma,minbias,0,test,20.999475,20.703954696655273,-0.014072769711055755,2,40mm,1.8559438
SubNetW8CleanAuxExDnRcK9Rr01QdEma,minbias,0,test,12.133007,11.958601951599121,-0.014374433085633354,3,60mm,1.5897759
SubNetW8CleanAuxExDnRcK9Rr01QdEma,minbias,0,test,44.608894,44.44646072387695,-0.003641283350353519,2,40mm,4.467139
SubNetW8CleanAuxExDnRcK9Rr01QdEma,minbias,0,test,47.8439,46.165340423583984,-0.035084062809485395,1,30mm,3.1344016
SubNetW8CleanAuxExDnRcK9Rr01QdEma,minbias,0,test,89.127495,83.78081512451172,-0.05998911670048901,1,30mm,3.8525796
SubNetW8CleanAuxExDnRcK9Rr01QdEma,minbias,0,test,23.834051,29.615928649902344,0.24258895332687724,3,60mm,3.087449
SubNetW8CleanAuxExDnRcK9Rr01QdEma,minbias,0,test,56.90678,58.686058044433594,0.031266534390425926,2,40mm,4.911425
SubNetW8CleanAuxExDnRcK9Rr01QdEma,minbias,0,test,9.98909,9.908208847045898,-0.008096945672845579,3,60mm,1.9832575
SubNetW8CleanAuxExDnRcK9Rr01QdEma,minbias,0,test,36.60671,35.033992767333984,-0.042962501207505555,2,40mm,4.530177
SubNetW8CleanAuxExDnRcK9Rr01QdEma,minbias,0,test,9.5297365,9.281611442565918,-0.026036929331980208,3,60mm,1.8696153
SubNetW8CleanAuxExDnRcK9Rr01QdEma,minbias,0,test,57.54474,58.44530487060547,0.0156498425456586,0,15mm,1.6737059
SubNetW8CleanAuxExDnRcK9Rr01QdEma,minbias,0,test,41.80052,44.47365188598633,0.06394968093832354,1,30mm,1.9130864
SubNetW8CleanAuxExDnRcK9Rr01QdEma,minbias,0,test,26.899338,26.962677001953125,0.002354676310004855,2,40mm,2.5543387
SubNetW8CleanAuxExDnRcK9Rr01QdEma,minbias,0,test,57.014175,67.01004791259766,0.17532258293297898,0,15mm,1.5053697
SubNetW8CleanAuxExDnRcK9Rr01QdEma,minbias,0,test,10.187333,11.454187393188477,0.12435583217790569,3,60mm,1.2788787
SubNetW8CleanAuxExDnRcK9Rr01QdEma,minbias,0,test,6.721304,7.223289489746094,0.0746857387229316,2,40mm,0.73780334
SubNetW8CleanAuxExDnRcK9Rr01QdEma,minbias,0,test,5.097461,5.076159477233887,-0.004178893263528272,3,60mm,0.95488685
SubNetW8CleanAuxExDnRcK9Rr01QdEma,minbias,0,test,84.91404,83.04182434082031,-0.022048359488665348,0,15mm,4.1353855
SubNetW8CleanAuxExDnRcK9Rr01QdEma,minbias,0,test,28.028318,40.37297821044922,0.4404352636092863,0,15mm,1.2686235
SubNetW8CleanAuxExDnRcK9Rr01QdEma,minbias,0,test,36.74404,38.25294494628906,0.04106525695503538,1,30mm,3.7402813
SubNetW8CleanAuxExDnRcK9Rr01QdEma,minbias,0,test,14.984801,15.20462417602539,0.014669722962370013,2,40mm,3.1482496
SubNetW8CleanAuxExDnRcK9Rr01QdEma,minbias,0,test,26.529936,25.798877716064453,-0.027555970177421285,3,60mm,4.326672
SubNetW8CleanAuxExDnRcK9Rr01QdEma,minbias,0,test,56.45461,57.5356330871582,0.019148554753194436,1,30mm,2.6900468
SubNetW8CleanAuxExDnRcK9Rr01QdEma,minbias,0,test,11.080801,11.310113906860352,0.020694613730437128,3,60mm,1.9727587
SubNetW8CleanAuxExDnRcK9Rr01QdEma,minbias,0,test,9.026389,8.658154487609863,-0.04079534234808668,3,60mm,1.5424004
SubNetW8CleanAuxExDnRcK9Rr01QdEma,minbias,0,test,55.225086,59.75975799560547,0.0821125342571023,0,15mm,1.6851598
SubNetW8CleanAuxExDnRcK9Rr01QdEma,minbias,0,test,16.054892,15.695859909057617,-0.022362759369386254,2,40mm,1.8171301
SubNetW8CleanAuxExDnRcK9Rr01QdEma,minbias,0,test,9.997118,12.431591987609863,0.24351758099839937,3,60mm,1.641236
SubNetW8CleanAuxExDnRcK9Rr01QdEma,minbias,0,test,6.3625703,6.800395965576172,0.06881270620403068,2,40mm,0.58112395
SubNetW8CleanAuxExDnRcK9Rr01QdEma,minbias,0,test,22.591646,27.96531867980957,0.23786104116085993,2,40mm,2.5069516
SubNetW8CleanAuxExDnRcK9Rr01QdEma,minbias,0,test,5.814254,5.76332426071167,-0.008759429506550065,3,60mm,0.910209
SubNetW8CleanAuxExDnRcK9Rr01QdEma,minbias,0,test,19.171055,18.505878448486328,-0.03469691141932563,3,60mm,3.2733893
SubNetW8CleanAuxExDnRcK9Rr01QdEma,minbias,0,test,23.668003,23.28151512145996,-0.01632955511590517,3,60mm,3.934371
SubNetW8CleanAuxExDnRcK9Rr01QdEma,minbias,0,test,79.87396,84.25444030761719,0.054842376332952636,0,15mm,3.1847222
SubNetW8CleanAuxExDnRcK9Rr01QdEma,minbias,0,test,16.882847,17.11032485961914,0.01347391406222287,3,60mm,2.2389853
SubNetW8CleanAuxExDnRcK9Rr01QdEma,minbias,0,test,25.769676,28.125246047973633,0.09140859281347602,3,60mm,4.1536827
SubNetW8CleanAuxExDnRcK9Rr01QdEma,minbias,0,test,20.357437,20.075143814086914,-0.013866839811264908,3,60mm,2.8763628
SubNetW8CleanAuxExDnRcK9Rr01QdEma,minbias,0,test,30.189169,23.395557403564453,-0.22503473156977594,0,15mm,1.5235305
SubNetW8CleanAuxExDnRcK9Rr01QdEma,minbias,0,test,27.612709,28.60716438293457,0.036014406840306545,2,40mm,2.087172
SubNetW8CleanAuxExDnRcK9Rr01QdEma,minbias,0,test,28.853273,26.700010299682617,-0.07462803484400027,2,40mm,2.9771452
SubNetW8CleanAuxExDnRcK9Rr01QdEma,minbias,0,test,58.747726,59.83794403076172,0.018557613313555432,1,30mm,3.6160924
SubNetW8CleanAuxExDnRcK9Rr01QdEma,minbias,0,test,3.0815582,3.513110637664795,0.1400435683054968,2,40mm,0.680584
SubNetW8CleanAuxExDnRcK9Rr01QdEma,minbias,0,test,38.645275,38.697479248046875,0.0013508541968823007,3,60mm,4.1789093
SubNetW8CleanAuxExDnRcK9Rr01QdEma,minbias,0,test,13.720206,13.822793960571289,0.0074771251933820615,2,40mm,0.9660971
SubNetW8CleanAuxExDnRcK9Rr01QdEma,minbias,0,test,3.4340475,3.655338764190674,0.06444037427450477,3,60mm,0.6292696
SubNetW8CleanAuxExDnRcK9Rr01QdEma,minbias,0,test,12.465586,12.753545761108398,0.023100402918986074,1,30mm,0.9226872
SubNetW8CleanAuxExDnRcK9Rr01QdEma,minbias,0,test,13.916248,13.052559852600098,-0.062063312537811166,3,60mm,2.9962046
SubNetW8CleanAuxExDnRcK9Rr01QdEma,minbias,0,test,15.83692,15.532204627990723,-0.019240809494566302,3,60mm,1.8163033
SubNetW8CleanAuxExDnRcK9Rr01QdEma,minbias,0,test,63.215645,63.95777893066406,0.011739721965323469,0,15mm,2.575107
SubNetW8CleanAuxExDnRcK9Rr01QdEma,minbias,0,test,34.372612,35.848297119140625,0.042932004109837996,2,40mm,2.6374252
SubNetW8CleanAuxExDnRcK9Rr01QdEma,minbias,0,test,4.0767183,4.442613124847412,0.08975228721031336,3,60mm,0.77168363
SubNetW8CleanAuxExDnRcK9Rr01QdEma,minbias,0,test,30.353275,30.43602752685547,0.0027263030749677952,3,60mm,4.647087
SubNetW8CleanAuxExDnRcK9Rr01QdEma,minbias,0,test,29.460922,29.569292068481445,0.003678426166812798,1,30mm,1.3866713
SubNetW8CleanAuxExDnRcK9Rr01QdEma,minbias,0,test,12.997504,12.693038940429688,-0.02342490438129463,2,40mm,1.5670917
SubNetW8CleanAuxExDnRcK9Rr01QdEma,minbias,0,test,15.875895,16.158241271972656,0.017784618349329984,3,60mm,3.552562
SubNetW8CleanAuxExDnRcK9Rr01QdEma,minbias,0,test,65.37,64.45052337646484,-0.014065769182872834,2,40mm,4.9625955
SubNetW8CleanAuxExDnRcK9Rr01QdEma,minbias,0,test,53.93219,51.615638732910156,-0.04295303437544207,1,30mm,2.682253
SubNetW8CleanAuxExDnRcK9Rr01QdEma,minbias,0,test,3.283033,3.352185010910034,0.021063485808826332,3,60mm,0.617492
SubNetW8CleanAuxExDnRcK9Rr01QdEma,minbias,0,test,19.107336,18.106698989868164,-0.05236926027379207,4,120mm,4.032791
SubNetW8CleanAuxExDnRcK9Rr01QdEma,minbias,0,test,6.9611526,5.981738567352295,-0.14069710133064173,2,40mm,1.318066
SubNetW8CleanAuxExDnRcK9Rr01QdEma,minbias,0,test,19.390778,19.092016220092773,-0.015407394904288219,3,60mm,2.4357188
SubNetW8CleanAuxExDnRcK9Rr01QdEma,minbias,0,test,11.856735,12.154861450195312,0.02514403964774159,4,120mm,2.844967
SubNetW8CleanAuxExDnRcK9Rr01QdEma,minbias,0,test,50.02399,50.074180603027344,0.0010033180338200332,1,30mm,2.9061706
SubNetW8CleanAuxExDnRcK9Rr01QdEma,minbias,0,test,3.834803,3.800813674926758,-0.00886340929339302,3,60mm,0.64878297
SubNetW8CleanAuxExDnRcK9Rr01QdEma,minbias,0,test,9.295502,8.95434856414795,-0.03670088560219309,2,40mm,0.9082027
SubNetW8CleanAuxExDnRcK9Rr01QdEma,minbias,0,test,32.910458,32.91078186035156,9.852469127213936e-06,2,40mm,2.6443725
SubNetW8CleanAuxExDnRcK9Rr01QdEma,minbias,0,test,13.171515,13.083162307739258,-0.006707896086801113,3,60mm,1.6906993
SubNetW8CleanAuxExDnRcK9Rr01QdEma,minbias,0,test,6.4520307,6.855955123901367,0.06260423834679307,3,60mm,1.476246
SubNetW8CleanAuxExDnRcK9Rr01QdEma,minbias,0,test,17.739323,18.693706512451172,0.05380046737201827,3,60mm,3.8332884
SubNetW8CleanAuxExDnRcK9Rr01QdEma,minbias,0,test,50.171562,51.05767059326172,0.017661566825378117,1,30mm,3.309531
SubNetW8CleanAuxExDnRcK9Rr01QdEma,minbias,0,test,13.043676,12.087166786193848,-0.0733312880932665,2,40mm,1.4183753
SubNetW8CleanAuxExDnRcK9Rr01QdEma,minbias,0,test,19.828732,19.85672950744629,0.0014119899968891847,2,40mm,1.8658973
SubNetW8CleanAuxExDnRcK9Rr01QdEma,minbias,0,test,20.542856,20.60848045349121,0.003194504034354173,4,120mm,4.6801505
SubNetW8CleanAuxExDnRcK9Rr01QdEma,minbias,0,test,24.866611,24.30877113342285,-0.022433307719578632,3,60mm,3.9201643
SubNetW8CleanAuxExDnRcK9Rr01QdEma,minbias,0,test,64.92484,76.22283172607422,0.1740164226566714,0,15mm,1.9163893
SubNetW8CleanAuxExDnRcK9Rr01QdEma,minbias,0,test,8.898867,8.559452056884766,-0.03814132852820307,3,60mm,1.5539137
SubNetW8CleanAuxExDnRcK9Rr01QdEma,minbias,0,test,29.417864,28.457929611206055,-0.032630997262412365,3,60mm,4.2603197
SubNetW8CleanAuxExDnRcK9Rr01QdEma,minbias,0,test,38.837883,37.0352897644043,-0.046413272098408065,3,60mm,4.2443824
SubNetW8CleanAuxExDnRcK9Rr01QdEma,minbias,0,test,18.781929,18.72748374938965,-0.0028988112284379364,3,60mm,4.28943
SubNetW8CleanAuxExDnRcK9Rr01QdEma,minbias,0,test,45.182507,43.71772384643555,-0.03241924422358289,1,30mm,3.619102
SubNetW8CleanAuxExDnRcK9Rr01QdEma,minbias,0,test,93.04381,91.99236297607422,-0.011300537135279565,0,15mm,3.191367
SubNetW8CleanAuxExDnRcK9Rr01QdEma,minbias,0,test,22.690985,22.97030258178711,0.012309640115155451,2,40mm,1.9010363
SubNetW8CleanAuxExDnRcK9Rr01QdEma,minbias,0,test,3.511508,3.2297186851501465,-0.08024737628130596,3,60mm,0.7233156
SubNetW8CleanAuxExDnRcK9Rr01QdEma,minbias,0,test,8.999695,8.936783790588379,-0.006990351879607504,3,60mm,2.1401272
SubNetW8CleanAuxExDnRcK9Rr01QdEma,minbias,0,test,13.583919,13.1314058303833,-0.03331238616515242,3,60mm,2.091757
SubNetW8CleanAuxExDnRcK9Rr01QdEma,minbias,0,test,91.86688,101.8041763305664,0.10817058068082397,1,30mm,4.693056
SubNetW8CleanAuxExDnRcK9Rr01QdEma,minbias,0,test,9.286892,9.81968879699707,0.05737084735570264,2,40mm,0.6821547
SubNetW8CleanAuxExDnRcK9Rr01QdEma,minbias,0,test,55.446877,56.15133285522461,0.012705067868284958,1,30mm,2.7392316
SubNetW8CleanAuxExDnRcK9Rr01QdEma,minbias,0,test,82.242546,77.30597686767578,-0.060024518318932074,1,30mm,3.4352095
SubNetW8CleanAuxExDnRcK9Rr01QdEma,minbias,0,test,70.50848,68.9217758178711,-0.022503683580714196,0,15mm,3.6778104
SubNetW8CleanAuxExDnRcK9Rr01QdEma,minbias,0,test,9.891321,10.176593780517578,0.028840697113192038,3,60mm,1.2650235
SubNetW8CleanAuxExDnRcK9Rr01QdEma,minbias,0,test,33.427895,35.23881149291992,0.05417382466716014,0,15mm,1.2062248
SubNetW8CleanAuxExDnRcK9Rr01QdEma,minbias,0,test,17.067163,16.80042839050293,-0.015628553474259177,3,60mm,2.8737445
SubNetW8CleanAuxExDnRcK9Rr01QdEma,minbias,0,test,6.815501,6.848005294799805,0.004769140333175104,2,40mm,0.83148724
SubNetW8CleanAuxExDnRcK9Rr01QdEma,minbias,0,test,76.627655,81.13135528564453,0.058773823296899286,0,15mm,2.8011494
SubNetW8CleanAuxExDnRcK9Rr01QdEma,minbias,0,test,42.746346,44.650333404541016,0.04454153592217103,2,40mm,3.79532
SubNetW8CleanAuxExDnRcK9Rr01QdEma,minbias,0,test,14.700924,14.948002815246582,0.01680703178377274,3,60mm,3.3350232
SubNetW8CleanAuxExDnRcK9Rr01QdEma,minbias,0,test,21.51411,21.16594696044922,-0.016183035021663073,3,60mm,4.2960095
SubNetW8CleanAuxExDnRcK9Rr01QdEma,minbias,0,test,28.117208,27.732311248779297,-0.01368902721328169,2,40mm,2.6590307
SubNetW8CleanAuxExDnRcK9Rr01QdEma,minbias,0,test,18.137972,20.535680770874023,0.13219277816411568,3,60mm,3.20854
SubNetW8CleanAuxExDnRcK9Rr01QdEma,minbias,0,test,46.748074,45.904727935791016,-0.018040222356646596,0,15mm,1.5723515
SubNetW8CleanAuxExDnRcK9Rr01QdEma,minbias,0,test,80.0551,77.73408508300781,-0.028992711509464142,0,15mm,1.9429153
SubNetW8CleanAuxExDnRcK9Rr01QdEma,minbias,0,test,28.64231,26.620351791381836,-0.07059337933020304,2,40mm,3.5170705
SubNetW8CleanAuxExDnRcK9Rr01QdEma,minbias,0,test,28.427921,27.79619598388672,-0.022222001556853832,2,40mm,2.3732362
SubNetW8CleanAuxExDnRcK9Rr01QdEma,minbias,0,test,48.287567,47.55229949951172,-0.015226852018628723,1,30mm,3.4000432
SubNetW8CleanAuxExDnRcK9Rr01QdEma,minbias,0,test,24.831387,23.17616844177246,-0.06665830439953058,0,15mm,0.7054307
SubNetW8CleanAuxExDnRcK9Rr01QdEma,minbias,0,test,13.327503,13.25676441192627,-0.005307730287873236,3,60mm,1.8592883
SubNetW8CleanAuxExDnRcK9Rr01QdEma,minbias,0,test,30.002773,29.102909088134766,-0.02999270061577508,3,60mm,4.430465
SubNetW8CleanAuxExDnRcK9Rr01QdEma,minbias,0,test,49.066936,48.80486297607422,-0.005341142846436275,2,40mm,3.329521
SubNetW8CleanAuxExDnRcK9Rr01QdEma,minbias,0,test,3.9676025,3.891507625579834,-0.019179054848437294,3,60mm,0.71692234
SubNetW8CleanAuxExDnRcK9Rr01QdEma,minbias,0,test,70.426414,68.39572143554688,-0.028834253013049316,0,15mm,1.9231471
SubNetW8CleanAuxExDnRcK9Rr01QdEma,minbias,0,test,11.334686,10.965452194213867,-0.032575589300378294,3,60mm,2.158846
SubNetW8CleanAuxExDnRcK9Rr01QdEma,minbias,0,test,68.204735,69.83110046386719,0.023845348366746233,2,40mm,4.3862143
SubNetW8CleanAuxExDnRcK9Rr01QdEma,minbias,0,test,48.346897,48.08338165283203,-0.0054505146779009195,0,15mm,1.9826063
SubNetW8CleanAuxExDnRcK9Rr01QdEma,minbias,0,test,13.056069,13.31581974029541,0.01989498973761017,2,40mm,0.7654666
SubNetW8CleanAuxExDnRcK9Rr01QdEma,minbias,0,test,21.798325,21.120573043823242,-0.03109190977022558,3,60mm,3.7509282
SubNetW8CleanAuxExDnRcK9Rr01QdEma,minbias,0,test,23.937344,24.423986434936523,0.02032985972499568,3,60mm,3.6869116
SubNetW8CleanAuxExDnRcK9Rr01QdEma,minbias,0,test,31.361523,30.345483779907227,-0.03239762639068222,3,60mm,4.982302
SubNetW8CleanAuxExDnRcK9Rr01QdEma,minbias,0,test,53.967037,52.7664680480957,-0.02224634175046747,1,30mm,4.8750944
SubNetW8CleanAuxExDnRcK9Rr01QdEma,minbias,0,test,4.147487,4.226527214050293,0.019057334571485063,2,40mm,0.60574555
SubNetW8CleanAuxExDnRcK9Rr01QdEma,minbias,0,test,41.971294,41.062923431396484,-0.0216426723216121,2,40mm,2.7596471
SubNetW8CleanAuxExDnRcK9Rr01QdEma,minbias,0,test,4.8282013,4.6582794189453125,-0.03519361862834636,3,60mm,1.0804467
SubNetW8CleanAuxExDnRcK9Rr01QdEma,minbias,0,test,19.935154,19.912473678588867,-0.0011377029059789212,2,40mm,2.2912784
SubNetW8CleanAuxExDnRcK9Rr01QdEma,minbias,0,test,30.251047,30.139232635498047,-0.0036962191227496444,0,15mm,0.919237
SubNetW8CleanAuxExDnRcK9Rr01QdEma,minbias,0,test,36.036892,37.06072998046875,0.028410830906158813,3,60mm,4.7463117
SubNetW8CleanAuxExDnRcK9Rr01QdEma,minbias,0,test,27.927164,28.497314453125,0.02041562021044152,2,40mm,2.0151994
SubNetW8CleanAuxExDnRcK9Rr01QdEma,minbias,0,test,15.185716,15.749967575073242,0.03715675387199591,3,60mm,3.096707
SubNetW8CleanAuxExDnRcK9Rr01QdEma,minbias,0,test,32.70168,32.66704559326172,-0.0010590782274910726,2,40mm,2.6601644
SubNetW8CleanAuxExDnRcK9Rr01QdEma,minbias,0,test,18.180494,18.38329315185547,0.011154748597197894,2,40mm,1.0981536
SubNetW8CleanAuxExDnRcK9Rr01QdEma,minbias,0,test,23.332571,23.49289894104004,0.006871420692264207,2,40mm,2.9428642
SubNetW8CleanAuxExDnRcK9Rr01QdEma,minbias,0,test,12.572694,13.764506340026855,0.09479372773008521,1,30mm,1.0408916
SubNetW8CleanAuxExDnRcK9Rr01QdEma,minbias,0,test,8.634393,8.541963577270508,-0.010704766840328284,3,60mm,2.0181704
SubNetW8CleanAuxExDnRcK9Rr01QdEma,minbias,0,test,12.3632965,12.613945007324219,0.020273597608612803,3,60mm,1.5752995
SubNetW8CleanAuxExDnRcK9Rr01QdEma,minbias,0,test,22.645578,22.548294067382812,-0.004295951967542622,3,60mm,4.552209
SubNetW8CleanAuxExDnRcK9Rr01QdEma,minbias,0,test,12.838282,13.062051773071289,0.017429913755206083,3,60mm,2.22338
SubNetW8CleanAuxExDnRcK9Rr01QdEma,minbias,0,test,84.536674,82.76087951660156,-0.02100620817442278,1,30mm,4.383748
SubNetW8CleanAuxExDnRcK9Rr01QdEma,minbias,0,test,12.095089,11.75302791595459,-0.028280986105394645,3,60mm,2.8901927
SubNetW8CleanAuxExDnRcK9Rr01QdEma,minbias,0,test,4.8584585,7.435283660888672,0.5303791587062268,2,40mm,0.60259795
SubNetW8CleanAuxExDnRcK9Rr01QdEma,minbias,0,test,41.69171,40.283790588378906,-0.03376980194033763,2,40mm,3.8681607
SubNetW8CleanAuxExDnRcK9Rr01QdEma,minbias,0,test,23.875324,23.14786720275879,-0.030468991286311198,3,60mm,3.8212166
SubNetW8CleanAuxExDnRcK9Rr01QdEma,minbias,0,test,25.393862,23.948881149291992,-0.0569027521055947,3,60mm,3.7972224
SubNetW8CleanAuxExDnRcK9Rr01QdEma,minbias,0,test,69.8617,69.40714263916016,-0.00650655957963131,0,15mm,1.6942664
SubNetW8CleanAuxExDnRcK9Rr01QdEma,minbias,0,test,69.90494,67.25631713867188,-0.03788889155674491,2,40mm,4.9247985
SubNetW8CleanAuxExDnRcK9Rr01QdEma,minbias,0,test,38.43531,37.85429000854492,-0.015116837869281197,1,30mm,3.6761603
SubNetW8CleanAuxExDnRcK9Rr01QdEma,minbias,0,test,26.36266,25.231792449951172,-0.04289654487829431,1,30mm,1.4898587
SubNetW8CleanAuxExDnRcK9Rr01QdEma,minbias,0,test,22.861769,22.50455093383789,-0.0156251160193126,2,40mm,4.6991186
SubNetW8CleanAuxExDnRcK9Rr01QdEma,minbias,0,test,36.561604,36.24814987182617,-0.008573302150733375,0,15mm,1.3602021
SubNetW8CleanAuxExDnRcK9Rr01QdEma,minbias,0,test,26.343147,27.067012786865234,0.02747832297328956,2,40mm,2.2134886
SubNetW8CleanAuxExDnRcK9Rr01QdEma,minbias,0,test,34.669537,33.426292419433594,-0.035859843926512536,2,40mm,4.360779
SubNetW8CleanAuxExDnRcK9Rr01QdEma,minbias,0,test,24.295475,24.14427947998047,-0.006223196956843369,3,60mm,4.1983695
SubNetW8CleanAuxExDnRcK9Rr01QdEma,minbias,0,test,21.023281,20.48369789123535,-0.02566598447105284,1,30mm,0.9650709
SubNetW8CleanAuxExDnRcK9Rr01QdEma,minbias,0,test,18.11689,18.486572265625,0.020405395901739176,3,60mm,2.789418
SubNetW8CleanAuxExDnRcK9Rr01QdEma,minbias,0,test,28.606804,28.079246520996094,-0.018441674749856696,1,30mm,1.5894567
SubNetW8CleanAuxExDnRcK9Rr01QdEma,minbias,0,test,25.540068,25.41244888305664,-0.0049968070291809275,3,60mm,4.4587593
SubNetW8CleanAuxExDnRcK9Rr01QdEma,minbias,0,test,33.90026,34.48325729370117,0.01719740062452524,2,40mm,4.283346
SubNetW8CleanAuxExDnRcK9Rr01QdEma,minbias,0,test,88.76471,86.4844970703125,-0.025688276522170872,0,15mm,3.7150815
SubNetW8CleanAuxExDnRcK9Rr01QdEma,minbias,0,test,7.9097605,7.537949562072754,-0.047006595743782964,3,60mm,1.0412303
SubNetW8CleanAuxExDnRcK9Rr01QdEma,minbias,0,test,6.938429,7.016202926635742,0.011209172740730189,4,120mm,1.5639518
SubNetW8CleanAuxExDnRcK9Rr01QdEma,minbias,0,test,47.939236,46.79883575439453,-0.023788446280224917,2,40mm,4.221009
SubNetW8CleanAuxExDnRcK9Rr01QdEma,minbias,0,test,6.427823,6.546588897705078,0.018476835743771458,3,60mm,1.0870744
SubNetW8CleanAuxExDnRcK9Rr01QdEma,minbias,0,test,6.6945,7.271068572998047,0.08612571605705788,2,40mm,0.6445566
SubNetW8CleanAuxExDnRcK9Rr01QdEma,minbias,0,test,47.16465,45.958492279052734,-0.02557334116255916,1,30mm,3.338199
SubNetW8CleanAuxExDnRcK9Rr01QdEma,minbias,0,test,38.354378,37.146854400634766,-0.031483325161099085,1,30mm,3.2052715
SubNetW8CleanAuxExDnRcK9Rr01QdEma,minbias,0,test,16.377789,15.983902931213379,-0.024049987666941774,3,60mm,1.9953238
SubNetW8CleanAuxExDnRcK9Rr01QdEma,minbias,0,test,10.72222,9.638816833496094,-0.10104283859300622,3,60mm,2.0138187
SubNetW8CleanAuxExDnRcK9Rr01QdEma,minbias,0,test,7.0017104,8.090706825256348,0.1555329120802449,3,60mm,1.6389577
SubNetW8CleanAuxExDnRcK9Rr01QdEma,minbias,0,test,27.634161,30.118867874145508,0.08991432303908975,2,40mm,1.9804384
SubNetW8CleanAuxExDnRcK9Rr01QdEma,minbias,0,test,59.87374,59.64107894897461,-0.0038858804621082488,1,30mm,3.1352339
SubNetW8CleanAuxExDnRcK9Rr01QdEma,minbias,0,test,14.618328,15.38871955871582,0.05270038127849763,1,30mm,0.83572835
SubNetW8CleanAuxExDnRcK9Rr01QdEma,minbias,0,test,85.76921,86.09357452392578,0.003781819902646699,0,15mm,2.4406855
SubNetW8CleanAuxExDnRcK9Rr01QdEma,minbias,0,test,9.697034,9.0830659866333,-0.06331502013605916,3,60mm,1.6558926
SubNetW8CleanAuxExDnRcK9Rr01QdEma,minbias,0,test,62.553715,60.09065246582031,-0.0393751561539426,1,30mm,3.2714734
SubNetW8CleanAuxExDnRcK9Rr01QdEma,minbias,0,test,22.38605,25.14460563659668,0.12322658333402203,2,40mm,2.0730138
SubNetW8CleanAuxExDnRcK9Rr01QdEma,minbias,0,test,8.745206,9.379490852355957,0.07252945006730083,2,40mm,1.8346927
SubNetW8CleanAuxExDnRcK9Rr01QdEma,minbias,0,test,23.560114,23.101768493652344,-0.01945429529840026,2,40mm,3.6033342
SubNetW8CleanAuxExDnRcK9Rr01QdEma,minbias,0,test,6.0535364,5.64507532119751,-0.06747478926263861,3,60mm,1.0795336
SubNetW8CleanAuxExDnRcK9Rr01QdEma,minbias,0,test,37.039204,36.772705078125,-0.007195040374968875,2,40mm,3.6951053
SubNetW8CleanAuxExDnRcK9Rr01QdEma,minbias,0,test,29.498604,29.51572608947754,0.0005804433586340529,2,40mm,2.7699873
SubNetW8CleanAuxExDnRcK9Rr01QdEma,minbias,0,test,20.274958,19.431312561035156,-0.04161020260082937,3,60mm,3.77534
SubNetW8CleanAuxExDnRcK9Rr01QdEma,minbias,0,test,11.589363,12.130356788635254,0.04668019164723014,3,60mm,2.0424721
SubNetW8CleanAuxExDnRcK9Rr01QdEma,minbias,0,test,5.0417366,3.913816213607788,-0.2237166432996056,3,60mm,0.5152497
SubNetW8CleanAuxExDnRcK9Rr01QdEma,minbias,0,test,58.02805,57.334716796875,-0.011948233284828969,0,15mm,1.5997953
SubNetW8CleanAuxExDnRcK9Rr01QdEma,minbias,0,test,45.998558,45.05333709716797,-0.02054892560659316,2,40mm,3.8777192
SubNetW8CleanAuxExDnRcK9Rr01QdEma,minbias,0,test,31.663404,34.404666900634766,0.08657510088554465,2,40mm,4.334019
SubNetW8CleanAuxExDnRcK9Rr01QdEma,minbias,0,test,23.690735,23.463420867919922,-0.009595058856263994,3,60mm,4.4528937
SubNetW8CleanAuxExDnRcK9Rr01QdEma,minbias,0,test,46.670296,53.3718376159668,0.14359330271895376,0,15mm,2.0321941
SubNetW8CleanAuxExDnRcK9Rr01QdEma,minbias,0,test,9.195415,9.089583396911621,-0.011509121828449875,3,60mm,2.1885362
SubNetW8CleanAuxExDnRcK9Rr01QdEma,minbias,0,test,2.8806295,3.284130573272705,0.14007390684969234,3,60mm,0.640242
SubNetW8CleanAuxExDnRcK9Rr01QdEma,minbias,0,test,98.85776,96.30516815185547,-0.02582083064891305,1,30mm,4.5200615
SubNetW8CleanAuxExDnRcK9Rr01QdEma,minbias,0,test,49.778374,31.406391143798828,-0.3690755884964345,1,30mm,2.3937917
SubNetW8CleanAuxExDnRcK9Rr01QdEma,minbias,0,test,19.920876,19.921520233154297,3.2362224054560684e-05,3,60mm,2.718202
SubNetW8CleanAuxExDnRcK9Rr01QdEma,minbias,0,test,30.844593,30.815561294555664,-0.000941226667985906,1,30mm,1.5814914
SubNetW8CleanAuxExDnRcK9Rr01QdEma,minbias,0,test,35.844933,34.855743408203125,-0.027596345631272112,2,40mm,4.0222416
SubNetW8CleanAuxExDnRcK9Rr01QdEma,minbias,0,test,73.20407,71.38047790527344,-0.024911089145976395,1,30mm,3.9349868
SubNetW8CleanAuxExDnRcK9Rr01QdEma,minbias,0,test,46.861206,45.695255279541016,-0.024880938270897435,2,40mm,3.7979872
SubNetW8CleanAuxExDnRcK9Rr01QdEma,minbias,0,test,30.646566,30.633220672607422,-0.00043547189637893613,2,40mm,2.5018814
SubNetW8CleanAuxExDnRcK9Rr01QdEma,minbias,0,test,54.079956,52.37275314331055,-0.03156812682411525,0,15mm,1.6522843
SubNetW8CleanAuxExDnRcK9Rr01QdEma,minbias,0,test,10.410202,10.607858657836914,0.01898681994538598,3,60mm,2.2665436
SubNetW8CleanAuxExDnRcK9Rr01QdEma,minbias,0,test,9.781872,16.377796173095703,0.6743008409056963,1,30mm,0.7807771
SubNetW8CleanAuxExDnRcK9Rr01QdEma,minbias,0,test,11.26667,10.812505722045898,-0.04031044628558078,4,120mm,2.7132063
SubNetW8CleanAuxExDnRcK9Rr01QdEma,minbias,0,test,32.36094,36.336917877197266,0.12286351913764881,2,40mm,2.596181
SubNetW8CleanAuxExDnRcK9Rr01QdEma,minbias,0,test,29.25629,28.664255142211914,-0.020236170914369578,0,15mm,1.2186276
SubNetW8CleanAuxExDnRcK9Rr01QdEma,minbias,0,test,10.783797,10.329237937927246,-0.042152065273442285,2,40mm,2.3252025
SubNetW8CleanAuxExDnRcK9Rr01QdEma,minbias,0,test,23.03235,22.401668548583984,-0.027382441513185474,2,40mm,1.8448151
SubNetW8CleanAuxExDnRcK9Rr01QdEma,minbias,0,test,99.52125,99.55591583251953,0.000348347408158034,0,15mm,3.7943342
SubNetW8CleanAuxExDnRcK9Rr01QdEma,minbias,0,test,6.7657933,6.8248491287231445,0.008728585456642568,3,60mm,1.5091513
SubNetW8CleanAuxExDnRcK9Rr01QdEma,minbias,0,test,11.779148,11.467745780944824,-0.026436743826495746,2,40mm,1.5837747
SubNetW8CleanAuxExDnRcK9Rr01QdEma,minbias,0,test,16.859858,18.84528160095215,0.11776042797373276,2,40mm,1.6489009
SubNetW8CleanAuxExDnRcK9Rr01QdEma,minbias,0,test,41.240303,43.11625289916992,0.04548826563713759,1,30mm,1.8860428
SubNetW8CleanAuxExDnRcK9Rr01QdEma,minbias,0,test,16.684343,16.3759765625,-0.018482404087797,2,40mm,1.1527638
SubNetW8CleanAuxExDnRcK9Rr01QdEma,minbias,0,test,3.378565,3.019702196121216,-0.10621754180748222,4,120mm,0.7562373
SubNetW8CleanAuxExDnRcK9Rr01QdEma,minbias,0,test,25.07689,23.35645294189453,-0.0686065113607418,1,30mm,1.7622589
SubNetW8CleanAuxExDnRcK9Rr01QdEma,minbias,0,test,28.967285,29.282299041748047,0.010874815634218216,2,40mm,3.3778644
SubNetW8CleanAuxExDnRcK9Rr01QdEma,minbias,0,test,22.994434,23.584379196166992,0.025655983979702146,3,60mm,4.657483
SubNetW8CleanAuxExDnRcK9Rr01QdEma,minbias,0,test,18.348478,18.82477378845215,0.025958309073692787,4,120mm,4.270368
SubNetW8CleanAuxExDnRcK9Rr01QdEma,minbias,0,test,7.9037185,7.7938032150268555,-0.013906777790252844,3,60mm,1.1178747
SubNetW8CleanAuxExDnRcK9Rr01QdEma,minbias,0,test,48.766068,48.810157775878906,0.000904117827251083,0,15mm,1.4237043
SubNetW8CleanAuxExDnRcK9Rr01QdEma,minbias,0,test,12.430667,12.276650428771973,-0.012390042762671638,4,120mm,2.9192772
SubNetW8CleanAuxExDnRcK9Rr01QdEma,minbias,0,test,3.78201,3.5498135089874268,-0.06139501604372466,3,60mm,0.6164347
SubNetW8CleanAuxExDnRcK9Rr01QdEma,minbias,0,test,13.700463,14.22401237487793,0.03821396901860563,3,60mm,3.103183
SubNetW8CleanAuxExDnRcK9Rr01QdEma,minbias,0,test,41.884743,42.293941497802734,0.00976963768304695,2,40mm,4.5401826
SubNetW8CleanAuxExDnRcK9Rr01QdEma,minbias,0,test,12.90374,13.631897926330566,0.056429996351959666,3,60mm,2.9434073
SubNetW8CleanAuxExDnRcK9Rr01QdEma,minbias,0,test,12.634093,15.009596824645996,0.18802327056847967,1,30mm,0.7767326
SubNetW8CleanAuxExDnRcK9Rr01QdEma,minbias,0,test,8.177512,9.84505844116211,0.20391853143586935,4,120mm,1.8535733
SubNetW8CleanAuxExDnRcK9Rr01QdEma,minbias,0,test,19.813679,18.156532287597656,-0.08363648545437774,2,40mm,2.5127227
SubNetW8CleanAuxExDnRcK9Rr01QdEma,minbias,0,test,91.37805,89.44707489013672,-0.021131736018990877,1,30mm,3.6829457
SubNetW8CleanAuxExDnRcK9Rr01QdEma,minbias,0,test,5.491787,5.5890045166015625,0.017702354548605692,2,40mm,0.8971118
SubNetW8CleanAuxExDnRcK9Rr01QdEma,minbias,0,test,38.813103,39.31068420410156,0.012819935718496378,2,40mm,3.8976886
SubNetW8CleanAuxExDnRcK9Rr01QdEma,minbias,0,test,28.708094,28.230297088623047,-0.016643270030533563,2,40mm,4.737855
SubNetW8CleanAuxExDnRcK9Rr01QdEma,minbias,0,test,10.905148,10.923213005065918,0.0016565986373617836,3,60mm,2.1267836
SubNetW8CleanAuxExDnRcK9Rr01QdEma,minbias,0,test,22.67105,21.99607276916504,-0.029772611993496012,2,40mm,3.2295265
SubNetW8CleanAuxExDnRcK9Rr01QdEma,minbias,0,test,15.031904,13.792280197143555,-0.08246620023963824,2,40mm,0.9938872
SubNetW8CleanAuxExDnRcK9Rr01QdEma,minbias,0,test,27.663452,27.166730880737305,-0.017955867005855608,2,40mm,3.450325
SubNetW8CleanAuxExDnRcK9Rr01QdEma,minbias,0,test,75.47778,73.99298858642578,-0.01967194257286753,1,30mm,3.110665
SubNetW8CleanAuxExDnRcK9Rr01QdEma,minbias,0,test,9.026638,8.837841033935547,-0.020915538700212455,4,120mm,1.9331989
SubNetW8CleanAuxExDnRcK9Rr01QdEma,minbias,0,test,10.159396,10.169147491455078,0.000959832623964596,3,60mm,2.0160825
SubNetW8CleanAuxExDnRcK9Rr01QdEma,minbias,0,test,10.395826,10.254491806030273,-0.013595314992073115,3,60mm,1.3340747
SubNetW8CleanAuxExDnRcK9Rr01QdEma,minbias,0,test,6.8205833,6.471928596496582,-0.05111802458088055,2,40mm,0.87810916
SubNetW8CleanAuxExDnRcK9Rr01QdEma,minbias,0,test,33.687122,34.62961959838867,0.027977968666079267,2,40mm,4.2611427
SubNetW8CleanAuxExDnRcK9Rr01QdEma,minbias,0,test,15.694329,15.318815231323242,-0.023926733292835123,3,60mm,2.8509722
SubNetW8CleanAuxExDnRcK9Rr01QdEma,minbias,0,test,93.43835,95.3603515625,0.020569763531126606,0,15mm,3.331613
SubNetW8CleanAuxExDnRcK9Rr01QdEma,minbias,0,test,56.32261,56.398929595947266,0.0013550623740485879,1,30mm,4.6001606
SubNetW8CleanAuxExDnRcK9Rr01QdEma,minbias,0,test,15.743919,15.905973434448242,0.010293120668040556,2,40mm,1.7666209
SubNetW8CleanAuxExDnRcK9Rr01QdEma,minbias,0,test,12.077216,11.879798889160156,-0.01634625536141021,2,40mm,1.1750109
SubNetW8CleanAuxExDnRcK9Rr01QdEma,minbias,0,test,9.230745,8.375152587890625,-0.09268945230453374,2,40mm,1.1360421
SubNetW8CleanAuxExDnRcK9Rr01QdEma,minbias,0,test,29.619165,24.28879737854004,-0.17996347858934392,0,15mm,1.0322556
SubNetW8CleanAuxExDnRcK9Rr01QdEma,minbias,0,test,15.733363,15.848159790039062,0.007296382685824998,1,30mm,1.1381555
SubNetW8CleanAuxExDnRcK9Rr01QdEma,minbias,0,test,72.364624,66.82035827636719,-0.0766156920165112,0,15mm,1.8193636
SubNetW8CleanAuxExDnRcK9Rr01QdEma,minbias,0,test,47.066322,50.2346305847168,0.06731582374478395,0,15mm,1.6769722
SubNetW8CleanAuxExDnRcK9Rr01QdEma,minbias,0,test,18.191029,17.515663146972656,-0.0371262924728053,3,60mm,2.5590224
SubNetW8CleanAuxExDnRcK9Rr01QdEma,minbias,0,test,15.622217,15.782008171081543,0.010228445227244531,2,40mm,1.4334141
SubNetW8CleanAuxExDnRcK9Rr01QdEma,minbias,0,test,11.955887,11.620224952697754,-0.028075030534458256,2,40mm,1.5424848
SubNetW8CleanAuxExDnRcK9Rr01QdEma,minbias,0,test,6.447813,5.9773335456848145,-0.0729672969559928,3,60mm,1.1812156
SubNetW8CleanAuxExDnRcK9Rr01QdEma,minbias,0,test,32.218307,31.77313804626465,-0.013817282267853614,2,40mm,3.3235052
SubNetW8CleanAuxExDnRcK9Rr01QdEma,minbias,0,test,24.590546,26.389623641967773,0.07316136912791649,2,40mm,1.7507385
SubNetW8CleanAuxExDnRcK9Rr01QdEma,minbias,0,test,66.35133,64.97537994384766,-0.020737392894537576,2,40mm,4.513017
SubNetW8CleanAuxExDnRcK9Rr01QdEma,minbias,0,test,22.434893,22.45102882385254,0.0007192443343568833,3,60mm,3.2254632
SubNetW8CleanAuxExDnRcK9Rr01QdEma,minbias,0,test,12.743886,12.285392761230469,-0.03597750583648063,3,60mm,2.9101522
SubNetW8CleanAuxExDnRcK9Rr01QdEma,minbias,0,test,15.901455,19.015018463134766,0.19580368917044155,1,30mm,0.9808289
SubNetW8CleanAuxExDnRcK9Rr01QdEma,minbias,0,test,81.36907,79.89936065673828,-0.018062284210704993,0,15mm,3.9283214
SubNetW8CleanAuxExDnRcK9Rr01QdEma,minbias,0,test,56.908104,56.38481521606445,-0.009195328794154856,2,40mm,4.314044
SubNetW8CleanAuxExDnRcK9Rr01QdEma,minbias,0,test,4.2476916,4.111021518707275,-0.032175149345171294,3,60mm,0.69255793
SubNetW8CleanAuxExDnRcK9Rr01QdEma,minbias,0,test,55.397026,55.51223373413086,0.0020796725078739975,1,30mm,4.667884
SubNetW8CleanAuxExDnRcK9Rr01QdEma,minbias,0,test,27.363932,27.987207412719727,0.022777273553887145,2,40mm,4.05082
SubNetW8CleanAuxExDnRcK9Rr01QdEma,minbias,0,test,41.06224,41.81104278564453,0.018235784850179515,1,30mm,2.5978434
SubNetW8CleanAuxExDnRcK9Rr01QdEma,minbias,0,test,41.371258,31.21402359008789,-0.24551427093227274,2,40mm,4.71818
SubNetW8CleanAuxExDnRcK9Rr01QdEma,minbias,0,test,7.679344,7.411848545074463,-0.03483313496538165,3,60mm,1.0893157
SubNetW8CleanAuxExDnRcK9Rr01QdEma,minbias,0,test,81.87069,81.64012908935547,-0.0028161519641075605,1,30mm,3.8726654
SubNetW8CleanAuxExDnRcK9Rr01QdEma,minbias,0,test,69.175255,74.26498413085938,0.07357731203441431,1,30mm,3.0772705
SubNetW8CleanAuxExDnRcK9Rr01QdEma,minbias,0,test,47.02976,47.0549430847168,0.0005355041611074807,1,30mm,3.056793
SubNetW8CleanAuxExDnRcK9Rr01QdEma,minbias,0,test,16.636318,16.05169105529785,-0.03514161872972277,3,60mm,3.2365077
SubNetW8CleanAuxExDnRcK9Rr01QdEma,minbias,0,test,41.738808,41.118526458740234,-0.014861019132706432,2,40mm,4.2048144
SubNetW8CleanAuxExDnRcK9Rr01QdEma,minbias,0,test,30.409466,30.56686019897461,0.00517583604617311,2,40mm,1.917927
SubNetW8CleanAuxExDnRcK9Rr01QdEma,minbias,0,test,29.36462,28.04953956604004,-0.044784527548861974,3,60mm,4.3235993
SubNetW8CleanAuxExDnRcK9Rr01QdEma,minbias,0,test,85.872,87.19718170166016,0.015432038712033247,0,15mm,2.868242
SubNetW8CleanAuxExDnRcK9Rr01QdEma,minbias,0,test,23.010298,23.163530349731445,0.006659304280172584,3,60mm,4.8404627
SubNetW8CleanAuxExDnRcK9Rr01QdEma,minbias,0,test,14.11126,14.231559753417969,0.008525059829101345,3,60mm,2.6261258
SubNetW8CleanAuxExDnRcK9Rr01QdEma,minbias,0,test,24.06838,21.590274810791016,-0.10296104301190223,4,120mm,4.9829335
SubNetW8CleanAuxExDnRcK9Rr01QdEma,minbias,0,test,25.93784,24.70429039001465,-0.047557897706122954,3,60mm,3.4826338
SubNetW8CleanAuxExDnRcK9Rr01QdEma,minbias,0,test,4.880869,4.7551140785217285,-0.025764845459970154,3,60mm,1.0725774
SubNetW8CleanAuxExDnRcK9Rr01QdEma,minbias,0,test,86.13056,87.95516204833984,0.021184120723109157,0,15mm,2.4558394
SubNetW8CleanAuxExDnRcK9Rr01QdEma,minbias,0,test,9.944806,9.595597267150879,-0.035114694878203956,3,60mm,1.2911642
SubNetW8CleanAuxExDnRcK9Rr01QdEma,minbias,0,test,77.83425,79.92621612548828,0.026877174045478514,1,30mm,4.1009336
SubNetW8CleanAuxExDnRcK9Rr01QdEma,minbias,0,test,13.569707,15.145270347595215,0.11610887695993255,4,120mm,2.8134377
SubNetW8CleanAuxExDnRcK9Rr01QdEma,minbias,0,test,18.620926,18.164405822753906,-0.024516508090771327,3,60mm,3.9495807
SubNetW8CleanAuxExDnRcK9Rr01QdEma,minbias,0,test,84.322426,82.10008239746094,-0.02635530729370672,0,15mm,3.6032724
SubNetW8CleanAuxExDnRcK9Rr01QdEma,minbias,0,test,40.193947,39.95811080932617,-0.005867451385180966,0,15mm,1.4786179
SubNetW8CleanAuxExDnRcK9Rr01QdEma,minbias,0,test,39.945034,38.51523971557617,-0.035794044149603965,1,30mm,2.2264957
SubNetW8CleanAuxExDnRcK9Rr01QdEma,minbias,0,test,23.930082,25.41302490234375,0.06196980692644938,0,15mm,0.6272807
SubNetW8CleanAuxExDnRcK9Rr01QdEma,minbias,0,test,23.912615,24.109954833984375,0.008252548416910255,2,40mm,2.9192612
SubNetW8CleanAuxExDnRcK9Rr01QdEma,minbias,0,test,27.590122,26.782764434814453,-0.029262566565066317,0,15mm,1.010239
SubNetW8CleanAuxExDnRcK9Rr01QdEma,minbias,0,test,45.38439,45.72537612915039,0.007513251386077169,1,30mm,2.4375184
SubNetW8CleanAuxExDnRcK9Rr01QdEma,minbias,0,test,11.881239,13.956714630126953,0.17468512363804556,1,30mm,0.50877917
SubNetW8CleanAuxExDnRcK9Rr01QdEma,minbias,0,test,8.144554,8.235210418701172,0.01113090771814762,3,60mm,1.1979864
SubNetW8CleanAuxExDnRcK9Rr01QdEma,minbias,0,test,21.302904,23.006746292114258,0.07998168478654533,3,60mm,3.2338881
SubNetW8CleanAuxExDnRcK9Rr01QdEma,minbias,0,test,14.952979,15.611104011535645,0.04401296355999795,2,40mm,1.316568
SubNetW8CleanAuxExDnRcK9Rr01QdEma,minbias,0,test,94.070564,92.06849670410156,-0.021282614614399953,0,15mm,3.670582
SubNetW8CleanAuxExDnRcK9Rr01QdEma,minbias,0,test,52.95093,50.871646881103516,-0.03926814141205004,2,40mm,4.260627
SubNetW8CleanAuxExDnRcK9Rr01QdEma,minbias,0,test,11.15012,11.989599227905273,0.07528882764151268,2,40mm,1.153384
SubNetW8CleanAuxExDnRcK9Rr01QdEma,minbias,0,test,6.298472,5.590299606323242,-0.11243557635170898,2,40mm,0.6476964
SubNetW8CleanAuxExDnRcK9Rr01QdEma,minbias,0,test,10.483618,10.916053771972656,0.0412487366811396,3,60mm,1.8303016
SubNetW8CleanAuxExDnRcK9Rr01QdEma,minbias,0,test,11.721861,11.087722778320312,-0.05409875731230851,3,60mm,1.4729801
SubNetW8CleanAuxExDnRcK9Rr01QdEma,minbias,0,test,28.584677,28.558292388916016,-0.0009230243838447283,2,40mm,3.2248025
SubNetW8CleanAuxExDnRcK9Rr01QdEma,minbias,0,test,66.93754,65.14820861816406,-0.026731331601706376,1,30mm,3.036461
SubNetW8CleanAuxExDnRcK9Rr01QdEma,minbias,0,test,5.4580107,5.573470115661621,0.021154125384688305,3,60mm,0.6844676
SubNetW8CleanAuxExDnRcK9Rr01QdEma,minbias,0,test,68.8769,69.76746368408203,0.012929791678689684,1,30mm,3.3132224
SubNetW8CleanAuxExDnRcK9Rr01QdEma,minbias,0,test,13.224015,13.754693031311035,0.040129853599189635,1,30mm,1.1451474
SubNetW8CleanAuxExDnRcK9Rr01QdEma,minbias,0,test,22.567125,22.843536376953125,0.012248394626863002,3,60mm,3.7264647
SubNetW8CleanAuxExDnRcK9Rr01QdEma,minbias,0,test,13.030226,13.192096710205078,0.012422728468375777,3,60mm,1.413894
SubNetW8CleanAuxExDnRcK9Rr01QdEma,minbias,0,test,27.197329,28.045801162719727,0.031196909398983896,2,40mm,2.4205213
SubNetW8CleanAuxExDnRcK9Rr01QdEma,minbias,0,test,10.052898,10.20716667175293,0.015345650430860669,2,40mm,1.810655
SubNetW8CleanAuxExDnRcK9Rr01QdEma,minbias,0,test,13.500482,12.030756950378418,-0.10886460928544717,1,30mm,0.7440282
SubNetW8CleanAuxExDnRcK9Rr01QdEma,minbias,0,test,59.819996,59.11662292480469,-0.011758157869682151,1,30mm,4.299812
SubNetW8CleanAuxExDnRcK9Rr01QdEma,minbias,0,test,25.154238,25.961078643798828,0.03207574424299553,1,30mm,1.0007225
SubNetW8CleanAuxExDnRcK9Rr01QdEma,minbias,0,test,29.171741,28.930240631103516,-0.008278588873805615,3,60mm,4.675187
SubNetW8CleanAuxExDnRcK9Rr01QdEma,minbias,0,test,95.319984,92.09695434570312,-0.03381274251565636,1,30mm,3.8497102
SubNetW8CleanAuxExDnRcK9Rr01QdEma,minbias,0,test,9.422343,9.064157485961914,-0.03801451066559125,3,60mm,1.7229495
SubNetW8CleanAuxExDnRcK9Rr01QdEma,minbias,0,test,28.957327,28.86832046508789,-0.0030737099557310854,2,40mm,2.3297853
SubNetW8CleanAuxExDnRcK9Rr01QdEma,minbias,0,test,12.557452,12.192567825317383,-0.029057198121153816,2,40mm,2.260214
SubNetW8CleanAuxExDnRcK9Rr01QdEma,minbias,0,test,4.7917614,4.5612688064575195,-0.04810185080144869,3,60mm,0.72192895
SubNetW8CleanAuxExDnRcK9Rr01QdEma,minbias,0,test,11.629716,12.004218101501465,0.03220217798949565,3,60mm,1.4207622
SubNetW8CleanAuxExDnRcK9Rr01QdEma,minbias,0,test,21.001284,22.90834617614746,0.09080695078914447,2,40mm,1.471152
SubNetW8CleanAuxExDnRcK9Rr01QdEma,minbias,0,test,18.81624,18.713764190673828,-0.005446152807530469,4,120mm,4.398141
SubNetW8CleanAuxExDnRcK9Rr01QdEma,minbias,0,test,12.428822,13.264150619506836,0.06720903116224863,1,30mm,0.7415638
SubNetW8CleanAuxExDnRcK9Rr01QdEma,minbias,0,test,33.005215,32.94953155517578,-0.0016871011598430519,2,40mm,4.2430215
SubNetW8CleanAuxExDnRcK9Rr01QdEma,minbias,0,test,20.607899,20.670743942260742,0.0030495700207155974,3,60mm,4.5042253
SubNetW8CleanAuxExDnRcK9Rr01QdEma,minbias,0,test,24.806263,24.10797691345215,-0.02814958695567593,3,60mm,2.9099307
SubNetW8CleanAuxExDnRcK9Rr01QdEma,minbias,0,test,11.0004225,10.973384857177734,-0.0024578711044225265,3,60mm,2.0008855
SubNetW8CleanAuxExDnRcK9Rr01QdEma,minbias,0,test,13.140508,12.438912391662598,-0.053391796003446124,3,60mm,3.0917933
SubNetW8CleanAuxExDnRcK9Rr01QdEma,minbias,0,test,47.899643,51.147056579589844,0.06779619712463658,0,15mm,1.4260075
SubNetW8CleanAuxExDnRcK9Rr01QdEma,minbias,0,test,15.617402,15.910587310791016,0.018772983664603116,3,60mm,1.8725041
SubNetW8CleanAuxExDnRcK9Rr01QdEma,minbias,0,test,13.797164,12.987942695617676,-0.0586512757151868,2,40mm,1.5665609
SubNetW8CleanAuxExDnRcK9Rr01QdEma,minbias,0,test,32.23639,31.539968490600586,-0.02160355696463767,1,30mm,1.699357
SubNetW8CleanAuxExDnRcK9Rr01QdEma,minbias,0,test,24.465088,23.912504196166992,-0.022586622084842634,3,60mm,3.411927
SubNetW8CleanAuxExDnRcK9Rr01QdEma,minbias,0,test,9.272612,8.825630187988281,-0.04820448094515317,3,60mm,1.7772806
SubNetW8CleanAuxExDnRcK9Rr01QdEma,minbias,0,test,23.054571,23.277191162109375,0.009656219970903157,3,60mm,2.8767989
SubNetW8CleanAuxExDnRcK9Rr01QdEma,minbias,0,test,17.349373,17.262561798095703,-0.005003700500040287,3,60mm,2.9458117
SubNetW8CleanAuxExDnRcK9Rr01QdEma,minbias,0,test,21.322264,21.210750579833984,-0.005229892064652963,3,60mm,3.8344586
SubNetW8CleanAuxExDnRcK9Rr01QdEma,minbias,0,test,40.693195,40.33241271972656,-0.008865920217123513,2,40mm,2.6686084
SubNetW8CleanAuxExDnRcK9Rr01QdEma,minbias,0,test,55.242687,54.723289489746094,-0.009402108436126877,2,40mm,4.6024613
SubNetW8CleanAuxExDnRcK9Rr01QdEma,minbias,0,test,20.456331,19.528900146484375,-0.045337118132022125,1,30mm,1.1122011
SubNetW8CleanAuxExDnRcK9Rr01QdEma,minbias,0,test,7.808135,8.29092025756836,0.06183105477755335,3,60mm,0.93300563
SubNetW8CleanAuxExDnRcK9Rr01QdEma,minbias,0,test,22.224321,21.451017379760742,-0.03479539252888686,3,60mm,2.4229288
SubNetW8CleanAuxExDnRcK9Rr01QdEma,minbias,0,test,54.36764,57.57086944580078,0.05891791351354603,2,40mm,3.470171
SubNetW8CleanAuxExDnRcK9Rr01QdEma,minbias,0,test,13.040242,12.81981086730957,-0.01690392897013493,4,120mm,3.079203
SubNetW8CleanAuxExDnRcK9Rr01QdEma,minbias,0,test,98.18575,92.7141342163086,-0.05572721594000907,0,15mm,4.095516
SubNetW8CleanAuxExDnRcK9Rr01QdEma,minbias,0,test,67.34153,67.35692596435547,0.0002286273893572499,2,40mm,4.141185
SubNetW8CleanAuxExDnRcK9Rr01QdEma,minbias,0,test,7.057976,7.414305210113525,0.05048606749734885,3,60mm,1.1206439
SubNetW8CleanAuxExDnRcK9Rr01QdEma,minbias,0,test,7.888588,7.64284086227417,-0.031152227862816573,3,60mm,1.0671896
SubNetW8CleanAuxExDnRcK9Rr01QdEma,minbias,0,test,14.876885,15.566716194152832,0.04636930115589899,1,30mm,0.94238234
SubNetW8CleanAuxExDnRcK9Rr01QdEma,minbias,0,test,21.919405,21.109071731567383,-0.03696876135836491,3,60mm,3.7724833
SubNetW8CleanAuxExDnRcK9Rr01QdEma,minbias,0,test,11.7529,11.422670364379883,-0.028097725305544774,4,120mm,2.720492
SubNetW8CleanAuxExDnRcK9Rr01QdEma,minbias,0,test,5.6938863,5.3495073318481445,-0.0604822315151774,3,60mm,0.75284195
SubNetW8CleanAuxExDnRcK9Rr01QdEma,minbias,0,test,6.773619,7.705892086029053,0.13763290893566626,4,120mm,1.5851748
SubNetW8CleanAuxExDnRcK9Rr01QdEma,minbias,0,test,34.78335,33.70439147949219,-0.031019449242820518,3,60mm,4.416228
SubNetW8CleanAuxExDnRcK9Rr01QdEma,minbias,0,test,25.099878,25.36256217956543,0.010465543503907604,2,40mm,1.4650507
SubNetW8CleanAuxExDnRcK9Rr01QdEma,minbias,0,test,69.9867,67.27317810058594,-0.03877199222918437,1,30mm,2.9968908
SubNetW8CleanAuxExDnRcK9Rr01QdEma,minbias,0,test,21.748005,22.379390716552734,0.029031895373338834,3,60mm,3.3416345
SubNetW8CleanAuxExDnRcK9Rr01QdEma,minbias,0,test,22.97448,22.02581787109375,-0.04129198213004237,3,60mm,3.3014016
SubNetW8CleanAuxExDnRcK9Rr01QdEma,minbias,0,test,39.048992,38.51676940917969,-0.013629615475429513,0,15mm,2.1416786
SubNetW8CleanAuxExDnRcK9Rr01QdEma,minbias,0,test,43.33032,44.466758728027344,0.026227369604648665,2,40mm,2.973291
SubNetW8CleanAuxExDnRcK9Rr01QdEma,minbias,0,test,41.45396,40.37690353393555,-0.025982002054494413,1,30mm,3.6093457
SubNetW8CleanAuxExDnRcK9Rr01QdEma,minbias,0,test,4.486244,4.056657791137695,-0.09575635904159885,3,60mm,0.79186004
SubNetW8CleanAuxExDnRcK9Rr01QdEma,minbias,0,test,71.252014,70.85836029052734,-0.005524810410889924,1,30mm,4.4186482
SubNetW8CleanAuxExDnRcK9Rr01QdEma,minbias,0,test,9.026537,8.418601989746094,-0.06734974395167037,2,40mm,1.2313783
SubNetW8CleanAuxExDnRcK9Rr01QdEma,minbias,0,test,6.128847,6.405404567718506,0.0451238936152798,3,60mm,0.94453675
SubNetW8CleanAuxExDnRcK9Rr01QdEma,minbias,0,test,50.644928,49.96196746826172,-0.013485269651160925,2,40mm,3.8190012
SubNetW8CleanAuxExDnRcK9Rr01QdEma,minbias,0,test,15.951103,15.274762153625488,-0.042400895279812056,1,30mm,1.0306737
SubNetW8CleanAuxExDnRcK9Rr01QdEma,minbias,0,test,46.168858,48.98439025878906,0.06098337347388716,2,40mm,3.8210077
SubNetW8CleanAuxExDnRcK9Rr01QdEma,minbias,0,test,26.99264,28.070934295654297,0.0399477328760478,2,40mm,1.9145601
SubNetW8CleanAuxExDnRcK9Rr01QdEma,minbias,0,test,27.6824,26.6911678314209,-0.03580729731871246,3,60mm,4.6834226
SubNetW8CleanAuxExDnRcK9Rr01QdEma,minbias,0,test,24.287334,33.41946029663086,0.3760036275799741,1,30mm,1.5376338
SubNetW8CleanAuxExDnRcK9Rr01QdEma,minbias,0,test,18.009415,18.37180519104004,0.020122281860429636,3,60mm,4.023874
SubNetW8CleanAuxExDnRcK9Rr01QdEma,minbias,0,test,11.135622,11.334257125854492,0.017837809228859358,3,60mm,2.058842
SubNetW8CleanAuxExDnRcK9Rr01QdEma,minbias,0,test,9.070876,9.091548919677734,0.00227902992828799,3,60mm,1.5566865
SubNetW8CleanAuxExDnRcK9Rr01QdEma,minbias,0,test,18.474592,20.280542373657227,0.09775318147096113,2,40mm,1.7364439
SubNetW8CleanAuxExDnRcK9Rr01QdEma,minbias,0,test,19.208609,17.930944442749023,-0.06651518646452936,1,30mm,1.7156184
SubNetW8CleanAuxExDnRcK9Rr01QdEma,minbias,0,test,4.7149034,4.752962589263916,0.00807211341493308,3,60mm,0.9643277
SubNetW8CleanAuxExDnRcK9Rr01QdEma,minbias,0,test,35.00834,36.23402786254883,0.035011342207329266,0,15mm,1.8060601
SubNetW8CleanAuxExDnRcK9Rr01QdEma,minbias,0,test,37.3609,36.914024353027344,-0.011961074689481377,2,40mm,3.3478339
SubNetW8CleanAuxExDnRcK9Rr01QdEma,minbias,0,test,16.251837,16.199922561645508,-0.0031943598622780067,2,40mm,1.2112808
SubNetW8CleanAuxExDnRcK9Rr01QdEma,minbias,0,test,28.729574,28.034603118896484,-0.02419009344420686,3,60mm,4.526324
SubNetW8CleanAuxExDnRcK9Rr01QdEma,minbias,0,test,40.018005,37.16912841796875,-0.07118987882346661,3,60mm,4.0367265
SubNetW8CleanAuxExDnRcK9Rr01QdEma,minbias,0,test,10.144469,9.827165603637695,-0.031278487751577044,3,60mm,1.3704892
SubNetW8CleanAuxExDnRcK9Rr01QdEma,minbias,0,test,97.625145,97.4245834350586,-0.002054404359888684,0,15mm,2.9309251
SubNetW8CleanAuxExDnRcK9Rr01QdEma,minbias,0,test,40.908546,39.043304443359375,-0.045595411383699824,1,30mm,2.9184084
SubNetW8CleanAuxExDnRcK9Rr01QdEma,minbias,0,test,85.862625,63.557655334472656,-0.2597750739147193,0,15mm,2.0698652
SubNetW8CleanAuxExDnRcK9Rr01QdEma,minbias,0,test,15.046551,15.49345588684082,0.02970150059718124,1,30mm,1.2339752
SubNetW8CleanAuxExDnRcK9Rr01QdEma,minbias,0,test,18.829714,19.935880661010742,0.0587458126071887,1,30mm,1.2351626
SubNetW8CleanAuxExDnRcK9Rr01QdEma,minbias,0,test,16.282911,15.542244911193848,-0.04548734411120614,3,60mm,3.39015
SubNetW8CleanAuxExDnRcK9Rr01QdEma,minbias,0,test,19.955399,20.788555145263672,0.04175093688087683,3,60mm,3.3606374
SubNetW8CleanAuxExDnRcK9Rr01QdEma,minbias,0,test,13.776011,13.364485740661621,-0.02987263238744786,3,60mm,2.123552
SubNetW8CleanAuxExDnRcK9Rr01QdEma,minbias,0,test,48.93157,77.87273406982422,0.5914620565166748,0,15mm,1.1468182
SubNetW8CleanAuxExDnRcK9Rr01QdEma,minbias,0,test,41.83918,41.01398849487305,-0.019722936681531245,2,40mm,3.9274726
SubNetW8CleanAuxExDnRcK9Rr01QdEma,minbias,0,test,34.17865,35.24038314819336,0.0310642242710939,1,30mm,1.7325175
SubNetW8CleanAuxExDnRcK9Rr01QdEma,minbias,0,test,12.783664,13.030511856079102,0.019309652633046515,4,120mm,2.544791
SubNetW8CleanAuxExDnRcK9Rr01QdEma,minbias,0,test,50.49172,49.04441833496094,-0.02866410584204515,2,40mm,4.768633
SubNetW8CleanAuxExDnRcK9Rr01QdEma,minbias,0,test,81.60099,79.40492248535156,-0.026912269104926723,0,15mm,3.6773982
SubNetW8CleanAuxExDnRcK9Rr01QdEma,minbias,0,test,20.067755,19.44744110107422,-0.03091096399555071,3,60mm,2.3941708
SubNetW8CleanAuxExDnRcK9Rr01QdEma,minbias,0,test,13.302918,13.3212251663208,0.0013761440595432273,4,120mm,3.0114915
SubNetW8CleanAuxExDnRcK9Rr01QdEma,minbias,0,test,18.326086,17.790454864501953,-0.029227800115880775,3,60mm,3.0565376
SubNetW8CleanAuxExDnRcK9Rr01QdEma,minbias,0,test,6.2834635,6.9447922706604,0.10524908673030398,2,40mm,0.79071283
SubNetW8CleanAuxExDnRcK9Rr01QdEma,minbias,0,test,21.881956,25.658998489379883,0.17260990615166927,3,60mm,4.371325
SubNetW8CleanAuxExDnRcK9Rr01QdEma,minbias,0,test,53.11504,54.352352142333984,0.02329495225760736,1,30mm,2.6905499
SubNetW8CleanAuxExDnRcK9Rr01QdEma,minbias,0,test,10.7885,11.466360092163086,0.06283174403817626,4,120mm,2.384234
SubNetW8CleanAuxExDnRcK9Rr01QdEma,minbias,0,test,26.04037,25.582162857055664,-0.01759606593706986,3,60mm,3.6768205
SubNetW8CleanAuxExDnRcK9Rr01QdEma,minbias,0,test,53.68466,52.95237731933594,-0.013640479802903616,2,40mm,4.833305
SubNetW8CleanAuxExDnRcK9Rr01QdEma,minbias,0,test,23.208965,33.02019119262695,0.4227343082146535,1,30mm,1.3076977
SubNetW8CleanAuxExDnRcK9Rr01QdEma,minbias,0,test,6.287461,5.853302001953125,-0.0690515321792955,2,40mm,0.6732104
SubNetW8CleanAuxExDnRcK9Rr01QdEma,minbias,0,test,17.452244,18.06882667541504,0.03532971905361326,2,40mm,1.2908195
SubNetW8CleanAuxExDnRcK9Rr01QdEma,minbias,0,test,57.04637,55.726497650146484,-0.023136858244188763,1,30mm,2.1991723
SubNetW8CleanAuxExDnRcK9Rr01QdEma,minbias,0,test,19.813742,24.211694717407227,0.2219647910827256,1,30mm,1.2635863
SubNetW8CleanAuxExDnRcK9Rr01QdEma,minbias,0,test,20.517155,20.237106323242188,-0.013649474039820753,2,40mm,2.2522933
SubNetW8CleanAuxExDnRcK9Rr01QdEma,minbias,0,test,7.8539534,7.990291595458984,0.01735918558109706,3,60mm,1.4735727
SubNetW8CleanAuxExDnRcK9Rr01QdEma,minbias,0,test,14.539824,14.153870582580566,-0.026544541525674425,3,60mm,1.9964106
SubNetW8CleanAuxExDnRcK9Rr01QdEma,minbias,0,test,35.043205,34.99052429199219,-0.0015033148036993627,2,40mm,2.8401947
SubNetW8CleanAuxExDnRcK9Rr01QdEma,minbias,0,test,38.1218,37.65484619140625,-0.012248983103950284,2,40mm,3.403302
SubNetW8CleanAuxExDnRcK9Rr01QdEma,minbias,0,test,30.59517,30.74386215209961,0.004860018403209931,3,60mm,4.4187875
SubNetW8CleanAuxExDnRcK9Rr01QdEma,minbias,0,test,18.55477,19.945066452026367,0.07492935629499176,2,40mm,1.5674473
SubNetW8CleanAuxExDnRcK9Rr01QdEma,minbias,0,test,16.272055,16.66010856628418,0.02384787304733904,3,60mm,2.8178215
SubNetW8CleanAuxExDnRcK9Rr01QdEma,minbias,0,test,42.177315,43.664974212646484,0.03527155445695884,1,30mm,1.5918127
SubNetW8CleanAuxExDnRcK9Rr01QdEma,minbias,0,test,75.40214,76.21211242675781,0.010742065072842921,1,30mm,4.308349
SubNetW8CleanAuxExDnRcK9Rr01QdEma,minbias,0,test,21.668594,22.83086585998535,0.05363852773765854,3,60mm,4.696899
SubNetW8CleanAuxExDnRcK9Rr01QdEma,minbias,0,test,22.493525,22.203332901000977,-0.012901119596780641,3,60mm,4.707583
SubNetW8CleanAuxExDnRcK9Rr01QdEma,minbias,0,test,67.51952,69.14303588867188,0.02404507883066498,0,15mm,1.5296861
SubNetW8CleanAuxExDnRcK9Rr01QdEma,minbias,0,test,18.264528,18.122873306274414,-0.007755741956895212,4,120mm,3.618021
SubNetW8CleanAuxExDnRcK9Rr01QdEma,minbias,0,test,25.438503,25.94122886657715,0.01976238916070372,2,40mm,2.2183652
SubNetW8CleanAuxExDnRcK9Rr01QdEma,minbias,0,test,27.872805,27.64313507080078,-0.008239916071418718,3,60mm,4.7802277
SubNetW8CleanAuxExDnRcK9Rr01QdEma,minbias,0,test,38.072655,37.129608154296875,-0.02476965624429517,2,40mm,4.03624
SubNetW8CleanAuxExDnRcK9Rr01QdEma,minbias,0,test,12.698085,13.166491508483887,0.036887978263761,2,40mm,1.0325918
SubNetW8CleanAuxExDnRcK9Rr01QdEma,minbias,0,test,63.993427,63.580814361572266,-0.006447738972559569,0,15mm,3.0003603
SubNetW8CleanAuxExDnRcK9Rr01QdEma,minbias,0,test,33.816166,33.952571868896484,0.004033749572038836,3,60mm,3.5921643
SubNetW8CleanAuxExDnRcK9Rr01QdEma,minbias,0,test,10.353238,11.12244987487793,0.07429673318099583,2,40mm,0.75553244
SubNetW8CleanAuxExDnRcK9Rr01QdEma,minbias,0,test,18.262976,16.941638946533203,-0.07235057246122456,4,120mm,3.7723656
SubNetW8CleanAuxExDnRcK9Rr01QdEma,minbias,0,test,33.593613,32.6406135559082,-0.0283684617170038,1,30mm,2.2258232
SubNetW8CleanAuxExDnRcK9Rr01QdEma,minbias,0,test,9.070726,9.202913284301758,0.014572911131610633,3,60mm,1.1619614
SubNetW8CleanAuxExDnRcK9Rr01QdEma,minbias,0,test,4.2817383,4.317854404449463,0.00843492077916519,3,60mm,0.6747381
SubNetW8CleanAuxExDnRcK9Rr01QdEma,minbias,0,test,30.895847,30.639677047729492,-0.008291414382304518,2,40mm,3.2831657
SubNetW8CleanAuxExDnRcK9Rr01QdEma,minbias,0,test,35.636574,34.1563606262207,-0.041536348975167225,3,60mm,4.964617
SubNetW8CleanAuxExDnRcK9Rr01QdEma,minbias,0,test,26.198254,25.56566619873047,-0.024146167975811483,1,30mm,1.6526139
SubNetW8CleanAuxExDnRcK9Rr01QdEma,minbias,0,test,32.02759,40.881996154785156,0.2764617624369019,2,40mm,2.3579164
SubNetW8CleanAuxExDnRcK9Rr01QdEma,minbias,0,test,19.86969,17.821807861328125,-0.10306562840774702,2,40mm,1.5654434
SubNetW8CleanAuxExDnRcK9Rr01QdEma,minbias,0,test,28.236448,28.032983779907227,-0.00720574011227082,3,60mm,4.082645
SubNetW8CleanAuxExDnRcK9Rr01QdEma,minbias,0,test,44.45817,43.52925491333008,-0.020894177439453765,2,40mm,4.9005985
SubNetW8CleanAuxExDnRcK9Rr01QdEma,minbias,0,test,38.822598,38.03129959106445,-0.02038240518355361,2,40mm,3.1151123
SubNetW8CleanAuxExDnRcK9Rr01QdEma,minbias,0,test,63.898716,62.952003479003906,-0.014815829699895477,2,40mm,4.898613
SubNetW8CleanAuxExDnRcK9Rr01QdEma,minbias,0,test,34.514744,33.42062759399414,-0.03169996616869475,1,30mm,1.489445
SubNetW8CleanAuxExDnRcK9Rr01QdEma,minbias,0,test,29.482487,29.797761917114258,0.010693643151714394,2,40mm,3.9974763
SubNetW8CleanAuxExDnRcK9Rr01QdEma,minbias,0,test,92.87682,93.69477081298828,0.008806797622156415,0,15mm,3.2054052
SubNetW8CleanAuxExDnRcK9Rr01QdEma,minbias,0,test,6.4824214,6.309389591217041,-0.026692465101827434,2,40mm,0.6013438
SubNetW8CleanAuxExDnRcK9Rr01QdEma,minbias,0,test,9.872703,10.97160816192627,0.11130747152390308,3,60mm,1.8304025
SubNetW8CleanAuxExDnRcK9Rr01QdEma,minbias,0,test,6.904735,6.886809349060059,-0.00259615163492366,4,120mm,1.6044143
SubNetW8CleanAuxExDnRcK9Rr01QdEma,minbias,0,test,5.2696443,5.300025463104248,0.00576532327353152,3,60mm,0.95770204
SubNetW8CleanAuxExDnRcK9Rr01QdEma,minbias,0,test,7.489502,7.398044586181641,-0.012211408384131484,3,60mm,1.7057179
SubNetW8CleanAuxExDnRcK9Rr01QdEma,minbias,0,test,50.92729,51.29252624511719,0.007171682639860011,1,30mm,2.5310721
SubNetW8CleanAuxExDnRcK9Rr01QdEma,minbias,0,test,18.554214,37.88478469848633,1.0418425551967196,3,60mm,2.4607806
SubNetW8CleanAuxExDnRcK9Rr01QdEma,minbias,0,test,29.49605,28.667194366455078,-0.028100559833294847,3,60mm,4.462643
SubNetW8CleanAuxExDnRcK9Rr01QdEma,minbias,0,test,2.8869872,2.5606489181518555,-0.11303766435635532,4,120mm,0.6440502
SubNetW8CleanAuxExDnRcK9Rr01QdEma,minbias,0,test,20.556534,21.543607711791992,0.04801752607087484,4,120mm,4.33623
SubNetW8CleanAuxExDnRcK9Rr01QdEma,minbias,0,test,5.5038695,5.608070373535156,0.01893228743184605,3,60mm,1.1728656
SubNetW8CleanAuxExDnRcK9Rr01QdEma,minbias,0,test,5.9888334,5.944217205047607,-0.007449902042231948,3,60mm,1.1808665
SubNetW8CleanAuxExDnRcK9Rr01QdEma,minbias,0,test,20.031551,20.05013656616211,0.000927796591642549,3,60mm,3.3288798
SubNetW8CleanAuxExDnRcK9Rr01QdEma,minbias,0,test,20.943161,20.097171783447266,-0.04039453389395209,3,60mm,4.8162403
SubNetW8CleanAuxExDnRcK9Rr01QdEma,minbias,0,test,13.816482,12.268997192382812,-0.11200278361589966,3,60mm,2.56518
SubNetW8CleanAuxExDnRcK9Rr01QdEma,minbias,0,test,54.908024,54.921382904052734,0.00024329904613851205,1,30mm,3.0879383
SubNetW8CleanAuxExDnRcK9Rr01QdEma,minbias,0,test,11.689729,10.310785293579102,-0.11796197108904716,1,30mm,0.6814316
SubNetW8CleanAuxExDnRcK9Rr01QdEma,minbias,0,test,29.229212,29.405317306518555,0.006024982829810455,2,40mm,2.710703
SubNetW8CleanAuxExDnRcK9Rr01QdEma,minbias,0,test,2.847417,2.6220815181732178,-0.07913684184613612,4,120mm,0.5689609
SubNetW8CleanAuxExDnRcK9Rr01QdEma,minbias,0,test,25.79878,26.578163146972656,0.03021006002443749,2,40mm,1.8637258
SubNetW8CleanAuxExDnRcK9Rr01QdEma,minbias,0,test,25.204226,25.588960647583008,0.01526470657901502,1,30mm,2.460677
SubNetW8CleanAuxExDnRcK9Rr01QdEma,minbias,0,test,23.971224,23.03907585144043,-0.03888612389176327,2,40mm,2.887101
SubNetW8CleanAuxExDnRcK9Rr01QdEma,minbias,0,test,24.626226,24.816198348999023,0.0077142116923749615,2,40mm,2.1302538
SubNetW8CleanAuxExDnRcK9Rr01QdEma,minbias,0,test,18.420254,18.52341651916504,0.005600507293903156,3,60mm,3.736997
SubNetW8CleanAuxExDnRcK9Rr01QdEma,minbias,0,test,58.38353,57.489444732666016,-0.01531399241497422,1,30mm,4.40277
SubNetW8CleanAuxExDnRcK9Rr01QdEma,minbias,0,test,15.522573,15.025790214538574,-0.032003923670044565,3,60mm,2.3982654
SubNetW8CleanAuxExDnRcK9Rr01QdEma,minbias,0,test,13.975194,12.426177978515625,-0.11084039343927576,2,40mm,1.8723029
SubNetW8CleanAuxExDnRcK9Rr01QdEma,minbias,0,test,52.087307,49.96018981933594,-0.040837533757495326,2,40mm,4.613422
SubNetW8CleanAuxExDnRcK9Rr01QdEma,minbias,0,test,59.006657,59.93626403808594,0.01575428001154111,1,30mm,4.688261
SubNetW8CleanAuxExDnRcK9Rr01QdEma,minbias,0,test,12.286073,12.294598579406738,0.0006939441573665661,4,120mm,2.6265662
SubNetW8CleanAuxExDnRcK9Rr01QdEma,minbias,0,test,42.80771,43.740074157714844,0.02178031585708662,2,40mm,2.7761388
SubNetW8CleanAuxExDnRcK9Rr01QdEma,minbias,0,test,23.85785,24.130029678344727,0.011408428139078497,3,60mm,3.6615229
SubNetW8CleanAuxExDnRcK9Rr01QdEma,minbias,0,test,96.75637,94.49354553222656,-0.023386832303386895,1,30mm,4.452223
SubNetW8CleanAuxExDnRcK9Rr01QdEma,minbias,0,test,7.594899,6.86759614944458,-0.09576203858721732,1,30mm,0.6294539
SubNetW8CleanAuxExDnRcK9Rr01QdEma,minbias,0,test,17.735462,17.721778869628906,-0.000771523118269779,3,60mm,3.5582771
SubNetW8CleanAuxExDnRcK9Rr01QdEma,minbias,0,test,10.066872,11.801589012145996,0.17231940870870077,2,40mm,1.4586687
SubNetW8CleanAuxExDnRcK9Rr01QdEma,minbias,0,test,23.959734,24.058349609375,0.004115890707073078,3,60mm,4.090244
SubNetW8CleanAuxExDnRcK9Rr01QdEma,minbias,0,test,48.960594,44.69488525390625,-0.08712535039704006,2,40mm,3.3049722
SubNetW8CleanAuxExDnRcK9Rr01QdEma,minbias,0,test,81.58272,82.03143310546875,0.0055001257807525405,0,15mm,3.7547743
SubNetW8CleanAuxExDnRcK9Rr01QdEma,minbias,0,test,8.377814,8.178210258483887,-0.023825311405243688,3,60mm,1.689748
SubNetW8CleanAuxExDnRcK9Rr01QdEma,minbias,0,test,69.39037,70.26568603515625,0.012614326230451667,0,15mm,1.8698089
SubNetW8CleanAuxExDnRcK9Rr01QdEma,minbias,0,test,26.704588,26.45269203186035,-0.00943268269635622,3,60mm,4.6050835
SubNetW8CleanAuxExDnRcK9Rr01QdEma,minbias,0,test,22.167856,21.76833152770996,-0.018022702999335505,0,15mm,0.8602164
SubNetW8CleanAuxExDnRcK9Rr01QdEma,minbias,0,test,38.24741,36.64496994018555,-0.04189669020436093,2,40mm,4.7852154
SubNetW8CleanAuxExDnRcK9Rr01QdEma,minbias,0,test,84.678215,83.61857604980469,-0.012513714143770227,0,15mm,3.9294462
SubNetW8CleanAuxExDnRcK9Rr01QdEma,minbias,0,test,19.581284,19.644634246826172,0.0032352668437651833,1,30mm,0.9958144
SubNetW8CleanAuxExDnRcK9Rr01QdEma,minbias,0,test,40.30047,40.07171630859375,-0.005676165688834556,2,40mm,3.7478871
SubNetW8CleanAuxExDnRcK9Rr01QdEma,minbias,0,test,16.071278,15.525430679321289,-0.033964128555759365,3,60mm,2.7947686
SubNetW8CleanAuxExDnRcK9Rr01QdEma,minbias,0,test,75.384895,73.9521484375,-0.01900575547708505,1,30mm,4.4660544
SubNetW8CleanAuxExDnRcK9Rr01QdEma,minbias,0,test,15.522403,14.280684471130371,-0.07999523728161584,3,60mm,3.0579526
SubNetW8CleanAuxExDnRcK9Rr01QdEma,minbias,0,test,42.6397,41.140098571777344,-0.035169178175699534,2,40mm,4.1594377
SubNetW8CleanAuxExDnRcK9Rr01QdEma,minbias,0,test,8.114197,7.931003570556641,-0.022576875051713907,3,60mm,1.8249512
SubNetW8CleanAuxExDnRcK9Rr01QdEma,minbias,0,test,16.96905,16.458845138549805,-0.030066758693618967,3,60mm,2.3725777
SubNetW8CleanAuxExDnRcK9Rr01QdEma,minbias,0,test,12.738262,13.015579223632812,0.021770398762120502,3,60mm,2.0902004
SubNetW8CleanAuxExDnRcK9Rr01QdEma,minbias,0,test,23.003115,23.12893295288086,0.005469618101836549,3,60mm,2.8857083
SubNetW8CleanAuxExDnRcK9Rr01QdEma,minbias,0,test,73.23642,73.99898529052734,0.010412382475119886,0,15mm,2.0303574
SubNetW8CleanAuxExDnRcK9Rr01QdEma,minbias,0,test,20.839901,20.348173141479492,-0.023595497391111775,4,120mm,4.9483647
SubNetW8CleanAuxExDnRcK9Rr01QdEma,minbias,0,test,67.89576,66.59835815429688,-0.01910872543734954,0,15mm,3.3223348
SubNetW8CleanAuxExDnRcK9Rr01QdEma,minbias,0,test,35.833042,35.77379608154297,-0.001653391944592686,0,15mm,1.6590533
SubNetW8CleanAuxExDnRcK9Rr01QdEma,minbias,0,test,36.685104,36.24048614501953,-0.012119857166328019,2,40mm,4.016566
SubNetW8CleanAuxExDnRcK9Rr01QdEma,minbias,0,test,30.391941,29.874025344848633,-0.017041219068753666,3,60mm,4.484848
SubNetW8CleanAuxExDnRcK9Rr01QdEma,minbias,0,test,62.95919,62.97635269165039,0.00027259440436822047,0,15mm,2.0337303
SubNetW8CleanAuxExDnRcK9Rr01QdEma,minbias,0,test,17.919546,17.115636825561523,-0.04486214639846309,3,60mm,3.7987573
SubNetW8CleanAuxExDnRcK9Rr01QdEma,minbias,0,test,16.446484,14.197490692138672,-0.13674612597872549,2,40mm,1.1016058
SubNetW8CleanAuxExDnRcK9Rr01QdEma,minbias,0,test,24.856192,21.960290908813477,-0.11650621176517173,1,30mm,1.0085624
SubNetW8CleanAuxExDnRcK9Rr01QdEma,minbias,0,test,48.314312,50.1942253112793,0.03891007142582481,1,30mm,2.0757318
SubNetW8CleanAuxExDnRcK9Rr01QdEma,minbias,0,test,6.606716,7.3379716873168945,0.11068366099643678,1,30mm,0.62501216
SubNetW8CleanAuxExDnRcK9Rr01QdEma,minbias,0,test,41.516926,41.503990173339844,-0.00031157505462675594,2,40mm,4.59092
SubNetW8CleanAuxExDnRcK9Rr01QdEma,minbias,0,test,16.379908,16.472675323486328,0.005663506637156646,3,60mm,2.5330672
SubNetW8CleanAuxExDnRcK9Rr01QdEma,minbias,0,test,54.814228,53.496788024902344,-0.024034636254811614,0,15mm,1.6697907
SubNetW8CleanAuxExDnRcK9Rr01QdEma,minbias,0,test,52.52038,53.833152770996094,0.024995529456848242,0,15mm,2.4552279
SubNetW8CleanAuxExDnRcK9Rr01QdEma,minbias,0,test,84.312744,84.55818939208984,0.002911128726346135,0,15mm,2.5909379
SubNetW8CleanAuxExDnRcK9Rr01QdEma,minbias,0,test,7.2866297,7.029423236846924,-0.03529840974218601,3,60mm,1.1460752
SubNetW8CleanAuxExDnRcK9Rr01QdEma,minbias,0,test,18.896832,18.101806640625,-0.04207186116372619,4,120mm,4.291788
SubNetW8CleanAuxExDnRcK9Rr01QdEma,minbias,0,test,2.5008535,3.6972031593322754,0.47837652321309054,4,120mm,0.5398102
SubNetW8CleanAuxExDnRcK9Rr01QdEma,minbias,0,test,41.158535,41.75870132446289,0.014581819317606382,2,40mm,4.0037537
SubNetW8CleanAuxExDnRcK9Rr01QdEma,minbias,0,test,30.745846,29.077150344848633,-0.05427385087965153,1,30mm,1.7604529
SubNetW8CleanAuxExDnRcK9Rr01QdEma,minbias,0,test,21.480743,20.680707931518555,-0.03724431047293508,1,30mm,1.092688
SubNetW8CleanAuxExDnRcK9Rr01QdEma,minbias,0,test,93.187225,89.08564758300781,-0.04401437797664953,0,15mm,2.298225
SubNetW8CleanAuxExDnRcK9Rr01QdEma,minbias,0,test,12.857056,12.879570007324219,0.0017511274626156315,3,60mm,2.2058878
SubNetW8CleanAuxExDnRcK9Rr01QdEma,minbias,0,test,21.13963,21.44489097595215,0.014440253737756148,2,40mm,2.2227058
SubNetW8CleanAuxExDnRcK9Rr01QdEma,minbias,0,test,21.691874,21.888599395751953,0.009069103453867022,3,60mm,4.954838
SubNetW8CleanAuxExDnRcK9Rr01QdEma,minbias,0,test,38.433327,37.22573471069336,-0.031420439330124506,1,30mm,2.293795
SubNetW8CleanAuxExDnRcK9Rr01QdEma,minbias,0,test,42.884968,42.33096694946289,-0.012918299414954815,1,30mm,2.2255673
SubNetW8CleanAuxExDnRcK9Rr01QdEma,minbias,0,test,7.838127,7.854733943939209,0.0021187214011850752,4,120mm,1.7473729
SubNetW8CleanAuxExDnRcK9Rr01QdEma,minbias,0,test,27.11277,26.381132125854492,-0.026984994618323044,3,60mm,4.9822793
SubNetW8CleanAuxExDnRcK9Rr01QdEma,minbias,0,test,54.810097,57.75205612182617,0.05367550061114401,1,30mm,3.7338746
SubNetW8CleanAuxExDnRcK9Rr01QdEma,minbias,0,test,40.57557,41.167720794677734,0.014593797553776877,2,40mm,4.017592
SubNetW8CleanAuxExDnRcK9Rr01QdEma,minbias,0,test,37.624622,36.628135681152344,-0.02648496122251598,2,40mm,3.6627147
SubNetW8CleanAuxExDnRcK9Rr01QdEma,minbias,0,test,22.503489,22.103673934936523,-0.017766783358530436,3,60mm,3.9332619
SubNetW8CleanAuxExDnRcK9Rr01QdEma,minbias,0,test,23.59225,23.735422134399414,0.006068573596178961,1,30mm,0.9739667
SubNetW8CleanAuxExDnRcK9Rr01QdEma,minbias,0,test,9.717143,10.02224349975586,0.03139816293055664,2,40mm,1.4014846
SubNetW8CleanAuxExDnRcK9Rr01QdEma,minbias,0,test,8.92984,9.072433471679688,0.015968190066743437,2,40mm,0.7314733
SubNetW8CleanAuxExDnRcK9Rr01QdEma,minbias,0,test,29.380913,29.12309455871582,-0.00877502424685439,3,60mm,4.397195
SubNetW8CleanAuxExDnRcK9Rr01QdEma,minbias,0,test,27.183105,29.77553939819336,0.09536930695514712,0,15mm,0.80202186
SubNetW8CleanAuxExDnRcK9Rr01QdEma,minbias,0,test,24.627766,25.13127899169922,0.02044494588849699,1,30mm,1.5086842
SubNetW8CleanAuxExDnRcK9Rr01QdEma,minbias,0,test,14.067923,13.629778861999512,-0.031144877809297422,0,15mm,0.51392066
SubNetW8CleanAuxExDnRcK9Rr01QdEma,minbias,0,test,7.7325807,7.501717567443848,-0.029855892156562258,3,60mm,1.2204952
SubNetW8CleanAuxExDnRcK9Rr01QdEma,minbias,0,test,40.571312,40.50580596923828,-0.0016145886907709128,2,40mm,3.4376693
SubNetW8CleanAuxExDnRcK9Rr01QdEma,minbias,0,test,7.7471023,7.752226829528809,0.00066148203119476,3,60mm,1.3783221
SubNetW8CleanAuxExDnRcK9Rr01QdEma,minbias,0,test,26.307602,25.571565628051758,-0.02797808415429548,3,60mm,4.436023
SubNetW8CleanAuxExDnRcK9Rr01QdEma,minbias,0,test,50.901115,51.54268264770508,0.012604188041118736,1,30mm,2.4436634
SubNetW8CleanAuxExDnRcK9Rr01QdEma,minbias,0,test,36.676777,36.438514709472656,-0.006496268122314408,2,40mm,3.1595812
SubNetW8CleanAuxExDnRcK9Rr01QdEma,minbias,0,test,85.0514,85.65963745117188,0.0071514193266024595,0,15mm,2.4008212
SubNetW8CleanAuxExDnRcK9Rr01QdEma,minbias,0,test,56.40527,54.75891876220703,-0.029187890982620868,2,40mm,4.97221
SubNetW8CleanAuxExDnRcK9Rr01QdEma,minbias,0,test,30.202261,29.627527236938477,-0.019029493675370657,2,40mm,4.041394
SubNetW8CleanAuxExDnRcK9Rr01QdEma,minbias,0,test,61.94082,67.4286880493164,0.08859859088399169,0,15mm,1.7730845
SubNetW8CleanAuxExDnRcK9Rr01QdEma,minbias,0,test,15.107857,14.474117279052734,-0.041947675431530995,3,60mm,3.1325111
SubNetW8CleanAuxExDnRcK9Rr01QdEma,minbias,0,test,21.418077,20.64972686767578,-0.035873929502448165,3,60mm,2.8768795
SubNetW8CleanAuxExDnRcK9Rr01QdEma,minbias,0,test,4.74221,4.526011943817139,-0.04559013024961456,3,60mm,0.96967655
SubNetW8CleanAuxExDnRcK9Rr01QdEma,minbias,0,test,21.032911,27.5599308013916,0.3103241109816244,1,30mm,0.8452108
SubNetW8CleanAuxExDnRcK9Rr01QdEma,minbias,0,test,62.615707,61.32172393798828,-0.020665476974634167,1,30mm,4.161118
SubNetW8CleanAuxExDnRcK9Rr01QdEma,minbias,0,test,32.28181,31.625520706176758,-0.020330026069180884,3,60mm,4.924373
SubNetW8CleanAuxExDnRcK9Rr01QdEma,minbias,0,test,14.644086,14.709639549255371,0.004476460031713758,2,40mm,1.1388867
SubNetW8CleanAuxExDnRcK9Rr01QdEma,minbias,0,test,24.002623,23.715730667114258,-0.011952524604691539,4,120mm,4.798512
SubNetW8CleanAuxExDnRcK9Rr01QdEma,minbias,0,test,30.656403,29.381603240966797,-0.04158346183212569,0,15mm,0.7666714
SubNetW8CleanAuxExDnRcK9Rr01QdEma,minbias,0,test,58.53134,59.277462005615234,0.012747366335498,0,15mm,1.4894154
SubNetW8CleanAuxExDnRcK9Rr01QdEma,minbias,0,test,41.06439,41.49263000488281,0.010428542776942162,2,40mm,2.83083
SubNetW8CleanAuxExDnRcK9Rr01QdEma,minbias,0,test,11.214565,10.992746353149414,-0.01977953834761248,3,60mm,2.4491072
SubNetW8CleanAuxExDnRcK9Rr01QdEma,minbias,0,test,12.092003,11.95344352722168,-0.011458758564296234,2,40mm,1.2388992
SubNetW8CleanAuxExDnRcK9Rr01QdEma,minbias,0,test,50.220413,49.053741455078125,-0.023231026556819634,0,15mm,2.1079564
SubNetW8CleanAuxExDnRcK9Rr01QdEma,minbias,0,test,69.87866,70.70516967773438,0.011827753185453371,0,15mm,2.5528808
SubNetW8CleanAuxExDnRcK9Rr01QdEma,minbias,0,test,34.774757,37.481903076171875,0.07784801086968685,2,40mm,3.353456
SubNetW8CleanAuxExDnRcK9Rr01QdEma,minbias,0,test,20.398212,20.481775283813477,0.00409657714994327,3,60mm,3.3594196
SubNetW8CleanAuxExDnRcK9Rr01QdEma,minbias,0,test,50.429565,50.82001495361328,0.007742472507921372,0,15mm,1.4849087
SubNetW8CleanAuxExDnRcK9Rr01QdEma,minbias,0,test,89.23232,90.58204650878906,0.015125951843297791,1,30mm,4.48876
SubNetW8CleanAuxExDnRcK9Rr01QdEma,minbias,0,test,2.806353,3.033625602722168,0.08098500190897773,3,60mm,0.57447046
SubNetW8CleanAuxExDnRcK9Rr01QdEma,minbias,0,test,58.91813,58.118064880371094,-0.013579251427999428,1,30mm,4.9899507
SubNetW8CleanAuxExDnRcK9Rr01QdEma,minbias,0,test,37.975906,38.72274398803711,0.019666090616761833,2,40mm,4.260294
SubNetW8CleanAuxExDnRcK9Rr01QdEma,minbias,0,test,10.386174,10.22691535949707,-0.01533373496066781,3,60mm,2.1267018
SubNetW8CleanAuxExDnRcK9Rr01QdEma,minbias,0,test,46.102573,51.216896057128906,0.11093356152941136,2,40mm,4.029316
SubNetW8CleanAuxExDnRcK9Rr01QdEma,minbias,0,test,20.989597,21.344388961791992,0.01690321333072342,2,40mm,2.5251796
SubNetW8CleanAuxExDnRcK9Rr01QdEma,minbias,0,test,68.70801,65.81841278076172,-0.042056160900834305,0,15mm,1.6072925
SubNetW8CleanAuxExDnRcK9Rr01QdEma,minbias,0,test,14.57054,16.614551544189453,0.14028382310907372,2,40mm,1.0830704
SubNetW8CleanAuxExDnRcK9Rr01QdEma,minbias,0,test,39.36892,39.272090911865234,-0.002459515329263806,2,40mm,4.122648
SubNetW8CleanAuxExDnRcK9Rr01QdEma,minbias,0,test,12.483154,12.424321174621582,-0.004713001285912677,3,60mm,2.5631235
SubNetW8CleanAuxExDnRcK9Rr01QdEma,minbias,0,test,11.221353,11.200668334960938,-0.0018432931419110066,3,60mm,2.1956673
SubNetW8CleanAuxExDnRcK9Rr01QdEma,minbias,0,test,21.889599,23.036115646362305,0.05237724126285004,3,60mm,4.963598
SubNetW8CleanAuxExDnRcK9Rr01QdEma,minbias,0,test,24.860228,23.89091682434082,-0.03899042183705459,3,60mm,4.433126
SubNetW8CleanAuxExDnRcK9Rr01QdEma,minbias,0,test,17.542953,17.105703353881836,-0.024924545205467497,3,60mm,2.4532418
SubNetW8CleanAuxExDnRcK9Rr01QdEma,minbias,0,test,89.61821,84.72034454345703,-0.054652567867808144,1,30mm,4.7721133
SubNetW8CleanAuxExDnRcK9Rr01QdEma,minbias,0,test,17.382261,18.006027221679688,0.03588520132803552,2,40mm,2.4545
SubNetW8CleanAuxExDnRcK9Rr01QdEma,minbias,0,test,44.22615,43.273292541503906,-0.0215451256811936,2,40mm,4.769679
SubNetW8CleanAuxExDnRcK9Rr01QdEma,minbias,0,test,5.5393925,6.6180243492126465,0.19472024838193303,3,60mm,0.93244535
SubNetW8CleanAuxExDnRcK9Rr01QdEma,minbias,0,test,45.16399,45.13005065917969,-0.0007514695126952242,2,40mm,4.1923423
SubNetW8CleanAuxExDnRcK9Rr01QdEma,minbias,0,test,4.9713383,4.999478340148926,0.00566046133133935,3,60mm,0.6955639
SubNetW8CleanAuxExDnRcK9Rr01QdEma,minbias,0,test,43.68472,43.60639190673828,-0.0017930109336729005,2,40mm,4.071229
SubNetW8CleanAuxExDnRcK9Rr01QdEma,minbias,0,test,25.295828,24.74414825439453,-0.02180911469421709,3,60mm,3.7718287
SubNetW8CleanAuxExDnRcK9Rr01QdEma,minbias,0,test,8.125325,7.888288497924805,-0.029172580677911508,4,120mm,1.8469292
SubNetW8CleanAuxExDnRcK9Rr01QdEma,minbias,0,test,25.460117,24.171228408813477,-0.050623840968910705,2,40mm,2.551906
SubNetW8CleanAuxExDnRcK9Rr01QdEma,minbias,0,test,66.74293,63.930973052978516,-0.04213112312358447,1,30mm,4.7377133
SubNetW8CleanAuxExDnRcK9Rr01QdEma,minbias,0,test,24.881252,25.009963989257812,0.005173039481509489,3,60mm,4.941671
SubNetW8CleanAuxExDnRcK9Rr01QdEma,minbias,0,test,18.958025,19.313051223754883,0.018726963674604136,3,60mm,2.9708867
SubNetW8CleanAuxExDnRcK9Rr01QdEma,minbias,0,test,15.650802,17.10477638244629,0.09290097437367684,0,15mm,0.5634527
SubNetW8CleanAuxExDnRcK9Rr01QdEma,minbias,0,test,14.934618,15.839033126831055,0.060558303589981266,2,40mm,1.7869762
SubNetW8CleanAuxExDnRcK9Rr01QdEma,minbias,0,test,24.613043,25.249528884887695,0.025859706084542466,3,60mm,4.232928
SubNetW8CleanAuxExDnRcK9Rr01QdEma,minbias,0,test,26.755543,25.898181915283203,-0.032044232766665126,3,60mm,4.9517975
SubNetW8CleanAuxExDnRcK9Rr01QdEma,minbias,0,test,27.280436,27.424203872680664,0.0052700152172948656,3,60mm,4.598924
SubNetW8CleanAuxExDnRcK9Rr01QdEma,minbias,0,test,8.1922655,8.181665420532227,-0.0012939143651036211,4,120mm,1.7461745
SubNetW8CleanAuxExDnRcK9Rr01QdEma,minbias,0,test,9.472812,8.84745979309082,-0.06601544775712942,2,40mm,1.0214832
SubNetW8CleanAuxExDnRcK9Rr01QdEma,minbias,0,test,61.38922,61.59958267211914,0.003426684304350447,0,15mm,1.700829
SubNetW8CleanAuxExDnRcK9Rr01QdEma,minbias,0,test,26.032896,26.334823608398438,0.011597924642833268,3,60mm,4.446866
SubNetW8CleanAuxExDnRcK9Rr01QdEma,minbias,0,test,23.328135,24.068758010864258,0.031748079682692554,1,30mm,1.4114434
SubNetW8CleanAuxExDnRcK9Rr01QdEma,minbias,0,test,69.84677,72.48402404785156,0.037757691025494866,0,15mm,1.4326167
SubNetW8CleanAuxExDnRcK9Rr01QdEma,minbias,0,test,48.930744,55.702857971191406,0.13840201931861795,1,30mm,2.8456542
SubNetW8CleanAuxExDnRcK9Rr01QdEma,minbias,0,test,18.042646,18.02362823486328,-0.0010540678339323595,0,15mm,0.538129
SubNetW8CleanAuxExDnRcK9Rr01QdEma,minbias,0,test,12.915577,10.82571792602539,-0.16180918741274064,3,60mm,3.1039011
SubNetW8CleanAuxExDnRcK9Rr01QdEma,minbias,0,test,3.4708803,3.4208643436431885,-0.014410156061367752,3,60mm,0.7166965
SubNetW8CleanAuxExDnRcK9Rr01QdEma,minbias,0,test,50.98854,46.85639953613281,-0.08104058403422332,1,30mm,2.171722
SubNetW8CleanAuxExDnRcK9Rr01QdEma,minbias,0,test,28.886324,28.775880813598633,-0.0038233703778464134,3,60mm,4.409976
SubNetW8CleanAuxExDnRcK9Rr01QdEma,minbias,0,test,44.98657,43.3941535949707,-0.035397562223357215,2,40mm,3.115325
SubNetW8CleanAuxExDnRcK9Rr01QdEma,minbias,0,test,25.553331,25.48963737487793,-0.0024925908606245883,2,40mm,3.3908813
SubNetW8CleanAuxExDnRcK9Rr01QdEma,minbias,0,test,30.262804,29.726499557495117,-0.017721572439916344,3,60mm,4.6212654
SubNetW8CleanAuxExDnRcK9Rr01QdEma,minbias,0,test,39.450504,39.279197692871094,-0.004342317370439552,1,30mm,3.3500512
SubNetW8CleanAuxExDnRcK9Rr01QdEma,minbias,0,test,44.66959,42.23335647583008,-0.054538972054758994,2,40mm,3.041565
SubNetW8CleanAuxExDnRcK9Rr01QdEma,minbias,0,test,28.425041,28.892377853393555,0.016441019430570192,3,60mm,4.8129005
SubNetW8CleanAuxExDnRcK9Rr01QdEma,minbias,0,test,15.127354,14.483186721801758,-0.042582923658664784,1,30mm,1.180297
SubNetW8CleanAuxExDnRcK9Rr01QdEma,minbias,0,test,86.30655,91.64805603027344,0.061889937848578436,0,15mm,2.2380114
SubNetW8CleanAuxExDnRcK9Rr01QdEma,minbias,0,test,24.947035,23.943195343017578,-0.04023882996133399,1,30mm,1.4588616
SubNetW8CleanAuxExDnRcK9Rr01QdEma,minbias,0,test,45.40091,43.128013610839844,-0.05006278160136102,1,30mm,2.151914
SubNetW8CleanAuxExDnRcK9Rr01QdEma,minbias,0,test,31.688395,32.113155364990234,0.013404302255137113,3,60mm,4.442492
SubNetW8CleanAuxExDnRcK9Rr01QdEma,minbias,0,test,19.071491,18.834070205688477,-0.0124490021656265,3,60mm,3.7896993
SubNetW8CleanAuxExDnRcK9Rr01QdEma,minbias,0,test,4.0017643,4.177413463592529,0.04389293147963591,3,60mm,0.7058743
SubNetW8CleanAuxExDnRcK9Rr01QdEma,minbias,0,test,21.342796,26.115503311157227,0.22362144644234028,3,60mm,2.9271846
SubNetW8CleanAuxExDnRcK9Rr01QdEma,minbias,0,test,25.133863,24.88520050048828,-0.009893542594914373,3,60mm,3.7837594
SubNetW8CleanAuxExDnRcK9Rr01QdEma,minbias,0,test,42.969955,42.909820556640625,-0.0013994635803895594,2,40mm,3.7684538
SubNetW8CleanAuxExDnRcK9Rr01QdEma,minbias,0,test,4.6335473,4.841745376586914,0.044932760318168175,3,60mm,0.87912405
SubNetW8CleanAuxExDnRcK9Rr01QdEma,minbias,0,test,4.866149,5.069812297821045,0.04185308573575397,3,60mm,0.6217704
SubNetW8CleanAuxExDnRcK9Rr01QdEma,minbias,0,test,39.41772,37.490203857421875,-0.04889975621107234,1,30mm,2.453704
SubNetW8CleanAuxExDnRcK9Rr01QdEma,minbias,0,test,33.966274,33.0476188659668,-0.027046104274962346,3,60mm,3.6949337
SubNetW8CleanAuxExDnRcK9Rr01QdEma,minbias,0,test,21.106215,20.472017288208008,-0.030047891079986955,3,60mm,3.874071
SubNetW8CleanAuxExDnRcK9Rr01QdEma,minbias,0,test,3.8846028,4.109261512756348,0.057833127368126735,3,60mm,0.73095375
SubNetW8CleanAuxExDnRcK9Rr01QdEma,minbias,0,test,46.9331,46.111480712890625,-0.01750621442448741,2,40mm,4.764017
SubNetW8CleanAuxExDnRcK9Rr01QdEma,minbias,0,test,34.919197,32.0813102722168,-0.08127010491095665,1,30mm,1.7186885
SubNetW8CleanAuxExDnRcK9Rr01QdEma,minbias,0,test,22.272045,21.669578552246094,-0.027050348523751766,3,60mm,4.664063
SubNetW8CleanAuxExDnRcK9Rr01QdEma,minbias,0,test,35.826122,34.297584533691406,-0.04266545338426253,2,40mm,3.446256
SubNetW8CleanAuxExDnRcK9Rr01QdEma,minbias,0,test,19.93097,20.34433364868164,0.02073980474599524,3,60mm,3.0231962
SubNetW8CleanAuxExDnRcK9Rr01QdEma,minbias,0,test,83.315285,81.7306137084961,-0.019020171696732535,0,15mm,3.6516547
SubNetW8CleanAuxExDnRcK9Rr01QdEma,minbias,0,test,48.91253,15.853103637695312,-0.6758886942773765,0,15mm,1.820024
SubNetW8CleanAuxExDnRcK9Rr01QdEma,minbias,0,test,4.1519527,4.0414299964904785,-0.026619461700766123,4,120mm,0.8928189
SubNetW8CleanAuxExDnRcK9Rr01QdEma,minbias,0,test,42.194195,39.67996597290039,-0.059587079054204684,2,40mm,2.8922746
SubNetW8CleanAuxExDnRcK9Rr01QdEma,minbias,0,test,15.282286,11.338118553161621,-0.2580875149878581,1,30mm,1.121069
SubNetW8CleanAuxExDnRcK9Rr01QdEma,minbias,0,test,3.5060408,3.7225465774536133,0.06175220927331404,3,60mm,0.6001438
SubNetW8CleanAuxExDnRcK9Rr01QdEma,minbias,0,test,30.289198,30.88199806213379,0.019571338333628452,2,40mm,3.8580396
SubNetW8CleanAuxExDnRcK9Rr01QdEma,minbias,0,test,33.340714,31.43087387084961,-0.057282506268829914,2,40mm,4.6010027
SubNetW8CleanAuxExDnRcK9Rr01QdEma,minbias,0,test,12.763255,13.196834564208984,0.033970914224601634,3,60mm,3.0706687
SubNetW8CleanAuxExDnRcK9Rr01QdEma,minbias,0,test,25.518763,26.171146392822266,0.025564868283043607,2,40mm,4.1249337
SubNetW8CleanAuxExDnRcK9Rr01QdEma,minbias,0,test,23.73754,23.158306121826172,-0.024401567594917517,3,60mm,4.932219
SubNetW8CleanAuxExDnRcK9Rr01QdEma,minbias,0,test,19.14456,20.036096572875977,0.04656867116065411,1,30mm,1.0607464
SubNetW8CleanAuxExDnRcK9Rr01QdEma,minbias,0,test,32.3011,32.33758544921875,0.0011294897927851544,2,40mm,2.224916
SubNetW8CleanAuxExDnRcK9Rr01QdEma,minbias,0,test,10.815563,10.627422332763672,-0.017395383451459967,1,30mm,0.87350404
SubNetW8CleanAuxExDnRcK9Rr01QdEma,minbias,0,test,36.942207,42.17680740356445,0.14169700309102118,1,30mm,2.1573377
SubNetW8CleanAuxExDnRcK9Rr01QdEma,minbias,0,test,25.715595,25.16376495361328,-0.021458974077124937,3,60mm,2.6433783
SubNetW8CleanAuxExDnRcK9Rr01QdEma,minbias,0,test,8.022453,7.8139801025390625,-0.025986216131139828,3,60mm,1.631904
SubNetW8CleanAuxExDnRcK9Rr01QdEma,minbias,0,test,8.829849,8.882550239562988,0.005968504664983554,3,60mm,1.2004511
SubNetW8CleanAuxExDnRcK9Rr01QdEma,minbias,0,test,86.87502,88.07342529296875,0.01379455642075178,1,30mm,3.7163272
SubNetW8CleanAuxExDnRcK9Rr01QdEma,minbias,0,test,49.34665,49.63227462768555,0.0057881429148338714,1,30mm,2.9807713
SubNetW8CleanAuxExDnRcK9Rr01QdEma,minbias,0,test,18.84803,18.90729331970215,0.0031442664875898085,3,60mm,3.3045328
SubNetW8CleanAuxExDnRcK9Rr01QdEma,minbias,0,test,55.30917,54.64844512939453,-0.01194602346498197,1,30mm,2.3508897
SubNetW8CleanAuxExDnRcK9Rr01QdEma,minbias,0,test,36.266685,36.02753829956055,-0.006594128552846912,1,30mm,2.8768804
SubNetW8CleanAuxExDnRcK9Rr01QdEma,minbias,0,test,82.75811,80.66082763671875,-0.025342318819175813,1,30mm,4.429152
SubNetW8CleanAuxExDnRcK9Rr01QdEma,minbias,0,test,49.336533,50.21870422363281,0.017880697821650138,1,30mm,2.9287612
SubNetW8CleanAuxExDnRcK9Rr01QdEma,minbias,0,test,25.353237,27.389114379882812,0.08030048453258765,1,30mm,1.3940951
SubNetW8CleanAuxExDnRcK9Rr01QdEma,minbias,0,test,17.838308,18.1448917388916,0.01718679814221158,4,120mm,4.1219783
SubNetW8CleanAuxExDnRcK9Rr01QdEma,minbias,0,test,7.075965,7.0244574546813965,-0.007279215417038465,2,40mm,0.9071033
SubNetW8CleanAuxExDnRcK9Rr01QdEma,minbias,0,test,7.144655,6.80269718170166,-0.047862078023800714,1,30mm,0.616819
SubNetW8CleanAuxExDnRcK9Rr01QdEma,minbias,0,test,55.70041,55.25949478149414,-0.007915815385896585,2,40mm,4.3841357
SubNetW8CleanAuxExDnRcK9Rr01QdEma,minbias,0,test,9.001926,9.214488983154297,0.023613008046017514,3,60mm,1.2985007
SubNetW8CleanAuxExDnRcK9Rr01QdEma,minbias,0,test,8.58715,8.231576919555664,-0.04140753523963436,3,60mm,1.3881234
SubNetW8CleanAuxExDnRcK9Rr01QdEma,minbias,0,test,12.8987,12.278328895568848,-0.04809561245630123,3,60mm,2.9011974
SubNetW8CleanAuxExDnRcK9Rr01QdEma,minbias,0,test,16.290606,16.078048706054688,-0.013047816939740664,4,120mm,3.6542737
SubNetW8CleanAuxExDnRcK9Rr01QdEma,minbias,0,test,22.70654,19.99539566040039,-0.11939923892666182,0,15mm,1.2005162
SubNetW8CleanAuxExDnRcK9Rr01QdEma,minbias,0,test,24.631533,26.419349670410156,0.07258245052643186,2,40mm,2.2291605
SubNetW8CleanAuxExDnRcK9Rr01QdEma,minbias,0,test,21.006187,20.573972702026367,-0.020575591748588917,4,120mm,4.9070225
SubNetW8CleanAuxExDnRcK9Rr01QdEma,minbias,0,test,52.062443,50.664608001708984,-0.02684919691054788,2,40mm,4.302822
SubNetW8CleanAuxExDnRcK9Rr01QdEma,minbias,0,test,9.935391,9.875228881835938,-0.006055377354587721,4,120mm,2.0479982
SubNetW8CleanAuxExDnRcK9Rr01QdEma,minbias,0,test,14.267535,13.585672378540039,-0.04779121418633414,3,60mm,2.7862432
SubNetW8CleanAuxExDnRcK9Rr01QdEma,minbias,0,test,19.709034,19.589191436767578,-0.006080588703800682,3,60mm,3.0990694
SubNetW8CleanAuxExDnRcK9Rr01QdEma,minbias,0,test,26.885841,26.049625396728516,-0.031102466216475055,3,60mm,3.7474499
SubNetW8CleanAuxExDnRcK9Rr01QdEma,minbias,0,test,3.927199,4.0910186767578125,0.041714156732455265,3,60mm,0.549302
SubNetW8CleanAuxExDnRcK9Rr01QdEma,minbias,0,test,20.582043,28.075252532958984,0.36406541130235626,0,15mm,0.9109453
SubNetW8CleanAuxExDnRcK9Rr01QdEma,minbias,0,test,35.743233,35.897178649902344,0.004306994949985432,3,60mm,4.6637917
SubNetW8CleanAuxExDnRcK9Rr01QdEma,minbias,0,test,61.690273,53.967376708984375,-0.12518823737836415,1,30mm,2.4416554
SubNetW8CleanAuxExDnRcK9Rr01QdEma,minbias,0,test,37.418053,36.38492965698242,-0.027610282805911934,2,40mm,2.6418102
SubNetW8CleanAuxExDnRcK9Rr01QdEma,minbias,0,test,11.887032,11.368559837341309,-0.04361658463072915,4,120mm,2.6553137
SubNetW8CleanAuxExDnRcK9Rr01QdEma,minbias,0,test,13.37787,13.032098770141602,-0.025846479750476825,2,40mm,1.0145689
SubNetW8CleanAuxExDnRcK9Rr01QdEma,minbias,0,test,14.942413,14.332630157470703,-0.04080888134582428,4,120mm,3.4275403
SubNetW8CleanAuxExDnRcK9Rr01QdEma,minbias,0,test,11.5751505,12.6604585647583,0.09376189760183884,3,60mm,1.2884898
SubNetW8CleanAuxExDnRcK9Rr01QdEma,minbias,0,test,27.04751,27.40622901916504,0.013262546907994999,2,40mm,2.597824
SubNetW8CleanAuxExDnRcK9Rr01QdEma,minbias,0,test,6.7776966,7.134678840637207,0.05267014027153771,3,60mm,1.3780962
SubNetW8CleanAuxExDnRcK9Rr01QdEma,minbias,0,test,28.491417,27.619279861450195,-0.03061051936481818,3,60mm,4.394785
SubNetW8CleanAuxExDnRcK9Rr01QdEma,minbias,0,test,57.53108,60.16588592529297,0.045797987153337605,1,30mm,2.93133
SubNetW8CleanAuxExDnRcK9Rr01QdEma,minbias,0,test,11.964902,12.140152931213379,0.014647090982550903,3,60mm,2.1386805
SubNetW8CleanAuxExDnRcK9Rr01QdEma,minbias,0,test,34.6491,35.74727249145508,0.03169407558294823,3,60mm,3.7753305
SubNetW8CleanAuxExDnRcK9Rr01QdEma,minbias,0,test,8.560637,8.914834976196289,0.04137513160783857,2,40mm,1.0777459
SubNetW8CleanAuxExDnRcK9Rr01QdEma,minbias,0,test,6.5215745,7.227626323699951,0.10826401305048505,3,60mm,0.6862279
SubNetW8CleanAuxExDnRcK9Rr01QdEma,minbias,0,test,24.128239,24.611995697021484,0.020049412868436534,3,60mm,4.3081512
SubNetW8CleanAuxExDnRcK9Rr01QdEma,minbias,0,test,14.347811,13.725345611572266,-0.04338397994784904,3,60mm,2.9847336
SubNetW8CleanAuxExDnRcK9Rr01QdEma,minbias,0,test,29.317945,28.83814811706543,-0.01636531330624391,3,60mm,4.2933474
SubNetW8CleanAuxExDnRcK9Rr01QdEma,minbias,0,test,31.55678,42.89512252807617,0.3592997357907519,0,15mm,0.7237048
SubNetW8CleanAuxExDnRcK9Rr01QdEma,minbias,0,test,18.106855,17.53934097290039,-0.03134251681228484,3,60mm,3.0659206
SubNetW8CleanAuxExDnRcK9Rr01QdEma,minbias,0,test,19.716616,19.765745162963867,0.0024917808861890656,4,120mm,4.5009604
SubNetW8CleanAuxExDnRcK9Rr01QdEma,minbias,0,test,12.847915,12.123226165771484,-0.056405148004956995,2,40mm,1.1951047
SubNetW8CleanAuxExDnRcK9Rr01QdEma,minbias,0,test,70.95365,69.66300964355469,-0.01818992763147076,0,15mm,2.2882366
SubNetW8CleanAuxExDnRcK9Rr01QdEma,minbias,0,test,9.221566,9.551173210144043,0.03574306172399799,3,60mm,1.3021734
SubNetW8CleanAuxExDnRcK9Rr01QdEma,minbias,0,test,13.885362,13.310404777526855,-0.041407412174446545,3,60mm,2.5074003
SubNetW8CleanAuxExDnRcK9Rr01QdEma,minbias,0,test,14.221278,14.618061065673828,0.027900647870241713,3,60mm,2.8269606
SubNetW8CleanAuxExDnRcK9Rr01QdEma,minbias,0,test,13.914013,13.614688873291016,-0.021512416123482647,4,120mm,3.1044958
SubNetW8CleanAuxExDnRcK9Rr01QdEma,minbias,0,test,61.404263,61.44547653198242,0.0006711910142904731,1,30mm,4.211846
SubNetW8CleanAuxExDnRcK9Rr01QdEma,minbias,0,test,26.222416,25.02362060546875,-0.045716432920393735,3,60mm,3.7471824
SubNetW8CleanAuxExDnRcK9Rr01QdEma,minbias,0,test,26.11763,26.105485916137695,-0.00046497667448563984,3,60mm,3.3704867
SubNetW8CleanAuxExDnRcK9Rr01QdEma,minbias,0,test,19.962727,19.6856632232666,-0.013879034432495052,3,60mm,4.0556355
SubNetW8CleanAuxExDnRcK9Rr01QdEma,minbias,0,test,15.878216,15.518451690673828,-0.022657715695759584,3,60mm,2.9019697
SubNetW8CleanAuxExDnRcK9Rr01QdEma,minbias,0,test,21.633686,20.588115692138672,-0.048330662207129005,3,60mm,3.981129
SubNetW8CleanAuxExDnRcK9Rr01QdEma,minbias,0,test,3.6304517,3.43437123298645,-0.0540099314267386,3,60mm,0.58426964
SubNetW8CleanAuxExDnRcK9Rr01QdEma,minbias,0,test,15.018535,15.248490333557129,0.01531145870209527,0,15mm,0.55319035
SubNetW8CleanAuxExDnRcK9Rr01QdEma,minbias,0,test,26.526447,27.907297134399414,0.05205558900673579,3,60mm,2.9729528
SubNetW8CleanAuxExDnRcK9Rr01QdEma,minbias,0,test,11.229074,11.353464126586914,0.011077548102315982,2,40mm,1.3069469
SubNetW8CleanAuxExDnRcK9Rr01QdEma,minbias,0,test,3.6452968,3.1211702823638916,-0.14378157848764406,4,120mm,0.81575125
SubNetW8CleanAuxExDnRcK9Rr01QdEma,minbias,0,test,11.699227,11.020356178283691,-0.05802700772095182,3,60mm,1.5688388
SubNetW8CleanAuxExDnRcK9Rr01QdEma,minbias,0,test,16.25184,17.303619384765625,0.06471751845077467,1,30mm,1.3729134
SubNetW8CleanAuxExDnRcK9Rr01QdEma,minbias,0,test,90.076294,90.25778198242188,0.002014825756703198,0,15mm,2.648153
SubNetW8CleanAuxExDnRcK9Rr01QdEma,minbias,0,test,12.912837,12.510213851928711,-0.03118007109405685,2,40mm,1.6114104
SubNetW8CleanAuxExDnRcK9Rr01QdEma,minbias,0,test,51.764793,54.371131896972656,0.050349635920273084,1,30mm,3.2500985
SubNetW8CleanAuxExDnRcK9Rr01QdEma,minbias,0,test,67.8974,62.96788787841797,-0.07260236814687837,1,30mm,3.1362875
SubNetW8CleanAuxExDnRcK9Rr01QdEma,minbias,0,test,36.791153,37.003028869628906,0.00575888219082632,3,60mm,3.7844121
SubNetW8CleanAuxExDnRcK9Rr01QdEma,minbias,0,test,43.352257,43.60668182373047,0.005868784412981665,2,40mm,3.2003767
SubNetW8CleanAuxExDnRcK9Rr01QdEma,minbias,0,test,5.813729,5.491765975952148,-0.055379747484328834,3,60mm,1.1514673
SubNetW8CleanAuxExDnRcK9Rr01QdEma,minbias,0,test,68.728745,68.65104675292969,-0.0011304986649147697,0,15mm,2.5142765
SubNetW8CleanAuxExDnRcK9Rr01QdEma,minbias,0,test,10.005694,9.678147315979004,-0.03273606614580571,3,60mm,1.9751581
SubNetW8CleanAuxExDnRcK9Rr01QdEma,minbias,0,test,21.545149,23.16593360900879,0.07522736421289822,1,30mm,1.4177034
SubNetW8CleanAuxExDnRcK9Rr01QdEma,minbias,0,test,22.008324,22.21921730041504,0.009582448629394946,3,60mm,2.32341
SubNetW8CleanAuxExDnRcK9Rr01QdEma,minbias,0,test,62.121895,61.692440032958984,-0.006913098909774096,1,30mm,3.6716256
SubNetW8CleanAuxExDnRcK9Rr01QdEma,minbias,0,test,16.800682,16.229421615600586,-0.03400221788393709,4,120mm,3.8016567
SubNetW8CleanAuxExDnRcK9Rr01QdEma,minbias,0,test,24.62634,22.448768615722656,-0.08842451512416072,3,60mm,3.9596372
SubNetW8CleanAuxExDnRcK9Rr01QdEma,minbias,0,test,17.193228,19.13372039794922,0.11286377730787733,3,60mm,3.4260707
SubNetW8CleanAuxExDnRcK9Rr01QdEma,minbias,0,test,10.912633,12.476580619812012,0.14331533791120554,2,40mm,0.9303934
SubNetW8CleanAuxExDnRcK9Rr01QdEma,minbias,0,test,4.8578486,5.315028190612793,0.09411152545823387,3,60mm,0.9001113
SubNetW8CleanAuxExDnRcK9Rr01QdEma,minbias,0,test,6.258523,5.842642307281494,-0.06645029201359165,3,60mm,1.4329383
SubNetW8CleanAuxExDnRcK9Rr01QdEma,minbias,0,test,12.996844,13.08907699584961,0.007096546060922693,1,30mm,0.7814308
SubNetW8CleanAuxExDnRcK9Rr01QdEma,minbias,0,test,12.510762,12.141507148742676,-0.02951499353774467,2,40mm,2.5046663
SubNetW8CleanAuxExDnRcK9Rr01QdEma,minbias,0,test,25.054934,24.255279541015625,-0.031916029848048866,2,40mm,2.7873912
SubNetW8CleanAuxExDnRcK9Rr01QdEma,minbias,0,test,25.514141,25.31169891357422,-0.007934508496004744,2,40mm,3.3374064
SubNetW8CleanAuxExDnRcK9Rr01QdEma,minbias,0,test,33.498634,39.31520462036133,0.1736360420913774,2,40mm,3.1813874
SubNetW8CleanAuxExDnRcK9Rr01QdEma,minbias,0,test,56.52932,57.88447952270508,0.023972688247419383,1,30mm,2.9571288
SubNetW8CleanAuxExDnRcK9Rr01QdEma,minbias,0,test,39.042496,38.46973419189453,-0.014670208063582546,0,15mm,1.208439
SubNetW8CleanAuxExDnRcK9Rr01QdEma,minbias,0,test,11.611417,9.549295425415039,-0.17759429567014873,3,60mm,1.5198343
SubNetW8CleanAuxExDnRcK9Rr01QdEma,minbias,0,test,17.526423,16.532554626464844,-0.056706830735758884,3,60mm,3.2904973
SubNetW8CleanAuxExDnRcK9Rr01QdEma,minbias,0,test,12.651492,11.403738975524902,-0.09862497890291544,2,40mm,1.4160203
SubNetW8CleanAuxExDnRcK9Rr01QdEma,minbias,0,test,62.41648,62.94864273071289,0.008525980701995284,0,15mm,1.7972255
SubNetW8CleanAuxExDnRcK9Rr01QdEma,minbias,0,test,5.5578446,3.9653260707855225,-0.2865352796863666,2,40mm,0.5505103
SubNetW8CleanAuxExDnRcK9Rr01QdEma,minbias,0,test,73.86314,72.6090087890625,-0.01697907190796688,1,30mm,3.9290025
SubNetW8CleanAuxExDnRcK9Rr01QdEma,minbias,0,test,26.06562,26.27594566345215,0.008069067134439445,2,40mm,3.316986
SubNetW8CleanAuxExDnRcK9Rr01QdEma,minbias,0,test,21.352568,19.96000099182129,-0.06521776220321851,2,40mm,1.6756943
SubNetW8CleanAuxExDnRcK9Rr01QdEma,minbias,0,test,67.14373,65.22523498535156,-0.028572960923512247,1,30mm,3.1464598
SubNetW8CleanAuxExDnRcK9Rr01QdEma,minbias,0,test,30.020908,29.371522903442383,-0.021631106047027115,2,40mm,2.6512682
SubNetW8CleanAuxExDnRcK9Rr01QdEma,minbias,0,test,62.980854,62.56083297729492,-0.00666902765242483,1,30mm,4.9226866
SubNetW8CleanAuxExDnRcK9Rr01QdEma,minbias,0,test,8.236564,7.622890472412109,-0.07450597528235148,4,120mm,1.7913254
SubNetW8CleanAuxExDnRcK9Rr01QdEma,minbias,0,test,13.207945,12.824663162231445,-0.029019026921772273,1,30mm,0.5106205
SubNetW8CleanAuxExDnRcK9Rr01QdEma,minbias,0,test,8.789632,8.791362762451172,0.00019692734747978058,3,60mm,1.6342134
SubNetW8CleanAuxExDnRcK9Rr01QdEma,minbias,0,test,22.720358,22.957895278930664,0.010454825805651158,2,40mm,2.7403784
SubNetW8CleanAuxExDnRcK9Rr01QdEma,minbias,0,test,83.493324,81.21116638183594,-0.027333417583203845,1,30mm,4.536195
SubNetW8CleanAuxExDnRcK9Rr01QdEma,minbias,0,test,51.878937,52.02151107788086,0.002748211879157747,0,15mm,1.7796688
SubNetW8CleanAuxExDnRcK9Rr01QdEma,minbias,0,test,28.0346,28.856767654418945,0.02932691640420826,2,40mm,3.1505976
SubNetW8CleanAuxExDnRcK9Rr01QdEma,minbias,0,test,28.956692,29.801477432250977,0.02917410931594633,3,60mm,4.3570733
SubNetW8CleanAuxExDnRcK9Rr01QdEma,minbias,0,test,57.437984,58.66968536376953,0.021444013202344125,2,40mm,4.1170335
SubNetW8CleanAuxExDnRcK9Rr01QdEma,minbias,0,test,46.71479,47.26390838623047,0.01175469349098579,2,40mm,4.9554787
SubNetW8CleanAuxExDnRcK9Rr01QdEma,minbias,0,test,14.608521,14.77335262298584,0.011283219998243998,2,40mm,2.480451
SubNetW8CleanAuxExDnRcK9Rr01QdEma,minbias,0,test,33.302017,32.98680114746094,-0.009465374498105583,2,40mm,3.2885962
SubNetW8CleanAuxExDnRcK9Rr01QdEma,minbias,0,test,46.507378,46.150794982910156,-0.007667227433903467,2,40mm,3.8674963
SubNetW8CleanAuxExDnRcK9Rr01QdEma,minbias,0,test,64.09355,64.04377746582031,-0.0007765862345209262,0,15mm,2.8549948
SubNetW8CleanAuxExDnRcK9Rr01QdEma,minbias,0,test,7.137204,6.75255012512207,-0.0538942190710433,3,60mm,1.0018818
SubNetW8CleanAuxExDnRcK9Rr01QdEma,minbias,0,test,21.56301,21.975542068481445,0.019131504391729504,4,120mm,4.967201
SubNetW8CleanAuxExDnRcK9Rr01QdEma,minbias,0,test,64.32193,59.74631118774414,-0.07113621666450787,2,40mm,4.7229505
SubNetW8CleanAuxExDnRcK9Rr01QdEma,minbias,0,test,10.953874,11.099575996398926,0.013301446312453002,4,120mm,2.5499094
SubNetW8CleanAuxExDnRcK9Rr01QdEma,minbias,0,test,80.535805,79.14466094970703,-0.017273606480643355,0,15mm,2.16757
SubNetW8CleanAuxExDnRcK9Rr01QdEma,minbias,0,test,73.56677,73.3282699584961,-0.0032419867619997156,1,30mm,3.434821
SubNetW8CleanAuxExDnRcK9Rr01QdEma,minbias,0,test,17.052929,16.45924186706543,-0.03481437471073123,2,40mm,1.1093097
SubNetW8CleanAuxExDnRcK9Rr01QdEma,minbias,0,test,37.030266,35.17449951171875,-0.050114852159136136,2,40mm,3.6905713
SubNetW8CleanAuxExDnRcK9Rr01QdEma,minbias,0,test,34.436443,51.639949798583984,0.4995726854088378,0,15mm,0.77872497
SubNetW8CleanAuxExDnRcK9Rr01QdEma,minbias,0,test,18.438505,15.040750503540039,-0.18427495273395178,0,15mm,0.8641472
SubNetW8CleanAuxExDnRcK9Rr01QdEma,minbias,0,test,7.30437,7.4897847175598145,0.02538409102689365,2,40mm,1.0891834
SubNetW8CleanAuxExDnRcK9Rr01QdEma,minbias,0,test,76.95523,76.46849060058594,-0.0063249776239466815,1,30mm,4.691438
SubNetW8CleanAuxExDnRcK9Rr01QdEma,minbias,0,test,7.044777,7.197089195251465,0.02162059644369063,3,60mm,1.515137
SubNetW8CleanAuxExDnRcK9Rr01QdEma,minbias,0,test,39.31129,38.319053649902344,-0.02524051162813712,2,40mm,2.846937
SubNetW8CleanAuxExDnRcK9Rr01QdEma,minbias,0,test,21.625216,21.52077865600586,-0.004829402705506247,2,40mm,4.175608
SubNetW8CleanAuxExDnRcK9Rr01QdEma,minbias,0,test,29.558088,29.535293579101562,-0.0007711839574120471,1,30mm,1.8375474
SubNetW8CleanAuxExDnRcK9Rr01QdEma,minbias,0,test,13.731513,13.67370891571045,-0.004209594934484695,3,60mm,2.3115335
SubNetW8CleanAuxExDnRcK9Rr01QdEma,minbias,0,test,15.276363,15.574448585510254,0.019512838588156,3,60mm,1.674096
SubNetW8CleanAuxExDnRcK9Rr01QdEma,minbias,0,test,9.493988,8.821540832519531,-0.0708287394044983,3,60mm,1.8248469
SubNetW8CleanAuxExDnRcK9Rr01QdEma,minbias,0,test,14.497964,14.743478775024414,0.016934437917837997,3,60mm,2.2231634
SubNetW8CleanAuxExDnRcK9Rr01QdEma,minbias,0,test,41.59139,40.537803649902344,-0.025331807505374893,0,15mm,1.4281245
SubNetW8CleanAuxExDnRcK9Rr01QdEma,minbias,0,test,16.89786,22.889549255371094,0.3545827597864175,3,60mm,1.9887944
SubNetW8CleanAuxExDnRcK9Rr01QdEma,minbias,0,test,29.004843,28.13005828857422,-0.030159945251136522,2,40mm,4.1571026
SubNetW8CleanAuxExDnRcK9Rr01QdEma,minbias,0,test,79.75873,78.65410614013672,-0.013849542420339644,0,15mm,2.0791013
SubNetW8CleanAuxExDnRcK9Rr01QdEma,minbias,0,test,77.151375,74.58736419677734,-0.03323350525123403,2,40mm,4.7761383
SubNetW8CleanAuxExDnRcK9Rr01QdEma,minbias,0,test,68.92863,67.58380889892578,-0.01951029889160716,1,30mm,3.7514908
SubNetW8CleanAuxExDnRcK9Rr01QdEma,minbias,0,test,3.2625637,3.2255494594573975,-0.011345141222889099,3,60mm,0.7395835
SubNetW8CleanAuxExDnRcK9Rr01QdEma,minbias,0,test,23.135656,22.5137882232666,-0.02687920861003945,2,40mm,1.703725
SubNetW8CleanAuxExDnRcK9Rr01QdEma,minbias,0,test,7.1079473,6.493032932281494,-0.0865108289393729,2,40mm,1.1149303
SubNetW8CleanAuxExDnRcK9Rr01QdEma,minbias,0,test,16.57115,16.160688400268555,-0.02476964061576503,3,60mm,1.9553168
SubNetW8CleanAuxExDnRcK9Rr01QdEma,minbias,0,test,26.75099,27.698802947998047,0.03543095179306599,1,30mm,1.499028
SubNetW8CleanAuxExDnRcK9Rr01QdEma,minbias,0,test,74.512985,73.0129623413086,-0.020131026606485802,0,15mm,1.8296536
SubNetW8CleanAuxExDnRcK9Rr01QdEma,minbias,0,test,67.1337,67.26051330566406,0.0018890035943572858,1,30mm,2.8305511
SubNetW8CleanAuxExDnRcK9Rr01QdEma,minbias,0,test,41.321156,42.1060905456543,0.01899595950662536,2,40mm,3.4443583
SubNetW8CleanAuxExDnRcK9Rr01QdEma,minbias,0,test,27.983992,32.435123443603516,0.15905993257346074,3,60mm,3.2446303
SubNetW8CleanAuxExDnRcK9Rr01QdEma,minbias,0,test,12.844001,13.359664916992188,0.04014824570789033,4,120mm,2.9555554
SubNetW8CleanAuxExDnRcK9Rr01QdEma,minbias,0,test,10.320325,9.869338035583496,-0.04369890159952572,3,60mm,2.1154068
SubNetW8CleanAuxExDnRcK9Rr01QdEma,minbias,0,test,19.27583,18.637033462524414,-0.03313973381979929,3,60mm,3.1235406
SubNetW8CleanAuxExDnRcK9Rr01QdEma,minbias,0,test,18.533083,18.107725143432617,-0.0229512714897373,3,60mm,4.1666107
SubNetW8CleanAuxExDnRcK9Rr01QdEma,minbias,0,test,28.098507,27.31882095336914,-0.02774830620477864,3,60mm,4.0372086
SubNetW8CleanAuxExDnRcK9Rr01QdEma,minbias,0,test,31.257568,27.545188903808594,-0.11876737860361941,2,40mm,4.2015624
SubNetW8CleanAuxExDnRcK9Rr01QdEma,minbias,0,test,15.956435,15.82106876373291,-0.00848350136433984,2,40mm,1.1816515
SubNetW8CleanAuxExDnRcK9Rr01QdEma,minbias,0,test,19.193245,18.938892364501953,-0.01325219213601636,3,60mm,2.9613392
SubNetW8CleanAuxExDnRcK9Rr01QdEma,minbias,0,test,78.52426,76.50642395019531,-0.025696994616963398,0,15mm,4.3294907
SubNetW8CleanAuxExDnRcK9Rr01QdEma,minbias,0,test,23.250458,21.115806579589844,-0.09181114650642952,2,40mm,2.8569589
SubNetW8CleanAuxExDnRcK9Rr01QdEma,minbias,0,test,19.427883,19.352779388427734,-0.003865771643402627,3,60mm,4.5732455
SubNetW8CleanAuxExDnRcK9Rr01QdEma,minbias,0,test,17.28924,17.1539363861084,-0.00782587888344266,3,60mm,2.2251616
SubNetW8CleanAuxExDnRcK9Rr01QdEma,minbias,0,test,59.91106,57.89223098754883,-0.03369710591789732,1,30mm,3.126054
SubNetW8CleanAuxExDnRcK9Rr01QdEma,minbias,0,test,15.555942,16.39323616027832,0.05382474433664863,4,120mm,3.5393343
SubNetW8CleanAuxExDnRcK9Rr01QdEma,minbias,0,test,21.439228,21.743070602416992,0.014172270742940807,2,40mm,2.849363
SubNetW8CleanAuxExDnRcK9Rr01QdEma,minbias,0,test,32.67592,32.55018615722656,-0.003847861891644433,0,15mm,0.74675274
SubNetW8CleanAuxExDnRcK9Rr01QdEma,minbias,0,test,8.345932,8.3680419921875,0.0026491930839422917,4,120mm,1.887051
SubNetW8CleanAuxExDnRcK9Rr01QdEma,minbias,0,test,8.669434,8.692974090576172,0.0027153442692200436,3,60mm,1.1512288
SubNetW8CleanAuxExDnRcK9Rr01QdEma,minbias,0,test,56.962036,59.196815490722656,0.03923278572239863,0,15mm,1.4510263
SubNetW8CleanAuxExDnRcK9Rr01QdEma,minbias,0,test,93.79887,90.47116088867188,-0.035477032032050326,1,30mm,4.1455894
SubNetW8CleanAuxExDnRcK9Rr01QdEma,minbias,0,test,3.888009,4.3224663734436035,0.11174287253981174,3,60mm,0.8522221
SubNetW8CleanAuxExDnRcK9Rr01QdEma,minbias,0,test,5.3658967,6.477005958557129,0.20706870044088288,2,40mm,0.51850164
SubNetW8CleanAuxExDnRcK9Rr01QdEma,minbias,0,test,32.501553,32.72853088378906,0.006983614134456584,3,60mm,4.4478884
SubNetW8CleanAuxExDnRcK9Rr01QdEma,minbias,0,test,10.363019,12.598986625671387,0.2157641164568289,2,40mm,1.4891804
SubNetW8CleanAuxExDnRcK9Rr01QdEma,minbias,0,test,8.051784,7.930135726928711,-0.015108184894136567,3,60mm,1.4158858
SubNetW8CleanAuxExDnRcK9Rr01QdEma,minbias,0,test,17.622972,17.940208435058594,0.01800127344374114,2,40mm,1.4163003
SubNetW8CleanAuxExDnRcK9Rr01QdEma,minbias,0,test,57.079018,59.56624984741211,0.04357524553025138,1,30mm,4.3741684
SubNetW8CleanAuxExDnRcK9Rr01QdEma,minbias,0,test,52.658653,49.12646484375,-0.0670770746478414,0,15mm,1.2576696
SubNetW8CleanAuxExDnRcK9Rr01QdEma,minbias,0,test,22.873669,22.05435562133789,-0.03581904857997442,3,60mm,2.7526782
SubNetW8CleanAuxExDnRcK9Rr01QdEma,minbias,0,test,61.957584,61.61823654174805,-0.0054770992566161025,1,30mm,3.4637501
SubNetW8CleanAuxExDnRcK9Rr01QdEma,minbias,0,test,25.82375,25.74654769897461,-0.0029895675349332906,3,60mm,4.2816215
SubNetW8CleanAuxExDnRcK9Rr01QdEma,minbias,0,test,34.470997,33.74879455566406,-0.020951012934957824,3,60mm,4.6343126
SubNetW8CleanAuxExDnRcK9Rr01QdEma,minbias,0,test,18.094177,18.825048446655273,0.04039261860990706,2,40mm,1.6992999
SubNetW8CleanAuxExDnRcK9Rr01QdEma,minbias,0,test,69.78169,67.49971771240234,-0.032701625749773755,2,40mm,4.6173267
SubNetW8CleanAuxExDnRcK9Rr01QdEma,minbias,0,test,13.937274,13.753456115722656,-0.01318893951133171,3,60mm,1.8799925
SubNetW8CleanAuxExDnRcK9Rr01QdEma,minbias,0,test,16.725994,16.152494430541992,-0.034287927867848955,3,60mm,2.5458624
SubNetW8CleanAuxExDnRcK9Rr01QdEma,minbias,0,test,34.506775,33.87607955932617,-0.01827743522257541,3,60mm,4.6940045
SubNetW8CleanAuxExDnRcK9Rr01QdEma,minbias,0,test,13.659787,13.86279010772705,0.014861353770859731,3,60mm,1.533913
SubNetW8CleanAuxExDnRcK9Rr01QdEma,minbias,0,test,25.030603,24.23191261291504,-0.03190857139373682,0,15mm,0.65502524
SubNetW8CleanAuxExDnRcK9Rr01QdEma,minbias,0,test,24.115417,22.78618812561035,-0.05511948345638018,0,15mm,0.856074
SubNetW8CleanAuxExDnRcK9Rr01QdEma,minbias,0,test,35.053608,35.499996185302734,0.01273444506438226,0,15mm,1.2333739
SubNetW8CleanAuxExDnRcK9Rr01QdEma,minbias,0,test,14.93648,14.050580978393555,-0.05931107032458238,3,60mm,2.1622531
SubNetW8CleanAuxExDnRcK9Rr01QdEma,minbias,0,test,21.715033,21.577054977416992,-0.006354013037057515,3,60mm,4.6190395
SubNetW8CleanAuxExDnRcK9Rr01QdEma,minbias,0,test,7.62275,7.751618385314941,0.01690578638332818,2,40mm,0.7218353
SubNetW8CleanAuxExDnRcK9Rr01QdEma,minbias,0,test,31.016695,30.615074157714844,-0.012948538346066463,3,60mm,3.6158934
SubNetW8CleanAuxExDnRcK9Rr01QdEma,minbias,0,test,18.062742,21.845603942871094,0.20942898153225542,0,15mm,0.5060457
SubNetW8CleanAuxExDnRcK9Rr01QdEma,minbias,0,test,10.059422,10.165682792663574,0.01056335624685012,1,30mm,0.9800416
SubNetW8CleanAuxExDnRcK9Rr01QdEma,minbias,0,test,48.666912,56.90494918823242,0.16927388152399114,1,30mm,2.6294792
SubNetW8CleanAuxExDnRcK9Rr01QdEma,minbias,0,test,71.515755,69.97432708740234,-0.02155367888903792,1,30mm,3.4094052
SubNetW8CleanAuxExDnRcK9Rr01QdEma,minbias,0,test,8.100658,7.3003010749816895,-0.09880151718428531,2,40mm,0.79705626
SubNetW8CleanAuxExDnRcK9Rr01QdEma,minbias,0,test,33.351322,33.433677673339844,0.0024693323652278387,0,15mm,1.0995563
SubNetW8CleanAuxExDnRcK9Rr01QdEma,minbias,0,test,69.177414,72.01995086669922,0.04109053467533941,1,30mm,4.102673
SubNetW8CleanAuxExDnRcK9Rr01QdEma,minbias,0,test,19.79383,19.696155548095703,-0.004934634640460622,0,15mm,0.6320969
SubNetW8CleanAuxExDnRcK9Rr01QdEma,minbias,0,test,12.635394,12.216416358947754,-0.03315905576280964,2,40mm,2.5268464
SubNetW8CleanAuxExDnRcK9Rr01QdEma,minbias,0,test,30.749802,30.550079345703125,-0.006495075721298815,3,60mm,4.6520433
SubNetW8CleanAuxExDnRcK9Rr01QdEma,minbias,0,test,37.328953,37.27035140991211,-0.0015698640067748348,2,40mm,2.761602
SubNetW8CleanAuxExDnRcK9Rr01QdEma,minbias,0,test,28.533955,28.647031784057617,0.003962898420522443,3,60mm,3.9359994
SubNetW8CleanAuxExDnRcK9Rr01QdEma,minbias,0,test,33.3522,32.73020935058594,-0.018649150945565074,3,60mm,4.5076075
SubNetW8CleanAuxExDnRcK9Rr01QdEma,minbias,0,test,10.457894,11.278042793273926,0.07842386263522272,3,60mm,1.7082144
SubNetW8CleanAuxExDnRcK9Rr01QdEma,minbias,0,test,20.909246,19.380538940429688,-0.07311155417845272,3,60mm,3.850643
SubNetW8CleanAuxExDnRcK9Rr01QdEma,minbias,0,test,11.871989,12.070093154907227,0.016686664766063952,2,40mm,1.2889471
SubNetW8CleanAuxExDnRcK9Rr01QdEma,minbias,0,test,29.21055,28.970184326171875,-0.008228738572855998,2,40mm,4.1208434
SubNetW8CleanAuxExDnRcK9Rr01QdEma,minbias,0,test,7.29246,9.573562622070312,0.3128029044168539,3,60mm,1.0692085
SubNetW8CleanAuxExDnRcK9Rr01QdEma,minbias,0,test,33.31302,34.465248107910156,0.034587958420704945,3,60mm,4.724027
SubNetW8CleanAuxExDnRcK9Rr01QdEma,minbias,0,test,7.757957,11.22877025604248,0.4473875380579073,2,40mm,0.91985315
SubNetW8CleanAuxExDnRcK9Rr01QdEma,minbias,0,test,9.2097225,8.947160720825195,-0.028509197487360027,3,60mm,1.6845877
SubNetW8CleanAuxExDnRcK9Rr01QdEma,minbias,0,test,23.311424,22.035686492919922,-0.05472586095451604,2,40mm,3.29718
SubNetW8CleanAuxExDnRcK9Rr01QdEma,minbias,0,test,41.56539,43.08051681518555,0.036451605975632795,2,40mm,3.988397
SubNetW8CleanAuxExDnRcK9Rr01QdEma,minbias,0,test,10.12747,9.758405685424805,-0.03644190804358283,1,30mm,0.56528366
SubNetW8CleanAuxExDnRcK9Rr01QdEma,minbias,0,test,7.7214184,7.8110761642456055,0.011611569155735912,3,60mm,1.5764357
SubNetW8CleanAuxExDnRcK9Rr01QdEma,minbias,0,test,33.15509,35.21207809448242,0.06204138615975685,1,30mm,1.8083491
SubNetW8CleanAuxExDnRcK9Rr01QdEma,minbias,0,test,41.291336,44.57040023803711,0.07941288636764243,0,15mm,1.1358951
SubNetW8CleanAuxExDnRcK9Rr01QdEma,minbias,0,test,35.21293,34.466861724853516,-0.021187304582087618,2,40mm,4.0587316
SubNetW8CleanAuxExDnRcK9Rr01QdEma,minbias,0,test,32.768894,31.34499168395996,-0.04345287036844092,1,30mm,1.413937
SubNetW8CleanAuxExDnRcK9Rr01QdEma,minbias,0,test,30.054081,28.902252197265625,-0.03832520339856704,1,30mm,1.8347865
SubNetW8CleanAuxExDnRcK9Rr01QdEma,minbias,0,test,61.53209,59.90543746948242,-0.026435828592556554,1,30mm,4.2470145
SubNetW8CleanAuxExDnRcK9Rr01QdEma,minbias,0,test,69.66942,67.22765350341797,-0.035047871647259976,2,40mm,4.7650647
SubNetW8CleanAuxExDnRcK9Rr01QdEma,minbias,0,test,50.218227,51.42516326904297,0.024033820892957802,1,30mm,3.1577318
SubNetW8CleanAuxExDnRcK9Rr01QdEma,minbias,0,test,37.233864,39.762596130371094,0.0679148506131877,2,40mm,2.2323585
SubNetW8CleanAuxExDnRcK9Rr01QdEma,minbias,0,test,19.066751,20.372623443603516,0.06848948363667207,2,40mm,1.9615185
SubNetW8CleanAuxExDnRcK9Rr01QdEma,minbias,0,test,20.303568,19.945884704589844,-0.01761676488412267,2,40mm,2.2391033
SubNetW8CleanAuxExDnRcK9Rr01QdEma,minbias,0,test,10.961284,10.309379577636719,-0.059473335874426936,3,60mm,2.0616302
SubNetW8CleanAuxExDnRcK9Rr01QdEma,minbias,0,test,97.194855,96.05064392089844,-0.011772339374689356,0,15mm,2.1870475
SubNetW8CleanAuxExDnRcK9Rr01QdEma,minbias,0,test,19.674557,19.596712112426758,-0.003956613651359242,3,60mm,3.9477243
SubNetW8CleanAuxExDnRcK9Rr01QdEma,minbias,0,test,17.907026,17.44780158996582,-0.02564494480924895,3,60mm,2.7616966
SubNetW8CleanAuxExDnRcK9Rr01QdEma,minbias,0,test,33.906483,32.50215148925781,-0.04141777900834809,2,40mm,2.706652
SubNetW8CleanAuxExDnRcK9Rr01QdEma,minbias,0,test,17.431572,17.96861457824707,0.03080861663058032,3,60mm,4.107855
SubNetW8CleanAuxExDnRcK9Rr01QdEma,minbias,0,test,91.948586,92.3138427734375,0.003972407635818076,0,15mm,3.6423907
SubNetW8CleanAuxExDnRcK9Rr01QdEma,minbias,0,test,47.29379,46.43267059326172,-0.018207852161955085,1,30mm,4.382393
SubNetW8CleanAuxExDnRcK9Rr01QdEma,minbias,0,test,85.56727,83.5940170288086,-0.023060819637299335,1,30mm,4.867542
SubNetW8CleanAuxExDnRcK9Rr01QdEma,minbias,0,test,65.41028,63.90644073486328,-0.022990845232074397,2,40mm,4.2761383
SubNetW8CleanAuxExDnRcK9Rr01QdEma,minbias,0,test,6.945638,6.997364521026611,0.00744731296227763,3,60mm,0.89793384
SubNetW8CleanAuxExDnRcK9Rr01QdEma,minbias,0,test,22.597506,21.877166748046875,-0.0318769175295488,3,60mm,4.2523885
SubNetW8CleanAuxExDnRcK9Rr01QdEma,minbias,0,test,16.871815,16.341543197631836,-0.031429430604056896,4,120mm,3.7165654
SubNetW8CleanAuxExDnRcK9Rr01QdEma,minbias,0,test,50.74134,53.3237190246582,0.05089298696135747,2,40mm,4.174859
SubNetW8CleanAuxExDnRcK9Rr01QdEma,minbias,0,test,32.641563,32.693267822265625,0.0015840052169096008,3,60mm,4.538078
SubNetW8CleanAuxExDnRcK9Rr01QdEma,minbias,0,test,20.091108,20.412200927734375,0.015981826410090383,3,60mm,3.2871046
SubNetW8CleanAuxExDnRcK9Rr01QdEma,minbias,0,test,75.72771,75.8302230834961,0.0013537472412752383,1,30mm,4.892527
SubNetW8CleanAuxExDnRcK9Rr01QdEma,minbias,0,test,15.629686,14.985519409179688,-0.04121432329195207,4,120mm,3.402471
SubNetW8CleanAuxExDnRcK9Rr01QdEma,minbias,0,test,73.72547,72.35435485839844,-0.018597597415801692,0,15mm,3.5554926
SubNetW8CleanAuxExDnRcK9Rr01QdEma,minbias,0,test,90.23388,89.068359375,-0.012916653103224096,1,30mm,4.0278215
SubNetW8CleanAuxExDnRcK9Rr01QdEma,minbias,0,test,29.564077,29.714040756225586,0.005072486348628447,2,40mm,1.9739234
SubNetW8CleanAuxExDnRcK9Rr01QdEma,minbias,0,test,6.8039513,17.570476531982422,1.5823930612828443,3,60mm,0.87743616
SubNetW8CleanAuxExDnRcK9Rr01QdEma,minbias,0,test,25.408129,27.094329833984375,0.06636463129346604,1,30mm,1.0605903
SubNetW8CleanAuxExDnRcK9Rr01QdEma,minbias,0,test,15.71044,15.941856384277344,0.014730122578017202,3,60mm,2.8416526
SubNetW8CleanAuxExDnRcK9Rr01QdEma,minbias,0,test,37.008026,37.08378982543945,0.0020472235439057407,2,40mm,4.09822
SubNetW8CleanAuxExDnRcK9Rr01QdEma,minbias,0,test,11.985421,11.320074081420898,-0.05551303448344458,3,60mm,2.561541
SubNetW8CleanAuxExDnRcK9Rr01QdEma,minbias,0,test,13.524869,12.972245216369629,-0.040859822760819786,4,120mm,2.9807556
SubNetW8CleanAuxExDnRcK9Rr01QdEma,minbias,0,test,98.29567,106.729248046875,0.0857980674971146,0,15mm,3.9299269
SubNetW8CleanAuxExDnRcK9Rr01QdEma,minbias,0,test,19.522018,18.258920669555664,-0.06470118688911553,4,120mm,4.4916034
SubNetW8CleanAuxExDnRcK9Rr01QdEma,minbias,0,test,19.88628,18.51152229309082,-0.06913096680669295,3,60mm,4.440443
SubNetW8CleanAuxExDnRcK9Rr01QdEma,minbias,0,test,15.949777,15.652339935302734,-0.01864833098977292,4,120mm,3.7659786
SubNetW8CleanAuxExDnRcK9Rr01QdEma,minbias,0,test,7.3099575,8.155195236206055,0.1156282688975383,2,40mm,0.7475223
SubNetW8CleanAuxExDnRcK9Rr01QdEma,minbias,0,test,18.139202,17.435808181762695,-0.03877755656420723,3,60mm,3.4662366
SubNetW8CleanAuxExDnRcK9Rr01QdEma,minbias,0,test,7.921411,8.53294849395752,0.0772005711636059,1,30mm,0.76638603
SubNetW8CleanAuxExDnRcK9Rr01QdEma,minbias,0,test,17.201565,16.84493637084961,-0.020732324201143126,3,60mm,2.2549686
SubNetW8CleanAuxExDnRcK9Rr01QdEma,minbias,0,test,20.801516,19.92847442626953,-0.04197007422988386,3,60mm,2.87493
SubNetW8CleanAuxExDnRcK9Rr01QdEma,minbias,0,test,36.97902,35.75666809082031,-0.03305525949088428,2,40mm,4.9203305
SubNetW8CleanAuxExDnRcK9Rr01QdEma,minbias,0,test,3.5594919,3.9182989597320557,0.10080289540416754,3,60mm,0.70677125
SubNetW8CleanAuxExDnRcK9Rr01QdEma,minbias,0,test,14.203075,13.592391014099121,-0.04299663116991037,4,120mm,3.231313
SubNetW8CleanAuxExDnRcK9Rr01QdEma,minbias,0,test,81.64698,78.7967529296875,-0.03490915825650165,0,15mm,1.688525
SubNetW8CleanAuxExDnRcK9Rr01QdEma,minbias,0,test,36.931515,37.50972366333008,0.01565624717563363,1,30mm,1.647853
SubNetW8CleanAuxExDnRcK9Rr01QdEma,minbias,0,test,28.509804,28.516637802124023,0.0002397080739673374,3,60mm,4.3457656
SubNetW8CleanAuxExDnRcK9Rr01QdEma,minbias,0,test,52.678543,52.948062896728516,0.005116310932205215,2,40mm,4.3912883
SubNetW8CleanAuxExDnRcK9Rr01QdEma,minbias,0,test,80.21585,81.57879638671875,0.01699097550592299,1,30mm,3.5694873
SubNetW8CleanAuxExDnRcK9Rr01QdEma,minbias,0,test,38.355278,38.09221267700195,-0.006858647668541162,3,60mm,3.9906058
SubNetW8CleanAuxExDnRcK9Rr01QdEma,minbias,0,test,82.720894,82.46957397460938,-0.003038166943404419,1,30mm,4.22316
SubNetW8CleanAuxExDnRcK9Rr01QdEma,minbias,0,test,58.437103,58.35850524902344,-0.0013450020288615638,1,30mm,3.1498725
SubNetW8CleanAuxExDnRcK9Rr01QdEma,minbias,0,test,23.476013,23.74429702758789,0.01142799852325993,2,40mm,1.8604113
SubNetW8CleanAuxExDnRcK9Rr01QdEma,minbias,0,test,18.262129,19.06487464904785,0.043956858839754975,2,40mm,2.030056
SubNetW8CleanAuxExDnRcK9Rr01QdEma,minbias,0,test,33.517143,33.33930587768555,-0.005305863047524562,1,30mm,1.7256888
SubNetW8CleanAuxExDnRcK9Rr01QdEma,minbias,0,test,22.834335,22.378646850585938,-0.019956283817060272,3,60mm,4.7628593
SubNetW8CleanAuxExDnRcK9Rr01QdEma,minbias,0,test,39.60533,39.4544677734375,-0.003809175230921835,1,30mm,1.7757912
SubNetW8CleanAuxExDnRcK9Rr01QdEma,minbias,0,test,66.940285,68.29918670654297,0.020300212092618786,0,15mm,2.239545
SubNetW8CleanAuxExDnRcK9Rr01QdEma,minbias,0,test,10.90108,10.294295310974121,-0.05566281627465064,3,60mm,1.8050202
SubNetW8CleanAuxExDnRcK9Rr01QdEma,minbias,0,test,99.03227,95.31179809570312,-0.03756830127489552,0,15mm,3.9382012
SubNetW8CleanAuxExDnRcK9Rr01QdEma,minbias,0,test,20.216747,19.794265747070312,-0.020897601920410902,3,60mm,4.8660603
SubNetW8CleanAuxExDnRcK9Rr01QdEma,minbias,0,test,4.9798326,5.212100505828857,0.046641699221312116,3,60mm,0.94401234
SubNetW8CleanAuxExDnRcK9Rr01QdEma,minbias,0,test,45.18856,45.36762237548828,0.003962549099224999,2,40mm,4.3984995
SubNetW8CleanAuxExDnRcK9Rr01QdEma,minbias,0,test,9.220316,10.50226879119873,0.13903567591988675,3,60mm,1.0625515
SubNetW8CleanAuxExDnRcK9Rr01QdEma,minbias,0,test,16.935493,16.617942810058594,-0.01875059972456594,3,60mm,3.063448
SubNetW8CleanAuxExDnRcK9Rr01QdEma,minbias,0,test,3.5336108,3.7081668376922607,0.049398766807021266,3,60mm,0.58993125
SubNetW8CleanAuxExDnRcK9Rr01QdEma,minbias,0,test,19.318634,19.380701065063477,0.0032128064413703417,3,60mm,2.9076083
SubNetW8CleanAuxExDnRcK9Rr01QdEma,minbias,0,test,17.416307,18.61077880859375,0.06858350214173203,0,15mm,0.56235576
SubNetW8CleanAuxExDnRcK9Rr01QdEma,minbias,0,test,36.965446,37.079837799072266,0.0030945474171515386,2,40mm,4.578563
SubNetW8CleanAuxExDnRcK9Rr01QdEma,minbias,0,test,6.9627256,7.396788120269775,0.06234088536733662,3,60mm,0.8949679
SubNetW8CleanAuxExDnRcK9Rr01QdEma,minbias,0,test,17.597971,16.952192306518555,-0.036696199657396344,3,60mm,3.192441
SubNetW8CleanAuxExDnRcK9Rr01QdEma,minbias,0,test,3.493586,4.713104724884033,0.3490735992681988,3,60mm,0.53272885
SubNetW8CleanAuxExDnRcK9Rr01QdEma,minbias,0,test,34.47198,34.10004806518555,-0.010789428750098362,3,60mm,4.901672
SubNetW8CleanAuxExDnRcK9Rr01QdEma,minbias,0,test,31.310366,33.98025131225586,0.08527162100018093,1,30mm,3.226659
SubNetW8CleanAuxExDnRcK9Rr01QdEma,minbias,0,test,34.63993,33.76003646850586,-0.025401155203647274,2,40mm,2.7241712
SubNetW8CleanAuxExDnRcK9Rr01QdEma,minbias,0,test,22.754908,23.246620178222656,0.021609077859620074,1,30mm,1.4693707
SubNetW8CleanAuxExDnRcK9Rr01QdEma,minbias,0,test,19.854792,18.124895095825195,-0.08712740867133695,2,40mm,3.8300633
SubNetW8CleanAuxExDnRcK9Rr01QdEma,minbias,0,test,20.06278,19.310426712036133,-0.03749997029093488,2,40mm,3.0775664
SubNetW8CleanAuxExDnRcK9Rr01QdEma,minbias,0,test,14.523707,15.010552406311035,0.033520712268022335,2,40mm,1.3967929
SubNetW8CleanAuxExDnRcK9Rr01QdEma,minbias,0,test,27.953094,28.919958114624023,0.034588787041454516,2,40mm,3.7240536
SubNetW8CleanAuxExDnRcK9Rr01QdEma,minbias,0,test,26.457726,25.637325286865234,-0.031007965415051908,3,60mm,4.374826
SubNetW8CleanAuxExDnRcK9Rr01QdEma,minbias,0,test,5.0703115,6.165346622467041,0.21596997859725198,2,40mm,0.66477853
SubNetW8CleanAuxExDnRcK9Rr01QdEma,minbias,0,test,84.95875,85.15314483642578,0.0022881336830429255,0,15mm,3.6981301
SubNetW8CleanAuxExDnRcK9Rr01QdEma,minbias,0,test,30.655617,31.61957550048828,0.031444767455606426,2,40mm,2.7103472
SubNetW8CleanAuxExDnRcK9Rr01QdEma,minbias,0,test,66.18339,64.63280487060547,-0.023428581375293356,1,30mm,3.1125493
SubNetW8CleanAuxExDnRcK9Rr01QdEma,minbias,0,test,11.137893,10.743605613708496,-0.03540051239296216,4,120mm,2.6486008
SubNetW8CleanAuxExDnRcK9Rr01QdEma,minbias,0,test,29.034601,32.76260757446289,0.12839874519896322,0,15mm,0.7044106
SubNetW8CleanAuxExDnRcK9Rr01QdEma,minbias,0,test,20.033792,20.92721939086914,0.04459599425980554,1,30mm,0.8417102
SubNetW8CleanAuxExDnRcK9Rr01QdEma,minbias,0,test,18.146582,17.677017211914062,-0.025876192383147645,1,30mm,1.0442529
SubNetW8CleanAuxExDnRcK9Rr01QdEma,minbias,0,test,19.059029,19.796546936035156,0.03869653197123424,3,60mm,3.3283906
SubNetW8CleanAuxExDnRcK9Rr01QdEma,minbias,0,test,21.38246,20.033546447753906,-0.06308503396839782,2,40mm,2.6709695
SubNetW8CleanAuxExDnRcK9Rr01QdEma,minbias,0,test,36.83372,36.69917297363281,-0.0036528534998719886,2,40mm,2.556975
SubNetW8CleanAuxExDnRcK9Rr01QdEma,minbias,0,test,17.245611,17.22074317932129,-0.0014419907302491985,1,30mm,0.7674364
SubNetW8CleanAuxExDnRcK9Rr01QdEma,minbias,0,test,50.830135,50.60527420043945,-0.004423776240045307,2,40mm,4.7415533
SubNetW8CleanAuxExDnRcK9Rr01QdEma,minbias,0,test,7.2110953,7.11768102645874,-0.012954246522279056,3,60mm,0.9569355
SubNetW8CleanAuxExDnRcK9Rr01QdEma,minbias,0,test,45.312515,45.500030517578125,0.004138266386628953,1,30mm,2.6675067
SubNetW8CleanAuxExDnRcK9Rr01QdEma,minbias,0,test,68.35367,70.21009063720703,0.027159075333521132,1,30mm,2.9874961
SubNetW8CleanAuxExDnRcK9Rr01QdEma,minbias,0,test,6.1104054,6.0256428718566895,-0.013871841075648317,3,60mm,1.3837016
SubNetW8CleanAuxExDnRcK9Rr01QdEma,minbias,0,test,14.534671,14.672879219055176,0.009508876458290239,2,40mm,1.5090883
SubNetW8CleanAuxExDnRcK9Rr01QdEma,minbias,0,test,29.43461,29.442243576049805,0.000259327680352861,1,30mm,2.3313131
SubNetW8CleanAuxExDnRcK9Rr01QdEma,minbias,0,test,39.254906,39.24985122680664,-0.0001287603112715141,3,60mm,4.954345
SubNetW8CleanAuxExDnRcK9Rr01QdEma,minbias,0,test,31.702793,30.999156951904297,-0.022194768982673807,3,60mm,4.094786
SubNetW8CleanAuxExDnRcK9Rr01QdEma,minbias,0,test,10.3750725,10.963371276855469,0.056703102439440434,2,40mm,1.8963331
SubNetW8CleanAuxExDnRcK9Rr01QdEma,minbias,0,test,33.50499,33.82102966308594,0.009432626083724971,2,40mm,4.578402
SubNetW8CleanAuxExDnRcK9Rr01QdEma,minbias,0,test,41.02233,40.19308090209961,-0.020214607767814696,2,40mm,4.0560064
SubNetW8CleanAuxExDnRcK9Rr01QdEma,minbias,0,test,44.77888,44.273319244384766,-0.011290184490968413,2,40mm,4.345632
SubNetW8CleanAuxExDnRcK9Rr01QdEma,minbias,0,test,44.83043,44.133033752441406,-0.015556293773295926,2,40mm,3.3374712
SubNetW8CleanAuxExDnRcK9Rr01QdEma,minbias,0,test,26.077333,27.224769592285156,0.04400128349602439,0,15mm,1.0005469
SubNetW8CleanAuxExDnRcK9Rr01QdEma,minbias,0,test,5.33673,5.495810031890869,0.02980852102952003,3,60mm,1.221603
SubNetW8CleanAuxExDnRcK9Rr01QdEma,minbias,0,test,10.347382,7.546393394470215,-0.2706953611865641,4,120mm,2.4005508
SubNetW8CleanAuxExDnRcK9Rr01QdEma,minbias,0,test,4.7368016,7.652627468109131,0.6155684943304134,4,120mm,1.0746255
SubNetW8CleanAuxExDnRcK9Rr01QdEma,minbias,0,test,6.2562466,7.679051399230957,0.22742147664306467,3,60mm,1.0405982
SubNetW8CleanAuxExDnRcK9Rr01QdEma,minbias,0,test,28.376534,27.90244483947754,-0.016707067784885066,3,60mm,4.4621387
SubNetW8CleanAuxExDnRcK9Rr01QdEma,minbias,0,test,36.239708,35.41982650756836,-0.022623842344786094,0,15mm,2.0385938
SubNetW8CleanAuxExDnRcK9Rr01QdEma,minbias,0,test,98.36143,94.20161437988281,-0.042291099683387845,0,15mm,2.9196677
SubNetW8CleanAuxExDnRcK9Rr01QdEma,minbias,0,test,87.26351,85.7632827758789,-0.01719193799718355,1,30mm,3.820099
SubNetW8CleanAuxExDnRcK9Rr01QdEma,minbias,0,test,16.11985,15.641819953918457,-0.029654754856093257,3,60mm,3.6789973
SubNetW8CleanAuxExDnRcK9Rr01QdEma,minbias,0,test,20.426369,20.597400665283203,0.008373096280802628,1,30mm,1.038715
SubNetW8CleanAuxExDnRcK9Rr01QdEma,minbias,0,test,21.829641,22.236146926879883,0.01862172531124684,2,40mm,2.7114966
SubNetW8CleanAuxExDnRcK9Rr01QdEma,minbias,0,test,18.96465,17.664575576782227,-0.06855247412786847,4,120mm,4.558687
SubNetW8CleanAuxExDnRcK9Rr01QdEma,minbias,0,test,14.765019,15.138681411743164,0.02530724710789678,3,60mm,2.6230152
SubNetW8CleanAuxExDnRcK9Rr01QdEma,minbias,0,test,41.658016,39.92390441894531,-0.041627325155427,3,60mm,4.4787855
SubNetW8CleanAuxExDnRcK9Rr01QdEma,minbias,0,test,7.5029783,7.697611331939697,0.025940766269294757,3,60mm,1.1750919
SubNetW8CleanAuxExDnRcK9Rr01QdEma,minbias,0,test,14.289377,13.757254600524902,-0.03723903456989819,3,60mm,2.074585
SubNetW8CleanAuxExDnRcK9Rr01QdEma,minbias,0,test,25.620626,26.80150604248047,0.04609097264733886,2,40mm,2.9882016
SubNetW8CleanAuxExDnRcK9Rr01QdEma,minbias,0,test,5.5697927,5.627536296844482,0.010367270734241929,3,60mm,0.8794594
SubNetW8CleanAuxExDnRcK9Rr01QdEma,minbias,0,test,22.436949,22.219058990478516,-0.009711203958235659,3,60mm,4.16585
SubNetW8CleanAuxExDnRcK9Rr01QdEma,minbias,0,test,25.09835,26.08942222595215,0.03948752329626104,1,30mm,2.191051
SubNetW8CleanAuxExDnRcK9Rr01QdEma,minbias,0,test,66.593315,65.20056915283203,-0.020914200908539016,2,40mm,4.9102154
SubNetW8CleanAuxExDnRcK9Rr01QdEma,minbias,0,test,26.54308,25.92917823791504,-0.023128482178132015,3,60mm,2.926641
SubNetW8CleanAuxExDnRcK9Rr01QdEma,minbias,0,test,4.9956875,5.523848056793213,0.1057233010802241,2,40mm,0.51308626
SubNetW8CleanAuxExDnRcK9Rr01QdEma,minbias,0,test,20.30351,20.380573272705078,0.003795531131518759,3,60mm,3.5350618
SubNetW8CleanAuxExDnRcK9Rr01QdEma,minbias,0,test,21.228392,20.252029418945312,-0.045993226647292884,3,60mm,2.0803838
SubNetW8CleanAuxExDnRcK9Rr01QdEma,minbias,0,test,23.530773,23.37074851989746,-0.006800653843242022,2,40mm,3.4255185
SubNetW8CleanAuxExDnRcK9Rr01QdEma,minbias,0,test,7.4509473,8.088238716125488,0.08553159847684944,2,40mm,0.77007246
SubNetW8CleanAuxExDnRcK9Rr01QdEma,minbias,0,test,7.92152,8.600255012512207,0.08568238916024873,3,60mm,1.8420111
SubNetW8CleanAuxExDnRcK9Rr01QdEma,minbias,0,test,13.128494,11.956084251403809,-0.08930270203361501,2,40mm,1.8540941
SubNetW8CleanAuxExDnRcK9Rr01QdEma,minbias,0,test,72.831696,69.88883209228516,-0.04040635662624148,1,30mm,3.3587327
SubNetW8CleanAuxExDnRcK9Rr01QdEma,minbias,0,test,15.774893,16.138343811035156,0.023039839856590527,2,40mm,1.038921
SubNetW8CleanAuxExDnRcK9Rr01QdEma,minbias,0,test,83.88821,81.34716796875,-0.030290771727618737,1,30mm,4.4890456
SubNetW8CleanAuxExDnRcK9Rr01QdEma,minbias,0,test,18.74381,19.040876388549805,0.01584873750337712,4,120mm,3.9425416
SubNetW8CleanAuxExDnRcK9Rr01QdEma,minbias,0,test,6.0941596,6.152518272399902,0.009576163586385134,3,60mm,1.0510161
SubNetW8CleanAuxExDnRcK9Rr01QdEma,minbias,0,test,62.150047,62.9316291809082,0.01257572459858558,1,30mm,4.521618
SubNetW8CleanAuxExDnRcK9Rr01QdEma,minbias,0,test,10.64481,11.028497695922852,0.03604460605782611,3,60mm,1.8094512
SubNetW8CleanAuxExDnRcK9Rr01QdEma,minbias,0,test,7.173502,6.741107940673828,-0.06027656082282784,2,40mm,0.7153264
SubNetW8CleanAuxExDnRcK9Rr01QdEma,minbias,0,test,53.316425,55.49373245239258,0.04083745516875692,1,30mm,3.3859181
SubNetW8CleanAuxExDnRcK9Rr01QdEma,minbias,0,test,22.324795,22.127561569213867,-0.008834715038213092,2,40mm,4.600568
SubNetW8CleanAuxExDnRcK9Rr01QdEma,minbias,0,test,70.92566,69.28807067871094,-0.023088801992347974,1,30mm,3.0159154
SubNetW8CleanAuxExDnRcK9Rr01QdEma,minbias,0,test,38.085613,37.020751953125,-0.027959673134236418,1,30mm,3.5469768
SubNetW8CleanAuxExDnRcK9Rr01QdEma,minbias,0,test,24.354294,22.829317092895508,-0.0626163395011412,2,40mm,3.0346186
SubNetW8CleanAuxExDnRcK9Rr01QdEma,minbias,0,test,46.094822,43.969486236572266,-0.046107905495113566,3,60mm,4.7121696
SubNetW8CleanAuxExDnRcK9Rr01QdEma,minbias,0,test,31.754175,32.552520751953125,0.025141436082519508,2,40mm,3.1606412
SubNetW8CleanAuxExDnRcK9Rr01QdEma,minbias,0,test,16.298883,15.93790340423584,-0.022147531470190218,1,30mm,0.72137773
SubNetW8CleanAuxExDnRcK9Rr01QdEma,minbias,0,test,50.02544,49.816314697265625,-0.00418038337884874,2,40mm,4.938726
SubNetW8CleanAuxExDnRcK9Rr01QdEma,minbias,0,test,36.147587,37.166683197021484,0.028192653067427242,1,30mm,2.189526
SubNetW8CleanAuxExDnRcK9Rr01QdEma,minbias,0,test,69.776405,67.83244323730469,-0.02785987738762985,1,30mm,3.775619
SubNetW8CleanAuxExDnRcK9Rr01QdEma,minbias,0,test,41.847324,41.13611602783203,-0.016995312225815296,2,40mm,3.1060894
SubNetW8CleanAuxExDnRcK9Rr01QdEma,minbias,0,test,32.54673,32.00593566894531,-0.01661593566754538,2,40mm,4.7297263
SubNetW8CleanAuxExDnRcK9Rr01QdEma,minbias,0,test,3.7189422,3.724536180496216,0.0015041952449659224,4,120mm,0.7800269
SubNetW8CleanAuxExDnRcK9Rr01QdEma,minbias,0,test,10.494131,11.28249740600586,0.07512449683721045,2,40mm,1.1615767
SubNetW8CleanAuxExDnRcK9Rr01QdEma,minbias,0,test,18.118416,18.07470703125,-0.002412396407807438,2,40mm,2.543466
SubNetW8CleanAuxExDnRcK9Rr01QdEma,minbias,0,test,23.499216,23.822187423706055,0.013743919920502279,2,40mm,2.22563
SubNetW8CleanAuxExDnRcK9Rr01QdEma,minbias,0,test,64.73176,63.04338073730469,-0.02608267455522828,1,30mm,3.2461822
SubNetW8CleanAuxExDnRcK9Rr01QdEma,minbias,0,test,2.534313,2.3636233806610107,-0.06735142237126823,4,120mm,0.5912957
SubNetW8CleanAuxExDnRcK9Rr01QdEma,minbias,0,test,19.774128,20.13832664489746,0.01841793910838052,2,40mm,3.1903243
SubNetW8CleanAuxExDnRcK9Rr01QdEma,minbias,0,test,52.24177,50.311100006103516,-0.036956474276091944,1,30mm,2.8894463
SubNetW8CleanAuxExDnRcK9Rr01QdEma,minbias,0,test,42.354477,41.976531982421875,-0.008923376551791762,2,40mm,4.39713
SubNetW8CleanAuxExDnRcK9Rr01QdEma,minbias,0,test,16.247356,15.644959449768066,-0.03707661416710906,3,60mm,3.384419
SubNetW8CleanAuxExDnRcK9Rr01QdEma,minbias,0,test,9.579527,10.55859375,0.1022040920024585,3,60mm,1.6390312
SubNetW8CleanAuxExDnRcK9Rr01QdEma,minbias,0,test,22.36389,22.563095092773438,0.008907457570366706,3,60mm,4.3506875
SubNetW8CleanAuxExDnRcK9Rr01QdEma,minbias,0,test,64.10771,66.49818420410156,0.03728837522489736,1,30mm,4.5982184
SubNetW8CleanAuxExDnRcK9Rr01QdEma,minbias,0,test,27.709534,22.94094467163086,-0.17209199811450837,1,30mm,1.9772049
SubNetW8CleanAuxExDnRcK9Rr01QdEma,minbias,0,test,31.23145,28.978853225708008,-0.0721258847873194,2,40mm,3.3829398
SubNetW8CleanAuxExDnRcK9Rr01QdEma,minbias,0,test,15.31799,16.028196334838867,0.0463641781819375,3,60mm,2.544661
SubNetW8CleanAuxExDnRcK9Rr01QdEma,minbias,0,test,36.784515,37.4366569519043,0.0177286981843523,1,30mm,1.7886952
SubNetW8CleanAuxExDnRcK9Rr01QdEma,minbias,0,test,12.291075,14.29588508605957,0.16311106828098976,2,40mm,1.7481046
SubNetW8CleanAuxExDnRcK9Rr01QdEma,minbias,0,test,19.29416,18.16991424560547,-0.058268748065506526,3,60mm,3.3184154
SubNetW8CleanAuxExDnRcK9Rr01QdEma,minbias,0,test,12.01585,12.234539985656738,0.018200120448918167,1,30mm,0.73913103
SubNetW8CleanAuxExDnRcK9Rr01QdEma,minbias,0,test,8.356306,8.433245658874512,0.009207367720196924,3,60mm,1.8876739
SubNetW8CleanAuxExDnRcK9Rr01QdEma,minbias,0,test,5.16764,5.328662395477295,0.031159713091613916,4,120mm,1.0564749
SubNetW8CleanAuxExDnRcK9Rr01QdEma,minbias,0,test,4.634776,4.46909236907959,-0.03574795032423406,4,120mm,1.0560884
SubNetW8CleanAuxExDnRcK9Rr01QdEma,minbias,0,test,93.65299,94.0687484741211,0.0044393266632913875,0,15mm,3.4808314
SubNetW8CleanAuxExDnRcK9Rr01QdEma,minbias,0,test,16.91924,16.9846248626709,0.0038644707123736133,2,40mm,3.2672048
SubNetW8CleanAuxExDnRcK9Rr01QdEma,minbias,0,test,28.787045,28.951568603515625,0.005715212557698468,3,60mm,4.0711565
SubNetW8CleanAuxExDnRcK9Rr01QdEma,minbias,0,test,98.621666,96.95854187011719,-0.016863678669131743,0,15mm,3.9312022
SubNetW8CleanAuxExDnRcK9Rr01QdEma,minbias,0,test,15.700056,14.066970825195312,-0.10401779732148464,1,30mm,0.78961796
SubNetW8CleanAuxExDnRcK9Rr01QdEma,minbias,0,test,15.8211155,16.376585006713867,0.035109377284934684,2,40mm,1.7510746
SubNetW8CleanAuxExDnRcK9Rr01QdEma,minbias,0,test,42.985783,41.69065856933594,-0.03012912583923366,1,30mm,2.4401894
SubNetW8CleanAuxExDnRcK9Rr01QdEma,minbias,0,test,19.643536,19.442852020263672,-0.010216266444765254,2,40mm,2.7038512
SubNetW8CleanAuxExDnRcK9Rr01QdEma,minbias,0,test,46.60349,46.2706413269043,-0.007142117530536729,2,40mm,3.091084
SubNetW8CleanAuxExDnRcK9Rr01QdEma,minbias,0,test,17.716726,17.076133728027344,-0.03615750247048366,4,120mm,4.036275
SubNetW8CleanAuxExDnRcK9Rr01QdEma,minbias,0,test,31.930042,34.14181137084961,0.06926921942413089,0,15mm,0.7001134
SubNetW8CleanAuxExDnRcK9Rr01QdEma,minbias,0,test,13.628262,13.085559844970703,-0.03982178640736478,3,60mm,1.9550241
SubNetW8CleanAuxExDnRcK9Rr01QdEma,minbias,0,test,59.93521,60.31809997558594,0.0063883781569555875,0,15mm,2.1272364
SubNetW8CleanAuxExDnRcK9Rr01QdEma,minbias,0,test,36.48447,37.1230583190918,0.017503007313221186,2,40mm,3.200466
SubNetW8CleanAuxExDnRcK9Rr01QdEma,minbias,0,test,76.723816,76.0684814453125,-0.008541473919348785,1,30mm,3.8761642
SubNetW8CleanAuxExDnRcK9Rr01QdEma,minbias,0,test,41.006584,40.46966552734375,-0.01309347391491611,2,40mm,3.202995
SubNetW8CleanAuxExDnRcK9Rr01QdEma,minbias,0,test,21.858866,21.613853454589844,-0.011208828777433455,2,40mm,2.9082294
SubNetW8CleanAuxExDnRcK9Rr01QdEma,minbias,0,test,7.262194,11.24846363067627,0.5489070366400359,1,30mm,0.5087955
SubNetW8CleanAuxExDnRcK9Rr01QdEma,minbias,0,test,46.373566,46.40724563598633,0.0007262750161394216,2,40mm,4.389202
SubNetW8CleanAuxExDnRcK9Rr01QdEma,minbias,0,test,22.571745,23.19297218322754,0.02752234116761776,3,60mm,2.9677536
SubNetW8CleanAuxExDnRcK9Rr01QdEma,minbias,0,test,24.52768,24.161428451538086,-0.014932150131326316,2,40mm,1.8453643
SubNetW8CleanAuxExDnRcK9Rr01QdEma,minbias,0,test,17.103521,16.346715927124023,-0.0442485149441223,2,40mm,1.7139019
SubNetW8CleanAuxExDnRcK9Rr01QdEma,minbias,0,test,49.52696,49.856136322021484,0.006646437953061524,1,30mm,2.5022326
SubNetW8CleanAuxExDnRcK9Rr01QdEma,minbias,0,test,48.232594,51.278656005859375,0.06315361140978415,1,30mm,2.4327211
SubNetW8CleanAuxExDnRcK9Rr01QdEma,minbias,0,test,50.073383,47.9283447265625,-0.04283790033807344,0,15mm,2.173838
SubNetW8CleanAuxExDnRcK9Rr01QdEma,minbias,0,test,18.006819,18.231191635131836,0.012460438827005316,4,120mm,4.150322
SubNetW8CleanAuxExDnRcK9Rr01QdEma,minbias,0,test,35.216072,33.002498626708984,-0.0628569094992657,3,60mm,4.514551
SubNetW8CleanAuxExDnRcK9Rr01QdEma,minbias,0,test,18.802969,18.25627899169922,-0.029074663038407444,4,120mm,4.294966
SubNetW8CleanAuxExDnRcK9Rr01QdEma,minbias,0,test,49.463596,50.003028869628906,0.010905647092121828,2,40mm,4.5428185
SubNetW8CleanAuxExDnRcK9Rr01QdEma,minbias,0,test,23.876415,23.441513061523438,-0.018214718857898604,2,40mm,2.0473263
SubNetW8CleanAuxExDnRcK9Rr01QdEma,minbias,0,test,50.654728,50.01411056518555,-0.012646743881785438,2,40mm,4.4592505
SubNetW8CleanAuxExDnRcK9Rr01QdEma,minbias,0,test,12.595104,12.549169540405273,-0.0036470263628382016,2,40mm,1.1374036
SubNetW8CleanAuxExDnRcK9Rr01QdEma,minbias,0,test,22.50407,22.117692947387695,-0.01716922004567656,2,40mm,2.043996
SubNetW8CleanAuxExDnRcK9Rr01QdEma,minbias,0,test,12.707637,12.279068946838379,-0.03372522302755521,3,60mm,1.4549797
SubNetW8CleanAuxExDnRcK9Rr01QdEma,minbias,0,test,84.06819,78.12933349609375,-0.07064334231843117,1,30mm,4.416126
SubNetW8CleanAuxExDnRcK9Rr01QdEma,minbias,0,test,23.649248,22.68470001220703,-0.040785571953002364,2,40mm,2.2821715
SubNetW8CleanAuxExDnRcK9Rr01QdEma,minbias,0,test,18.762411,18.969636917114258,0.011044731845081035,3,60mm,3.0326915
SubNetW8CleanAuxExDnRcK9Rr01QdEma,minbias,0,test,84.671295,81.70484924316406,-0.03503484760727038,1,30mm,4.8334413
SubNetW8CleanAuxExDnRcK9Rr01QdEma,minbias,0,test,38.069843,38.355445861816406,0.007502068432162945,2,40mm,4.3099933
SubNetW8CleanAuxExDnRcK9Rr01QdEma,minbias,0,test,14.617982,15.583700180053711,0.06606372037174957,2,40mm,1.6118188
SubNetW8CleanAuxExDnRcK9Rr01QdEma,minbias,0,test,22.978758,22.3200740814209,-0.02866489916112791,3,60mm,2.8009079
SubNetW8CleanAuxExDnRcK9Rr01QdEma,minbias,0,test,13.307594,12.86814022064209,-0.03302280403129587,3,60mm,3.129752
SubNetW8CleanAuxExDnRcK9Rr01QdEma,minbias,0,test,2.314889,2.1892335414886475,-0.0542813997397148,3,60mm,0.5296961
SubNetW8CleanAuxExDnRcK9Rr01QdEma,minbias,0,test,90.073296,86.73444366455078,-0.03706816661608536,0,15mm,4.119726
SubNetW8CleanAuxExDnRcK9Rr01QdEma,minbias,0,test,42.313545,44.80369186401367,0.05884987002627606,1,30mm,2.3884046
SubNetW8CleanAuxExDnRcK9Rr01QdEma,minbias,0,test,18.856075,17.553874969482422,-0.06905998716975315,1,30mm,1.2677429
SubNetW8CleanAuxExDnRcK9Rr01QdEma,minbias,0,test,17.680046,19.017780303955078,0.07566350315164816,0,15mm,0.5600276
SubNetW8CleanAuxExDnRcK9Rr01QdEma,minbias,0,test,83.26296,81.96891784667969,-0.015541658118340851,1,30mm,4.274777
SubNetW8CleanAuxExDnRcK9Rr01QdEma,minbias,0,test,17.454025,16.70221710205078,-0.043073626566724976,3,60mm,3.4367554
SubNetW8CleanAuxExDnRcK9Rr01QdEma,minbias,0,test,20.306915,20.00238037109375,-0.014996611147596206,4,120mm,4.6997733
SubNetW8CleanAuxExDnRcK9Rr01QdEma,minbias,0,test,19.681103,19.899978637695312,0.011121118961685106,3,60mm,4.4363546
SubNetW8CleanAuxExDnRcK9Rr01QdEma,minbias,0,test,3.807451,3.9447007179260254,0.0360476622874939,4,120mm,0.88139004
SubNetW8CleanAuxExDnRcK9Rr01QdEma,minbias,0,test,28.316854,27.46693229675293,-0.030014710174403714,3,60mm,4.4022317
SubNetW8CleanAuxExDnRcK9Rr01QdEma,minbias,0,test,46.708183,45.73512649536133,-0.020832683369445437,2,40mm,4.6533556
SubNetW8CleanAuxExDnRcK9Rr01QdEma,minbias,0,test,19.64054,18.372314453125,-0.0645717872230378,2,40mm,3.2873225
SubNetW8CleanAuxExDnRcK9Rr01QdEma,minbias,0,test,26.358307,25.23221778869629,-0.042722360771973,2,40mm,3.6045628
SubNetW8CleanAuxExDnRcK9Rr01QdEma,minbias,0,test,13.488707,15.786626815795898,0.17035882661782775,0,15mm,0.71357304
SubNetW8CleanAuxExDnRcK9Rr01QdEma,minbias,0,test,34.32335,34.9263801574707,0.017569123527672703,2,40mm,3.3913856
SubNetW8CleanAuxExDnRcK9Rr01QdEma,minbias,0,test,13.177572,12.155497550964355,-0.0775616843514898,2,40mm,1.7814667
SubNetW8CleanAuxExDnRcK9Rr01QdEma,minbias,0,test,28.502047,29.212833404541016,0.024938097597174247,3,60mm,3.0668697
SubNetW8CleanAuxExDnRcK9Rr01QdEma,minbias,0,test,37.1279,36.714622497558594,-0.011131162322755017,3,60mm,4.783047
SubNetW8CleanAuxExDnRcK9Rr01QdEma,minbias,0,test,16.615135,16.86531639099121,0.015057427773892629,3,60mm,2.6213334
SubNetW8CleanAuxExDnRcK9Rr01QdEma,minbias,0,test,12.511241,8.219877243041992,-0.3430006447906382,2,40mm,1.1980962
SubNetW8CleanAuxExDnRcK9Rr01QdEma,minbias,0,test,58.190838,60.386131286621094,0.037725757305492325,1,30mm,3.7425287
SubNetW8CleanAuxExDnRcK9Rr01QdEma,minbias,0,test,27.300936,27.706424713134766,0.014852566654834032,3,60mm,4.4661226
SubNetW8CleanAuxExDnRcK9Rr01QdEma,minbias,0,test,7.604352,7.828980445861816,0.029539459583650896,2,40mm,0.7279843
SubNetW8CleanAuxExDnRcK9Rr01QdEma,minbias,0,test,16.6174,16.407672882080078,-0.012620887955802296,2,40mm,1.751154
SubNetW8CleanAuxExDnRcK9Rr01QdEma,minbias,0,test,12.324431,9.606589317321777,-0.22052474548875767,2,40mm,1.9805965
SubNetW8CleanAuxExDnRcK9Rr01QdEma,minbias,0,test,26.965326,26.749601364135742,-0.008000086577655274,3,60mm,3.6327548
SubNetW8CleanAuxExDnRcK9Rr01QdEma,minbias,0,test,32.48871,30.2857608795166,-0.06780656168102273,1,30mm,2.8206706
SubNetW8CleanAuxExDnRcK9Rr01QdEma,minbias,0,test,9.77319,9.66994571685791,-0.010563985006926235,3,60mm,1.6162678
SubNetW8CleanAuxExDnRcK9Rr01QdEma,minbias,0,test,9.119243,8.76342487335205,-0.03901834919279723,3,60mm,1.6515071
SubNetW8CleanAuxExDnRcK9Rr01QdEma,minbias,0,test,36.940857,34.897979736328125,-0.05530129419948149,1,30mm,1.7470995
SubNetW8CleanAuxExDnRcK9Rr01QdEma,minbias,0,test,3.742796,3.5462911128997803,-0.052502149260333364,4,120mm,0.84073496
SubNetW8CleanAuxExDnRcK9Rr01QdEma,minbias,0,test,23.26634,23.782880783081055,0.022201193727336532,1,30mm,1.1924717
SubNetW8CleanAuxExDnRcK9Rr01QdEma,minbias,0,test,68.23018,68.38427734375,0.002258509553658694,1,30mm,3.5351214
SubNetW8CleanAuxExDnRcK9Rr01QdEma,minbias,0,test,24.756031,46.49040603637695,0.8779426301438678,1,30mm,1.2241187
SubNetW8CleanAuxExDnRcK9Rr01QdEma,minbias,0,test,21.877296,20.879356384277344,-0.045615328468935123,2,40mm,2.3666632
SubNetW8CleanAuxExDnRcK9Rr01QdEma,minbias,0,test,9.755039,9.250832557678223,-0.05168678939084359,1,30mm,0.52035236
SubNetW8CleanAuxExDnRcK9Rr01QdEma,minbias,0,test,4.936265,5.30938196182251,0.07558690035585047,3,60mm,0.6287742
SubNetW8CleanAuxExDnRcK9Rr01QdEma,minbias,0,test,70.81125,71.19422912597656,0.005408467627415536,1,30mm,3.1241815
SubNetW8CleanAuxExDnRcK9Rr01QdEma,minbias,0,test,8.2480545,6.574312686920166,-0.20292564950711733,3,60mm,0.9494967
SubNetW8CleanAuxExDnRcK9Rr01QdEma,minbias,0,test,67.80031,68.05770874023438,0.003796450479715663,0,15mm,1.5561453
SubNetW8CleanAuxExDnRcK9Rr01QdEma,minbias,0,test,20.800243,20.583532333374023,-0.010418678299890072,2,40mm,1.5857376
SubNetW8CleanAuxExDnRcK9Rr01QdEma,minbias,0,test,8.020401,7.82664155960083,-0.024158323424494643,3,60mm,1.4970812
SubNetW8CleanAuxExDnRcK9Rr01QdEma,minbias,0,test,42.828064,41.94190216064453,-0.020691147863387993,3,60mm,4.969623
SubNetW8CleanAuxExDnRcK9Rr01QdEma,minbias,0,test,30.014038,31.73165512084961,0.057227122521606555,2,40mm,3.5689728
SubNetW8CleanAuxExDnRcK9Rr01QdEma,minbias,0,test,23.847395,23.175962448120117,-0.02815538119427141,3,60mm,3.2680333
SubNetW8CleanAuxExDnRcK9Rr01QdEma,minbias,0,test,25.00674,25.235780715942383,0.009159136322954842,2,40mm,2.3071866
SubNetW8CleanAuxExDnRcK9Rr01QdEma,minbias,0,test,43.122894,24.201831817626953,-0.43877069900520227,1,30mm,3.1275957
SubNetW8CleanAuxExDnRcK9Rr01QdEma,minbias,0,test,29.136766,29.346155166625977,0.007186409424892792,3,60mm,4.1195955
SubNetW8CleanAuxExDnRcK9Rr01QdEma,minbias,0,test,21.036724,20.5732479095459,-0.022031765926801117,3,60mm,4.2327027
SubNetW8CleanAuxExDnRcK9Rr01QdEma,minbias,0,test,31.116125,30.991220474243164,-0.004014144824897148,2,40mm,4.1557236
SubNetW8CleanAuxExDnRcK9Rr01QdEma,minbias,0,test,14.129856,12.816572189331055,-0.09294389908146661,2,40mm,1.8412356
SubNetW8CleanAuxExDnRcK9Rr01QdEma,minbias,0,test,23.713814,24.70169448852539,0.04165844920094064,1,30mm,1.2741145
SubNetW8CleanAuxExDnRcK9Rr01QdEma,minbias,0,test,46.672283,49.79518127441406,0.06691119202926643,1,30mm,2.613828
SubNetW8CleanAuxExDnRcK9Rr01QdEma,minbias,0,test,82.8717,80.44986724853516,-0.029223840306517368,0,15mm,1.9775083
SubNetW8CleanAuxExDnRcK9Rr01QdEma,minbias,0,test,53.179447,54.28990173339844,0.020881273092052233,1,30mm,2.272811
SubNetW8CleanAuxExDnRcK9Rr01QdEma,minbias,0,test,9.969965,9.371554374694824,-0.0600213348311589,2,40mm,1.3159411
SubNetW8CleanAuxExDnRcK9Rr01QdEma,minbias,0,test,91.70586,93.11624908447266,0.015379527739855181,0,15mm,2.6782503
SubNetW8CleanAuxExDnRcK9Rr01QdEma,minbias,0,test,5.658895,5.645125389099121,-0.002433271262179071,3,60mm,0.8735123
SubNetW8CleanAuxExDnRcK9Rr01QdEma,minbias,0,test,21.276943,21.723127365112305,0.02097031298099572,2,40mm,2.019201
SubNetW8CleanAuxExDnRcK9Rr01QdEma,minbias,0,test,32.526226,21.570398330688477,-0.3368305839814556,0,15mm,1.2571232
SubNetW8CleanAuxExDnRcK9Rr01QdEma,minbias,0,test,5.2651668,5.346118450164795,0.01537495284986079,3,60mm,0.71423316
SubNetW8CleanAuxExDnRcK9Rr01QdEma,minbias,0,test,16.117561,15.408190727233887,-0.04401227940873664,4,120mm,3.8139296
SubNetW8CleanAuxExDnRcK9Rr01QdEma,minbias,0,test,26.169613,25.036725997924805,-0.04329016602560243,3,60mm,4.572006
SubNetW8CleanAuxExDnRcK9Rr01QdEma,minbias,0,test,24.111517,23.56771469116211,-0.02255363121380982,2,40mm,2.6097984
SubNetW8CleanAuxExDnRcK9Rr01QdEma,minbias,0,test,16.932325,16.581693649291992,-0.02070782992571596,4,120mm,3.9790742
SubNetW8CleanAuxExDnRcK9Rr01QdEma,minbias,0,test,27.688278,26.862632751464844,-0.02981931346058786,3,60mm,3.9628139
SubNetW8CleanAuxExDnRcK9Rr01QdEma,minbias,0,test,20.312807,20.64887046813965,0.016544408836968172,1,30mm,1.5605772
SubNetW8CleanAuxExDnRcK9Rr01QdEma,minbias,0,test,20.866755,20.136140823364258,-0.03501328907571888,3,60mm,3.9228852
SubNetW8CleanAuxExDnRcK9Rr01QdEma,minbias,0,test,17.809387,18.478527069091797,0.037572312527202945,3,60mm,2.5555716
SubNetW8CleanAuxExDnRcK9Rr01QdEma,minbias,0,test,42.56085,42.344505310058594,-0.005083144133437911,1,30mm,4.158978
SubNetW8CleanAuxExDnRcK9Rr01QdEma,minbias,0,test,12.988083,12.736506462097168,-0.01936978889480223,3,60mm,1.7978662
SubNetW8CleanAuxExDnRcK9Rr01QdEma,minbias,0,test,4.7552414,5.264115333557129,0.10701327174507735,3,60mm,0.981607
SubNetW8CleanAuxExDnRcK9Rr01QdEma,minbias,0,test,17.213308,16.85236930847168,-0.02096860283148605,2,40mm,1.2339356
SubNetW8CleanAuxExDnRcK9Rr01QdEma,minbias,0,test,2.4880307,2.409389019012451,-0.031607991791909096,3,60mm,0.5355693
SubNetW8CleanAuxExDnRcK9Rr01QdEma,minbias,0,test,13.271311,12.637094497680664,-0.04778852050499072,3,60mm,2.412488
SubNetW8CleanAuxExDnRcK9Rr01QdEma,minbias,0,test,28.635649,27.579753875732422,-0.03687343917840458,0,15mm,1.5264189
SubNetW8CleanAuxExDnRcK9Rr01QdEma,minbias,0,test,8.537819,8.907012939453125,0.043242195074655765,1,30mm,0.51799846
SubNetW8CleanAuxExDnRcK9Rr01QdEma,minbias,0,test,11.536546,11.39279842376709,-0.01246017072905592,3,60mm,1.635725
SubNetW8CleanAuxExDnRcK9Rr01QdEma,minbias,0,test,28.201328,28.110902786254883,-0.0032064266775998496,1,30mm,1.4256016
SubNetW8CleanAuxExDnRcK9Rr01QdEma,minbias,0,test,24.944042,25.06329345703125,0.004780750859735283,3,60mm,4.873424
SubNetW8CleanAuxExDnRcK9Rr01QdEma,minbias,0,test,14.2294655,13.916110038757324,-0.022021589370347594,3,60mm,2.7664208
SubNetW8CleanAuxExDnRcK9Rr01QdEma,minbias,0,test,66.07128,61.73858642578125,-0.06557607047035863,1,30mm,3.4888005
SubNetW8CleanAuxExDnRcK9Rr01QdEma,minbias,0,test,6.5567107,6.341485023498535,-0.03282525427043348,1,30mm,0.60116357
SubNetW8CleanAuxExDnRcK9Rr01QdEma,minbias,0,test,74.43719,51.92360305786133,-0.30245076399835147,1,30mm,4.7769094
SubNetW8CleanAuxExDnRcK9Rr01QdEma,minbias,0,test,27.109497,25.972105026245117,-0.041955483021960505,2,40mm,3.586501
SubNetW8CleanAuxExDnRcK9Rr01QdEma,minbias,0,test,46.292225,48.73918914794922,0.052859076660193294,1,30mm,3.982194
SubNetW8CleanAuxExDnRcK9Rr01QdEma,minbias,0,test,52.051678,50.75421905517578,-0.024926355996888194,2,40mm,4.879971
SubNetW8CleanAuxExDnRcK9Rr01QdEma,minbias,0,test,17.194246,16.829072952270508,-0.02123811265930442,3,60mm,2.881421
SubNetW8CleanAuxExDnRcK9Rr01QdEma,minbias,0,test,36.97389,36.58036422729492,-0.010643299554923158,2,40mm,4.4996967
SubNetW8CleanAuxExDnRcK9Rr01QdEma,minbias,0,test,17.323652,16.862123489379883,-0.026641540187411494,3,60mm,2.6561291
SubNetW8CleanAuxExDnRcK9Rr01QdEma,minbias,0,test,25.600037,24.842008590698242,-0.029610427579268128,2,40mm,2.842019
SubNetW8CleanAuxExDnRcK9Rr01QdEma,minbias,0,test,4.1758404,4.057116508483887,-0.028431132079349886,3,60mm,0.9126292
SubNetW8CleanAuxExDnRcK9Rr01QdEma,minbias,0,test,71.3774,69.53033447265625,-0.025877500473246995,0,15mm,3.610631
SubNetW8CleanAuxExDnRcK9Rr01QdEma,minbias,0,test,5.737131,5.719069480895996,-0.00314820029462326,3,60mm,0.91357005
SubNetW8CleanAuxExDnRcK9Rr01QdEma,minbias,0,test,21.030354,20.441158294677734,-0.0280164216056612,3,60mm,4.237591
SubNetW8CleanAuxExDnRcK9Rr01QdEma,minbias,0,test,66.41215,66.67999267578125,0.004033074728083008,0,15mm,1.5407617
SubNetW8CleanAuxExDnRcK9Rr01QdEma,minbias,0,test,20.227062,20.03720474243164,-0.009386310320056768,3,60mm,3.5576375
SubNetW8CleanAuxExDnRcK9Rr01QdEma,minbias,0,test,31.109121,30.850502014160156,-0.00831329518405699,2,40mm,4.0335665
SubNetW8CleanAuxExDnRcK9Rr01QdEma,minbias,0,test,7.110774,9.478667259216309,0.33300076835519277,2,40mm,0.5997994
SubNetW8CleanAuxExDnRcK9Rr01QdEma,minbias,0,test,25.353968,24.66969871520996,-0.026988633905877135,2,40mm,2.965181
SubNetW8CleanAuxExDnRcK9Rr01QdEma,minbias,0,test,36.45468,36.897193908691406,0.012138701951450948,0,15mm,0.85462373
SubNetW8CleanAuxExDnRcK9Rr01QdEma,minbias,0,test,18.476627,17.52957534790039,-0.051256757200368264,3,60mm,2.482106
SubNetW8CleanAuxExDnRcK9Rr01QdEma,minbias,0,test,29.052744,28.393178939819336,-0.02270232973269115,3,60mm,3.8948362
SubNetW8CleanAuxExDnRcK9Rr01QdEma,minbias,0,test,10.038433,10.105152130126953,0.006646361506584597,3,60mm,1.6425365
SubNetW8CleanAuxExDnRcK9Rr01QdEma,minbias,0,test,11.117319,11.009369850158691,-0.009710007948630528,2,40mm,1.5257285
SubNetW8CleanAuxExDnRcK9Rr01QdEma,minbias,0,test,7.4400973,7.279687881469727,-0.021560127962448328,3,60mm,1.6013124
SubNetW8CleanAuxExDnRcK9Rr01QdEma,minbias,0,test,33.79204,33.404151916503906,-0.011478734093735676,2,40mm,2.5430002
SubNetW8CleanAuxExDnRcK9Rr01QdEma,minbias,0,test,10.585123,10.039647102355957,-0.05153232102980132,3,60mm,2.2098594
SubNetW8CleanAuxExDnRcK9Rr01QdEma,minbias,0,test,6.004044,5.56350564956665,-0.07337361322929081,2,40mm,0.83019334
SubNetW8CleanAuxExDnRcK9Rr01QdEma,minbias,0,test,2.7033944,2.6315128803253174,-0.026589361997478078,4,120mm,0.58314073
SubNetW8CleanAuxExDnRcK9Rr01QdEma,minbias,0,test,13.14957,15.688740730285645,0.19309910327027424,3,60mm,2.7500775
SubNetW8CleanAuxExDnRcK9Rr01QdEma,minbias,0,test,3.53547,3.5931639671325684,0.016318610577391146,3,60mm,0.52381885
SubNetW8CleanAuxExDnRcK9Rr01QdEma,minbias,0,test,62.563786,63.37175750732422,0.012914371264531654,2,40mm,4.014033
SubNetW8CleanAuxExDnRcK9Rr01QdEma,minbias,0,test,12.093165,11.649256706237793,-0.03670740263692507,2,40mm,1.6950344
SubNetW8CleanAuxExDnRcK9Rr01QdEma,minbias,0,test,42.12368,43.21589660644531,0.02592880034992162,1,30mm,2.9719634
SubNetW8CleanAuxExDnRcK9Rr01QdEma,minbias,0,test,65.70525,65.38167572021484,-0.004924688105215402,1,30mm,4.9892845
SubNetW8CleanAuxExDnRcK9Rr01QdEma,minbias,0,test,48.45922,46.423892974853516,-0.04200083852266978,2,40mm,4.431277
SubNetW8CleanAuxExDnRcK9Rr01QdEma,minbias,0,test,20.66788,20.376123428344727,-0.0141163819854353,1,30mm,1.1899197
SubNetW8CleanAuxExDnRcK9Rr01QdEma,minbias,0,test,4.8766923,4.867652893066406,-0.0018535928578448102,3,60mm,1.030637
SubNetW8CleanAuxExDnRcK9Rr01QdEma,minbias,0,test,53.77007,52.96213912963867,-0.0150256454169313,2,40mm,4.2666383
SubNetW8CleanAuxExDnRcK9Rr01QdEma,minbias,0,test,42.91219,43.34272384643555,0.0100329153085299,0,15mm,1.1479179
SubNetW8CleanAuxExDnRcK9Rr01QdEma,minbias,0,test,5.823936,5.537075519561768,-0.049255429097162295,3,60mm,0.9659603
SubNetW8CleanAuxExDnRcK9Rr01QdEma,minbias,0,test,22.844604,23.357702255249023,0.022460347835612238,2,40mm,3.2611017
SubNetW8CleanAuxExDnRcK9Rr01QdEma,minbias,0,test,2.8149529,2.8568344116210938,0.014878246104268245,3,60mm,0.587256
SubNetW8CleanAuxExDnRcK9Rr01QdEma,minbias,0,test,24.21879,23.629772186279297,-0.024320697554289894,2,40mm,3.1030707
SubNetW8CleanAuxExDnRcK9Rr01QdEma,minbias,0,test,7.7058754,7.823091506958008,0.015211264677242875,3,60mm,1.3762116
SubNetW8CleanAuxExDnRcK9Rr01QdEma,minbias,0,test,27.797573,27.787874221801758,-0.0003489105961369532,2,40mm,3.2659075
SubNetW8CleanAuxExDnRcK9Rr01QdEma,minbias,0,test,11.989449,11.99886417388916,0.0007853260713936994,3,60mm,1.9750051
SubNetW8CleanAuxExDnRcK9Rr01QdEma,minbias,0,test,19.850393,20.356786727905273,0.02551049871326172,3,60mm,3.2489557
SubNetW8CleanAuxExDnRcK9Rr01QdEma,minbias,0,test,29.839489,33.15323257446289,0.1110522902446267,0,15mm,0.7019025
SubNetW8CleanAuxExDnRcK9Rr01QdEma,minbias,0,test,4.662702,5.007562637329102,0.07396152436059289,3,60mm,0.69462943
SubNetW8CleanAuxExDnRcK9Rr01QdEma,minbias,0,test,10.498336,11.091626167297363,0.05651279765827666,3,60mm,1.4981278
SubNetW8CleanAuxExDnRcK9Rr01QdEma,minbias,0,test,39.29916,39.312496185302734,0.00033935029754794677,1,30mm,2.507627
SubNetW8CleanAuxExDnRcK9Rr01QdEma,minbias,0,test,14.5789175,14.77086353302002,0.013166000124418709,3,60mm,2.2566516
SubNetW8CleanAuxExDnRcK9Rr01QdEma,minbias,0,test,52.629875,52.06858444213867,-0.010664869316410086,1,30mm,3.2803905
SubNetW8CleanAuxExDnRcK9Rr01QdEma,minbias,0,test,42.177166,44.635345458984375,0.05828223439063995,2,40mm,3.1043735
SubNetW8CleanAuxExDnRcK9Rr01QdEma,minbias,0,test,61.879093,60.66704177856445,-0.019587413607831117,2,40mm,4.657658
SubNetW8CleanAuxExDnRcK9Rr01QdEma,minbias,0,test,12.667734,14.107213973999023,0.11363356787227552,3,60mm,1.8719518
SubNetW8CleanAuxExDnRcK9Rr01QdEma,minbias,0,test,22.221605,23.035764694213867,0.03663818982859213,0,15mm,0.6365593
SubNetW8CleanAuxExDnRcK9Rr01QdEma,minbias,0,test,55.41514,51.908348083496094,-0.06328216931720287,0,15mm,2.7298338
SubNetW8CleanAuxExDnRcK9Rr01QdEma,minbias,0,test,16.956295,17.37921714782715,0.024941895270429226,2,40mm,1.8494252
SubNetW8CleanAuxExDnRcK9Rr01QdEma,minbias,0,test,20.061342,19.187959671020508,-0.043535599858565255,3,60mm,3.329125
SubNetW8CleanAuxExDnRcK9Rr01QdEma,minbias,0,test,25.77428,25.393789291381836,-0.014762439479304112,3,60mm,4.7188864
SubNetW8CleanAuxExDnRcK9Rr01QdEma,minbias,0,test,22.442242,21.946611404418945,-0.022084703996992028,1,30mm,1.839897
SubNetW8CleanAuxExDnRcK9Rr01QdEma,minbias,0,test,33.69362,33.437049865722656,-0.0076147626174911665,3,60mm,4.8873363
SubNetW8CleanAuxExDnRcK9Rr01QdEma,minbias,0,test,17.354803,16.646728515625,-0.0407999195508475,3,60mm,4.0232325
SubNetW8CleanAuxExDnRcK9Rr01QdEma,minbias,0,test,11.580596,11.792837142944336,0.018327310039787825,3,60mm,1.718608
SubNetW8CleanAuxExDnRcK9Rr01QdEma,minbias,0,test,10.712447,11.151469230651855,0.04098242515344541,3,60mm,1.0366178
SubNetW8CleanAuxExDnRcK9Rr01QdEma,minbias,0,test,15.459803,16.998981475830078,0.0995600581292273,2,40mm,1.4798105
SubNetW8CleanAuxExDnRcK9Rr01QdEma,minbias,0,test,34.1657,33.18796920776367,-0.028617292367311475,3,60mm,3.7987814
SubNetW8CleanAuxExDnRcK9Rr01QdEma,minbias,0,test,43.70504,43.53351974487305,-0.00392449550991214,2,40mm,4.1837983
SubNetW8CleanAuxExDnRcK9Rr01QdEma,minbias,0,test,78.69124,77.14395141601562,-0.019662760666877555,1,30mm,4.665717
SubNetW8CleanAuxExDnRcK9Rr01QdEma,minbias,0,test,20.930666,19.82726287841797,-0.05271705606597299,1,30mm,1.2338183
SubNetW8CleanAuxExDnRcK9Rr01QdEma,minbias,0,test,4.7540855,4.537185192108154,-0.04562398947245949,3,60mm,0.83681816
SubNetW8CleanAuxExDnRcK9Rr01QdEma,minbias,0,test,81.46301,82.713623046875,0.015351879462646822,0,15mm,2.9986193
SubNetW8CleanAuxExDnRcK9Rr01QdEma,minbias,0,test,29.038286,29.078176498413086,0.0013737136213682888,1,30mm,1.3491597
SubNetW8CleanAuxExDnRcK9Rr01QdEma,minbias,0,test,23.494778,23.244714736938477,-0.010643341508341786,3,60mm,2.8326929
SubNetW8CleanAuxExDnRcK9Rr01QdEma,minbias,0,test,13.72628,13.24276351928711,-0.035225617256331,3,60mm,1.7095314
SubNetW8CleanAuxExDnRcK9Rr01QdEma,minbias,0,test,35.02449,34.69873809814453,-0.009300699453028138,2,40mm,3.1369264
SubNetW8CleanAuxExDnRcK9Rr01QdEma,minbias,0,test,33.490532,33.55650329589844,0.0019698514991215443,2,40mm,2.5352707
SubNetW8CleanAuxExDnRcK9Rr01QdEma,minbias,0,test,92.8483,88.76876831054688,-0.04393757274146881,1,30mm,4.1222987
SubNetW8CleanAuxExDnRcK9Rr01QdEma,minbias,0,test,49.499577,57.66859817504883,0.16503215123716308,1,30mm,3.0760794
SubNetW8CleanAuxExDnRcK9Rr01QdEma,minbias,0,test,12.087036,12.784979820251465,0.0577431621590232,3,60mm,2.634026
SubNetW8CleanAuxExDnRcK9Rr01QdEma,minbias,0,test,7.773773,7.585951328277588,-0.024160965390941813,4,120mm,1.8702856
SubNetW8CleanAuxExDnRcK9Rr01QdEma,minbias,0,test,29.288452,28.7470760345459,-0.018484285586272686,2,40mm,4.6078057
SubNetW8CleanAuxExDnRcK9Rr01QdEma,minbias,0,test,40.0723,37.20673751831055,-0.07150980707421517,2,40mm,3.298514
SubNetW8CleanAuxExDnRcK9Rr01QdEma,minbias,0,test,23.239756,23.981090545654297,0.03189942815872038,1,30mm,1.2878876
SubNetW8CleanAuxExDnRcK9Rr01QdEma,minbias,0,test,5.5899777,5.361746788024902,-0.04082859785517967,2,40mm,0.6421512
SubNetW8CleanAuxExDnRcK9Rr01QdEma,minbias,0,test,75.94236,72.39594268798828,-0.04669880208966981,1,30mm,4.4541492
SubNetW8CleanAuxExDnRcK9Rr01QdEma,minbias,0,test,3.3756194,3.130537509918213,-0.07260353484093585,3,60mm,0.7728313
SubNetW8CleanAuxExDnRcK9Rr01QdEma,minbias,0,test,28.779915,28.771339416503906,-0.00029796611616272894,3,60mm,3.793815
SubNetW8CleanAuxExDnRcK9Rr01QdEma,minbias,0,test,23.7241,23.57301902770996,-0.006368253568565518,0,15mm,0.5267175
SubNetW8CleanAuxExDnRcK9Rr01QdEma,minbias,0,test,11.132852,7.834787368774414,-0.2962461326333403,2,40mm,0.71800214
SubNetW8CleanAuxExDnRcK9Rr01QdEma,minbias,0,test,88.64293,86.61003875732422,-0.022933474119012254,1,30mm,3.5798585
SubNetW8CleanAuxExDnRcK9Rr01QdEma,minbias,0,test,45.05161,47.278072357177734,0.0494202840996989,1,30mm,1.7952018
SubNetW8CleanAuxExDnRcK9Rr01QdEma,minbias,0,test,41.558178,40.219783782958984,-0.032205313878625796,1,30mm,2.3314888
SubNetW8CleanAuxExDnRcK9Rr01QdEma,minbias,0,test,7.889757,7.385728359222412,-0.06388394308721979,2,40mm,0.89961
SubNetW8CleanAuxExDnRcK9Rr01QdEma,minbias,0,test,11.828794,10.948667526245117,-0.07440539033323879,3,60mm,2.6444008
SubNetW8CleanAuxExDnRcK9Rr01QdEma,minbias,0,test,2.804949,4.438891887664795,0.5825213991999361,3,60mm,0.5472407
SubNetW8CleanAuxExDnRcK9Rr01QdEma,minbias,0,test,79.255875,79.68457794189453,0.005409104499651818,1,30mm,4.4612474
SubNetW8CleanAuxExDnRcK9Rr01QdEma,minbias,0,test,21.730251,22.226280212402344,0.02282665271647022,3,60mm,4.3389096
SubNetW8CleanAuxExDnRcK9Rr01QdEma,minbias,0,test,87.992355,84.89833068847656,-0.03516242571315453,0,15mm,3.8525167
SubNetW8CleanAuxExDnRcK9Rr01QdEma,minbias,0,test,65.34134,64.16610717773438,-0.017986039918640118,1,30mm,3.4794185
SubNetW8CleanAuxExDnRcK9Rr01QdEma,minbias,0,test,14.095572,14.262408256530762,0.011836041795963315,2,40mm,1.9848754
SubNetW8CleanAuxExDnRcK9Rr01QdEma,minbias,0,test,59.340424,58.427833557128906,-0.015378893033412222,1,30mm,2.9804568
SubNetW8CleanAuxExDnRcK9Rr01QdEma,minbias,0,test,42.992092,41.65032958984375,-0.031209519615542636,1,30mm,3.3595471
SubNetW8CleanAuxExDnRcK9Rr01QdEma,minbias,0,test,22.747505,22.227436065673828,-0.0228626883702866,3,60mm,2.2720897
SubNetW8CleanAuxExDnRcK9Rr01QdEma,minbias,0,test,28.90799,28.624345779418945,-0.00981194913312855,2,40mm,2.2428591
SubNetW8CleanAuxExDnRcK9Rr01QdEma,minbias,0,test,40.87927,41.699214935302734,0.020057753384927768,0,15mm,1.4594455
SubNetW8CleanAuxExDnRcK9Rr01QdEma,minbias,0,test,15.901315,16.625871658325195,0.04556585005508973,1,30mm,0.7081097
SubNetW8CleanAuxExDnRcK9Rr01QdEma,minbias,0,test,14.755598,14.726357460021973,-0.0019816620160096887,3,60mm,1.7522432
SubNetW8CleanAuxExDnRcK9Rr01QdEma,minbias,0,test,12.325843,12.466390609741211,0.01140268896876595,3,60mm,2.9349883
SubNetW8CleanAuxExDnRcK9Rr01QdEma,minbias,0,test,6.218444,6.019711971282959,-0.031958461537753724,3,60mm,1.188843
SubNetW8CleanAuxExDnRcK9Rr01QdEma,minbias,0,test,28.068785,26.85390281677246,-0.04328231198330923,3,60mm,3.422798
SubNetW8CleanAuxExDnRcK9Rr01QdEma,minbias,0,test,47.9642,47.28062057495117,-0.014251848347722973,2,40mm,4.9612617
SubNetW8CleanAuxExDnRcK9Rr01QdEma,minbias,0,test,5.027206,4.88332986831665,-0.028619491094171723,4,120mm,1.0745021
SubNetW8CleanAuxExDnRcK9Rr01QdEma,minbias,0,test,23.301046,39.6173210144043,0.7002378512464209,3,60mm,4.4950914
SubNetW8CleanAuxExDnRcK9Rr01QdEma,minbias,0,test,18.067717,18.376033782958984,0.017064535120816293,4,120mm,3.9324794
SubNetW8CleanAuxExDnRcK9Rr01QdEma,minbias,0,test,48.258797,53.93354797363281,0.11758998712645896,1,30mm,3.3855398
SubNetW8CleanAuxExDnRcK9Rr01QdEma,minbias,0,test,39.526257,38.74240493774414,-0.01983116266828655,3,60mm,4.036522
SubNetW8CleanAuxExDnRcK9Rr01QdEma,minbias,0,test,15.082403,14.77126693725586,-0.020629089539164203,2,40mm,1.4299234
SubNetW8CleanAuxExDnRcK9Rr01QdEma,minbias,0,test,37.527576,34.868370056152344,-0.07086006191125926,1,30mm,2.568715
SubNetW8CleanAuxExDnRcK9Rr01QdEma,minbias,0,test,14.454791,10.552638053894043,-0.26995568434725015,1,30mm,0.8973963
SubNetW8CleanAuxExDnRcK9Rr01QdEma,minbias,0,test,48.073486,47.950050354003906,-0.0025676518087035527,1,30mm,2.574218
SubNetW8CleanAuxExDnRcK9Rr01QdEma,minbias,0,test,14.7084255,14.293069839477539,-0.028239302823813595,2,40mm,1.0515596
SubNetW8CleanAuxExDnRcK9Rr01QdEma,minbias,0,test,83.41865,79.80866241455078,-0.0432755199015461,0,15mm,2.1806204
SubNetW8CleanAuxExDnRcK9Rr01QdEma,minbias,0,test,40.715588,40.55055236816406,-0.004053367701808974,1,30mm,3.9314663
SubNetW8CleanAuxExDnRcK9Rr01QdEma,minbias,0,test,7.7792354,7.917038440704346,0.017714218848945418,3,60mm,1.7794929
SubNetW8CleanAuxExDnRcK9Rr01QdEma,minbias,0,test,16.72002,17.04730987548828,0.019574711964468694,4,120mm,3.736646
SubNetW8CleanAuxExDnRcK9Rr01QdEma,minbias,0,test,39.0321,38.65354537963867,-0.009698563266667182,2,40mm,3.4080002
SubNetW8CleanAuxExDnRcK9Rr01QdEma,minbias,0,test,5.4387145,5.727819442749023,0.05315685136287107,3,60mm,0.8264136
SubNetW8CleanAuxExDnRcK9Rr01QdEma,minbias,0,test,20.199514,20.019336700439453,-0.008919901990139478,2,40mm,2.0668583
SubNetW8CleanAuxExDnRcK9Rr01QdEma,minbias,0,test,20.043442,18.69532585144043,-0.06725970201748366,1,30mm,1.3772967
SubNetW8CleanAuxExDnRcK9Rr01QdEma,minbias,0,test,18.997702,18.964962005615234,-0.0017233473761295581,2,40mm,1.3308063
SubNetW8CleanAuxExDnRcK9Rr01QdEma,minbias,0,test,32.37218,31.564605712890625,-0.02494658074965006,1,30mm,2.117935
SubNetW8CleanAuxExDnRcK9Rr01QdEma,minbias,0,test,9.939747,9.618553161621094,-0.0323140719476368,3,60mm,1.3191217
SubNetW8CleanAuxExDnRcK9Rr01QdEma,minbias,0,test,13.669565,15.034135818481445,0.09982545879333138,3,60mm,1.8511907
SubNetW8CleanAuxExDnRcK9Rr01QdEma,minbias,0,test,55.615665,54.635807037353516,-0.01761838846590369,1,30mm,4.133418
SubNetW8CleanAuxExDnRcK9Rr01QdEma,minbias,0,test,85.09134,82.52880859375,-0.03011505688288052,0,15mm,3.6020124
SubNetW8CleanAuxExDnRcK9Rr01QdEma,minbias,0,test,30.299528,29.280431747436523,-0.03363406751452047,2,40mm,4.0768023
SubNetW8CleanAuxExDnRcK9Rr01QdEma,minbias,0,test,19.490238,20.1610107421875,0.03441582119015929,3,60mm,4.2852035
SubNetW8CleanAuxExDnRcK9Rr01QdEma,minbias,0,test,13.882164,13.986183166503906,0.007493007936520968,2,40mm,1.1257964
SubNetW8CleanAuxExDnRcK9Rr01QdEma,minbias,0,test,8.128485,8.258100509643555,0.01594587282394433,4,120mm,1.666255
SubNetW8CleanAuxExDnRcK9Rr01QdEma,minbias,0,test,15.47823,17.909809112548828,0.15709668103729002,3,60mm,2.3928912
SubNetW8CleanAuxExDnRcK9Rr01QdEma,minbias,0,test,35.219875,36.97727966308594,0.04989808483539826,1,30mm,1.5260735
SubNetW8CleanAuxExDnRcK9Rr01QdEma,minbias,0,test,14.42907,17.069726943969727,0.18300946524902195,3,60mm,2.544787
SubNetW8CleanAuxExDnRcK9Rr01QdEma,minbias,0,test,5.759368,5.545651435852051,-0.037107632136059165,2,40mm,0.8820844
SubNetW8CleanAuxExDnRcK9Rr01QdEma,minbias,0,test,51.771873,57.63859939575195,0.11331878736363343,1,30mm,2.3036969
SubNetW8CleanAuxExDnRcK9Rr01QdEma,minbias,0,test,19.092775,19.207340240478516,0.006000431763357739,2,40mm,1.7656405
SubNetW8CleanAuxExDnRcK9Rr01QdEma,minbias,0,test,81.56852,32.638092041015625,-0.5998690155938227,0,15mm,3.0886035
SubNetW8CleanAuxExDnRcK9Rr01QdEma,minbias,0,test,87.68243,66.58386993408203,-0.24062468811753812,1,30mm,4.5709825
SubNetW8CleanAuxExDnRcK9Rr01QdEma,minbias,0,test,13.481394,13.648967742919922,0.012430015111487114,2,40mm,1.1123762
SubNetW8CleanAuxExDnRcK9Rr01QdEma,minbias,0,test,5.857977,5.676864147186279,-0.030917289183910124,3,60mm,0.63502616
SubNetW8CleanAuxExDnRcK9Rr01QdEma,minbias,0,test,10.277281,9.831172943115234,-0.04340718841257518,4,120mm,2.051276
SubNetW8CleanAuxExDnRcK9Rr01QdEma,minbias,0,test,18.007877,18.92632293701172,0.051002434618740544,4,120mm,4.2769904
SubNetW8CleanAuxExDnRcK9Rr01QdEma,minbias,0,test,23.240376,23.641212463378906,0.017247438375332935,3,60mm,3.6412637
SubNetW8CleanAuxExDnRcK9Rr01QdEma,minbias,0,test,68.53562,64.97581481933594,-0.051940972276722674,1,30mm,2.8802881
SubNetW8CleanAuxExDnRcK9Rr01QdEma,minbias,0,test,32.54281,31.869630813598633,-0.020685913400482203,3,60mm,4.714603
SubNetW8CleanAuxExDnRcK9Rr01QdEma,minbias,0,test,26.465012,26.038484573364258,-0.016116638443829046,2,40mm,2.5483272
SubNetW8CleanAuxExDnRcK9Rr01QdEma,minbias,0,test,13.6034355,14.366599082946777,0.05610079642540966,3,60mm,2.33985
SubNetW8CleanAuxExDnRcK9Rr01QdEma,minbias,0,test,21.195608,22.01340103149414,0.03858312944320974,4,120mm,4.177074
SubNetW8CleanAuxExDnRcK9Rr01QdEma,minbias,0,test,88.47387,86.29534149169922,-0.024623404047808828,0,15mm,3.3769546
SubNetW8CleanAuxExDnRcK9Rr01QdEma,minbias,0,test,6.4241185,5.908549785614014,-0.0802551714611397,3,60mm,0.70536065
SubNetW8CleanAuxExDnRcK9Rr01QdEma,minbias,0,test,20.871805,20.25284194946289,-0.02965547234231858,3,60mm,4.805113
SubNetW8CleanAuxExDnRcK9Rr01QdEma,minbias,0,test,31.86095,32.8277702331543,0.030344975555416376,2,40mm,4.3761888
SubNetW8CleanAuxExDnRcK9Rr01QdEma,minbias,0,test,39.973965,39.78949737548828,-0.004614686511558719,2,40mm,4.261026
SubNetW8CleanAuxExDnRcK9Rr01QdEma,minbias,0,test,7.0333776,6.433451175689697,-0.0852970651919972,4,120mm,1.5522012
SubNetW8CleanAuxExDnRcK9Rr01QdEma,minbias,0,test,55.778805,72.54564666748047,0.30059521631636654,0,15mm,1.3125503
SubNetW8CleanAuxExDnRcK9Rr01QdEma,minbias,0,test,10.3652115,10.028409957885742,-0.03249345460621278,4,120mm,2.0856018
SubNetW8CleanAuxExDnRcK9Rr01QdEma,minbias,0,test,12.008621,11.95704174041748,-0.0042952037936612175,3,60mm,1.9006727
SubNetW8CleanAuxExDnRcK9Rr01QdEma,minbias,0,test,48.23513,42.82725524902344,-0.11211486371598833,0,15mm,1.2892658
SubNetW8CleanAuxExDnRcK9Rr01QdEma,minbias,0,test,36.283264,36.21924591064453,-0.0017644016048042888,2,40mm,3.2170973
SubNetW8CleanAuxExDnRcK9Rr01QdEma,minbias,0,test,34.080074,33.65079116821289,-0.012596308863096262,2,40mm,3.0415435
SubNetW8CleanAuxExDnRcK9Rr01QdEma,minbias,0,test,12.69836,12.623509407043457,-0.0058945433473153175,4,120mm,2.8248436
SubNetW8CleanAuxExDnRcK9Rr01QdEma,minbias,0,test,23.663433,22.589567184448242,-0.0453808155013512,2,40mm,2.318603
SubNetW8CleanAuxExDnRcK9Rr01QdEma,minbias,0,test,3.9420712,4.0888352394104,0.03723018498879149,3,60mm,0.6020731
SubNetW8CleanAuxExDnRcK9Rr01QdEma,minbias,0,test,27.420876,36.74684143066406,0.3401045989423248,1,30mm,1.0885762
SubNetW8CleanAuxExDnRcK9Rr01QdEma,minbias,0,test,65.49629,63.648372650146484,-0.02821410807328828,0,15mm,1.9767187
SubNetW8CleanAuxExDnRcK9Rr01QdEma,minbias,0,test,20.159788,20.778432846069336,0.030687064284284915,3,60mm,2.7601821
SubNetW8CleanAuxExDnRcK9Rr01QdEma,minbias,0,test,22.710527,22.77560806274414,0.00286565967828456,3,60mm,4.215097
SubNetW8CleanAuxExDnRcK9Rr01QdEma,minbias,0,test,7.9635057,7.617964744567871,-0.0433905633314855,3,60mm,1.3873415
SubNetW8CleanAuxExDnRcK9Rr01QdEma,minbias,0,test,5.622453,5.598592758178711,-0.004243780011413678,4,120mm,1.3311393
SubNetW8CleanAuxExDnRcK9Rr01QdEma,minbias,0,test,53.81808,53.16292953491211,-0.01217344350088001,2,40mm,3.389382
SubNetW8CleanAuxExDnRcK9Rr01QdEma,minbias,0,test,12.013399,11.907696723937988,-0.00879870876803468,3,60mm,1.5822864
SubNetW8CleanAuxExDnRcK9Rr01QdEma,minbias,0,test,16.706512,17.251279830932617,0.0326080851017192,3,60mm,2.9031043
SubNetW8CleanAuxExDnRcK9Rr01QdEma,minbias,0,test,35.964764,35.87696838378906,-0.0024411465189611015,3,60mm,3.9306328
SubNetW8CleanAuxExDnRcK9Rr01QdEma,minbias,0,test,21.873934,20.72014617919922,-0.05274714753552878,1,30mm,1.2198592
SubNetW8CleanAuxExDnRcK9Rr01QdEma,minbias,0,test,24.113651,24.168479919433594,0.002273759505439621,3,60mm,3.612921
SubNetW8CleanAuxExDnRcK9Rr01QdEma,minbias,0,test,31.822556,30.598447799682617,-0.03846666999117243,1,30mm,1.9386588
SubNetW8CleanAuxExDnRcK9Rr01QdEma,minbias,0,test,8.920431,8.598231315612793,-0.03611931043699046,3,60mm,1.5048891
SubNetW8CleanAuxExDnRcK9Rr01QdEma,minbias,0,test,28.318909,28.637470245361328,0.011249075924022023,2,40mm,2.2355478
SubNetW8CleanAuxExDnRcK9Rr01QdEma,minbias,0,test,28.384245,27.941455841064453,-0.015599818808819221,2,40mm,4.723529
SubNetW8CleanAuxExDnRcK9Rr01QdEma,minbias,0,test,77.35489,76.56266021728516,-0.010241481951975828,1,30mm,4.931121
SubNetW8CleanAuxExDnRcK9Rr01QdEma,minbias,0,test,39.197754,40.21050262451172,0.02583690689736784,2,40mm,3.887246
SubNetW8CleanAuxExDnRcK9Rr01QdEma,minbias,0,test,24.136997,23.39415740966797,-0.030775982876927177,1,30mm,2.150024
SubNetW8CleanAuxExDnRcK9Rr01QdEma,minbias,0,test,8.136906,7.9459123611450195,-0.02347247427499044,3,60mm,1.0197773
SubNetW8CleanAuxExDnRcK9Rr01QdEma,minbias,0,test,39.42438,39.10758972167969,-0.008035421846342428,3,60mm,4.3288045
SubNetW8CleanAuxExDnRcK9Rr01QdEma,minbias,0,test,15.724802,15.638142585754395,-0.005511003023291772,3,60mm,1.8795307
SubNetW8CleanAuxExDnRcK9Rr01QdEma,minbias,0,test,5.89734,5.360429286956787,-0.09104283460242713,3,60mm,1.3796135
SubNetW8CleanAuxExDnRcK9Rr01QdEma,minbias,0,test,16.7671,16.909120559692383,0.008470229464044632,4,120mm,3.7283063
SubNetW8CleanAuxExDnRcK9Rr01QdEma,minbias,0,test,31.204924,30.63245391845703,-0.018345493105380806,3,60mm,3.5699027
SubNetW8CleanAuxExDnRcK9Rr01QdEma,minbias,0,test,85.623825,88.93612670898438,0.038684345541779575,1,30mm,4.6848226
SubNetW8CleanAuxExDnRcK9Rr01QdEma,minbias,0,test,8.287184,7.883330345153809,-0.04873228687341924,3,60mm,1.3153931
SubNetW8CleanAuxExDnRcK9Rr01QdEma,minbias,0,test,10.855239,10.995994567871094,0.01296661036114699,2,40mm,1.1997555
SubNetW8CleanAuxExDnRcK9Rr01QdEma,minbias,0,test,70.15653,72.69926452636719,0.03624369899506896,0,15mm,2.1892922
SubNetW8CleanAuxExDnRcK9Rr01QdEma,minbias,0,test,15.113388,15.609597206115723,0.03283242265548414,3,60mm,1.6022935
SubNetW8CleanAuxExDnRcK9Rr01QdEma,minbias,0,test,11.097017,10.668688774108887,-0.038598526340431594,4,120mm,2.4403498
SubNetW8CleanAuxExDnRcK9Rr01QdEma,minbias,0,test,77.446045,75.64463806152344,-0.023260153080364,1,30mm,4.0205793
SubNetW8CleanAuxExDnRcK9Rr01QdEma,minbias,0,test,27.881193,26.462900161743164,-0.05086916442481837,3,60mm,2.996905
SubNetW8CleanAuxExDnRcK9Rr01QdEma,minbias,0,test,3.917592,4.154517650604248,0.060477354205671796,4,120mm,0.7845647
SubNetW8CleanAuxExDnRcK9Rr01QdEma,minbias,0,test,6.9189487,6.491360187530518,-0.06179962945776962,4,120mm,1.5632744
SubNetW8CleanAuxExDnRcK9Rr01QdEma,minbias,0,test,24.398262,26.81440544128418,0.0990293249162193,3,60mm,3.7813787
SubNetW8CleanAuxExDnRcK9Rr01QdEma,minbias,0,test,8.146366,8.784429550170898,0.07832491462270808,2,40mm,0.89797384
SubNetW8CleanAuxExDnRcK9Rr01QdEma,minbias,0,test,28.548485,29.603017807006836,0.0369383178149536,0,15mm,0.81953293
SubNetW8CleanAuxExDnRcK9Rr01QdEma,minbias,0,test,62.23944,60.812347412109375,-0.02292908620018419,1,30mm,2.9894733
SubNetW8CleanAuxExDnRcK9Rr01QdEma,minbias,0,test,42.623833,45.19607162475586,0.060347433795178596,0,15mm,2.0124679
SubNetW8CleanAuxExDnRcK9Rr01QdEma,minbias,0,test,4.888814,4.995028018951416,0.02172593334013495,3,60mm,0.75810015
SubNetW8CleanAuxExDnRcK9Rr01QdEma,minbias,0,test,15.804919,15.37996768951416,-0.026887296721666676,1,30mm,1.4334012
SubNetW8CleanAuxExDnRcK9Rr01QdEma,minbias,0,test,50.552086,45.84489440917969,-0.09311567239358265,0,15mm,1.345377
SubNetW8CleanAuxExDnRcK9Rr01QdEma,minbias,0,test,43.178772,43.258243560791016,0.0018405245101711376,2,40mm,2.9579225
SubNetW8CleanAuxExDnRcK9Rr01QdEma,minbias,0,test,26.248934,25.55531120300293,-0.02642479098788031,3,60mm,4.7261734
SubNetW8CleanAuxExDnRcK9Rr01QdEma,minbias,0,test,9.994621,10.465977668762207,0.047161005790010035,3,60mm,2.314641
SubNetW8CleanAuxExDnRcK9Rr01QdEma,minbias,0,test,35.95138,35.43330383300781,-0.014410512922838126,2,40mm,2.4695644
SubNetW8CleanAuxExDnRcK9Rr01QdEma,minbias,0,test,16.35099,16.005104064941406,-0.02115383987267383,2,40mm,1.5998441
SubNetW8CleanAuxExDnRcK9Rr01QdEma,minbias,0,test,53.15111,52.15287399291992,-0.01878112385162245,2,40mm,4.100931
SubNetW8CleanAuxExDnRcK9Rr01QdEma,minbias,0,test,75.04822,71.6763687133789,-0.04492910238372139,1,30mm,3.5002813
SubNetW8CleanAuxExDnRcK9Rr01QdEma,minbias,0,test,24.389816,24.655664443969727,0.010899965653389465,1,30mm,1.4718249
SubNetW8CleanAuxExDnRcK9Rr01QdEma,minbias,0,test,36.00121,38.714656829833984,0.0753710118812172,0,15mm,0.87266314
SubNetW8CleanAuxExDnRcK9Rr01QdEma,minbias,0,test,51.724457,52.19352722167969,0.009068639164272696,2,40mm,3.899668
SubNetW8CleanAuxExDnRcK9Rr01QdEma,minbias,0,test,7.580136,7.456006050109863,-0.016375665963816233,3,60mm,1.3018281
SubNetW8CleanAuxExDnRcK9Rr01QdEma,minbias,0,test,6.786748,8.426456451416016,0.2416044525752481,2,40mm,0.8551156
SubNetW8CleanAuxExDnRcK9Rr01QdEma,minbias,0,test,46.092667,45.343875885009766,-0.016245333494000924,2,40mm,4.2246103
SubNetW8CleanAuxExDnRcK9Rr01QdEma,minbias,0,test,15.027292,14.233412742614746,-0.052829178782247466,3,60mm,2.7874076
SubNetW8CleanAuxExDnRcK9Rr01QdEma,minbias,0,test,38.825054,41.30257797241211,0.06381250089042223,0,15mm,0.89473265
SubNetW8CleanAuxExDnRcK9Rr01QdEma,minbias,0,test,11.575586,11.42848014831543,-0.012708312702331415,3,60mm,1.9402175
SubNetW8CleanAuxExDnRcK9Rr01QdEma,minbias,0,test,3.9457676,3.89764142036438,-0.012196922140631838,3,60mm,0.6243786
SubNetW8CleanAuxExDnRcK9Rr01QdEma,minbias,0,test,3.9560363,4.172610282897949,0.05474518826487529,3,60mm,0.6862797
SubNetW8CleanAuxExDnRcK9Rr01QdEma,minbias,0,test,4.1428514,4.127758026123047,-0.003643221849800926,3,60mm,0.7899954
SubNetW8CleanAuxExDnRcK9Rr01QdEma,minbias,0,test,5.8381543,6.570983409881592,0.12552410475536524,3,60mm,0.72607726
SubNetW8CleanAuxExDnRcK9Rr01QdEma,minbias,0,test,24.779818,25.44725799560547,0.02693483970340904,3,60mm,3.1310194
SubNetW8CleanAuxExDnRcK9Rr01QdEma,minbias,0,test,19.611872,19.53721046447754,-0.0038069418335583416,3,60mm,4.1361823
SubNetW8CleanAuxExDnRcK9Rr01QdEma,minbias,0,test,16.577015,16.164487838745117,-0.024885486697356907,4,120mm,3.9026785
SubNetW8CleanAuxExDnRcK9Rr01QdEma,minbias,0,test,17.813301,19.139833450317383,0.07446864326020153,3,60mm,3.1164026
SubNetW8CleanAuxExDnRcK9Rr01QdEma,minbias,0,test,13.065933,13.265073776245117,0.015241203612331722,3,60mm,3.1129057
SubNetW8CleanAuxExDnRcK9Rr01QdEma,minbias,0,test,14.282691,13.785012245178223,-0.034844887188831386,3,60mm,1.3952879
SubNetW8CleanAuxExDnRcK9Rr01QdEma,minbias,0,test,24.941193,25.360549926757812,0.016813843109952264,2,40mm,2.0497494
SubNetW8CleanAuxExDnRcK9Rr01QdEma,minbias,0,test,19.24822,18.883169174194336,-0.01896545556502327,2,40mm,1.829176
SubNetW8CleanAuxExDnRcK9Rr01QdEma,minbias,0,test,26.596235,25.54860496520996,-0.03939017305328063,3,60mm,4.6180973
SubNetW8CleanAuxExDnRcK9Rr01QdEma,minbias,0,test,35.966965,37.75144958496094,0.04961455260653724,2,40mm,4.685974
SubNetW8CleanAuxExDnRcK9Rr01QdEma,minbias,0,test,19.457163,19.825613021850586,0.01893647946012389,3,60mm,3.1269815
SubNetW8CleanAuxExDnRcK9Rr01QdEma,minbias,0,test,48.512413,50.40847396850586,0.03908403695833962,1,30mm,2.6748447
SubNetW8CleanAuxExDnRcK9Rr01QdEma,minbias,0,test,20.666445,22.534160614013672,0.09037431718877675,2,40mm,3.0703595
SubNetW8CleanAuxExDnRcK9Rr01QdEma,minbias,0,test,6.0612164,6.115163326263428,0.008900354110345399,3,60mm,0.92282665
SubNetW8CleanAuxExDnRcK9Rr01QdEma,minbias,0,test,18.619635,18.173168182373047,-0.023978260306159016,3,60mm,3.6161253
SubNetW8CleanAuxExDnRcK9Rr01QdEma,minbias,0,test,29.221354,29.36498260498047,0.004915209486955563,2,40mm,3.7271237
SubNetW8CleanAuxExDnRcK9Rr01QdEma,minbias,0,test,26.654537,26.35674476623535,-0.011172298076217113,3,60mm,4.8415184
SubNetW8CleanAuxExDnRcK9Rr01QdEma,minbias,0,test,77.69959,87.5254898071289,0.1264600867163297,0,15mm,2.7785842
SubNetW8CleanAuxExDnRcK9Rr01QdEma,minbias,0,test,6.3052125,6.2000603675842285,-0.016677016066488415,3,60mm,1.3901606
SubNetW8CleanAuxExDnRcK9Rr01QdEma,minbias,0,test,89.95839,91.02763366699219,0.01188598854756151,0,15mm,3.3166625
SubNetW8CleanAuxExDnRcK9Rr01QdEma,minbias,0,test,8.33953,8.08120346069336,-0.03097614982267405,3,60mm,1.5024415
SubNetW8CleanAuxExDnRcK9Rr01QdEma,minbias,0,test,20.90244,20.428300857543945,-0.022683393895992054,3,60mm,3.8312259
SubNetW8CleanAuxExDnRcK9Rr01QdEma,minbias,0,test,7.528169,7.487058639526367,-0.005460891585641114,2,40mm,1.0946099
SubNetW8CleanAuxExDnRcK9Rr01QdEma,minbias,0,test,68.2415,64.97509765625,-0.04786534817290977,0,15mm,1.3999839
SubNetW8CleanAuxExDnRcK9Rr01QdEma,minbias,0,test,51.426796,49.282127380371094,-0.041703328762532466,0,15mm,1.5499625
SubNetW8CleanAuxExDnRcK9Rr01QdEma,minbias,0,test,14.87894,14.648114204406738,-0.015513566823715852,3,60mm,3.107353
SubNetW8CleanAuxExDnRcK9Rr01QdEma,minbias,0,test,41.50116,42.451210021972656,0.022892139921024235,1,30mm,2.7600653
SubNetW8CleanAuxExDnRcK9Rr01QdEma,minbias,0,test,30.615557,30.614816665649414,-2.41723930214377e-05,3,60mm,4.3552165
SubNetW8CleanAuxExDnRcK9Rr01QdEma,minbias,0,test,17.962194,17.909515380859375,-0.0029327742808682444,4,120mm,3.906198
SubNetW8CleanAuxExDnRcK9Rr01QdEma,minbias,0,test,69.00169,95.14543151855469,0.3788854502172112,1,30mm,2.6406822
SubNetW8CleanAuxExDnRcK9Rr01QdEma,minbias,0,test,46.71965,53.296939849853516,0.1407820808480187,3,60mm,4.6879015
SubNetW8CleanAuxExDnRcK9Rr01QdEma,minbias,0,test,84.23046,85.61488342285156,0.016436123984455042,0,15mm,2.9029758
SubNetW8CleanAuxExDnRcK9Rr01QdEma,minbias,0,test,28.81714,28.368446350097656,-0.015570393873480692,2,40mm,4.640629
SubNetW8CleanAuxExDnRcK9Rr01QdEma,minbias,0,test,40.850754,42.0543327331543,0.029462833301272306,1,30mm,2.453336
SubNetW8CleanAuxExDnRcK9Rr01QdEma,minbias,0,test,21.208525,20.87883186340332,-0.015545298184475254,2,40mm,3.4560623
SubNetW8CleanAuxExDnRcK9Rr01QdEma,minbias,0,test,23.0207,23.028640747070312,0.0003449196680187505,1,30mm,1.7318772
SubNetW8CleanAuxExDnRcK9Rr01QdEma,minbias,0,test,7.715796,7.901243209838867,0.024034748479979662,4,120mm,1.6182239
SubNetW8CleanAuxExDnRcK9Rr01QdEma,minbias,0,test,16.278591,16.171937942504883,-0.006551747167728772,4,120mm,3.8808906
SubNetW8CleanAuxExDnRcK9Rr01QdEma,minbias,0,test,10.736966,13.863895416259766,0.2912302455250577,2,40mm,1.1569352
SubNetW8CleanAuxExDnRcK9Rr01QdEma,minbias,0,test,32.044895,32.097251892089844,0.0016338552424493002,2,40mm,2.9188974
SubNetW8CleanAuxExDnRcK9Rr01QdEma,minbias,0,test,47.69536,45.57650375366211,-0.04442475325224593,1,30mm,3.9210768
SubNetW8CleanAuxExDnRcK9Rr01QdEma,minbias,0,test,58.808224,56.497283935546875,-0.03929620115121579,2,40mm,4.6963882
SubNetW8CleanAuxExDnRcK9Rr01QdEma,minbias,0,test,9.002938,10.133146286010742,0.12553768352901118,4,120mm,2.1315925
SubNetW8CleanAuxExDnRcK9Rr01QdEma,minbias,0,test,9.928195,9.962408065795898,0.0034460509792693106,3,60mm,2.2487774
SubNetW8CleanAuxExDnRcK9Rr01QdEma,minbias,0,test,5.674946,5.217184543609619,-0.08066355191701291,2,40mm,0.53478825
SubNetW8CleanAuxExDnRcK9Rr01QdEma,minbias,0,test,26.533611,26.393186569213867,-0.005292333818360251,3,60mm,4.854316
SubNetW8CleanAuxExDnRcK9Rr01QdEma,minbias,0,test,4.5239625,3.586965560913086,-0.20711863488526983,3,60mm,0.8899444
SubNetW8CleanAuxExDnRcK9Rr01QdEma,minbias,0,test,53.988445,52.795082092285156,-0.0221040480692547,1,30mm,3.138231
SubNetW8CleanAuxExDnRcK9Rr01QdEma,minbias,0,test,2.8918831,2.8940296173095703,0.0007422438485809035,4,120mm,0.67002445
SubNetW8CleanAuxExDnRcK9Rr01QdEma,minbias,0,test,79.10603,74.93819427490234,-0.05268674050637179,0,15mm,2.5072427
SubNetW8CleanAuxExDnRcK9Rr01QdEma,minbias,0,test,5.0867214,5.114274024963379,0.005416574331238433,3,60mm,0.7484528
SubNetW8CleanAuxExDnRcK9Rr01QdEma,minbias,0,test,15.29635,14.835283279418945,-0.030142240491141004,3,60mm,1.966225
SubNetW8CleanAuxExDnRcK9Rr01QdEma,minbias,0,test,3.7188222,3.5318591594696045,-0.050274809940407894,3,60mm,0.5419656
SubNetW8CleanAuxExDnRcK9Rr01QdEma,minbias,0,test,69.213135,69.98664093017578,0.01117571349961377,0,15mm,2.2386916
SubNetW8CleanAuxExDnRcK9Rr01QdEma,minbias,0,test,29.12321,28.49637794494629,-0.0215234839330799,1,30mm,1.7280234
SubNetW8CleanAuxExDnRcK9Rr01QdEma,minbias,0,test,25.178051,25.50912094116211,0.013149149088484968,1,30mm,2.0625043
SubNetW8CleanAuxExDnRcK9Rr01QdEma,minbias,0,test,87.83992,86.81446075439453,-0.011674182866261207,0,15mm,2.8437982
SubNetW8CleanAuxExDnRcK9Rr01QdEma,minbias,0,test,41.102036,41.83986282348633,0.01795111340950961,2,40mm,3.9302084
SubNetW8CleanAuxExDnRcK9Rr01QdEma,minbias,0,test,63.469715,63.822601318359375,0.0055599146662757,1,30mm,4.890934
SubNetW8CleanAuxExDnRcK9Rr01QdEma,minbias,0,test,35.2011,34.09467697143555,-0.03143147354227038,2,40mm,3.5451348
SubNetW8CleanAuxExDnRcK9Rr01QdEma,minbias,0,test,23.142183,22.917978286743164,-0.009688153193943005,3,60mm,3.1899292
SubNetW8CleanAuxExDnRcK9Rr01QdEma,minbias,0,test,18.874166,20.32586097717285,0.07691436278251351,3,60mm,2.549697
SubNetW8CleanAuxExDnRcK9Rr01QdEma,minbias,0,test,5.327038,5.4275922775268555,0.01887624413602773,3,60mm,1.024179
SubNetW8CleanAuxExDnRcK9Rr01QdEma,minbias,0,test,65.8695,68.3876724243164,0.038229730726771605,0,15mm,1.3430681
SubNetW8CleanAuxExDnRcK9Rr01QdEma,minbias,0,test,16.769447,16.58403968811035,-0.011056276032129109,4,120mm,3.9071994
SubNetW8CleanAuxExDnRcK9Rr01QdEma,minbias,0,test,15.100848,14.74398422241211,-0.02363204840200006,3,60mm,2.4014466
SubNetW8CleanAuxExDnRcK9Rr01QdEma,minbias,0,test,59.082123,60.53423309326172,0.024577828650058864,0,15mm,1.4014233
SubNetW8CleanAuxExDnRcK9Rr01QdEma,minbias,0,test,48.85442,52.244693756103516,0.0693954419701952,1,30mm,3.190057
SubNetW8CleanAuxExDnRcK9Rr01QdEma,minbias,0,test,34.775707,35.240333557128906,0.013360657455050218,2,40mm,4.303415
SubNetW8CleanAuxExDnRcK9Rr01QdEma,minbias,0,test,23.443245,23.21051788330078,-0.009927254159380894,2,40mm,3.5436423
SubNetW8CleanAuxExDnRcK9Rr01QdEma,minbias,0,test,5.359876,5.298429012298584,-0.011464284205071396,3,60mm,1.1762093
SubNetW8CleanAuxExDnRcK9Rr01QdEma,minbias,0,test,16.58606,16.66025161743164,0.00447315691859318,3,60mm,1.9687399
SubNetW8CleanAuxExDnRcK9Rr01QdEma,minbias,0,test,43.791126,42.44068145751953,-0.030838320666930263,2,40mm,3.9603395
SubNetW8CleanAuxExDnRcK9Rr01QdEma,minbias,0,test,51.39785,48.59376907348633,-0.05455638633010629,2,40mm,3.1190023
SubNetW8CleanAuxExDnRcK9Rr01QdEma,minbias,0,test,13.292789,13.72541332244873,0.032545754564694995,3,60mm,2.1281865
SubNetW8CleanAuxExDnRcK9Rr01QdEma,minbias,0,test,39.62029,38.1583251953125,-0.03689936888498713,1,30mm,2.115479
SubNetW8CleanAuxExDnRcK9Rr01QdEma,minbias,0,test,15.620252,15.075413703918457,-0.034880228799999746,2,40mm,1.5588651
SubNetW8CleanAuxExDnRcK9Rr01QdEma,minbias,0,test,10.126604,10.220284461975098,0.009250917783787838,2,40mm,1.9137752
SubNetW8CleanAuxExDnRcK9Rr01QdEma,minbias,0,test,11.344758,11.286093711853027,-0.005171050958061696,1,30mm,0.77095705
SubNetW8CleanAuxExDnRcK9Rr01QdEma,minbias,0,test,45.15294,45.168575286865234,0.00034629958741438926,2,40mm,3.2161949
SubNetW8CleanAuxExDnRcK9Rr01QdEma,minbias,0,test,43.265167,37.03058624267578,-0.14410162705709828,2,40mm,4.691601
SubNetW8CleanAuxExDnRcK9Rr01QdEma,minbias,0,test,19.20709,18.15892219543457,-0.05457193993235587,3,60mm,2.5699942
SubNetW8CleanAuxExDnRcK9Rr01QdEma,minbias,0,test,32.525837,33.405540466308594,0.027046299322825096,2,40mm,2.8447337
SubNetW8CleanAuxExDnRcK9Rr01QdEma,minbias,0,test,52.01267,51.84663772583008,-0.0031921239234080634,2,40mm,4.795728
SubNetW8CleanAuxExDnRcK9Rr01QdEma,minbias,0,test,57.990784,56.55928039550781,-0.024685013803505074,1,30mm,2.6028824
SubNetW8CleanAuxExDnRcK9Rr01QdEma,minbias,0,test,94.64628,95.48365783691406,0.00884746310037099,0,15mm,4.938085
SubNetW8CleanAuxExDnRcK9Rr01QdEma,minbias,0,test,30.898684,30.833118438720703,-0.0021219385981650074,2,40mm,2.5050771
SubNetW8CleanAuxExDnRcK9Rr01QdEma,minbias,0,test,45.854164,45.0634880065918,-0.01724327838172357,1,30mm,2.1551416
SubNetW8CleanAuxExDnRcK9Rr01QdEma,minbias,0,test,9.493955,9.710396766662598,0.02279788728086296,3,60mm,2.1332147
SubNetW8CleanAuxExDnRcK9Rr01QdEma,minbias,0,test,18.618475,18.246923446655273,-0.019956065921810984,3,60mm,3.1618779
SubNetW8CleanAuxExDnRcK9Rr01QdEma,minbias,0,test,44.22169,43.24983596801758,-0.02197688823528343,1,30mm,2.7652931
SubNetW8CleanAuxExDnRcK9Rr01QdEma,minbias,0,test,36.24628,34.13441467285156,-0.058264350390375697,1,30mm,3.2356725
SubNetW8CleanAuxExDnRcK9Rr01QdEma,minbias,0,test,12.553945,13.013928413391113,0.03664058117111635,3,60mm,1.7687817
SubNetW8CleanAuxExDnRcK9Rr01QdEma,minbias,0,test,38.43469,37.60025405883789,-0.0217104532484641,2,40mm,3.149208
SubNetW8CleanAuxExDnRcK9Rr01QdEma,minbias,0,test,33.054882,33.12799835205078,0.0022119668247675417,1,30mm,2.027585
SubNetW8CleanAuxExDnRcK9Rr01QdEma,minbias,0,test,11.198491,10.735849380493164,-0.04131286188620131,2,40mm,1.3058918
SubNetW8CleanAuxExDnRcK9Rr01QdEma,minbias,0,test,26.191257,25.326658248901367,-0.03301098577152739,3,60mm,4.675664
SubNetW8CleanAuxExDnRcK9Rr01QdEma,minbias,0,test,25.969852,26.631412506103516,0.02547415546279641,3,60mm,2.7215946
SubNetW8CleanAuxExDnRcK9Rr01QdEma,minbias,0,test,83.90532,85.4798583984375,0.01876566586388817,1,30mm,4.2189336
SubNetW8CleanAuxExDnRcK9Rr01QdEma,minbias,0,test,73.92643,71.49715423583984,-0.03286071735046081,0,15mm,3.321856
SubNetW8CleanAuxExDnRcK9Rr01QdEma,minbias,0,test,56.133465,54.77205276489258,-0.02425312695144588,0,15mm,2.7066486
SubNetW8CleanAuxExDnRcK9Rr01QdEma,minbias,0,test,18.581251,18.40460777282715,-0.00950653808019708,3,60mm,2.1168015
SubNetW8CleanAuxExDnRcK9Rr01QdEma,minbias,0,test,55.686516,60.308956146240234,0.08300825201676454,0,15mm,1.9717394
SubNetW8CleanAuxExDnRcK9Rr01QdEma,minbias,0,test,15.41476,14.634546279907227,-0.05061469490576542,1,30mm,0.91241944
SubNetW8CleanAuxExDnRcK9Rr01QdEma,minbias,0,test,31.740133,31.24399757385254,-0.01563117921424173,1,30mm,2.579717
SubNetW8CleanAuxExDnRcK9Rr01QdEma,minbias,0,test,62.21047,67.049072265625,0.07777797059265201,0,15mm,1.3857644
SubNetW8CleanAuxExDnRcK9Rr01QdEma,minbias,0,test,46.374912,45.43124771118164,-0.02034860023994589,3,60mm,4.9130135
SubNetW8CleanAuxExDnRcK9Rr01QdEma,minbias,0,test,11.464842,10.776611328125,-0.06002965622831535,2,40mm,1.5619619
SubNetW8CleanAuxExDnRcK9Rr01QdEma,minbias,0,test,75.15239,72.0956802368164,-0.040673481027217795,0,15mm,2.1783233
SubNetW8CleanAuxExDnRcK9Rr01QdEma,minbias,0,test,6.132007,5.93679666519165,-0.03183467549255037,2,40mm,0.5179153
SubNetW8CleanAuxExDnRcK9Rr01QdEma,minbias,0,test,85.914024,86.1841812133789,0.0031445024533069965,1,30mm,3.6203363
SubNetW8CleanAuxExDnRcK9Rr01QdEma,minbias,0,test,4.6602736,4.730498790740967,0.015068909156802812,3,60mm,1.0807871
SubNetW8CleanAuxExDnRcK9Rr01QdEma,minbias,0,test,47.841812,46.92860794067383,-0.019087993376201373,2,40mm,4.6828203
SubNetW8CleanAuxExDnRcK9Rr01QdEma,minbias,0,test,70.92764,65.2531967163086,-0.08000330872656192,0,15mm,2.3975224
SubNetW8CleanAuxExDnRcK9Rr01QdEma,minbias,0,test,30.454235,32.51667022705078,0.06772244139241512,1,30mm,1.9754937
SubNetW8CleanAuxExDnRcK9Rr01QdEma,minbias,0,test,8.294309,7.548220157623291,-0.08995186159060375,4,120mm,1.8499721
SubNetW8CleanAuxExDnRcK9Rr01QdEma,minbias,0,test,52.86747,52.76046371459961,-0.002024043772625328,1,30mm,3.2537394
SubNetW8CleanAuxExDnRcK9Rr01QdEma,minbias,0,test,53.933556,50.18008041381836,-0.06959443239448315,1,30mm,3.0570261
SubNetW8CleanAuxExDnRcK9Rr01QdEma,minbias,0,test,39.15677,40.19985580444336,0.026638740570607444,2,40mm,4.9933195
SubNetW8CleanAuxExDnRcK9Rr01QdEma,minbias,0,test,32.994267,32.51232147216797,-0.014606932925621652,3,60mm,4.498033
SubNetW8CleanAuxExDnRcK9Rr01QdEma,minbias,0,test,87.170975,85.16922760009766,-0.02296345931102184,1,30mm,3.810077
SubNetW8CleanAuxExDnRcK9Rr01QdEma,minbias,0,test,52.17638,53.61620330810547,0.027595305505849765,0,15mm,1.5548909
SubNetW8CleanAuxExDnRcK9Rr01QdEma,minbias,0,test,5.8911233,5.404418468475342,-0.08261664236124233,3,60mm,0.6365164
SubNetW8CleanAuxExDnRcK9Rr01QdEma,minbias,0,test,6.1726804,6.182376861572266,0.0015708708402726312,3,60mm,1.4774418
SubNetW8CleanAuxExDnRcK9Rr01QdEma,minbias,0,test,5.871578,6.1387200355529785,0.045497447048757245,3,60mm,1.1585212
SubNetW8CleanAuxExDnRcK9Rr01QdEma,minbias,0,test,6.2625737,7.159417152404785,0.14320684651673887,3,60mm,0.89280844
SubNetW8CleanAuxExDnRcK9Rr01QdEma,minbias,0,test,20.08857,19.87594223022461,-0.010584497288124939,3,60mm,2.7633908
SubNetW8CleanAuxExDnRcK9Rr01QdEma,minbias,0,test,27.720173,27.088150024414062,-0.022800105192510967,1,30mm,1.9904585
SubNetW8CleanAuxExDnRcK9Rr01QdEma,minbias,0,test,28.70144,28.714618682861328,0.0004591362430481638,0,15mm,0.62013936
SubNetW8CleanAuxExDnRcK9Rr01QdEma,minbias,0,test,22.190044,22.006433486938477,-0.008274472678037603,3,60mm,3.6712441
SubNetW8CleanAuxExDnRcK9Rr01QdEma,minbias,0,test,52.44282,43.33952713012695,-0.1735851373308056,1,30mm,4.0026374
SubNetW8CleanAuxExDnRcK9Rr01QdEma,minbias,0,test,54.87722,52.3820686340332,-0.045467892010237376,1,30mm,2.554429
SubNetW8CleanAuxExDnRcK9Rr01QdEma,minbias,0,test,26.358143,29.042190551757812,0.1018299245878469,2,40mm,3.7056248
SubNetW8CleanAuxExDnRcK9Rr01QdEma,minbias,0,test,14.5265,15.032942771911621,0.03486338983645032,2,40mm,1.8031433
SubNetW8CleanAuxExDnRcK9Rr01QdEma,minbias,0,test,7.652172,7.93214750289917,0.03658770490700025,2,40mm,1.4850713
SubNetW8CleanAuxExDnRcK9Rr01QdEma,minbias,0,test,18.921371,22.44695472717285,0.18632810389417687,3,60mm,2.0253963
SubNetW8CleanAuxExDnRcK9Rr01QdEma,minbias,0,test,15.1606865,15.347113609313965,0.012296746356512678,3,60mm,2.344072
SubNetW8CleanAuxExDnRcK9Rr01QdEma,minbias,0,test,99.90218,106.91883850097656,0.07023525132425146,1,30mm,4.9398975
SubNetW8CleanAuxExDnRcK9Rr01QdEma,minbias,0,test,15.834793,15.366266250610352,-0.029588440942848404,2,40mm,3.3406708
SubNetW8CleanAuxExDnRcK9Rr01QdEma,minbias,0,test,4.3175807,4.622881889343262,0.07071117151978612,3,60mm,0.7742883
SubNetW8CleanAuxExDnRcK9Rr01QdEma,minbias,0,test,26.079489,26.001602172851562,-0.0029865072185565333,3,60mm,4.669445
SubNetW8CleanAuxExDnRcK9Rr01QdEma,minbias,0,test,83.46552,86.4969482421875,0.036319493074630005,0,15mm,3.2352962
SubNetW8CleanAuxExDnRcK9Rr01QdEma,minbias,0,test,19.414768,18.954252243041992,-0.023719880183870057,4,120mm,4.224864
SubNetW8CleanAuxExDnRcK9Rr01QdEma,minbias,0,test,13.481437,12.80659008026123,-0.05005747256126436,3,60mm,1.7120246
SubNetW8CleanAuxExDnRcK9Rr01QdEma,minbias,0,test,94.39523,90.0549087524414,-0.045980334565844494,0,15mm,4.4080377
SubNetW8CleanAuxExDnRcK9Rr01QdEma,minbias,0,test,8.464019,8.582286834716797,0.01397303284546636,3,60mm,1.2739252
SubNetW8CleanAuxExDnRcK9Rr01QdEma,minbias,0,test,7.6935873,7.947092533111572,0.03295019864735593,3,60mm,1.5877414
SubNetW8CleanAuxExDnRcK9Rr01QdEma,minbias,0,test,29.978815,30.308080673217773,0.010983275810523274,2,40mm,4.5878134
SubNetW8CleanAuxExDnRcK9Rr01QdEma,minbias,0,test,57.141506,35.15829086303711,-0.38471536359201763,1,30mm,2.5604424
SubNetW8CleanAuxExDnRcK9Rr01QdEma,minbias,0,test,61.638844,57.67047119140625,-0.0643810317860477,0,15mm,1.9506004
SubNetW8CleanAuxExDnRcK9Rr01QdEma,minbias,0,test,14.723365,14.712989807128906,-0.0007046638460680432,3,60mm,2.8773625
SubNetW8CleanAuxExDnRcK9Rr01QdEma,minbias,0,test,69.20989,66.59468078613281,-0.03778667183157236,0,15mm,3.7724211
SubNetW8CleanAuxExDnRcK9Rr01QdEma,minbias,0,test,38.58401,37.718910217285156,-0.02242122673170288,0,15mm,1.0264957
SubNetW8CleanAuxExDnRcK9Rr01QdEma,minbias,0,test,27.248873,25.46794891357422,-0.06535770706070876,2,40mm,2.2210321
SubNetW8CleanAuxExDnRcK9Rr01QdEma,minbias,0,test,7.174131,7.388105392456055,0.029825839303492696,3,60mm,0.7219584
SubNetW8CleanAuxExDnRcK9Rr01QdEma,minbias,0,test,94.30668,92.61431121826172,-0.01794536268001734,0,15mm,2.9931083
SubNetW8CleanAuxExDnRcK9Rr01QdEma,minbias,0,test,53.22041,51.69718551635742,-0.02862104772054952,2,40mm,4.8942566
SubNetW8CleanAuxExDnRcK9Rr01QdEma,minbias,0,test,38.727814,39.55655288696289,0.021399069212542088,2,40mm,3.4815557
SubNetW8CleanAuxExDnRcK9Rr01QdEma,minbias,0,test,3.5856614,3.55790376663208,-0.007741289951682773,4,120mm,0.8387222
SubNetW8CleanAuxExDnRcK9Rr01QdEma,minbias,0,test,11.837855,7.490821838378906,-0.36721461583768034,2,40mm,1.0071491
SubNetW8CleanAuxExDnRcK9Rr01QdEma,minbias,0,test,8.383401,8.342528343200684,-0.004875416821519041,3,60mm,1.175506
SubNetW8CleanAuxExDnRcK9Rr01QdEma,minbias,0,test,57.181625,57.381378173828125,0.003493304122397678,1,30mm,3.794066
SubNetW8CleanAuxExDnRcK9Rr01QdEma,minbias,0,test,31.491558,30.846506118774414,-0.020483329362158242,0,15mm,0.9608325
SubNetW8CleanAuxExDnRcK9Rr01QdEma,minbias,0,test,70.47171,64.64285278320312,-0.0827120188358218,0,15mm,1.5357496
SubNetW8CleanAuxExDnRcK9Rr01QdEma,minbias,0,test,44.49413,43.47160339355469,-0.02298113944866831,1,30mm,3.6661634
SubNetW8CleanAuxExDnRcK9Rr01QdEma,minbias,0,test,9.076928,11.390449523925781,0.2548793325046448,2,40mm,1.6496117
SubNetW8CleanAuxExDnRcK9Rr01QdEma,minbias,0,test,39.638348,23.182998657226562,-0.41513710722450436,0,15mm,0.97460026
SubNetW8CleanAuxExDnRcK9Rr01QdEma,minbias,0,test,4.10918,4.335408687591553,0.05505446717899187,3,60mm,0.62868434
SubNetW8CleanAuxExDnRcK9Rr01QdEma,minbias,0,test,15.038405,15.060892105102539,0.0014952839799780016,3,60mm,3.4539862
SubNetW8CleanAuxExDnRcK9Rr01QdEma,minbias,0,test,39.68887,38.65322494506836,-0.026094079899855793,3,60mm,4.651615
SubNetW8CleanAuxExDnRcK9Rr01QdEma,minbias,0,test,26.19832,26.21690559387207,0.0007094044504500907,3,60mm,3.3525848
SubNetW8CleanAuxExDnRcK9Rr01QdEma,minbias,0,test,17.446152,17.017213821411133,-0.024586391230689397,3,60mm,2.6167166
SubNetW8CleanAuxExDnRcK9Rr01QdEma,minbias,0,test,19.8443,20.951396942138672,0.05578920213207672,3,60mm,4.4935384
SubNetW8CleanAuxExDnRcK9Rr01QdEma,minbias,0,test,32.816257,32.742279052734375,-0.002254322392629682,2,40mm,2.5923598
SubNetW8CleanAuxExDnRcK9Rr01QdEma,minbias,0,test,14.246203,14.134015083312988,-0.007874964010119778,3,60mm,3.2089276
SubNetW8CleanAuxExDnRcK9Rr01QdEma,minbias,0,test,11.39328,11.170074462890625,-0.01959098396882153,3,60mm,2.1518292
SubNetW8CleanAuxExDnRcK9Rr01QdEma,minbias,0,test,25.407146,24.219423294067383,-0.0467476015831646,3,60mm,4.851104
SubNetW8CleanAuxExDnRcK9Rr01QdEma,minbias,0,test,13.303439,13.335073471069336,0.0023779062252884398,3,60mm,2.2407286
SubNetW8CleanAuxExDnRcK9Rr01QdEma,minbias,0,test,42.571533,41.01863479614258,-0.03647738970482817,2,40mm,3.983318
SubNetW8CleanAuxExDnRcK9Rr01QdEma,minbias,0,test,43.09016,43.017784118652344,-0.001679646828868786,0,15mm,2.4274163
SubNetW8CleanAuxExDnRcK9Rr01QdEma,minbias,0,test,15.966602,16.707061767578125,0.04637551728578493,3,60mm,2.6803186
SubNetW8CleanAuxExDnRcK9Rr01QdEma,minbias,0,test,47.351974,49.59063720703125,0.04727707226499622,2,40mm,4.001201
SubNetW8CleanAuxExDnRcK9Rr01QdEma,minbias,0,test,20.099756,19.912139892578125,-0.009334259879497764,0,15mm,0.5315034
SubNetW8CleanAuxExDnRcK9Rr01QdEma,minbias,0,test,24.314873,24.342430114746094,0.00113335460726538,3,60mm,4.203311
SubNetW8CleanAuxExDnRcK9Rr01QdEma,minbias,0,test,38.93013,38.987396240234375,0.0014710003625566515,2,40mm,3.787472
SubNetW8CleanAuxExDnRcK9Rr01QdEma,minbias,0,test,26.938265,26.78261375427246,-0.0057780667542800535,3,60mm,3.3824842
SubNetW8CleanAuxExDnRcK9Rr01QdEma,minbias,0,test,18.067123,18.060062408447266,-0.00039082063465389894,2,40mm,1.8806518
SubNetW8CleanAuxExDnRcK9Rr01QdEma,minbias,0,test,14.64023,15.399866104125977,0.05188688401848074,4,120mm,3.4626539
SubNetW8CleanAuxExDnRcK9Rr01QdEma,minbias,0,test,10.046774,10.28078842163086,0.02329250296588281,2,40mm,0.66718507
SubNetW8CleanAuxExDnRcK9Rr01QdEma,minbias,0,test,27.663404,27.23562240600586,-0.015463825476049298,3,60mm,3.4747932
SubNetW8CleanAuxExDnRcK9Rr01QdEma,minbias,0,test,8.86653,5.800581932067871,-0.3457889773847719,1,30mm,0.7844217
SubNetW8CleanAuxExDnRcK9Rr01QdEma,minbias,0,test,7.9802117,7.583736419677734,-0.0496823052158446,4,120mm,1.8665321
SubNetW8CleanAuxExDnRcK9Rr01QdEma,minbias,0,test,16.939438,20.37419319152832,0.20276678319820052,3,60mm,2.0384512
SubNetW8CleanAuxExDnRcK9Rr01QdEma,minbias,0,test,67.90514,68.40365600585938,0.007341303480504324,0,15mm,2.9569967
SubNetW8CleanAuxExDnRcK9Rr01QdEma,minbias,0,test,59.11005,60.31114196777344,0.020319586301563497,1,30mm,3.7924051
SubNetW8CleanAuxExDnRcK9Rr01QdEma,minbias,0,test,3.647358,3.898533582687378,0.0688650925132801,3,60mm,0.68082166
SubNetW8CleanAuxExDnRcK9Rr01QdEma,minbias,0,test,10.47543,10.789873123168945,0.03001725010023404,3,60mm,1.6958538
SubNetW8CleanAuxExDnRcK9Rr01QdEma,minbias,0,test,36.13657,37.39692306518555,0.03487749637521853,2,40mm,3.8453243
SubNetW8CleanAuxExDnRcK9Rr01QdEma,minbias,0,test,15.464577,15.137203216552734,-0.021169250897767222,3,60mm,2.4700875
SubNetW8CleanAuxExDnRcK9Rr01QdEma,minbias,0,test,8.741655,9.043496131896973,0.03452901882877368,3,60mm,1.7221676
SubNetW8CleanAuxExDnRcK9Rr01QdEma,minbias,0,test,22.113619,23.759395599365234,0.0744236734732604,4,120mm,4.42465
SubNetW8CleanAuxExDnRcK9Rr01QdEma,minbias,0,test,59.63938,59.48796081542969,-0.002538936348519094,0,15mm,1.6607322
SubNetW8CleanAuxExDnRcK9Rr01QdEma,minbias,0,test,15.775329,21.19420051574707,0.34350294720030927,0,15mm,0.6630032
SubNetW8CleanAuxExDnRcK9Rr01QdEma,minbias,0,test,85.13199,84.69098663330078,-0.005180213686167057,1,30mm,4.4703164
SubNetW8CleanAuxExDnRcK9Rr01QdEma,minbias,0,test,8.121788,8.520586967468262,0.04910235792206774,3,60mm,1.2686994
SubNetW8CleanAuxExDnRcK9Rr01QdEma,minbias,0,test,9.331971,9.387593269348145,0.00596038069831617,3,60mm,2.198381
SubNetW8CleanAuxExDnRcK9Rr01QdEma,minbias,0,test,22.355534,22.80579376220703,0.020140881913749853,2,40mm,1.6018531
SubNetW8CleanAuxExDnRcK9Rr01QdEma,minbias,0,test,83.68047,81.62432098388672,-0.024571471240363185,1,30mm,4.134718
SubNetW8CleanAuxExDnRcK9Rr01QdEma,minbias,0,test,30.977846,30.008214950561523,-0.03130079446163003,2,40mm,3.6201594
SubNetW8CleanAuxExDnRcK9Rr01QdEma,minbias,0,test,5.0876584,6.30837869644165,0.23993754963286795,3,60mm,1.2059748
SubNetW8CleanAuxExDnRcK9Rr01QdEma,minbias,0,test,68.97539,69.20353698730469,0.0033076931074904614,1,30mm,3.6594486
SubNetW8CleanAuxExDnRcK9Rr01QdEma,minbias,0,test,8.7057705,9.1725435256958,0.05361651028376335,3,60mm,1.3480552
SubNetW8CleanAuxExDnRcK9Rr01QdEma,minbias,0,test,19.498459,19.569358825683594,0.003636182935256249,2,40mm,3.4326882
SubNetW8CleanAuxExDnRcK9Rr01QdEma,minbias,0,test,66.12863,64.17565155029297,-0.029533047856779904,2,40mm,4.8677526
SubNetW8CleanAuxExDnRcK9Rr01QdEma,minbias,0,test,49.021988,50.53102111816406,0.030782782732930558,2,40mm,3.6560845
SubNetW8CleanAuxExDnRcK9Rr01QdEma,minbias,0,test,16.204037,15.67362117767334,-0.03273354315219368,3,60mm,3.4025357
SubNetW8CleanAuxExDnRcK9Rr01QdEma,minbias,0,test,54.55484,53.21706008911133,-0.024521747229467872,2,40mm,4.6958466
SubNetW8CleanAuxExDnRcK9Rr01QdEma,minbias,0,test,13.641502,11.688461303710938,-0.14316906028403498,2,40mm,0.8692227
SubNetW8CleanAuxExDnRcK9Rr01QdEma,minbias,0,test,17.034758,17.733205795288086,0.04100135716476294,2,40mm,3.355471
SubNetW8CleanAuxExDnRcK9Rr01QdEma,minbias,0,test,8.532025,7.442697525024414,-0.12767517314357368,3,60mm,0.9782988
SubNetW8CleanAuxExDnRcK9Rr01QdEma,minbias,0,test,71.59687,74.96914672851562,0.047100889833014525,0,15mm,3.3763747
SubNetW8CleanAuxExDnRcK9Rr01QdEma,minbias,0,test,13.801393,13.748394012451172,-0.0038400866125306576,2,40mm,1.073834
SubNetW8CleanAuxExDnRcK9Rr01QdEma,minbias,0,test,63.951996,62.53276824951172,-0.022192076748239975,0,15mm,2.7933698
SubNetW8CleanAuxExDnRcK9Rr01QdEma,minbias,0,test,7.583429,7.354240894317627,-0.030222208137363538,1,30mm,0.67753863
SubNetW8CleanAuxExDnRcK9Rr01QdEma,minbias,0,test,56.330738,73.1266860961914,0.29816666006400183,1,30mm,3.2163243
SubNetW8CleanAuxExDnRcK9Rr01QdEma,minbias,0,test,34.10576,33.50054931640625,-0.017745078081833232,1,30mm,1.93706
SubNetW8CleanAuxExDnRcK9Rr01QdEma,minbias,0,test,7.5816865,8.309837341308594,0.09604074830680265,2,40mm,0.9868601
SubNetW8CleanAuxExDnRcK9Rr01QdEma,minbias,0,test,25.979708,25.936037063598633,-0.001680952486882381,2,40mm,2.185769
SubNetW8CleanAuxExDnRcK9Rr01QdEma,minbias,0,test,56.426456,55.50575256347656,-0.016316882998530846,2,40mm,4.9973335
SubNetW8CleanAuxExDnRcK9Rr01QdEma,minbias,0,test,50.89369,51.23777770996094,0.00676094659698423,0,15mm,1.2382778
SubNetW8CleanAuxExDnRcK9Rr01QdEma,minbias,0,test,6.7952805,6.59821891784668,-0.02899976534545301,3,60mm,0.92065704
SubNetW8CleanAuxExDnRcK9Rr01QdEma,minbias,0,test,4.517124,4.457308769226074,-0.013241922176234655,3,60mm,0.6730717
SubNetW8CleanAuxExDnRcK9Rr01QdEma,minbias,0,test,11.318786,9.824321746826172,-0.13203394467438345,2,40mm,1.3177841
SubNetW8CleanAuxExDnRcK9Rr01QdEma,minbias,0,test,79.09004,77.49522399902344,-0.020164588013879325,1,30mm,4.845685
SubNetW8CleanAuxExDnRcK9Rr01QdEma,minbias,0,test,17.798439,17.222089767456055,-0.03238201156769083,3,60mm,4.22366
SubNetW8CleanAuxExDnRcK9Rr01QdEma,minbias,0,test,86.38772,83.92872619628906,-0.02846460186252575,0,15mm,2.530855
SubNetW8CleanAuxExDnRcK9Rr01QdEma,minbias,0,test,7.827762,7.609133243560791,-0.027929934484067886,4,120mm,1.657438
SubNetW8CleanAuxExDnRcK9Rr01QdEma,minbias,0,test,64.86473,64.881103515625,0.0002524126817964323,1,30mm,3.7563376
SubNetW8CleanAuxExDnRcK9Rr01QdEma,minbias,0,test,65.7748,66.20339965820312,0.00651611979026212,2,40mm,4.7171984
SubNetW8CleanAuxExDnRcK9Rr01QdEma,minbias,0,test,25.280155,28.026918411254883,0.10865294178804685,1,30mm,2.3523726
SubNetW8CleanAuxExDnRcK9Rr01QdEma,minbias,0,test,6.6145453,6.343778610229492,-0.040935048584864187,3,60mm,0.91251034
SubNetW8CleanAuxExDnRcK9Rr01QdEma,minbias,0,test,14.074176,13.50243091583252,-0.040623687350515914,2,40mm,2.270868
SubNetW8CleanAuxExDnRcK9Rr01QdEma,minbias,0,test,47.939278,88.41299438476562,0.8442704755011421,0,15mm,1.0858829
SubNetW8CleanAuxExDnRcK9Rr01QdEma,minbias,0,test,39.68006,39.53010559082031,-0.0037791209097577383,2,40mm,3.6161282
SubNetW8CleanAuxExDnRcK9Rr01QdEma,minbias,0,test,9.0385,9.076050758361816,0.004154552957440272,3,60mm,2.1461236
SubNetW8CleanAuxExDnRcK9Rr01QdEma,minbias,0,test,16.846184,16.921390533447266,0.004464320085070028,4,120mm,3.470584
SubNetW8CleanAuxExDnRcK9Rr01QdEma,minbias,0,test,31.51839,30.508974075317383,-0.03202627289041127,2,40mm,3.5592496
SubNetW8CleanAuxExDnRcK9Rr01QdEma,minbias,0,test,21.90307,21.285985946655273,-0.028173424570190453,3,60mm,3.9080586
SubNetW8CleanAuxExDnRcK9Rr01QdEma,minbias,0,test,15.763269,15.850812911987305,0.005553637712561343,3,60mm,2.4225583
SubNetW8CleanAuxExDnRcK9Rr01QdEma,minbias,0,test,85.454796,83.59437561035156,-0.02177081120866131,1,30mm,4.0113134
SubNetW8CleanAuxExDnRcK9Rr01QdEma,minbias,0,test,29.09193,27.016447067260742,-0.07134223457716904,1,30mm,1.264642
SubNetW8CleanAuxExDnRcK9Rr01QdEma,minbias,0,test,38.351963,40.23027038574219,0.04897552024684959,2,40mm,4.865384
SubNetW8CleanAuxExDnRcK9Rr01QdEma,minbias,0,test,66.362114,66.39801788330078,0.0005410305447726138,0,15mm,2.574779
SubNetW8CleanAuxExDnRcK9Rr01QdEma,minbias,0,test,57.528202,62.67047119140625,0.08938692590178166,1,30mm,3.3344424
SubNetW8CleanAuxExDnRcK9Rr01QdEma,minbias,0,test,4.240247,4.73826265335083,0.11744973990271745,3,60mm,0.5836318
SubNetW8CleanAuxExDnRcK9Rr01QdEma,minbias,0,test,27.115019,21.26409912109375,-0.21578151049948446,1,30mm,2.2689815
SubNetW8CleanAuxExDnRcK9Rr01QdEma,minbias,0,test,60.9748,58.337135314941406,-0.04325827702869678,0,15mm,1.8762299
SubNetW8CleanAuxExDnRcK9Rr01QdEma,minbias,0,test,27.303207,27.417234420776367,0.004176323376792412,2,40mm,4.5889573
SubNetW8CleanAuxExDnRcK9Rr01QdEma,minbias,0,test,63.46426,62.514076232910156,-0.014971952196264016,1,30mm,4.549784
SubNetW8CleanAuxExDnRcK9Rr01QdEma,minbias,0,test,13.663023,14.22561264038086,0.04117607396195,1,30mm,0.7000196
SubNetW8CleanAuxExDnRcK9Rr01QdEma,minbias,0,test,98.74898,99.29330444335938,0.005512227013574567,0,15mm,3.348334
SubNetW8CleanAuxExDnRcK9Rr01QdEma,minbias,0,test,22.571098,23.084041595458984,0.022725667150818474,2,40mm,3.0289233
SubNetW8CleanAuxExDnRcK9Rr01QdEma,minbias,0,test,35.05968,36.87031936645508,0.05164446393277533,1,30mm,3.5724087
SubNetW8CleanAuxExDnRcK9Rr01QdEma,minbias,0,test,60.4661,69.09327697753906,0.14267793632192638,1,30mm,4.3527346
SubNetW8CleanAuxExDnRcK9Rr01QdEma,minbias,0,test,10.624619,10.368950843811035,-0.02406370503881261,3,60mm,1.5064319
SubNetW8CleanAuxExDnRcK9Rr01QdEma,minbias,0,test,16.897675,16.630483627319336,-0.015812290162776743,3,60mm,3.4237049
SubNetW8CleanAuxExDnRcK9Rr01QdEma,minbias,0,test,27.352835,27.418777465820312,0.002410820121635071,2,40mm,2.69462
SubNetW8CleanAuxExDnRcK9Rr01QdEma,minbias,0,test,7.157191,7.607493877410889,0.06291617623436863,3,60mm,1.1718247
SubNetW8CleanAuxExDnRcK9Rr01QdEma,minbias,0,test,65.486275,65.63485717773438,0.002268909922470197,1,30mm,3.4086337
SubNetW8CleanAuxExDnRcK9Rr01QdEma,minbias,0,test,19.131979,18.490774154663086,-0.033514820101195664,1,30mm,1.7793013
SubNetW8CleanAuxExDnRcK9Rr01QdEma,minbias,0,test,7.8686357,7.61552095413208,-0.03216754612017836,3,60mm,1.298252
SubNetW8CleanAuxExDnRcK9Rr01QdEma,minbias,0,test,22.69543,23.499082565307617,0.035410291099830626,2,40mm,2.1405873
SubNetW8CleanAuxExDnRcK9Rr01QdEma,minbias,0,test,56.27193,55.98757553100586,-0.005053232758576831,1,30mm,3.753754
SubNetW8CleanAuxExDnRcK9Rr01QdEma,minbias,0,test,30.708921,31.004322052001953,0.00961937462232898,2,40mm,3.448333
SubNetW8CleanAuxExDnRcK9Rr01QdEma,minbias,0,test,23.732681,22.798513412475586,-0.03936208686818676,3,60mm,3.1714272
SubNetW8CleanAuxExDnRcK9Rr01QdEma,minbias,0,test,8.267579,8.54167652130127,0.033153289496071325,3,60mm,1.9364482
SubNetW8CleanAuxExDnRcK9Rr01QdEma,minbias,0,test,35.814137,35.51367950439453,-0.008389340915406662,2,40mm,3.0602279
SubNetW8CleanAuxExDnRcK9Rr01QdEma,minbias,0,test,16.041656,15.96748161315918,-0.00462389161671295,2,40mm,1.1405236
SubNetW8CleanAuxExDnRcK9Rr01QdEma,minbias,0,test,10.890782,10.464550018310547,-0.03913698061430604,3,60mm,1.8176008
SubNetW8CleanAuxExDnRcK9Rr01QdEma,minbias,0,test,8.969731,8.665725708007812,-0.03389238893002933,3,60mm,1.8869677
SubNetW8CleanAuxExDnRcK9Rr01QdEma,minbias,0,test,79.7915,77.23043823242188,-0.03209687954149143,1,30mm,3.964305
SubNetW8CleanAuxExDnRcK9Rr01QdEma,minbias,0,test,56.783054,55.607505798339844,-0.020702453696547107,1,30mm,2.3470833
SubNetW8CleanAuxExDnRcK9Rr01QdEma,minbias,0,test,57.968513,57.30099105834961,-0.01151525871970549,2,40mm,4.562651
SubNetW8CleanAuxExDnRcK9Rr01QdEma,minbias,0,test,47.49096,46.45769500732422,-0.021757070782932875,2,40mm,4.937374
SubNetW8CleanAuxExDnRcK9Rr01QdEma,minbias,0,test,5.6367517,5.528128623962402,-0.01927050090410176,4,120mm,1.1727026
SubNetW8CleanAuxExDnRcK9Rr01QdEma,minbias,0,test,44.495396,42.751853942871094,-0.039184767134928467,1,30mm,2.5497806
SubNetW8CleanAuxExDnRcK9Rr01QdEma,minbias,0,test,31.239943,30.740060806274414,-0.016001365673901313,2,40mm,4.980407
SubNetW8CleanAuxExDnRcK9Rr01QdEma,minbias,0,test,25.177462,24.790611267089844,-0.015364946746048047,2,40mm,2.2146866
SubNetW8CleanAuxExDnRcK9Rr01QdEma,minbias,0,test,64.51763,63.887001037597656,-0.009774545007334656,2,40mm,4.3150973
SubNetW8CleanAuxExDnRcK9Rr01QdEma,minbias,0,test,91.89275,82.49119567871094,-0.10231011210282615,0,15mm,1.8556073
SubNetW8CleanAuxExDnRcK9Rr01QdEma,minbias,0,test,21.128914,23.443485260009766,0.10954521343723522,2,40mm,1.47329
SubNetW8CleanAuxExDnRcK9Rr01QdEma,minbias,0,test,21.681004,21.12409019470215,-0.025686697298956895,2,40mm,2.4090486
SubNetW8CleanAuxExDnRcK9Rr01QdEma,minbias,0,test,25.879494,25.987337112426758,0.0041671371257197,3,60mm,3.2523782
SubNetW8CleanAuxExDnRcK9Rr01QdEma,minbias,0,test,17.658957,17.824012756347656,0.009346884589624072,4,120mm,4.1961308
SubNetW8CleanAuxExDnRcK9Rr01QdEma,minbias,0,test,72.77826,72.4493637084961,-0.004519145856378581,1,30mm,4.7529836
SubNetW8CleanAuxExDnRcK9Rr01QdEma,minbias,0,test,21.200827,20.95924186706543,-0.0113950640641729,2,40mm,2.5752566
SubNetW8CleanAuxExDnRcK9Rr01QdEma,minbias,0,test,10.381851,10.25647258758545,-0.01207671024493484,3,60mm,1.852865
SubNetW8CleanAuxExDnRcK9Rr01QdEma,minbias,0,test,71.62784,79.25164794921875,0.10643640814775335,1,30mm,4.4700484
SubNetW8CleanAuxExDnRcK9Rr01QdEma,minbias,0,test,31.397503,32.52976608276367,0.03606220492215262,2,40mm,2.5756538
SubNetW8CleanAuxExDnRcK9Rr01QdEma,minbias,0,test,4.41403,4.169795036315918,-0.055331530280357644,3,60mm,0.91848767
SubNetW8CleanAuxExDnRcK9Rr01QdEma,minbias,0,test,22.484531,22.006271362304688,-0.021270625200939586,3,60mm,4.6035485
SubNetW8CleanAuxExDnRcK9Rr01QdEma,minbias,0,test,62.702923,61.47502136230469,-0.01958284244970021,2,40mm,4.6979427
SubNetW8CleanAuxExDnRcK9Rr01QdEma,minbias,0,test,19.504023,18.986967086791992,-0.02651019854337955,4,120mm,4.6340175
SubNetW8CleanAuxExDnRcK9Rr01QdEma,minbias,0,test,39.741936,38.64677810668945,-0.0275567257400815,1,30mm,2.2382317
SubNetW8CleanAuxExDnRcK9Rr01QdEma,minbias,0,test,19.683601,18.966358184814453,-0.036438616122906886,2,40mm,2.250331
SubNetW8CleanAuxExDnRcK9Rr01QdEma,minbias,0,test,12.568404,12.680851936340332,0.00894685887553659,3,60mm,1.5431615
SubNetW8CleanAuxExDnRcK9Rr01QdEma,minbias,0,test,13.322121,13.209741592407227,-0.008435524411607886,2,40mm,2.3272703
SubNetW8CleanAuxExDnRcK9Rr01QdEma,minbias,0,test,16.317972,15.915738105773926,-0.024649758740675543,2,40mm,2.6283584
SubNetW8CleanAuxExDnRcK9Rr01QdEma,minbias,0,test,10.010164,10.028366088867188,0.0018183345975741894,3,60mm,1.4279456
SubNetW8CleanAuxExDnRcK9Rr01QdEma,minbias,0,test,35.7735,35.7017936706543,-0.0020044129715600656,3,60mm,4.235924
SubNetW8CleanAuxExDnRcK9Rr01QdEma,minbias,0,test,43.085197,43.4122200012207,0.007590137027441379,2,40mm,4.4037914
SubNetW8CleanAuxExDnRcK9Rr01QdEma,minbias,0,test,28.602102,28.322803497314453,-0.009764973903586882,2,40mm,3.0116484
SubNetW8CleanAuxExDnRcK9Rr01QdEma,minbias,0,test,26.41838,28.467422485351562,0.07756121650383663,2,40mm,2.209875
SubNetW8CleanAuxExDnRcK9Rr01QdEma,minbias,0,test,77.97607,77.49165344238281,-0.006212331144166527,1,30mm,4.3073053
SubNetW8CleanAuxExDnRcK9Rr01QdEma,minbias,0,test,25.615894,25.434494018554688,-0.007081552446421502,0,15mm,0.6318861
SubNetW8CleanAuxExDnRcK9Rr01QdEma,minbias,0,test,17.563238,20.034168243408203,0.1406876157596575,1,30mm,0.8074635
SubNetW8CleanAuxExDnRcK9Rr01QdEma,minbias,0,test,15.695538,15.240365028381348,-0.029000124195192045,4,120mm,3.1615825
SubNetW8CleanAuxExDnRcK9Rr01QdEma,minbias,0,test,11.937601,12.089384078979492,0.012714697732339353,3,60mm,1.8810402
SubNetW8CleanAuxExDnRcK9Rr01QdEma,minbias,0,test,23.370218,22.983570098876953,-0.016544482961953322,1,30mm,1.2657093
SubNetW8CleanAuxExDnRcK9Rr01QdEma,minbias,0,test,91.53237,93.2718734741211,0.01900422685679004,1,30mm,4.6672072
SubNetW8CleanAuxExDnRcK9Rr01QdEma,minbias,0,test,5.8106003,5.555689334869385,-0.04386998478217774,3,60mm,1.1088284
SubNetW8CleanAuxExDnRcK9Rr01QdEma,minbias,0,test,8.976117,9.194482803344727,0.024327408609794432,2,40mm,1.5487922
SubNetW8CleanAuxExDnRcK9Rr01QdEma,minbias,0,test,80.98053,80.61579895019531,-0.0045039324381870305,1,30mm,4.8653193
SubNetW8CleanAuxExDnRcK9Rr01QdEma,minbias,0,test,49.615692,50.328460693359375,0.014365788805190238,2,40mm,3.3531892
SubNetW8CleanAuxExDnRcK9Rr01QdEma,minbias,0,test,73.55281,72.62297058105469,-0.012641802256554868,1,30mm,4.102955
SubNetW8CleanAuxExDnRcK9Rr01QdEma,minbias,0,test,86.145874,100.01078033447266,0.16094684125281455,0,15mm,1.9867351
SubNetW8CleanAuxExDnRcK9Rr01QdEma,minbias,0,test,15.87779,19.83445167541504,0.24919469976401087,1,30mm,0.92864037
SubNetW8CleanAuxExDnRcK9Rr01QdEma,minbias,0,test,8.985506,8.733336448669434,-0.02806404085083547,3,60mm,1.4861895
SubNetW8CleanAuxExDnRcK9Rr01QdEma,minbias,0,test,74.9762,74.0469970703125,-0.01239325632321453,0,15mm,2.395284
SubNetW8CleanAuxExDnRcK9Rr01QdEma,minbias,0,test,65.606285,64.3123779296875,-0.01972230501467176,0,15mm,3.2087054
SubNetW8CleanAuxExDnRcK9Rr01QdEma,minbias,0,test,66.53514,67.97772979736328,0.021681607413184922,2,40mm,4.9445662
SubNetW8CleanAuxExDnRcK9Rr01QdEma,minbias,0,test,2.8120396,3.42230486869812,0.21701872619292173,4,120mm,0.58703846
SubNetW8CleanAuxExDnRcK9Rr01QdEma,minbias,0,test,76.54409,77.17315673828125,0.008218354481162704,0,15mm,3.426356
SubNetW8CleanAuxExDnRcK9Rr01QdEma,minbias,0,test,45.050186,46.5560302734375,0.03342592438920211,1,30mm,2.7674735
SubNetW8CleanAuxExDnRcK9Rr01QdEma,minbias,0,test,11.592237,12.712641716003418,0.09665125012525366,2,40mm,1.3012578
SubNetW8CleanAuxExDnRcK9Rr01QdEma,minbias,0,test,4.497155,4.9025397300720215,0.09014243971457336,2,40mm,0.5737688
SubNetW8CleanAuxExDnRcK9Rr01QdEma,minbias,0,test,7.698272,7.2155070304870605,-0.0627108503623568,4,120mm,1.5459555
SubNetW8CleanAuxExDnRcK9Rr01QdEma,minbias,0,test,20.021086,19.177600860595703,-0.04212982699990431,4,120mm,4.654545
SubNetW8CleanAuxExDnRcK9Rr01QdEma,minbias,0,test,31.840897,32.125431060791016,0.00893613197714127,2,40mm,4.503885
SubNetW8CleanAuxExDnRcK9Rr01QdEma,minbias,0,test,19.545593,17.441679000854492,-0.10764136103174227,1,30mm,1.3809359
SubNetW8CleanAuxExDnRcK9Rr01QdEma,minbias,0,test,16.057726,15.9440336227417,-0.007080223208023262,0,15mm,0.771781
SubNetW8CleanAuxExDnRcK9Rr01QdEma,minbias,0,test,35.163715,39.70649337768555,0.1291893637603212,3,60mm,4.1851544
SubNetW8CleanAuxExDnRcK9Rr01QdEma,minbias,0,test,14.459822,16.14039421081543,0.11622359836177054,2,40mm,1.0155938
SubNetW8CleanAuxExDnRcK9Rr01QdEma,minbias,0,test,6.0994463,5.940155029296875,-0.026115693072240487,3,60mm,0.8883506
SubNetW8CleanAuxExDnRcK9Rr01QdEma,minbias,0,test,14.553371,13.008570671081543,-0.10614727768415799,2,40mm,1.877934
SubNetW8CleanAuxExDnRcK9Rr01QdEma,minbias,0,test,30.268534,30.872249603271484,0.019945330106080128,3,60mm,4.100701
SubNetW8CleanAuxExDnRcK9Rr01QdEma,minbias,0,test,45.211685,50.85956954956055,0.12492089923938399,1,30mm,3.431919
SubNetW8CleanAuxExDnRcK9Rr01QdEma,minbias,0,test,8.160025,7.875192165374756,-0.034905835464095536,4,120mm,1.7964444
SubNetW8CleanAuxExDnRcK9Rr01QdEma,minbias,0,test,27.959192,27.14977264404297,-0.028950036323216022,3,60mm,4.36276
SubNetW8CleanAuxExDnRcK9Rr01QdEma,minbias,0,test,18.300966,17.397884368896484,-0.049346131835438456,3,60mm,2.8399324
SubNetW8CleanAuxExDnRcK9Rr01QdEma,minbias,0,test,17.090431,15.97079849243164,-0.06551225694473894,3,60mm,1.8479244
SubNetW8CleanAuxExDnRcK9Rr01QdEma,minbias,0,test,17.42525,20.41592025756836,0.17162860288080495,0,15mm,0.7497791
SubNetW8CleanAuxExDnRcK9Rr01QdEma,minbias,0,test,32.13241,31.731069564819336,-0.012490149368692971,1,30mm,2.6724598
SubNetW8CleanAuxExDnRcK9Rr01QdEma,minbias,0,test,15.464996,16.014741897583008,0.03554773293708813,3,60mm,2.6913311
SubNetW8CleanAuxExDnRcK9Rr01QdEma,minbias,0,test,44.066788,43.71140670776367,-0.008064599902838032,3,60mm,4.8423843
SubNetW8CleanAuxExDnRcK9Rr01QdEma,minbias,0,test,12.349114,15.297358512878418,0.23874133764152172,1,30mm,1.2140075
SubNetW8CleanAuxExDnRcK9Rr01QdEma,minbias,0,test,26.538141,26.237810134887695,-0.011316961232759604,3,60mm,3.7565947
SubNetW8CleanAuxExDnRcK9Rr01QdEma,minbias,0,test,62.909878,58.24694061279297,-0.07412090643107305,0,15mm,1.360458
SubNetW8CleanAuxExDnRcK9Rr01QdEma,minbias,0,test,8.233509,8.09154987335205,-0.017241638925760916,2,40mm,0.6247369
SubNetW8CleanAuxExDnRcK9Rr01QdEma,minbias,0,test,20.62914,20.854366302490234,0.010917829792510103,2,40mm,1.7278705
SubNetW8CleanAuxExDnRcK9Rr01QdEma,minbias,0,test,13.161832,11.197859764099121,-0.14921723003270515,1,30mm,0.942579
SubNetW8CleanAuxExDnRcK9Rr01QdEma,minbias,0,test,74.74724,85.64203643798828,0.14575519506964696,1,30mm,3.739527
SubNetW8CleanAuxExDnRcK9Rr01QdEma,minbias,0,test,24.420498,24.314563751220703,-0.00433791905164993,2,40mm,2.5177534
SubNetW8CleanAuxExDnRcK9Rr01QdEma,minbias,0,test,16.25644,16.0587158203125,-0.012162773540382643,2,40mm,3.0052023
SubNetW8CleanAuxExDnRcK9Rr01QdEma,minbias,0,test,18.085182,17.572315216064453,-0.02835840792149713,3,60mm,3.9911137
SubNetW8CleanAuxExDnRcK9Rr01QdEma,minbias,0,test,58.703926,59.11083984375,0.006931627651703298,1,30mm,4.1351852
SubNetW8CleanAuxExDnRcK9Rr01QdEma,minbias,0,test,53.519386,56.981685638427734,0.06469243365508204,1,30mm,2.343563
SubNetW8CleanAuxExDnRcK9Rr01QdEma,minbias,0,test,50.694534,50.15397262573242,-0.010663115530516798,2,40mm,4.5581594
SubNetW8CleanAuxExDnRcK9Rr01QdEma,minbias,0,test,13.978679,14.792832374572754,0.0582425341153292,2,40mm,1.4208525
SubNetW8CleanAuxExDnRcK9Rr01QdEma,minbias,0,test,21.002186,20.83369255065918,-0.00802265403733693,3,60mm,3.2232566
SubNetW8CleanAuxExDnRcK9Rr01QdEma,minbias,0,test,52.148045,52.322792053222656,0.003350987911967085,1,30mm,2.0498645
SubNetW8CleanAuxExDnRcK9Rr01QdEma,minbias,0,test,26.84331,25.3221378326416,-0.05666855554272621,2,40mm,4.8492227
SubNetW8CleanAuxExDnRcK9Rr01QdEma,minbias,0,test,54.60557,39.35626220703125,-0.27926288567212476,2,40mm,4.681558
SubNetW8CleanAuxExDnRcK9Rr01QdEma,minbias,0,test,85.97307,87.59049224853516,0.018813147470391867,0,15mm,2.8358388
SubNetW8CleanAuxExDnRcK9Rr01QdEma,minbias,0,test,23.907003,23.954565048217773,0.0019894440430965332,3,60mm,2.806706
SubNetW8CleanAuxExDnRcK9Rr01QdEma,minbias,0,test,35.690624,38.81031799316406,0.08740933572307985,0,15mm,0.83056056
SubNetW8CleanAuxExDnRcK9Rr01QdEma,minbias,0,test,73.278465,73.02703094482422,-0.0034312171419260684,1,30mm,3.099295
SubNetW8CleanAuxExDnRcK9Rr01QdEma,minbias,0,test,21.228062,21.614452362060547,0.018201882580336504,2,40mm,2.346733
SubNetW8CleanAuxExDnRcK9Rr01QdEma,minbias,0,test,22.572628,23.132354736328125,0.024796701321671666,3,60mm,2.8639984
SubNetW8CleanAuxExDnRcK9Rr01QdEma,minbias,0,test,17.407484,19.68217658996582,0.13067325112980988,1,30mm,1.5961279
SubNetW8CleanAuxExDnRcK9Rr01QdEma,minbias,0,test,10.229045,9.156250953674316,-0.10487723629771628,1,30mm,0.5406242
SubNetW8CleanAuxExDnRcK9Rr01QdEma,minbias,0,test,27.215364,26.39848518371582,-0.0300153714191963,2,40mm,2.978324
SubNetW8CleanAuxExDnRcK9Rr01QdEma,minbias,0,test,65.383385,64.1128921508789,-0.01943142832771938,1,30mm,3.6723778
SubNetW8CleanAuxExDnRcK9Rr01QdEma,minbias,0,test,24.266819,23.1335391998291,-0.046700797513000714,3,60mm,4.3789706
SubNetW8CleanAuxExDnRcK9Rr01QdEma,minbias,0,test,31.393763,30.022411346435547,-0.043682283644705056,3,60mm,3.842768
SubNetW8CleanAuxExDnRcK9Rr01QdEma,minbias,0,test,3.6466336,3.8157238960266113,0.04636886739469981,3,60mm,0.6072227
SubNetW8CleanAuxExDnRcK9Rr01QdEma,minbias,0,test,69.99895,72.84072875976562,0.040597490850583506,1,30mm,3.9272156
SubNetW8CleanAuxExDnRcK9Rr01QdEma,minbias,0,test,15.971217,16.466856002807617,0.031033254543266997,3,60mm,2.6344419
SubNetW8CleanAuxExDnRcK9Rr01QdEma,minbias,0,test,38.514565,38.25258255004883,-0.00680215309237131,2,40mm,4.7828994
SubNetW8CleanAuxExDnRcK9Rr01QdEma,minbias,0,test,70.99704,66.87702941894531,-0.05803073463171704,1,30mm,4.3485017
SubNetW8CleanAuxExDnRcK9Rr01QdEma,minbias,0,test,22.925426,22.25173568725586,-0.029386183781290542,3,60mm,2.5402098
SubNetW8CleanAuxExDnRcK9Rr01QdEma,minbias,0,test,26.727892,26.04403305053711,-0.025585963661322042,3,60mm,4.109832
SubNetW8CleanAuxExDnRcK9Rr01QdEma,minbias,0,test,24.800732,25.824665069580078,0.04128641947850009,2,40mm,2.8864646
SubNetW8CleanAuxExDnRcK9Rr01QdEma,minbias,0,test,85.837074,89.25267028808594,0.039791617281452085,1,30mm,4.1887083
SubNetW8CleanAuxExDnRcK9Rr01QdEma,minbias,0,test,8.187928,15.241717338562012,0.8614864428090312,1,30mm,0.6847149
SubNetW8CleanAuxExDnRcK9Rr01QdEma,minbias,0,test,15.195083,14.72206974029541,-0.031129341948217704,3,60mm,2.007798
SubNetW8CleanAuxExDnRcK9Rr01QdEma,minbias,0,test,21.469896,21.30524444580078,-0.007668964409519918,3,60mm,3.2271397
SubNetW8CleanAuxExDnRcK9Rr01QdEma,minbias,0,test,14.690372,14.653822898864746,-0.0024879946548851395,3,60mm,2.2958658
SubNetW8CleanAuxExDnRcK9Rr01QdEma,minbias,0,test,35.333595,35.36442184448242,0.0008724435869835734,2,40mm,4.4965963
SubNetW8CleanAuxExDnRcK9Rr01QdEma,minbias,0,test,43.23928,48.57067108154297,0.12329970097710463,1,30mm,2.6542268
SubNetW8CleanAuxExDnRcK9Rr01QdEma,minbias,0,test,75.9997,76.4401626586914,0.005795551704257829,1,30mm,4.277219
SubNetW8CleanAuxExDnRcK9Rr01QdEma,minbias,0,test,11.571767,11.165183067321777,-0.035135843226365315,2,40mm,0.8112296
SubNetW8CleanAuxExDnRcK9Rr01QdEma,minbias,0,test,19.62906,21.872190475463867,0.1142759584545403,2,40mm,3.1967185
SubNetW8CleanAuxExDnRcK9Rr01QdEma,minbias,0,test,57.814003,57.6651611328125,-0.0025744949356653057,1,30mm,2.7269378
SubNetW8CleanAuxExDnRcK9Rr01QdEma,minbias,0,test,37.810463,38.855934143066406,0.027650314484190863,2,40mm,3.9846473
SubNetW8CleanAuxExDnRcK9Rr01QdEma,minbias,0,test,11.155626,11.082365989685059,-0.006567117377509479,3,60mm,1.4149184
SubNetW8CleanAuxExDnRcK9Rr01QdEma,minbias,0,test,12.399269,12.452280044555664,0.004275327852561794,3,60mm,2.1922128
SubNetW8CleanAuxExDnRcK9Rr01QdEma,minbias,0,test,23.81233,31.216293334960938,0.3109298003391241,2,40mm,1.7613142
SubNetW8CleanAuxExDnRcK9Rr01QdEma,minbias,0,test,15.160303,15.102474212646484,-0.003814495182342559,3,60mm,2.5174022
SubNetW8CleanAuxExDnRcK9Rr01QdEma,minbias,0,test,22.734882,21.822660446166992,-0.04012432940429511,4,120mm,4.7414937
SubNetW8CleanAuxExDnRcK9Rr01QdEma,minbias,0,test,42.21394,40.86445617675781,-0.03196772205208853,3,60mm,4.5137734
SubNetW8CleanAuxExDnRcK9Rr01QdEma,minbias,0,test,31.92228,30.66246795654297,-0.03946495760037305,1,30mm,1.4219542
SubNetW8CleanAuxExDnRcK9Rr01QdEma,minbias,0,test,18.67654,17.895326614379883,-0.041828611975262,2,40mm,2.016037
SubNetW8CleanAuxExDnRcK9Rr01QdEma,minbias,0,test,57.236706,35.0127067565918,-0.3882822870492971,1,30mm,4.1545935
SubNetW8CleanAuxExDnRcK9Rr01QdEma,minbias,0,test,27.210922,26.931013107299805,-0.010286646348472872,3,60mm,4.9044685
SubNetW8CleanAuxExDnRcK9Rr01QdEma,minbias,0,test,11.923661,12.148369789123535,0.018845600588345057,3,60mm,2.3673584
SubNetW8CleanAuxExDnRcK9Rr01QdEma,minbias,0,test,18.466452,16.92843246459961,-0.08328720697800263,3,60mm,2.7172053
SubNetW8CleanAuxExDnRcK9Rr01QdEma,minbias,0,test,18.188152,17.77256202697754,-0.022849505496637446,2,40mm,1.8527378
SubNetW8CleanAuxExDnRcK9Rr01QdEma,minbias,0,test,9.381769,9.32528018951416,-0.006021144807348389,2,40mm,0.9548442
SubNetW8CleanAuxExDnRcK9Rr01QdEma,minbias,0,test,25.164488,27.859622955322266,0.10710073393297992,3,60mm,4.2464285
SubNetW8CleanAuxExDnRcK9Rr01QdEma,minbias,0,test,3.3560565,3.300215005874634,-0.016639006740468587,3,60mm,0.65516394
SubNetW8CleanAuxExDnRcK9Rr01QdEma,minbias,0,test,16.593359,16.053449630737305,-0.03253767745297853,3,60mm,2.3093076
SubNetW8CleanAuxExDnRcK9Rr01QdEma,minbias,0,test,25.639153,27.519943237304688,0.07335619648423264,1,30mm,2.2260165
SubNetW8CleanAuxExDnRcK9Rr01QdEma,minbias,0,test,20.54181,18.77930450439453,-0.08580084502773677,0,15mm,0.7242705
SubNetW8CleanAuxExDnRcK9Rr01QdEma,minbias,0,test,28.722761,28.689252853393555,-0.0011666114062428568,1,30mm,2.5237122
SubNetW8CleanAuxExDnRcK9Rr01QdEma,minbias,0,test,20.69702,19.253114700317383,-0.069763903509649,3,60mm,4.442213
SubNetW8CleanAuxExDnRcK9Rr01QdEma,minbias,0,test,18.41482,19.19215965270996,0.04221273665622305,1,30mm,1.8092817
SubNetW8CleanAuxExDnRcK9Rr01QdEma,minbias,0,test,21.620096,22.216724395751953,0.027596000655306208,2,40mm,2.5505426
SubNetW8CleanAuxExDnRcK9Rr01QdEma,minbias,0,test,47.745647,48.335540771484375,0.012354913438426207,1,30mm,2.027115
SubNetW8CleanAuxExDnRcK9Rr01QdEma,minbias,0,test,49.290276,50.29060363769531,0.020294633217631475,2,40mm,4.709324
SubNetW8CleanAuxExDnRcK9Rr01QdEma,minbias,0,test,64.452446,66.45877838134766,0.031128879080283944,2,40mm,4.6888447
SubNetW8CleanAuxExDnRcK9Rr01QdEma,minbias,0,test,25.937326,36.527889251708984,0.408313588083034,0,15mm,0.730619
SubNetW8CleanAuxExDnRcK9Rr01QdEma,minbias,0,test,71.82623,70.6935043334961,-0.01577040213256109,0,15mm,1.7686538
SubNetW8CleanAuxExDnRcK9Rr01QdEma,minbias,0,test,8.303631,8.397627830505371,0.011319988037195028,2,40mm,1.3931876
SubNetW8CleanAuxExDnRcK9Rr01QdEma,minbias,0,test,22.701094,22.399738311767578,-0.013274927026424632,2,40mm,1.5692573
SubNetW8CleanAuxExDnRcK9Rr01QdEma,minbias,0,test,46.081028,57.102176666259766,0.23916889799679053,1,30mm,2.711194
SubNetW8CleanAuxExDnRcK9Rr01QdEma,minbias,0,test,39.006535,38.552085876464844,-0.011650578675757028,0,15mm,1.722723
SubNetW8CleanAuxExDnRcK9Rr01QdEma,minbias,0,test,84.99961,83.5630111694336,-0.01690125067890702,1,30mm,3.62586
SubNetW8CleanAuxExDnRcK9Rr01QdEma,minbias,0,test,12.689392,12.354998588562012,-0.026352208121094955,4,120mm,2.8666189
SubNetW8CleanAuxExDnRcK9Rr01QdEma,minbias,0,test,8.725657,8.570446968078613,-0.017787828097992064,3,60mm,1.5054893
SubNetW8CleanAuxExDnRcK9Rr01QdEma,minbias,0,test,4.0453696,4.43531608581543,0.0963932833986838,4,120mm,0.88892865
SubNetW8CleanAuxExDnRcK9Rr01QdEma,minbias,0,test,68.62939,71.38530731201172,0.04015656462292738,1,30mm,3.5274847
SubNetW8CleanAuxExDnRcK9Rr01QdEma,minbias,0,test,30.412054,30.43417739868164,0.0007274528957159632,1,30mm,1.568271
SubNetW8CleanAuxExDnRcK9Rr01QdEma,minbias,0,test,80.37099,87.74834442138672,0.09179130136298408,1,30mm,3.6089191
SubNetW8CleanAuxExDnRcK9Rr01QdEma,minbias,0,test,30.936869,43.32208251953125,0.400338314294189,1,30mm,3.226837
SubNetW8CleanAuxExDnRcK9Rr01QdEma,minbias,0,test,6.5780206,6.2341742515563965,-0.0522720045198628,3,60mm,1.4995093
SubNetW8CleanAuxExDnRcK9Rr01QdEma,minbias,0,test,47.11076,45.775421142578125,-0.02834466266384983,1,30mm,3.9845593
SubNetW8CleanAuxExDnRcK9Rr01QdEma,minbias,0,test,70.22899,65.93781280517578,-0.06110262905573394,2,40mm,4.6838827
SubNetW8CleanAuxExDnRcK9Rr01QdEma,minbias,0,test,12.595783,16.642383575439453,0.3212662735405487,1,30mm,0.65561426
SubNetW8CleanAuxExDnRcK9Rr01QdEma,minbias,0,test,17.48641,16.997257232666016,-0.02797331781544654,2,40mm,1.6020741
SubNetW8CleanAuxExDnRcK9Rr01QdEma,minbias,0,test,16.329958,16.180583953857422,-0.009147237765460003,3,60mm,3.271866
SubNetW8CleanAuxExDnRcK9Rr01QdEma,minbias,0,test,53.791058,52.61316680908203,-0.021897520339510645,2,40mm,3.5332487
SubNetW8CleanAuxExDnRcK9Rr01QdEma,minbias,0,test,17.475721,20.514705657958984,0.17389750249691382,3,60mm,1.9790288
SubNetW8CleanAuxExDnRcK9Rr01QdEma,minbias,0,test,17.843672,17.723581314086914,-0.0067301442199720896,3,60mm,2.6578913
SubNetW8CleanAuxExDnRcK9Rr01QdEma,minbias,0,test,18.468267,18.24538803100586,-0.012068235989354581,3,60mm,1.8491412
SubNetW8CleanAuxExDnRcK9Rr01QdEma,minbias,0,test,34.834244,33.10050964355469,-0.04977097083223636,2,40mm,3.4116325
SubNetW8CleanAuxExDnRcK9Rr01QdEma,minbias,0,test,5.592143,5.749370098114014,0.028115704066331126,1,30mm,0.5672891
SubNetW8CleanAuxExDnRcK9Rr01QdEma,minbias,0,test,9.545438,9.392589569091797,-0.01601270122029741,3,60mm,1.4116974
SubNetW8CleanAuxExDnRcK9Rr01QdEma,minbias,0,test,11.2479315,10.744903564453125,-0.044721815458317105,2,40mm,1.5050583
SubNetW8CleanAuxExDnRcK9Rr01QdEma,minbias,0,test,77.38192,75.94464874267578,-0.018573732995366132,0,15mm,2.641941
SubNetW8CleanAuxExDnRcK9Rr01QdEma,minbias,0,test,24.625055,23.15412139892578,-0.0597332227473798,3,60mm,3.0011704
SubNetW8CleanAuxExDnRcK9Rr01QdEma,minbias,0,test,7.9072366,8.276533126831055,0.04670361727482231,4,120mm,1.7418716
SubNetW8CleanAuxExDnRcK9Rr01QdEma,minbias,0,test,29.019081,29.09212303161621,0.002517030625548644,3,60mm,3.957329
SubNetW8CleanAuxExDnRcK9Rr01QdEma,minbias,0,test,13.603788,12.759757995605469,-0.062043774640533345,1,30mm,1.3747735
SubNetW8CleanAuxExDnRcK9Rr01QdEma,minbias,0,test,45.715343,44.6739387512207,-0.022780201239936293,1,30mm,3.2119133
SubNetW8CleanAuxExDnRcK9Rr01QdEma,minbias,0,test,30.89091,30.66619873046875,-0.007274323428275831,2,40mm,3.8269496
SubNetW8CleanAuxExDnRcK9Rr01QdEma,minbias,0,test,7.0982924,6.965930938720703,-0.018646937250196505,2,40mm,0.81855553
SubNetW8CleanAuxExDnRcK9Rr01QdEma,minbias,0,test,59.810024,61.939273834228516,0.03560021249022327,1,30mm,2.526821
SubNetW8CleanAuxExDnRcK9Rr01QdEma,minbias,0,test,75.49923,72.9732894897461,-0.033456499628379044,1,30mm,4.723014
SubNetW8CleanAuxExDnRcK9Rr01QdEma,minbias,0,test,18.207836,18.25543975830078,0.002614457137170456,3,60mm,2.9552608
SubNetW8CleanAuxExDnRcK9Rr01QdEma,minbias,0,test,11.13228,11.199127197265625,0.006004775790235284,3,60mm,1.8342319
SubNetW8CleanAuxExDnRcK9Rr01QdEma,minbias,0,test,23.37155,26.250160217285156,0.12316729782363667,1,30mm,1.5539556
SubNetW8CleanAuxExDnRcK9Rr01QdEma,minbias,0,test,10.478086,10.032346725463867,-0.04254018587303077,2,40mm,2.036367
SubNetW8CleanAuxExDnRcK9Rr01QdEma,minbias,0,test,13.421423,12.73049259185791,-0.05147966565534856,3,60mm,2.3846061
SubNetW8CleanAuxExDnRcK9Rr01QdEma,minbias,0,test,17.412603,18.263498306274414,0.04886661170029982,3,60mm,2.2867591
SubNetW8CleanAuxExDnRcK9Rr01QdEma,minbias,0,test,10.963138,10.621429443359375,-0.03116883094288525,2,40mm,0.9503708
SubNetW8CleanAuxExDnRcK9Rr01QdEma,minbias,0,test,29.947262,29.27169418334961,-0.02255857751644963,3,60mm,4.9530563
SubNetW8CleanAuxExDnRcK9Rr01QdEma,minbias,0,test,39.969547,44.365501403808594,0.10998258504642733,0,15mm,1.0370533
SubNetW8CleanAuxExDnRcK9Rr01QdEma,minbias,0,test,14.932968,13.98437213897705,-0.06352360708202243,2,40mm,1.4763451
SubNetW8CleanAuxExDnRcK9Rr01QdEma,minbias,0,test,18.912895,18.881155014038086,-0.0016782300255229199,4,120mm,4.439308
SubNetW8CleanAuxExDnRcK9Rr01QdEma,minbias,0,test,15.479575,17.0489501953125,0.10138359885287329,3,60mm,3.6722884
SubNetW8CleanAuxExDnRcK9Rr01QdEma,minbias,0,test,11.217988,11.836906433105469,0.05517196293129101,2,40mm,1.0933137
SubNetW8CleanAuxExDnRcK9Rr01QdEma,minbias,0,test,34.510952,34.0288200378418,-0.013970404469450637,2,40mm,3.9241364
SubNetW8CleanAuxExDnRcK9Rr01QdEma,minbias,0,test,49.90248,49.34546661376953,-0.011162059546680592,1,30mm,2.3630662
SubNetW8CleanAuxExDnRcK9Rr01QdEma,minbias,0,test,16.586311,16.835418701171875,0.015018852337234545,2,40mm,1.4914123
SubNetW8CleanAuxExDnRcK9Rr01QdEma,minbias,0,test,9.860912,9.404809951782227,-0.04625356724367968,3,60mm,1.7564516
SubNetW8CleanAuxExDnRcK9Rr01QdEma,minbias,0,test,42.64739,44.797607421875,0.05041853771955873,2,40mm,2.8775933
SubNetW8CleanAuxExDnRcK9Rr01QdEma,minbias,0,test,87.07405,87.95486450195312,0.010115684173357176,1,30mm,4.4149704
SubNetW8CleanAuxExDnRcK9Rr01QdEma,minbias,0,test,25.028347,27.417449951171875,0.09545588185759213,2,40mm,2.4582937
SubNetW8CleanAuxExDnRcK9Rr01QdEma,minbias,0,test,14.039784,13.871562004089355,-0.011981838338717354,2,40mm,1.78669
SubNetW8CleanAuxExDnRcK9Rr01QdEma,minbias,0,test,15.845265,15.569844245910645,-0.017381920455444844,3,60mm,3.2412918
SubNetW8CleanAuxExDnRcK9Rr01QdEma,minbias,0,test,22.2796,28.061038970947266,0.25949473016995994,2,40mm,1.3836948
SubNetW8CleanAuxExDnRcK9Rr01QdEma,minbias,0,test,31.57941,31.869718551635742,0.009192951786424208,2,40mm,3.7822235
SubNetW8CleanAuxExDnRcK9Rr01QdEma,minbias,0,test,4.811828,4.612157344818115,-0.0414958277735854,3,60mm,0.9816196
SubNetW8CleanAuxExDnRcK9Rr01QdEma,minbias,0,test,16.756472,16.593008041381836,-0.009755251350080485,3,60mm,2.3041635
SubNetW8CleanAuxExDnRcK9Rr01QdEma,minbias,0,test,63.333374,62.321624755859375,-0.015974978171914733,1,30mm,3.2998705
SubNetW8CleanAuxExDnRcK9Rr01QdEma,minbias,0,test,10.1692505,10.248276710510254,0.007771096042925807,1,30mm,0.9202796
SubNetW8CleanAuxExDnRcK9Rr01QdEma,minbias,0,test,42.891712,42.48923873901367,-0.009383478279817226,2,40mm,3.9764962
SubNetW8CleanAuxExDnRcK9Rr01QdEma,minbias,0,test,12.275283,12.015178680419922,-0.021189261571648577,3,60mm,2.5986195
SubNetW8CleanAuxExDnRcK9Rr01QdEma,minbias,0,test,23.45223,23.896278381347656,0.018934144824179988,3,60mm,3.8917413
SubNetW8CleanAuxExDnRcK9Rr01QdEma,minbias,0,test,22.980295,23.020137786865234,0.0017337725767458956,2,40mm,3.8886955
SubNetW8CleanAuxExDnRcK9Rr01QdEma,minbias,0,test,49.538017,48.78501510620117,-0.015200490617117035,1,30mm,4.7758493
SubNetW8CleanAuxExDnRcK9Rr01QdEma,minbias,0,test,36.86565,39.43938064575195,0.06981378210862488,1,30mm,2.465135
SubNetW8CleanAuxExDnRcK9Rr01QdEma,minbias,0,test,30.9923,33.07278060913086,0.06712895052345424,1,30mm,3.170558
SubNetW8CleanAuxExDnRcK9Rr01QdEma,minbias,0,test,48.051216,47.945030212402344,-0.0022098486083812485,0,15mm,1.7140906
SubNetW8CleanAuxExDnRcK9Rr01QdEma,minbias,0,test,8.868571,8.592904090881348,-0.031083607697767968,3,60mm,1.1504434
SubNetW8CleanAuxExDnRcK9Rr01QdEma,minbias,0,test,4.4618344,4.920016765594482,0.10268922839177974,3,60mm,0.53272325
SubNetW8CleanAuxExDnRcK9Rr01QdEma,minbias,0,test,31.660967,34.614112854003906,0.09327403021723901,1,30mm,1.9412172
SubNetW8CleanAuxExDnRcK9Rr01QdEma,minbias,0,test,21.880438,20.456130981445312,-0.06509498937859948,1,30mm,1.1804518
SubNetW8CleanAuxExDnRcK9Rr01QdEma,minbias,0,test,38.617134,39.03947830200195,0.010936705109525047,2,40mm,3.548042
SubNetW8CleanAuxExDnRcK9Rr01QdEma,minbias,0,test,38.527077,39.58753204345703,0.02752493603238615,0,15mm,1.3734874
SubNetW8CleanAuxExDnRcK9Rr01QdEma,minbias,0,test,23.277527,22.99991798400879,-0.011926046662244172,3,60mm,3.1023257
SubNetW8CleanAuxExDnRcK9Rr01QdEma,minbias,0,test,6.207207,5.050440788269043,-0.18635859523100406,2,40mm,0.61831385
SubNetW8CleanAuxExDnRcK9Rr01QdEma,minbias,0,test,20.254786,19.787078857421875,-0.02309116921662091,3,60mm,3.3566542
SubNetW8CleanAuxExDnRcK9Rr01QdEma,minbias,0,test,7.016954,6.820969104766846,-0.02793018764620092,3,60mm,1.2721069
SubNetW8CleanAuxExDnRcK9Rr01QdEma,minbias,0,test,29.631592,27.11804962158203,-0.08482643094314124,1,30mm,1.2069042
SubNetW8CleanAuxExDnRcK9Rr01QdEma,minbias,0,test,40.033813,40.37459182739258,0.008512263040581614,1,30mm,2.4362774
SubNetW8CleanAuxExDnRcK9Rr01QdEma,minbias,0,test,36.056488,37.61565017700195,0.04324220756852104,1,30mm,3.5451593
SubNetW8CleanAuxExDnRcK9Rr01QdEma,minbias,0,test,40.56916,40.189369201660156,-0.009361575527961463,3,60mm,4.7989726
SubNetW8CleanAuxExDnRcK9Rr01QdEma,minbias,0,test,12.778882,12.056632995605469,-0.05651895287548636,4,120mm,3.0054026
SubNetW8CleanAuxExDnRcK9Rr01QdEma,minbias,0,test,4.2157483,4.184359550476074,-0.007445596203624838,3,60mm,0.7985377
SubNetW8CleanAuxExDnRcK9Rr01QdEma,minbias,0,test,18.21576,18.144948959350586,-0.003887310812304978,1,30mm,0.9514499
SubNetW8CleanAuxExDnRcK9Rr01QdEma,minbias,0,test,2.8753426,3.512486457824707,0.22158884602656648,3,60mm,0.6878992
SubNetW8CleanAuxExDnRcK9Rr01QdEma,minbias,0,test,15.206191,15.947717666625977,0.048764782753951685,2,40mm,1.5581626
SubNetW8CleanAuxExDnRcK9Rr01QdEma,minbias,0,test,34.914368,32.34983825683594,-0.0734519795048223,3,60mm,4.7532988
SubNetW8CleanAuxExDnRcK9Rr01QdEma,minbias,0,test,77.19127,76.54054260253906,-0.008430050800514843,1,30mm,4.569089
SubNetW8CleanAuxExDnRcK9Rr01QdEma,minbias,0,test,30.997372,31.794464111328125,0.025714839507616105,2,40mm,3.1844645
SubNetW8CleanAuxExDnRcK9Rr01QdEma,minbias,0,test,62.18536,60.828006744384766,-0.02182753644000901,1,30mm,3.9385424
SubNetW8CleanAuxExDnRcK9Rr01QdEma,minbias,0,test,61.63245,60.46513748168945,-0.018939902926220054,0,15mm,2.1822696
SubNetW8CleanAuxExDnRcK9Rr01QdEma,minbias,0,test,54.87649,65.6087875366211,0.19557183208169482,0,15mm,2.0282109
SubNetW8CleanAuxExDnRcK9Rr01QdEma,minbias,0,test,74.281,73.93384552001953,-0.004673506256420046,0,15mm,2.1518497
SubNetW8CleanAuxExDnRcK9Rr01QdEma,minbias,0,test,21.929235,22.30547523498535,0.017156994703509065,3,60mm,4.53424
SubNetW8CleanAuxExDnRcK9Rr01QdEma,minbias,0,test,14.09044,13.766091346740723,-0.023019043719898713,2,40mm,1.2729931
SubNetW8CleanAuxExDnRcK9Rr01QdEma,minbias,0,test,5.615884,5.509939670562744,-0.01886509050159113,3,60mm,1.0941056
SubNetW8CleanAuxExDnRcK9Rr01QdEma,minbias,0,test,26.071022,27.76716423034668,0.06505852338521145,2,40mm,1.762761
SubNetW8CleanAuxExDnRcK9Rr01QdEma,minbias,0,test,40.48224,40.595584869384766,0.0027998970239468957,2,40mm,2.815884
SubNetW8CleanAuxExDnRcK9Rr01QdEma,minbias,0,test,77.50833,79.46533966064453,0.02524900651352291,1,30mm,3.4455702
SubNetW8CleanAuxExDnRcK9Rr01QdEma,minbias,0,test,7.3063703,7.402833461761475,0.013202616349777818,3,60mm,1.1667454
SubNetW8CleanAuxExDnRcK9Rr01QdEma,minbias,0,test,29.644049,29.043006896972656,-0.020275293705405928,3,60mm,4.627643
SubNetW8CleanAuxExDnRcK9Rr01QdEma,minbias,0,test,46.314278,44.961265563964844,-0.029213714509748412,0,15mm,2.2082598
SubNetW8CleanAuxExDnRcK9Rr01QdEma,minbias,0,test,21.630354,21.289113998413086,-0.015775975295698186,3,60mm,3.1872647
SubNetW8CleanAuxExDnRcK9Rr01QdEma,minbias,0,test,28.759912,28.751001358032227,-0.00030984561637092956,3,60mm,4.3890386
SubNetW8CleanAuxExDnRcK9Rr01QdEma,minbias,0,test,9.710942,9.288291931152344,-0.0435231026546008,2,40mm,0.91035974
SubNetW8CleanAuxExDnRcK9Rr01QdEma,minbias,0,test,26.296717,25.92974853515625,-0.013954903923267703,3,60mm,3.401824
SubNetW8CleanAuxExDnRcK9Rr01QdEma,minbias,0,test,22.820919,22.664989471435547,-0.006832746971223935,3,60mm,3.1227758
SubNetW8CleanAuxExDnRcK9Rr01QdEma,minbias,0,test,5.8495946,6.748438358306885,0.15365915551259102,3,60mm,1.40555
SubNetW8CleanAuxExDnRcK9Rr01QdEma,minbias,0,test,81.54942,82.06074523925781,0.0062700875286256785,0,15mm,1.7484047
SubNetW8CleanAuxExDnRcK9Rr01QdEma,minbias,0,test,49.094837,48.0150146484375,-0.02199462514016215,2,40mm,4.515479
SubNetW8CleanAuxExDnRcK9Rr01QdEma,minbias,0,test,3.6995728,3.448118209838867,-0.06796854805588115,3,60mm,0.8479292
SubNetW8CleanAuxExDnRcK9Rr01QdEma,minbias,0,test,23.963985,23.528751373291016,-0.018162006935672714,3,60mm,4.5609946
SubNetW8CleanAuxExDnRcK9Rr01QdEma,minbias,0,test,51.129654,49.12948989868164,-0.03911945179004739,0,15mm,1.4979343
SubNetW8CleanAuxExDnRcK9Rr01QdEma,minbias,0,test,19.403442,19.552749633789062,0.00769488465143775,3,60mm,4.435095
SubNetW8CleanAuxExDnRcK9Rr01QdEma,minbias,0,test,22.932596,22.804584503173828,-0.00558208509571223,2,40mm,2.3752472
SubNetW8CleanAuxExDnRcK9Rr01QdEma,minbias,0,test,2.2795303,2.4983811378479004,0.09600699421600756,4,120mm,0.5056597
SubNetW8CleanAuxExDnRcK9Rr01QdEma,minbias,0,test,18.4507,17.137449264526367,-0.07117623945299523,4,120mm,4.135491
SubNetW8CleanAuxExDnRcK9Rr01QdEma,minbias,0,test,12.684449,12.569160461425781,-0.009088982316523997,1,30mm,1.1282107
SubNetW8CleanAuxExDnRcK9Rr01QdEma,minbias,0,test,56.527523,56.950931549072266,0.007490307119867756,2,40mm,4.012791
SubNetW8CleanAuxExDnRcK9Rr01QdEma,minbias,0,test,18.126959,17.582075119018555,-0.030059301873250677,3,60mm,2.1165824
SubNetW8CleanAuxExDnRcK9Rr01QdEma,minbias,0,test,59.75111,59.69468307495117,-0.0009443674248144074,1,30mm,3.879001
SubNetW8CleanAuxExDnRcK9Rr01QdEma,minbias,0,test,24.086119,23.49885368347168,-0.024381886596542945,3,60mm,4.029074
SubNetW8CleanAuxExDnRcK9Rr01QdEma,minbias,0,test,22.856068,23.178932189941406,0.014125987781855809,3,60mm,4.178453
SubNetW8CleanAuxExDnRcK9Rr01QdEma,minbias,0,test,14.2758875,15.765076637268066,0.10431499611239037,4,120mm,3.266317
SubNetW8CleanAuxExDnRcK9Rr01QdEma,minbias,0,test,80.791336,80.11193084716797,-0.008409382064202942,0,15mm,2.1283653
SubNetW8CleanAuxExDnRcK9Rr01QdEma,minbias,0,test,7.3259416,12.971258163452148,0.7705926333864306,4,120mm,1.6548262
SubNetW8CleanAuxExDnRcK9Rr01QdEma,minbias,0,test,26.432928,25.75652503967285,-0.025589410430461035,2,40mm,1.9468855
SubNetW8CleanAuxExDnRcK9Rr01QdEma,minbias,0,test,15.783757,16.165647506713867,0.024195145164768395,4,120mm,3.8055859
SubNetW8CleanAuxExDnRcK9Rr01QdEma,minbias,0,test,13.077726,13.496511459350586,0.032022775485142096,3,60mm,1.8134018
SubNetW8CleanAuxExDnRcK9Rr01QdEma,minbias,0,test,33.808357,34.848934173583984,0.030778689643671253,2,40mm,2.8784513
SubNetW8CleanAuxExDnRcK9Rr01QdEma,minbias,0,test,38.360443,34.890380859375,-0.0904593892577138,0,15mm,1.1010547
SubNetW8CleanAuxExDnRcK9Rr01QdEma,minbias,0,test,15.682954,16.769886016845703,0.06930659834747455,1,30mm,0.973099
SubNetW8CleanAuxExDnRcK9Rr01QdEma,minbias,0,test,84.725815,82.64190673828125,-0.024595904866755003,0,15mm,3.77915
SubNetW8CleanAuxExDnRcK9Rr01QdEma,minbias,0,test,29.528254,30.966535568237305,0.048708671857140784,2,40mm,2.4099975
SubNetW8CleanAuxExDnRcK9Rr01QdEma,minbias,0,test,12.922251,12.671102523803711,-0.01943533125775554,1,30mm,0.55567545
SubNetW8CleanAuxExDnRcK9Rr01QdEma,minbias,0,test,66.17661,66.12377166748047,-0.0007984873242155022,0,15mm,2.1457024
SubNetW8CleanAuxExDnRcK9Rr01QdEma,minbias,0,test,36.31715,37.10536193847656,0.021703570351552237,1,30mm,1.7108738
SubNetW8CleanAuxExDnRcK9Rr01QdEma,minbias,0,test,13.415393,13.277510643005371,-0.010277912390926902,4,120mm,3.1141808
SubNetW8CleanAuxExDnRcK9Rr01QdEma,minbias,0,test,26.71103,26.06555938720703,-0.024164911964006386,3,60mm,2.676448
SubNetW8CleanAuxExDnRcK9Rr01QdEma,minbias,0,test,27.339384,28.150569915771484,0.02967096239068856,3,60mm,3.6721761
SubNetW8CleanAuxExDnRcK9Rr01QdEma,minbias,0,test,38.066788,39.22291564941406,0.03037103992592427,2,40mm,3.9340978
SubNetW8CleanAuxExDnRcK9Rr01QdEma,minbias,0,test,38.93615,37.0194091796875,-0.04922778542077211,2,40mm,3.0360155
SubNetW8CleanAuxExDnRcK9Rr01QdEma,minbias,0,test,11.990753,11.962325096130371,-0.002370833365146985,3,60mm,2.2744234
SubNetW8CleanAuxExDnRcK9Rr01QdEma,minbias,0,test,26.557117,26.745874404907227,0.007107583984518939,1,30mm,1.6317587
SubNetW8CleanAuxExDnRcK9Rr01QdEma,minbias,0,test,10.903125,11.264389038085938,0.0331340083820566,1,30mm,0.956112
SubNetW8CleanAuxExDnRcK9Rr01QdEma,minbias,0,test,28.116018,26.727619171142578,-0.04938107201253983,2,40mm,4.257052
SubNetW8CleanAuxExDnRcK9Rr01QdEma,minbias,0,test,9.719316,11.407873153686523,0.17373215426552546,4,120mm,2.2768643
SubNetW8CleanAuxExDnRcK9Rr01QdEma,minbias,0,test,28.223555,28.32367706298828,0.003547478450587338,2,40mm,4.4452567
SubNetW8CleanAuxExDnRcK9Rr01QdEma,minbias,0,test,18.256943,19.4528751373291,0.06550562187470477,2,40mm,1.6807904
SubNetW8CleanAuxExDnRcK9Rr01QdEma,minbias,0,test,25.106924,24.948518753051758,-0.006309227828761865,3,60mm,4.3338246
SubNetW8CleanAuxExDnRcK9Rr01QdEma,minbias,0,test,18.01567,17.865861892700195,-0.008315476316513859,2,40mm,3.5067368
SubNetW8CleanAuxExDnRcK9Rr01QdEma,minbias,0,test,50.201893,49.428592681884766,-0.01540380505504313,2,40mm,4.701889
SubNetW8CleanAuxExDnRcK9Rr01QdEma,minbias,0,test,9.879093,9.502386093139648,-0.0381317465619202,4,120mm,2.1079054
SubNetW8CleanAuxExDnRcK9Rr01QdEma,minbias,0,test,21.94019,21.5427188873291,-0.018116091328697626,3,60mm,4.989014
SubNetW8CleanAuxExDnRcK9Rr01QdEma,minbias,0,test,29.03996,29.104249954223633,0.002213814726708563,3,60mm,4.9260945
SubNetW8CleanAuxExDnRcK9Rr01QdEma,minbias,0,test,62.34963,62.49821853637695,0.002383175194273779,1,30mm,4.208432
SubNetW8CleanAuxExDnRcK9Rr01QdEma,minbias,0,test,8.9170265,8.87597942352295,-0.004603226889749679,2,40mm,0.7046059
SubNetW8CleanAuxExDnRcK9Rr01QdEma,minbias,0,test,13.014142,15.261819839477539,0.17271040970248608,1,30mm,1.097413
SubNetW8CleanAuxExDnRcK9Rr01QdEma,minbias,0,test,29.391287,28.428817749023438,-0.03274674926160803,3,60mm,4.2406826
SubNetW8CleanAuxExDnRcK9Rr01QdEma,minbias,0,test,44.196194,43.681724548339844,-0.011640575889364957,2,40mm,3.9347734
SubNetW8CleanAuxExDnRcK9Rr01QdEma,minbias,0,test,29.10428,29.212299346923828,0.0037114429001852134,2,40mm,2.8769684
SubNetW8CleanAuxExDnRcK9Rr01QdEma,minbias,0,test,91.48738,89.26708984375,-0.02426882389545737,0,15mm,3.0619104
SubNetW8CleanAuxExDnRcK9Rr01QdEma,minbias,0,test,25.58075,25.01900291442871,-0.021959739570284964,2,40mm,3.6358836
SubNetW8CleanAuxExDnRcK9Rr01QdEma,minbias,0,test,74.7977,69.421142578125,-0.0718813074491701,1,30mm,4.3102317
SubNetW8CleanAuxExDnRcK9Rr01QdEma,minbias,0,test,32.932785,31.790103912353516,-0.03469737286537489,2,40mm,3.0231972
SubNetW8CleanAuxExDnRcK9Rr01QdEma,minbias,0,test,5.279416,4.349255561828613,-0.17618625007203026,2,40mm,0.7386769
SubNetW8CleanAuxExDnRcK9Rr01QdEma,minbias,0,test,37.91825,37.764404296875,-0.004057326920751447,1,30mm,3.5885596
SubNetW8CleanAuxExDnRcK9Rr01QdEma,minbias,0,test,81.56222,80.70257568359375,-0.010539708861764807,0,15mm,4.1585665
SubNetW8CleanAuxExDnRcK9Rr01QdEma,minbias,0,test,14.412052,14.181421279907227,-0.016002639468739366,3,60mm,2.3934326
SubNetW8CleanAuxExDnRcK9Rr01QdEma,minbias,0,test,47.584206,42.26399612426758,-0.11180620613546,2,40mm,4.888355
SubNetW8CleanAuxExDnRcK9Rr01QdEma,minbias,0,test,75.010155,83.44236755371094,0.11241428391399233,0,15mm,1.5824951
SubNetW8CleanAuxExDnRcK9Rr01QdEma,minbias,0,test,4.2207336,3.706454277038574,-0.1218459654387043,3,60mm,1.0041971
SubNetW8CleanAuxExDnRcK9Rr01QdEma,minbias,0,test,19.806717,27.158157348632812,0.37115895884066363,1,30mm,1.8217589
SubNetW8CleanAuxExDnRcK9Rr01QdEma,minbias,0,test,8.173913,8.015541076660156,-0.019375288838403226,2,40mm,0.8066208
SubNetW8CleanAuxExDnRcK9Rr01QdEma,minbias,0,test,39.340897,39.82999038696289,0.01243219709531096,0,15mm,1.631533
SubNetW8CleanAuxExDnRcK9Rr01QdEma,minbias,0,test,28.878853,28.8373966217041,-0.0014355217902102257,1,30mm,1.0281804
SubNetW8CleanAuxExDnRcK9Rr01QdEma,minbias,0,test,18.167282,17.692508697509766,-0.02613343065031315,2,40mm,1.7438259
SubNetW8CleanAuxExDnRcK9Rr01QdEma,minbias,0,test,19.48123,18.779224395751953,-0.03603496258729022,3,60mm,3.5810614
SubNetW8CleanAuxExDnRcK9Rr01QdEma,minbias,0,test,16.095352,15.649163246154785,-0.027721600739459173,3,60mm,3.8423092
SubNetW8CleanAuxExDnRcK9Rr01QdEma,minbias,0,test,24.621489,24.167203903198242,-0.018450739347284695,2,40mm,2.493435
SubNetW8CleanAuxExDnRcK9Rr01QdEma,minbias,0,test,30.886242,29.683345794677734,-0.03894601750379756,2,40mm,4.055084
SubNetW8CleanAuxExDnRcK9Rr01QdEma,minbias,0,test,17.718563,17.301239013671875,-0.023552929449289106,2,40mm,2.1890025
SubNetW8CleanAuxExDnRcK9Rr01QdEma,minbias,0,test,26.23116,24.912582397460938,-0.05026757689881867,1,30mm,1.7390924
SubNetW8CleanAuxExDnRcK9Rr01QdEma,minbias,0,test,32.071407,31.06828498840332,-0.0312777771103705,3,60mm,4.5162897
SubNetW8CleanAuxExDnRcK9Rr01QdEma,minbias,0,test,27.649426,26.714414596557617,-0.03381664873330792,2,40mm,4.5354137
SubNetW8CleanAuxExDnRcK9Rr01QdEma,minbias,0,test,19.735683,19.99118995666504,0.012946423480325375,3,60mm,2.668503
SubNetW8CleanAuxExDnRcK9Rr01QdEma,minbias,0,test,14.867883,15.527238845825195,0.04434768078855145,2,40mm,1.4746649
SubNetW8CleanAuxExDnRcK9Rr01QdEma,minbias,0,test,42.626183,44.21387481689453,0.037246878925897065,1,30mm,2.2097914
SubNetW8CleanAuxExDnRcK9Rr01QdEma,minbias,0,test,8.538457,8.2262601852417,-0.03656360096550726,4,120mm,1.7867213
SubNetW8CleanAuxExDnRcK9Rr01QdEma,minbias,0,test,22.27061,23.33748435974121,0.04790499728764819,2,40mm,1.9781302
SubNetW8CleanAuxExDnRcK9Rr01QdEma,minbias,0,test,7.649749,7.837587833404541,0.024554928021404798,2,40mm,0.9523835
SubNetW8CleanAuxExDnRcK9Rr01QdEma,minbias,0,test,12.947559,12.600475311279297,-0.026806908997164203,4,120mm,2.646308
SubNetW8CleanAuxExDnRcK9Rr01QdEma,minbias,0,test,8.27055,7.316407680511475,-0.11536622349319092,3,60mm,0.85600775
SubNetW8CleanAuxExDnRcK9Rr01QdEma,minbias,0,test,46.820892,45.609107971191406,-0.025881274413760202,2,40mm,3.4309087
SubNetW8CleanAuxExDnRcK9Rr01QdEma,minbias,0,test,59.263992,57.91520690917969,-0.02275893587028588,2,40mm,4.3891463
SubNetW8CleanAuxExDnRcK9Rr01QdEma,minbias,0,test,33.09467,33.23506164550781,0.004242142503851909,2,40mm,2.7857444
SubNetW8CleanAuxExDnRcK9Rr01QdEma,minbias,0,test,28.333849,28.341238021850586,0.0002607859107213173,2,40mm,3.1973038
SubNetW8CleanAuxExDnRcK9Rr01QdEma,minbias,0,test,16.656273,18.00387954711914,0.08090685521198293,1,30mm,0.96533406
SubNetW8CleanAuxExDnRcK9Rr01QdEma,minbias,0,test,9.50301,8.805752754211426,-0.07337223225994993,3,60mm,2.2503808
SubNetW8CleanAuxExDnRcK9Rr01QdEma,minbias,0,test,13.281848,13.888697624206543,0.04569015339741922,2,40mm,1.0501533
SubNetW8CleanAuxExDnRcK9Rr01QdEma,minbias,0,test,43.785503,44.417579650878906,0.01443574275793047,2,40mm,3.2331738
SubNetW8CleanAuxExDnRcK9Rr01QdEma,minbias,0,test,37.324036,37.048465728759766,-0.007383175774344775,3,60mm,3.799793
SubNetW8CleanAuxExDnRcK9Rr01QdEma,minbias,0,test,8.837551,8.755057334899902,-0.009334461657064641,3,60mm,1.6617025
SubNetW8CleanAuxExDnRcK9Rr01QdEma,minbias,0,test,69.40071,68.98461151123047,-0.005995609295453508,2,40mm,4.5064754
SubNetW8CleanAuxExDnRcK9Rr01QdEma,minbias,0,test,18.280415,17.999244689941406,-0.015380936253221678,3,60mm,2.8393328
SubNetW8CleanAuxExDnRcK9Rr01QdEma,minbias,0,test,15.564485,15.125033378601074,-0.02823422869763237,3,60mm,2.4498177
SubNetW8CleanAuxExDnRcK9Rr01QdEma,minbias,0,test,12.511968,12.28821849822998,-0.017882811630009043,3,60mm,2.3040924
SubNetW8CleanAuxExDnRcK9Rr01QdEma,minbias,0,test,17.783072,18.207971572875977,0.023893513249546805,1,30mm,1.1108669
SubNetW8CleanAuxExDnRcK9Rr01QdEma,minbias,0,test,20.586475,21.44647979736328,0.04177521452775723,4,120mm,4.9577518
SubNetW8CleanAuxExDnRcK9Rr01QdEma,minbias,0,test,6.3706694,5.724836826324463,-0.10137593110075238,3,60mm,0.8545636
SubNetW8CleanAuxExDnRcK9Rr01QdEma,minbias,0,test,7.8137975,9.837264060974121,0.25896071581373725,4,120mm,1.8459942
SubNetW8CleanAuxExDnRcK9Rr01QdEma,minbias,0,test,16.71548,16.513385772705078,-0.012090291275651421,3,60mm,3.9645057
SubNetW8CleanAuxExDnRcK9Rr01QdEma,minbias,0,test,55.400803,56.0113639831543,0.011020803707887161,2,40mm,3.830035
SubNetW8CleanAuxExDnRcK9Rr01QdEma,minbias,0,test,15.748396,15.344658851623535,-0.02563671057245065,2,40mm,1.805823
SubNetW8CleanAuxExDnRcK9Rr01QdEma,minbias,0,test,30.193583,28.295310974121094,-0.06287003400413627,1,30mm,1.9198123
SubNetW8CleanAuxExDnRcK9Rr01QdEma,minbias,0,test,18.353497,20.957807540893555,0.14189726639118794,1,30mm,0.7953997
SubNetW8CleanAuxExDnRcK9Rr01QdEma,minbias,0,test,35.97716,35.21528244018555,-0.021176739283465307,3,60mm,4.355955
SubNetW8CleanAuxExDnRcK9Rr01QdEma,minbias,0,test,12.648933,13.3468656539917,0.05517716163797903,3,60mm,1.5619335
SubNetW8CleanAuxExDnRcK9Rr01QdEma,minbias,0,test,13.762919,12.92736530303955,-0.060710529289919046,3,60mm,3.1620045
SubNetW8CleanAuxExDnRcK9Rr01QdEma,minbias,0,test,13.503108,13.304807662963867,-0.014685534713347326,4,120mm,3.1259584
SubNetW8CleanAuxExDnRcK9Rr01QdEma,minbias,0,test,41.91998,41.04134750366211,-0.02095973353889513,2,40mm,4.7133093
SubNetW8CleanAuxExDnRcK9Rr01QdEma,minbias,0,test,74.68441,72.94757843017578,-0.023255612018957983,1,30mm,3.933496
SubNetW8CleanAuxExDnRcK9Rr01QdEma,minbias,0,test,7.361075,6.784245491027832,-0.07836211957627548,4,120mm,1.7592089
SubNetW8CleanAuxExDnRcK9Rr01QdEma,minbias,0,test,13.706931,12.628913879394531,-0.0786475999493208,1,30mm,0.7276965
SubNetW8CleanAuxExDnRcK9Rr01QdEma,minbias,0,test,95.01182,93.29888153076172,-0.01802866673481407,0,15mm,3.304761
SubNetW8CleanAuxExDnRcK9Rr01QdEma,minbias,0,test,41.34011,54.33146667480469,0.31425546887154465,1,30mm,1.9352672
SubNetW8CleanAuxExDnRcK9Rr01QdEma,minbias,0,test,8.120145,8.281733512878418,0.019899727397294287,3,60mm,1.4725572
SubNetW8CleanAuxExDnRcK9Rr01QdEma,minbias,0,test,6.6704593,6.650635242462158,-0.002971913508695856,3,60mm,1.1026857
SubNetW8CleanAuxExDnRcK9Rr01QdEma,minbias,0,test,43.959106,42.56222152709961,-0.031776917939646765,0,15mm,1.380725
SubNetW8CleanAuxExDnRcK9Rr01QdEma,minbias,0,test,34.284904,34.737178802490234,0.013191645984426126,2,40mm,2.4430234
SubNetW8CleanAuxExDnRcK9Rr01QdEma,minbias,0,test,13.706838,14.116402626037598,0.02988034018196073,3,60mm,2.44282
SubNetW8CleanAuxExDnRcK9Rr01QdEma,minbias,0,test,6.274231,6.291171073913574,0.002699951117250521,3,60mm,0.8255689
SubNetW8CleanAuxExDnRcK9Rr01QdEma,minbias,0,test,10.376769,10.318354606628418,-0.005629349449504328,3,60mm,2.2697518
SubNetW8CleanAuxExDnRcK9Rr01QdEma,minbias,0,test,97.08045,94.89097595214844,-0.022553211989221778,0,15mm,2.4182708
SubNetW8CleanAuxExDnRcK9Rr01QdEma,minbias,0,test,29.517132,29.104347229003906,-0.013984576114547176,2,40mm,4.458349
SubNetW8CleanAuxExDnRcK9Rr01QdEma,minbias,0,test,10.120307,9.574913024902344,-0.05389104752197793,3,60mm,2.360049
SubNetW8CleanAuxExDnRcK9Rr01QdEma,minbias,0,test,7.7401156,7.0081586837768555,-0.09456666961759153,2,40mm,0.62461996
SubNetW8CleanAuxExDnRcK9Rr01QdEma,minbias,0,test,7.5941906,7.457879543304443,-0.01794938545182112,2,40mm,1.1165626
SubNetW8CleanAuxExDnRcK9Rr01QdEma,minbias,0,test,42.664894,37.06712341308594,-0.13120320133157537,2,40mm,4.804781
SubNetW8CleanAuxExDnRcK9Rr01QdEma,minbias,0,test,21.017963,20.200820922851562,-0.038878290472514676,4,120mm,4.7929926
SubNetW8CleanAuxExDnRcK9Rr01QdEma,minbias,0,test,54.956936,54.731815338134766,-0.004096308151433914,1,30mm,3.8074224
SubNetW8CleanAuxExDnRcK9Rr01QdEma,minbias,0,test,21.433256,21.528141021728516,0.004426992883190817,4,120mm,4.9499097
SubNetW8CleanAuxExDnRcK9Rr01QdEma,minbias,0,test,14.457749,14.26842975616455,-0.013094680630649669,2,40mm,1.844906
SubNetW8CleanAuxExDnRcK9Rr01QdEma,minbias,0,test,5.212444,6.358328819274902,0.219836419993364,3,60mm,0.6786467
SubNetW8CleanAuxExDnRcK9Rr01QdEma,minbias,0,test,10.324704,10.067547798156738,-0.024906899784292502,3,60mm,1.7207804
SubNetW8CleanAuxExDnRcK9Rr01QdEma,minbias,0,test,21.877737,21.58502960205078,-0.013379237652933917,3,60mm,3.3443701
SubNetW8CleanAuxExDnRcK9Rr01QdEma,minbias,0,test,39.816616,40.87375259399414,0.026550135101771177,3,60mm,4.589097
SubNetW8CleanAuxExDnRcK9Rr01QdEma,minbias,0,test,16.013779,15.504999160766602,-0.03177135988428548,3,60mm,2.5381489
SubNetW8CleanAuxExDnRcK9Rr01QdEma,minbias,0,test,55.55732,56.474334716796875,0.016505747246398528,1,30mm,2.6282172
SubNetW8CleanAuxExDnRcK9Rr01QdEma,minbias,0,test,67.723564,67.13641357421875,-0.008669812067890859,0,15mm,2.266614
SubNetW8CleanAuxExDnRcK9Rr01QdEma,minbias,0,test,53.045914,57.32080078125,0.0805884334359197,1,30mm,3.6340482
SubNetW8CleanAuxExDnRcK9Rr01QdEma,minbias,0,test,24.72566,23.590803146362305,-0.04589795228353866,2,40mm,2.176725
SubNetW8CleanAuxExDnRcK9Rr01QdEma,minbias,0,test,6.0471706,5.932187080383301,-0.01901443923419288,4,120mm,1.2910261
SubNetW8CleanAuxExDnRcK9Rr01QdEma,minbias,0,test,7.880461,7.844991683959961,-0.004500946206174583,3,60mm,1.2305554
SubNetW8CleanAuxExDnRcK9Rr01QdEma,minbias,0,test,49.08156,35.69784927368164,-0.2726830491365285,1,30mm,2.8236532
SubNetW8CleanAuxExDnRcK9Rr01QdEma,minbias,0,test,16.947414,16.29820442199707,-0.03830731703034873,2,40mm,2.5595682
SubNetW8CleanAuxExDnRcK9Rr01QdEma,minbias,0,test,9.593255,9.337506294250488,-0.026659225427882016,3,60mm,1.4506819
SubNetW8CleanAuxExDnRcK9Rr01QdEma,minbias,0,test,8.003491,7.843382358551025,-0.020004899747612992,3,60mm,1.1726002
SubNetW8CleanAuxExDnRcK9Rr01QdEma,minbias,0,test,34.373295,33.29805374145508,-0.03128129247355904,0,15mm,0.8059717
SubNetW8CleanAuxExDnRcK9Rr01QdEma,minbias,0,test,18.485497,19.6656551361084,0.06384240822375875,2,40mm,1.591523
SubNetW8CleanAuxExDnRcK9Rr01QdEma,minbias,0,test,44.29939,43.50413513183594,-0.017951799644857935,2,40mm,3.7949295
SubNetW8CleanAuxExDnRcK9Rr01QdEma,minbias,0,test,92.41412,92.32339477539062,-0.0009817629199405653,1,30mm,4.404774
SubNetW8CleanAuxExDnRcK9Rr01QdEma,minbias,0,test,11.715953,12.240776062011719,0.0447956042893376,4,120mm,2.7330954
SubNetW8CleanAuxExDnRcK9Rr01QdEma,minbias,0,test,13.96626,12.75187873840332,-0.08695106791303464,1,30mm,0.70959157
SubNetW8CleanAuxExDnRcK9Rr01QdEma,minbias,0,test,13.941803,15.15344524383545,0.08690714301349467,3,60mm,2.6238165
SubNetW8CleanAuxExDnRcK9Rr01QdEma,minbias,0,test,83.134224,80.55152130126953,-0.031066659606340252,1,30mm,4.980082
SubNetW8CleanAuxExDnRcK9Rr01QdEma,minbias,0,test,36.382526,36.2460823059082,-0.0037502643523260604,3,60mm,3.901423
SubNetW8CleanAuxExDnRcK9Rr01QdEma,minbias,0,test,8.483067,9.389824867248535,0.10689039183194415,2,40mm,1.1953028
SubNetW8CleanAuxExDnRcK9Rr01QdEma,minbias,0,test,91.28649,89.52861785888672,-0.019256666658030386,0,15mm,1.8579203
SubNetW8CleanAuxExDnRcK9Rr01QdEma,minbias,0,test,42.352592,41.49403381347656,-0.020271690698238753,3,60mm,4.59432
SubNetW8CleanAuxExDnRcK9Rr01QdEma,minbias,0,test,43.258,44.302066802978516,0.02413582220184174,2,40mm,4.919313
SubNetW8CleanAuxExDnRcK9Rr01QdEma,minbias,0,test,49.829205,50.93044662475586,0.02210033403440259,1,30mm,2.7218313
SubNetW8CleanAuxExDnRcK9Rr01QdEma,minbias,0,test,43.833183,53.456703186035156,0.21954873398322072,1,30mm,3.5732164
SubNetW8CleanAuxExDnRcK9Rr01QdEma,minbias,0,test,12.85892,12.353991508483887,-0.03926679573747427,3,60mm,2.5057783
SubNetW8CleanAuxExDnRcK9Rr01QdEma,minbias,0,test,16.546587,16.311630249023438,-0.014199710276804778,2,40mm,2.1326048
SubNetW8CleanAuxExDnRcK9Rr01QdEma,minbias,0,test,5.2959805,5.279703617095947,-0.0030734321129402,4,120mm,1.1099904
SubNetW8CleanAuxExDnRcK9Rr01QdEma,minbias,0,test,17.180048,16.370441436767578,-0.047124813193042625,3,60mm,2.606272
SubNetW8CleanAuxExDnRcK9Rr01QdEma,minbias,0,test,23.289932,23.092958450317383,-0.008457465592280555,3,60mm,3.1592543
SubNetW8CleanAuxExDnRcK9Rr01QdEma,minbias,0,test,20.4112,19.668441772460938,-0.03638971804203717,3,60mm,3.7538223
SubNetW8CleanAuxExDnRcK9Rr01QdEma,minbias,0,test,60.22277,60.959632873535156,0.012235607464807563,0,15mm,1.8763822
SubNetW8CleanAuxExDnRcK9Rr01QdEma,minbias,0,test,11.017131,10.378558158874512,-0.057961796175808766,3,60mm,2.0104702
SubNetW8CleanAuxExDnRcK9Rr01QdEma,minbias,0,test,80.576004,78.44496154785156,-0.02644760690440473,0,15mm,1.8353287
SubNetW8CleanAuxExDnRcK9Rr01QdEma,minbias,0,test,19.541801,23.929767608642578,0.22454256157708552,1,30mm,1.3849844
SubNetW8CleanAuxExDnRcK9Rr01QdEma,minbias,0,test,56.72485,58.1956901550293,0.025929384773275332,1,30mm,4.9647355
SubNetW8CleanAuxExDnRcK9Rr01QdEma,minbias,0,test,72.47035,71.89581298828125,-0.007927920416337386,0,15mm,2.106887
SubNetW8CleanAuxExDnRcK9Rr01QdEma,minbias,0,test,17.204823,16.917335510253906,-0.016709677147565882,2,40mm,1.1314778
SubNetW8CleanAuxExDnRcK9Rr01QdEma,minbias,0,test,14.077234,14.19455337524414,0.008333959982521622,3,60mm,2.4848652
SubNetW8CleanAuxExDnRcK9Rr01QdEma,minbias,0,test,57.962025,60.0238151550293,0.03557140174763096,2,40mm,4.611533
SubNetW8CleanAuxExDnRcK9Rr01QdEma,minbias,0,test,48.62866,49.60526657104492,0.02008297803425263,2,40mm,3.5032454
SubNetW8CleanAuxExDnRcK9Rr01QdEma,minbias,0,test,21.227505,22.1723690032959,0.04451132081134124,1,30mm,1.2622004
SubNetW8CleanAuxExDnRcK9Rr01QdEma,minbias,0,test,21.76834,21.18918800354004,-0.026605206276172688,4,120mm,4.442755
SubNetW8CleanAuxExDnRcK9Rr01QdEma,minbias,0,test,10.482648,10.612152099609375,0.012354149932682024,1,30mm,0.7727839
SubNetW8CleanAuxExDnRcK9Rr01QdEma,minbias,0,test,23.57983,23.029891967773438,-0.02332239875974529,2,40mm,2.4403024
SubNetW8CleanAuxExDnRcK9Rr01QdEma,minbias,0,test,20.936195,21.332550048828125,0.018931552186123968,3,60mm,3.202999
SubNetW8CleanAuxExDnRcK9Rr01QdEma,minbias,0,test,20.94712,20.329559326171875,-0.029481920220164715,3,60mm,3.8516731
SubNetW8CleanAuxExDnRcK9Rr01QdEma,minbias,0,test,19.444527,19.63103675842285,0.009591906720190835,3,60mm,3.696139
SubNetW8CleanAuxExDnRcK9Rr01QdEma,minbias,0,test,15.099877,14.832785606384277,-0.017688339102057138,3,60mm,2.7565203
SubNetW8CleanAuxExDnRcK9Rr01QdEma,minbias,0,test,30.11499,28.92354393005371,-0.039563230638584246,2,40mm,3.6523201
SubNetW8CleanAuxExDnRcK9Rr01QdEma,minbias,0,test,7.5001087,7.729837417602539,0.030630049155476513,3,60mm,1.714493
SubNetW8CleanAuxExDnRcK9Rr01QdEma,minbias,0,test,6.217668,6.321841239929199,0.016754381625834647,3,60mm,1.3368372
SubNetW8CleanAuxExDnRcK9Rr01QdEma,minbias,0,test,24.911936,27.254642486572266,0.09403952781974523,3,60mm,2.5023892
SubNetW8CleanAuxExDnRcK9Rr01QdEma,minbias,0,test,29.085377,30.32394027709961,0.04258371994595889,1,30mm,1.5066212
SubNetW8CleanAuxExDnRcK9Rr01QdEma,minbias,0,test,95.284065,95.96622467041016,0.007159218302271064,0,15mm,3.382165
SubNetW8CleanAuxExDnRcK9Rr01QdEma,minbias,0,test,53.28322,47.24922561645508,-0.11324377450086187,2,40mm,3.3138657
SubNetW8CleanAuxExDnRcK9Rr01QdEma,minbias,0,test,29.736689,28.520553588867188,-0.04089678715794509,2,40mm,2.7220104
SubNetW8CleanAuxExDnRcK9Rr01QdEma,minbias,0,test,15.006657,14.689529418945312,-0.021132437107657664,3,60mm,2.7404988
SubNetW8CleanAuxExDnRcK9Rr01QdEma,minbias,0,test,78.02366,76.21556854248047,-0.02317361475828461,1,30mm,3.9749458
SubNetW8CleanAuxExDnRcK9Rr01QdEma,minbias,0,test,40.55101,40.44581985473633,-0.002594023595407946,1,30mm,2.6304212
SubNetW8CleanAuxExDnRcK9Rr01QdEma,minbias,0,test,11.52322,10.812042236328125,-0.061716935204352064,1,30mm,0.6228889
SubNetW8CleanAuxExDnRcK9Rr01QdEma,minbias,0,test,8.459765,8.4214506149292,-0.0045290640306347996,2,40mm,0.9238078
SubNetW8CleanAuxExDnRcK9Rr01QdEma,minbias,0,test,17.496946,17.475568771362305,-0.0012217882519304224,3,60mm,2.6595724
SubNetW8CleanAuxExDnRcK9Rr01QdEma,minbias,0,test,4.145993,4.3689069747924805,0.053766065102524685,3,60mm,0.9800835
SubNetW8CleanAuxExDnRcK9Rr01QdEma,minbias,0,test,7.859145,7.656866550445557,-0.025737991831242923,3,60mm,1.739731
SubNetW8CleanAuxExDnRcK9Rr01QdEma,minbias,0,test,16.89941,15.31113338470459,-0.09398415919896685,1,30mm,1.4433281
SubNetW8CleanAuxExDnRcK9Rr01QdEma,minbias,0,test,61.870396,61.029693603515625,-0.013588115089796515,1,30mm,2.1705267
SubNetW8CleanAuxExDnRcK9Rr01QdEma,minbias,0,test,59.583447,60.38956069946289,0.01352916361998302,1,30mm,2.991534
SubNetW8CleanAuxExDnRcK9Rr01QdEma,minbias,0,test,8.71221,8.389161109924316,-0.03707998345778307,3,60mm,1.0831096
SubNetW8CleanAuxExDnRcK9Rr01QdEma,minbias,0,test,20.003613,22.775842666625977,0.13858647510682554,2,40mm,1.8254095
SubNetW8CleanAuxExDnRcK9Rr01QdEma,minbias,0,test,16.048985,14.578749656677246,-0.09160921480006035,2,40mm,1.7088914
SubNetW8CleanAuxExDnRcK9Rr01QdEma,minbias,0,test,34.604496,32.36114501953125,-0.06482830966599173,1,30mm,2.1555657
SubNetW8CleanAuxExDnRcK9Rr01QdEma,minbias,0,test,11.980395,11.240104675292969,-0.061791837597329535,2,40mm,1.5853052
SubNetW8CleanAuxExDnRcK9Rr01QdEma,minbias,0,test,28.805101,28.652366638183594,-0.005302350940450951,3,60mm,4.047066
SubNetW8CleanAuxExDnRcK9Rr01QdEma,minbias,0,test,21.224056,21.38127899169922,0.007407761551138314,2,40mm,3.4566824
SubNetW8CleanAuxExDnRcK9Rr01QdEma,minbias,0,test,63.678635,67.7826156616211,0.06444831992769173,1,30mm,4.3935165
SubNetW8CleanAuxExDnRcK9Rr01QdEma,minbias,0,test,28.698418,19.062314987182617,-0.3357712187951857,1,30mm,1.9985974
SubNetW8CleanAuxExDnRcK9Rr01QdEma,minbias,0,test,5.9187107,6.114041805267334,0.033002305107554974,3,60mm,1.0952704
SubNetW8CleanAuxExDnRcK9Rr01QdEma,minbias,0,test,54.605247,54.59950637817383,-0.00010513860201843972,2,40mm,4.464326
SubNetW8CleanAuxExDnRcK9Rr01QdEma,minbias,0,test,19.722607,19.56723976135254,-0.007877604632581248,2,40mm,1.8901681
SubNetW8CleanAuxExDnRcK9Rr01QdEma,minbias,0,test,22.742025,26.22097396850586,0.15297443986268644,0,15mm,0.7759848
SubNetW8CleanAuxExDnRcK9Rr01QdEma,minbias,0,test,24.41856,24.82948875427246,0.016828540492306088,3,60mm,4.7311726
SubNetW8CleanAuxExDnRcK9Rr01QdEma,minbias,0,test,25.102617,24.2651424407959,-0.033362052020207256,3,60mm,4.4075594
SubNetW8CleanAuxExDnRcK9Rr01QdEma,minbias,0,test,7.52402,7.4860663414001465,-0.005044358284998052,2,40mm,0.64945185
SubNetW8CleanAuxExDnRcK9Rr01QdEma,minbias,0,test,35.10734,35.96299362182617,0.024372447824822174,3,60mm,4.4742236
SubNetW8CleanAuxExDnRcK9Rr01QdEma,minbias,0,test,5.320361,5.046733856201172,-0.0514302082364263,2,40mm,0.96413374
SubNetW8CleanAuxExDnRcK9Rr01QdEma,minbias,0,test,22.59924,22.558269500732422,-0.0018128861772492844,4,120mm,4.922282
SubNetW8CleanAuxExDnRcK9Rr01QdEma,minbias,0,test,19.061157,20.799903869628906,0.09121936419701693,2,40mm,2.864763
SubNetW8CleanAuxExDnRcK9Rr01QdEma,minbias,0,test,12.689034,12.68724250793457,-0.0001412206772625213,3,60mm,2.0443516
SubNetW8CleanAuxExDnRcK9Rr01QdEma,minbias,0,test,37.75153,37.81226348876953,0.0016087770656960654,2,40mm,4.4737105
SubNetW8CleanAuxExDnRcK9Rr01QdEma,minbias,0,test,12.815959,13.25833511352539,0.03451759931367371,3,60mm,2.45868
SubNetW8CleanAuxExDnRcK9Rr01QdEma,minbias,0,test,45.20784,43.937232971191406,-0.0281058992331763,2,40mm,4.4921093
SubNetW8CleanAuxExDnRcK9Rr01QdEma,minbias,0,test,41.72069,41.25614929199219,-0.011134580233447933,3,60mm,4.573233
SubNetW8CleanAuxExDnRcK9Rr01QdEma,minbias,0,test,13.250623,12.78182601928711,-0.0353792224644881,3,60mm,2.6738243
SubNetW8CleanAuxExDnRcK9Rr01QdEma,minbias,0,test,31.85121,31.08780288696289,-0.023967904583732658,3,60mm,4.40033
SubNetW8CleanAuxExDnRcK9Rr01QdEma,minbias,0,test,58.287956,72.25699615478516,0.23965568221338462,0,15mm,1.4089108
SubNetW8CleanAuxExDnRcK9Rr01QdEma,minbias,0,test,25.802761,25.957279205322266,0.005988433833690188,1,30mm,1.7678521
SubNetW8CleanAuxExDnRcK9Rr01QdEma,minbias,0,test,18.702303,18.425756454467773,-0.014786760714231462,3,60mm,3.7236164
SubNetW8CleanAuxExDnRcK9Rr01QdEma,minbias,0,test,20.899092,20.0438289642334,-0.04092344144819504,3,60mm,4.0689707
SubNetW8CleanAuxExDnRcK9Rr01QdEma,minbias,0,test,8.995995,8.770063400268555,-0.025114640287739243,3,60mm,1.5873716
SubNetW8CleanAuxExDnRcK9Rr01QdEma,minbias,0,test,11.299328,11.46928596496582,0.015041435815926096,3,60mm,1.4358238
SubNetW8CleanAuxExDnRcK9Rr01QdEma,minbias,0,test,52.78527,53.3079948425293,0.009902841167039211,1,30mm,2.3930154
SubNetW8CleanAuxExDnRcK9Rr01QdEma,minbias,0,test,10.069496,10.018234252929688,-0.005090811006577378,4,120mm,2.092971
SubNetW8CleanAuxExDnRcK9Rr01QdEma,minbias,0,test,6.720509,6.242308616638184,-0.07115538896215523,3,60mm,0.8593444
SubNetW8CleanAuxExDnRcK9Rr01QdEma,minbias,0,test,29.750235,29.74965476989746,-1.9490064266602936e-05,2,40mm,4.861329
SubNetW8CleanAuxExDnRcK9Rr01QdEma,minbias,0,test,64.95798,62.236778259277344,-0.041891683654030065,1,30mm,4.6528187
SubNetW8CleanAuxExDnRcK9Rr01QdEma,minbias,0,test,35.99817,35.78543472290039,-0.005909584532904688,3,60mm,4.307126
SubNetW8CleanAuxExDnRcK9Rr01QdEma,minbias,0,test,9.797359,9.556312561035156,-0.024603252166105483,3,60mm,2.1722138
SubNetW8CleanAuxExDnRcK9Rr01QdEma,minbias,0,test,19.022602,18.551204681396484,-0.024780910513066745,0,15mm,0.54481995
SubNetW8CleanAuxExDnRcK9Rr01QdEma,minbias,0,test,37.69287,40.39972686767578,0.07181346751732631,2,40mm,4.4976087
SubNetW8CleanAuxExDnRcK9Rr01QdEma,minbias,0,test,51.266716,49.992835998535156,-0.024848090616880647,2,40mm,4.4686875
SubNetW8CleanAuxExDnRcK9Rr01QdEma,minbias,0,test,85.329704,82.97750091552734,-0.02756605555895808,0,15mm,4.0688944
SubNetW8CleanAuxExDnRcK9Rr01QdEma,minbias,0,test,17.92973,19.971839904785156,0.1138952178548398,1,30mm,1.12094
